date,SMALL LoBM LoINV,ME1 BM1 INV2,ME1 BM1 INV3,SMALL LoBM HiINV,ME1 BM2 INV1,ME1 BM2 INV2,ME1 BM2 INV3,ME1 BM2 INV4,ME1 BM3 INV1,ME1 BM3 INV2,ME1 BM3 INV3,ME1 BM3 INV4,SMALL HiBM LoINV,ME1 BM4 INV2,ME1 BM4 INV3,SMALL HiBM HiINV,BIG LoBM LoINV,ME2 BM1 INV2,ME2 BM1 INV3,BIG LoBM HiINV,ME2 BM2 INV1,ME2 BM2 INV2,ME2 BM2 INV3,ME2 BM2 INV4,ME2 BM3 INV1,ME2 BM3 INV2,ME2 BM3 INV3,ME2 BM3 INV4,BIG HiBM LoINV,ME2 BM4 INV2,ME2 BM4 INV3,BIG HiBM HiINV
1971-07-31,0.953499,0.957619,0.963503,0.932856,0.929742,0.96461,0.945243,0.946797,0.940937,0.94505,0.956863,0.936168,0.929895,0.970532,0.939794,0.887721,0.903164,0.986154,0.952022,0.952801,0.985301,0.974829,0.942839,0.9298649999999999,0.951019,0.970819,0.965813,0.97096,0.94066,0.97429,0.960569,0.936687
1971-08-31,1.012788,1.024555,1.047159,1.043699,1.043401,1.037032,1.023432,1.048811,1.088076,1.047314,1.052159,1.011982,1.068294,1.082262,1.087339,1.051025,1.114889,1.067179,1.049071,1.02974,1.072878,1.037903,1.027251,1.07582,1.05742,0.989098,0.987045,1.0228410000000001,1.084381,1.054131,1.010504,1.074097
1971-09-30,0.969085,0.985752,1.012546,1.010112,0.978093,1.004498,0.980548,1.010875,1.000662,0.991379,0.994169,1.002067,0.976496,0.962425,0.942991,0.97821,0.998593,1.014808,0.999206,1.008078,0.998781,0.997,1.004023,0.995147,0.988876,0.976894,0.992166,0.98538,0.970638,0.98538,0.993348,0.962115
1971-10-31,0.928864,0.921129,0.944009,0.945775,0.96504,0.950526,0.963417,0.982665,0.940609,0.956618,0.956868,0.934982,0.931689,0.919875,0.918278,0.909842,0.937246,0.967879,0.984182,0.952094,0.94821,0.955239,0.965209,0.924362,0.942078,0.958219,0.979871,0.986827,0.9356949999999999,0.968421,0.978321,0.991945
1971-11-30,0.985519,0.955409,0.974011,0.969396,0.969981,0.988391,0.993149,0.973736,0.967241,0.959445,0.971022,0.967009,0.967025,0.96267,0.935345,0.945025,1.016093,1.013886,1.014024,1.006763,1.002223,0.990698,0.999462,1.00199,0.98183,0.9941720000000001,1.006748,0.992442,0.9922,0.982576,0.992333,1.016456
1971-12-31,1.101894,1.138447,1.120531,1.14161,1.135222,1.096879,1.087236,1.100061,1.126562,1.101253,1.10694,1.111776,1.137599,1.121878,1.127722,1.143426,1.067357,1.085892,1.100033,1.10251,1.048338,1.0993,1.106024,1.107548,1.11112,1.097482,1.0732599999999999,1.087258,1.094441,1.084319,1.075488,1.085557
1972-01-31,1.117275,1.069714,1.066682,1.086967,1.118047,1.047196,1.06521,1.072977,1.103547,1.07031,1.068172,1.058058,1.149667,1.09933,1.141693,1.125395,1.015615,1.014519,1.039761,1.037188,1.024842,1.00738,1.003396,1.026732,0.968625,0.988338,1.016479,1.013849,1.041758,1.036,1.006573,1.045961
1972-02-29,1.058822,1.054345,1.039904,1.041586,1.039641,1.033589,1.019207,1.029197,1.017444,1.0202,1.008888,1.010021,1.068192,1.025778,1.01494,1.043666,1.014478,1.09385,1.031307,1.062761,1.014186,1.025487,1.032477,1.029888,1.035402,1.011706,1.006883,1.005855,1.018173,0.999528,0.995668,1.035498
1972-03-31,0.97918,1.029441,0.99638,1.020843,0.999517,1.002947,1.006699,0.982146,0.988056,0.989344,0.995691,1.009921,0.993684,1.001391,1.011054,0.968962,1.025784,1.029048,1.016602,1.012153,1.03957,1.024494,1.015011,1.004611,0.983721,0.987395,0.974965,0.980128,0.996295,1.004615,0.991947,0.98856
1972-04-30,0.989867,0.986238,1.011158,1.0116,1.02502,1.014465,0.997662,0.996931,1.024642,1.003839,1.016547,1.012172,1.015659,1.003533,0.998454,0.996409,1.028928,1.015019,1.01166,1.010501,0.970496,1.010907,1.001851,1.019285,1.003462,1.000111,0.995177,1.007039,1.009595,1.008463,0.996802,0.999247
1972-05-31,0.9613160000000001,0.986919,0.987015,0.984637,0.972046,0.998014,0.985816,0.983955,0.990844,0.988296,0.971526,0.974255,0.991463,0.959436,0.947844,0.956208,1.03348,1.028862,1.037622,1.058045,0.982489,1.003191,1.006535,1.011679,0.98863,1.012372,1.035343,0.974992,0.990936,0.996366,1.004397,1.034607
1972-06-30,0.968346,0.964201,0.962392,0.968303,0.97366,0.989155,0.965865,0.961535,0.96968,0.964576,0.97044,0.963686,1.006716,0.95213,0.951887,0.932581,0.961659,0.991418,0.996367,0.991517,0.988049,0.984316,0.973449,0.978789,0.949393,0.96609,0.980659,0.980331,0.957927,0.970823,0.963039,0.916105
1972-07-31,0.951661,0.955574,0.95483,0.953119,0.952145,0.970352,0.973061,0.960261,0.984139,0.970741,0.981748,0.991046,0.977046,0.973033,0.97829,0.95856,1.025497,1.020446,1.012703,1.01115,0.995844,0.95065,1.004087,0.976289,0.980713,0.994879,0.997773,1.008012,0.981264,1.004965,0.984137,0.987883
1972-08-31,1.016171,0.996524,1.012543,0.989433,1.021068,1.024978,1.012592,1.017707,1.017118,0.994532,1.022915,1.023751,1.025259,1.045435,1.057457,1.026212,1.025081,0.978266,1.02187,0.998414,1.051727,1.033296,1.039993,1.062493,1.072707,1.075416,1.050979,1.036843,1.087145,1.083568,1.083461,1.028598
1972-09-30,0.949898,0.972164,0.973499,0.965096,0.955374,0.971707,0.995903,0.967659,0.954311,0.977963,0.971959,0.986351,0.971216,0.955362,0.95386,0.975732,0.986841,1.023724,0.999913,0.995655,0.973741,0.951213,0.974822,0.985792,0.961509,0.990887,0.998556,1.006089,0.976006,0.988531,1.034992,0.983305
1972-10-31,0.976404,1.004805,0.966929,0.966357,0.975626,1.02711,1.010482,0.994644,0.987102,0.978304,1.018546,0.976994,0.990528,0.982746,0.990765,0.970193,1.009051,1.020264,0.987557,1.023074,1.00881,1.010329,1.020724,0.981895,1.003021,1.031867,1.006122,1.038454,1.005448,1.014032,1.031602,1.00675
1972-11-30,1.040388,1.042745,1.037127,1.034114,1.0537,1.071401,1.068736,1.053423,1.055707,1.063262,1.0789360000000001,1.05426,1.081518,1.06034,1.057857,1.037779,1.019572,1.015485,1.02383,1.004612,1.049724,1.069048,1.055183,1.08708,1.07335,1.065663,1.070064,1.051567,1.109454,1.101343,1.061788,1.09886
1972-12-31,0.996604,0.992382,0.998048,0.986444,0.968065,0.990891,0.993782,0.984343,0.98285,0.968643,0.974119,0.980733,0.981695,1.000696,0.975279,0.945036,0.991137,1.039585,1.038889,1.032069,0.993371,0.987906,1.015798,1.002347,0.994483,1.002847,0.980854,0.993306,0.970061,1.003745,1.006012,0.9617290000000001
1973-01-31,0.951176,0.938459,0.947324,0.916458,0.946722,0.952027,0.9329000000000001,0.955568,0.976571,0.960966,0.979285,0.958107,0.95799,0.952546,0.940416,0.949104,0.924939,0.973658,1.007079,0.964029,0.987222,0.937512,0.948781,0.948783,0.939077,1.008933,0.954755,0.941197,0.980604,0.976066,1.02425,0.950602
1973-02-28,0.895273,0.9081859999999999,0.918272,0.882549,0.909417,0.908536,0.931913,0.924476,0.922118,0.943898,0.957668,0.941252,0.93247,0.95092,0.940754,0.939439,0.931319,0.974676,0.980841,0.967984,0.95685,0.939953,0.980909,0.957379,0.940696,0.945343,0.962031,0.949895,0.968058,0.925801,0.94206,0.969548
1973-03-31,0.99118,0.95986,0.957264,0.9642850000000001,0.957864,0.973504,0.963677,0.980038,0.98221,0.982569,0.976062,0.978486,1.012552,0.980752,0.993587,0.9839,0.96839,0.978025,0.99544,0.986346,0.966322,0.973815,1.00033,0.984608,1.005671,1.03332,0.98664,0.983846,1.003582,1.014687,1.022235,0.993558
1973-04-30,0.923477,0.907906,0.92365,0.879885,0.925536,0.959702,0.945024,0.939002,0.936855,0.955491,0.971265,0.938457,0.944695,0.970356,0.947842,0.959303,0.938406,0.961154,0.936112,0.919382,0.96243,0.924338,0.945725,0.970194,0.960387,0.986217,0.968011,0.979556,0.969727,0.963811,1.010576,0.961609
1973-05-31,0.931949,0.905591,0.897718,0.896832,0.879285,0.9221630000000001,0.934563,0.936667,0.895312,0.921765,0.964957,0.942782,0.905476,0.9354979999999999,0.912713,0.900866,0.95715,1.00042,0.996352,1.006992,0.941652,0.9655,1.002305,0.955167,0.982468,0.989372,0.986708,0.995599,0.982717,0.954793,0.958509,0.968816
1973-06-30,0.969953,0.968301,0.970324,0.943462,0.969936,0.978051,0.968331,0.955479,0.978012,0.970154,0.976626,0.962658,0.97655,0.971817,0.978455,0.955249,0.9691,1.000004,0.998572,0.984241,0.965495,0.971405,1.001488,0.985567,0.975878,1.011295,1.008153,0.978826,0.988024,0.978935,0.998688,0.971031
1973-07-31,1.131726,1.124345,1.138984,1.195314,1.13441,1.077558,1.109039,1.108967,1.076179,1.082437,1.074985,1.060057,1.096603,1.104805,1.090898,1.117988,1.086073,1.07492,1.031024,1.090584,1.054333,1.069261,1.081299,1.093541,1.083319,0.98348,1.033099,1.032389,1.058208,1.034634,1.004614,1.038832
1973-08-31,0.943813,0.967263,0.967568,0.960942,0.928117,0.940016,0.943354,0.955205,0.947036,0.959938,0.952304,0.9304330000000001,0.97285,0.980553,0.951092,0.963626,1.004672,0.949623,0.970889,0.957883,0.976971,0.965333,0.966176,0.988968,0.994682,0.958153,0.975729,0.979929,0.993129,0.984706,0.971731,0.966047
1973-09-30,1.117068,1.113108,1.105491,1.113931,1.087036,1.095487,1.078937,1.108546,1.098113,1.070816,1.091474,1.090667,1.087184,1.089863,1.061482,1.083052,1.064004,1.03827,0.963751,1.035005,1.062706,1.11523,1.102908,1.062371,1.10676,1.081812,1.083653,1.124584,1.114403,1.089687,1.077838,1.098309
1973-10-31,0.989362,0.99922,1.001706,0.967439,1.047836,1.008802,1.01258,1.001503,0.964782,1.02025,1.009065,1.001395,1.020576,1.010877,1.002227,0.974327,1.014715,0.99191,1.019925,0.9835,1.00186,0.986765,0.966236,1.021941,1.04763,1.004282,0.986395,0.979362,1.024774,1.003363,0.945224,0.970733
1973-11-30,0.79397,0.817569,0.802748,0.771633,0.80328,0.823438,0.80762,0.807731,0.840305,0.842874,0.837569,0.856424,0.8232,0.861346,0.8295399999999999,0.778542,0.886049,0.894439,0.89873,0.858974,0.855534,0.863986,0.82831,0.8663339999999999,0.843256,0.898526,0.898598,0.884376,0.8998889999999999,0.877652,0.934028,0.860683
1973-12-31,0.973147,0.969633,0.959669,0.977992,0.991589,0.971658,0.982111,0.998884,0.960905,0.998177,0.995912,0.987525,0.992263,0.98274,0.93497,0.946123,1.014879,0.983681,0.964342,0.998404,1.013674,1.001683,0.988377,1.02251,1.056603,1.079189,1.068602,1.041285,1.095583,1.044439,1.043113,1.052474
1974-01-31,1.151884,1.095236,1.0732140000000001,1.062107,1.1486,1.111594,1.118952,1.087154,1.161084,1.105242,1.107286,1.080487,1.172257,1.137193,1.188279,1.160339,0.9630879999999999,1.019268,0.978449,0.972554,1.012665,1.005019,1.031032,0.987889,1.005474,0.961213,0.991883,1.029621,1.015888,1.054552,1.033597,1.045075
1974-02-28,1.003814,0.985757,1.011275,0.99113,1.010014,0.997128,1.002406,0.99837,1.020376,1.008591,1.010622,1.012488,1.040116,1.029886,1.030694,0.992734,1.031936,0.982424,0.977731,0.985473,1.016651,1.018058,0.992508,1.021182,1.042777,0.977293,1.017564,1.016236,1.020005,1.024189,1.039444,1.020407
1974-03-31,0.988563,0.999463,1.008897,0.990804,0.962603,1.009772,1.006448,0.999705,0.981656,1.001396,0.987787,1.008459,1.025955,0.997287,0.995072,1.007077,1.0156,0.967575,0.996998,0.976867,0.977607,0.964522,0.959234,0.962857,0.970521,0.982455,0.958388,0.944573,0.966151,0.982336,0.960279,0.97964
1974-04-30,0.943164,0.945301,0.943685,0.932709,0.959382,0.956018,0.949346,0.93925,0.948876,0.966648,0.945623,0.948509,0.982063,0.960903,0.964649,0.923922,1.001792,0.974286,0.963071,0.970882,0.953264,0.963125,0.930496,0.954764,0.9737,0.948285,0.913969,0.914195,0.985088,0.913476,0.934057,0.920978
1974-05-31,0.934285,0.9304060000000001,0.936567,0.9199930000000001,0.91808,0.9254910000000001,0.938146,0.909116,0.94199,0.931532,0.921627,0.925674,0.94441,0.917683,0.933073,0.900545,0.950157,0.997882,0.987274,1.004588,0.993757,0.927224,0.937431,0.913,0.958901,0.945313,0.932663,0.918988,0.927504,0.941953,0.974965,0.931337
1974-06-30,0.996841,0.992902,0.992106,0.953635,0.960728,0.984955,0.984611,0.963012,0.97787,0.990985,0.989878,0.964153,0.998099,0.996752,0.974605,0.981896,0.968645,1.003028,0.992081,0.968757,0.983156,0.979234,0.980822,0.901939,1.004847,0.988496,0.936021,0.920605,1.000965,0.95818,0.981123,0.933196
1974-07-31,0.944049,0.963395,0.955656,0.927715,0.95832,0.964021,0.95604,0.954444,0.95859,0.978003,0.958463,0.945755,0.973027,0.988697,0.981256,0.946564,0.869895,0.876071,0.898853,0.881563,0.928946,0.954645,0.985847,0.94046,0.992565,0.917548,1.014281,0.953901,0.975945,0.942692,0.987598,0.98734
1974-08-31,0.945793,0.910291,0.896636,0.899278,0.957332,0.940266,0.923037,0.915995,0.923094,0.8960859999999999,0.931737,0.925581,0.954154,0.936656,0.933801,0.922467,0.945464,0.8621030000000001,0.905861,0.90229,0.9204829999999999,0.915826,0.893216,0.876574,0.90888,0.98581,0.9125,0.916275,0.931271,0.939608,0.915163,0.881637
1974-09-30,0.924264,0.939117,0.925331,0.869265,0.952067,0.921758,0.917626,0.911956,0.949005,0.946253,0.937467,0.911772,0.916965,0.926011,0.909488,0.894692,0.83002,0.8720209999999999,0.8407519999999999,0.818321,0.89703,0.926432,0.922531,0.9212629999999999,0.932385,0.940624,0.9310309999999999,0.907939,0.943844,0.934856,0.945743,0.953618
1974-10-31,1.152811,1.115391,1.133903,1.122545,1.070648,1.07217,1.082881,1.058549,1.062466,1.077657,1.056172,1.108158,1.107497,1.077847,1.070243,1.104791,1.292042,1.166514,1.220896,1.256002,1.25572,1.194237,1.161305,1.0982210000000001,1.154367,1.102173,1.1107339999999999,1.1567479999999999,1.123413,1.0209,1.108052,1.051606
1974-11-30,0.991896,0.982903,0.957151,0.9357260000000001,0.974017,0.964053,0.960326,0.937975,0.962089,0.958949,0.948167,0.941389,0.964172,0.934544,0.918066,0.8883220000000001,0.980709,0.964309,0.942286,0.960026,0.994847,1.010818,0.952237,0.948332,0.981594,0.950821,0.962988,0.980065,0.973204,0.958048,0.952067,0.954408
1974-12-31,0.9304209999999999,0.976297,0.934393,0.9181,0.957241,0.960001,0.949477,0.917879,0.926604,0.941593,0.936433,0.908087,0.919142,0.943851,0.941509,0.885766,0.961491,0.969175,0.959045,0.9424399999999999,1.022251,0.991305,1.000227,0.928104,0.996488,1.013792,0.987756,0.96056,0.978493,0.997518,0.983136,0.917364
1975-01-31,1.266094,1.202701,1.251836,1.276253,1.237106,1.248377,1.245501,1.288805,1.293548,1.265217,1.2849140000000001,1.3027440000000001,1.305943,1.343037,1.29704,1.439676,1.048389,1.105925,1.100161,1.12653,1.072059,1.11349,1.119169,1.2185380000000001,1.146276,1.143027,1.219664,1.216549,1.1881650000000001,1.2139039999999999,1.265046,1.269509
1975-02-28,1.082491,1.054959,1.065652,1.053125,1.039297,1.02458,1.013977,1.038525,1.023796,1.055005,1.065655,1.014165,1.033581,1.009234,1.03904,1.039439,1.143179,1.080686,1.130021,1.073267,1.012718,1.016683,1.044064,1.029607,1.026837,1.037891,1.017669,1.004742,1.0267,1.003061,1.017234,1.038104
1975-03-31,1.050196,1.028783,1.077409,1.094621,1.058719,1.040222,1.065148,1.093684,1.07752,1.065358,1.080605,1.081044,1.06897,1.103907,1.089595,1.152072,1.033473,1.03648,1.019342,1.048217,1.050921,1.027201,1.009895,1.033721,1.031199,1.006008,0.975306,1.045004,1.062347,1.064505,1.054139,1.060203
1975-04-30,1.088297,1.063502,1.041904,1.050278,1.0256,1.038067,1.021406,1.041647,1.006557,1.033553,1.050049,1.029936,1.031945,1.036371,1.003446,1.060741,0.978307,1.03525,1.060607,1.077887,1.055551,1.041073,1.073656,1.059429,1.032224,1.016202,1.016213,1.03352,1.064042,1.026585,1.029031,1.065486
1975-05-31,1.114327,1.07748,1.091121,1.090678,1.078729,1.057039,1.054072,1.078311,1.070587,1.070115,1.08995,1.098884,1.046359,1.034428,1.084739,1.088906,1.098714,1.058304,1.045446,1.037295,1.094284,1.071408,1.088461,1.01991,1.0636079999999999,1.047207,1.0900050000000001,1.050083,1.01297,1.03666,1.0305010000000001,1.036802
1975-06-30,1.075054,1.087743,1.073346,1.068809,1.062692,1.063142,1.093168,1.078312,1.071084,1.054941,1.089843,1.042622,1.052072,1.083452,1.04172,1.062141,1.045587,1.069992,1.013372,1.026299,1.060231,1.069765,1.064072,1.137109,1.066848,1.058537,1.058658,1.063863,1.067907,1.070846,1.12452,1.114351
1975-07-31,0.991278,0.978485,0.97222,0.963869,0.981235,0.96441,0.993291,0.971539,0.990354,0.960833,0.973616,0.983579,0.989969,0.955186,0.973852,0.992932,0.930023,0.902006,0.9192089999999999,0.92024,0.970048,0.9537370000000001,0.952565,0.950131,0.939208,0.942749,0.969059,0.956471,0.942706,0.964259,0.932999,0.952821
1975-08-31,0.959932,0.960645,0.964936,0.951824,0.941061,0.952369,0.972528,0.950959,0.947278,0.961234,0.940995,0.935336,0.9060779999999999,0.92353,0.920458,0.931487,0.944899,0.989172,0.9639759999999999,0.973261,0.972069,0.968911,0.995008,0.992174,0.953955,0.987268,0.982592,0.978894,0.976094,1.012402,1.010381,0.9765
1975-09-30,0.966488,0.974757,0.957864,0.960678,0.949985,0.969061,0.96026,0.961257,0.968263,0.96374,0.968616,0.986115,0.951703,0.971542,0.935203,0.959645,0.952502,0.969536,0.958044,0.931944,0.982165,0.982916,0.971514,0.96994,0.952985,0.981215,0.954601,0.984561,0.955499,0.9672000000000001,0.95756,0.979749
1975-10-31,1.006423,1.023002,1.028289,1.019739,1.04076,1.03366,1.040475,1.030796,1.041233,1.031464,1.012552,1.019603,1.023371,1.010273,1.008048,1.023055,1.085586,1.103093,1.073026,1.050065,1.0913059999999999,1.060982,1.037664,1.027171,1.065537,1.052656,1.058709,1.03879,1.065498,1.058763,1.055994,1.054309
1975-11-30,0.995135,1.030013,1.027923,1.014185,1.014734,1.02627,1.021169,1.025152,1.039476,1.030235,1.049636,1.045788,1.033601,1.047907,1.030294,1.025153,1.0504,1.054555,1.022422,1.014329,1.031351,1.036909,1.0211,1.012744,1.056833,1.031651,1.043835,0.99971,1.043287,1.049506,1.045083,1.04843
1975-12-31,0.982379,0.987683,1.002341,0.97529,0.986966,1.008703,1.003551,0.989863,0.993585,1.001174,0.97714,0.978697,0.994389,0.976251,1.029764,1.004881,0.937036,0.968415,0.975391,0.979665,1.001399,1.000527,0.992999,1.005768,1.002753,1.008281,1.015885,0.998855,1.003966,1.010269,0.992011,1.004655
1976-01-31,1.184595,1.1464509999999999,1.157081,1.169486,1.207829,1.177769,1.1835900000000001,1.203259,1.228955,1.230349,1.221145,1.237938,1.287582,1.27326,1.246847,1.269855,1.120539,1.114908,1.074142,1.125459,1.110163,1.099288,1.144655,1.100089,1.16832,1.118446,1.130458,1.14715,1.187486,1.1790829999999999,1.158809,1.151406
1976-02-29,1.078388,1.046677,1.053735,1.069652,1.11374,1.066136,1.094199,1.08169,1.116712,1.085685,1.1046529999999999,1.093883,1.170649,1.151092,1.146026,1.141083,1.006629,0.980113,0.961506,0.97726,1.029912,1.022214,1.001504,0.992428,1.034735,1.013348,1.02138,0.990416,1.035976,1.026847,1.016859,1.019261
1976-03-31,1.016948,1.02749,1.01074,1.008023,1.010891,1.024396,1.010291,1.024178,1.020646,1.018733,1.01609,0.980041,1.046334,1.017048,1.030828,1.015783,0.995263,1.041633,1.029593,1.028064,1.051171,1.018393,1.011174,1.03059,1.00983,1.012125,1.030869,1.061006,1.016569,1.020756,1.020934,1.023947
1976-04-30,0.985391,0.989624,0.989053,0.990315,0.968007,0.99936,0.987485,0.989303,0.993247,0.988208,0.999024,0.991039,0.969084,0.979908,1.005904,0.978585,0.99414,0.95864,0.984519,0.982075,0.990128,1.00187,0.999766,1.008107,0.972869,1.005653,0.996338,1.029091,0.975315,1.020678,0.978812,1.007941
1976-05-31,1.00782,0.978156,0.992538,0.985873,0.974274,0.97906,0.981793,0.980696,0.959057,0.95915,0.971116,0.992446,0.957942,0.964121,0.957975,0.928859,0.993827,0.977438,0.98894,0.986609,0.987267,0.982725,1.017103,1.039888,0.977077,0.984053,0.992722,0.997656,0.986433,0.968351,0.994129,0.989588
1976-06-30,1.036293,1.051135,1.031954,1.034038,1.019585,1.043251,1.038207,1.055187,1.038751,1.044603,1.032894,1.047772,1.047886,1.016657,1.039095,1.051804,1.05793,1.052124,1.036388,1.04256,1.042444,1.037592,1.047299,1.02596,1.077186,1.045283,1.055367,1.053403,1.070817,1.047472,1.075605,1.064511
1976-07-31,0.988481,0.990982,0.992809,0.990972,0.99736,1.03044,1.017143,1.0069379999999999,0.985141,1.00978,1.004793,1.014386,0.997896,1.030114,1.010939,0.995492,0.970054,0.981695,0.984448,0.986593,1.004101,1.009433,0.996077,0.974383,0.998947,0.99614,1.011194,1.003368,0.994168,1.005556,1.013254,0.978121
1976-08-31,0.972492,0.987075,0.976407,0.967946,0.972426,0.98784,0.988948,0.98574,0.961249,0.985596,0.999874,0.989751,0.967436,0.975804,1.012026,0.991717,0.967619,0.991491,1.014574,0.985457,0.995065,1.007129,0.987264,0.981921,1.003966,1.006223,1.029823,1.010137,0.978654,1.013829,0.990873,1.037669
1976-09-30,1.024113,1.022465,1.033713,1.039495,1.00509,1.021141,1.02647,1.027754,0.999277,1.025817,1.038836,1.021763,1.014623,1.0397129999999999,1.014886,1.018808,1.00062,0.992636,1.018544,1.021893,1.00945,1.046148,1.050699,1.043282,1.021105,1.028597,1.020786,1.051568,1.032748,1.030116,1.037965,1.042027
1976-10-31,0.985406,0.968909,0.981183,0.973997,0.975742,0.988204,0.997708,0.976659,0.987541,0.98637,0.972761,0.988162,0.963492,0.976337,0.975737,0.980279,0.958372,0.98403,0.974881,0.97381,0.968395,0.979061,0.987471,0.980877,0.973367,0.974736,1.004923,0.992574,0.963125,0.976121,0.993932,0.974777
1976-11-30,1.019071,1.0229,1.035368,1.035791,1.039451,1.0370219999999999,1.031332,1.041031,1.030796,1.042789,1.043106,1.044447,1.032307,1.019789,1.04775,1.048301,0.975403,0.987172,0.988176,0.985529,1.029742,1.012254,1.00186,0.999023,1.035782,1.021909,1.024343,1.032861,1.003349,1.028846,1.028214,1.071184
1976-12-31,1.099965,1.107545,1.106805,1.088878,1.122022,1.090023,1.100994,1.081481,1.098544,1.094731,1.089205,1.082325,1.132006,1.108598,1.103089,1.097424,1.072037,1.049469,1.033976,1.031571,1.050341,1.073313,1.078543,1.050247,1.083452,1.061819,1.057731,1.054663,1.085753,1.076601,1.067564,1.076854
1977-01-31,1.019248,1.002928,1.018354,1.015054,1.032213,1.011862,1.020371,1.013279,1.027748,1.032329,1.014787,1.029843,1.063342,1.046576,1.025744,1.026773,0.9224019999999999,0.914264,0.93372,0.910773,0.963254,0.974535,0.954911,0.952807,0.969739,0.968954,0.990566,0.956489,1.009535,0.996017,0.998262,1.020941
1977-02-28,0.981956,0.975193,0.997328,0.986493,0.990029,1.006808,0.987673,0.992621,1.002571,0.994733,1.016927,1.011739,0.995505,0.981529,0.997498,0.971131,0.963942,0.982654,0.999474,0.968876,0.990941,0.973786,0.970446,0.980955,0.982134,0.989281,0.995517,0.985956,0.964269,0.995193,0.973654,0.996186
1977-03-31,1.002903,1.011424,1.014432,0.999224,1.00058,1.021133,0.995413,1.013317,0.99836,0.997558,1.011565,1.012096,0.98295,1.006,0.995362,1.014444,0.992947,0.964804,0.984144,0.986219,1.005606,0.976479,0.9787,0.993336,0.99084,0.997005,0.994024,0.985472,0.985977,1.011297,1.030969,1.010617
1977-04-30,1.031953,1.00763,0.9953,1.009741,1.002863,1.030284,1.017832,1.012896,1.030863,1.029602,1.027255,1.007795,1.016845,1.014458,1.023224,1.042938,0.967352,0.994532,0.955987,0.980357,1.015883,1.022576,1.018658,1.028733,1.017802,1.008494,1.01749,1.037401,1.021901,1.028073,1.050308,1.015497
1977-05-31,0.975382,1.009714,0.984322,0.997928,0.997005,1.000199,1.002155,1.00365,1.009808,1.002464,1.006876,1.023969,0.996148,0.999804,1.026844,1.008268,0.983315,0.968561,0.965537,0.9899249999999999,0.997261,0.999658,0.983572,0.972791,0.998541,0.988052,1.016867,0.986009,0.980212,0.991621,1.000294,0.996586
1977-06-30,1.091885,1.073993,1.054062,1.07756,1.075301,1.049393,1.049514,1.068001,1.051858,1.063062,1.062263,1.050618,1.092552,1.081724,1.069032,1.078467,1.046773,1.039766,1.075723,1.068914,1.0290569999999999,1.04526,1.051242,1.042106,1.028895,1.032088,1.024719,1.032565,1.058968,1.045125,1.053128,1.064067
1977-07-31,0.987532,1.009657,1.00171,1.000346,1.007754,0.999637,1.004333,0.991456,0.983913,0.991185,1.013109,1.020028,0.999923,1.011926,0.995191,1.021199,1.002088,0.981013,0.998254,0.974418,0.994531,0.976263,0.973815,0.958268,1.000903,0.989219,0.974971,0.984063,0.987033,0.988528,0.984155,0.996257
1977-08-31,0.993912,1.005053,0.996948,1.006913,0.968439,0.991936,0.999677,1.00731,0.976821,0.988164,0.99488,0.987808,0.973931,0.974193,0.964852,0.979184,1.047815,1.026439,1.013179,0.995973,0.97478,0.971356,0.979142,0.975742,0.975926,0.967406,0.967176,0.98,0.956463,0.968256,0.964159,0.930449
1977-09-30,1.032296,1.02844,1.012895,1.010838,1.022543,1.000157,1.028813,1.021709,1.000177,1.014344,1.00683,1.011423,1.006397,1.006683,1.002001,1.022525,0.985978,0.979473,0.993969,0.991961,1.001093,0.993888,1.003224,0.997817,0.993834,1.026889,0.997265,1.01148,0.998468,0.991658,1.00931,1.02316
1977-10-31,0.9252549999999999,0.978997,0.987904,0.962279,0.956285,0.986505,0.987541,0.968903,0.975412,0.992486,0.994688,0.992941,0.945872,0.976495,0.978687,0.995079,0.945729,0.943521,0.960747,0.950715,0.954018,0.972289,0.95241,0.966554,0.961265,0.950591,0.977117,0.955917,0.961751,0.976748,0.970699,0.967869
1977-11-30,1.082633,1.10652,1.081911,1.080896,1.075948,1.062444,1.072352,1.072956,1.086737,1.066711,1.066563,1.06567,1.099829,1.092904,1.095911,1.080513,1.048894,1.032536,1.045263,1.039953,1.063523,1.02829,1.030106,1.046482,1.046283,1.031804,1.045909,1.058072,1.043619,1.045898,1.032969,1.065102
1977-12-31,1.022088,1.033004,1.011975,1.033124,1.033036,1.013334,1.012061,1.009996,1.02803,1.015987,1.008276,1.016729,1.005012,1.007905,1.030139,1.0325280000000001,0.970136,0.990965,1.010285,0.99782,1.000643,1.018443,1.010548,0.992108,1.015599,1.013649,1.009808,0.990119,1.010069,1.002756,1.008169,0.979603
1978-01-31,0.976887,0.953848,0.95388,0.94561,0.981272,0.975551,0.971478,0.977717,1.005571,0.974331,0.975115,0.979277,1.004377,0.993521,0.990111,1.011361,0.923598,0.960928,0.944049,0.923972,0.961677,0.935216,0.925534,0.92138,0.950107,0.940437,0.949377,0.921953,0.958645,0.959859,0.952254,0.949397
1978-02-28,1.046171,1.04759,1.006044,1.015087,1.050921,1.014687,1.015908,1.025913,1.03733,1.018166,1.027919,1.026187,1.038677,1.01542,1.00975,1.020715,0.962981,0.972286,0.969762,0.96339,1.002102,0.980225,0.995515,0.986568,1.00044,1.020853,0.980683,0.999998,0.985544,0.994595,0.986628,0.996223
1978-03-31,1.086461,1.059849,1.069167,1.061217,1.09513,1.051238,1.073501,1.054525,1.089737,1.063903,1.044707,1.060423,1.1147610000000001,1.068297,1.074613,1.072985,1.00151,1.009584,0.99878,1.041625,1.044427,1.032784,1.048234,1.035218,1.049471,1.032535,1.04397,1.049996,1.042272,1.036276,1.030584,1.045214
1978-04-30,1.087441,1.078245,1.085713,1.102928,1.081377,1.060797,1.067806,1.085202,1.071437,1.061967,1.071554,1.080862,1.066778,1.08412,1.068553,1.073177,1.139686,1.117286,1.124082,1.114352,1.078243,1.076751,1.084921,1.083733,1.077731,1.050055,1.055441,1.060254,1.047643,1.057416,1.050876,1.089577
1978-05-31,1.071514,1.045611,1.044781,1.082594,1.084009,1.045927,1.043023,1.067756,1.083122,1.037662,1.043431,1.053879,1.095493,1.055959,1.055526,1.06532,1.0224820000000001,1.05506,1.012287,1.017859,1.050376,1.013145,0.997247,1.025373,1.021664,1.000626,0.999176,1.028913,1.011839,1.0346899999999999,1.013418,0.996807
1978-06-30,0.981009,0.99421,0.995466,0.991829,0.992611,1.01841,1.031576,1.005355,1.003654,1.009927,1.012771,1.010186,0.99022,1.00444,1.007356,1.000307,0.971609,0.993877,0.997587,0.98472,0.989862,0.962734,0.973535,0.987033,0.992975,0.978031,0.988232,0.998951,0.993602,0.997707,0.979938,0.976388
1978-07-31,1.079279,1.071937,1.061772,1.0684879999999999,1.046551,1.029929,1.06237,1.053342,1.042548,1.033489,1.050531,1.070914,1.075211,1.055619,1.048263,1.0731,1.096656,1.068123,1.064727,1.063676,1.041169,1.051297,1.047972,1.063219,1.060926,1.020028,1.040916,1.07774,1.058869,1.052316,1.05517,1.052843
1978-08-31,1.062327,1.090082,1.074516,1.088034,1.127743,1.107794,1.087204,1.082454,1.080119,1.068965,1.050743,1.078358,1.126388,1.085754,1.074234,1.094681,1.041104,0.998499,1.027743,1.059672,1.048237,1.037689,1.052205,1.050159,1.061233,1.041746,1.030316,1.05161,1.020958,1.026544,1.02695,1.017644
1978-09-30,0.9899,0.974177,0.988347,0.983403,0.988302,0.980892,0.983264,0.988971,1.009831,1.014054,0.98266,0.990843,0.995379,0.994008,0.991694,0.99609,0.951661,0.986498,0.968751,0.966028,1.001705,0.992285,1.001607,0.988129,1.022342,1.017093,1.015027,0.9848,1.006914,1.005008,0.988915,1.004798
1978-10-31,0.77163,0.786946,0.799397,0.758457,0.783953,0.848207,0.815621,0.797485,0.8173860000000001,0.844809,0.843327,0.817792,0.779123,0.786595,0.819484,0.769078,0.939975,0.9078539999999999,0.901615,0.867968,0.88255,0.901247,0.887765,0.886972,0.902375,0.930683,0.906109,0.911122,0.882134,0.8976230000000001,0.882543,0.874851
1978-11-30,1.085213,1.056473,1.061971,1.101885,1.040906,1.03033,1.066772,1.052769,1.047175,1.034693,1.039126,1.046468,1.051875,1.044808,1.053501,1.051437,1.038127,1.031457,1.018941,1.023708,1.029654,1.011624,1.021662,1.065931,1.036567,1.03322,1.042464,1.040539,1.034892,1.024923,1.026407,1.017144
1978-12-31,1.020453,1.00531,1.028863,1.038119,1.027806,1.005091,1.018783,1.017697,1.023958,0.996954,1.008237,1.037053,1.027054,1.014914,1.027894,1.015955,1.0697160000000001,1.021655,1.013837,1.019336,1.018687,0.998222,1.012682,1.026956,1.008875,1.00024,1.016267,1.006725,0.991234,1.003278,0.996067,1.020034
1979-01-31,1.107271,1.088685,1.0699,1.082356,1.089254,1.082671,1.077691,1.068702,1.093412,1.069385,1.066635,1.097468,1.106606,1.119702,1.1082049999999999,1.101973,1.027026,1.038593,1.027488,1.027498,1.07821,1.04804,1.037454,1.062137,1.052988,1.041455,1.039727,1.051749,1.06874,1.088157,1.06984,1.032057
1979-02-28,0.975267,0.984568,0.966722,0.96469,0.974987,0.993082,0.9752,0.964693,0.975982,0.974809,0.967164,0.973727,0.988092,0.95753,0.993077,1.042173,0.971381,0.956446,0.948982,0.958187,0.964279,0.967461,0.977574,0.985858,0.98305,0.984741,0.974623,0.94566,0.980246,0.968632,0.964627,0.966888
1979-03-31,1.141117,1.087152,1.094798,1.119615,1.092537,1.086287,1.077481,1.079252,1.106734,1.058834,1.092182,1.064858,1.090689,1.103504,1.05265,1.126866,1.055056,1.044114,1.032784,1.089246,1.0889199999999999,1.057454,1.060696,1.072251,1.073707,1.027274,1.072652,1.068749,1.084363,1.055624,1.071191,1.074041
1979-04-30,1.030723,1.004155,1.011507,1.018442,1.032286,1.045644,1.01775,1.0369,1.044002,1.023801,1.02184,1.024843,1.042931,1.035906,1.008835,1.072073,0.992862,0.996659,1.004995,1.011601,0.984387,1.016326,1.016993,1.002233,1.004349,0.981811,1.032509,0.988484,1.011446,1.016784,0.989219,1.026109
1979-05-31,0.968427,1.002539,0.972311,0.974446,0.987004,1.004965,0.981219,0.994071,1.019836,0.981149,0.997241,0.985629,0.986208,0.996059,0.983798,1.010697,0.976109,0.976455,0.979701,0.98974,0.980798,0.997893,0.97846,0.999271,0.977077,0.994582,0.986869,0.994787,0.980309,0.975865,0.993238,0.98521
1979-06-30,1.062118,1.031462,1.061613,1.058967,1.056425,1.066003,1.046402,1.042322,1.026261,1.081806,1.046758,1.0687389999999999,1.055078,1.033514,1.071156,1.121352,0.987268,1.029657,1.03401,1.060884,1.038653,1.045032,1.060643,1.066203,1.068769,1.033261,1.063753,1.05483,1.065891,1.0652490000000001,1.041268,1.058879
1979-07-31,0.995237,1.01712,1.035439,1.016184,1.043933,1.043938,1.046647,1.026059,1.021443,1.043452,1.026885,1.053049,1.043528,1.020432,1.034707,1.044318,1.013041,0.987269,1.005041,1.013413,1.017071,1.026274,1.01582,1.032065,1.030436,1.009873,1.003143,1.034004,1.033399,1.025004,1.023304,1.028153
1979-08-31,1.097179,1.087602,1.089995,1.089454,1.053607,1.096957,1.059476,1.078911,1.0491,1.061747,1.070717,1.087355,1.082305,1.080092,1.080578,1.098186,1.082874,1.049608,1.068013,1.092996,1.069048,1.069616,1.078733,1.059796,1.051447,1.032131,1.064173,1.077905,1.053908,1.054254,1.040037,1.054266
1979-09-30,0.977952,0.999454,1.00051,1.018505,0.991406,0.99325,0.991071,0.980559,1.00114,0.989353,0.984159,0.973896,1.002611,0.984875,0.987274,0.963576,0.990877,0.983598,0.972463,1.002511,1.022363,1.018683,1.001253,0.998444,0.988123,1.011793,1.020121,1.000523,1.004251,0.98273,0.990693,0.957177
1979-10-31,0.888436,0.919001,0.907702,0.911046,0.881236,0.888609,0.89087,0.890282,0.894392,0.8837889999999999,0.90969,0.8890750000000001,0.871365,0.884017,0.885336,0.883173,0.914828,0.935935,0.931277,0.937243,0.964931,0.958994,0.910882,0.926987,0.92018,0.946731,0.909208,0.9162,0.929658,0.910457,0.907971,0.9052290000000001
1979-11-30,1.10571,1.06307,1.0908660000000001,1.124261,1.086239,1.0652840000000001,1.060963,1.071572,1.064149,1.076006,1.066426,1.066343,1.07857,1.062408,1.056361,1.088226,1.096045,1.046743,1.051286,1.082811,1.064903,1.07198,1.05649,1.070362,1.07779,1.047198,1.038501,1.104288,1.044069,1.053517,1.016409,1.077466
1979-12-31,1.099183,1.080944,1.074547,1.079842,1.077406,1.036863,1.061363,1.051453,1.074799,1.038184,1.032999,1.048354,1.049723,1.045608,1.079885,1.089334,1.087353,1.018431,1.017971,1.034503,1.015395,1.022624,1.039293,1.040581,1.016881,1.004147,1.008336,1.027918,1.018958,1.009028,1.017567,1.027795
1980-01-31,1.114227,1.063785,1.070176,1.083191,1.052142,1.072814,1.077428,1.09609,1.084412,1.045111,1.066385,1.0734110000000001,1.105976,1.097787,1.116635,1.093607,1.082588,1.054698,1.005671,1.058556,1.0917,1.099128,1.032779,1.069726,1.055518,1.01868,1.093628,1.071819,1.100971,1.058806,1.033862,1.046838
1980-02-29,0.99704,1.014635,0.978641,0.997613,0.995806,0.968542,0.975815,0.955002,0.981029,0.958157,0.967226,0.978198,0.957115,0.993619,0.981788,0.993794,0.98446,0.954579,0.952873,0.973796,1.029537,1.085524,0.979668,0.960595,0.995271,1.03684,0.982705,0.975656,1.053757,0.951449,0.935982,0.947819
1980-03-31,0.776218,0.822441,0.820951,0.799573,0.823678,0.840652,0.8354550000000001,0.826382,0.842414,0.856203,0.857372,0.831027,0.813639,0.84489,0.810934,0.76246,0.841009,0.916024,0.966201,0.899324,0.8765270000000001,0.857155,0.908672,0.863737,0.882865,0.920491,0.897775,0.86593,0.844015,0.89623,0.928816,0.896703
1980-04-30,1.049215,1.062569,1.061203,1.065553,1.091654,1.061222,1.059995,1.056539,1.079801,1.065601,1.051904,1.068611,1.06034,1.040822,1.085262,1.036601,1.091318,1.011989,1.0391,1.054299,1.05376,1.043856,1.037791,1.046594,1.054737,1.070854,1.055561,1.060304,1.060703,1.093634,1.046606,1.055574
1980-05-31,1.074518,1.055576,1.0664069999999999,1.092955,1.086109,1.076396,1.081481,1.065225,1.055957,1.08165,1.082892,1.088773,1.086284,1.076917,1.065824,1.10744,1.052715,1.052016,1.05627,1.057037,1.064043,1.059536,1.05795,1.070444,1.064903,1.045206,1.033179,1.098128,1.06573,1.05721,1.055708,1.084589
1980-06-30,1.056199,1.043709,1.039452,1.060554,1.015294,1.034571,1.052313,1.040725,1.058118,1.040628,1.05478,1.057599,1.02315,1.028901,1.050013,1.03472,1.060602,1.027722,1.012947,1.043265,1.039905,1.051238,1.026032,1.029672,1.028011,1.00939,1.061108,1.051129,1.014105,1.030212,1.044614,1.042495
1980-07-31,1.080113,1.132728,1.131332,1.141472,1.072288,1.089211,1.082549,1.123385,1.083452,1.049491,1.089496,1.124632,1.072474,1.064302,1.090835,1.087816,1.087932,1.105546,1.101847,1.143227,1.087826,1.061791,1.075417,1.057945,1.061853,1.054203,1.045547,1.025056,1.073799,1.002841,1.010723,1.084912
1980-08-31,1.10895,1.086735,1.084295,1.076249,1.051114,1.030851,1.060945,1.068861,1.041401,1.040338,1.02376,1.03044,1.040345,1.041613,1.058841,1.039071,1.054735,0.991933,1.029965,1.046846,1.03538,1.011587,1.01485,1.005547,1.011576,1.002792,1.026816,0.997656,1.005714,1.027161,1.000835,0.980449
1980-09-30,1.026397,1.048669,1.042173,1.063988,1.041463,1.023513,1.042586,1.014209,1.014311,1.016536,1.014464,1.014772,1.02733,1.010562,1.011218,1.02584,1.027991,1.017567,1.02494,1.070695,1.072771,1.042153,1.039453,1.055791,1.003841,1.021979,1.003327,1.059432,1.006876,0.986857,0.991227,0.993528
1980-10-31,1.062535,1.043188,1.054217,1.054832,1.022706,1.034985,1.023843,1.016929,1.012759,1.037513,1.038002,1.036289,1.017196,1.01524,1.007454,1.036782,1.049391,0.972953,1.026815,1.013847,1.070189,1.039463,0.984912,1.046108,1.008258,0.993191,1.047864,1.041967,0.995365,0.986708,0.992093,0.9813769999999999
1980-11-30,1.134496,1.076149,1.112465,1.1286260000000001,1.057173,1.042913,1.031615,1.068885,1.046076,1.01881,1.043785,1.045962,1.031713,1.019475,1.03205,1.030395,1.159388,1.070803,1.087303,1.167435,1.127758,1.1274980000000001,1.109384,1.1546509999999999,1.081278,1.10046,1.120409,1.174237,1.035559,1.081521,1.016645,1.006901
1980-12-31,0.94443,0.970395,0.955865,0.942427,0.975939,1.016578,0.970795,0.970447,0.980703,0.981634,0.998258,0.987358,0.973625,0.993784,0.99361,0.982287,0.960611,1.013783,0.992544,0.980306,0.938182,0.961365,0.975473,0.931344,0.959227,0.999382,0.955151,0.9502120000000001,0.995291,0.972628,1.025957,0.95654
1981-01-31,0.968133,0.981593,0.977636,0.958843,0.977105,1.012592,1.011719,0.999745,1.017677,1.015002,1.00206,1.007641,1.036743,1.036109,1.025723,0.998747,0.924697,0.97024,0.938004,0.909691,0.929903,0.958451,0.962363,0.912937,0.980315,0.97757,0.971714,0.9025730000000001,1.009678,1.009731,1.012098,1.01266
1981-02-28,0.993763,1.00197,1.002006,0.993794,1.01263,1.03328,1.0275050000000001,1.010133,1.016189,1.023806,1.022004,1.035733,1.023677,1.044534,1.024995,0.983934,1.042728,1.044406,1.026273,1.015834,1.034673,1.048192,1.030313,0.98792,1.037224,1.024283,0.993402,0.996064,1.018617,1.011827,1.018501,0.958389
1981-03-31,1.037011,1.088315,1.0707200000000001,1.087582,1.064656,1.07566,1.0759,1.089482,1.080309,1.076502,1.077648,1.109576,1.064443,1.053297,1.06743,1.117339,1.021884,1.061506,1.015681,1.075388,1.0485,1.027,1.045887,1.059776,1.038285,1.061842,1.014622,1.004023,1.123223,1.007937,1.068432,1.079201
1981-04-30,0.992803,1.052214,1.010554,1.029607,1.028506,1.055713,1.029641,1.03557,1.029205,1.030359,1.030257,1.046306,1.0495,1.036911,1.050765,1.032462,0.975247,0.985684,0.96242,0.98436,0.985102,0.967433,0.991368,0.928894,1.001975,0.973995,1.005284,0.962279,0.998996,1.018241,1.003624,0.994678
1981-05-31,1.009835,1.061291,1.02277,1.060911,1.037495,1.030986,1.036355,1.027478,1.02205,0.99747,1.016563,1.014704,1.020147,1.031716,1.013602,1.029137,0.978975,0.999555,1.01567,1.038256,0.976655,0.983035,1.017151,0.977662,0.994013,1.003754,0.999467,1.002794,1.017446,1.035663,1.03549,1.030836
1981-06-30,0.940456,0.983462,0.970587,0.93301,0.994823,1.002425,1.006012,1.00244,1.009499,1.015104,1.015108,1.012322,1.031887,1.022687,1.008019,0.994301,1.003436,0.967286,0.96965,0.919667,1.017287,1.007183,0.986661,1.026247,0.986032,1.012576,1.038314,1.031418,1.001468,1.002453,1.006875,0.991335
1981-07-31,0.983419,0.963289,0.966564,0.974789,0.984703,0.965674,0.980789,0.96529,0.996516,0.980587,0.996676,0.978053,0.973104,0.977001,0.995016,0.976831,0.99819,0.982564,1.016549,1.029863,0.986688,0.990294,1.032038,1.037793,0.964723,0.967727,0.993217,0.991372,0.975654,0.993889,0.98115,0.973442
1981-08-31,0.8920170000000001,0.90979,0.91936,0.897326,0.927608,0.956129,0.944623,0.938972,0.947882,0.939754,0.948886,0.958639,0.93164,0.950597,0.96527,0.926715,0.981786,0.970605,0.940255,0.909961,0.9318839999999999,0.932194,0.932233,0.9431080000000001,0.945739,0.942366,0.952674,0.924932,0.937954,0.989396,0.965171,0.971156
1981-09-30,0.8985609999999999,0.904651,0.918674,0.895081,0.90869,0.945771,0.9355370000000001,0.919252,0.920562,0.955962,0.95698,0.956209,0.933096,0.957748,0.955291,0.911789,0.943364,0.960517,0.950778,0.906671,0.932818,0.949935,0.945405,0.911673,0.934404,0.948544,0.948227,0.929314,0.967155,1.00702,0.971396,0.95154
1981-10-31,1.101387,1.085564,1.08262,1.099605,1.092889,1.058439,1.080097,1.058063,1.092468,1.068235,1.063712,1.047331,1.048996,1.05471,1.061024,1.03208,1.112559,1.00211,1.087489,1.117256,1.043094,1.06206,1.057828,1.115346,1.055064,1.053313,1.010797,1.07986,0.993861,1.041449,1.057149,1.077162
1981-11-30,1.0160420000000001,1.011599,1.015586,1.01257,1.0370219999999999,1.03828,1.053913,1.054475,1.024931,1.051871,1.054978,1.039875,1.018257,1.063725,1.052143,1.01951,1.029185,1.064137,1.0366,1.020711,1.059367,1.048895,1.051425,1.053829,1.050076,1.039124,1.0663,1.0454,1.04195,1.038387,1.055362,1.069019
1981-12-31,0.979525,0.995497,0.999481,0.969283,1.004804,0.995882,0.997044,0.968844,0.984765,0.995739,0.977419,0.989431,0.982415,0.99059,0.985427,0.973989,1.007307,1.006279,0.969147,0.950485,0.991572,0.966477,0.96928,0.957938,0.973752,0.980809,0.956931,0.971295,0.988946,0.976688,0.970981,0.965585
1982-01-31,0.946841,0.968658,0.96299,0.9465749999999999,0.961478,0.970062,0.964776,0.957077,0.959537,0.981454,0.975723,0.983539,1.006067,0.99895,0.999427,1.00097,0.964436,1.053343,0.967366,0.956191,0.981015,0.970957,0.985369,0.926135,0.966023,0.95849,0.984003,0.953799,0.989364,1.007325,1.009247,0.99373
1982-02-28,0.9299310000000001,0.955504,0.95075,0.9201090000000001,0.977963,0.974876,0.967811,0.957083,0.941554,0.985642,0.999811,0.968905,0.982581,0.996515,1.018308,1.016073,1.006674,0.965852,0.946578,0.884752,0.968831,0.9317340000000001,0.94145,0.913048,0.972461,0.975331,0.978624,0.949741,0.985813,0.975781,1.011174,0.983772
1982-03-31,0.98683,1.007299,0.995462,0.970373,0.980174,1.011685,0.989513,1.006497,1.009681,1.002358,0.998795,0.994773,1.014478,1.03552,1.015907,0.966782,1.000013,0.963111,0.968856,0.956882,0.96661,1.019641,1.017594,0.972496,0.996538,1.007994,0.984529,0.994853,1.027244,1.025058,1.006119,0.988963
1982-04-30,1.093033,1.061818,1.062762,1.067794,1.064672,1.04747,1.059982,1.06166,1.036695,1.042711,1.040581,1.049482,1.050978,1.047082,1.027306,1.06547,1.081369,1.061273,1.070304,1.062014,1.079149,1.035465,1.040557,1.053246,1.052608,1.025264,1.010495,1.062456,1.044604,1.005591,1.038061,1.04982
1982-05-31,0.953065,0.948535,0.98598,0.963498,0.978274,0.984824,0.980316,0.963167,0.965055,0.993449,0.977364,0.979916,0.982448,0.988055,0.986714,0.990729,0.983024,0.961692,0.962128,0.950485,0.95345,0.964968,0.971705,0.999554,0.972837,0.951889,0.99217,0.964221,0.978657,0.983006,0.951337,0.95844
1982-06-30,0.949085,0.997514,0.980597,0.957877,0.974814,0.982764,0.975592,0.995548,0.983263,0.978148,0.993671,0.986832,0.982482,0.998736,0.984091,0.968382,1.001949,0.993578,0.975556,0.943962,1.001259,1.027269,0.993384,0.937114,0.968762,0.994569,0.98694,1.012541,1.007625,0.972172,0.97969,0.976952
1982-07-31,0.998937,1.013262,0.988189,0.968289,0.980152,0.992975,1.00129,0.998196,0.988886,1.00056,0.984853,0.98692,0.98369,0.987711,0.999802,1.008805,1.010232,1.04403,0.994641,0.969244,0.992722,0.978719,0.954619,0.940126,0.986436,0.969725,0.95466,0.937238,0.965639,0.992131,0.978401,0.962686
1982-08-31,1.067934,1.074743,1.089014,1.086463,1.120381,1.087332,1.084551,1.085911,1.108464,1.0715270000000001,1.082185,1.077088,1.050867,1.098145,1.105695,1.064747,1.114042,1.099277,1.123487,1.117173,1.136109,1.118758,1.112953,1.124545,1.129425,1.121968,1.126563,1.18071,1.132782,1.131785,1.136782,1.163526
1982-09-30,1.015154,1.031656,1.036119,1.018487,1.037564,1.04745,1.042287,1.050488,1.032557,1.053918,1.055014,1.054942,1.062359,1.048374,1.048548,1.037282,1.022534,1.032374,1.010216,1.015718,1.026028,1.022628,1.024984,1.018079,1.013182,1.037387,1.003343,1.008619,0.997944,1.00618,0.977753,1.010133
1982-10-31,1.17156,1.133907,1.140961,1.1604269999999999,1.161989,1.110914,1.1290740000000001,1.121078,1.133238,1.118964,1.124698,1.132148,1.114312,1.121169,1.134214,1.110265,1.114271,1.100619,1.104628,1.16246,1.134041,1.092624,1.108296,1.12246,1.15248,1.128863,1.10973,1.113641,1.121294,1.070925,1.10839,1.168276
1982-11-30,1.128903,1.084974,1.10157,1.08998,1.114883,1.08218,1.076504,1.074327,1.084584,1.073356,1.082187,1.087639,1.09692,1.105654,1.110115,1.11412,1.091631,1.064517,1.060076,1.088927,1.07153,1.054413,1.027407,1.029794,1.044916,1.029675,1.013458,1.006492,1.036448,1.031725,1.053309,1.0728010000000001
1982-12-31,1.023896,1.035526,1.020048,1.009371,1.018661,1.00431,1.016518,1.010685,1.024507,1.034747,0.984015,1.008965,0.993086,1.0181499999999999,0.994665,1.013738,1.008005,1.060664,1.024951,0.986964,0.991369,0.994062,1.022646,0.992534,0.978026,0.999275,1.035997,1.016585,1.044264,1.010157,1.014632,0.984582
1983-01-31,1.103895,1.072269,1.06986,1.101199,1.061714,1.060128,1.039846,1.055831,1.064441,1.044358,1.052281,1.062283,1.084284,1.051806,1.030099,1.061848,1.041286,1.019509,1.009651,1.042373,1.047764,1.004496,1.038171,1.031863,1.030552,1.030306,1.029309,1.063849,1.033423,1.089964,1.03455,0.999742
1983-02-28,1.053987,1.06757,1.064755,1.033967,1.086756,1.066838,1.05947,1.060407,1.081975,1.094243,1.050787,1.063338,1.073756,1.043973,1.094953,1.056059,1.013351,1.029314,1.031781,1.034815,1.020808,1.0512,1.042694,1.01304,1.038644,1.030036,1.014985,1.021261,1.020434,1.016651,1.026658,1.055105
1983-03-31,1.04685,1.06145,1.040929,1.017617,1.072892,1.073722,1.054707,1.058875,1.075037,1.05883,1.062226,1.068235,1.080438,1.061468,1.047599,1.061248,1.045243,1.03354,1.023845,1.023815,1.045332,1.021645,1.031084,1.039048,1.065108,1.046536,1.031729,1.031442,1.050561,1.013496,1.022232,1.078299
1983-04-30,1.085982,1.077793,1.081573,1.073286,1.091715,1.083908,1.073146,1.064767,1.056999,1.083141,1.055785,1.098145,1.103767,1.069444,1.094343,1.091683,1.070073,1.095732,1.039034,1.052181,1.049936,1.06105,1.067361,1.073245,1.094268,1.07794,1.118041,1.074609,1.083271,1.062964,1.057605,1.107239
1983-05-31,1.07708,1.092135,1.064646,1.081147,1.065206,1.062491,1.050008,1.074114,1.061588,1.056514,1.043514,1.024517,1.077135,1.055351,1.005001,1.06275,0.998022,0.970645,1.003751,1.034839,0.996911,0.955211,0.997644,1.015755,0.986201,1.007688,0.990104,1.046307,1.001744,0.992692,1.023401,0.989823
1983-06-30,1.098382,1.086561,1.066919,1.04707,1.058185,1.052314,1.049418,1.049302,1.015032,1.017395,1.035356,1.01004,1.049929,1.036521,1.009992,1.027261,1.021128,1.068285,1.061068,1.056707,1.021637,1.033376,1.076297,1.040619,1.018696,1.009781,1.024085,1.045666,1.019478,0.993477,0.99746,1.059725
1983-07-31,0.961381,0.9453,0.96011,0.936382,0.995728,0.978193,0.977541,1.005344,1.00782,0.997821,1.019391,1.032139,0.995868,1.006713,1.013999,1.024357,0.983703,0.9336990000000001,0.973353,0.934353,0.979439,0.963149,0.941285,0.911942,0.979395,0.983066,0.963666,0.97892,1.001955,0.975768,1.011401,0.980824
1983-08-31,0.947413,0.977445,0.952302,0.948608,0.956416,0.976616,0.977677,0.967094,0.94586,0.97708,0.983551,0.992851,0.994328,0.98489,1.026467,1.002608,0.991218,1.005547,0.989752,0.976201,0.977458,0.99013,1.008709,0.991301,1.022009,0.990521,1.017888,1.020823,1.057106,1.06727,1.010026,1.045758
1983-09-30,0.969615,0.983528,1.020945,1.011603,1.011161,1.02325,1.035167,1.028653,1.026802,1.045859,1.033341,1.025628,1.025393,1.07183,1.023462,1.020594,1.05613,1.036539,1.048025,1.000134,1.051545,1.043165,0.999529,0.991584,1.012295,1.006204,1.012366,1.035464,0.989755,1.001524,1.044027,1.027188
1983-10-31,0.929197,0.928499,0.9174059999999999,0.90672,0.941625,0.954191,0.949601,0.959558,0.955057,0.97579,0.991067,0.961242,0.966798,0.976164,0.984345,0.959046,0.972669,0.97737,0.995987,0.914493,0.980426,1.004581,0.977893,0.940466,0.979051,1.008185,0.978349,1.008053,1.008917,0.981631,1.014891,0.992137
1983-11-30,1.03224,1.067522,1.060517,1.045129,1.033168,1.052064,1.052837,1.035116,1.086482,1.042283,1.04024,1.027587,1.047545,1.045047,1.036943,1.045906,1.044302,1.067734,0.97692,1.055008,1.040501,1.026834,1.026252,1.034335,1.061456,1.028918,1.027905,0.99439,1.02493,1.019345,0.999541,1.012359
1983-12-31,0.970239,0.973925,0.977114,0.965416,1.011518,0.986477,0.99687,0.996329,0.999503,0.994677,0.988242,1.000558,1.009122,1.00985,1.018979,0.986989,0.974934,0.990303,1.001007,0.981811,0.990823,1.000951,0.989091,0.999287,1.004902,0.979505,0.982875,0.987406,1.001043,0.99897,0.965438,0.979207
1984-01-31,0.995474,0.966076,0.963805,0.950354,0.98936,0.993993,0.978409,1.003345,1.007375,0.989206,1.017605,1.012587,1.0319,1.010375,1.04104,1.021687,0.957367,0.936628,0.942672,0.932688,0.966495,0.984831,0.981969,0.996402,0.950957,1.035133,1.027696,0.998141,1.039863,1.051776,1.001161,0.998286
1984-02-29,0.926939,0.936758,0.939431,0.931753,0.9451039999999999,0.944303,0.946154,0.946792,0.920732,0.95419,0.975452,0.961357,0.952193,0.976714,0.957266,0.982473,0.939493,0.96408,0.969425,0.941373,0.945516,0.944949,0.94498,0.935172,0.923222,0.977446,0.976934,0.932136,1.008977,0.9849019999999999,0.974289,0.958899
1984-03-31,1.013126,0.999297,1.005336,1.000428,1.021883,1.018165,1.019018,1.009966,1.034893,1.006589,1.002836,1.015655,1.039832,1.009601,1.035323,1.043585,1.016035,1.009196,1.028504,0.999924,1.025023,1.036168,1.013774,1.042187,1.056268,0.997675,0.993591,0.99914,1.014756,0.987363,1.000381,1.048327
1984-04-30,0.963529,0.99254,1.00499,0.988508,0.982992,1.012985,0.998995,1.012185,1.003307,1.001845,0.994037,0.986817,0.987663,1.014168,0.993478,1.014008,0.980584,1.016132,1.008529,1.009804,0.992782,1.00676,0.992491,0.999779,0.992368,1.007195,1.003091,0.999644,1.03533,1.020151,0.99492,0.953545
1984-05-31,0.935049,0.939756,0.974893,0.9306989999999999,0.92342,0.947319,0.955605,0.946977,0.945357,0.968193,0.971166,0.952835,0.947761,0.960634,0.950133,0.95425,0.9479,0.962761,0.945234,0.949326,0.950143,0.95861,0.978288,0.940689,0.919933,0.960791,0.95712,0.9675590000000001,0.938892,0.931523,0.968906,0.947709
1984-06-30,1.042978,1.032794,1.051546,1.052221,1.03289,1.025827,1.024619,1.01296,1.030831,1.019268,1.02593,1.005546,1.01405,1.005067,1.012709,0.988981,1.074539,1.034201,1.024058,1.059915,1.027772,1.062742,1.06364,1.015229,1.000941,1.024791,1.004318,0.998571,1.008669,1.049423,1.006509,0.96933
1984-07-31,0.940137,0.937326,0.974277,0.937295,0.943744,0.942623,0.965415,0.960028,0.946536,0.974718,1.002549,0.992249,0.933324,0.973441,1.001306,0.961995,0.924113,0.990042,1.019431,0.973518,0.971071,0.99248,0.982914,0.975586,0.948254,0.970241,1.015589,0.98446,0.959845,0.977841,1.016144,0.993135
1984-08-31,1.104726,1.127296,1.135175,1.143276,1.118947,1.098113,1.103179,1.116959,1.108919,1.08474,1.086431,1.110927,1.114973,1.078823,1.083172,1.10234,1.126821,1.108241,1.115409,1.118011,1.112779,1.093438,1.091201,1.143544,1.133441,1.111688,1.1099890000000001,1.10516,1.137572,1.090024,1.09081,1.130697
1984-09-30,0.997524,1.001025,0.99569,0.954182,1.001338,1.001176,1.013183,1.005956,0.995231,1.015323,1.026622,1.01685,1.020415,1.027084,1.025608,1.040648,1.042173,0.98097,0.984074,0.958543,0.987597,0.98002,0.991906,0.988515,0.991367,1.005455,1.028927,1.002625,1.024749,1.033466,1.051763,1.028663
1984-10-31,0.956162,0.967445,1.000452,0.975327,0.983658,0.981077,0.98222,0.992199,0.965292,1.001397,1.008492,1.022102,0.940966,1.015444,1.023906,1.035559,1.010919,1.027325,1.006608,0.9888,1.015422,1.005707,1.021071,1.030352,0.991469,0.998846,1.018462,0.988049,0.965244,1.001905,1.040401,1.016072
1984-11-30,0.963341,0.963235,0.973074,0.948169,0.973605,1.012874,0.989011,0.978687,0.97718,1.001494,1.004606,1.010458,0.990375,0.996908,1.02427,1.00072,0.990368,0.989331,0.978686,0.958115,1.005979,0.989079,0.988867,0.972501,0.990466,0.974524,0.99463,1.001537,1.004429,1.011563,1.02115,1.006724
1984-12-31,1.005943,1.011763,1.031554,1.022088,0.992227,0.999095,1.033387,1.017632,0.997155,1.014358,1.024961,1.029465,1.006676,1.027477,1.021732,1.021527,1.042,1.030622,1.028336,1.028526,1.013148,1.022061,1.013286,1.037986,1.028221,1.025438,1.039152,1.028153,1.014634,1.02056,1.030418,1.032967
1985-01-31,1.120363,1.10642,1.120717,1.1657250000000001,1.113054,1.115734,1.109831,1.112894,1.103353,1.082996,1.099311,1.091764,1.096287,1.084602,1.076486,1.101052,1.059394,1.09208,1.099939,1.122029,1.066147,1.074819,1.083388,1.108878,1.086393,1.074643,1.079466,1.091567,1.067526,1.027093,1.040903,1.092196
1985-02-28,1.047995,1.033788,1.026207,1.024092,1.01793,1.00949,1.025278,1.031292,1.024244,1.024454,1.02488,1.041615,1.021804,1.024844,1.014731,0.997043,1.031758,1.001619,1.014021,1.011387,1.032573,1.000587,1.023615,1.005146,1.026473,1.035,1.002866,1.009486,1.023928,1.035682,1.007244,1.005607
1985-03-31,0.98646,0.981101,0.988643,0.958031,0.974023,0.958005,0.975123,0.978736,0.987637,1.006646,0.998505,1.006517,0.998816,1.009457,1.031288,1.017156,1.053338,0.982036,0.982203,0.973497,1.0166520000000001,0.971464,1.029712,0.993206,1.005026,0.997288,0.980588,0.992791,1.026124,1.034662,0.998598,1.000346
1985-04-30,0.996579,0.988023,0.992184,0.966179,0.969178,1.007643,0.995472,0.9951,0.984703,1.006569,1.014135,1.029587,0.991598,1.016523,1.027407,1.003021,0.981001,0.990196,0.988567,0.983132,0.970925,0.96765,0.977151,0.996193,1.000865,1.014704,0.983723,1.00856,1.020371,1.039219,1.006332,0.9996
1985-05-31,1.054514,1.044572,1.040439,1.043616,1.001412,1.034132,1.03604,1.051695,1.037631,1.046833,1.027528,1.049787,0.999727,1.035521,1.037018,1.04587,1.0820940000000001,1.050486,1.053101,1.072777,1.062041,1.064961,1.093241,1.078637,1.051154,1.053781,1.071406,1.072911,1.043352,1.036762,1.065119,1.101494
1985-06-30,1.011086,1.014245,1.0193,1.010539,0.991777,1.011883,1.025556,1.025787,0.995188,1.018783,1.029883,1.055664,0.984744,1.020868,1.033036,1.067936,1.007055,1.020615,0.99219,1.026784,1.018263,1.016568,1.027372,1.031155,1.005805,1.032482,1.000329,1.019671,1.008921,1.0192890000000001,1.029713,1.012602
1985-07-31,1.009616,1.025026,1.029846,1.031518,1.05401,1.039057,1.023565,1.022832,1.022407,1.008223,1.02296,1.003062,1.027916,0.999192,1.010093,1.022918,0.979509,0.998613,1.024232,0.996404,0.977759,0.996658,1.003065,1.004695,1.00113,0.976456,0.984427,0.97669,1.017442,0.990885,0.966612,0.981204
1985-08-31,1.000528,0.988048,1.00163,0.967421,0.990816,1.007067,1.00363,0.988236,0.989087,1.010449,1.002783,0.988082,0.996396,1.017697,1.011546,0.987802,0.996987,0.981838,0.986455,0.968879,1.003034,1.013665,0.999249,0.988204,1.003734,0.997607,0.9804889999999999,0.999333,1.013811,1.001314,1.00808,1.012667
1985-09-30,0.918077,0.919779,0.940172,0.923397,0.949302,0.9590069999999999,0.96228,0.9302010000000001,0.973636,0.975991,0.962739,0.959279,0.939182,0.960828,0.985877,0.943166,0.96589,0.966974,0.9648680000000001,0.942191,0.990611,1.007694,0.96075,0.952492,0.973003,0.96874,0.9605319999999999,0.944488,0.963315,0.967847,0.940158,0.964155
1985-10-31,1.042051,1.038131,1.042998,1.024497,1.011823,1.03117,1.045691,1.035151,1.032856,1.047605,1.044453,1.028847,1.023334,1.026923,1.039435,1.036686,1.03637,1.034407,1.039759,1.041502,1.025401,1.063201,1.073262,1.035209,1.044494,1.057437,1.05433,1.058944,1.032934,1.050077,1.064175,1.095619
1985-11-30,1.046871,1.055473,1.063428,1.0881750000000001,1.040986,1.087476,1.069148,1.084611,1.049008,1.049633,1.075458,1.063786,1.047119,1.07118,1.05641,1.07865,1.072854,1.103808,1.090896,1.104972,1.109633,1.061621,1.077041,1.065637,1.03134,1.062914,1.068708,1.075283,1.049382,1.044215,1.069624,0.98236
1985-12-31,1.02237,1.037617,1.055394,1.053945,1.031834,1.063262,1.04964,1.038582,1.016483,1.031638,1.047081,1.026492,1.017296,1.032392,1.025794,1.046363,1.056664,1.065421,1.074413,1.040623,1.046186,1.05624,1.029165,1.04999,1.025075,1.035892,1.039113,1.039345,1.019044,1.051195,1.053179,1.005267
1986-01-31,1.050845,1.019806,1.019194,1.021815,1.006815,1.022479,1.004644,1.050099,0.994521,0.991811,1.018666,1.013907,0.997624,1.028391,1.02595,1.04174,1.048614,0.97869,0.991837,1.023435,0.976017,1.024257,1.01001,1.03037,0.983332,1.017848,1.036579,1.026307,0.964238,1.028821,1.054222,1.002481
1986-02-28,1.037359,1.067117,1.08121,1.075928,1.090662,1.069379,1.076199,1.072929,1.083505,1.062489,1.076905,1.070124,1.013317,1.075428,1.086837,1.061532,1.053209,1.108382,1.058921,1.088444,1.088314,1.0941,1.09346,1.08667,1.067762,1.082562,1.079427,1.093986,1.058808,1.081971,1.08322,1.044901
1986-03-31,1.059883,1.0737160000000001,1.051137,1.032766,1.044688,1.055185,1.057641,1.054906,1.049774,1.047744,1.041928,1.060288,1.050716,1.049102,1.055238,1.077305,1.096269,1.06344,1.051537,1.060529,1.060352,1.073284,1.066679,1.045471,1.05205,1.039769,1.070652,1.053636,1.037949,1.03943,1.051196,1.021067
1986-04-30,1.004184,1.012109,1.015194,1.02925,1.004489,1.011655,1.015933,1.015701,0.999039,1.011191,1.011338,1.023072,1.02033,0.998449,1.010587,0.974221,1.028447,0.984724,1.01117,1.002626,1.023362,0.995155,0.989399,0.979558,0.997641,0.967178,0.970629,0.948209,0.97349,0.951182,0.9374359999999999,0.99596
1986-05-31,1.020159,1.031998,1.028468,1.03573,1.058535,1.072061,1.051399,1.049873,1.04305,1.058014,1.043299,1.027532,1.023733,1.03743,1.03922,0.998604,1.081116,1.063914,1.034567,1.065301,1.059584,1.059399,1.051972,1.026812,1.064702,1.051771,1.037196,1.070679,1.052502,1.043897,1.033151,1.05766
1986-06-30,0.991945,1.008207,1.007294,0.993956,0.977606,1.000399,1.010369,1.002655,1.01959,1.019653,1.022821,1.008267,1.002858,1.01452,1.021602,1.024792,1.045502,1.043328,1.021585,0.992731,1.020441,1.021379,1.03194,0.985526,1.002163,1.036288,0.990872,1.006816,0.980716,1.025087,1.027276,1.016925
1986-07-31,0.878646,0.920439,0.900719,0.891757,0.910766,0.923579,0.922418,0.912181,0.884,0.930742,0.952162,0.896515,0.898353,0.950997,0.954969,0.921755,0.933841,0.93231,0.945845,0.911319,0.927551,0.92965,0.952644,0.936739,0.9540690000000001,0.954463,0.960517,0.937697,0.94252,1.009986,1.001218,0.896918
1986-08-31,1.010095,1.02338,1.028769,1.021994,1.040582,1.029276,1.040485,1.023514,1.066088,1.039407,1.023873,1.051611,1.047662,1.033646,1.079133,1.021967,1.018345,1.053619,1.043703,1.040681,1.086341,1.061627,1.039268,1.060994,1.129713,1.092031,1.088901,1.083237,1.112947,1.091955,1.091401,1.076584
1986-09-30,0.928297,0.929643,0.927608,0.912459,0.968915,0.964533,0.944718,0.949113,0.939517,0.972198,0.954186,0.950972,0.959344,0.94999,0.967205,0.940302,0.922601,0.895447,0.875616,0.912408,0.950434,0.910069,0.898361,0.89409,0.934516,0.931114,0.9208270000000001,0.938564,0.965716,0.906074,0.914815,0.945118
1986-10-31,1.040508,1.034337,1.032644,1.051494,1.0412,1.034883,1.027671,1.016961,1.055245,1.027509,1.030823,1.012388,1.010564,1.045497,1.00719,0.984349,1.093571,1.084735,1.064342,1.02422,1.0606,1.052606,1.095475,1.067643,1.051993,1.041868,1.038743,1.037232,1.068823,1.041055,1.070458,1.050897
1986-11-30,0.9847360000000001,1.002964,1.010684,0.998901,1.00016,1.0253,0.998871,0.985675,0.994634,0.996278,0.997011,0.990302,1.022143,0.996556,1.018063,1.003579,1.000177,1.034896,1.029931,1.01559,1.052906,1.020582,1.020276,1.000288,1.019366,1.010091,1.020887,1.002747,1.006669,1.028249,1.003111,1.037745
1986-12-31,0.953081,0.965187,0.999436,0.968693,0.973924,0.991632,0.969999,0.962678,0.959549,0.965187,0.976956,0.973628,1.010435,0.981511,0.981513,0.977219,0.963799,1.003978,0.984775,0.961545,0.954525,0.964351,0.977834,0.973148,0.979498,0.970064,0.968056,0.958357,0.977982,0.972236,0.971669,0.934951
1987-01-31,1.147388,1.128029,1.102149,1.130997,1.104929,1.102976,1.118087,1.099118,1.094065,1.112954,1.09665,1.109872,1.119797,1.087645,1.071973,1.0871439999999999,1.147987,1.1507939999999999,1.137998,1.1285669999999999,1.081738,1.151938,1.165703,1.147651,1.13135,1.1202,1.131614,1.124266,1.111556,1.099821,1.13932,1.103748
1987-02-28,1.091402,1.098839,1.092634,1.090447,1.090576,1.069261,1.068352,1.051238,1.078573,1.07315,1.045078,1.069025,1.069679,1.037857,1.04833,1.052774,1.063596,1.060696,1.084466,1.090799,1.019868,1.063809,1.045651,1.055619,1.028131,1.009801,1.029696,1.046125,1.001338,0.980177,1.018839,1.029291
1987-03-31,1.046493,0.997893,1.011271,1.001406,1.036435,1.035401,1.015064,1.040654,1.034121,1.034864,1.019698,1.014907,1.062978,1.045723,1.016932,1.021103,0.990277,1.005335,1.006574,1.027179,1.059547,1.022247,1.025804,0.983258,1.048886,1.020177,1.015441,1.024887,1.061492,1.008017,1.009012,1.012712
1987-04-30,0.991761,0.979448,0.977714,0.969741,0.958386,0.981047,0.964806,0.961677,1.001093,0.971188,0.973803,0.956836,0.986328,0.968344,0.948792,0.948449,0.963578,0.980877,0.974233,0.995565,1.015032,0.980297,0.987772,0.955099,1.013645,0.990815,0.989542,0.979448,0.975999,0.966712,0.982964,1.095423
1987-05-31,0.994719,0.990099,0.998726,1.004104,1.013003,0.979563,0.996194,0.987723,1.032403,1.004227,0.991615,0.998224,1.03591,1.006203,1.000403,0.993624,1.0272000000000001,1.022206,1.021056,1.013525,1.014613,1.012653,0.991029,0.98974,1.004562,0.993176,1.003352,0.995157,1.02586,0.999324,0.993883,0.969259
1987-06-30,0.986553,1.039132,1.032792,1.013664,1.033891,1.014694,1.03181,1.037924,1.018293,1.029041,1.026208,1.041524,1.056564,1.040766,1.014261,1.059362,1.062354,1.071972,1.041867,1.036275,1.058043,1.045323,1.05794,1.04061,1.04283,1.064419,1.055171,1.041347,1.052651,1.043017,1.060076,0.994253
1987-07-31,1.045008,1.012813,1.038139,1.016211,1.051223,1.038258,1.031181,1.029794,1.052359,1.021121,1.021519,1.055416,1.091573,1.050077,1.077107,1.011689,1.06107,1.0747200000000001,1.039812,1.058822,1.061809,1.062481,1.02482,1.027166,1.050798,1.028063,1.032202,1.059825,1.053077,1.009011,1.048726,1.031703
1987-08-31,0.972386,1.049819,1.029815,1.03526,1.028032,1.035792,1.033711,1.049036,1.019161,1.04277,1.034566,1.020024,1.002381,1.023347,1.044286,1.038635,1.085946,1.036134,1.041218,1.048618,1.053149,1.050245,1.04253,1.056378,1.042571,1.034706,1.057691,1.023687,1.002663,1.039297,1.041546,1.04901
1987-09-30,0.969292,0.990896,0.983372,0.970979,1.017139,0.982606,0.987272,0.975999,0.994182,0.988199,0.989212,1.004572,0.989633,1.008503,0.980605,0.960323,1.016481,0.987415,0.987268,0.958755,0.995358,0.995946,0.937018,0.975444,0.988569,0.998024,0.977162,0.988623,0.973406,1.012598,0.950367,0.939539
1987-10-31,0.6571560000000001,0.704366,0.71088,0.661934,0.6875690000000001,0.723248,0.723005,0.700204,0.762088,0.763311,0.761843,0.6916979999999999,0.685791,0.729692,0.735428,0.7105790000000001,0.7648280000000001,0.807357,0.773095,0.768779,0.7447969999999999,0.751123,0.769621,0.76687,0.818841,0.840383,0.776475,0.750156,0.774753,0.878777,0.7798350000000001,0.769693
1987-11-30,0.944303,0.949196,0.959481,0.920949,0.952553,0.961378,0.967859,0.942946,0.951958,0.971227,0.976855,0.947332,0.950122,0.980286,0.993395,0.911686,0.930614,0.919517,0.913933,0.902551,0.90759,0.914435,0.918218,0.917961,0.912206,0.937226,0.91043,0.950778,0.923991,0.94742,0.955738,0.960262
1987-12-31,1.018203,1.09587,1.110217,1.095189,1.123624,1.05825,1.077032,1.07564,1.033699,1.084837,1.036505,1.038955,1.033931,1.037269,1.034628,1.065386,1.040078,1.035005,1.116445,1.099417,1.056818,1.13042,1.075326,1.080275,1.051846,1.046946,1.075514,1.069809,1.084773,1.017299,1.03739,1.064054
1988-01-31,1.057348,1.01801,1.024558,1.014401,1.07536,1.043836,1.032544,1.043242,1.07088,1.066621,1.061587,1.064428,1.068544,1.046437,1.059205,1.070818,1.031357,1.047011,1.005713,1.021757,1.024716,0.979686,1.033828,1.062765,1.091556,1.061524,1.051782,1.036897,1.054459,1.0906150000000001,1.10114,1.078701
1988-02-29,1.095155,1.085336,1.096825,1.085224,1.069477,1.072718,1.089744,1.074895,1.058444,1.088805,1.084516,1.080224,1.087709,1.074524,1.049317,1.041268,1.061802,1.076248,1.044287,1.048788,1.100462,1.060109,1.06869,1.041621,1.030537,1.027083,1.04884,1.069013,1.0642,1.003238,1.027552,1.051965
1988-03-31,1.072885,1.048348,1.018808,1.031168,1.053059,1.048018,1.047216,1.043247,1.043246,1.015748,1.023426,1.025871,1.03062,1.032819,1.057934,1.023376,0.96913,0.96358,0.963559,0.961687,1.001849,0.98047,0.949441,0.963484,0.976831,0.962592,0.974015,1.013378,1.018672,0.988255,0.958636,0.9667250000000001
1988-04-30,1.04491,1.018324,1.013178,1.007027,1.026737,1.035883,1.020342,1.014259,1.004502,1.035155,1.018092,1.000477,1.032509,1.032243,1.006379,1.018887,0.983862,0.989225,0.996349,0.99419,1.004755,0.999059,1.026622,0.999115,1.033559,1.022566,1.002405,0.992612,1.020574,0.99794,1.003892,1.055096
1988-05-31,0.961041,0.973714,0.967363,0.970363,0.981273,0.979778,0.985831,0.986627,0.984409,0.992031,0.98953,0.984032,0.976116,1.003507,1.020138,0.996598,0.994789,0.994429,0.998758,1.001723,0.997514,1.006812,1.00189,1.004384,1.008031,1.015481,1.000602,0.990523,1.005885,1.034507,1.032595,1.01345
1988-06-30,1.032714,1.079077,1.075868,1.081577,1.051189,1.079676,1.0714730000000001,1.077718,1.058962,1.049636,1.063496,1.058728,1.056577,1.055732,1.086166,1.064568,1.019158,1.052195,1.032898,1.064161,1.051509,1.072905,1.090052,1.058676,1.01737,1.047252,1.058954,1.076876,1.010388,1.047892,1.052727,1.087878
1988-07-31,0.993504,0.998455,0.982524,0.965856,0.989388,1.000595,1.00036,0.990199,1.009405,1.003808,0.990708,1.019673,1.00654,1.000635,1.017192,0.978616,0.971722,0.998991,1.000256,0.970685,0.993525,0.981968,0.979982,0.988121,0.998482,1.005887,0.993634,0.997468,1.006087,1.007609,0.998239,0.987318
1988-08-31,0.956196,0.98774,0.971896,0.949622,0.950635,0.986589,0.978646,0.979549,1.006054,0.991198,0.99719,0.971698,0.993518,0.975061,0.983565,0.984922,0.991932,0.9643660000000001,0.981501,0.955999,0.955179,0.979908,0.942809,0.957558,0.981649,0.98265,0.986448,0.966657,0.986524,0.987359,0.990222,0.977774
1988-09-30,1.013658,1.027132,1.041737,1.020691,1.029208,1.035915,1.033243,1.007638,1.022493,1.0299,1.034309,1.014436,1.025609,1.035749,1.020414,1.059692,1.058361,1.0685769999999999,1.062459,1.046094,1.038062,1.034974,1.042894,1.054784,1.03997,1.01753,1.037415,1.045547,1.025159,1.036578,1.04444,1.038609
1988-10-31,0.957105,0.990125,0.981175,0.981944,0.982586,0.996029,0.992823,1.00962,0.99914,1.00517,1.001028,0.990532,1.010217,1.010177,0.993613,1.034579,1.000901,1.025393,1.027091,0.995756,1.087362,1.021601,1.034222,1.014578,1.020479,1.0123,1.023576,1.0084,1.028303,1.021669,1.033659,1.048564
1988-11-30,0.965077,0.971305,0.96491,0.958274,0.965827,0.968183,0.979086,0.971169,0.987931,0.981732,0.973626,0.956874,0.982457,0.989567,0.968778,0.958289,0.976484,0.970833,0.992871,0.974052,1.022136,0.96967,0.976826,0.967299,0.979985,0.985944,0.97007,0.991576,0.991068,1.005756,0.973832,0.99001
1988-12-31,1.028482,1.028073,1.04031,1.043749,1.072689,1.041885,1.025525,1.035719,1.049693,1.038693,1.031418,1.048847,1.043165,1.019747,1.02656,1.003973,1.038659,1.027162,1.013409,1.038868,1.003742,1.026224,1.028136,1.042485,1.014952,1.01857,1.02546,0.995933,1.008575,1.004556,1.007113,0.995025
1989-01-31,1.054909,1.0389,1.036663,1.048679,1.038435,1.043615,1.031461,1.045268,1.043642,1.040496,1.038637,1.056899,1.076022,1.067888,1.03839,1.061857,1.062648,1.050988,1.068067,1.085014,1.079902,1.059507,1.061046,1.059905,1.071263,1.063558,1.050415,1.067218,1.07052,1.059833,1.065148,1.103447
1989-02-28,1.013032,1.021698,1.003789,0.99731,1.005789,1.01872,1.007084,0.995991,1.029674,1.022556,1.012201,0.995265,1.011089,1.015106,1.025404,1.005732,0.991004,0.975629,0.97651,0.966822,0.988797,0.984738,0.969553,0.985049,0.999872,0.976569,0.982805,0.974536,0.992777,0.982448,0.992697,0.970212
1989-03-31,1.03893,1.033789,1.026048,1.024648,1.053399,1.028508,1.013591,1.049072,1.008816,1.028422,1.017388,1.049946,1.025111,1.026703,1.047812,1.048819,1.035476,1.041513,1.029758,1.007898,1.042852,1.01391,0.973254,1.037309,1.021097,1.037273,1.032296,1.007664,1.035443,1.023022,1.026936,1.004245
1989-04-30,1.018826,1.044261,1.054332,1.049403,1.055411,1.03626,1.035882,1.061045,1.025047,1.039467,1.040964,1.03881,1.051963,1.039245,1.042955,1.003091,1.048163,1.069309,1.066459,1.054315,1.059602,1.030656,1.05244,1.057687,1.059547,1.044497,1.057656,1.040341,1.03979,1.044975,1.050783,1.02453
1989-05-31,1.036552,1.032206,1.036581,1.055018,1.074525,1.021946,1.03345,1.04121,1.029996,1.039675,1.04412,1.027488,1.030805,1.028266,1.04416,1.040603,1.052995,1.026527,1.055054,1.046201,1.035648,1.037188,1.02113,1.037921,1.038984,1.04763,1.040264,1.038651,1.050183,1.043079,1.039798,1.012104
1989-06-30,0.961629,0.995293,0.998768,0.956629,0.983683,0.99128,0.977414,0.986797,1.005618,1.008946,0.997351,0.995603,0.996749,1.008534,0.992521,1.007318,1.004093,1.027161,0.98588,0.97775,0.983956,0.996169,1.003785,0.991144,0.992025,0.999957,0.975201,0.997729,1.007773,1.000236,1.003376,1.014746
1989-07-31,1.048051,1.032393,1.03445,1.05104,1.066974,1.03442,1.03153,1.055775,1.025006,1.036997,1.039581,1.048268,1.049895,1.030583,1.025653,1.026626,1.13581,1.104225,1.099259,1.105876,1.098156,1.086904,1.074762,1.089104,1.060926,1.083946,1.063798,1.076723,1.064779,1.058057,1.083482,1.05087
1989-08-31,1.008628,1.027047,1.031022,1.028786,1.025537,1.025133,1.026645,1.01899,1.022443,1.038202,1.03931,1.02402,1.016453,1.015697,1.024064,1.038135,0.988845,0.997626,0.997297,1.021784,1.07584,1.028678,1.023244,1.023199,1.019343,1.012725,1.030727,1.035059,1.013206,1.017484,1.022172,1.060501
1989-09-30,1.026322,0.998321,1.005624,1.023725,0.991596,0.994767,1.008061,0.979775,1.013991,1.002088,1.010998,0.99018,0.973414,1.002643,0.993324,0.974054,1.035918,0.999836,1.022528,1.00308,0.984613,0.984637,0.970211,0.985015,0.993293,0.99629,1.002078,1.005583,1.021159,0.994127,0.997673,0.968886
1989-10-31,0.918676,0.948878,0.961419,0.948375,0.937073,0.945394,0.946002,0.922569,0.925508,0.947421,0.965838,0.93084,0.90382,0.934793,0.934314,0.937943,0.997108,0.986046,0.990579,0.994757,0.952079,0.971555,0.948822,0.972325,0.983798,0.956109,0.964743,0.946936,0.995769,0.985358,0.973684,0.951442
1989-11-30,1.012226,1.0113,1.00806,1.009293,1.025191,1.010385,0.999315,1.010261,1.007125,1.008749,1.005949,0.995203,0.991104,0.99797,1.0129,0.988775,1.023511,1.030906,1.024106,1.004299,1.041645,1.011558,1.009217,1.045077,1.029159,1.023193,1.022189,1.001789,1.019258,1.015956,0.998625,0.980039
1989-12-31,0.97068,1.005686,1.009327,1.006606,0.983073,1.006889,1.000394,0.992518,0.987824,1.004259,1.009616,1.003965,1.002024,0.995396,0.978678,0.979731,1.029556,1.018473,1.017271,0.996662,1.028361,1.01984,1.008815,1.005698,1.060365,1.015376,1.043892,1.035363,1.037417,1.027144,1.014955,0.999443
1990-01-31,0.926749,0.915479,0.927685,0.890881,0.888016,0.929942,0.923967,0.921315,0.935967,0.931517,0.935656,0.8987160000000001,0.943052,0.940611,0.885951,0.898087,0.899127,0.931779,0.919594,0.924268,0.95656,0.929732,0.952753,0.94944,0.931731,0.923376,0.909751,0.923475,0.936271,0.931665,0.893915,0.952832
1990-02-28,1.030692,0.989305,1.024056,1.046592,1.044206,1.017975,1.031519,1.034655,1.015423,1.022831,1.018728,1.042316,1.012149,1.012369,1.026873,1.033297,0.999656,0.992617,1.009154,1.00866,1.034103,1.010802,1.011549,1.023534,1.016349,1.019805,1.007227,1.018117,1.024807,1.006137,1.023998,1.052912
1990-03-31,1.040867,1.036195,1.035684,1.047015,1.028222,1.049906,1.037709,1.059582,1.027884,1.031538,1.033423,1.052983,1.007282,1.023924,1.015743,1.017402,1.04972,1.035881,1.031954,1.042563,1.051961,1.026176,1.029376,1.031792,1.008872,1.011257,1.011985,0.996413,0.997658,0.99841,1.027601,1.006416
1990-04-30,0.968514,0.987691,0.993898,0.960462,0.961805,0.970856,0.971506,0.967433,0.956314,0.968881,0.980588,0.948649,0.929355,0.954337,0.9613389999999999,0.955315,0.977392,0.995782,0.983892,1.007687,0.961309,0.991781,0.994436,0.978245,0.959339,0.949878,0.9611,0.953008,0.958533,0.941622,0.964201,0.947824
1990-05-31,1.097051,1.052001,1.081843,1.090931,1.0694919999999999,1.075938,1.073297,1.094848,1.046943,1.044948,1.043569,1.045858,1.024425,1.038974,1.04937,1.05112,1.124165,1.102107,1.122006,1.105761,1.103917,1.119768,1.091592,1.109941,1.06636,1.073582,1.085436,1.062894,1.065379,1.061327,1.100848,1.088783
1990-06-30,1.021173,1.022246,1.019082,1.002158,1.025856,1.019534,0.993651,1.011607,0.999269,0.993702,0.989318,1.003988,1.011989,1.003169,1.000438,0.993217,0.979555,1.021988,1.024237,1.037422,0.989926,1.006839,0.983473,0.975009,0.978433,0.964819,0.969931,0.977952,0.989278,0.997125,0.988932,0.966867
1990-07-31,0.963191,0.962175,0.976451,0.946241,0.993656,0.978274,0.966384,0.947389,0.962206,0.972646,0.966591,0.9697,0.958265,0.956688,0.94533,0.907101,0.992691,0.996785,1.001712,0.969204,1.02068,0.98053,1.000272,0.969623,1.027972,0.970439,1.027475,0.973896,0.991074,0.980684,0.966286,0.996757
1990-08-31,0.867611,0.867021,0.880042,0.842522,0.88227,0.901196,0.870858,0.833894,0.8844730000000001,0.905923,0.915464,0.8969400000000001,0.875509,0.889347,0.866169,0.863133,0.904378,0.909094,0.910183,0.912221,0.929817,0.910298,0.894613,0.87822,0.940935,0.923262,0.919426,0.888242,0.9095139999999999,0.9009240000000001,0.891809,0.89291
1990-09-30,0.905141,0.923153,0.91969,0.887877,0.892232,0.924126,0.921945,0.901271,0.951385,0.9314169999999999,0.930967,0.911022,0.921712,0.909064,0.88291,0.882231,0.950805,0.968266,0.943208,0.931669,0.993102,0.972904,0.960115,0.904055,0.971267,0.993761,0.947904,0.875493,0.961047,0.9334830000000001,0.91139,0.904444
1990-10-31,0.922013,0.926254,0.961133,0.936407,0.887798,0.943472,0.950813,0.939008,0.946751,0.982433,0.96037,0.932594,0.945201,0.915037,0.887126,0.908722,0.969423,1.020669,1.029522,0.994906,0.977162,1.007074,0.99526,0.961524,0.969442,1.003853,0.987322,0.92323,1.040938,1.003477,0.963652,0.952969
1990-11-30,1.064383,1.047998,1.06576,1.108052,1.055104,1.04455,1.063309,1.087274,1.03672,1.057587,1.067678,1.082192,1.011098,1.058841,1.033863,1.05524,1.072037,1.043785,1.061907,1.09413,1.057088,1.053403,1.081669,1.107429,1.042392,1.072379,1.079741,1.120438,1.051704,1.050842,1.057879,1.104601
1990-12-31,1.015867,1.055438,1.044926,1.042071,0.990448,1.045427,1.031519,1.041261,1.064688,1.026344,1.0399370000000001,1.030724,1.029006,1.019381,1.004082,1.037463,1.034069,1.024142,1.036825,1.042717,1.026603,1.019836,1.028595,1.055133,1.01136,1.018762,1.037458,1.047093,1.033133,1.01162,1.016512,1.050582
1991-01-31,1.050586,1.109813,1.061329,1.099811,1.086398,1.058688,1.071304,1.125262,1.07799,1.065006,1.068605,1.0716,1.119964,1.08188,1.089411,1.099579,1.039418,1.071998,1.021187,1.082923,0.994887,1.013877,1.057695,1.104151,1.002288,1.0622,1.031871,1.106298,1.030482,1.033851,1.072734,1.067566
1991-02-28,1.141692,1.12478,1.106547,1.115528,1.126441,1.115266,1.100654,1.108086,1.10384,1.090554,1.066714,1.119413,1.137622,1.113333,1.13611,1.149683,1.059871,1.090648,1.070197,1.093946,1.083298,1.067107,1.07476,1.070118,1.05998,1.032873,1.070147,1.0671599999999999,1.052814,1.080531,1.084038,1.090767
1991-03-31,1.085437,1.049715,1.041601,1.087171,1.054598,1.050114,1.047782,1.06382,1.068269,1.055903,1.049954,1.080303,1.072076,1.067701,1.040192,1.069978,1.046306,1.044677,1.058958,1.039299,0.995567,1.010674,1.030002,1.039532,1.010429,0.976799,1.034847,1.023525,1.032893,1.016085,1.025434,1.023729
1991-04-30,0.998609,0.97903,1.000139,0.994609,0.994294,1.009574,1.0291109999999999,1.006975,0.998122,1.036495,1.014524,1.029082,1.006293,1.027739,0.997521,0.983209,1.016726,1.002489,0.992097,0.994862,1.008176,1.007096,1.004659,0.992985,1.020052,0.976395,1.0217,1.022324,1.002183,0.994327,1.01973,1.031891
1991-05-31,1.024062,1.060626,1.041091,1.045101,1.077525,1.048964,1.037001,1.059676,1.034944,1.038617,1.037809,1.043397,1.027974,1.016592,1.016644,1.026053,1.023232,1.032929,1.045261,1.0522,1.018408,1.021862,1.068812,1.056915,1.004134,1.021498,1.049194,1.07341,1.020904,1.059368,1.07073,1.06945
1991-06-30,0.948513,0.961045,0.963798,0.941772,0.940096,0.960392,0.987951,0.958182,0.953143,0.964557,0.990103,0.971638,0.918977,0.966191,0.951977,0.928272,0.950747,0.969153,0.94522,0.952804,0.953851,0.958095,0.948819,0.938101,0.971097,0.937612,0.968627,0.948203,0.977088,0.953227,0.947214,0.965379
1991-07-31,1.028167,1.041193,1.023954,1.054777,1.011161,1.021661,1.026227,1.042066,1.03752,1.01338,1.02552,1.039263,1.060985,1.028074,1.024838,1.034692,1.03095,1.032827,1.057723,1.075819,1.036192,1.034686,1.037753,1.026336,1.051529,1.041939,1.037232,1.052859,1.056066,1.032883,1.042023,1.036129
1991-08-31,1.043205,1.019822,1.044973,1.046468,1.03782,1.038251,1.019291,1.03014,1.058859,1.026844,1.0385,1.033645,1.044254,1.063869,1.021013,1.038113,1.026611,1.019007,1.041775,1.043859,1.002556,1.012518,1.007844,1.019056,1.041916,1.016863,1.020195,1.048043,1.028863,1.02294,1.009658,1.022055
1991-09-30,1.025741,1.037086,0.994616,1.01241,1.027688,0.995711,1.009785,1.007302,1.004522,1.009934,1.000927,1.003126,0.964332,0.9677830000000001,0.989698,1.021293,0.986553,0.966031,0.978054,0.982144,0.988052,1.001186,0.994006,0.960713,0.994389,1.0139,0.964202,1.001849,0.991804,1.008202,0.989107,0.968756
1991-10-31,1.074602,0.99445,1.007998,1.032893,1.032112,1.016982,1.020538,1.025877,1.025794,1.016828,1.042728,1.022398,1.010094,1.016772,0.998579,1.062841,1.033977,1.0069110000000001,1.01628,1.019927,1.015961,1.012297,0.989582,1.014069,1.007231,1.023477,1.027741,1.012828,1.029235,1.02332,1.013301,1.05109
1991-11-30,0.970864,0.939158,0.958028,0.950449,0.971121,0.975512,0.966381,0.950889,0.973264,0.963221,0.957327,0.941977,0.92737,0.922472,0.957206,0.922009,0.994625,0.967461,0.976826,1.000824,0.942165,0.943858,0.934408,0.956937,0.959234,0.965978,0.940848,0.904017,0.9696,0.943853,0.965152,0.918954
1991-12-31,1.062436,1.080299,1.07991,1.11608,1.071038,1.069529,1.066409,1.058401,1.119966,1.060296,1.060843,1.055433,1.082278,1.099998,1.071766,1.088823,1.1352579999999999,1.11806,1.142157,1.166942,1.097827,1.064691,1.078169,1.133156,1.050358,1.09058,1.098782,1.139773,1.093582,1.073121,1.077372,1.1308639999999999
1992-01-31,1.189713,1.08657,1.065709,1.060845,1.098513,1.05919,1.064986,1.088178,1.115484,1.079935,1.082602,1.092259,1.152721,1.119166,1.066881,1.113614,0.97025,0.95065,0.969002,0.974745,0.994345,0.961406,1.00515,0.98474,1.008412,0.965162,1.009634,1.006674,1.026162,1.031683,1.001297,1.04459
1992-02-29,0.998399,0.997854,1.027583,1.009775,1.007558,1.031762,1.013109,1.0239,1.075527,1.033231,1.058668,1.044457,1.090141,1.09372,1.076634,1.093948,1.027086,1.017067,1.000876,0.995434,0.984751,0.99821,0.987284,1.022242,1.026184,1.005429,1.04194,1.029187,1.042791,1.058355,1.054964,1.034803
1992-03-31,0.926123,0.976085,0.967928,0.931507,0.99747,0.996794,1.002116,0.974672,0.999293,0.995987,0.994186,0.98997,0.984148,1.000212,0.993517,0.968687,0.96457,0.966431,0.977018,0.961413,0.981144,0.979173,0.984119,0.987422,0.989498,0.983278,1.003992,0.981078,0.996051,0.985342,0.992861,0.986547
1992-04-30,0.957059,0.96494,0.973114,0.9416059999999999,0.956311,0.974602,0.973185,0.962085,0.928449,0.988132,0.994253,0.955662,1.002946,1.01889,1.000776,0.991546,1.000682,0.961214,0.998516,0.988908,1.071392,1.067264,1.040064,1.020579,1.017082,1.059615,1.034187,1.017651,1.046483,1.059689,1.023102,1.012104
1992-05-31,0.992372,1.013958,0.999313,0.990135,1.000435,1.004427,1.012454,1.025008,0.989363,1.013045,1.010898,0.995055,1.022388,1.062614,1.018521,1.038644,0.99282,1.013215,1.010154,1.014874,0.992044,1.012485,1.005784,1.000889,1.011369,1.00685,0.990939,1.00511,1.008546,1.004785,0.99811,0.989923
1992-06-30,0.919941,0.94219,0.955289,0.935706,0.953819,0.958379,0.999562,0.952137,0.948154,0.962384,0.974478,0.96491,0.98589,0.98915,0.983876,0.976981,0.980986,1.016629,0.97567,0.963404,0.984783,0.989322,0.993274,0.994656,0.977079,0.995129,0.971609,0.963208,1.004367,1.01938,0.998637,0.961121
1992-07-31,1.042199,1.037459,1.033357,1.024594,1.042298,1.027561,1.03453,1.026372,1.025773,1.026276,1.049393,1.049039,1.030664,1.025947,1.036483,1.044323,1.02921,1.046671,1.06005,1.047361,1.031494,1.047762,1.02735,1.044572,1.040141,1.057866,1.004641,1.043116,1.040065,1.021688,1.049249,1.000834
1992-08-31,0.930878,0.97752,0.962382,0.959939,0.951838,0.953864,1.001489,0.986696,0.989566,0.982909,0.979962,0.999539,0.933034,0.967679,0.973574,0.987886,0.989008,0.99976,1.003286,0.979926,0.964487,0.98268,0.963041,0.980262,0.994086,0.994097,0.951231,0.966391,0.962954,0.93279,0.997728,0.955005
1992-09-30,0.986166,1.012452,1.032521,1.011565,0.999906,1.026275,1.022928,1.032412,1.063147,1.021542,1.009247,1.022931,1.001629,1.004825,1.001736,1.029691,1.047289,1.028597,0.988681,1.01045,1.00122,1.017909,1.032858,1.043943,0.997832,1.011394,0.996143,1.029025,1.022851,0.990139,1.025636,1.026784
1992-10-31,1.011916,1.009201,1.047769,1.05236,1.059656,1.024902,1.017067,1.022978,1.070557,1.021096,1.025664,1.005337,1.025664,1.013136,0.992406,1.017953,1.031211,0.990955,1.032867,1.032132,1.009671,0.968632,1.015996,1.034606,0.988283,0.987907,0.943256,1.005818,1.026858,1.001974,0.99027,1.0336940000000001
1992-11-30,1.0829,1.067155,1.078138,1.104316,1.070729,1.0639,1.064243,1.079238,1.087504,1.068952,1.050474,1.052218,1.074494,1.07657,1.074415,1.057763,1.036778,1.017695,1.033884,1.060241,1.053358,1.035228,1.056959,1.051131,1.00268,1.013491,1.040768,1.047911,1.031935,1.051525,1.030587,1.068904
1992-12-31,1.031889,1.039261,1.043342,1.018459,1.033611,1.035935,1.039166,1.029228,1.065086,1.054685,1.0402,1.043002,1.0676269999999999,1.043049,1.049064,1.039775,0.986465,0.994763,1.00475,0.992628,1.024314,1.035389,1.022577,1.041434,1.019515,1.035386,0.955418,1.040006,1.040709,1.031099,1.036601,1.038002
1993-01-31,1.020661,1.007137,1.003145,1.013385,1.050568,1.046013,1.038549,1.040112,1.103285,1.04535,1.051361,1.041898,1.075614,1.092148,1.054247,1.068196,1.001232,0.959125,0.972702,0.988778,1.014915,1.032185,0.991645,1.032781,1.021409,1.016684,0.99788,1.01718,1.054435,1.059273,1.028449,1.026849
1993-02-28,0.954985,0.983303,0.973498,0.922067,0.949072,1.004945,1.016536,0.980756,0.98812,1.009864,1.020311,1.015404,1.002387,1.019339,1.024645,1.02226,1.006113,0.966732,0.984131,0.9422740000000001,1.031909,1.020561,1.006203,1.02457,1.045884,1.051944,1.032519,1.005248,1.035813,1.029315,1.058769,1.011694
1993-03-31,1.015959,1.041528,1.014263,1.017664,1.027822,1.049708,1.01158,1.026887,1.014038,1.0434,1.0381879999999999,1.033012,1.037503,1.031341,1.049252,1.022153,1.024811,1.005567,1.021826,1.003969,1.02348,1.032562,1.041096,1.030625,1.041351,1.019118,1.027856,1.033983,1.025267,1.022169,1.04446,1.036958
1993-04-30,0.967939,0.959811,0.955585,0.968288,0.979218,0.956771,0.969665,0.973009,1.012583,0.970138,0.982147,1.001166,0.955325,0.967726,0.963108,0.969757,0.986943,0.905445,0.957456,0.936683,0.976167,0.991258,0.989077,0.964091,0.999639,0.993311,0.992533,0.969925,0.981433,1.013178,0.970545,0.964401
1993-05-31,1.061668,1.0651869999999999,1.037909,1.077274,1.049367,1.027339,1.026085,1.044568,1.030943,1.033147,1.018813,1.028714,1.046023,1.057511,1.016961,1.006275,1.030726,1.034765,1.026085,1.050973,1.041717,1.027369,1.040865,1.051701,1.021853,1.004123,1.034808,0.991148,1.015549,0.997771,1.015067,1.049958
1993-06-30,0.997036,1.014321,1.029149,1.000951,1.03342,0.99733,1.023184,0.998008,1.05385,1.025273,0.997546,1.007529,1.01363,1.014572,1.002899,1.018789,0.999955,0.973762,1.001787,0.9619530000000001,1.00368,0.988475,1.016724,1.000899,0.99904,1.027483,1.014092,1.022025,1.037301,1.033366,1.03144,1.029356
1993-07-31,0.984915,1.009312,0.994987,0.997305,1.00202,1.027574,1.019054,0.994241,1.036443,1.017625,1.03309,1.009634,1.02988,1.030791,1.025714,0.99845,0.97396,0.998961,0.971597,0.955122,1.006062,1.01431,1.001601,0.995701,1.02043,1.025071,1.011194,1.001046,0.998268,1.016528,1.015634,1.026537
1993-08-31,1.0384929999999999,1.071748,1.034604,1.036419,1.059138,1.038509,1.046705,1.050466,1.057811,1.019611,1.04587,1.057123,1.028514,1.010253,1.021041,1.049764,1.049853,1.033892,1.040736,1.03921,1.03443,1.05451,1.026569,1.011801,1.036215,1.03917,1.047802,1.037809,1.041692,1.036384,1.041335,1.082574
1993-09-30,1.034832,1.019204,1.016841,1.037626,1.028256,1.025012,1.025487,1.024588,1.026709,1.026587,1.010886,1.021287,1.050442,1.013332,1.035349,1.026477,0.97553,0.984314,0.989314,1.001564,1.014243,0.990455,0.977342,0.989811,1.015725,0.998495,0.987593,1.021161,1.002605,1.002506,0.999903,0.969403
1993-10-31,1.0634190000000001,1.035404,1.034318,1.035951,1.030807,1.002296,1.020053,1.020991,1.020603,1.02358,1.02292,1.023621,1.036142,1.016343,1.050728,0.988381,1.036561,1.073154,1.039101,1.041952,1.007017,1.010909,1.001482,0.998837,1.019491,1.025105,0.978899,0.967784,0.998968,0.9808790000000001,0.97812,0.986728
1993-11-30,0.952905,0.973974,0.966424,0.969424,0.985618,0.971121,0.976031,0.974939,0.979991,0.981081,0.963226,0.9643889999999999,0.95375,0.980726,0.970953,1.003167,0.986081,1.011297,1.010102,1.016707,0.97474,0.986738,0.96501,0.994403,0.96065,0.984445,0.982254,0.96282,1.002858,0.962788,0.96534,0.990436
1993-12-31,1.000549,1.037364,1.028994,1.031803,1.031519,1.041796,1.04464,1.044659,1.020738,1.02832,1.02949,1.01863,1.030918,1.021122,1.035272,1.030948,1.027213,1.016692,1.021747,0.995745,1.018897,1.01452,1.011558,1.056843,1.010641,1.015169,1.021234,1.030753,1.021094,1.022009,1.027197,0.992369
1994-01-31,1.036925,1.002655,1.012046,1.024568,1.061807,1.006249,1.013513,1.045235,1.070168,1.03517,1.016698,1.024274,1.065605,1.051141,1.063841,1.0632570000000001,1.012091,1.008358,1.00648,1.030473,1.040834,1.034333,1.0546,1.039904,1.049358,1.046856,1.043734,1.025088,1.043043,1.009494,1.011086,1.022252
1994-02-28,0.96276,0.997692,0.995119,0.995577,1.033579,1.011513,1.008314,1.013935,0.995442,1.006043,0.981424,0.988419,0.988115,0.987881,0.988618,0.977802,0.96103,0.96452,0.978204,0.992421,0.984529,1.004876,0.965157,0.987544,0.963856,0.954071,0.981004,0.982067,0.960751,0.946742,0.960418,0.951141
1994-03-31,0.935002,0.959771,0.96327,0.9253359999999999,0.967801,0.953326,0.957837,0.933547,0.963437,0.953048,0.960267,0.950934,0.960138,0.958991,0.956613,0.966025,0.94256,0.940944,0.961351,0.946479,0.952906,0.957001,0.969155,0.950295,0.963077,0.974805,0.959544,0.955103,0.973832,0.956595,0.954588,0.960927
1994-04-30,0.987296,1.004542,1.001462,0.985684,0.981695,1.019785,1.0094,1.009911,1.02057,1.012981,1.008877,1.001636,1.017411,1.016934,1.003306,1.014907,1.024773,1.00606,1.023367,0.997487,1.008015,1.008275,1.004303,0.994487,1.024579,1.0234,1.017481,1.020159,1.014642,1.020153,1.000052,1.027917
1994-05-31,0.98931,0.994825,0.9854849999999999,0.971205,0.968189,0.991386,0.989101,0.992892,0.974047,0.990355,0.995348,1.007314,1.022404,0.993516,1.006527,0.993332,1.009403,1.016212,1.00782,1.003379,1.017956,1.007112,1.045449,1.02569,1.016295,0.993208,1.01696,1.027609,1.03102,0.974613,0.988588,1.038633
1994-06-30,0.946963,0.960705,0.981026,0.944333,0.972949,1.006602,0.977841,0.964661,0.95663,0.978841,0.994304,0.957,0.993352,0.982405,0.974704,0.97769,0.958012,0.972726,0.974297,0.961814,0.979052,0.980667,0.971325,0.968378,0.974022,1.012843,0.963079,0.98272,0.975918,0.978211,0.979335,0.963975
1994-07-31,1.009531,1.001526,1.039162,1.01109,1.016141,1.011077,1.014219,1.008629,1.018479,1.024166,1.025497,1.023993,1.027377,1.018916,1.010702,1.011509,1.024085,1.037868,1.014339,1.030768,1.027679,1.028112,1.030951,1.045336,1.042372,1.037179,1.0443,1.038693,1.044079,1.033003,1.033109,1.027136
1994-08-31,1.075527,1.045951,1.051676,1.086826,1.062723,1.052608,1.051797,1.052973,1.021253,1.047306,1.030189,1.037089,1.058678,1.034617,1.042721,1.047933,1.043175,1.055384,1.061237,1.077949,1.037413,1.017265,1.025018,1.049404,1.035257,1.005448,1.018313,1.048684,1.057935,1.035298,1.026476,1.024931
1994-09-30,1.01917,0.995739,1.011826,1.001619,1.002175,0.988717,0.99831,0.985367,1.023572,1.002174,0.989967,1.002364,0.997107,0.989083,1.010695,0.990113,0.976508,0.990742,1.013087,0.988716,0.967823,0.971595,0.969333,0.964787,0.990528,0.975051,0.981861,0.925637,0.982202,0.945942,0.95851,0.951951
1994-10-31,0.996204,0.990617,1.0155129999999999,1.006415,1.002509,0.995438,0.997576,1.005475,1.015744,1.001705,1.001691,0.977036,0.976798,0.987436,0.979102,0.9620029999999999,0.975775,1.02877,1.031182,1.039011,1.012993,0.999653,1.029628,1.01161,1.044882,1.025556,1.008159,1.046234,1.016215,0.999693,1.014553,1.001376
1994-11-30,0.969533,0.955068,0.964422,0.960946,0.990456,0.968086,0.97306,0.9651730000000001,0.964962,0.96845,0.958794,0.971469,0.966147,0.965366,0.9655320000000001,0.957374,0.980457,0.956153,0.99841,0.978212,0.942127,0.961495,0.95257,0.950077,0.958189,0.972365,0.984639,0.964274,0.935799,0.9581770000000001,0.974563,0.944957
1994-12-31,0.991626,1.022213,1.016159,1.004741,1.004228,1.032723,1.016955,1.012994,1.027302,1.02105,1.027339,1.031737,1.016063,1.005759,0.994116,1.007787,1.034633,1.01434,1.021968,0.993428,1.012845,1.01494,1.009994,1.03884,1.005637,1.016685,1.007135,1.013421,0.996144,1.004544,1.023807,1.011473
1995-01-31,0.986734,0.991029,0.973847,0.989749,1.012072,0.996459,1.003043,1.009475,0.979487,1.000376,0.990918,1.001158,0.985623,1.027145,1.025323,1.00195,1.01527,1.020953,1.036716,1.011893,1.019017,1.039069,0.98558,1.025737,1.009149,1.029471,1.051763,1.033849,1.022276,1.035567,1.050933,1.067612
1995-02-28,1.024675,1.035589,1.046094,1.038079,1.006606,1.025386,1.038184,1.042711,1.016195,1.029745,1.038947,1.042352,1.060706,1.048952,1.042579,1.044456,1.043979,1.026019,1.03731,1.031536,1.048914,1.031021,1.043717,1.079731,1.044412,1.033235,1.013507,1.038531,1.068166,1.061906,1.036346,1.035133
1995-03-31,1.010851,1.042277,1.014315,1.034937,1.024962,1.018732,1.012752,1.024057,1.022965,1.015406,1.00354,1.021792,1.003271,1.00977,1.001067,1.039921,1.028651,1.033822,1.021703,1.033451,1.038707,1.020348,1.04535,1.030429,1.052092,1.019066,1.011778,1.024443,1.026839,1.001306,1.013308,0.99669
1995-04-30,1.008083,1.033907,1.022138,1.007279,1.026519,1.032097,1.030064,1.037731,1.033997,1.026032,1.031083,1.044335,1.041608,1.035879,1.013807,1.024671,1.022129,1.026865,1.039866,0.997157,1.01755,1.027461,1.020997,1.056462,1.039759,1.023556,1.014442,1.036606,1.039813,1.043196,1.025431,1.021478
1995-05-31,1.012332,1.025602,1.006046,1.003281,1.014185,1.014074,1.017908,1.019726,1.05719,1.011719,1.028235,1.027328,1.032754,1.025663,1.012763,1.042336,1.035839,1.032742,1.03384,1.039124,1.034087,1.013808,1.037018,1.030452,1.036972,1.029582,1.037223,1.05864,1.053246,1.053133,1.059151,1.055487
1995-06-30,1.088898,1.047028,1.045719,1.077045,1.057925,1.026579,1.048684,1.074657,1.052325,1.02894,1.056164,1.040223,1.056802,1.047281,1.015167,1.045409,1.01517,1.028095,1.014645,1.080482,1.012324,1.014423,1.036181,1.045835,0.997371,1.002538,1.019717,1.032737,1.022429,1.023176,1.013454,1.011861
1995-07-31,1.058489,1.063912,1.059411,1.089301,1.060499,1.032957,1.046858,1.046391,1.064613,1.040278,1.042403,1.060751,1.053127,1.037125,1.034358,1.059029,1.032719,1.00704,1.033012,1.056197,1.019731,1.032526,1.030589,1.065753,1.048953,1.033701,1.042079,1.025816,1.0189840000000001,1.01893,1.044618,1.058892
1995-08-31,1.064627,1.02379,1.021034,1.010129,1.042294,1.032493,1.024343,1.007095,1.038038,1.044966,1.028883,1.04848,1.049056,1.032694,1.025314,1.040137,1.012654,0.995805,0.987179,1.007635,1.009122,1.016322,0.990081,0.9896,1.00417,0.993659,1.036283,1.031296,1.022301,1.028151,1.049591,1.011122
1995-09-30,1.016341,1.008485,1.025777,1.024283,1.046801,1.027111,1.015223,1.012128,1.024889,1.034946,1.016237,1.005614,1.021775,1.015571,1.013696,1.010672,1.054335,1.066628,1.050772,1.04727,1.03998,1.032192,1.006862,1.017334,1.018097,1.034427,1.039906,1.03656,1.045158,1.047099,1.053107,1.038064
1995-10-31,0.935472,0.934527,0.950876,0.943046,0.947587,0.968433,0.959723,0.930092,0.9429,0.9630920000000001,0.965401,0.946739,0.969671,0.976254,0.958683,0.944811,1.005115,1.024615,1.005035,0.989264,0.961052,0.993192,0.970833,1.028942,0.995125,1.012473,0.994769,0.968746,0.979286,0.99678,0.954472,0.982046
1995-11-30,1.022873,1.034007,1.022369,1.045607,1.024521,1.031804,1.031598,1.032287,1.047345,1.030052,1.039794,1.039425,1.051304,1.025874,1.036591,1.03887,1.060364,1.068162,1.062136,1.024896,1.054038,1.046511,1.056154,0.985294,1.048604,1.045543,1.061278,1.046467,1.029309,1.036891,1.072435,1.042557
1995-12-31,1.052152,1.01741,1.010271,1.012961,1.038289,1.034895,1.027737,1.023079,1.035996,1.011409,1.031175,0.999371,1.022098,1.03426,1.029562,1.004692,1.048391,1.015066,1.016955,0.980068,1.023026,1.028038,1.013852,0.99405,1.029588,1.036831,1.020291,1.036478,1.023162,1.021884,1.005847,0.988903
1996-01-31,1.042125,1.020151,1.009656,0.981726,1.014612,1.022928,0.979785,1.006118,1.009791,1.017202,0.989546,1.002375,1.002889,1.007809,1.011609,1.013916,1.048914,1.03637,1.039043,1.022565,1.032994,1.02899,1.040354,1.016334,1.050703,1.011293,1.023516,1.044729,1.024264,1.024274,1.041751,1.014956
1996-02-29,1.032746,1.048583,1.034348,1.060075,1.022396,1.016412,1.016457,1.020657,1.041551,1.032474,1.024651,1.037981,1.012337,1.019729,1.01221,1.032652,0.989478,1.022726,1.008632,1.02322,1.020189,1.000608,1.022663,1.046609,1.041407,0.995402,1.030309,0.991879,0.99315,0.993424,1.033019,1.015795
1996-03-31,0.99569,0.993505,1.02294,1.034361,1.004,1.032207,1.032804,1.010141,1.033258,1.021593,1.037444,1.042592,1.033559,1.023495,1.02699,1.014706,1.005678,0.99097,0.992491,1.005503,1.036391,1.043128,1.03281,0.992842,0.992709,1.022574,1.019052,1.016005,0.99719,1.006433,1.030698,1.021604
1996-04-30,1.062599,1.047986,1.05212,1.105163,1.053498,1.024421,1.045597,1.059842,1.050689,1.023409,1.043736,1.039901,1.105055,1.034243,1.021713,1.051195,1.020776,1.005222,0.99595,1.047499,1.029603,1.007922,1.014701,1.064471,1.013425,1.025702,1.008286,0.998315,0.985173,0.977531,0.99715,1.001217
1996-05-31,1.066587,1.061223,1.045228,1.061772,1.059502,1.031375,1.053408,1.046757,1.072683,1.041281,1.032605,1.043751,1.111287,1.034851,1.029871,1.032145,1.020378,1.042303,1.049713,1.037544,1.007625,0.997185,1.025992,1.021868,1.006337,1.012248,1.000937,1.000433,1.017329,1.030871,1.027769,1.01257
1996-06-30,0.954859,0.956567,0.943488,0.93335,0.951251,0.974301,0.964424,0.978721,1.00157,0.982857,0.986527,0.97089,0.920069,0.987099,0.982112,0.981344,1.022693,1.026986,1.008405,0.984469,0.999292,0.998025,0.987884,0.973833,0.985825,1.007092,1.004063,1.013066,1.0179,1.026162,0.985565,0.959034
1996-07-31,0.883992,0.89903,0.932659,0.8507709999999999,0.905046,0.948223,0.940455,0.918465,0.934704,0.963266,0.946612,0.949162,0.94538,0.953952,0.9325680000000001,0.932403,0.949372,0.965321,0.94215,0.934917,0.958403,0.954627,0.950132,0.926706,0.983824,0.949219,0.970986,0.946636,0.914915,0.962122,0.968472,0.975116
1996-08-31,1.053204,1.055758,1.060553,1.075165,1.046426,1.052513,1.041818,1.04842,1.042446,1.045702,1.049257,1.051721,1.026373,1.043169,1.035634,1.076377,1.004634,0.994011,1.022492,1.04338,1.022776,1.029926,1.023183,1.034687,1.046393,1.038607,1.039626,1.048079,1.028048,1.019928,1.030699,1.046043
1996-09-30,1.031352,1.045393,1.041163,1.055103,1.039994,1.016507,1.017118,1.018972,1.040209,1.035859,1.037717,1.035726,1.032526,1.017114,1.020753,1.038869,1.051311,1.044835,1.068484,1.103306,1.028765,1.045793,1.045478,1.063151,1.04863,1.025768,1.043816,1.030033,1.022827,1.039411,1.031506,1.047421
1996-10-31,0.962048,0.965799,0.982635,0.943223,1.042508,1.013156,0.99107,0.975816,1.004518,1.005831,1.032413,0.993001,1.009812,1.00308,1.020477,1.000443,1.011454,1.03635,1.006709,0.99851,1.017542,1.021038,1.028148,0.96526,1.060227,1.064185,1.028125,1.021695,1.035289,1.031406,1.049633,1.05047
1996-11-30,1.00838,1.039364,1.022019,1.020162,1.036072,1.031314,1.044734,1.05211,1.035798,1.034865,1.060001,1.048946,1.035107,1.044575,1.04268,1.026541,1.060901,1.068056,1.074143,1.070409,1.049047,1.069871,1.062101,1.110091,1.0803989999999999,1.067754,1.067503,1.078478,1.050885,1.070986,1.084334,1.090097
1996-12-31,1.021535,1.015283,1.021932,1.004675,1.033498,1.010547,1.027652,1.030793,1.039842,1.016729,1.02283,1.01852,1.015527,1.025119,1.019337,1.022234,0.98375,1.005449,0.982112,0.962415,0.995934,0.998903,0.98186,0.995167,0.985879,0.971367,0.97645,0.984502,1.0122659999999999,0.992146,0.985128,0.980891
1997-01-31,1.068408,1.037567,1.03961,1.036597,1.039375,1.016946,1.029517,1.040598,1.027874,1.032365,1.024547,1.004814,1.038978,1.031771,1.032932,1.033619,1.076714,1.094623,1.041207,1.079111,1.056138,1.042579,1.030362,1.055976,1.044896,1.052287,1.047667,1.062613,1.000147,1.045572,1.052242,1.048649
1997-02-28,0.985811,0.960676,0.935435,0.930347,0.987561,0.992851,1.003535,0.98469,1.01081,1.020161,1.02012,0.991954,1.010689,1.017565,1.015348,1.019151,1.019835,1.044325,1.006561,0.957855,1.001961,0.98333,1.02156,0.986777,0.973824,1.007007,1.027534,1.009927,1.014093,1.035066,1.029603,1.047871
1997-03-31,0.909683,0.955048,0.941014,0.9150240000000001,0.972293,0.974356,0.970801,0.949005,0.967564,0.96837,0.977363,0.978025,0.985647,0.990173,0.993575,0.967204,0.942661,0.91791,0.956633,0.946065,0.985582,1.010111,0.940567,0.954245,0.985842,0.961881,0.957664,0.966673,0.960962,0.938352,0.958965,0.939577
1997-04-30,0.95572,0.989003,0.999383,0.964369,0.98254,0.99348,1.011362,1.010662,0.99763,1.018686,1.018276,1.006619,0.991489,0.987856,1.000333,0.967306,1.0461,1.076379,1.088091,1.077942,1.028025,1.027151,1.05181,1.019603,1.040631,1.037454,1.043217,1.065856,1.005115,1.028082,1.059261,1.029682
1997-05-31,1.129556,1.11205,1.14873,1.164263,1.105341,1.098428,1.084915,1.104229,1.103983,1.070821,1.081508,1.103406,1.07657,1.078191,1.081226,1.080229,1.05,1.067384,1.054728,1.08565,1.055866,1.069163,1.071334,1.089664,1.049927,1.046325,1.060517,1.073659,1.06066,1.057602,1.06336,1.054074
1997-06-30,1.028789,1.051041,1.041309,1.038627,1.032105,1.053163,1.050881,1.054599,1.056894,1.060578,1.07171,1.068697,1.061892,1.071248,1.069673,1.070309,1.064958,1.053123,1.054816,1.023258,1.027691,1.026428,1.033686,1.038863,1.049353,1.045267,1.038034,1.046134,1.020559,1.055921,1.038918,1.037623
1997-07-31,1.0252539999999999,1.09151,1.048433,1.052085,1.024298,1.060856,1.050099,1.047193,1.046398,1.048887,1.067347,1.060227,1.069981,1.059608,1.056307,1.032482,1.043377,1.034217,1.060432,1.137817,1.100795,1.041646,1.107698,1.104595,1.093388,1.094291,1.093606,1.114739,1.057916,1.058043,1.079181,1.079613
1997-08-31,1.049652,1.034051,1.042215,1.040703,1.051504,1.03785,1.036403,1.0235,1.034938,1.014853,1.01302,1.029869,1.033141,1.029196,1.029181,1.066674,0.9330350000000001,0.914316,0.9282509999999999,0.966574,0.975328,0.968958,0.947483,0.997352,0.959085,0.969237,0.959103,0.962128,0.995188,0.977213,0.96598,0.920604
1997-09-30,1.104695,1.055962,1.072748,1.095102,1.060491,1.061262,1.085799,1.088136,1.066252,1.063603,1.085135,1.095459,1.07511,1.078421,1.080737,1.083982,1.058788,1.050558,1.05575,1.032292,1.070157,1.050082,1.047564,1.065747,1.049144,1.062718,1.076,1.061072,1.049947,1.061429,1.049536,1.092639
1997-10-31,0.9673080000000001,0.970256,0.946647,0.927956,0.969552,0.96715,0.954288,0.958865,0.98336,0.989556,0.988836,0.960001,0.977564,0.992061,0.99749,0.942325,0.98314,0.965235,0.994048,0.950921,0.956393,0.965849,0.959743,0.947133,0.968984,0.970834,0.961157,0.972573,0.986441,0.96435,0.976747,0.963517
1997-11-30,0.98046,0.981122,0.983943,0.95709,0.979755,1.014466,1.001967,0.966578,1.000417,1.01262,1.018018,0.977143,1.007822,0.989345,1.016938,0.985464,1.032348,1.0792869999999999,1.068507,1.022182,1.055475,1.043384,1.034707,1.016259,1.034238,1.017079,1.010606,1.0502,1.046853,1.034785,1.054532,1.026076
1997-12-31,0.966861,0.987081,0.99853,0.976423,0.975414,1.020478,1.015983,0.994931,1.004204,1.029954,1.051292,1.015409,0.99865,1.017518,1.026499,1.028666,1.017974,1.038297,1.0184,0.975011,1.026017,1.009535,1.027552,0.999902,1.043094,1.023028,1.039354,1.05073,1.051061,1.040883,1.033316,1.03498
1998-01-31,1.001085,0.991526,1.00094,0.987299,1.024127,0.989291,0.990096,0.981764,0.993595,0.981078,0.978096,0.978075,0.99885,0.991044,0.994242,1.029438,1.013424,1.025115,1.050582,1.041194,0.983779,0.993821,0.985131,1.017942,0.969387,0.9681150000000001,0.977654,0.960702,0.994637,0.975018,1.005346,1.027198
1998-02-28,1.056745,1.092304,1.076125,1.090324,1.074721,1.065051,1.073898,1.076175,1.042969,1.073435,1.060079,1.070938,1.066902,1.058394,1.079278,1.086474,1.039605,1.049713,1.062877,1.110762,1.048663,1.05412,1.102246,1.085276,1.084082,1.078269,1.104992,1.075324,1.051607,1.050742,1.090995,1.093776
1998-03-31,1.053378,1.047179,1.026639,1.049107,1.055545,1.045936,1.029324,1.058731,1.062615,1.038683,1.046997,1.052944,1.046585,1.030542,1.057742,1.046161,1.032681,1.05623,1.077296,1.034976,1.035509,1.069454,1.04566,0.998426,1.064606,1.041411,1.060317,1.056897,1.064735,1.05441,1.066502,1.113635
1998-04-30,1.027101,1.013312,1.004994,1.007278,1.010582,1.019751,1.014451,1.001348,1.030405,1.030182,1.019128,1.015629,1.025233,1.028161,1.012953,1.010664,1.009004,0.969776,1.029021,1.024432,1.020964,1.001057,1.020868,1.047064,1.013581,1.006777,1.019239,1.008515,0.996881,1.004311,1.018722,1.021353
1998-05-31,0.926007,0.955963,0.933169,0.919957,0.939059,0.965359,0.951308,0.938975,0.983401,0.972382,0.972143,0.960022,0.978832,0.985113,0.957453,0.961043,0.999091,0.989446,0.974288,0.95335,0.990804,0.979249,0.986608,0.950783,0.974413,0.99539,0.965008,0.967241,0.983345,0.974554,1.009663,0.993933
1998-06-30,0.999822,1.002617,1.01566,1.006109,0.976059,0.991762,0.991828,1.008829,1.010919,1.002791,0.990158,0.997726,0.98702,0.987443,1.008834,0.993012,1.020769,1.057853,1.07812,1.102435,1.003539,1.014678,1.017331,0.998423,1.008054,1.002021,1.052518,1.005778,1.00466,1.00507,1.040523,1.068024
1998-07-31,0.936484,0.933874,0.926893,0.913563,0.909112,0.947368,0.938439,0.922373,0.915566,0.942746,0.935216,0.873445,0.940074,0.950284,0.8987700000000001,0.931697,0.99812,1.005034,0.985338,1.002638,0.956978,0.978949,0.980701,0.989936,0.975999,0.985165,0.985121,0.924312,0.96973,0.951608,0.980271,0.960989
1998-08-31,0.76459,0.821078,0.786223,0.7370680000000001,0.829967,0.858961,0.830248,0.769719,0.824078,0.871955,0.83045,0.74412,0.809737,0.849055,0.805594,0.7656769999999999,0.886629,0.873452,0.877688,0.839886,0.888624,0.827339,0.79746,0.780081,0.87923,0.814241,0.810686,0.795934,0.884412,0.88083,0.845436,0.826663
1998-09-30,1.089535,1.071108,1.085718,1.095496,1.041866,1.033669,1.038505,1.086726,1.035732,1.029224,1.04918,1.060483,1.034121,1.024433,1.022318,1.029293,1.061819,1.04073,1.094765,1.135904,1.058923,1.07398,1.046161,1.015607,1.115185,1.003119,1.052093,1.026886,1.07715,1.049201,1.075906,1.013586
1998-10-31,1.050689,1.023144,1.057129,1.041926,1.032253,1.028867,1.046662,1.031598,1.010315,1.023876,1.036973,1.055779,0.99468,1.049256,1.074984,1.007185,1.092519,1.107223,1.073176,1.039341,1.056179,1.096155,1.089364,1.098456,1.042062,1.071491,1.077035,1.12711,1.03702,1.057045,1.063826,1.072811
1998-11-30,1.109423,1.077052,1.090199,1.089347,1.062328,1.042709,1.05383,1.058267,1.079496,1.04616,1.05324,1.009139,1.070216,1.042309,1.041488,1.099436,1.080111,1.061564,1.066721,1.099119,1.05951,1.034926,1.066047,1.050555,1.044374,1.060898,1.0602,1.017939,1.02586,1.035424,1.054211,1.064766
1998-12-31,1.049767,1.050022,1.049838,1.08286,1.036956,1.02809,1.035402,1.052689,1.039857,1.017852,1.026481,1.016294,1.00359,1.054647,0.995505,1.053697,1.075149,1.058521,1.080277,1.13775,0.990794,1.105487,1.061578,1.027861,1.021427,1.034516,1.024884,1.020433,1.03763,1.012411,1.077478,1.010879
1999-01-31,1.050571,1.030401,1.029202,1.049999,1.00169,0.998362,0.996033,1.046993,1.044455,0.975182,0.982322,1.010617,1.006221,1.000008,1.0279,1.051669,1.011154,1.006057,1.055694,1.14392,0.998426,1.047506,0.989565,1.048891,0.974467,1.011717,0.994439,1.02762,0.990118,0.984065,1.007315,1.023559
1999-02-28,0.9232130000000001,0.940849,0.905276,0.895868,0.960299,0.965231,0.927832,0.9038120000000001,0.914996,0.924661,0.9345749999999999,0.896709,0.94509,0.917749,0.923672,0.89575,0.975528,0.986043,0.954997,0.901294,0.981153,0.972393,0.992185,0.976412,0.995895,0.99561,0.990766,0.974184,0.987961,0.970954,0.998274,0.97402
1999-03-31,0.98859,1.042858,0.978799,1.01094,1.013742,1.007297,0.97323,1.032433,0.96843,0.986493,0.971228,0.99958,0.979047,0.975546,0.947985,0.96828,1.06999,1.018753,1.032597,1.06718,1.039189,1.01457,1.027216,1.040201,1.036071,1.042142,1.032184,1.031733,1.02407,0.993619,1.050005,1.019799
1999-04-30,1.1049660000000001,1.0739589999999999,1.0807,1.128906,1.088872,1.072837,1.073755,1.114454,1.112729,1.078191,1.097417,1.129827,1.088065,1.086517,1.08441,1.0659939999999999,1.028605,1.00305,1.017872,0.998346,1.115624,1.032189,1.087357,1.088106,1.130041,1.065641,1.084786,1.07348,1.083254,1.086735,1.029933,1.052053
1999-05-31,1.022973,1.031923,1.042068,0.985584,1.031581,1.006256,1.021574,1.003672,1.035015,1.038897,1.029463,1.033093,1.065074,1.038257,1.050081,1.037161,0.976897,0.98351,0.954389,0.961879,0.98099,0.995437,1.008105,0.974906,0.972426,0.979508,0.997485,1.000482,1.019439,0.995396,1.031768,0.97237
1999-06-30,1.069927,1.080851,1.110315,1.050862,1.054519,1.03815,1.065879,1.06601,1.066754,1.042386,1.089725,1.027362,1.066762,1.056939,1.084409,1.013881,1.032658,1.049744,1.080825,1.111723,1.002652,1.021068,1.064174,1.056137,1.050409,1.023421,1.022915,1.019576,1.012879,1.003463,1.00024,1.016031
1999-07-31,1.019256,1.014914,1.000067,0.970311,1.021547,1.002584,0.980028,0.974451,1.003956,0.992536,1.002327,0.983559,0.995972,0.958164,1.011346,0.963541,0.952944,1.002724,0.962459,0.945378,1.009081,0.967483,0.976342,0.946153,0.961233,0.969513,0.9614,0.939814,0.971368,0.975959,0.990352,0.980881
1999-08-31,0.980878,0.992975,0.965771,0.95719,0.981283,0.995476,0.974147,0.946247,0.972351,0.97567,0.961209,0.963935,0.992555,0.951842,0.964572,0.953406,0.938583,1.009193,1.011707,1.026781,0.982618,0.97403,0.995115,0.938819,1.005448,0.987366,0.970122,0.944386,0.971757,0.950948,0.95822,0.953218
1999-09-30,1.013659,1.004553,1.015191,1.002933,1.010466,0.999511,0.975009,1.0067,0.983894,0.974598,0.975603,0.951168,0.976256,0.959617,0.969093,0.986474,0.964997,0.962561,0.993186,1.001184,0.961719,0.958037,0.962869,0.971857,0.958936,0.947387,0.966472,0.936218,0.943798,0.902862,0.938276,0.905456
1999-10-31,1.038221,1.008839,0.986749,1.007143,1.012419,0.999459,0.97023,0.967404,1.012042,0.984087,0.976191,0.977235,0.978612,0.961281,0.935364,0.927906,1.100381,1.00108,1.109454,1.062714,1.012793,1.057916,1.080473,1.124787,1.046072,1.055016,1.055353,1.091855,1.005962,1.029992,1.080691,1.085984
1999-11-30,1.137216,1.064647,1.110768,1.137048,1.09103,1.045134,1.034687,1.067675,1.077936,1.018426,1.034023,1.03914,1.061436,1.006115,1.009549,1.093327,1.033396,1.012126,1.029933,1.099327,1.015878,1.064706,1.011563,0.982027,0.96404,0.990873,1.014509,0.949168,0.979812,0.994039,0.976663,0.946565
1999-12-31,1.20631,1.168354,1.127955,1.176274,1.128158,1.032236,1.032494,1.087425,1.100824,1.035731,1.035403,1.067834,1.096797,1.034569,1.014996,1.14884,0.974077,1.007929,1.050709,1.217639,1.044653,1.094656,1.109448,1.012291,1.027342,0.980893,1.062136,0.969023,1.020798,1.017779,1.027167,1.02136
2000-01-31,1.049599,0.986828,0.980514,0.993302,1.054705,0.988805,0.965216,1.047888,1.047399,0.995088,0.980841,0.976657,1.044025,0.977029,1.014947,0.999401,1.012159,1.016145,0.935075,0.9171009999999999,0.953673,0.965953,0.955945,0.952415,0.981022,0.972545,0.939546,0.92271,0.9180010000000001,0.984209,0.942966,0.941994
2000-02-29,1.3897979999999999,1.279356,1.243687,1.2372779999999999,1.192794,1.059463,1.075579,1.113227,1.243118,1.07887,1.09322,1.116589,1.1578330000000001,1.079978,1.095393,1.19008,0.980935,0.979652,0.960024,1.13013,0.929779,1.056813,0.940698,0.9456869999999999,0.919149,0.963143,0.954941,0.94081,0.907511,0.974476,0.970025,0.964216
2000-03-31,0.813758,0.826786,0.90822,0.904652,0.950564,0.994196,1.009444,0.975937,0.950859,0.967859,1.050005,0.972124,1.006536,0.990895,1.017967,0.953473,1.119005,1.112901,1.056764,1.079953,1.0922209999999999,1.067721,1.136759,1.103678,1.094987,1.098237,1.096465,1.13543,1.1485400000000001,1.106738,1.113392,1.173648
2000-04-30,0.849949,0.936199,0.900251,0.84193,0.900405,0.971778,1.027056,0.889192,0.974228,1.014167,0.982037,0.922795,0.923083,0.98349,0.953357,0.870341,0.969102,0.986752,1.020427,0.871351,0.995145,0.971357,0.978499,0.966638,0.989184,1.007714,1.043295,0.953727,1.012582,0.989036,0.996173,1.020814
2000-05-31,0.902029,0.961913,0.92154,0.927359,0.911953,1.00331,0.995859,0.896859,0.89404,0.974301,0.9616210000000001,0.9654510000000001,0.948096,0.975285,0.970979,0.91745,0.914052,0.990888,1.00953,0.8929860000000001,1.008813,0.9616,0.949338,1.017111,1.042707,1.023234,0.996999,1.062599,1.043696,1.00681,1.004177,0.987733
2000-06-30,1.254727,1.13052,1.106713,1.1584590000000001,1.117737,1.055179,1.044471,1.12474,1.12066,1.067205,1.095406,1.086568,1.077476,1.050239,1.011215,1.161872,1.053201,1.02978,1.026609,1.137387,0.9522660000000001,0.993116,0.966223,0.989776,0.973678,0.957522,0.940637,0.907268,0.933231,0.952229,0.950314,0.947078
2000-07-31,0.926506,0.985886,0.971743,0.932096,1.012384,1.036068,1.026805,1.017181,1.038742,1.002545,1.012885,1.009955,1.006196,1.030893,1.008615,1.032203,0.981631,0.961176,0.955592,0.959797,1.031281,1.017239,1.028116,0.993951,1.032425,1.048014,1.100046,0.98769,1.044156,1.048194,1.087234,0.992888
2000-08-31,1.117596,1.078236,1.082659,1.067039,1.079453,1.035829,1.038051,1.053227,1.059337,1.065608,1.067816,1.106609,1.0711330000000001,1.062702,1.042765,1.022251,1.046432,1.04664,1.032936,1.1078459999999999,1.100773,1.050941,1.099092,1.064249,1.089985,1.1184,1.038191,1.0788,1.081498,1.046241,1.05899,1.1037379999999999
2000-09-30,0.976578,0.968547,0.982018,0.896575,0.996246,1.020784,1.009199,0.982164,1.005901,1.003851,1.01434,0.99692,1.005648,0.966582,0.951946,0.978642,0.977186,0.955413,1.006019,0.875598,1.008976,0.952315,1.010435,1.037879,1.000299,1.006182,1.023237,0.954661,1.031385,1.064897,1.063339,1.00527
2000-10-31,0.927087,0.965438,0.975987,0.909587,0.969912,1.003446,0.999654,0.952252,1.004272,0.991414,0.997698,0.979814,0.931898,0.984815,0.956216,0.991504,1.041815,1.003345,1.003431,0.945605,0.975324,0.99861,1.021009,1.003471,1.033287,0.969855,1.048201,0.941739,1.020279,1.016024,1.042328,0.97338
2000-11-30,0.842687,0.934713,0.911931,0.81945,0.923861,0.987822,0.987493,0.94722,0.973773,0.987003,1.000163,0.954293,0.9295370000000001,0.948377,0.950426,1.018043,0.95321,0.963498,0.963258,0.799939,1.004629,0.937876,0.930284,0.970087,0.985907,0.946433,0.936805,0.903395,1.030469,1.020259,0.996326,0.942121
2000-12-31,1.029833,1.068859,1.074323,1.01414,1.067815,1.100516,1.082657,1.100978,1.104265,1.0964,1.102058,1.104497,1.079106,1.046189,1.047602,1.072515,1.064902,1.020743,1.011012,0.932607,1.051208,1.062453,1.093052,1.037556,1.124975,1.088562,1.092236,1.033414,1.054127,1.08757,1.1354009999999999,1.123114
2001-01-31,1.078892,1.042391,1.06649,1.173468,1.068249,1.028209,1.027859,1.054635,1.02501,1.040784,1.036031,1.052624,1.140295,1.088464,1.200695,1.09799,0.976126,1.015563,1.002625,1.095378,0.973518,1.058053,1.011505,0.991324,0.982446,1.064647,1.026757,1.101389,0.986615,0.972375,0.9308730000000001,0.998835
2001-02-28,0.880404,0.973696,0.948047,0.865158,1.005652,0.995764,1.006065,1.005417,0.987475,1.015632,0.994948,0.987109,0.9859020000000001,1.036142,0.971003,1.003218,0.986729,0.940766,0.94774,0.771355,0.963217,0.94496,0.96286,0.96766,0.991833,0.980563,0.967279,0.96667,1.025443,1.034668,1.014727,0.981255
2001-03-31,0.938305,0.993508,0.956244,0.912148,0.975803,0.979165,1.003685,1.003237,0.933937,0.997458,0.999215,0.991832,0.998598,0.997681,1.019913,0.952214,0.948303,0.945147,0.924081,0.8673919999999999,0.9457990000000001,0.962097,0.966808,0.976802,0.982134,1.019488,0.981859,0.942982,0.956575,0.969517,1.000952,0.99695
2001-04-30,1.083409,1.07489,1.076162,1.106704,1.074806,1.050135,1.034876,1.053208,1.039042,1.038649,1.045932,1.031806,1.026995,1.096099,1.046177,1.088033,1.033439,1.069343,1.072983,1.143162,1.081195,1.061561,1.054006,1.080061,1.033193,1.02924,1.074132,1.080284,1.062691,1.039454,1.022976,1.065784
2001-05-31,1.067255,1.020538,1.018804,1.053048,1.043202,1.035818,1.049355,1.042687,1.05199,1.039258,1.067955,1.041745,1.093431,1.08379,1.127781,1.060999,1.036909,1.000626,1.013371,0.978035,1.017897,1.032097,1.007992,1.008271,1.01378,1.038623,1.002843,1.016035,1.035199,1.033076,1.043936,1.020489
2001-06-30,1.02186,1.047088,1.082603,1.063978,1.042965,1.057602,1.056058,1.047226,1.046069,1.036838,1.024873,1.058222,1.014908,1.022552,0.992882,1.019071,0.981559,0.986665,0.955085,1.005562,0.953022,0.966015,0.976368,0.987537,0.967412,1.016051,0.982292,0.977193,0.981089,0.989287,0.99659,0.965161
2001-07-31,0.913107,0.967485,0.968053,0.888792,0.971698,0.988976,0.980752,0.94715,0.957033,1.001429,1.018249,0.991048,0.9646129999999999,1.020257,1.003605,0.93407,0.951074,0.998368,1.025918,0.9589529999999999,0.974582,0.995885,1.00532,0.962954,1.009696,0.973847,1.03726,0.973448,1.007627,0.99159,1.000681,0.973732
2001-08-31,0.964043,0.982561,0.967389,0.918384,0.987714,1.002687,0.98508,0.949859,0.987292,1.001128,1.002832,0.949679,1.009111,1.01626,0.989396,0.947541,0.989032,0.967992,0.94258,0.877949,0.965632,0.972402,0.958681,0.930162,0.965105,0.95847,0.96851,0.955027,0.969457,0.981476,0.960135,0.904311
2001-09-30,0.8537170000000001,0.8857269999999999,0.885042,0.804939,0.837735,0.90688,0.905178,0.844202,0.861151,0.8857079999999999,0.888617,0.8309059999999999,0.815059,0.860055,0.84535,0.8493850000000001,0.941045,0.948982,0.944364,0.880382,0.916506,0.94804,0.915489,0.8947,0.899479,0.916066,0.913807,0.858809,0.919763,0.956238,0.894405,0.866907
2001-10-31,1.08529,1.052988,1.044297,1.131127,1.027696,1.045078,1.025015,1.05613,1.074334,1.008307,1.027057,1.065924,1.035178,1.025445,1.06065,1.123267,1.058939,1.013216,0.991146,1.079672,0.985699,1.00889,1.024811,1.038002,1.015467,0.936998,1.023553,1.038122,0.988047,1.007789,0.96914,0.98713
2001-11-30,1.058434,1.055097,1.068038,1.100121,1.098904,1.048891,1.049359,1.089998,1.066523,1.076218,1.076417,1.121825,1.112262,1.067355,1.10786,1.104696,1.055534,1.049588,1.092978,1.111872,1.099491,1.002098,1.076518,1.065122,1.097374,1.076873,1.052276,1.05676,1.10121,1.037796,1.088151,1.112619
2001-12-31,1.031405,1.052531,1.071069,1.073429,1.060665,1.05453,1.056343,1.090767,1.065584,1.064105,1.049848,1.0729549999999999,1.07517,1.065213,1.069722,1.092325,1.02692,1.019695,0.995767,0.983117,1.006213,1.050038,1.027806,1.033046,1.03984,1.019268,1.03456,1.023077,1.018748,1.044886,1.048196,1.01884
2002-01-31,0.976656,0.995543,0.990267,0.946419,1.005301,1.017125,1.025775,0.989896,1.023471,1.017642,1.042612,1.026907,1.09173,1.01465,1.071021,0.999007,0.966889,0.978412,1.004872,0.992584,0.993562,0.99892,0.981418,0.9767,1.012051,0.993251,0.971366,0.971268,1.008349,1.000331,1.002507,0.948162
2002-02-28,0.949254,0.984355,0.976358,0.910465,1.015038,1.009843,1.008608,0.973287,1.00048,1.011314,0.988248,0.98405,0.997125,0.973477,1.012797,0.9569529999999999,0.977658,1.026152,0.96424,0.9313670000000001,1.00577,1.047278,0.988119,0.979937,1.002661,1.038215,1.005479,1.008921,0.986405,1.005728,0.993684,0.928802
2002-03-31,1.068721,1.077492,1.083329,1.08933,1.10644,1.078868,1.068934,1.071571,1.10061,1.089159,1.087129,1.088583,1.136465,1.123324,1.101715,1.082914,1.052947,1.011516,1.023144,1.034014,1.061385,1.049783,1.051197,1.071973,1.059271,1.04998,1.070535,1.076009,1.042388,1.024315,1.060795,1.066864
2002-04-30,0.975069,1.030393,1.033337,0.952165,1.008861,1.027179,1.04612,1.011189,1.029678,1.044699,1.063998,1.013167,1.061388,1.046665,1.079879,1.009749,0.928675,0.939055,0.936564,0.902848,0.985072,0.971429,0.975151,0.912577,1.00679,1.020907,1.008694,0.953012,0.954183,1.017844,1.027877,0.917276
2002-05-31,0.923109,0.956076,0.968824,0.926581,0.96063,0.991729,0.976614,0.955771,0.983981,0.973315,0.97677,0.966492,0.974204,1.001514,0.974462,0.941641,0.987553,0.990033,0.999819,0.960966,1.025743,1.008477,0.993852,0.993205,0.999741,1.005341,1.001123,0.982689,1.009643,1.009234,0.981607,0.997759
2002-06-30,0.926123,0.949912,0.969589,0.920281,0.960161,0.985073,0.993156,0.957386,0.967618,1.018451,0.984863,0.959044,0.959018,0.974578,1.002502,0.936014,0.932661,0.913384,0.901216,0.929941,0.94908,0.9878709999999999,0.956773,0.919445,0.971755,0.933006,0.947075,0.936219,0.95353,0.929949,0.9083140000000001,0.863434
2002-07-31,0.829655,0.853201,0.881759,0.841399,0.8188489999999999,0.859921,0.890182,0.851547,0.803533,0.872755,0.889589,0.841738,0.82595,0.836534,0.837412,0.843515,0.974892,0.935926,0.948336,0.943183,0.896482,0.903549,0.923318,0.860974,0.884425,0.941287,0.925974,0.945517,0.870233,0.915601,0.897523,0.842263
2002-08-31,0.990417,1.00783,1.008734,0.999925,0.995777,0.982698,1.007556,0.999952,0.978547,1.008207,0.989791,1.014142,1.003939,1.002512,0.951218,0.995385,0.958176,0.994298,1.017297,0.99825,0.969698,1.00326,1.003139,1.015811,1.01011,1.004291,1.038204,1.031113,1.079803,1.010159,1.031696,1.05412
2002-09-30,0.8980859999999999,0.9144829999999999,0.926486,0.929412,0.884827,0.935819,0.945581,0.931716,0.894442,0.9433,0.9298150000000001,0.9246030000000001,0.912081,0.932613,0.938119,0.940626,0.86234,0.894088,0.884482,0.909165,0.882611,0.913485,0.905098,0.9002410000000001,0.877952,0.926748,0.9003,0.922077,0.888482,0.896659,0.910332,0.911767
2002-10-31,1.077156,1.056261,1.04635,1.059632,1.106256,1.037414,1.026966,1.037842,1.008889,1.007779,1.005929,1.004313,1.014355,1.004835,0.991343,1.030575,1.1726,1.152461,1.082352,1.099548,1.065978,1.018191,1.10312,1.017581,1.05926,1.051624,1.042902,1.048876,1.026654,1.064834,1.042748,1.077088
2002-11-30,1.169244,1.120126,1.092959,1.110937,1.153021,1.054706,1.04371,1.08436,1.12513,1.069603,1.052697,1.069932,1.132026,1.055295,1.077309,1.096153,1.114081,1.052083,1.057868,1.018812,1.075431,1.05189,1.037561,1.058164,1.093004,1.056111,1.060128,1.02029,1.132784,1.0439,1.065724,1.048413
2002-12-31,0.899263,0.933848,0.94551,0.919736,0.912841,0.973177,0.96676,0.964421,0.9173169999999999,0.964637,0.977174,0.980257,0.935013,0.964576,0.98209,0.981792,0.888149,0.94235,0.940491,0.944361,0.961201,0.947333,0.945955,0.951816,0.941724,0.956535,0.955386,0.964357,0.92998,0.997163,0.946937,0.949487
2003-01-31,0.977258,0.981337,0.973228,0.97172,0.963977,0.9847,0.978868,0.971019,0.980712,0.977192,0.984979,0.998123,0.979042,0.994215,0.986005,1.026696,0.994876,0.98798,0.958715,0.974214,0.965103,0.956982,0.98542,0.96785,0.989062,0.98769,0.991629,0.977813,0.945115,0.96116,0.950522,0.961437
2003-02-28,0.962685,0.971892,0.979654,0.966573,0.979882,0.964274,0.984245,0.98254,0.985846,0.961364,0.947981,0.974927,0.980869,0.935612,0.942817,0.971526,0.990522,0.969728,1.000009,0.986562,0.976483,0.978761,0.973417,0.961904,0.976038,0.98066,0.994176,0.961241,0.954808,0.955997,0.961789,0.991544
2003-03-31,1.013844,1.021654,1.026041,1.006851,1.022017,1.006536,1.014639,0.990635,1.017347,1.011062,1.005556,1.019202,1.009364,1.010423,1.002977,1.012109,0.9878,1.018108,1.018869,1.028316,1.007462,1.013592,1.016127,1.004949,1.003585,0.989954,0.994014,1.020381,0.987237,1.005379,0.989791,0.994207
2003-04-30,1.133552,1.102054,1.112282,1.091003,1.115461,1.082316,1.089015,1.090527,1.087981,1.075054,1.094921,1.102718,1.115056,1.122427,1.069552,1.107357,1.0946069999999999,1.055508,1.0747,1.078995,1.054765,1.077067,1.097557,1.089815,1.114086,1.070032,1.0772680000000001,1.091486,1.087208,1.070161,1.113209,1.112649
2003-05-31,1.171657,1.1214,1.104767,1.112789,1.147523,1.099327,1.068931,1.127188,1.14214,1.070433,1.078827,1.12981,1.15042,1.088611,1.113044,1.122667,1.098723,1.041302,1.031215,1.038518,1.070791,1.060963,1.051772,1.101295,1.075004,1.05825,1.078348,1.077941,1.0968,1.058052,1.074513,1.092603
2003-06-30,1.02148,1.032593,1.011911,1.032817,1.028278,1.010912,1.024331,1.017953,1.004315,1.047843,1.028635,1.019114,1.058425,1.071,1.076121,1.0155,0.984455,0.992414,1.041271,0.992311,1.003951,1.004264,1.031445,1.024333,1.031504,1.013682,0.99863,1.010471,1.013387,1.002466,0.992335,1.011151
2003-07-31,1.1250390000000001,1.053296,1.055411,1.068439,1.080015,1.061783,1.060593,1.051218,1.086539,1.059984,1.080087,1.053224,1.052828,1.037063,1.060483,1.035336,1.001594,1.004962,1.015153,1.011236,1.038701,1.048275,1.040621,1.002025,1.022715,1.036685,1.03869,0.999091,1.007585,1.002517,1.031771,1.013979
2003-08-31,1.037509,1.047393,1.037533,1.047563,1.065874,1.06442,1.034694,1.053956,1.068429,1.055467,1.038025,1.05685,1.068323,1.052936,1.047488,1.059898,1.027562,1.021177,1.013938,1.00385,1.040386,1.054085,1.020823,1.028835,1.06229,1.007932,1.00206,1.043457,1.052327,1.045825,1.0160420000000001,1.001556
2003-09-30,1.009075,0.960876,0.99121,0.9718,0.980576,0.986744,0.981442,0.97788,1.016692,0.988689,0.990922,0.984924,1.050235,1.017414,1.032447,0.972722,0.947508,0.992437,1.008903,0.991491,0.974573,0.970649,0.979535,0.985818,0.991244,1.003911,0.992254,0.983124,0.968621,0.953271,0.998683,0.992362
2003-10-31,1.065954,1.07205,1.085619,1.086438,1.089864,1.080631,1.076571,1.075584,1.133985,1.083658,1.094149,1.100994,1.118409,1.101134,1.080105,1.118649,1.060733,1.042992,1.026969,1.034631,1.088702,1.116771,1.051032,1.109837,1.095769,1.060298,1.065404,1.056185,1.065477,1.054416,1.063865,1.101148
2003-11-30,1.023726,1.024241,1.045075,1.0326,1.027262,1.040863,1.045568,1.024484,1.047136,1.036662,1.03493,1.032886,1.056575,1.08694,1.023043,1.03748,1.020128,1.018528,0.993412,1.011751,1.012361,1.018287,1.003977,1.011482,1.018,1.024809,1.020129,1.009741,1.034238,1.019156,1.021535,0.996572
2003-12-31,1.022623,1.03509,1.004498,1.010949,1.025771,1.043927,1.022244,1.026799,1.008842,1.037518,1.028174,1.014247,1.018362,1.086544,1.03064,1.070804,1.065607,1.037,1.044898,1.044133,1.065024,1.034072,1.090556,1.007652,1.049212,1.035111,1.027408,1.0499,1.05908,1.0712,1.03065,1.049189
2004-01-31,1.088743,1.034804,1.032029,1.021214,1.055362,1.038961,1.022416,1.030845,1.123796,1.044303,1.037102,1.047693,1.122586,1.029168,1.050148,1.047369,1.012138,1.004742,1.018471,1.03364,1.022654,0.981056,0.999999,1.027853,1.031143,1.033566,1.022308,1.007394,1.051031,0.984577,1.059065,1.02826
2004-02-29,0.995535,1.010638,1.023002,1.0028,0.992103,1.0039,1.006143,1.021103,0.98928,0.993398,1.010799,1.023988,0.969898,1.008526,1.02439,1.044317,0.998928,1.014184,1.00625,1.014743,1.011355,0.992252,1.02419,1.030517,1.027492,1.032131,1.026719,1.026094,1.015336,1.009852,1.060206,1.007637
2004-03-31,0.996542,1.023469,1.007345,1.01578,0.978715,1.002926,1.010657,1.008528,1.003948,1.00259,1.015027,1.00965,0.999349,1.003844,0.998319,0.996524,0.95314,0.977215,0.983747,0.981378,0.98106,0.989295,0.982643,1.005563,0.993572,0.997948,0.990692,1.010397,0.989623,0.993417,1.000973,0.98914
2004-04-30,0.943943,0.960714,0.964197,0.978643,0.954784,0.964353,0.970437,0.980683,0.899644,0.973402,0.972572,0.948324,0.901664,0.952957,0.958355,0.967824,0.994441,1.021295,0.987897,1.00891,0.987229,0.982863,1.002925,0.960085,0.971165,0.951301,0.959774,0.9646939999999999,0.963998,0.981944,0.9654469999999999,0.953471
2004-05-31,1.005757,1.014567,1.018825,1.006794,1.014349,1.008578,1.008164,1.017735,0.998977,0.998666,1.006758,1.012702,1.012817,1.014909,1.016452,0.997521,0.994862,0.998007,1.010027,1.015399,1.007841,1.038195,1.018902,1.007491,1.024199,0.988745,1.024553,1.021213,1.030513,1.001724,0.995187,1.017474
2004-06-30,1.014437,1.065372,1.027999,1.04945,1.052168,1.048312,1.049925,1.037907,1.024247,1.050998,1.043963,1.037835,1.023487,1.070955,1.071894,1.064115,1.029918,1.014367,1.02323,1.0122659999999999,1.011595,1.014736,1.011334,1.006356,0.997848,1.005866,1.005992,1.040602,1.033133,1.030599,1.035224,1.019408
2004-07-31,0.876862,0.909535,0.942372,0.912347,0.92693,0.94066,0.968283,0.947138,0.915043,0.950969,0.964263,0.966241,0.949301,0.952662,0.93986,0.970829,0.915867,0.944102,0.969421,0.948831,0.982475,0.977547,0.980085,0.968035,0.965088,0.981225,0.976949,0.986691,0.967841,0.986008,0.980317,0.965283
2004-08-31,0.963592,0.993433,0.98677,0.980896,0.988684,0.981998,0.998137,1.015516,0.992076,0.9774,1.012346,0.995407,0.99667,0.99377,1.015197,0.985549,0.96992,0.985338,1.006748,1.000732,0.985911,1.012267,1.019298,0.997579,1.018768,0.989695,1.032199,1.015947,1.010954,0.999602,1.007283,1.00443
2004-09-30,1.041973,1.053821,1.050997,1.064109,1.041886,1.038104,1.059944,1.052753,1.023516,1.041188,1.02898,1.056509,1.056222,1.025302,1.021658,1.0547,0.965466,0.997344,1.004104,1.022027,1.023177,1.037981,1.011281,1.045555,1.026922,1.026273,1.000531,1.009508,1.017915,1.023737,1.036368,1.033024
2004-10-31,1.024004,1.026026,1.025833,1.027249,0.997293,1.019472,1.02327,1.018659,1.017884,0.997867,1.011686,1.002994,0.999235,1.028212,1.012961,1.019266,1.021294,1.03274,1.006327,1.00694,1.020551,1.001446,1.018937,1.049551,1.040099,1.010013,1.033545,0.981169,1.02382,1.022064,1.000587,0.9823
2004-11-30,1.096243,1.0752410000000001,1.080156,1.084716,1.085572,1.095837,1.085177,1.085754,1.08533,1.0782370000000001,1.077764,1.087728,1.093783,1.083448,1.106717,1.098087,1.011108,1.033532,1.031009,1.042448,1.056022,1.048472,1.042082,1.058174,1.056691,1.056099,1.043326,1.056352,1.043591,1.040089,1.069308,1.062232
2004-12-31,1.058899,1.037033,1.031351,1.040087,1.035163,1.01459,1.015633,1.030799,1.043174,1.029099,1.021063,1.015871,1.048456,1.05018,1.038884,1.038883,1.04869,1.041654,1.042264,1.030129,1.017681,1.018322,1.029126,1.032034,1.030046,1.02837,1.031861,1.036692,1.041428,1.044175,1.029489,1.056924
2005-01-31,0.934269,0.959069,0.95858,0.952493,0.944513,0.952724,0.969242,0.979622,0.958335,0.974074,0.977239,0.991724,0.974474,0.981596,0.97726,0.983314,0.956598,0.976124,0.988052,0.951333,0.942519,0.973567,0.99069,0.967466,0.963127,0.974428,0.996192,0.996788,0.980334,0.993011,0.997733,0.979238
2005-02-28,1.005117,1.042038,1.014586,1.00124,1.01863,1.00557,1.01748,1.028458,1.009448,1.025285,1.021506,1.048713,1.030901,1.014965,1.027548,1.031284,1.028853,1.020688,0.998277,1.008573,1.017139,1.038919,1.0726580000000001,1.016946,1.007098,1.039204,1.012742,1.024676,1.013887,1.036571,1.045412,0.989836
2005-03-31,0.955285,0.965199,0.982947,0.960463,0.962363,0.989898,0.972087,0.966317,0.983051,0.994159,0.997256,0.97581,0.966639,1.008287,0.97576,0.967642,0.994361,0.97637,0.987196,0.994919,0.990653,0.968446,0.964616,1.00327,1.003629,0.993023,0.986362,0.932477,1.002017,0.999164,0.99847,0.972863
2005-04-30,0.919928,0.937094,0.94594,0.941402,0.910776,0.95474,0.938457,0.946542,0.942652,0.935316,0.947257,0.94628,0.922099,0.959348,0.949865,0.944077,0.980126,0.963967,0.98708,1.001513,0.996955,0.962462,0.98289,0.971944,0.966435,0.966431,0.979704,0.954103,0.980575,0.973405,0.975627,0.993246
2005-05-31,1.079189,1.073715,1.073227,1.070574,1.06311,1.060728,1.061113,1.067966,1.050468,1.051944,1.060042,1.040539,1.076869,1.069521,1.061108,1.048997,1.05561,1.046348,1.029224,1.042726,1.036093,1.036444,1.012063,1.05548,1.026572,1.034106,1.014407,1.05008,1.029581,1.018319,1.052792,1.062652
2005-06-30,1.026859,1.027796,1.025021,1.038573,1.035593,1.024442,1.04118,1.044671,1.032604,1.033142,1.029629,1.063963,1.058903,1.064619,1.033944,1.046316,1.000706,0.980346,0.982033,0.98771,1.003945,1.007876,1.009825,1.022917,0.997375,1.022629,1.028025,1.041931,1.013617,1.019352,1.039516,1.035444
2005-07-31,1.072727,1.044434,1.080054,1.070798,1.097694,1.054334,1.05844,1.079367,1.050532,1.040846,1.065466,1.073141,1.068537,1.045076,1.061384,1.064339,1.027163,1.050756,1.04241,1.061169,1.042574,1.023921,1.027934,1.075479,1.024855,1.029909,1.037321,1.014019,1.028107,1.034275,1.065817,1.039191
2005-08-31,0.984706,0.979616,0.987714,0.975323,0.99962,0.987381,0.978285,0.993746,1.010091,0.973396,0.997304,0.975305,0.987836,0.994876,0.977649,0.975562,0.973513,0.999562,0.989879,0.975664,0.985669,0.980393,0.993076,0.983734,0.977325,0.989794,1.022487,0.996396,1.014379,0.987607,1.004634,1.004907
2005-09-30,1.020333,0.99723,1.005883,1.001839,1.014011,1.000735,1.012272,1.018846,1.008116,0.979434,1.015721,1.004989,0.997955,1.000013,1.002229,0.984499,1.016273,0.993332,0.972754,1.03003,0.994484,0.993101,1.022282,1.015577,0.996721,1.006067,1.031726,1.023015,1.007434,1.008299,1.039438,1.024763
2005-10-31,0.950848,0.960041,0.978697,0.959474,0.9719,0.982215,0.987569,0.959485,0.963866,0.97016,0.982421,0.958672,0.964125,0.98431,0.995128,0.977876,0.975566,1.009197,1.004334,0.993159,0.976568,0.951738,0.970831,0.964903,0.979059,0.982917,0.957336,0.998625,0.959217,0.99381,0.964737,1.011841
2005-11-30,1.047619,1.039008,1.054508,1.053205,1.036646,1.035789,1.046174,1.054522,1.051177,1.039099,1.043831,1.049247,1.027283,1.045069,1.033714,1.040108,1.024593,1.020047,1.02738,1.060841,1.057612,1.035025,1.046,1.058636,1.028904,1.031614,1.024176,1.048573,1.023816,1.041527,1.018361,1.03613
2005-12-31,1.011777,1.009428,1.003131,0.992169,1.014891,0.98479,0.997108,0.996117,0.99689,0.999522,0.992101,0.994913,0.99649,0.998721,0.997899,0.998091,0.993207,1.004524,0.985797,1.000046,0.986739,1.025493,0.990506,1.007778,1.023951,0.999137,1.021708,1.010252,0.997694,0.994935,1.00312,1.012792
2006-01-31,1.08098,1.078887,1.086857,1.094508,1.110752,1.086906,1.077939,1.102561,1.103944,1.041187,1.084301,1.1067,1.090222,1.067914,1.071763,1.080781,1.053871,1.005227,1.011748,1.030111,0.993757,1.040328,1.028971,1.043904,1.035266,1.047916,1.043664,1.00911,1.044077,1.033278,1.047452,1.048061
2006-02-28,1.025697,0.997219,0.992614,0.987331,1.009341,1.004438,1.004544,0.977016,1.013142,0.998086,0.995927,0.980206,0.994781,1.004925,0.996304,1.008014,1.016367,1.010066,0.997746,0.992144,1.02067,1.02204,0.989629,0.988762,0.997093,1.025993,0.989245,1.006502,0.996895,0.995576,0.990719,0.996198
2006-03-31,1.028235,1.019172,1.055794,1.047678,1.051831,1.053962,1.060943,1.053543,1.06423,1.057471,1.042148,1.038671,1.046378,1.048189,1.041028,1.054067,1.038575,1.008209,1.013906,1.002906,1.019098,1.007253,1.026634,1.012193,0.988996,0.995936,1.019231,1.028639,1.003384,1.024626,1.008171,1.019252
2006-04-30,0.988929,1.006407,1.000897,0.991356,1.007191,1.007747,1.027602,1.006274,1.004928,1.001029,1.007928,1.006002,1.019271,1.006823,1.004469,1.027458,1.01615,0.999158,0.975317,0.999797,1.010615,1.02513,1.022849,1.005164,1.003677,0.978812,1.047543,1.035098,1.025621,1.006483,1.05034,1.039019
2006-05-31,0.930388,0.94726,0.921787,0.920315,0.949662,0.952276,0.967639,0.950565,0.950117,0.966787,0.959927,0.950731,0.943962,0.970075,0.991287,0.958825,0.975263,0.98249,0.992894,0.93455,0.964981,0.962595,0.975829,0.954783,0.977301,1.002134,0.995059,0.964955,0.997892,0.997212,0.967631,0.95569
2006-06-30,0.994063,0.992678,1.003497,0.995181,0.971444,0.995337,1.005728,1.012429,0.996023,1.000566,1.004917,1.007053,0.996776,1.011535,0.992532,0.988643,1.001943,1.004332,1.000084,1.002121,0.999475,0.993798,0.986872,1.002834,1.006421,1.024582,1.003646,0.997622,1.00312,0.996741,1.006518,1.010462
2006-07-31,0.966468,0.946883,0.952418,0.937932,0.953755,0.984671,0.975474,0.953361,0.974055,0.997736,0.978455,0.98529,0.977748,0.97749,0.973836,0.961764,0.988439,1.033614,0.968298,0.968527,0.984812,1.021108,1.010472,0.999324,1.038298,1.002635,1.013181,1.015219,0.985152,1.015739,1.036483,1.015072
2006-08-31,1.042904,1.012037,1.03201,1.031278,1.035143,1.046619,1.031516,1.007742,1.033685,1.027486,1.021676,1.018038,1.029528,1.022124,1.030636,1.025322,1.049362,1.024734,1.031975,1.023982,1.045396,1.012893,1.023133,1.020666,1.047451,1.043227,0.998948,0.987508,1.025878,1.015515,0.9865,0.998094
2006-09-30,1.018814,1.002942,1.003474,1.007606,1.002795,1.014977,1.01933,0.99502,1.005481,1.00993,1.016566,1.012204,1.023125,1.013676,1.021629,1.005244,1.038605,0.994393,1.017376,1.032146,1.033016,1.019037,1.035083,1.02343,1.017861,1.018269,1.033199,1.002062,1.036439,1.025238,1.015705,1.030643
2006-10-31,1.05736,1.066433,1.052098,1.063285,1.062499,1.03989,1.041942,1.065574,1.057319,1.039389,1.042783,1.036687,1.077794,1.05032,1.032171,1.044209,1.037009,1.032113,1.020252,1.042848,1.033458,1.051685,1.017322,1.020166,1.008551,1.032949,1.042573,1.039447,1.051368,1.032957,1.017158,1.047215
2006-11-30,1.025995,1.038201,1.010203,1.030099,1.027687,1.031253,1.01985,1.0289760000000001,1.030309,1.024905,1.035274,1.023228,1.019938,1.02054,1.029887,1.033297,1.018972,1.013468,1.00155,1.033708,1.005554,1.034692,1.022764,1.043768,1.023015,1.012437,1.00456,1.061528,1.012462,1.007683,1.0369410000000001,1.021166
2006-12-31,1.003699,1.013905,1.004065,0.982247,1.003361,1.012018,1.01247,1.004018,1.007686,1.012495,1.014543,1.012103,1.016676,1.022702,1.0255,1.04903,1.006826,1.014419,1.00298,0.9717,1.039948,1.001497,1.018965,0.999325,0.989826,1.049731,1.02121,0.993123,1.037912,1.027264,1.01999,1.027759
2007-01-31,1.038964,1.022673,1.019961,1.017322,1.007977,1.009808,1.016122,0.997832,1.026892,1.005215,0.996311,1.015525,1.043351,1.010418,1.016597,1.050131,1.019333,1.026241,1.027207,1.032742,0.998923,1.006233,1.028363,1.027094,1.02052,1.00608,1.019618,1.022646,1.024749,1.02074,0.98309,1.027814
2007-02-28,1.00007,0.986435,0.999331,1.001853,1.009499,0.987608,1.004676,1.00142,1.011532,0.98134,0.98867,0.968234,0.998026,0.999301,1.011174,0.991289,0.962472,0.977237,0.989395,0.982299,0.991716,0.9859020000000001,0.985461,1.006148,0.990403,0.959945,0.978407,0.993408,0.97923,0.989845,0.992747,0.99583
2007-03-31,1.020872,1.010312,1.016858,1.015236,1.012388,1.013677,1.014931,1.00775,1.014043,0.997979,1.018401,1.000279,1.008459,1.001931,0.996551,1.009894,0.994597,1.019955,0.998403,1.023075,1.01503,1.024252,0.995843,1.011306,1.007165,1.014437,1.007919,1.04026,0.997623,1.010935,1.011525,1.016185
2007-04-30,1.032375,1.029028,1.023306,1.025725,1.024405,1.002314,1.026217,1.034568,1.011311,1.002027,1.006728,0.994183,1.016688,1.022527,1.00517,1.034344,1.072086,1.036011,1.047454,1.032379,1.047826,1.06013,1.03593,1.031131,1.038238,1.047312,1.038919,1.03881,1.038869,1.028619,1.021829,1.026189
2007-05-31,1.042917,1.055851,1.040091,1.044392,1.000109,1.040213,1.03974,1.045846,1.017661,1.022958,1.029871,1.043135,1.035452,1.045745,1.023742,1.010758,1.028066,1.030703,1.023936,1.041357,1.0239,1.043645,1.040331,1.052077,1.043596,1.055702,1.018745,1.061649,1.034079,1.003945,1.035253,1.063897
2007-06-30,0.968623,1.006142,1.006016,0.989852,0.976821,0.992197,0.992291,0.991139,1.005168,0.97957,0.982956,0.953578,1.007579,0.991039,0.987072,0.981139,0.987985,0.979769,0.983035,0.984476,0.994633,0.997871,0.997444,1.004677,0.96222,0.960308,0.982517,0.994224,1.000161,0.966453,0.975457,0.969906
2007-07-31,0.930642,0.961208,0.941852,0.955348,0.940582,0.945047,0.942132,0.95452,0.934092,0.939218,0.929706,0.9199200000000001,0.907833,0.91198,0.898542,0.921588,0.981014,0.965892,0.988243,1.003011,0.978622,0.995162,0.961158,0.987546,0.947218,0.976466,0.96911,0.929492,0.947556,0.942146,0.934624,0.959485
2007-08-31,1.021871,1.002272,1.03481,1.011375,1.008049,1.031408,1.030602,1.014423,1.019041,1.016861,1.027754,1.027056,0.9723,0.985331,0.966467,0.989185,1.012364,1.009407,1.010311,1.033361,1.016745,1.018186,1.003722,1.034692,1.034887,1.022025,0.995607,0.997233,0.979507,0.994138,1.020539,1.015179
2007-09-30,1.009079,1.021883,1.000995,1.040509,1.009418,1.004426,1.011551,1.006103,0.989785,0.99702,1.010587,1.028422,0.983285,0.987082,1.000449,1.01158,1.028805,1.041025,1.052801,1.067223,1.027695,1.058294,1.020933,1.040719,0.996323,1.043191,1.020135,1.040241,1.031026,0.994714,1.021967,1.046653
2007-10-31,1.048273,1.021166,1.020437,1.038885,1.030725,1.013013,1.027142,1.021636,0.993655,1.011702,1.000631,1.007562,0.987436,1.002654,0.992794,1.0213700000000001,1.068219,1.015535,1.055109,1.031184,1.013228,1.010113,1.025121,1.02011,1.009033,1.019894,1.014291,1.004004,1.002815,0.979135,0.99191,1.016249
2007-11-30,0.933495,0.925961,0.92858,0.931366,0.939335,0.948808,0.930607,0.927172,0.911117,0.942653,0.944642,0.912264,0.908405,0.91005,0.934265,0.919841,0.957146,0.991069,0.978065,0.958055,0.972967,0.961688,0.963272,1.002233,0.968747,0.968739,0.9666129999999999,0.888032,0.95499,0.9116150000000001,0.952619,0.954512
2007-12-31,1.001919,0.997063,0.987532,1.00875,1.002702,0.998367,0.981987,0.994232,0.986116,0.985656,0.995901,0.99627,0.979132,1.004996,0.988687,0.989927,0.999746,0.973834,1.001867,0.993253,1.00463,1.00419,0.974019,1.010818,0.956533,1.018887,1.00297,0.97211,0.971543,0.978376,0.968249,1.0322230000000001
2008-01-31,0.92028,0.919537,0.947305,0.901567,0.944062,0.950055,0.942431,0.904471,0.962553,0.953513,0.981077,0.957857,0.962457,0.966923,0.971769,0.898663,0.9314560000000001,0.926735,0.943191,0.894341,0.908479,0.936331,0.974926,0.928835,1.005763,0.945348,0.942385,0.944792,0.9165099999999999,0.964862,0.98614,0.95866
2008-02-29,0.981181,0.947705,0.958155,0.959629,0.954308,0.981897,0.962402,0.970198,0.940583,0.946368,0.969008,1.010705,0.944628,0.96355,0.95929,0.9457990000000001,0.968479,0.995404,0.998902,0.965177,0.984037,0.994781,0.966069,1.000265,0.940575,0.989563,0.985295,0.935758,0.95731,0.9284600000000001,0.922535,0.973923
2008-03-31,0.987599,0.982863,1.004617,0.978725,1.011258,1.007817,1.021878,1.00278,1.006939,1.0240879999999999,1.0013,0.997421,0.993384,1.008634,0.991854,0.997081,0.996831,0.982571,1.001893,1.010782,1.018551,1.016157,1.014143,0.988981,0.970373,0.973328,0.973332,0.955051,0.983841,0.978147,0.985209,0.986279
2008-04-30,1.062111,1.047987,1.042857,1.043981,1.040175,1.025606,1.032135,1.035481,1.004867,1.018158,1.030987,1.026913,1.010496,1.007023,1.035238,1.031767,1.008865,1.0326,1.050771,1.069242,1.042967,1.016883,1.050357,1.03784,1.026022,1.079544,1.061787,1.114008,1.04808,1.073263,1.039465,1.049307
2008-05-31,1.062563,1.060094,1.030917,1.055074,1.066362,1.058203,1.052666,1.054974,1.044798,1.019689,1.042863,1.0771,1.034559,0.994235,1.045814,1.039961,1.038427,1.017259,1.034729,1.046375,1.039588,0.979401,1.01211,1.022644,0.994592,1.036345,1.033733,0.983895,1.032189,1.033851,0.956596,1.025313
2008-06-30,0.950654,0.89319,0.886355,0.943797,0.986929,0.902166,0.929768,0.929209,0.888642,0.903978,0.916427,0.952322,0.872,0.900596,0.9055070000000001,0.936477,0.940627,0.92174,0.945034,0.924653,0.915702,0.935003,0.9219390000000001,0.91451,0.9105369999999999,0.94385,0.919372,0.890413,0.900718,0.876467,0.8299719999999999,0.908479
2008-07-31,1.037342,1.054483,1.047829,1.001692,1.065865,1.051005,1.042281,1.007854,1.036713,1.034686,1.050209,1.05479,1.043165,1.034098,1.054927,1.097017,0.972969,0.970285,1.026915,0.981737,1.021048,1.030231,0.972526,0.955942,0.983379,1.01003,0.912878,0.997026,1.005216,0.961583,1.140017,0.982745
2008-08-31,1.01797,1.035124,1.034254,1.030267,1.041344,1.036043,1.048136,1.037914,1.042144,1.052558,1.050437,1.078362,1.067714,1.066166,1.068139,1.147055,1.030236,1.008012,1.008439,1.012918,1.012783,1.037751,1.015268,0.986551,1.034683,1.014274,1.032392,0.981001,1.032008,0.999315,0.975716,1.016562
2008-09-30,0.8980509999999999,0.909599,0.923515,0.871989,0.884547,0.987425,0.931929,0.9036150000000001,0.927944,0.952795,0.971163,0.931165,0.929672,0.928402,0.905359,0.908468,0.934404,0.887854,0.920861,0.862896,0.9184289999999999,0.934374,0.915077,0.824815,0.882594,0.90358,0.960108,0.939462,0.923002,0.837592,1.018143,0.871415
2008-10-31,0.7870820000000001,0.7712019999999999,0.806792,0.7625230000000001,0.855711,0.85257,0.825337,0.774184,0.791361,0.826187,0.829517,0.826646,0.729087,0.779097,0.774996,0.819653,0.8441110000000001,0.853359,0.8258920000000001,0.839413,0.875686,0.845321,0.852074,0.801429,0.877145,0.810219,0.849507,0.819646,0.769997,0.756771,0.774377,0.816093
2008-11-30,0.887928,0.873431,0.892803,0.877769,0.85782,0.921261,0.909245,0.850984,0.858337,0.902621,0.878092,0.869096,0.795632,0.85265,0.841083,0.835178,0.913313,0.935214,0.934644,0.908049,0.966672,0.912065,0.975921,0.91933,0.973535,0.923747,0.960159,0.889188,0.904343,0.9675009999999999,0.751393,0.8069109999999999
2008-12-31,1.033968,1.068864,1.027652,1.068874,1.034943,1.000402,1.0334430000000001,1.090643,1.025071,1.040826,1.080389,1.024168,1.012305,1.079085,1.069282,1.074652,1.006616,1.038205,1.002022,1.034939,1.010395,1.032255,1.01935,1.01952,1.023354,1.007297,0.972471,1.022272,1.043078,1.03799,0.96034,0.993979
2009-01-31,0.972651,0.930704,0.912601,0.913865,0.89949,0.88614,0.904609,0.915737,0.846251,0.859903,0.8455820000000001,0.8596239999999999,0.83571,0.820369,0.807669,0.788644,0.937996,0.972487,0.969755,0.981017,0.936122,0.898351,0.912137,0.956961,0.898103,0.905166,0.928937,0.870522,0.878233,0.904238,0.7294700000000001,0.879526
2009-02-28,0.894002,0.8957930000000001,0.919854,0.889954,0.878317,0.8693420000000001,0.909956,0.879859,0.86796,0.87244,0.86234,0.854508,0.850137,0.826314,0.799118,0.854179,0.924098,0.899799,0.907065,0.95293,0.904562,0.881101,0.912912,0.919086,0.899122,0.880045,0.875953,0.859507,0.889993,0.820183,0.792396,0.8511839999999999
2009-03-31,1.098803,1.128237,1.080559,1.096334,1.072104,1.084584,1.110735,1.114503,1.088406,1.085867,1.111178,1.100867,1.155832,1.15388,1.06192,1.163105,1.095175,1.050774,1.071649,1.117009,1.031525,1.085032,1.0696539999999999,1.132779,1.087015,1.069663,1.107083,1.105781,1.087526,1.091203,1.214887,1.088838
2009-04-30,1.177039,1.2143869999999999,1.166913,1.160855,1.187274,1.10945,1.155669,1.1657410000000001,1.226678,1.140066,1.145577,1.20194,1.245182,1.213666,1.2429489999999999,1.128169,1.07393,1.062553,1.072861,1.099816,1.067313,1.12444,1.053307,1.113922,1.085215,1.1373579999999999,1.080233,1.1729720000000001,1.140932,1.104125,1.254595,1.180551
2009-05-31,1.020704,1.043233,1.016557,1.053788,1.026428,1.013555,1.024692,1.051534,1.035442,1.005334,0.99636,1.041141,1.037679,1.029977,0.999608,1.100757,1.048814,1.075589,1.046624,1.043555,1.056856,1.029796,1.040571,1.090161,1.041234,1.023964,1.023736,1.107489,1.048712,1.035127,1.140266,1.079829
2009-06-30,1.04551,1.01978,1.039586,1.061385,1.008667,1.032863,1.012509,1.013541,1.008603,1.016914,0.996719,1.009623,1.003266,1.029951,1.023973,0.941769,1.044431,1.006659,1.010166,1.016591,0.988199,1.014677,0.986349,1.001347,1.00455,1.015178,0.98037,0.987997,1.018372,0.981729,0.971074,0.969733
2009-07-31,1.080848,1.082324,1.076906,1.062426,1.101923,1.129938,1.09137,1.092149,1.141714,1.140794,1.107444,1.101994,1.201926,1.124376,1.127624,1.147298,1.057942,1.054373,1.0721289999999999,1.058848,1.120785,1.076954,1.058151,1.089166,1.089299,1.103799,1.093871,1.044584,1.096063,1.0854219999999999,1.12664,1.075338
2009-08-31,1.043734,1.007678,1.00247,1.005779,1.077302,1.042355,1.009642,1.027701,1.077033,1.029731,1.046025,1.058457,1.164828,1.136441,1.045793,1.044052,1.004912,1.022895,1.010954,1.014803,1.053955,1.026076,1.015811,1.029411,1.054268,1.037764,1.026268,1.049258,1.094114,1.035291,1.125617,1.072945
2009-09-30,1.09802,1.061489,1.05474,1.050655,1.078056,1.046393,1.043725,1.0721,1.06253,1.08132,1.046229,1.07417,1.10512,1.058057,1.09843,1.105137,1.025469,1.035235,1.031896,1.046698,1.008196,1.034011,1.017053,1.066053,1.037186,1.082108,1.032429,1.033629,1.051145,1.0786,1.007593,1.05816
2009-10-31,0.88672,0.949075,0.942829,0.93952,0.905042,0.943188,0.951951,0.935816,0.914373,0.916014,0.923515,0.92344,0.896553,0.905718,0.864722,0.891976,1.013592,0.992133,0.987517,0.99609,0.982749,0.989728,0.999552,0.998756,0.977602,0.940602,0.974426,0.978279,0.940075,0.964176,0.915131,0.948184
2009-11-30,1.001482,1.009517,1.021585,1.024894,1.024525,1.013936,1.023628,1.022045,1.025722,1.036252,1.045262,1.034012,1.048722,1.037663,1.026972,1.044085,1.058839,1.06153,1.06904,1.077372,1.04502,1.073497,1.054311,1.050166,1.033495,1.067043,1.035847,1.031581,1.036505,1.034591,1.075158,1.046645
2009-12-31,1.094703,1.095572,1.085477,1.075108,1.077116,1.083612,1.077038,1.074866,1.089007,1.088793,1.062358,1.05976,1.102052,1.115822,1.064377,1.090531,0.979412,1.021027,1.0087,1.042035,1.037491,1.032052,1.025593,1.046561,1.039104,1.013131,1.044368,1.032518,1.017975,1.0709710000000001,1.004206,1.016625
2010-01-31,1.002431,0.955732,0.96216,0.95691,0.968295,0.967648,0.975133,0.975401,0.966342,0.963226,0.975508,0.975908,0.98074,0.979771,0.963747,0.94667,0.947061,0.977732,0.979306,0.942503,0.950977,0.952626,0.958767,0.927342,0.962374,1.032733,0.969253,0.99486,0.958773,0.960417,1.006782,0.950744
2010-02-28,1.038163,1.053669,1.036725,1.027467,1.022792,1.041981,1.033877,1.040139,1.046748,1.072668,1.072044,1.063557,1.12425,1.088033,1.050833,1.049249,1.02188,1.021946,1.0325280000000001,1.025819,1.057553,1.020013,1.022929,1.039145,1.035533,1.033032,1.049858,1.014022,1.040826,1.054309,1.055757,1.049805
2010-03-31,1.072701,1.071591,1.075584,1.065332,1.127285,1.087225,1.0710169999999999,1.077448,1.091103,1.07035,1.086385,1.058187,1.118297,1.100706,1.1021320000000001,1.095459,1.047437,1.057407,1.042867,1.06952,1.065808,1.044642,1.039724,1.058525,1.0853,1.077612,1.062406,1.07503,1.0840670000000001,1.074473,1.071805,1.062607
2010-04-30,1.042954,1.065462,1.047796,1.040388,1.060173,1.062547,1.064033,1.047302,1.115584,1.083537,1.078242,1.064855,1.123346,1.081137,1.115571,1.055081,1.010588,0.989114,1.007994,1.018786,1.045775,1.026132,1.029918,0.991038,1.047372,1.002033,1.016175,1.030217,1.003076,1.015851,1.041014,1.00806
2010-05-31,0.919274,0.959203,0.943519,0.940324,0.911286,0.929269,0.9422470000000001,0.922022,0.889043,0.878215,0.9293359999999999,0.898513,0.888622,0.900513,0.893064,0.900855,0.932868,0.931415,0.933594,0.908034,0.927274,0.939671,0.926946,0.918183,0.913749,0.906834,0.928498,0.884369,0.93055,0.900327,0.902568,0.9266490000000001
2010-06-30,0.913525,0.942545,0.938488,0.949377,0.894029,0.914235,0.933889,0.936018,0.911647,0.929659,0.911887,0.917463,0.8628480000000001,0.86292,0.862483,0.8707130000000001,0.952091,0.993096,0.967225,0.943958,0.929277,0.962899,0.94853,0.918022,0.929005,0.971711,0.937755,0.938299,0.912012,0.900045,0.933659,0.926111
2010-07-31,1.102562,1.071105,1.066731,1.060043,1.09097,1.067769,1.095558,1.037752,1.090937,1.071084,1.077232,1.051157,1.077164,1.070562,1.087161,1.040251,1.062737,1.077043,1.084895,1.063639,1.048335,1.054815,1.071494,1.058916,1.083311,1.093389,1.056601,1.065565,1.081207,1.09231,1.075556,1.017352
2010-08-31,0.917471,0.938935,0.956462,0.923806,0.912216,0.917377,0.921988,0.9295,0.893086,0.90872,0.937485,0.921502,0.926215,0.91187,0.915276,0.897355,0.953958,0.949059,0.960269,0.96698,0.953863,0.958127,0.949417,0.969547,0.937443,0.978442,0.982151,0.995499,0.9049,0.92109,0.953444,0.949904
2010-09-30,1.1707130000000001,1.157862,1.110775,1.134849,1.137983,1.141094,1.121116,1.118039,1.13494,1.127669,1.101902,1.101484,1.122465,1.113913,1.115987,1.103302,1.106283,1.100394,1.079457,1.119385,1.077129,1.069893,1.099956,1.108199,1.101276,1.079178,1.08041,1.0921,1.06741,1.110905,1.079339,1.061639
2010-10-31,1.039052,1.034133,1.046139,1.048723,1.027267,1.063894,1.030548,1.064003,1.026954,1.049629,1.018464,1.028074,1.051943,1.049358,1.024017,1.025633,1.034018,1.050228,1.05053,1.046541,1.047066,1.046378,1.037631,1.03789,1.059086,1.025349,1.036718,1.043637,1.042177,1.022937,1.026662,0.9686939999999999
2010-11-30,1.06297,1.045309,1.034194,1.023887,1.055723,1.044155,1.034045,1.03523,1.05895,1.040501,1.038862,1.036256,1.029402,1.038703,1.038583,1.010464,1.022212,1.005535,0.989938,0.990486,1.011425,1.031161,1.035639,1.012863,1.014322,0.997561,1.000989,0.980521,0.99987,0.997608,0.990167,0.989371
2010-12-31,1.113037,1.076444,1.078276,1.059338,1.124518,1.071317,1.080911,1.072697,1.092701,1.092667,1.0759940000000001,1.077474,1.101393,1.109271,1.110431,1.086589,1.055221,1.055468,1.063429,1.037664,1.085643,1.04495,1.050263,1.065838,1.072609,1.076473,1.056238,1.062713,1.119254,1.113415,1.085113,1.087389
2011-01-31,1.018732,0.98891,0.994035,0.991665,1.018966,1.004024,1.0066,1.003985,0.99483,1.019462,0.996498,0.996707,0.99377,1.030204,0.986698,0.999209,1.021539,1.037847,0.998588,1.005373,1.028327,1.061784,1.014164,1.039015,1.038397,1.013208,1.024385,1.004298,1.008253,1.050024,1.02744,1.039553
2011-02-28,1.089021,1.042623,1.069201,1.043691,1.091738,1.059433,1.030653,1.046659,1.057943,1.033354,1.046149,1.063922,1.046195,1.071014,1.063989,1.05102,1.04575,1.005512,1.024372,1.029353,1.02043,1.04068,1.034909,1.042088,1.055449,1.06074,1.037921,1.034151,1.011053,1.049704,1.05503,1.04835
2011-03-31,1.027391,1.045191,1.044249,1.026634,1.033091,1.007143,1.046869,1.026097,1.03416,1.008749,1.029888,1.007212,1.009942,1.015021,1.015161,1.018201,1.007903,1.017611,1.000275,1.004806,0.998203,0.992392,0.993735,1.014477,1.019754,1.025799,1.010226,1.018492,0.978729,0.993687,1.001735,0.970788
2011-04-30,1.024337,1.020348,1.0256,1.043084,1.010548,1.006781,1.014014,1.034221,1.018669,1.024105,1.024147,1.019544,0.999259,1.017877,0.993745,0.995554,1.046844,1.046198,1.031747,1.034801,1.029014,1.041948,1.052918,1.022804,1.028303,1.014793,1.040514,1.050782,0.994909,1.029207,1.028808,0.982184
2011-05-31,0.956218,0.987638,0.992093,0.990282,0.983698,0.9949,0.971442,0.988345,0.938276,0.965901,0.967145,0.968784,0.956553,0.964035,0.9669989999999999,0.976698,0.982332,0.994222,0.994164,1.006573,0.988676,0.971768,0.983024,0.991143,0.98029,0.988852,0.994041,0.988508,0.964071,0.986753,0.983372,0.969136
2011-06-30,0.93714,0.988893,0.990652,0.982556,0.964386,0.991043,0.985487,0.971186,0.98197,0.97549,1.002737,0.994097,0.972477,0.964767,0.972064,0.990204,0.985151,0.990271,0.995894,0.982953,0.96548,0.988229,0.981424,0.990753,0.979407,0.979766,1.003041,0.967658,0.979665,0.984285,0.99544,0.964359
2011-07-31,0.978394,0.932638,0.950758,0.96253,0.955737,0.966766,0.958374,0.947781,0.971351,0.964714,0.976028,0.971786,0.963357,0.960769,0.972837,0.962403,0.982921,1.004541,0.97347,1.007503,0.973911,0.96054,0.961549,0.998564,0.948922,0.962977,0.987232,0.99146,0.953084,0.959268,0.972369,0.961148
2011-08-31,0.904046,0.908074,0.910073,0.910035,0.871669,0.912824,0.920794,0.903898,0.879893,0.92227,0.93337,0.918781,0.873789,0.920032,0.9143060000000001,0.896942,0.941795,0.974762,0.941055,0.960193,0.99205,0.94499,0.948998,0.9252279999999999,0.953903,0.937426,0.933109,0.9281429999999999,0.92167,0.91794,0.925826,0.922884
2011-09-30,0.857945,0.893694,0.8993990000000001,0.895451,0.865016,0.893088,0.874893,0.881918,0.883716,0.908881,0.908871,0.898064,0.888283,0.890408,0.907426,0.872396,0.909713,0.947307,0.898962,0.948284,0.965728,0.92338,0.930364,0.944313,0.961855,0.906155,0.920104,0.882616,0.916532,0.8937930000000001,0.890864,0.909868
2011-10-31,1.135271,1.166043,1.154054,1.153014,1.1498680000000001,1.164104,1.168568,1.145646,1.165816,1.142317,1.142985,1.14667,1.119672,1.131683,1.115295,1.107093,1.101913,1.100453,1.123004,1.087458,1.075412,1.127405,1.09992,1.1310959999999999,1.084799,1.1324239999999999,1.132835,1.139071,1.110723,1.12292,1.117614,1.136048
2011-11-30,1.007851,0.996096,0.992333,0.970872,1.006498,0.988447,0.991011,0.984793,0.9942,1.012472,1.013325,0.990234,0.9952,1.000909,1.003583,0.989643,0.991063,1.0275859999999999,1.003464,0.975282,1.013548,1.005216,1.00468,1.010345,1.009596,1.008862,1.006913,1.014293,1.002496,0.959793,0.9783,0.986963
2011-12-31,1.007204,0.995843,1.007033,0.989918,1.019481,1.015068,0.999439,0.996777,1.010625,1.010762,1.00931,1.007894,1.015293,1.026902,1.013288,1.008918,0.99361,1.007041,0.996745,0.982521,1.029626,0.993977,1.003441,1.010364,1.064146,1.01069,1.025868,0.972445,1.009314,1.031265,1.01252,0.977809
2012-01-31,1.099213,1.083222,1.066313,1.077499,1.091157,1.062341,1.062198,1.081375,1.082136,1.047166,1.052628,1.067685,1.0455,1.05778,1.052808,1.064645,1.077264,1.026823,1.095433,1.087241,0.998525,1.06107,1.03249,1.029838,1.0155,1.049022,1.025087,1.042575,1.037613,1.059699,1.07553,1.03827
2012-02-29,1.050492,1.030798,1.026553,1.034072,1.0227870000000001,1.026601,1.019972,1.007482,1.039394,1.019772,1.022906,1.019606,1.064214,1.023345,1.03618,1.024518,1.022524,1.03946,1.040722,1.070233,1.049343,1.015325,1.021238,1.04044,1.024701,1.02881,1.053026,1.03676,1.069828,1.067787,1.03803,1.044858
2012-03-31,1.029535,1.036633,1.028255,1.015648,1.031191,1.021195,1.023418,1.032991,1.055072,1.015593,1.030676,1.03685,1.032162,1.037506,1.035026,1.016752,1.034146,1.039782,1.014634,1.056371,1.017807,1.014299,1.021756,1.021791,1.043986,1.00562,1.007428,0.985791,1.041593,1.06743,1.023588,1.014557
2012-04-30,0.9817,0.995911,0.988896,0.98755,0.971936,0.976511,0.984988,0.969801,0.987281,0.974653,0.988444,0.969655,1.013196,0.985667,0.986813,1.008029,0.993335,1.002084,0.989627,1.00366,1.001337,0.991934,1.000698,0.986028,1.014958,0.989646,0.992874,0.992954,0.996165,0.963964,0.974641,0.966853
2012-05-31,0.944228,0.9292940000000001,0.961138,0.927061,0.93557,0.949388,0.919261,0.922851,0.928939,0.9373549999999999,0.952578,0.940152,0.945283,0.946394,0.950727,0.916021,0.956549,0.937713,0.91453,0.941078,0.976876,0.985009,0.949688,0.909084,0.968735,0.9419420000000001,0.950729,0.918165,0.949836,0.912069,0.909529,0.928863
2012-06-30,1.075909,1.047924,1.031379,1.065498,1.060626,1.044052,1.05132,1.036188,1.061644,1.034243,1.025861,1.028779,1.052349,1.032622,1.061655,1.064618,1.039641,1.028339,1.026204,1.026371,1.035762,1.025873,1.024508,1.05399,1.062209,1.051447,1.0408,1.018685,1.03163,1.065253,1.027995,1.05257
2012-07-31,0.982594,0.975815,0.993619,0.962078,0.9652769999999999,0.980894,1.001438,0.98493,0.9678329999999999,0.989893,0.999733,0.982868,0.983088,0.980164,0.977295,0.974244,1.011318,1.006392,1.009216,1.003459,1.032483,1.021632,1.011419,1.043336,1.022033,1.015462,0.996785,1.015117,0.980373,0.99954,1.019757,1.005071
2012-08-31,1.016326,1.038759,1.030335,1.040595,1.051983,1.019633,1.024144,1.038824,1.043695,1.035101,1.030187,1.037917,1.051926,1.032647,1.012629,1.015094,1.024532,1.009521,1.003852,1.052076,1.014983,1.000996,1.024,1.044531,1.004755,1.009509,1.021982,1.021463,1.065683,1.021017,1.03251,1.039365
2012-09-30,1.043872,1.038936,1.029844,1.029304,1.038997,1.033033,1.038652,1.024165,1.023748,1.037132,1.031583,1.048742,1.05109,1.049936,1.030616,1.040386,1.031647,1.028002,1.018679,1.008349,1.0197,1.019484,1.022374,1.037688,1.042139,1.036484,1.020301,1.028543,1.051062,1.035385,1.04316,1.028211
2012-10-31,0.970026,0.96683,0.986323,0.948184,0.979566,0.989195,1.005426,0.994135,0.994682,0.988692,0.985603,0.96853,0.990054,0.984695,0.991409,1.016589,0.997792,0.97377,0.987875,0.940229,0.997163,1.003058,0.993821,0.972407,0.969358,0.99496,0.998823,0.964387,1.042474,0.994382,1.005599,1.010506
2012-11-30,1.03055,1.010764,1.014279,1.002817,1.019016,1.017917,1.013828,1.008819,1.017545,0.998831,1.013927,0.996975,1.016244,1.001904,0.999489,1.002337,1.041611,1.011675,1.01795,1.015493,1.005001,0.995346,0.997949,1.031256,1.003991,1.01484,0.979935,0.993107,1.000473,0.997749,0.989724,0.992
2012-12-31,1.017626,1.024445,1.033656,1.02984,1.025477,1.034151,1.033105,1.038413,1.036111,1.052612,1.040931,1.03751,1.055167,1.035071,1.034462,1.05211,0.996346,1.005362,0.995124,0.99037,0.981568,0.9972,1.003369,1.014991,1.0094,1.019071,1.010814,1.032431,1.068356,1.034127,1.044149,1.029328
2013-01-31,1.07165,1.065447,1.056878,1.065964,1.086062,1.051473,1.056539,1.06094,1.074848,1.060147,1.071683,1.061685,1.067441,1.050624,1.050571,1.036301,1.071273,1.0733030000000001,1.05295,1.009932,1.058671,1.044319,1.047597,1.06602,1.06132,1.062187,1.046887,1.078401,1.070507,1.065792,1.09371,1.079659
2013-02-28,0.989336,1.015924,1.006061,1.014907,0.993969,1.016303,1.006033,1.004131,1.022434,0.993268,1.035429,1.026074,1.026055,1.017294,0.990278,0.992575,1.012001,1.017251,1.016261,0.999366,1.015278,1.025586,1.00743,1.022855,1.026818,1.011375,1.005228,1.009318,1.008755,1.024233,1.02783,1.006484
2013-03-31,1.043135,1.051976,1.054356,1.049303,1.06477,1.043143,1.049563,1.035066,1.057463,1.040883,1.032764,1.045411,1.047108,1.045925,1.046591,1.04911,1.044678,1.046508,1.052673,1.0204,1.050158,1.055742,1.031661,1.02114,1.043809,1.053372,1.045408,1.022247,1.052256,1.048427,1.020635,1.038354
2013-04-30,1.004745,0.991646,0.988189,0.993919,1.015247,0.99687,0.987476,0.973021,0.967448,0.992786,0.991589,0.988232,1.000324,1.004634,1.003333,1.036119,1.030994,1.005838,1.016541,1.020067,1.023687,1.027786,1.008035,1.015792,1.009302,1.041851,1.013869,1.023122,1.023197,1.020738,1.017009,0.992974
2013-05-31,1.059641,1.047747,1.040399,1.058239,1.058413,1.047464,1.042859,1.064605,1.034363,1.057889,1.054779,1.053413,1.056908,1.047905,1.034281,1.069573,1.011512,1.001758,1.009168,1.040899,1.020639,1.000429,1.031639,1.032,0.992052,1.013582,1.013349,1.026743,1.070178,1.051007,1.0715,1.048692
2013-06-30,1.006245,0.990533,1.003289,1.003043,1.005771,1.006101,0.995128,1.001987,0.980672,0.989536,1.006693,1.002717,1.005212,1.011984,1.01929,0.965856,0.977325,0.968985,0.988568,0.967096,0.988222,0.998869,0.997477,0.99228,0.998323,0.997774,1.016223,0.986106,0.967383,0.997872,0.980284,0.991577
2013-07-31,1.083834,1.095496,1.054898,1.072589,1.089382,1.065081,1.063569,1.059836,1.107966,1.076695,1.069589,1.0760480000000001,1.091729,1.083264,1.065317,1.044024,1.056916,1.042424,1.035076,1.105217,1.042661,1.050974,1.043319,1.040422,1.045916,1.06071,1.050516,1.043535,1.063151,1.067703,1.057805,1.050411
2013-08-31,0.964217,0.977671,0.975365,1.008804,0.958032,0.95794,0.960926,0.977875,0.942587,0.950509,0.963351,0.976649,0.96271,0.963291,0.961915,0.981547,0.966364,0.963728,0.969836,1.013193,0.973194,0.982045,0.976507,0.981806,0.966811,0.953911,0.968775,0.977803,0.9646710000000001,0.947293,0.956604,0.983903
2013-09-30,1.047731,1.060205,1.049644,1.076435,1.077901,1.063346,1.054459,1.076683,1.071511,1.05154,1.063015,1.068205,1.051024,1.050887,1.048452,1.055274,1.046287,1.030286,1.046018,1.053151,1.013731,1.057225,1.027136,1.051177,1.036559,1.030758,1.031439,1.036393,1.033589,1.022574,1.019284,1.033571
2013-10-31,1.014271,1.017605,1.034091,1.00415,1.038805,1.043021,1.01355,1.0169,1.045291,1.045012,1.035875,1.044179,1.022268,1.0403,1.052282,1.017429,1.040544,1.028082,1.046034,1.049103,1.042479,1.029046,1.045503,1.049482,1.059035,1.044818,1.034569,1.034684,1.051603,1.038692,1.036823,1.039169
2013-11-30,1.056378,1.056085,1.036017,1.051732,1.063658,1.029422,1.039519,1.038935,1.049825,1.049895,1.034354,1.043457,1.021234,1.05854,1.063423,0.999392,1.024913,1.029055,1.031646,1.035982,1.034622,1.040153,1.033976,1.022284,1.009317,1.032516,1.012346,1.02565,1.031943,1.063227,1.024986,1.019836
2013-12-31,1.033882,1.018438,1.006744,1.019134,1.037504,1.028561,1.03023,1.038746,1.018339,1.010682,1.01248,1.041471,1.037651,1.011328,1.018035,0.999911,1.032887,1.017325,1.027621,1.029706,1.0366900000000001,1.031578,1.001546,1.047535,1.015409,1.048532,1.0284200000000001,1.040352,1.017491,1.020675,1.024235,1.02081
2014-01-31,0.988969,0.991303,0.97177,1.011498,0.968039,0.965421,0.931246,0.961983,0.980977,0.947948,0.958433,0.96013,0.966238,0.972053,0.967257,0.938899,0.956942,0.961427,0.957425,0.971159,0.9521,0.974933,0.97508,0.991797,0.950925,0.978433,0.94999,0.977595,0.943835,0.978272,0.965299,0.960565
2014-02-28,1.040933,1.031713,1.035436,1.048396,1.035587,1.03494,1.044676,1.068346,1.060449,1.054852,1.056024,1.066947,1.051187,1.046596,1.029386,1.039188,1.055956,1.053259,1.043302,1.060363,1.051711,1.051571,1.047768,1.050463,1.03609,1.0305,1.050278,1.060652,1.038082,1.024347,1.037282,1.040062
2014-03-31,0.989833,0.992281,1.001868,0.945655,1.010483,1.016263,1.007214,1.000118,0.995342,1.013962,1.020011,1.017338,1.016074,1.01394,1.027378,1.009222,0.997728,1.012456,1.000776,0.953259,0.999972,1.002719,1.026893,0.970726,1.022658,1.006881,1.009595,1.018076,1.022263,1.039387,1.06282,1.038634
2014-04-30,0.942186,0.938371,0.977728,0.925422,0.945979,0.975442,0.9677830000000001,0.962571,0.966265,0.96582,0.977471,0.994378,0.960986,0.96284,0.982737,0.983376,1.007453,1.008752,1.012683,1.004416,1.014145,1.004435,0.997079,0.981581,1.017142,1.000277,1.023187,0.988256,1.018266,0.966594,1.005686,0.998379
2014-05-31,0.99397,1.015076,1.00275,0.983211,0.996019,1.034014,1.014441,1.010126,1.003149,0.990318,1.001074,0.9869,0.983279,1.002976,1.029344,1.029251,1.015337,1.008519,1.024511,1.049056,1.01261,1.023257,1.016202,1.029233,0.999217,1.038941,1.015691,1.026761,1.019685,1.005328,1.016158,1.034234
2014-06-30,1.059522,1.060471,1.042948,1.097702,1.043643,1.048196,1.036461,1.053132,1.042374,1.047635,1.03855,1.052138,1.057436,1.040956,1.035922,1.055988,1.0189,1.003742,1.000965,1.036254,1.003178,1.021008,1.022074,1.021354,1.010282,1.015711,1.044304,1.056673,1.02652,1.035579,1.029649,1.056641
2014-07-31,0.988951,0.945063,0.9392780000000001,0.917378,0.944828,0.950545,0.929189,0.936209,0.9374830000000001,0.9518759999999999,0.93121,0.921162,0.9465749999999999,0.944602,0.962159,0.957719,0.961156,0.956113,1.008279,0.993758,0.977873,0.969738,0.975783,1.006249,0.989362,0.989848,0.98692,0.992468,0.973574,0.977872,0.972894,0.972906
2014-08-31,1.052899,1.03649,1.052225,1.047011,1.048989,1.040235,1.037147,1.038181,1.053685,1.042984,1.049364,1.049202,1.035254,1.046755,1.044497,1.030842,1.038921,1.050392,1.051621,1.060319,1.047531,1.039787,1.043651,1.047168,1.02924,1.025635,1.031509,1.029032,1.049207,1.035208,1.029404,1.055643
2014-09-30,0.950456,0.962266,0.965349,0.951022,0.955499,0.942517,0.93786,0.956947,0.920888,0.960377,0.9463,0.929588,0.901869,0.942234,0.939744,0.927704,1.001432,0.993154,0.981889,0.983763,0.985443,0.980135,0.988662,0.990571,0.975793,0.975179,0.973141,0.971584,0.987326,0.984174,0.960978,0.991715
2014-10-31,1.036829,1.069314,1.084079,1.0742099999999999,1.050693,1.057716,1.070296,1.041854,1.054183,1.088822,1.053535,1.030863,1.018425,1.074518,1.03993,0.990379,1.040238,1.019839,1.02235,1.027494,1.039511,1.015793,1.022093,1.029724,1.023304,1.036782,1.001027,1.003468,1.011714,1.014814,1.01345,1.008467
2014-11-30,0.998753,1.023756,1.019743,1.02221,1.019011,1.005651,0.999947,0.960639,0.975634,1.009101,0.990293,0.970078,0.980173,0.992792,0.986616,0.987393,1.046329,1.051918,1.007994,1.031441,1.051202,1.068185,1.013882,1.034783,1.03787,1.007219,1.041006,1.040818,0.998747,0.991873,0.996675,1.033242
2014-12-31,1.012767,1.010406,1.024401,1.029359,1.026427,1.015892,1.023981,1.030053,1.031957,1.045053,1.038267,1.030426,1.007083,1.030676,1.020367,1.042718,1.009616,0.98382,0.981007,0.989335,1.005307,1.006264,1.002435,0.962495,0.990371,1.003141,1.010948,0.984425,1.021996,1.024137,1.015936,1.00274
2015-01-31,0.979962,0.963552,0.960601,0.967411,0.961505,0.941472,0.964262,0.964119,0.947175,0.956378,0.957109,0.94151,0.936858,0.943192,0.94139,0.94208,0.96347,0.99486,0.984711,1.015214,0.995931,0.973603,0.958275,0.979779,0.958354,0.975835,0.962968,0.950994,0.925247,0.938802,0.93781,0.964919
2015-02-28,1.051117,1.067811,1.088272,1.077617,1.04925,1.0852,1.059844,1.088049,1.050694,1.043896,1.052053,1.080276,1.071666,1.043426,1.045585,1.072348,1.057612,1.057172,1.050102,1.076325,1.043713,1.042986,1.06098,1.078638,1.07814,1.044777,1.061314,1.072929,1.052338,1.054826,1.058683,1.052169
2015-03-31,1.009782,1.028185,1.017391,1.026188,1.008382,1.014826,1.01642,1.013747,1.002056,1.022157,1.014842,1.043454,1.009759,1.003805,1.0131269999999999,1.008606,0.985668,0.981564,1.001004,0.998875,0.991631,0.980692,0.989866,0.975729,0.982906,0.981749,0.98052,0.983771,0.980445,0.992491,0.991398,0.978478
2015-04-30,0.956181,0.985073,0.969857,0.969077,0.966531,0.968699,0.981025,0.99115,1.002845,0.977366,0.993309,0.983479,0.991088,0.987074,1.002523,1.004671,0.994526,0.979897,1.014592,1.00506,0.991315,0.9898,0.997401,1.031981,1.022561,1.007162,1.008431,1.019256,1.016455,1.02883,1.012922,0.988686
2015-05-31,1.011124,1.017867,1.016369,1.057117,1.028593,1.035573,1.019448,1.018508,1.001725,1.006193,1.017272,1.010078,1.006934,1.009191,0.999608,1.007028,1.014393,1.013353,1.020824,1.021515,1.018859,0.998566,1.006422,1.009363,1.016707,1.013721,1.014168,1.016743,1.008144,1.018626,1.001244,1.007625
2015-06-30,0.983299,1.019656,1.032678,1.031027,0.993575,0.997075,1.003627,1.000819,0.988034,1.009066,0.999021,1.019307,0.981611,1.022979,1.011302,1.036015,0.976674,0.980066,0.995467,1.013075,0.961923,0.963537,0.982895,0.966663,0.979781,0.994008,0.965684,0.990774,0.991726,0.989551,0.980706,0.964226
2015-07-31,0.968619,0.999652,1.002676,1.004325,0.977734,0.962831,0.990385,0.97242,0.908713,0.976934,0.959009,0.96481,0.876765,0.963881,0.951527,0.88783,1.022528,1.052771,1.026933,1.027246,1.009823,1.017156,1.029199,1.076225,1.017985,0.9956430000000001,1.002329,0.973097,0.977242,1.001798,1.018147,0.979127
2015-08-31,0.92468,0.948802,0.926485,0.890969,0.954736,0.954422,0.964143,0.943838,0.953733,0.946967,0.964024,0.962921,0.979948,0.97176,0.961306,0.98639,0.940695,0.96655,0.9361619999999999,0.926079,0.933017,0.929836,0.939745,0.955116,0.93145,0.939879,0.952537,0.950091,0.941576,0.931801,0.940556,0.948869
2015-09-30,0.897502,0.931657,0.953704,0.914606,0.940335,0.965221,0.96608,0.920726,0.914781,0.983558,0.981969,0.965918,0.881209,0.965502,0.9492,0.907949,0.983571,0.991925,0.989979,0.962266,0.943177,0.977085,0.974287,0.980904,0.977128,0.981597,0.971719,0.951036,0.942446,0.957949,0.98052,0.944115
2015-10-31,1.065036,1.060536,1.054925,1.042536,1.045149,1.075674,1.06225,1.071647,1.093183,1.047761,1.051291,1.05577,1.072042,1.056704,1.061349,1.052849,1.083336,1.078568,1.067406,1.087513,1.09255,1.064463,1.0664690000000001,1.131786,1.103075,1.093369,1.056987,1.067959,1.088191,1.061884,1.057363,1.033099
2015-11-30,1.058334,1.036485,1.033977,1.063394,1.034162,1.036143,1.038923,1.028554,1.060531,1.032248,1.042346,1.049717,1.010786,1.035848,1.034157,1.002808,1.005009,0.998339,0.993326,1.002989,0.992316,1.003041,0.996455,1.025267,0.99519,0.98517,1.000255,1.008457,1.016763,1.012123,1.0128,1.023323
2015-12-31,0.948034,0.983147,0.951414,0.966624,0.959643,0.946741,0.950143,0.947597,0.940357,0.94337,0.93592,0.935103,0.896456,0.950202,0.933007,0.900303,0.991415,1.002097,0.979101,0.97066,0.980972,0.997428,0.979026,0.995357,0.995451,0.976395,0.965608,0.939508,0.936893,0.958924,0.9869,0.941781
2016-01-31,0.864353,0.9198850000000001,0.915934,0.825374,0.941218,0.921683,0.944717,0.88349,0.946695,0.939971,0.946263,0.916452,0.8957729999999999,0.934014,0.917767,0.887354,0.979383,0.96591,0.930673,0.875654,0.93369,0.960267,0.950528,0.985038,0.939264,0.951681,0.978946,0.945914,0.90251,0.895519,0.954058,0.922083
2016-02-29,0.986814,0.998969,1.01132,0.985178,1.021,1.016152,1.009473,1.007499,1.010622,1.003927,0.994062,1.007377,1.014167,1.00937,0.996424,1.004444,1.013574,1.017408,1.004184,0.994054,1.023658,1.00941,1.011928,0.954417,1.001129,1.03967,1.00704,0.973023,0.960499,0.969731,0.989363,0.987891
2016-03-31,1.092722,1.076397,1.0732140000000001,1.071202,1.071648,1.076851,1.076666,1.077432,1.085864,1.065975,1.081341,1.096273,1.128283,1.083311,1.066834,1.124338,1.0690520000000001,1.061854,1.054343,1.071673,1.08284,1.050875,1.063892,1.076626,1.068626,1.062533,1.071966,1.098896,1.084976,1.076809,1.071061,1.100619
2016-04-30,1.042601,1.011984,1.004888,1.025893,1.007345,1.01388,1.002353,1.025978,1.058728,1.026781,1.021111,1.026732,1.051424,1.042905,1.041485,1.077815,0.997695,0.99022,1.006139,0.980935,1.003241,1.011434,1.006677,0.957658,1.017877,1.020441,1.015958,1.0569,1.055459,1.063533,1.02996,1.040429
2016-05-31,1.024026,1.016025,1.014653,1.029705,0.995157,1.016162,1.004744,1.020464,0.996028,1.010511,1.007876,1.021565,0.969622,1.023118,1.00592,0.982149,1.006498,1.015631,0.998818,1.044678,1.001887,1.008465,1.025828,1.043906,1.020788,1.020929,1.019856,1.024968,0.98868,1.011329,1.008685,1.033101
2016-06-30,0.95464,1.001892,1.029601,1.002082,0.975105,1.003281,1.002361,0.972985,1.005862,1.002323,1.000684,0.998044,1.039611,0.99886,0.983673,0.975289,1.024213,1.026885,1.005316,0.96709,1.000678,1.017298,0.993658,0.965318,1.017656,1.015025,1.034164,0.978008,0.965032,0.947693,0.996064,0.98488
2016-07-31,1.07417,1.053213,1.062996,1.074748,1.038792,1.073653,1.049149,1.057619,1.048628,1.054439,1.045905,1.056614,1.054222,1.075883,1.037068,1.091374,1.046782,1.045606,1.029256,1.069307,1.019201,1.045881,1.032718,1.047139,1.033269,0.992995,1.037982,1.0275,1.031793,1.041276,1.012722,1.030923
2016-08-31,1.02124,0.994762,1.005411,1.019292,1.037821,1.033912,1.015187,1.028983,1.073487,1.01909,1.046339,1.041629,1.025542,1.025176,0.998863,1.04488,0.969023,0.995266,0.999129,1.002082,1.001132,0.984048,1.004193,1.005799,1.005986,1.008963,1.015351,0.983248,1.033554,1.033411,1.027066,1.01917
2016-09-30,1.030041,1.027601,1.019957,1.030913,1.027659,1.007067,1.007915,1.025855,1.030152,1.010472,1.016,1.001286,1.023861,1.033726,1.007039,1.02196,0.998423,0.984513,0.999175,1.021236,1.00305,0.993915,0.999348,1.003922,1.013327,1.010137,0.98234,0.998019,1.002407,1.003591,0.985245,1.002123
2016-10-31,0.9173359999999999,0.945977,0.953458,0.898837,0.943851,0.934869,0.967451,0.93181,0.961005,0.966152,0.984221,0.987623,0.929619,0.939233,0.972477,0.983927,0.987226,0.988936,0.970624,0.971231,0.977662,0.973653,0.95797,0.991749,0.969833,0.979557,0.995663,0.97788,0.998844,1.017471,1.005945,0.990772
2016-11-30,1.107131,1.082049,1.115366,1.075231,1.124817,1.147872,1.124044,1.103292,1.150527,1.150134,1.148745,1.175091,1.176879,1.150304,1.132706,1.092966,1.033998,1.013915,1.01555,1.00097,1.049884,1.042835,1.055464,1.02083,1.041379,1.051947,1.075738,1.052582,1.1301619999999999,1.127461,1.082415,1.050208
2016-12-31,0.973343,1.033906,1.021347,0.988459,1.014316,1.013606,1.030656,1.03145,1.014223,1.041209,1.066811,1.059165,0.999867,1.018292,1.058122,1.043214,1.013995,1.030229,1.013105,0.999681,1.010785,1.019072,1.012612,1.009562,1.012103,1.014726,1.012765,1.051905,1.030918,1.035871,1.040213,1.030112
2017-01-31,1.022398,0.995071,1.00722,1.031929,1.016548,1.003712,0.988339,0.991965,1.018596,0.98372,0.970572,0.982907,1.035175,0.993978,1.007015,1.013059,1.022519,1.022108,1.008913,1.054559,1.01066,1.008342,1.048001,1.032517,1.00991,0.970214,1.021788,1.025065,0.994719,1.002741,1.01362,1.017038
2017-02-28,1.023462,0.999219,1.037811,1.031155,0.96773,1.01863,1.011455,1.026024,0.991866,1.001636,1.015617,1.025076,0.952219,0.987601,0.989364,1.035041,1.051965,1.028128,1.032551,1.057361,1.021838,1.046976,1.042874,1.026468,1.010804,1.022059,1.040348,1.01081,1.031954,1.043891,1.044935,1.024008
2017-03-31,1.033111,1.010798,1.022506,1.021738,1.004477,1.021802,0.99168,0.986547,0.991801,1.008792,0.985637,0.990395,0.971019,0.992792,1.004714,0.986191,0.994075,1.014023,1.014244,1.025421,0.996842,1.004913,0.991068,1.006519,0.994143,1.007423,0.983507,0.994754,0.989438,0.971283,0.978718,0.988104
2017-04-30,1.015992,1.02411,1.010698,1.022,1.000476,1.015547,1.021876,0.993564,1.01831,1.020599,1.012865,1.006104,0.961288,0.992957,1.019732,1.020743,1.000491,1.031954,1.009732,1.025196,1.005246,0.997491,1.016664,1.039711,1.014341,1.00676,1.004897,0.993405,0.989927,0.999867,0.993821,0.991557
2017-05-31,0.987902,0.991612,0.978052,0.99703,0.988259,1.013803,0.974079,0.967487,0.986272,0.961104,0.962916,0.957886,0.93438,0.943253,0.981962,1.004124,1.009808,1.022589,1.037427,1.035808,0.998675,1.027231,1.00104,1.027944,0.992655,1.005426,1.00237,1.006892,0.970489,0.984139,1.00414,1.001335
2017-06-30,1.057614,1.035686,1.014602,1.061866,1.01256,1.010183,1.037159,1.05429,1.024813,1.016467,1.029597,1.043454,1.030274,1.019987,1.042248,1.043498,1.009575,0.987475,0.99201,0.997049,0.996659,1.03527,1.003559,0.999902,0.998135,1.001136,1.008613,0.995689,1.067257,1.033737,1.018113,0.997128
2017-07-31,0.978733,1.032131,0.990873,1.009389,1.011387,1.002674,1.000976,1.0139,1.016734,1.011113,1.003831,1.007529,1.011966,0.997054,0.996871,0.996707,1.03431,1.025237,1.002685,1.029594,1.015209,1.000152,1.016795,1.040053,1.013721,1.007396,1.011623,1.035767,1.039815,1.021812,1.009105,1.023942
2017-08-31,0.986544,0.989482,0.985209,0.996673,0.963514,0.987541,0.971676,1.00639,0.973822,0.95222,0.983032,0.969918,0.969055,0.988378,0.982538,0.964579,0.99807,0.995952,1.011532,1.037242,0.993156,1.00622,0.987843,1.010599,0.970503,0.990189,1.002927,1.017393,0.982002,0.981647,0.989407,1.014703
2017-09-30,1.084024,1.045073,1.046297,1.054461,1.096454,1.073665,1.08322,1.083456,1.097123,1.088165,1.085121,1.107468,1.074386,1.063783,1.063781,1.087964,1.030289,1.035388,1.03295,0.990099,1.028377,1.019431,1.003713,1.019056,1.036128,1.036593,1.032931,1.028895,1.062742,1.049971,1.039397,1.025515
2017-10-31,0.981179,0.998203,1.020956,1.007852,1.000419,0.986256,1.00949,1.020036,0.975913,1.009171,1.007697,0.999815,1.019845,0.99288,1.020177,1.020162,1.017475,1.033566,0.99082,1.067618,0.963843,1.005002,1.003122,1.053606,1.033403,0.962381,1.024854,1.049121,0.984495,1.037093,1.038579,1.015554
2017-11-30,1.017147,1.019578,1.048285,1.031643,1.018504,1.006946,1.041514,1.016311,0.995641,0.997657,1.035941,1.040229,1.032162,1.035894,1.034627,1.017049,1.043669,1.05105,1.041182,1.026019,1.019369,1.032947,1.032964,1.022416,1.047397,1.059203,1.05309,1.00668,1.024546,1.027216,1.036603,1.028382
2017-12-31,1.034229,1.002771,0.999054,1.00246,1.020208,1.011545,0.976504,0.98951,1.020473,0.993692,0.988404,0.985986,1.054524,1.003164,0.971572,0.984052,1.022098,1.020232,1.010031,1.002991,1.030147,1.000938,1.020709,1.006373,1.008251,1.013156,1.01005,1.005248,1.036693,1.012533,1.015339,1.011705
2018-01-31,1.040889,1.044613,1.008006,1.033185,1.03176,1.039088,1.004792,1.052034,1.053629,1.008941,1.019356,1.019374,1.002408,1.027388,1.011609,1.006705,1.076302,1.061194,1.045481,1.09585,1.016593,1.057473,1.036608,1.077633,1.053076,1.032577,1.044271,1.052597,1.042137,1.051953,1.047795,1.060589
2018-02-28,0.959738,0.953536,0.98078,0.968307,0.991729,0.965552,0.958911,0.964144,0.948322,0.976263,0.973146,0.953946,0.9648909999999999,0.947325,0.938481,0.977147,0.95411,0.956699,0.955825,1.009416,0.933753,0.97255,0.944948,0.957302,0.905601,0.950378,0.984173,0.979052,0.940198,0.971217,0.957852,0.958656
2018-03-31,0.987371,1.008101,1.018587,1.020062,0.993613,1.015547,1.014291,1.004572,1.001746,1.015268,1.017429,1.024013,1.015906,1.022965,1.015099,1.024118,0.978429,0.979882,0.991005,0.966466,0.990965,0.962257,0.980702,0.952277,0.983852,0.988612,0.981721,1.006423,0.99824,0.961616,0.967479,0.976704
2018-04-30,0.994034,1.016682,1.004501,1.014137,1.000347,1.028164,1.012018,1.011885,1.028565,1.0035,1.006496,1.015755,1.065898,1.014838,1.028722,1.015071,1.005967,0.984537,0.983085,1.014057,1.001159,0.998358,0.994966,1.018881,1.005217,1.009571,1.027855,0.9802109999999999,1.053198,0.999639,1.006527,0.979187
2018-05-31,1.110295,1.056444,1.074867,1.074501,1.086173,1.059985,1.075014,1.087687,1.063966,1.066811,1.061284,1.071661,1.064106,1.055462,1.041748,1.058463,1.023699,1.036849,1.025748,1.059734,1.010671,1.026774,0.989054,1.051281,1.002589,1.019909,0.998711,1.03541,1.014147,0.971366,1.0045,1.014881
2018-06-30,1.017217,1.027564,1.020351,1.030217,1.022945,1.010797,1.004564,0.985652,0.967844,1.007445,1.003137,1.001288,1.017104,1.019849,0.991824,1.027958,0.994182,1.019445,1.010671,1.012649,1.024701,0.995739,1.01885,1.008472,1.01974,0.999384,1.008603,0.979604,1.007921,0.978994,0.991882,0.98301
2018-07-31,1.000027,1.018014,1.022085,1.013959,1.055921,1.021957,1.044078,1.006785,1.015776,1.027538,1.004286,0.998301,1.003832,1.012492,1.00314,1.008694,1.032142,1.048061,1.038792,1.019197,1.046866,1.0445,1.012533,1.06048,1.044439,1.031899,1.012221,1.02868,1.017668,1.07112,1.025785,1.04649
2018-08-31,1.052355,1.045606,1.06425,1.053058,1.037538,1.011097,1.032152,1.061689,1.001483,1.028659,1.034263,0.996815,1.048736,0.999198,1.037648,1.042803,1.017182,1.022668,1.035893,1.098603,1.035997,1.017617,1.015362,1.02573,1.005039,1.004259,1.058179,1.003929,0.999051,1.001381,1.002493,1.039163
2018-09-30,0.980752,0.998204,0.989703,0.975443,0.959435,0.986933,0.971736,0.960978,0.942433,0.981463,0.948527,0.967937,0.98835,0.993929,0.986388,0.970404,1.024123,1.031737,1.011438,0.996035,0.999046,1.022721,1.008312,1.008285,1.0229219999999999,1.001654,1.000609,0.967405,0.969477,0.9801,1.005597,0.994396
2018-10-31,0.869628,0.905654,0.871175,0.846698,0.893854,0.890687,0.888082,0.881665,0.885634,0.925046,0.90263,0.896057,0.898462,0.947187,0.916776,0.882207,0.9318379999999999,0.9146460000000001,0.915827,0.897311,1.004538,0.949697,0.920677,0.9154519999999999,0.936489,0.957054,0.965097,0.8966339999999999,0.94884,0.949683,0.926917,0.929862
2018-11-30,0.993242,1.009518,1.021227,1.014445,0.989525,1.029381,1.040367,1.019763,1.018692,1.033398,1.017228,1.003454,0.973264,0.987235,1.0273349999999999,0.994416,1.026877,1.024828,1.045254,0.984289,1.016034,1.041263,1.021958,1.032644,1.043365,1.017327,1.034865,1.025263,1.014474,1.020588,0.993159,1.04464
2018-12-31,0.875685,0.880895,0.882887,0.874357,0.884139,0.880492,0.885958,0.887773,0.8571,0.891254,0.8714729999999999,0.866989,0.873995,0.903174,0.882561,0.840117,0.92581,0.9254,0.916207,0.908334,0.937738,0.908283,0.914463,0.9206920000000001,0.901651,0.89302,0.914192,0.866777,0.878741,0.879616,0.890861,0.915589
2019-01-31,1.139732,1.101116,1.099177,1.144091,1.114964,1.107392,1.10362,1.096876,1.125192,1.081917,1.102416,1.100753,1.1289500000000001,1.109985,1.103313,1.128083,1.065313,1.089452,1.066923,1.103966,1.049046,1.055985,1.078248,1.078611,1.057386,1.100827,1.090547,1.144693,1.096136,1.105696,1.109127,1.036682
2019-02-28,1.047302,1.037923,1.047458,1.087612,1.04927,1.056796,1.040749,1.056429,1.01617,1.044707,1.052141,1.053954,1.003927,0.999872,1.029506,1.057051,1.041127,1.087157,1.039056,1.038473,1.051578,1.02133,1.04706,1.018538,1.014807,1.053903,1.042359,1.047841,1.018897,1.022723,1.013528,0.986536
2019-03-31,1.001108,0.987159,0.965306,0.998536,1.010541,0.980316,0.953342,0.982646,0.942724,0.956457,0.951687,0.944244,0.984233,0.978756,0.965411,0.953087,1.026411,0.988051,1.031042,1.04516,1.026033,0.994707,1.00843,1.024745,0.989381,1.01188,0.992161,1.012174,0.985007,0.975598,0.984012,0.99587
2019-04-30,1.004788,1.02624,1.051563,1.013232,1.018921,1.033187,1.055439,1.041144,1.017714,1.045592,1.051011,1.046555,1.018757,1.013919,1.049967,1.009066,1.024338,1.024435,1.036573,1.058275,1.022675,1.042021,1.021774,1.038229,1.010648,1.0332189999999999,1.028981,1.046098,1.030781,1.105847,1.042514,1.069946
2019-05-31,0.966885,0.917455,0.92087,0.921096,0.908737,0.924095,0.923951,0.921613,0.859422,0.931889,0.909666,0.893999,0.891643,0.900591,0.913139,0.87378,0.946717,0.94606,0.937442,0.925783,0.955001,0.936172,0.917256,0.934588,0.957827,0.933837,0.968378,0.909322,0.927182,0.9099,0.9400809999999999,0.896918
2019-06-30,1.085286,1.087773,1.077356,1.082151,1.065536,1.070521,1.078753,1.078923,1.089706,1.0639669999999999,1.076366,1.066395,1.063762,1.078893,1.047571,1.046432,1.068864,1.066281,1.069414,1.082301,1.071267,1.071705,1.069379,1.05757,1.063834,1.069986,1.050253,1.091203,1.077469,1.073292,1.085626,1.077162
2019-07-31,1.013915,1.018484,1.014591,0.982262,1.0063,1.030243,1.001985,0.991097,0.99125,1.008378,1.010031,0.988182,0.950948,1.023516,0.999323,0.975214,1.021947,1.024222,1.021628,1.003458,1.018775,0.995366,1.010045,1.050758,1.007525,1.017078,1.01308,1.026941,1.009538,1.006566,1.016306,1.021349
2019-08-31,0.945813,0.945129,0.946256,0.963769,0.938921,0.954513,0.938115,0.950816,0.923929,0.931932,0.939363,0.91829,0.836165,0.90713,0.938274,0.912308,1.004145,1.005433,1.00818,0.983544,0.961261,1.001461,0.96513,0.96788,0.913282,0.973106,0.994163,0.95671,0.925015,0.948882,0.943126,0.990786
2019-09-30,1.006953,1.013804,1.000394,0.973749,1.024572,1.045179,1.055536,1.026696,1.0625040000000001,1.05368,1.054172,1.051387,1.060196,1.108754,1.049165,1.033462,1.025802,0.996463,1.004556,0.969969,1.017864,1.021568,1.02308,1.003727,1.05142,1.019101,1.039497,1.031846,1.073653,1.043225,1.05295,1.051076
2019-10-31,1.013497,1.058133,1.030878,1.04851,1.030218,1.023822,1.011773,1.0379369999999999,0.984159,1.007318,1.022551,0.997158,1.014721,1.032998,0.993559,1.000136,1.037772,1.023669,1.025748,1.024985,1.007895,1.003457,1.05434,1.0207869999999999,1.014718,1.038366,0.997505,1.037824,0.999661,1.021152,1.009908,1.026912
2019-11-30,1.061463,1.029664,1.05098,1.063684,1.012465,1.022635,1.028566,1.035494,1.028036,1.050502,1.033987,1.04425,1.037815,1.0254780000000001,1.00072,1.029122,1.044693,1.019784,1.04767,1.053078,1.020874,1.04132,1.046622,1.050715,1.062483,1.020133,1.003041,1.038542,1.038327,1.039665,1.024779,1.017157
2019-12-31,1.036858,1.035947,1.013656,1.036001,1.056288,1.037801,1.045259,1.047243,1.011674,1.027876,1.032585,1.050873,1.093466,1.050134,1.060295,1.078751,1.05629,1.021235,1.034756,1.011114,1.027492,1.004757,1.028733,1.021393,1.034296,1.022168,1.034004,1.026829,1.019475,1.035437,1.039135,1.031932
2020-01-31,0.995712,0.978673,0.958312,0.987154,0.937088,0.945677,0.9374830000000001,0.973999,0.928299,0.916568,0.943069,0.938699,0.886161,0.910187,0.909104,0.910488,1.011818,1.007703,1.044408,1.046215,0.979418,0.988154,0.982902,1.027211,0.998197,0.981608,1.022408,0.966951,0.9113100000000001,0.955622,0.95069,0.971398
2020-02-29,0.905179,0.905353,0.934789,0.958378,0.922847,0.905864,0.881323,0.9129700000000001,0.934558,0.892227,0.9141360000000001,0.902965,0.882787,0.891698,0.883606,0.8924529999999999,0.907359,0.913624,0.945219,0.947638,0.921153,0.912714,0.916393,0.939074,0.895994,0.928113,0.896487,0.90452,0.87197,0.889321,0.879272,0.913706
2020-03-31,0.827346,0.801838,0.815871,0.799686,0.808384,0.800042,0.803714,0.767621,0.762511,0.772003,0.765444,0.713723,0.711449,0.6687989999999999,0.6665,0.6721619999999999,0.91662,0.863167,0.921199,0.920161,0.92984,0.9171199999999999,0.891914,0.866618,0.7766379999999999,0.8530409999999999,0.840124,0.828813,0.708646,0.783703,0.703542,0.776358
2020-04-30,1.213842,1.1760709999999999,1.127107,1.177171,1.116565,1.125859,1.105499,1.140768,1.171612,1.124012,1.083502,1.140068,1.192942,1.189968,1.275035,1.262953,1.126018,1.146346,1.147184,1.172052,1.133675,1.100534,1.115722,1.15795,1.143417,1.114282,1.059444,1.149581,1.144187,1.115319,1.139731,1.116568
2020-05-31,1.0875569999999999,1.078178,1.076539,1.122092,1.012588,1.0179,1.013165,1.08948,1.024435,1.060786,1.018511,1.034931,1.02239,1.062682,1.058007,1.088306,1.048678,1.095831,1.053977,1.071813,1.043505,1.039527,1.06184,1.075045,1.040279,1.060024,1.037858,1.045426,0.996534,1.017498,1.026145,1.037637
2020-06-30,1.089571,1.027032,1.011973,1.042235,1.031727,1.020903,1.028365,1.050789,1.044934,1.034327,1.02802,1.050883,1.064341,1.006152,1.029248,1.008738,1.048094,1.009185,1.072851,1.067318,0.996514,0.992195,0.985697,1.000986,1.004645,0.987271,0.987749,0.97804,1.015818,0.982128,1.019383,1.002015
2020-07-31,1.015295,1.039536,1.033675,1.013311,1.081725,0.998347,1.013621,1.036278,1.048041,1.016206,1.007337,1.021574,1.121066,1.051335,1.008697,1.00785,1.095841,1.031583,1.049554,1.098741,1.062607,1.017381,1.061389,1.070296,1.023111,1.068096,1.047452,1.046187,0.992922,1.00906,1.052191,1.048053
2020-08-31,1.065534,1.055305,1.050891,1.076403,1.038714,1.012914,1.033864,1.08293,1.019128,1.030334,1.050124,1.045887,1.031561,1.08112,1.09022,1.089478,1.112979,1.074964,1.146898,1.093042,1.025036,1.048426,1.040813,1.0822289999999999,1.052557,1.038686,1.006372,1.05306,1.028705,1.014032,1.05271,1.030853
2020-09-30,0.998175,0.933186,0.971486,0.99518,0.9331389999999999,0.936779,0.944932,0.998786,0.916617,0.94285,0.944628,0.9422159999999999,0.988353,0.931843,0.915806,0.969398,0.946392,0.988857,0.943063,0.95916,0.991638,0.996702,0.99411,0.931069,0.959151,0.990355,0.967029,0.982753,0.929986,0.943318,0.975579,0.979542
2020-10-31,1.021913,1.032425,1.044524,1.004857,0.996489,1.005927,1.042698,0.996574,1.030968,1.084954,1.06109,1.07855,0.992417,1.010711,1.071051,1.046617,0.950338,0.95097,0.961327,0.963936,0.999898,0.977147,0.994036,1.028878,0.985274,1.002007,1.024109,0.989779,1.004022,0.991139,0.989694,0.978305
2020-11-30,1.2270240000000001,1.242255,1.16859,1.2202009999999999,1.231549,1.176168,1.1479460000000001,1.168434,1.236376,1.153847,1.175097,1.202102,1.238925,1.252508,1.2141410000000001,1.241566,1.100804,1.123025,1.126466,1.098632,1.127837,1.120422,1.086005,1.085973,1.155673,1.14341,1.095422,1.1536089999999999,1.230658,1.160475,1.155361,1.1389179999999999
2020-12-31,1.11934,1.078448,1.10197,1.1265,1.076797,1.080359,1.085638,1.076243,1.090671,1.092072,1.086132,1.098539,1.01634,1.070234,1.095895,1.076038,1.07407,1.037366,1.070429,1.043769,1.012887,1.021629,1.014244,1.011577,1.050197,1.036674,1.032595,1.078471,1.044837,1.068682,1.034371,1.029518
2021-01-31,1.096595,1.039052,1.018245,1.050739,1.09418,1.063943,1.051626,1.04784,1.079561,1.023172,1.040828,1.034662,1.721716,1.082048,1.028793,1.183762,0.989817,0.955593,1.015733,0.985718,1.037774,1.015916,0.981317,1.005562,1.004797,0.981272,0.990813,0.967317,1.032052,1.017119,0.999081,0.979652
2021-02-28,1.095083,1.0742,1.114944,1.044204,1.080473,1.099941,1.089128,1.087454,1.098897,1.12808,1.125546,1.143913,0.816566,1.1536870000000001,1.130713,1.086871,0.960138,1.039925,0.985326,1.01415,1.023023,1.034529,0.992969,1.044791,1.091528,1.073067,1.04279,1.074923,1.103037,1.123648,1.080817,1.1228609999999999
2021-03-31,0.972813,1.043572,0.992455,0.968015,1.045081,1.038099,1.055753,1.030306,1.068012,1.056958,1.063657,1.043219,1.129102,1.06781,1.089699,1.064437,1.040944,1.037406,1.020224,0.976128,1.037999,1.0541,1.05925,1.051958,1.042311,1.067815,1.092838,0.99435,1.083779,1.066857,1.062422,1.048403
2021-04-30,0.99705,1.013175,1.042034,1.02849,1.021674,1.000029,1.010771,1.025187,0.987272,1.032058,1.014792,1.005826,0.987158,1.0147,1.012555,1.014345,1.038932,1.03459,1.068352,1.078549,1.036236,1.023875,1.036237,1.103278,1.041337,1.038811,1.043017,1.024045,1.031865,1.050028,1.057732,1.039935
2021-05-31,0.980628,1.036644,0.997205,0.981059,1.002608,1.035016,1.029039,1.004081,1.055629,1.054744,1.025862,1.019915,1.131659,1.113093,1.055798,1.070538,0.987497,1.012994,0.981882,0.969447,1.015194,1.013014,1.006034,1.000182,1.044395,1.034489,1.013957,0.999174,1.053278,1.038072,1.043178,1.030233
2021-06-30,1.036101,0.999756,1.016951,1.060131,1.057176,1.004002,0.994072,0.998144,1.005486,0.962399,0.955234,0.98626,1.04732,1.000731,0.974973,1.06378,1.052494,1.014797,1.065819,1.080739,1.004412,1.002102,0.997192,1.035747,0.98318,0.971479,0.978056,1.008389,0.959286,0.992304,0.963697,0.952631
2021-07-31,0.922929,0.9557059999999999,0.976109,0.958905,0.972344,0.974116,1.002091,0.960516,0.957763,0.976622,0.982445,0.960063,0.922924,0.971821,0.983271,0.953117,1.049739,1.038926,1.030733,1.012885,1.012109,1.017666,1.048638,1.019361,1.006449,1.018168,0.990714,0.99323,0.961402,0.99749,0.970227,0.987971
2021-08-31,1.001723,1.007636,1.044509,1.024869,0.992328,1.028907,0.998809,1.023314,1.033523,1.004691,1.021408,1.025419,1.00963,1.030891,1.050748,1.027424,1.033292,1.028768,1.006266,1.047014,1.02214,1.025359,1.04318,1.038071,1.008301,1.02358,1.008291,1.01604,0.988228,1.026987,1.062844,1.055452
2021-09-30,0.9768,0.984086,0.945608,0.95015,0.998135,0.965099,0.947875,0.969883,1.017754,0.993805,0.97765,0.977018,1.067159,0.99989,1.008675,1.007123,0.938421,0.945121,0.962362,0.950251,0.943701,0.940917,0.934274,0.943318,0.970872,0.93988,0.96305,0.957691,1.028698,0.975491,0.990115,0.993335
2021-10-31,1.017,1.040699,1.055702,1.022679,1.035067,1.040106,1.041048,1.041405,1.056632,1.02344,1.038991,1.027517,1.065675,1.049685,1.020148,1.040473,1.064431,1.109764,1.05876,1.101424,1.033673,1.044488,1.080246,1.033757,1.015637,1.026312,1.016486,1.056102,1.060101,1.047628,1.0705230000000001,1.055273
2021-11-30,0.9222859999999999,0.973474,0.970592,0.9339189999999999,0.975871,0.995858,0.99517,0.979583,0.907015,0.976418,0.97988,0.969242,0.919805,0.980787,0.979905,0.974768,1.058991,0.996542,0.958312,1.011609,0.955481,0.959753,0.96228,0.985564,0.999841,0.973874,0.990772,0.95165,0.954217,0.972743,0.9348259999999999,0.942484
2021-12-31,1.011246,1.042418,1.044158,0.98283,1.045432,1.045931,1.069045,1.026558,0.999955,1.040382,1.07227,1.044703,1.03884,1.051629,1.052161,1.043198,1.078113,1.035214,1.043716,0.968899,1.072246,1.065614,1.055328,1.028502,1.063664,1.062753,1.089246,1.041476,1.050213,1.073889,1.019919,1.029619
2022-01-31,0.90512,0.926543,0.891189,0.843402,0.91034,0.926464,0.9234519999999999,0.8910750000000001,0.992675,0.980612,0.958697,0.964664,1.048553,0.974308,0.993297,0.997339,0.973576,0.935723,0.926096,0.866931,0.973209,0.94568,0.946419,0.909301,0.987264,0.977045,0.943716,0.948726,1.097535,1.023728,1.023195,0.987272
2022-02-28,1.048541,1.010698,0.97885,0.992161,1.050132,1.015965,1.012754,1.009409,1.056703,0.9995,1.018452,1.006733,1.09868,1.021713,1.012867,0.997157,0.959174,0.968445,0.95119,0.980806,1.000793,0.998661,0.9918130000000001,0.870676,0.978086,0.979625,1.004585,1.023859,1.034973,1.001145,0.998175,0.958995
2022-03-31,1.05015,0.996966,1.010452,1.017374,1.036998,1.016208,1.018383,0.985128,1.066798,1.015304,1.008516,0.95143,1.094982,1.051328,0.976489,0.983027,1.051224,1.026524,1.010601,1.063567,1.028322,1.040086,1.035151,1.040083,1.047594,1.037348,1.014653,1.001496,1.043673,1.052678,0.966926,0.960421
2022-04-30,0.8975299999999999,0.92084,0.899494,0.845187,0.901337,0.920585,0.928166,0.919299,0.931173,0.939405,0.933623,0.926407,0.957515,0.988141,0.945274,0.946161,0.922933,0.9218729999999999,0.917808,0.832158,0.934446,0.945565,0.898103,0.905613,0.953333,0.938398,0.93958,0.894298,0.984441,0.921759,0.914624,0.901301
2022-05-31,0.978489,1.008876,1.010104,0.940142,1.000986,1.016935,1.030797,0.999241,1.053963,1.057979,1.042104,1.019875,1.093013,1.038776,1.022726,1.0347,0.953426,0.979456,1.002113,0.951373,1.013525,0.971271,1.004987,0.990668,1.060549,1.027045,1.020261,1.031494,1.11044,1.008923,1.033981,1.076252
2022-06-30,0.893462,0.9206989999999999,0.93679,0.979244,0.9218379999999999,0.9127810000000001,0.949642,0.935059,0.854371,0.9358150000000001,0.932063,0.92612,0.790597,0.857397,0.899234,0.9121509999999999,0.916236,0.938295,0.910171,0.920493,0.902778,0.92166,0.963944,0.929382,0.90378,0.9152480000000001,0.883465,0.930844,0.86965,0.887305,0.883969,0.876507
2022-07-31,1.111707,1.102283,1.109143,1.15961,1.109491,1.080133,1.110548,1.12087,1.060992,1.0791520000000001,1.083126,1.133628,1.118066,1.064942,1.0901399999999999,1.081802,1.028306,1.079757,1.138393,1.174382,1.047428,1.05202,1.071039,1.100164,1.043523,1.073772,1.015523,1.091974,1.073279,1.062818,1.075649,1.101589
2022-08-31,1.058508,0.957277,0.972014,0.993535,0.982594,0.965332,0.971944,0.982768,0.99565,0.957357,0.990878,0.972305,0.976076,0.986836,0.977546,1.008036,0.969731,0.949616,0.947401,0.942324,0.962939,0.975256,0.963927,0.951913,0.989072,0.984281,0.960978,1.00405,0.989898,0.990768,0.973682,0.983684
2022-09-30,0.905159,0.908632,0.900311,0.90848,0.891053,0.894817,0.905698,0.908394,0.909376,0.895448,0.908094,0.897179,0.871449,0.908146,0.925803,0.868998,0.920361,0.936987,0.893008,0.891525,0.934161,0.938787,0.94367,0.934283,0.882732,0.900871,0.885488,0.914293,0.910327,0.905945,0.930814,0.897195
2022-10-31,1.046533,1.117963,1.067245,1.068343,1.13864,1.112327,1.119594,1.069568,1.11243,1.1415899999999999,1.143901,1.086299,1.153793,1.150443,1.137675,1.114866,1.108037,1.097483,1.041204,1.029393,1.132182,1.059563,1.082317,1.0657510000000001,1.120324,1.092504,1.091315,1.115402,1.151438,1.157478,1.130833,1.111604
2022-11-30,1.046087,1.035574,1.022504,0.976523,1.000451,1.071259,1.019979,0.996242,1.031883,1.029506,1.067933,1.015904,1.032395,1.0319180000000001,1.007546,0.996763,1.079191,1.060672,1.034081,1.050382,1.058137,1.066737,1.093617,1.026922,1.049646,1.038376,1.054715,1.041805,1.045065,1.044822,1.069483,1.065818
2022-12-31,0.963153,0.932404,0.952719,0.923232,0.935512,0.9387490000000001,0.942117,0.9255599999999999,0.952662,0.955313,0.924181,0.925656,0.97548,0.929526,0.956233,0.906458,0.978135,0.946541,0.899608,0.916791,0.962467,0.968209,0.971339,0.9264330000000001,0.951789,0.963934,0.960884,0.955187,0.95549,0.961121,0.949053,0.919324
2023-01-31,1.128793,1.149969,1.1388340000000001,1.13866,1.136442,1.102382,1.101293,1.135275,1.104881,1.0727389999999999,1.058374,1.103796,1.113041,1.07117,1.061144,1.088664,0.989959,1.053155,1.099915,1.136622,1.023538,1.022688,1.0151,1.0933869999999999,1.092159,1.043671,1.061299,1.062137,1.036772,1.074881,1.037819,1.081339
2023-02-28,0.955977,0.971468,0.991546,0.97436,0.950918,1.000083,1.007617,0.982119,0.958334,0.987198,1.000879,0.963849,0.976556,0.983966,1.001166,0.983822,0.989921,0.961032,0.996458,0.979088,0.978102,0.985734,0.965711,0.965086,0.956158,0.96017,0.958536,0.963381,0.956271,0.9645,0.980208,0.964123
2023-03-31,0.96621,0.950673,0.987565,0.959735,0.940552,1.005425,0.968466,0.952556,0.946915,0.941198,0.9228540000000001,0.909235,0.904473,0.886373,0.904092,0.909913,1.041478,1.040285,1.097155,1.073464,1.002309,1.03309,1.014023,1.037369,1.019455,1.014521,1.024872,0.918233,0.941203,0.939935,0.951454,0.91942
2023-04-30,1.030773,0.97553,0.955822,0.995256,0.98664,0.978858,0.964561,0.971269,1.001411,0.975527,0.959456,0.979985,1.009699,0.95396,0.980317,0.968782,1.010231,1.041358,1.011737,0.989718,0.996998,1.032718,0.989679,0.992097,1.03051,1.006387,0.992559,0.996323,1.015855,1.016805,1.039215,1.017131
2023-05-31,0.962603,0.98712,1.010756,1.026313,0.996147,1.008704,0.998761,1.03318,0.980492,0.955251,1.016569,0.973413,0.958654,0.943931,0.966348,0.995388,0.983086,0.991929,1.063232,1.090913,0.982847,0.991818,0.971357,0.997602,0.937618,0.939627,0.959341,0.969335,0.93397,0.91388,0.966149,0.9275329999999999
2023-06-30,1.012666,1.102661,1.085544,1.079909,1.082442,1.077911,1.077897,1.072168,1.075465,1.082873,1.07802,1.131993,1.0966879999999999,1.091925,1.085047,1.027278,1.055925,1.077803,1.071859,1.076797,1.057968,1.069119,1.073621,1.035485,1.059436,1.06465,1.054673,1.089209,1.071049,1.052784,1.062418,1.05705
2023-07-31,1.057755,1.058173,1.045443,1.049468,1.074041,1.053117,1.0682800000000001,1.066034,1.080188,1.1083,1.096413,1.082547,1.071974,1.091135,1.083288,1.1323210000000001,1.036519,1.018401,1.01272,1.028414,1.012757,1.076493,1.04657,1.026687,1.050071,0.99888,1.026416,1.068283,1.076616,1.044188,1.063657,1.09213
2023-08-31,0.892212,0.935206,0.941267,0.957839,0.925802,0.953941,0.938865,0.94999,0.916567,0.938544,0.960198,0.946777,0.936603,0.909987,0.969012,0.984146,0.982538,0.990707,0.990512,0.991361,1.007191,1.014769,0.957378,0.969604,0.978104,0.981891,0.996621,0.936858,0.939895,0.973496,0.94388,0.957855
2023-09-30,0.919108,0.950463,0.9322550000000001,0.933937,0.930679,0.943809,0.938072,0.963128,0.883566,0.93964,0.948928,0.969607,0.939393,0.9328,0.928818,0.929023,0.947278,0.935585,0.951843,0.9466,0.959372,0.950597,0.966794,0.946801,0.96547,0.955822,1.002517,0.963774,0.979889,0.97465,0.976374,0.950921
2023-10-31,0.9181010000000001,0.942311,0.936788,0.886686,0.922401,0.933623,0.95624,0.933342,0.91547,0.959913,0.96619,0.953458,0.911058,0.937361,0.93394,0.921,0.972086,0.989461,0.98545,0.993179,0.975675,0.942453,0.965247,0.953334,0.962513,1.015086,0.939434,0.973731,0.962434,0.959317,0.980657,0.954079
2023-11-30,1.105277,1.094064,1.088868,1.075102,1.132727,1.102187,1.071155,1.093067,1.128959,1.096265,1.081662,1.096735,1.09458,1.113731,1.059276,1.164326,1.095393,1.090737,1.091809,1.123216,0.986345,1.079244,1.064924,1.100073,1.064953,1.05084,1.043746,1.136693,1.111624,1.074647,1.131386,1.111825
2023-12-31,1.143796,1.124801,1.102751,1.124521,1.136485,1.098945,1.104421,1.12724,1.185644,1.141081,1.132678,1.132455,1.164703,1.126554,1.145187,1.211728,1.099993,1.019261,1.06578,1.033411,1.042961,1.055121,1.038422,1.072417,1.059429,1.057217,1.01684,1.093778,1.079675,1.051682,1.097068,1.124114
2024-01-31,0.96258,0.97016,0.956688,0.954056,0.985027,0.947186,0.938582,0.97007,0.968387,0.932518,0.943297,0.956878,0.936897,0.960979,0.960276,0.950402,1.028135,0.998881,1.031994,1.032896,0.994498,1.006148,0.987656,1.007539,1.006916,1.015361,1.01117,1.061738,1.010962,1.021725,0.970385,0.965893
2024-02-29,1.131623,1.032556,1.03579,1.051275,1.059262,1.056318,1.020254,1.084897,1.062817,1.007704,0.988061,1.029988,1.033657,1.02521,1.0158,1.077247,1.060433,1.02216,1.047454,1.097321,1.026927,1.016353,1.036231,1.0680290000000001,1.039474,1.027164,1.021842,1.1605,1.03888,1.050019,1.014958,1.045826
2024-03-31,1.011429,1.014525,1.007722,1.013038,1.044484,1.022525,1.052725,1.026534,1.00146,1.042702,1.036804,1.010005,1.061963,1.075338,1.050318,1.053339,1.031928,0.989268,1.027057,1.026598,1.040447,1.068844,1.052123,1.043205,1.052064,1.03309,1.073938,1.007105,1.067431,1.0594,1.073749,1.101592
2024-04-30,0.899221,0.924133,0.93769,0.928022,0.900043,0.944338,0.951085,0.925647,0.912559,0.950826,0.956738,0.936685,0.925029,0.926303,0.94802,0.918883,0.94084,0.973152,0.956788,0.953373,0.94047,1.038278,0.978813,0.958695,0.973521,0.986767,0.983502,0.898195,0.965476,0.946551,0.910264,0.924886
2024-05-31,1.039106,1.040639,1.020934,1.077144,1.070259,1.051055,1.033743,1.081535,1.001683,1.057005,1.048345,1.040657,1.005612,1.041362,1.103939,1.031909,1.024201,1.052258,1.045741,1.0795919999999999,1.033909,1.04302,1.020701,1.036718,1.03434,1.036706,1.025102,1.032149,1.054433,1.026908,1.02566,1.04831
2024-06-30,0.98855,0.996781,0.984698,0.994084,0.955062,0.980283,0.961353,0.9631689999999999,0.983186,1.00059,0.99191,0.981982,0.9638100000000001,0.975327,0.976218,0.96883,1.07611,1.049455,1.018185,1.081357,1.012907,1.023872,0.983133,0.982799,0.984964,0.972944,0.987688,1.037027,0.993057,0.982441,0.989205,0.985576
2024-07-31,1.108507,1.089229,1.078589,1.070331,1.086836,1.08994,1.099134,1.126089,1.104136,1.093263,1.142673,1.151793,1.1357599999999999,1.088735,1.163788,1.155137,0.979749,1.032777,1.025296,0.970686,1.043276,1.037147,1.047413,0.99853,1.019062,1.035677,1.053572,1.062441,1.075161,1.051132,1.058519,1.087377
2024-08-31,1.026403,1.009311,0.976212,0.986011,0.970299,0.975753,0.992662,0.962517,0.950596,0.983041,0.975838,0.98397,0.982725,0.982862,0.976973,0.975045,1.026261,1.035923,1.036869,1.012613,1.05959,1.008509,1.028538,1.010661,1.010815,0.998865,1.002831,1.011462,1.019797,1.012932,1.027395,1.056445
2024-09-30,1.0199259999999999,1.033019,0.995886,1.018612,1.018363,1.005435,1.009634,1.000483,1.005525,0.999485,0.993394,1.013159,0.988525,0.998765,1.014509,0.97898,1.029013,1.012252,1.019217,1.032103,1.028006,1.047348,1.029073,1.035523,1.004404,1.011039,1.009565,1.014793,1.00395,1.0074,0.978409,0.975105
2024-10-31,0.974328,0.976317,0.999694,1.012342,0.977885,0.973602,0.975593,0.98086,0.974423,1.018279,0.987761,0.983108,0.984246,0.985184,0.999418,1.003396,1.036519,0.970061,0.985125,0.975495,0.997367,0.956106,1.002386,1.0042740000000001,0.989104,1.001586,0.960915,0.988265,0.997533,1.049437,1.031472,0.98502
2024-11-30,1.09849,1.15659,1.1226099999999999,1.137888,1.080764,1.129613,1.098363,1.132451,1.101073,1.141403,1.110517,1.11553,1.073686,1.094571,1.115639,1.119143,1.029613,1.062804,1.074911,1.088928,1.074529,1.043808,1.066011,1.047316,1.038535,1.060608,1.076954,1.062638,1.074948,1.10405,1.104505,1.09496
2024-12-31,0.926112,0.954792,0.911266,0.924388,0.920821,0.913745,0.922511,0.900162,0.915118,0.923483,0.93067,0.925884,0.950711,0.935667,0.909323,0.92777,1.016289,1.016748,0.941302,0.99734,0.946861,0.945849,0.939295,0.995767,0.931228,0.9228000000000001,0.902489,0.933231,0.924932,0.934446,0.932817,0.941058
2025-01-31,1.007211,1.021171,1.052656,1.015569,1.038114,1.007694,1.042534,1.034209,0.999893,1.019355,1.051236,1.019804,1.014586,1.008259,0.996429,1.03378,0.949496,0.978075,1.063787,1.035229,1.077124,1.029212,1.064745,1.094602,1.046397,1.025204,1.032502,1.027452,1.04506,1.064066,1.089691,1.053872
2025-02-28,0.934601,0.897587,0.929182,0.928183,0.901605,0.920094,0.961307,0.923397,0.9155599999999999,0.95274,0.971299,0.956625,0.94503,0.984109,0.969142,0.981496,1.001391,1.016124,1.009748,0.940068,1.023782,0.9258379999999999,0.970041,0.910413,1.030757,1.023435,1.014309,0.975078,0.990777,1.008896,1.005914,1.041779
2025-03-31,0.913465,0.9207730000000001,0.943573,0.913904,0.921566,0.924651,0.952319,0.917953,0.886889,0.947388,0.952173,0.946819,0.910063,0.935584,0.93731,0.935235,0.894014,0.935199,0.952133,0.919682,0.949241,0.953286,0.97636,0.921932,0.967762,0.997612,0.991009,0.9602040000000001,0.953032,0.950008,0.953659,0.996734
2025-04-30,0.971594,1.001463,0.945137,0.998793,0.978968,0.951911,0.979511,0.991681,0.938775,0.963679,0.978384,0.965012,0.938687,0.944845,0.961013,0.957386,1.01242,0.979866,0.99346,1.039921,1.012001,0.982424,0.979808,0.978506,0.9526,0.923121,0.952326,0.9676130000000001,0.953342,0.962856,0.991294,0.993296
2025-05-31,1.012808,1.071434,1.073389,1.044336,1.094005,1.048135,1.044631,1.04033,1.056614,1.046569,1.035189,1.07589,1.065696,1.062196,1.047604,1.01469,1.164469,0.988903,1.047574,1.098948,1.041853,1.035768,1.063641,1.066887,1.04013,1.035227,0.984277,1.055935,1.049089,1.06204,1.058163,0.991532
2025-06-30,1.081747,1.060886,1.043021,1.052049,1.066269,1.02732,1.069644,1.062565,1.08157,1.036312,1.029805,1.071582,1.055608,1.037421,1.045775,1.079396,1.111829,1.026716,1.01835,1.053657,1.013103,1.065713,1.042675,1.068415,1.042905,1.045893,1.030649,1.025585,1.052595,1.05872,1.066201,1.023764
2025-07-31,1.01455,1.007108,0.99181,1.028628,1.006034,0.996075,1.020312,1.020148,1.036483,0.99405,1.016967,1.028443,1.000935,1.030685,1.015243,1.051584,1.01214,0.993797,1.027449,1.051536,1.037325,1.030508,0.995301,0.992924,0.987327,1.011012,1.002727,1.042553,1.006695,0.999487,0.991115,1.01919
2025-08-31,1.062379,1.093554,1.066184,1.054785,1.073243,1.081704,1.063715,1.077817,1.085139,1.078108,1.076189,1.081826,1.058738,1.09983,1.161656,1.092289,1.029188,1.0667,0.993699,0.998474,0.98992,0.99272,1.065409,1.011022,1.025386,1.020193,1.027304,1.027407,1.060585,1.066022,1.052715,1.041706
2025-09-30,1.049576,0.967221,0.97727,1.033132,1.046354,0.978391,1.009346,1.018087,1.009049,1.021773,0.98546,1.042671,1.010622,0.996138,1.022783,0.997442,1.008352,1.061101,1.042564,1.058227,1.030201,0.97492,1.049056,0.994003,0.997989,1.035705,1.032949,1.025395,1.002471,1.023761,1.001446,0.997253
2025-10-31,1.006604,0.990278,0.991992,1.058676,1.050513,0.996253,0.974118,1.041056,0.98661,0.99084,0.961767,0.997074,1.004034,0.987376,0.964827,0.994433,1.019233,1.028908,0.977959,1.051069,1.02455,1.061907,1.007725,0.97516,0.997403,0.996849,1.026448,0.973115,0.98459,1.006238,0.969805,0.987053
2025-11-30,0.982593,0.993031,1.034426,1.019346,0.960409,1.017687,1.019814,1.032294,1.005005,1.069234,1.035102,1.014836,1.014014,1.043407,1.056176,1.046907,1.024939,1.024901,0.948402,0.979086,1.004352,0.966475,1.021889,1.021766,1.0152079999999999,1.021894,1.04603,1.009228,1.03915,1.023716,1.058507,1.035988
2025-12-31,0.998026,1.00643,1.009927,1.002795,0.982291,1.029461,1.015541,0.996028,0.98471,1.009293,0.993474,0.99275,0.981109,1.015179,1.060573,1.001169,0.996436,0.984681,1.005244,0.995083,1.006296,1.011237,1.00139,0.986126,1.028129,1.024806,1.023345,0.986632,1.019262,1.044744,0.978776,1.016724
2026-01-31,0.999668,1.037389,1.022444,1.023914,1.02102,1.091733,1.083508,1.068707,1.101883,1.061862,1.068795,1.046617,1.035826,1.067735,1.057737,1.099764,1.020257,1.013044,0.962466,0.995608,1.035274,1.007782,1.010404,1.002479,1.035543,1.018739,1.108828,1.028888,1.068163,1.034416,0.987462,1.10471
2026-02-28,1.004791,0.988631,1.011788,0.986912,0.987271,1.00864,1.024811,1.009719,1.031457,1.044149,1.012516,1.024544,1.001796,1.00592,1.013133,1.005812,1.090353,1.032525,0.973286,0.939081,1.026091,0.996624,1.066557,1.002847,1.026579,1.004139,1.050685,1.027321,1.048584,0.979057,1.052269,1.06366
2026-03-31,0.979432,0.936849,0.920005,0.955688,0.957537,0.928582,0.972373,0.966604,0.97369,0.952463,0.990511,0.97948,1.03224,0.991221,1.000199,0.96168,0.898555,0.947787,0.950494,0.947992,0.941765,0.957388,0.939254,0.946105,0.934989,0.964637,0.929198,0.96362,1.024743,0.960766,0.950412,1.081033
