1.330000000000000000e+02 1.710000000000000000e+02 6.000000000000000000e+00 1.300000000000000000e+01
1.010000000000000000e+02 1.730000000000000000e+02 4.000000000000000000e+00 6.000000000000000000e+00
1.140000000000000000e+02 1.570000000000000000e+02 4.000000000000000000e+00 1.000000000000000000e+00
4.300000000000000000e+01 8.100000000000000000e+01 5.000000000000000000e+00 7.000000000000000000e+00
1.050000000000000000e+02 1.680000000000000000e+02 6.000000000000000000e+00 1.100000000000000000e+01
4.000000000000000000e+01 5.400000000000000000e+01 9.000000000000000000e+00 1.600000000000000000e+01
9.100000000000000000e+01 1.190000000000000000e+02 1.000000000000000000e+00 1.000000000000000000e+00
2.110000000000000000e+02 2.490000000000000000e+02 3.000000000000000000e+00 5.000000000000000000e+00
9.800000000000000000e+01 1.130000000000000000e+02 2.000000000000000000e+00 3.000000000000000000e+00
4.200000000000000000e+01 1.430000000000000000e+02 4.000000000000000000e+00 1.000000000000000000e+01
2.400000000000000000e+01 7.200000000000000000e+01 2.000000000000000000e+01 1.500000000000000000e+01
1.250000000000000000e+02 1.950000000000000000e+02 1.000000000000000000e+00 1.000000000000000000e+00
7.000000000000000000e+00 1.340000000000000000e+02 1.000000000000000000e+00 8.000000000000000000e+00
7.500000000000000000e+01 1.250000000000000000e+02 4.000000000000000000e+00 1.000000000000000000e+00
1.800000000000000000e+01 3.900000000000000000e+01 5.000000000000000000e+00 1.000000000000000000e+01
5.100000000000000000e+01 8.000000000000000000e+01 4.000000000000000000e+00 6.000000000000000000e+00
1.410000000000000000e+02 1.610000000000000000e+02 6.000000000000000000e+00 2.600000000000000000e+01
8.000000000000000000e+00 4.900000000000000000e+01 7.000000000000000000e+00 1.100000000000000000e+01
1.200000000000000000e+01 1.240000000000000000e+02 5.000000000000000000e+00 1.000000000000000000e+00
9.400000000000000000e+01 1.780000000000000000e+02 4.000000000000000000e+00 4.000000000000000000e+00
1.300000000000000000e+01 6.300000000000000000e+01 9.000000000000000000e+00 8.000000000000000000e+00
1.590000000000000000e+02 2.130000000000000000e+02 2.000000000000000000e+00 1.000000000000000000e+00
2.400000000000000000e+01 1.690000000000000000e+02 1.000000000000000000e+00 1.000000000000000000e+00
1.100000000000000000e+01 5.300000000000000000e+01 8.000000000000000000e+00 1.100000000000000000e+01
8.000000000000000000e+00 4.600000000000000000e+01 7.000000000000000000e+00 9.000000000000000000e+00
1.610000000000000000e+02 1.090000000000000000e+02 2.000000000000000000e+00 5.000000000000000000e+00
1.500000000000000000e+01 3.700000000000000000e+01 6.000000000000000000e+00 1.000000000000000000e+01
1.510000000000000000e+02 2.060000000000000000e+02 1.000000000000000000e+00 1.000000000000000000e+00
8.200000000000000000e+01 1.730000000000000000e+02 7.000000000000000000e+00 9.000000000000000000e+00
1.100000000000000000e+01 1.580000000000000000e+02 4.000000000000000000e+00 1.100000000000000000e+01
1.260000000000000000e+02 1.670000000000000000e+02 4.000000000000000000e+00 2.000000000000000000e+01
3.400000000000000000e+01 1.330000000000000000e+02 1.000000000000000000e+00 1.000000000000000000e+00
7.000000000000000000e+01 9.100000000000000000e+01 1.000000000000000000e+00 1.000000000000000000e+00
6.100000000000000000e+01 1.010000000000000000e+02 3.000000000000000000e+00 1.000000000000000000e+00
6.000000000000000000e+01 9.900000000000000000e+01 5.000000000000000000e+00 7.000000000000000000e+00
1.390000000000000000e+02 1.680000000000000000e+02 4.000000000000000000e+00 6.000000000000000000e+00
2.300000000000000000e+01 6.000000000000000000e+01 1.000000000000000000e+01 1.400000000000000000e+01
9.400000000000000000e+01 1.450000000000000000e+02 1.000000000000000000e+00 1.100000000000000000e+01
9.600000000000000000e+01 1.400000000000000000e+02 3.000000000000000000e+00 6.000000000000000000e+00
1.000000000000000000e+01 4.300000000000000000e+01 5.000000000000000000e+00 9.000000000000000000e+00
4.700000000000000000e+01 8.900000000000000000e+01 2.000000000000000000e+00 1.000000000000000000e+00
4.800000000000000000e+01 1.120000000000000000e+02 7.000000000000000000e+00 1.000000000000000000e+00
5.000000000000000000e+01 8.600000000000000000e+01 8.000000000000000000e+00 1.200000000000000000e+01
7.000000000000000000e+00 1.530000000000000000e+02 6.000000000000000000e+00 9.000000000000000000e+00
7.700000000000000000e+01 1.080000000000000000e+02 1.000000000000000000e+00 1.000000000000000000e+00
3.200000000000000000e+01 7.400000000000000000e+01 1.700000000000000000e+01 1.000000000000000000e+01
1.700000000000000000e+01 5.800000000000000000e+01 1.300000000000000000e+01 1.500000000000000000e+01
3.000000000000000000e+01 6.800000000000000000e+01 1.400000000000000000e+01 2.200000000000000000e+01
9.100000000000000000e+01 1.410000000000000000e+02 1.200000000000000000e+01 1.100000000000000000e+01
1.000000000000000000e+02 1.990000000000000000e+02 1.700000000000000000e+01 1.200000000000000000e+01
1.060000000000000000e+02 1.520000000000000000e+02 1.600000000000000000e+01 6.000000000000000000e+00
8.200000000000000000e+01 1.390000000000000000e+02 4.000000000000000000e+00 1.000000000000000000e+01
2.700000000000000000e+01 8.400000000000000000e+01 3.000000000000000000e+00 2.000000000000000000e+01
7.200000000000000000e+01 1.110000000000000000e+02 1.000000000000000000e+00 1.000000000000000000e+00
1.300000000000000000e+01 4.300000000000000000e+01 5.000000000000000000e+00 7.000000000000000000e+00
2.300000000000000000e+01 6.800000000000000000e+01 2.000000000000000000e+01 2.300000000000000000e+01
1.030000000000000000e+02 1.360000000000000000e+02 3.000000000000000000e+00 5.000000000000000000e+00
1.600000000000000000e+01 5.900000000000000000e+01 1.100000000000000000e+01 1.500000000000000000e+01
2.050000000000000000e+02 1.700000000000000000e+02 2.000000000000000000e+00 4.000000000000000000e+00
9.700000000000000000e+01 8.900000000000000000e+01 3.000000000000000000e+00 4.000000000000000000e+00
1.270000000000000000e+02 1.940000000000000000e+02 1.000000000000000000e+00 1.000000000000000000e+00
2.700000000000000000e+01 1.610000000000000000e+02 1.000000000000000000e+00 1.000000000000000000e+00
9.000000000000000000e+00 7.300000000000000000e+01 1.100000000000000000e+01 6.000000000000000000e+00
8.000000000000000000e+00 1.370000000000000000e+02 4.000000000000000000e+00 1.000000000000000000e+00
1.700000000000000000e+01 2.110000000000000000e+02 4.000000000000000000e+00 1.000000000000000000e+00
6.700000000000000000e+01 1.550000000000000000e+02 1.000000000000000000e+00 8.000000000000000000e+00
1.600000000000000000e+01 1.930000000000000000e+02 5.000000000000000000e+00 1.100000000000000000e+01
9.700000000000000000e+01 1.350000000000000000e+02 4.000000000000000000e+00 6.000000000000000000e+00
1.180000000000000000e+02 1.110000000000000000e+02 1.000000000000000000e+00 1.000000000000000000e+00
9.000000000000000000e+00 7.600000000000000000e+01 7.000000000000000000e+00 1.000000000000000000e+01
5.300000000000000000e+01 4.900000000000000000e+01 7.000000000000000000e+00 1.000000000000000000e+01
1.310000000000000000e+02 1.600000000000000000e+02 1.000000000000000000e+00 7.000000000000000000e+00
3.100000000000000000e+01 5.900000000000000000e+01 6.000000000000000000e+00 1.100000000000000000e+01
1.100000000000000000e+01 1.210000000000000000e+02 1.000000000000000000e+00 1.000000000000000000e+00
1.350000000000000000e+02 1.590000000000000000e+02 2.200000000000000000e+01 1.700000000000000000e+01
1.040000000000000000e+02 1.770000000000000000e+02 1.000000000000000000e+00 1.000000000000000000e+00
7.100000000000000000e+01 7.800000000000000000e+01 1.000000000000000000e+00 1.000000000000000000e+00
2.800000000000000000e+01 7.000000000000000000e+01 1.200000000000000000e+01 8.000000000000000000e+00
2.810000000000000000e+02 1.340000000000000000e+02 2.000000000000000000e+00 3.000000000000000000e+00
2.800000000000000000e+01 7.300000000000000000e+01 4.000000000000000000e+00 1.000000000000000000e+00
1.600000000000000000e+02 2.150000000000000000e+02 5.000000000000000000e+00 6.000000000000000000e+00
1.150000000000000000e+02 1.490000000000000000e+02 3.000000000000000000e+00 9.000000000000000000e+00
1.360000000000000000e+02 1.870000000000000000e+02 7.000000000000000000e+00 8.000000000000000000e+00
3.100000000000000000e+01 1.740000000000000000e+02 6.000000000000000000e+00 1.000000000000000000e+01
1.200000000000000000e+01 3.900000000000000000e+01 6.000000000000000000e+00 8.000000000000000000e+00
2.340000000000000000e+02 1.460000000000000000e+02 2.000000000000000000e+00 6.000000000000000000e+00
1.700000000000000000e+02 1.970000000000000000e+02 3.000000000000000000e+00 5.000000000000000000e+00
1.200000000000000000e+02 1.670000000000000000e+02 3.000000000000000000e+00 5.000000000000000000e+00
3.000000000000000000e+00 4.100000000000000000e+01 6.000000000000000000e+00 1.000000000000000000e+01
1.100000000000000000e+01 3.400000000000000000e+01 7.000000000000000000e+00 1.000000000000000000e+01
1.600000000000000000e+01 4.200000000000000000e+01 8.000000000000000000e+00 1.100000000000000000e+01
1.700000000000000000e+01 5.400000000000000000e+01 7.000000000000000000e+00 1.200000000000000000e+01
1.400000000000000000e+01 6.500000000000000000e+01 8.000000000000000000e+00 1.200000000000000000e+01
1.000000000000000000e+01 3.600000000000000000e+01 7.000000000000000000e+00 1.100000000000000000e+01
2.600000000000000000e+01 6.400000000000000000e+01 1.000000000000000000e+00 2.400000000000000000e+01
1.100000000000000000e+01 6.500000000000000000e+01 6.000000000000000000e+00 9.000000000000000000e+00
1.700000000000000000e+01 6.300000000000000000e+01 8.000000000000000000e+00 1.200000000000000000e+01
1.520000000000000000e+02 1.960000000000000000e+02 3.500000000000000000e+01 1.000000000000000000e+00
1.300000000000000000e+01 5.800000000000000000e+01 8.000000000000000000e+00 1.400000000000000000e+01
6.000000000000000000e+00 5.300000000000000000e+01 7.000000000000000000e+00 1.400000000000000000e+01
1.500000000000000000e+01 3.900000000000000000e+01 7.000000000000000000e+00 1.000000000000000000e+01
7.000000000000000000e+00 3.400000000000000000e+01 5.000000000000000000e+00 1.000000000000000000e+01
3.700000000000000000e+01 7.600000000000000000e+01 1.000000000000000000e+00 1.000000000000000000e+00
1.300000000000000000e+01 7.600000000000000000e+01 7.000000000000000000e+00 1.000000000000000000e+01
1.390000000000000000e+02 2.150000000000000000e+02 3.000000000000000000e+00 4.000000000000000000e+00
1.440000000000000000e+02 1.770000000000000000e+02 5.000000000000000000e+00 1.000000000000000000e+00
1.470000000000000000e+02 2.020000000000000000e+02 9.000000000000000000e+00 5.000000000000000000e+00
1.250000000000000000e+02 1.710000000000000000e+02 4.000000000000000000e+00 1.000000000000000000e+00
3.100000000000000000e+01 6.300000000000000000e+01 1.100000000000000000e+01 1.500000000000000000e+01
3.700000000000000000e+01 1.350000000000000000e+02 6.000000000000000000e+00 1.200000000000000000e+01
3.000000000000000000e+01 8.900000000000000000e+01 1.000000000000000000e+00 1.000000000000000000e+00
1.300000000000000000e+01 5.200000000000000000e+01 6.000000000000000000e+00 1.100000000000000000e+01
1.300000000000000000e+02 2.020000000000000000e+02 4.000000000000000000e+00 6.000000000000000000e+00
1.360000000000000000e+02 1.490000000000000000e+02 1.000000000000000000e+00 1.000000000000000000e+00
1.250000000000000000e+02 1.290000000000000000e+02 1.000000000000000000e+00 3.000000000000000000e+00
4.400000000000000000e+01 7.600000000000000000e+01 4.000000000000000000e+00 6.000000000000000000e+00
5.600000000000000000e+01 1.000000000000000000e+02 5.000000000000000000e+00 5.000000000000000000e+00
1.600000000000000000e+01 5.100000000000000000e+01 7.000000000000000000e+00 1.100000000000000000e+01
2.000000000000000000e+01 5.400000000000000000e+01 1.200000000000000000e+01 1.400000000000000000e+01
4.500000000000000000e+01 1.330000000000000000e+02 1.000000000000000000e+00 1.000000000000000000e+00
9.200000000000000000e+01 1.450000000000000000e+02 1.300000000000000000e+01 6.000000000000000000e+00
2.400000000000000000e+01 6.000000000000000000e+01 9.000000000000000000e+00 1.500000000000000000e+01
9.300000000000000000e+01 1.630000000000000000e+02 1.000000000000000000e+00 1.000000000000000000e+00
2.700000000000000000e+01 6.600000000000000000e+01 4.000000000000000000e+00 7.000000000000000000e+00
1.390000000000000000e+02 1.970000000000000000e+02 1.000000000000000000e+00 1.000000000000000000e+00
1.460000000000000000e+02 2.070000000000000000e+02 3.000000000000000000e+00 5.000000000000000000e+00
9.000000000000000000e+00 3.900000000000000000e+01 6.000000000000000000e+00 9.000000000000000000e+00
1.150000000000000000e+02 9.100000000000000000e+01 6.000000000000000000e+00 8.000000000000000000e+00
1.200000000000000000e+01 4.600000000000000000e+01 5.000000000000000000e+00 1.000000000000000000e+01
1.010000000000000000e+02 1.660000000000000000e+02 2.000000000000000000e+00 3.000000000000000000e+00
1.550000000000000000e+02 2.370000000000000000e+02 4.000000000000000000e+00 1.600000000000000000e+01
5.700000000000000000e+01 1.050000000000000000e+02 1.000000000000000000e+00 1.000000000000000000e+00
3.100000000000000000e+01 6.400000000000000000e+01 1.300000000000000000e+01 1.600000000000000000e+01
1.100000000000000000e+01 4.900000000000000000e+01 2.100000000000000000e+01 7.000000000000000000e+00
1.800000000000000000e+01 4.600000000000000000e+01 1.000000000000000000e+01 1.100000000000000000e+01
1.010000000000000000e+02 1.600000000000000000e+02 4.100000000000000000e+01 9.000000000000000000e+00
9.300000000000000000e+01 1.660000000000000000e+02 7.000000000000000000e+00 7.000000000000000000e+00
3.200000000000000000e+01 8.500000000000000000e+01 3.000000000000000000e+00 1.000000000000000000e+00
2.200000000000000000e+01 5.200000000000000000e+01 7.000000000000000000e+00 7.000000000000000000e+00
1.100000000000000000e+02 1.110000000000000000e+02 5.000000000000000000e+00 6.000000000000000000e+00
1.080000000000000000e+02 1.210000000000000000e+02 5.000000000000000000e+00 1.000000000000000000e+01
8.600000000000000000e+01 1.270000000000000000e+02 5.000000000000000000e+00 3.000000000000000000e+00
1.220000000000000000e+02 1.890000000000000000e+02 9.000000000000000000e+00 1.000000000000000000e+00
1.090000000000000000e+02 1.660000000000000000e+02 1.000000000000000000e+00 9.000000000000000000e+00
1.370000000000000000e+02 2.050000000000000000e+02 4.000000000000000000e+00 5.000000000000000000e+00
6.400000000000000000e+01 1.120000000000000000e+02 1.000000000000000000e+00 1.000000000000000000e+00
2.100000000000000000e+01 8.800000000000000000e+01 1.000000000000000000e+00 1.000000000000000000e+00
1.000000000000000000e+01 7.000000000000000000e+01 1.300000000000000000e+01 1.000000000000000000e+01
8.100000000000000000e+01 1.240000000000000000e+02 1.000000000000000000e+00 1.200000000000000000e+01
2.900000000000000000e+01 1.470000000000000000e+02 6.000000000000000000e+00 8.000000000000000000e+00
8.300000000000000000e+01 1.250000000000000000e+02 3.000000000000000000e+00 6.000000000000000000e+00
1.100000000000000000e+01 5.000000000000000000e+01 5.000000000000000000e+00 1.000000000000000000e+01
8.300000000000000000e+01 1.700000000000000000e+02 1.000000000000000000e+00 5.000000000000000000e+00
9.200000000000000000e+01 1.740000000000000000e+02 1.000000000000000000e+00 4.000000000000000000e+00
1.400000000000000000e+01 4.200000000000000000e+01 7.000000000000000000e+00 1.100000000000000000e+01
4.200000000000000000e+01 9.500000000000000000e+01 9.000000000000000000e+00 1.300000000000000000e+01
1.900000000000000000e+01 6.400000000000000000e+01 3.000000000000000000e+00 5.000000000000000000e+00
3.400000000000000000e+01 8.400000000000000000e+01 1.000000000000000000e+00 8.000000000000000000e+00
1.400000000000000000e+01 2.050000000000000000e+02 1.000000000000000000e+00 1.200000000000000000e+01
1.410000000000000000e+02 1.910000000000000000e+02 4.000000000000000000e+00 6.000000000000000000e+00
1.500000000000000000e+01 5.700000000000000000e+01 1.100000000000000000e+01 1.300000000000000000e+01
5.700000000000000000e+01 1.440000000000000000e+02 1.000000000000000000e+00 1.000000000000000000e+00
1.370000000000000000e+02 1.910000000000000000e+02 3.000000000000000000e+00 6.000000000000000000e+00
1.400000000000000000e+01 1.980000000000000000e+02 1.000000000000000000e+00 1.000000000000000000e+00
2.300000000000000000e+01 7.400000000000000000e+01 1.000000000000000000e+01 1.500000000000000000e+01
1.240000000000000000e+02 1.950000000000000000e+02 1.000000000000000000e+00 5.000000000000000000e+00
2.000000000000000000e+01 1.370000000000000000e+02 6.000000000000000000e+00 1.000000000000000000e+00
8.800000000000000000e+01 1.320000000000000000e+02 1.000000000000000000e+00 1.000000000000000000e+00
1.500000000000000000e+01 4.300000000000000000e+01 6.000000000000000000e+00 7.000000000000000000e+00
2.100000000000000000e+01 7.000000000000000000e+01 1.000000000000000000e+01 6.000000000000000000e+00
1.060000000000000000e+02 1.180000000000000000e+02 8.000000000000000000e+00 1.000000000000000000e+00
1.800000000000000000e+01 4.400000000000000000e+01 8.000000000000000000e+00 1.100000000000000000e+01
8.000000000000000000e+00 4.400000000000000000e+01 6.000000000000000000e+00 9.000000000000000000e+00
1.430000000000000000e+02 2.000000000000000000e+02 4.000000000000000000e+00 1.000000000000000000e+01
9.200000000000000000e+01 1.550000000000000000e+02 1.900000000000000000e+01 1.400000000000000000e+01
8.400000000000000000e+01 1.230000000000000000e+02 4.000000000000000000e+00 1.000000000000000000e+00
1.100000000000000000e+01 5.400000000000000000e+01 7.000000000000000000e+00 1.300000000000000000e+01
6.800000000000000000e+01 1.500000000000000000e+02 1.000000000000000000e+00 9.000000000000000000e+00
2.170000000000000000e+02 1.870000000000000000e+02 1.000000000000000000e+00 1.000000000000000000e+00
4.500000000000000000e+01 7.100000000000000000e+01 1.000000000000000000e+00 1.000000000000000000e+00
2.370000000000000000e+02 1.830000000000000000e+02 1.000000000000000000e+00 1.000000000000000000e+00
1.240000000000000000e+02 1.690000000000000000e+02 2.000000000000000000e+00 3.000000000000000000e+00
5.400000000000000000e+01 8.300000000000000000e+01 6.000000000000000000e+00 5.000000000000000000e+00
6.000000000000000000e+00 4.900000000000000000e+01 7.000000000000000000e+00 1.300000000000000000e+01
3.000000000000000000e+01 6.300000000000000000e+01 1.600000000000000000e+01 1.600000000000000000e+01
1.700000000000000000e+01 6.600000000000000000e+01 8.000000000000000000e+00 1.300000000000000000e+01
1.600000000000000000e+01 5.800000000000000000e+01 1.100000000000000000e+01 1.500000000000000000e+01
6.000000000000000000e+00 3.900000000000000000e+01 6.000000000000000000e+00 1.000000000000000000e+01
3.400000000000000000e+01 1.420000000000000000e+02 4.000000000000000000e+00 7.000000000000000000e+00
1.150000000000000000e+02 1.860000000000000000e+02 1.000000000000000000e+00 5.000000000000000000e+00
2.200000000000000000e+01 6.300000000000000000e+01 1.000000000000000000e+01 1.600000000000000000e+01
1.070000000000000000e+02 1.600000000000000000e+02 3.000000000000000000e+00 1.000000000000000000e+01
1.700000000000000000e+01 5.200000000000000000e+01 6.000000000000000000e+00 8.000000000000000000e+00
1.500000000000000000e+01 5.800000000000000000e+01 9.000000000000000000e+00 1.500000000000000000e+01
1.450000000000000000e+02 1.990000000000000000e+02 4.000000000000000000e+00 9.000000000000000000e+00
1.000000000000000000e+01 5.400000000000000000e+01 7.000000000000000000e+00 1.300000000000000000e+01
1.080000000000000000e+02 1.600000000000000000e+02 1.000000000000000000e+00 1.000000000000000000e+00
1.580000000000000000e+02 2.090000000000000000e+02 3.000000000000000000e+00 6.000000000000000000e+00
1.090000000000000000e+02 8.700000000000000000e+01 1.000000000000000000e+00 1.000000000000000000e+00
1.500000000000000000e+01 4.700000000000000000e+01 7.000000000000000000e+00 1.100000000000000000e+01
2.696000000000000000e+03 5.100000000000000000e+01 1.900000000000000000e+01 7.000000000000000000e+00
2.900000000000000000e+01 4.300000000000000000e+01 7.000000000000000000e+00 1.300000000000000000e+01
4.600000000000000000e+01 3.700000000000000000e+01 3.000000000000000000e+00 1.400000000000000000e+01
1.100000000000000000e+01 4.000000000000000000e+00 4.000000000000000000e+00 1.000000000000000000e+00
4.300000000000000000e+01 2.600000000000000000e+01 3.000000000000000000e+00 4.000000000000000000e+00
2.700000000000000000e+01 5.300000000000000000e+01 4.000000000000000000e+00 5.000000000000000000e+00
2.200000000000000000e+01 2.500000000000000000e+01 1.000000000000000000e+01 5.000000000000000000e+00
3.000000000000000000e+00 2.000000000000000000e+01 0.000000000000000000e+00 1.000000000000000000e+00
3.100000000000000000e+01 3.100000000000000000e+01 3.000000000000000000e+00 1.100000000000000000e+01
1.200000000000000000e+01 4.000000000000000000e+00 1.180000000000000000e+02 3.000000000000000000e+00
1.100000000000000000e+01 4.000000000000000000e+00 1.300000000000000000e+01 3.000000000000000000e+00
6.000000000000000000e+01 6.200000000000000000e+01 3.000000000000000000e+00 4.000000000000000000e+00
1.216000000000000000e+03 6.000000000000000000e+01 5.000000000000000000e+00 1.400000000000000000e+01
3.000000000000000000e+01 4.500000000000000000e+01 5.000000000000000000e+00 1.400000000000000000e+01
9.000000000000000000e+00 4.000000000000000000e+00 1.000000000000000000e+01 3.000000000000000000e+00
3.000000000000000000e+01 2.400000000000000000e+01 3.000000000000000000e+00 1.100000000000000000e+01
1.218000000000000000e+03 3.300000000000000000e+01 1.400000000000000000e+01 7.000000000000000000e+00
1.645000000000000000e+03 6.200000000000000000e+01 5.000000000000000000e+00 1.600000000000000000e+01
1.930000000000000000e+02 6.300000000000000000e+01 1.500000000000000000e+01 7.000000000000000000e+00
2.900000000000000000e+01 4.300000000000000000e+01 5.000000000000000000e+00 1.300000000000000000e+01
8.000000000000000000e+00 4.000000000000000000e+00 1.100000000000000000e+01 3.000000000000000000e+00
3.800000000000000000e+01 3.400000000000000000e+01 4.000000000000000000e+00 1.100000000000000000e+01
1.100000000000000000e+01 2.000000000000000000e+00 1.100000000000000000e+01 4.000000000000000000e+00
6.600000000000000000e+01 4.200000000000000000e+01 5.000000000000000000e+00 1.100000000000000000e+01
3.300000000000000000e+01 3.500000000000000000e+01 7.000000000000000000e+00 1.400000000000000000e+01
4.600000000000000000e+01 9.300000000000000000e+01 2.000000000000000000e+00 1.100000000000000000e+01
1.040000000000000000e+02 1.400000000000000000e+02 4.000000000000000000e+00 1.100000000000000000e+01
2.700000000000000000e+01 4.600000000000000000e+01 2.000000000000000000e+00 8.000000000000000000e+00
5.020000000000000000e+02 1.018000000000000000e+03 1.500000000000000000e+01 6.000000000000000000e+00
1.100000000000000000e+01 2.000000000000000000e+00 1.100000000000000000e+01 4.000000000000000000e+00
2.700000000000000000e+01 3.000000000000000000e+01 3.000000000000000000e+00 4.000000000000000000e+00
9.100000000000000000e+02 7.500000000000000000e+01 5.000000000000000000e+00 5.000000000000000000e+00
2.060000000000000000e+02 6.400000000000000000e+01 1.700000000000000000e+01 2.600000000000000000e+01
5.410000000000000000e+02 6.300000000000000000e+01 3.000000000000000000e+00 1.100000000000000000e+01
1.100000000000000000e+01 2.000000000000000000e+01 5.000000000000000000e+00 1.800000000000000000e+01
2.045000000000000000e+03 5.400000000000000000e+01 1.900000000000000000e+01 8.000000000000000000e+00
8.000000000000000000e+00 4.000000000000000000e+00 1.100000000000000000e+01 4.000000000000000000e+00
2.500000000000000000e+01 4.500000000000000000e+01 5.000000000000000000e+00 5.000000000000000000e+00
2.700000000000000000e+01 3.200000000000000000e+01 3.000000000000000000e+00 4.000000000000000000e+00
3.300000000000000000e+01 5.200000000000000000e+01 1.300000000000000000e+01 1.400000000000000000e+01
9.400000000000000000e+01 1.050000000000000000e+02 4.000000000000000000e+00 9.000000000000000000e+00
3.000000000000000000e+01 3.400000000000000000e+01 4.000000000000000000e+00 2.100000000000000000e+01
1.200000000000000000e+01 4.000000000000000000e+00 6.400000000000000000e+01 1.000000000000000000e+01
1.000000000000000000e+01 3.700000000000000000e+01 4.000000000000000000e+00 1.200000000000000000e+01
1.170000000000000000e+02 7.900000000000000000e+01 4.000000000000000000e+00 1.600000000000000000e+01
4.000000000000000000e+01 2.700000000000000000e+01 1.500000000000000000e+01 5.000000000000000000e+00
4.600000000000000000e+01 5.500000000000000000e+01 7.000000000000000000e+00 1.400000000000000000e+01
5.000000000000000000e+01 3.800000000000000000e+01 1.400000000000000000e+01 8.000000000000000000e+00
3.000000000000000000e+01 5.100000000000000000e+01 8.000000000000000000e+00 1.700000000000000000e+01
3.500000000000000000e+01 9.200000000000000000e+01 7.000000000000000000e+00 1.300000000000000000e+01
2.800000000000000000e+01 5.900000000000000000e+01 5.000000000000000000e+00 1.400000000000000000e+01
4.900000000000000000e+01 2.900000000000000000e+01 1.000000000000000000e+00 1.300000000000000000e+01
2.100000000000000000e+01 3.000000000000000000e+01 7.000000000000000000e+00 1.800000000000000000e+01
2.900000000000000000e+01 4.500000000000000000e+01 6.000000000000000000e+00 1.400000000000000000e+01
6.830000000000000000e+02 2.000000000000000000e+00 8.700000000000000000e+01 2.470000000000000000e+03
4.700000000000000000e+01 3.100000000000000000e+01 4.000000000000000000e+00 1.300000000000000000e+01
2.680000000000000000e+02 9.400000000000000000e+01 9.000000000000000000e+00 1.400000000000000000e+01
2.060000000000000000e+02 7.300000000000000000e+01 3.000000000000000000e+00 1.000000000000000000e+01
2.310000000000000000e+02 6.400000000000000000e+01 6.000000000000000000e+00 1.200000000000000000e+01
3.600000000000000000e+01 3.900000000000000000e+01 1.100000000000000000e+01 7.000000000000000000e+00
3.200000000000000000e+01 2.800000000000000000e+01 3.000000000000000000e+00 1.300000000000000000e+01
1.200000000000000000e+01 4.000000000000000000e+00 1.500000000000000000e+01 5.000000000000000000e+00
3.000000000000000000e+01 4.700000000000000000e+01 4.000000000000000000e+00 4.000000000000000000e+00
1.370000000000000000e+02 6.500000000000000000e+01 5.000000000000000000e+00 1.100000000000000000e+01
2.900000000000000000e+01 5.400000000000000000e+01 8.000000000000000000e+00 1.400000000000000000e+01
1.849000000000000000e+03 4.500000000000000000e+01 6.500000000000000000e+01 1.300000000000000000e+01
7.000000000000000000e+00 4.000000000000000000e+00 1.000000000000000000e+01 3.000000000000000000e+00
3.300000000000000000e+01 4.100000000000000000e+01 1.000000000000000000e+01 1.300000000000000000e+01
2.401000000000000000e+03 6.600000000000000000e+01 6.000000000000000000e+00 1.600000000000000000e+01
3.700000000000000000e+01 5.500000000000000000e+01 3.000000000000000000e+00 4.000000000000000000e+00
5.200000000000000000e+01 6.600000000000000000e+01 3.000000000000000000e+00 4.000000000000000000e+00
2.430000000000000000e+02 7.200000000000000000e+01 1.800000000000000000e+01 1.000000000000000000e+01
4.800000000000000000e+01 4.300000000000000000e+01 5.000000000000000000e+00 9.000000000000000000e+00
2.600000000000000000e+01 5.400000000000000000e+01 4.000000000000000000e+00 1.200000000000000000e+01
3.200000000000000000e+01 1.010000000000000000e+03 3.600000000000000000e+01 5.666000000000000000e+03
4.500000000000000000e+01 8.200000000000000000e+01 3.700000000000000000e+01 5.005000000000000000e+03
3.000000000000000000e+01 3.800000000000000000e+01 3.000000000000000000e+00 1.700000000000000000e+01
3.500000000000000000e+01 3.400000000000000000e+01 1.400000000000000000e+01 6.000000000000000000e+00
9.040000000000000000e+02 5.500000000000000000e+01 1.800000000000000000e+01 1.200000000000000000e+01
3.500000000000000000e+01 3.500000000000000000e+01 5.000000000000000000e+00 1.700000000000000000e+01
6.200000000000000000e+01 1.020000000000000000e+02 5.000000000000000000e+00 8.000000000000000000e+00
1.010000000000000000e+02 4.900000000000000000e+01 4.000000000000000000e+00 1.600000000000000000e+01
1.650000000000000000e+02 9.000000000000000000e+01 5.000000000000000000e+00 1.100000000000000000e+01
4.300000000000000000e+01 1.010000000000000000e+02 2.000000000000000000e+00 4.000000000000000000e+00
2.100000000000000000e+01 3.100000000000000000e+01 3.000000000000000000e+00 5.000000000000000000e+00
2.898000000000000000e+03 5.700000000000000000e+01 6.000000000000000000e+00 1.200000000000000000e+01
8.400000000000000000e+01 6.400000000000000000e+01 3.000000000000000000e+00 2.000000000000000000e+00
6.000000000000000000e+01 6.300000000000000000e+01 8.000000000000000000e+00 1.300000000000000000e+01
2.620000000000000000e+02 7.400000000000000000e+01 5.000000000000000000e+00 4.000000000000000000e+00
3.900000000000000000e+01 4.000000000000000000e+01 3.000000000000000000e+00 1.200000000000000000e+01
6.200000000000000000e+01 9.800000000000000000e+01 8.000000000000000000e+00 1.900000000000000000e+01
1.300000000000000000e+01 1.000000000000000000e+01 7.100000000000000000e+01 5.000000000000000000e+00
4.000000000000000000e+01 7.700000000000000000e+01 5.000000000000000000e+00 5.000000000000000000e+00
1.400000000000000000e+02 7.400000000000000000e+01 6.000000000000000000e+00 8.000000000000000000e+00
5.060000000000000000e+02 1.800000000000000000e+01 2.700000000000000000e+01 3.775000000000000000e+03
8.800000000000000000e+01 5.200000000000000000e+01 4.000000000000000000e+00 9.000000000000000000e+00
1.420000000000000000e+02 6.900000000000000000e+01 4.000000000000000000e+00 1.200000000000000000e+01
3.000000000000000000e+01 7.100000000000000000e+01 7.000000000000000000e+00 1.200000000000000000e+01
6.200000000000000000e+01 3.900000000000000000e+01 4.000000000000000000e+00 1.300000000000000000e+01
8.940000000000000000e+02 4.600000000000000000e+01 6.000000000000000000e+00 1.200000000000000000e+01
2.600000000000000000e+01 2.400000000000000000e+01 3.000000000000000000e+00 5.000000000000000000e+00
4.100000000000000000e+01 5.900000000000000000e+01 5.000000000000000000e+00 1.400000000000000000e+01
6.400000000000000000e+01 7.400000000000000000e+01 4.000000000000000000e+00 9.000000000000000000e+00
7.600000000000000000e+01 7.300000000000000000e+01 3.000000000000000000e+00 1.400000000000000000e+01
5.700000000000000000e+01 3.000000000000000000e+01 1.070000000000000000e+02 2.100000000000000000e+01
7.800000000000000000e+01 3.900000000000000000e+01 3.000000000000000000e+00 9.000000000000000000e+00
5.500000000000000000e+01 7.600000000000000000e+01 3.000000000000000000e+00 1.500000000000000000e+01
1.350000000000000000e+02 1.070000000000000000e+02 3.000000000000000000e+00 1.000000000000000000e+01
3.900000000000000000e+01 3.700000000000000000e+01 9.000000000000000000e+00 4.826000000000000000e+03
2.800000000000000000e+01 3.800000000000000000e+01 6.000000000000000000e+00 1.500000000000000000e+01
2.600000000000000000e+01 7.200000000000000000e+01 3.000000000000000000e+00 1.200000000000000000e+01
3.500000000000000000e+01 4.400000000000000000e+01 3.000000000000000000e+00 1.200000000000000000e+01
7.300000000000000000e+01 7.400000000000000000e+01 3.000000000000000000e+00 6.000000000000000000e+00
3.300000000000000000e+01 3.800000000000000000e+01 5.000000000000000000e+00 1.500000000000000000e+01
8.500000000000000000e+01 1.180000000000000000e+02 4.000000000000000000e+00 9.000000000000000000e+00
2.340000000000000000e+02 6.700000000000000000e+01 8.000000000000000000e+00 1.400000000000000000e+01
2.900000000000000000e+01 1.230000000000000000e+02 5.000000000000000000e+00 7.000000000000000000e+00
1.370000000000000000e+02 5.900000000000000000e+01 4.000000000000000000e+00 1.200000000000000000e+01
6.200000000000000000e+01 6.100000000000000000e+01 3.000000000000000000e+00 5.000000000000000000e+00
8.000000000000000000e+01 6.800000000000000000e+01 4.000000000000000000e+00 9.000000000000000000e+00
6.300000000000000000e+01 5.900000000000000000e+01 5.000000000000000000e+00 1.200000000000000000e+01
2.400000000000000000e+01 3.500000000000000000e+01 2.000000000000000000e+00 1.300000000000000000e+01
1.200000000000000000e+01 4.000000000000000000e+00 1.400000000000000000e+01 5.000000000000000000e+00
1.100000000000000000e+01 2.000000000000000000e+00 1.000000000000000000e+01 3.000000000000000000e+00
2.800000000000000000e+01 4.400000000000000000e+01 3.000000000000000000e+00 1.400000000000000000e+01
1.200000000000000000e+01 4.000000000000000000e+00 1.500000000000000000e+01 3.000000000000000000e+00
2.100000000000000000e+01 2.900000000000000000e+01 1.400000000000000000e+01 4.000000000000000000e+00
6.940000000000000000e+02 5.800000000000000000e+01 6.000000000000000000e+00 1.100000000000000000e+01
4.400000000000000000e+01 4.700000000000000000e+01 1.200000000000000000e+01 1.500000000000000000e+01
2.000000000000000000e+01 2.900000000000000000e+01 3.000000000000000000e+00 4.000000000000000000e+00
3.100000000000000000e+01 5.300000000000000000e+01 3.000000000000000000e+00 4.000000000000000000e+00
3.900000000000000000e+01 6.300000000000000000e+01 7.000000000000000000e+00 1.200000000000000000e+01
2.100000000000000000e+01 3.200000000000000000e+01 5.000000000000000000e+00 1.200000000000000000e+01
2.200000000000000000e+01 4.300000000000000000e+01 4.000000000000000000e+00 1.100000000000000000e+01
2.600000000000000000e+01 3.300000000000000000e+01 4.000000000000000000e+00 1.300000000000000000e+01
4.890000000000000000e+02 7.700000000000000000e+01 7.000000000000000000e+00 1.600000000000000000e+01
2.300000000000000000e+01 3.100000000000000000e+01 1.000000000000000000e+01 1.600000000000000000e+01
2.200000000000000000e+01 3.900000000000000000e+01 3.000000000000000000e+00 1.400000000000000000e+01
3.600000000000000000e+01 3.600000000000000000e+01 3.000000000000000000e+00 1.300000000000000000e+01
1.350000000000000000e+02 6.300000000000000000e+01 5.000000000000000000e+00 6.000000000000000000e+00
1.700000000000000000e+01 5.700000000000000000e+01 7.000000000000000000e+00 1.200000000000000000e+01
2.400000000000000000e+01 4.500000000000000000e+01 4.000000000000000000e+00 4.000000000000000000e+00
2.065000000000000000e+03 1.005000000000000000e+03 1.320000000000000000e+02 2.004000000000000000e+03
4.600000000000000000e+01 9.100000000000000000e+01 9.000000000000000000e+00 1.600000000000000000e+01
4.400000000000000000e+01 5.100000000000000000e+01 1.600000000000000000e+01 4.000000000000000000e+00
2.454000000000000000e+03 1.000000000000000000e+01 5.500000000000000000e+01 1.328000000000000000e+03
5.900000000000000000e+01 3.300000000000000000e+01 3.000000000000000000e+00 1.300000000000000000e+01
1.070000000000000000e+02 4.900000000000000000e+01 4.000000000000000000e+00 6.000000000000000000e+00
1.050000000000000000e+02 6.600000000000000000e+01 4.000000000000000000e+00 6.000000000000000000e+00
3.200000000000000000e+01 4.800000000000000000e+01 2.000000000000000000e+00 1.400000000000000000e+01
1.900000000000000000e+01 5.000000000000000000e+01 8.000000000000000000e+00 1.900000000000000000e+01
1.190000000000000000e+02 7.300000000000000000e+01 4.000000000000000000e+00 1.100000000000000000e+01
3.800000000000000000e+01 4.800000000000000000e+01 4.000000000000000000e+00 1.300000000000000000e+01
5.000000000000000000e+00 1.200000000000000000e+01 0.000000000000000000e+00 8.000000000000000000e+00
3.900000000000000000e+01 6.900000000000000000e+01 1.000000000000000000e+01 2.400000000000000000e+01
9.900000000000000000e+01 7.500000000000000000e+01 3.000000000000000000e+00 9.000000000000000000e+00
3.900000000000000000e+01 7.800000000000000000e+01 5.000000000000000000e+00 2.100000000000000000e+01
7.300000000000000000e+01 3.900000000000000000e+01 5.000000000000000000e+00 8.000000000000000000e+00
4.300000000000000000e+01 3.900000000000000000e+01 4.000000000000000000e+00 1.200000000000000000e+01
3.200000000000000000e+01 4.700000000000000000e+01 8.000000000000000000e+00 2.000000000000000000e+01
1.100000000000000000e+01 2.000000000000000000e+00 1.000000000000000000e+01 4.000000000000000000e+00
2.924000000000000000e+03 5.600000000000000000e+01 1.200000000000000000e+01 1.400000000000000000e+01
3.095000000000000000e+03 5.100000000000000000e+01 1.700000000000000000e+01 7.000000000000000000e+00
4.100000000000000000e+01 3.500000000000000000e+01 4.000000000000000000e+00 1.800000000000000000e+01
2.300000000000000000e+01 3.300000000000000000e+01 3.000000000000000000e+00 6.000000000000000000e+00
2.380000000000000000e+02 7.300000000000000000e+01 1.900000000000000000e+01 9.000000000000000000e+00
7.200000000000000000e+01 8.600000000000000000e+01 3.000000000000000000e+00 9.000000000000000000e+00
2.130000000000000000e+02 7.000000000000000000e+01 6.000000000000000000e+00 1.200000000000000000e+01
3.900000000000000000e+01 4.500000000000000000e+01 3.000000000000000000e+00 1.100000000000000000e+01
1.700000000000000000e+01 4.900000000000000000e+01 4.000000000000000000e+00 1.200000000000000000e+01
3.300000000000000000e+01 3.400000000000000000e+01 7.000000000000000000e+00 1.400000000000000000e+01
1.160000000000000000e+02 8.200000000000000000e+01 5.000000000000000000e+00 1.200000000000000000e+01
2.300000000000000000e+01 6.400000000000000000e+01 4.000000000000000000e+00 1.100000000000000000e+01
2.558000000000000000e+03 5.100000000000000000e+01 6.000000000000000000e+00 7.000000000000000000e+00
2.419000000000000000e+03 6.600000000000000000e+01 4.000000000000000000e+00 1.200000000000000000e+01
1.280000000000000000e+02 5.400000000000000000e+01 1.700000000000000000e+01 8.000000000000000000e+00
1.800000000000000000e+01 4.000000000000000000e+01 5.000000000000000000e+00 6.000000000000000000e+00
1.700000000000000000e+01 3.000000000000000000e+01 9.000000000000000000e+00 1.100000000000000000e+01
1.060000000000000000e+02 5.500000000000000000e+01 4.000000000000000000e+00 9.000000000000000000e+00
1.100000000000000000e+01 2.000000000000000000e+00 1.000000000000000000e+01 1.000000000000000000e+00
2.100000000000000000e+01 2.200000000000000000e+01 1.000000000000000000e+01 5.000000000000000000e+00
3.800000000000000000e+01 4.300000000000000000e+01 6.000000000000000000e+00 1.400000000000000000e+01
3.200000000000000000e+01 5.800000000000000000e+01 9.000000000000000000e+00 1.400000000000000000e+01
4.300000000000000000e+01 8.200000000000000000e+01 7.000000000000000000e+00 1.700000000000000000e+01
1.800000000000000000e+01 3.700000000000000000e+01 3.000000000000000000e+00 1.300000000000000000e+01
4.500000000000000000e+01 3.800000000000000000e+01 1.900000000000000000e+01 7.000000000000000000e+00
2.300000000000000000e+01 2.800000000000000000e+01 1.300000000000000000e+01 1.400000000000000000e+01
1.070000000000000000e+03 6.100000000000000000e+01 5.000000000000000000e+00 1.100000000000000000e+01
1.100000000000000000e+01 4.000000000000000000e+00 1.300000000000000000e+01 4.000000000000000000e+00
1.900000000000000000e+01 3.100000000000000000e+01 2.000000000000000000e+00 5.000000000000000000e+00
3.700000000000000000e+01 4.200000000000000000e+01 4.000000000000000000e+00 1.300000000000000000e+01
2.800000000000000000e+01 6.000000000000000000e+01 3.000000000000000000e+00 1.100000000000000000e+01
6.200000000000000000e+01 5.500000000000000000e+01 2.240000000000000000e+02 3.731000000000000000e+03
3.200000000000000000e+01 4.700000000000000000e+01 3.000000000000000000e+00 1.100000000000000000e+01
2.439000000000000000e+03 1.014000000000000000e+03 1.200000000000000000e+01 4.000000000000000000e+00
1.290000000000000000e+02 8.200000000000000000e+01 8.000000000000000000e+00 1.200000000000000000e+01
8.600000000000000000e+01 8.300000000000000000e+01 5.000000000000000000e+00 1.200000000000000000e+01
2.500000000000000000e+01 6.300000000000000000e+01 3.000000000000000000e+00 1.600000000000000000e+01
2.900000000000000000e+01 3.100000000000000000e+01 6.000000000000000000e+00 8.000000000000000000e+00
4.200000000000000000e+01 4.100000000000000000e+01 1.400000000000000000e+01 1.200000000000000000e+01
1.000000000000000000e+00 1.400000000000000000e+01 3.000000000000000000e+00 2.400000000000000000e+01
7.000000000000000000e+00 4.700000000000000000e+01 1.400000000000000000e+01 1.700000000000000000e+01
6.000000000000000000e+00 2.400000000000000000e+01 6.000000000000000000e+00 3.400000000000000000e+01
5.000000000000000000e+00 1.500000000000000000e+01 7.000000000000000000e+00 1.500000000000000000e+01
3.000000000000000000e+00 1.500000000000000000e+01 3.000000000000000000e+00 6.000000000000000000e+00
1.300000000000000000e+01 2.300000000000000000e+01 5.000000000000000000e+00 1.000000000000000000e+01
1.000000000000000000e+00 2.000000000000000000e+00 6.000000000000000000e+00 3.900000000000000000e+01
1.000000000000000000e+00 2.000000000000000000e+00 2.000000000000000000e+00 9.000000000000000000e+00
5.000000000000000000e+00 1.400000000000000000e+01 5.000000000000000000e+00 1.100000000000000000e+01
4.000000000000000000e+00 1.800000000000000000e+01 9.000000000000000000e+00 2.800000000000000000e+01
7.000000000000000000e+00 1.400000000000000000e+01 8.000000000000000000e+00 2.700000000000000000e+01
1.000000000000000000e+00 1.100000000000000000e+01 2.000000000000000000e+00 3.000000000000000000e+00
1.800000000000000000e+01 6.200000000000000000e+01 1.600000000000000000e+01 4.700000000000000000e+01
9.000000000000000000e+01 7.600000000000000000e+01 5.000000000000000000e+00 1.600000000000000000e+01
2.000000000000000000e+00 1.400000000000000000e+01 7.000000000000000000e+00 2.400000000000000000e+01
8.900000000000000000e+01 4.300000000000000000e+01 1.100000000000000000e+01 2.600000000000000000e+01
1.000000000000000000e+00 2.000000000000000000e+00 8.000000000000000000e+00 1.600000000000000000e+01
1.300000000000000000e+01 8.800000000000000000e+01 1.600000000000000000e+01 3.500000000000000000e+01
4.000000000000000000e+00 1.400000000000000000e+01 8.000000000000000000e+00 2.900000000000000000e+01
7.900000000000000000e+01 1.350000000000000000e+02 1.400000000000000000e+01 4.000000000000000000e+01
2.000000000000000000e+00 1.600000000000000000e+01 1.000000000000000000e+01 3.000000000000000000e+01
1.800000000000000000e+01 2.800000000000000000e+01 7.000000000000000000e+00 9.000000000000000000e+00
4.000000000000000000e+00 1.800000000000000000e+01 9.000000000000000000e+00 3.600000000000000000e+01
1.600000000000000000e+01 2.200000000000000000e+01 1.100000000000000000e+01 1.400000000000000000e+01
5.400000000000000000e+01 7.600000000000000000e+01 9.000000000000000000e+00 3.500000000000000000e+01
4.100000000000000000e+01 3.200000000000000000e+01 1.200000000000000000e+01 2.100000000000000000e+01
5.000000000000000000e+00 1.600000000000000000e+01 1.000000000000000000e+01 1.200000000000000000e+01
1.000000000000000000e+00 1.400000000000000000e+01 3.000000000000000000e+00 1.500000000000000000e+01
4.000000000000000000e+00 1.500000000000000000e+01 1.200000000000000000e+01 2.500000000000000000e+01
7.000000000000000000e+00 1.800000000000000000e+01 1.400000000000000000e+01 3.000000000000000000e+01
6.000000000000000000e+00 9.000000000000000000e+00 5.000000000000000000e+00 1.500000000000000000e+01
9.100000000000000000e+01 5.400000000000000000e+01 1.200000000000000000e+01 3.200000000000000000e+01
4.000000000000000000e+00 1.600000000000000000e+01 6.000000000000000000e+00 2.200000000000000000e+01
1.700000000000000000e+01 3.800000000000000000e+01 8.000000000000000000e+00 1.600000000000000000e+01
6.000000000000000000e+00 1.600000000000000000e+01 1.000000000000000000e+00 1.400000000000000000e+01
1.000000000000000000e+00 1.400000000000000000e+01 5.000000000000000000e+00 1.600000000000000000e+01
6.000000000000000000e+00 1.600000000000000000e+01 6.000000000000000000e+00 1.800000000000000000e+01
1.000000000000000000e+01 1.800000000000000000e+01 6.000000000000000000e+00 1.300000000000000000e+01
3.000000000000000000e+00 1.800000000000000000e+01 5.000000000000000000e+00 7.000000000000000000e+00
1.120000000000000000e+02 6.500000000000000000e+01 6.000000000000000000e+00 3.700000000000000000e+01
1.000000000000000000e+00 4.000000000000000000e+00 2.000000000000000000e+00 3.000000000000000000e+00
4.400000000000000000e+01 4.000000000000000000e+01 1.700000000000000000e+01 4.900000000000000000e+01
3.000000000000000000e+00 1.600000000000000000e+01 5.000000000000000000e+00 2.400000000000000000e+01
2.300000000000000000e+01 8.500000000000000000e+01 1.400000000000000000e+01 3.100000000000000000e+01
1.500000000000000000e+01 1.500000000000000000e+01 7.000000000000000000e+00 2.700000000000000000e+01
4.000000000000000000e+00 1.400000000000000000e+01 3.000000000000000000e+00 1.100000000000000000e+01
1.640000000000000000e+02 8.600000000000000000e+01 2.300000000000000000e+01 6.500000000000000000e+01
6.000000000000000000e+00 6.000000000000000000e+00 1.000000000000000000e+01 2.400000000000000000e+01
7.300000000000000000e+01 8.000000000000000000e+01 1.100000000000000000e+01 3.500000000000000000e+01
7.600000000000000000e+01 4.700000000000000000e+01 1.400000000000000000e+01 2.400000000000000000e+01
7.000000000000000000e+00 1.800000000000000000e+01 1.500000000000000000e+01 1.800000000000000000e+01
5.000000000000000000e+00 1.600000000000000000e+01 4.000000000000000000e+00 1.400000000000000000e+01
1.800000000000000000e+01 2.600000000000000000e+01 1.000000000000000000e+00 9.000000000000000000e+00
7.100000000000000000e+01 8.600000000000000000e+01 1.100000000000000000e+01 3.100000000000000000e+01
2.400000000000000000e+01 3.400000000000000000e+01 4.000000000000000000e+00 3.400000000000000000e+01
6.000000000000000000e+00 1.800000000000000000e+01 6.000000000000000000e+00 1.300000000000000000e+01
4.000000000000000000e+00 1.600000000000000000e+01 1.000000000000000000e+01 3.400000000000000000e+01
3.000000000000000000e+00 1.800000000000000000e+01 2.000000000000000000e+00 7.000000000000000000e+00
6.000000000000000000e+00 3.300000000000000000e+01 8.000000000000000000e+00 2.500000000000000000e+01
4.000000000000000000e+00 1.400000000000000000e+01 1.000000000000000000e+01 3.600000000000000000e+01
1.700000000000000000e+01 2.400000000000000000e+01 7.000000000000000000e+00 1.100000000000000000e+01
1.500000000000000000e+01 3.300000000000000000e+01 6.000000000000000000e+00 1.400000000000000000e+01
5.000000000000000000e+00 1.300000000000000000e+01 2.000000000000000000e+00 6.000000000000000000e+00
1.400000000000000000e+01 3.800000000000000000e+01 7.000000000000000000e+00 2.100000000000000000e+01
8.900000000000000000e+01 6.800000000000000000e+01 1.500000000000000000e+01 4.000000000000000000e+01
4.000000000000000000e+00 1.400000000000000000e+01 5.000000000000000000e+00 6.000000000000000000e+00
5.000000000000000000e+00 1.600000000000000000e+01 6.000000000000000000e+00 3.200000000000000000e+01
6.000000000000000000e+00 1.600000000000000000e+01 1.600000000000000000e+01 2.700000000000000000e+01
1.800000000000000000e+01 8.100000000000000000e+01 1.200000000000000000e+01 4.600000000000000000e+01
4.200000000000000000e+01 3.500000000000000000e+01 1.400000000000000000e+01 2.500000000000000000e+01
1.000000000000000000e+01 1.800000000000000000e+01 7.000000000000000000e+00 1.000000000000000000e+01
3.000000000000000000e+00 1.400000000000000000e+01 4.000000000000000000e+00 1.400000000000000000e+01
7.000000000000000000e+00 2.000000000000000000e+01 1.700000000000000000e+01 2.900000000000000000e+01
6.400000000000000000e+01 6.700000000000000000e+01 1.300000000000000000e+01 3.000000000000000000e+01
1.100000000000000000e+02 7.000000000000000000e+01 1.300000000000000000e+01 3.800000000000000000e+01
1.000000000000000000e+00 1.200000000000000000e+01 1.500000000000000000e+01 1.600000000000000000e+01
1.800000000000000000e+01 3.200000000000000000e+01 2.000000000000000000e+00 1.000000000000000000e+01
6.000000000000000000e+00 1.800000000000000000e+01 5.000000000000000000e+00 1.900000000000000000e+01
1.000000000000000000e+00 2.000000000000000000e+00 5.000000000000000000e+00 2.800000000000000000e+01
4.000000000000000000e+01 4.600000000000000000e+01 1.100000000000000000e+01 2.600000000000000000e+01
4.000000000000000000e+00 1.400000000000000000e+01 5.000000000000000000e+00 2.000000000000000000e+01
1.400000000000000000e+01 2.200000000000000000e+01 6.000000000000000000e+00 1.400000000000000000e+01
5.900000000000000000e+01 5.500000000000000000e+01 1.200000000000000000e+01 3.100000000000000000e+01
1.220000000000000000e+02 4.700000000000000000e+01 3.700000000000000000e+01 2.600000000000000000e+01
4.000000000000000000e+00 1.400000000000000000e+01 2.000000000000000000e+00 5.000000000000000000e+00
1.030000000000000000e+02 1.260000000000000000e+02 3.000000000000000000e+01 5.700000000000000000e+01
7.000000000000000000e+00 6.000000000000000000e+00 2.000000000000000000e+00 5.000000000000000000e+00
1.000000000000000000e+00 1.600000000000000000e+01 2.000000000000000000e+00 1.200000000000000000e+01
8.000000000000000000e+00 2.200000000000000000e+01 1.000000000000000000e+01 2.500000000000000000e+01
4.900000000000000000e+01 3.600000000000000000e+01 1.400000000000000000e+01 2.800000000000000000e+01
3.000000000000000000e+00 3.000000000000000000e+00 4.000000000000000000e+00 1.000000000000000000e+00
1.000000000000000000e+00 1.200000000000000000e+01 6.000000000000000000e+00 1.400000000000000000e+01
1.500000000000000000e+01 1.800000000000000000e+01 9.000000000000000000e+00 1.300000000000000000e+01
4.000000000000000000e+00 4.000000000000000000e+00 3.000000000000000000e+00 2.500000000000000000e+01
1.000000000000000000e+00 2.000000000000000000e+00 8.000000000000000000e+00 1.600000000000000000e+01
3.000000000000000000e+00 1.300000000000000000e+01 8.000000000000000000e+00 9.000000000000000000e+00
5.900000000000000000e+01 4.100000000000000000e+01 9.000000000000000000e+00 2.500000000000000000e+01
7.500000000000000000e+01 6.500000000000000000e+01 1.100000000000000000e+01 3.100000000000000000e+01
5.000000000000000000e+00 1.800000000000000000e+01 9.000000000000000000e+00 1.200000000000000000e+01
7.000000000000000000e+00 5.900000000000000000e+01 1.200000000000000000e+01 2.800000000000000000e+01
3.000000000000000000e+00 3.000000000000000000e+00 1.000000000000000000e+00 1.000000000000000000e+00
2.800000000000000000e+01 4.200000000000000000e+01 9.000000000000000000e+00 1.800000000000000000e+01
1.000000000000000000e+00 1.200000000000000000e+01 3.000000000000000000e+00 8.000000000000000000e+00
2.000000000000000000e+00 1.400000000000000000e+01 2.000000000000000000e+00 2.500000000000000000e+01
1.000000000000000000e+00 2.000000000000000000e+00 5.000000000000000000e+00 1.500000000000000000e+01
6.000000000000000000e+00 2.400000000000000000e+01 7.000000000000000000e+00 2.000000000000000000e+01
7.200000000000000000e+01 4.500000000000000000e+01 2.000000000000000000e+01 2.700000000000000000e+01
3.600000000000000000e+01 2.500000000000000000e+01 8.000000000000000000e+00 1.700000000000000000e+01
5.000000000000000000e+00 2.000000000000000000e+01 1.400000000000000000e+01 3.800000000000000000e+01
2.100000000000000000e+01 7.700000000000000000e+01 1.900000000000000000e+01 5.600000000000000000e+01
6.000000000000000000e+00 1.900000000000000000e+01 7.000000000000000000e+00 1.300000000000000000e+01
5.000000000000000000e+00 2.800000000000000000e+01 1.100000000000000000e+01 1.500000000000000000e+01
1.200000000000000000e+01 2.400000000000000000e+01 1.300000000000000000e+01 1.900000000000000000e+01
9.000000000000000000e+00 2.000000000000000000e+01 2.000000000000000000e+00 1.300000000000000000e+01
1.500000000000000000e+01 2.600000000000000000e+01 1.100000000000000000e+01 1.400000000000000000e+01
7.000000000000000000e+00 1.600000000000000000e+01 7.000000000000000000e+00 1.100000000000000000e+01
2.900000000000000000e+01 4.500000000000000000e+01 4.000000000000000000e+00 2.100000000000000000e+01
6.300000000000000000e+01 3.000000000000000000e+01 5.000000000000000000e+00 2.700000000000000000e+01
9.300000000000000000e+01 4.500000000000000000e+01 2.800000000000000000e+01 2.000000000000000000e+01
3.000000000000000000e+00 1.400000000000000000e+01 4.000000000000000000e+00 1.200000000000000000e+01
9.000000000000000000e+00 1.400000000000000000e+01 4.000000000000000000e+00 6.000000000000000000e+00
6.000000000000000000e+00 1.200000000000000000e+01 5.000000000000000000e+00 5.000000000000000000e+00
3.000000000000000000e+00 1.600000000000000000e+01 7.000000000000000000e+00 1.800000000000000000e+01
4.000000000000000000e+00 1.900000000000000000e+01 7.000000000000000000e+00 2.500000000000000000e+01
1.200000000000000000e+01 1.900000000000000000e+01 4.000000000000000000e+00 6.000000000000000000e+00
1.000000000000000000e+00 2.000000000000000000e+00 6.000000000000000000e+00 1.700000000000000000e+01
6.000000000000000000e+00 1.200000000000000000e+01 4.000000000000000000e+00 1.700000000000000000e+01
3.000000000000000000e+00 3.000000000000000000e+00 6.000000000000000000e+00 2.600000000000000000e+01
3.000000000000000000e+00 1.200000000000000000e+01 2.000000000000000000e+00 6.000000000000000000e+00
1.000000000000000000e+00 1.400000000000000000e+01 3.000000000000000000e+00 3.800000000000000000e+01
3.000000000000000000e+00 1.700000000000000000e+01 3.000000000000000000e+00 1.200000000000000000e+01
1.030000000000000000e+02 8.900000000000000000e+01 1.500000000000000000e+01 3.300000000000000000e+01
1.000000000000000000e+00 2.000000000000000000e+00 3.000000000000000000e+00 1.900000000000000000e+01
4.000000000000000000e+00 1.800000000000000000e+01 2.700000000000000000e+01 2.900000000000000000e+01
1.700000000000000000e+01 6.600000000000000000e+01 1.100000000000000000e+01 3.100000000000000000e+01
1.800000000000000000e+01 3.600000000000000000e+01 1.000000000000000000e+00 1.600000000000000000e+01
9.100000000000000000e+01 8.900000000000000000e+01 1.400000000000000000e+01 4.100000000000000000e+01
7.000000000000000000e+00 1.400000000000000000e+01 4.000000000000000000e+00 1.400000000000000000e+01
3.400000000000000000e+01 3.400000000000000000e+01 1.000000000000000000e+01 2.000000000000000000e+01
4.000000000000000000e+00 4.000000000000000000e+00 4.000000000000000000e+00 2.000000000000000000e+00
3.000000000000000000e+00 2.200000000000000000e+01 1.000000000000000000e+01 2.600000000000000000e+01
4.000000000000000000e+00 4.000000000000000000e+00 2.000000000000000000e+00 3.000000000000000000e+00
1.300000000000000000e+01 1.600000000000000000e+01 9.000000000000000000e+00 4.300000000000000000e+01
3.000000000000000000e+00 3.000000000000000000e+00 2.000000000000000000e+00 1.300000000000000000e+01
6.000000000000000000e+00 1.400000000000000000e+01 6.000000000000000000e+00 2.400000000000000000e+01
8.000000000000000000e+00 2.100000000000000000e+01 1.200000000000000000e+01 2.100000000000000000e+01
2.000000000000000000e+00 8.000000000000000000e+00 4.000000000000000000e+00 1.500000000000000000e+01
1.000000000000000000e+00 8.000000000000000000e+00 3.000000000000000000e+00 4.000000000000000000e+00
1.000000000000000000e+00 3.000000000000000000e+00 1.000000000000000000e+00 1.000000000000000000e+00
4.700000000000000000e+01 3.200000000000000000e+01 2.000000000000000000e+00 1.500000000000000000e+01
2.700000000000000000e+01 8.500000000000000000e+01 1.800000000000000000e+01 5.000000000000000000e+01
7.000000000000000000e+00 1.800000000000000000e+01 7.000000000000000000e+00 9.000000000000000000e+00
1.500000000000000000e+01 3.100000000000000000e+01 6.000000000000000000e+00 1.500000000000000000e+01
1.000000000000000000e+00 1.400000000000000000e+01 4.000000000000000000e+00 1.000000000000000000e+01
4.000000000000000000e+00 1.600000000000000000e+01 1.100000000000000000e+01 4.200000000000000000e+01
1.000000000000000000e+00 2.000000000000000000e+00 6.000000000000000000e+00 3.500000000000000000e+01
9.500000000000000000e+01 7.700000000000000000e+01 7.000000000000000000e+00 1.800000000000000000e+01
1.400000000000000000e+01 2.100000000000000000e+01 1.100000000000000000e+01 1.300000000000000000e+01
4.000000000000000000e+00 2.800000000000000000e+01 3.000000000000000000e+00 1.100000000000000000e+01
9.000000000000000000e+00 3.000000000000000000e+01 1.400000000000000000e+01 5.100000000000000000e+01
6.000000000000000000e+00 4.100000000000000000e+01 1.000000000000000000e+01 2.400000000000000000e+01
1.090000000000000000e+02 1.150000000000000000e+02 1.600000000000000000e+01 3.800000000000000000e+01
1.000000000000000000e+00 1.400000000000000000e+01 3.000000000000000000e+00 1.100000000000000000e+01
5.900000000000000000e+01 5.800000000000000000e+01 1.900000000000000000e+01 3.200000000000000000e+01
8.000000000000000000e+00 1.400000000000000000e+01 5.000000000000000000e+00 1.100000000000000000e+01
5.000000000000000000e+00 1.600000000000000000e+01 6.000000000000000000e+00 2.200000000000000000e+01
1.000000000000000000e+00 1.400000000000000000e+01 3.000000000000000000e+00 8.000000000000000000e+00
1.100000000000000000e+01 2.500000000000000000e+01 1.200000000000000000e+01 4.000000000000000000e+01
2.700000000000000000e+01 3.200000000000000000e+01 6.000000000000000000e+00 1.100000000000000000e+01
1.000000000000000000e+00 2.000000000000000000e+00 1.200000000000000000e+01 1.600000000000000000e+01
2.900000000000000000e+01 4.000000000000000000e+01 2.000000000000000000e+00 2.800000000000000000e+01
1.000000000000000000e+00 2.000000000000000000e+00 3.000000000000000000e+00 2.500000000000000000e+01
1.000000000000000000e+00 2.000000000000000000e+00 5.000000000000000000e+00 1.800000000000000000e+01
1.150000000000000000e+02 6.300000000000000000e+01 1.500000000000000000e+01 4.300000000000000000e+01
7.000000000000000000e+00 1.600000000000000000e+01 3.000000000000000000e+00 1.200000000000000000e+01
1.000000000000000000e+00 2.000000000000000000e+00 6.000000000000000000e+00 3.600000000000000000e+01
1.200000000000000000e+01 1.300000000000000000e+01 4.000000000000000000e+00 1.600000000000000000e+01
1.000000000000000000e+00 2.000000000000000000e+00 4.000000000000000000e+00 2.000000000000000000e+01
1.000000000000000000e+00 3.000000000000000000e+00 1.000000000000000000e+00 1.000000000000000000e+00
8.000000000000000000e+00 7.200000000000000000e+01 2.200000000000000000e+01 4.600000000000000000e+01
1.000000000000000000e+00 2.000000000000000000e+00 6.000000000000000000e+00 4.900000000000000000e+01
8.000000000000000000e+00 1.400000000000000000e+01 3.000000000000000000e+00 1.000000000000000000e+01
3.200000000000000000e+01 6.900000000000000000e+01 1.300000000000000000e+01 4.300000000000000000e+01
4.500000000000000000e+01 6.900000000000000000e+01 1.300000000000000000e+01 5.000000000000000000e+01
3.000000000000000000e+00 1.400000000000000000e+01 8.000000000000000000e+00 1.600000000000000000e+01
6.000000000000000000e+00 7.000000000000000000e+00 5.000000000000000000e+00 2.800000000000000000e+01
7.000000000000000000e+00 1.400000000000000000e+01 4.000000000000000000e+00 3.000000000000000000e+01
6.200000000000000000e+01 6.000000000000000000e+01 1.200000000000000000e+01 5.300000000000000000e+01
4.000000000000000000e+00 2.200000000000000000e+01 5.000000000000000000e+00 2.500000000000000000e+01
6.000000000000000000e+00 1.200000000000000000e+01 3.000000000000000000e+00 2.200000000000000000e+01
5.100000000000000000e+01 4.600000000000000000e+01 5.000000000000000000e+00 3.000000000000000000e+01
9.000000000000000000e+00 2.300000000000000000e+01 4.000000000000000000e+00 1.200000000000000000e+01
1.000000000000000000e+00 2.000000000000000000e+00 5.000000000000000000e+00 7.000000000000000000e+00
1.400000000000000000e+01 2.800000000000000000e+01 6.000000000000000000e+00 1.700000000000000000e+01
1.000000000000000000e+00 2.000000000000000000e+00 5.000000000000000000e+00 1.000000000000000000e+01
4.000000000000000000e+00 4.000000000000000000e+00 3.000000000000000000e+00 2.500000000000000000e+01
5.000000000000000000e+00 1.200000000000000000e+01 1.000000000000000000e+01 3.100000000000000000e+01
2.000000000000000000e+00 1.200000000000000000e+01 8.000000000000000000e+00 2.600000000000000000e+01
7.800000000000000000e+01 6.800000000000000000e+01 7.000000000000000000e+00 4.000000000000000000e+01
1.330000000000000000e+02 8.400000000000000000e+01 1.000000000000000000e+01 3.400000000000000000e+01
5.800000000000000000e+01 1.040000000000000000e+02 4.000000000000000000e+00 1.200000000000000000e+01
6.400000000000000000e+01 8.500000000000000000e+01 2.000000000000000000e+00 6.000000000000000000e+00
4.690000000000000000e+02 9.100000000000000000e+01 4.000000000000000000e+00 1.300000000000000000e+01
1.123000000000000000e+03 1.740000000000000000e+02 4.000000000000000000e+00 3.600000000000000000e+01
1.470000000000000000e+03 1.240000000000000000e+02 1.000000000000000000e+00 1.200000000000000000e+01
6.000000000000000000e+01 7.600000000000000000e+01 4.000000000000000000e+00 1.400000000000000000e+01
5.480000000000000000e+02 1.270000000000000000e+02 7.000000000000000000e+00 2.700000000000000000e+01
8.650000000000000000e+02 1.570000000000000000e+02 7.000000000000000000e+00 2.000000000000000000e+01
2.980000000000000000e+03 2.310000000000000000e+02 3.000000000000000000e+00 2.600000000000000000e+01
1.000000000000000000e+02 7.700000000000000000e+01 4.000000000000000000e+00 6.000000000000000000e+00
7.900000000000000000e+01 4.900000000000000000e+01 3.000000000000000000e+00 1.500000000000000000e+01
1.529000000000000000e+03 1.560000000000000000e+02 4.000000000000000000e+00 1.800000000000000000e+01
6.700000000000000000e+01 2.260000000000000000e+02 1.300000000000000000e+01 2.400000000000000000e+01
1.790000000000000000e+02 4.500000000000000000e+01 4.000000000000000000e+00 2.200000000000000000e+01
2.168000000000000000e+03 1.530000000000000000e+02 6.000000000000000000e+00 1.200000000000000000e+01
7.980000000000000000e+02 7.500000000000000000e+01 1.000000000000000000e+00 1.200000000000000000e+01
9.150000000000000000e+02 1.070000000000000000e+02 3.000000000000000000e+00 9.000000000000000000e+00
9.390000000000000000e+02 1.470000000000000000e+02 2.000000000000000000e+00 1.300000000000000000e+01
3.400000000000000000e+01 8.900000000000000000e+01 1.000000000000000000e+00 1.300000000000000000e+01
1.520000000000000000e+03 1.540000000000000000e+02 2.000000000000000000e+00 1.200000000000000000e+01
2.160000000000000000e+02 3.500000000000000000e+01 4.000000000000000000e+00 1.400000000000000000e+01
2.276000000000000000e+03 1.930000000000000000e+02 1.000000000000000000e+00 1.000000000000000000e+00
1.570000000000000000e+02 9.700000000000000000e+01 1.000000000000000000e+00 1.000000000000000000e+00
7.300000000000000000e+02 1.370000000000000000e+02 7.000000000000000000e+00 1.200000000000000000e+01
1.439000000000000000e+03 1.460000000000000000e+02 4.000000000000000000e+00 1.300000000000000000e+01
2.939000000000000000e+03 1.810000000000000000e+02 8.000000000000000000e+00 1.400000000000000000e+01
3.560000000000000000e+02 3.700000000000000000e+01 3.000000000000000000e+00 1.400000000000000000e+01
8.100000000000000000e+01 6.700000000000000000e+01 5.000000000000000000e+00 6.000000000000000000e+00
7.400000000000000000e+01 6.800000000000000000e+01 1.000000000000000000e+00 1.700000000000000000e+01
3.000000000000000000e+00 9.900000000000000000e+01 6.000000000000000000e+00 2.100000000000000000e+01
5.600000000000000000e+01 6.200000000000000000e+01 1.000000000000000000e+00 1.200000000000000000e+01
1.038000000000000000e+03 1.200000000000000000e+02 3.000000000000000000e+00 6.000000000000000000e+00
9.630000000000000000e+02 1.220000000000000000e+02 4.000000000000000000e+00 1.500000000000000000e+01
1.275000000000000000e+03 1.050000000000000000e+02 4.000000000000000000e+00 2.200000000000000000e+01
2.720000000000000000e+02 3.500000000000000000e+01 1.100000000000000000e+01 1.600000000000000000e+01
7.600000000000000000e+01 5.300000000000000000e+01 5.000000000000000000e+00 1.300000000000000000e+01
9.350000000000000000e+02 1.030000000000000000e+02 5.000000000000000000e+00 1.900000000000000000e+01
3.270000000000000000e+02 5.900000000000000000e+01 2.000000000000000000e+00 2.800000000000000000e+01
4.800000000000000000e+01 1.130000000000000000e+02 6.000000000000000000e+00 1.000000000000000000e+01
5.940000000000000000e+02 1.570000000000000000e+02 9.000000000000000000e+00 3.100000000000000000e+01
2.430000000000000000e+02 6.500000000000000000e+01 3.000000000000000000e+00 1.400000000000000000e+01
2.614000000000000000e+03 1.050000000000000000e+02 3.000000000000000000e+00 1.300000000000000000e+01
1.109000000000000000e+03 2.120000000000000000e+02 4.000000000000000000e+00 2.200000000000000000e+01
1.167000000000000000e+03 1.490000000000000000e+02 6.000000000000000000e+00 1.500000000000000000e+01
2.909000000000000000e+03 2.160000000000000000e+02 3.000000000000000000e+00 2.500000000000000000e+01
5.040000000000000000e+02 4.500000000000000000e+01 6.000000000000000000e+00 1.400000000000000000e+01
5.600000000000000000e+01 9.800000000000000000e+01 1.000000000000000000e+00 1.300000000000000000e+01
7.800000000000000000e+01 3.700000000000000000e+01 2.000000000000000000e+00 6.000000000000000000e+00
1.068000000000000000e+03 1.520000000000000000e+02 4.000000000000000000e+00 1.800000000000000000e+01
5.760000000000000000e+02 9.600000000000000000e+01 4.000000000000000000e+00 1.400000000000000000e+01
4.850000000000000000e+02 5.300000000000000000e+01 3.000000000000000000e+00 1.500000000000000000e+01
7.100000000000000000e+01 6.300000000000000000e+01 9.000000000000000000e+00 1.400000000000000000e+01
1.596000000000000000e+03 1.110000000000000000e+02 5.000000000000000000e+00 1.200000000000000000e+01
7.600000000000000000e+01 1.700000000000000000e+01 2.000000000000000000e+00 1.200000000000000000e+01
3.560000000000000000e+02 1.010000000000000000e+02 5.000000000000000000e+00 3.300000000000000000e+01
7.000000000000000000e+01 9.300000000000000000e+01 2.000000000000000000e+00 1.400000000000000000e+01
4.800000000000000000e+01 7.200000000000000000e+01 1.000000000000000000e+00 1.300000000000000000e+01
4.100000000000000000e+01 7.400000000000000000e+01 1.000000000000000000e+00 1.200000000000000000e+01
8.610000000000000000e+02 1.160000000000000000e+02 1.000000000000000000e+00 1.300000000000000000e+01
2.671000000000000000e+03 1.160000000000000000e+02 1.000000000000000000e+00 1.400000000000000000e+01
2.740000000000000000e+02 6.200000000000000000e+01 4.000000000000000000e+00 1.300000000000000000e+01
6.100000000000000000e+01 1.240000000000000000e+02 1.000000000000000000e+00 1.200000000000000000e+01
8.400000000000000000e+01 5.200000000000000000e+01 9.000000000000000000e+00 2.600000000000000000e+01
7.380000000000000000e+02 1.490000000000000000e+02 3.000000000000000000e+00 1.300000000000000000e+01
6.200000000000000000e+01 1.130000000000000000e+02 3.000000000000000000e+00 1.200000000000000000e+01
3.980000000000000000e+02 7.500000000000000000e+01 6.000000000000000000e+00 1.600000000000000000e+01
2.942000000000000000e+03 1.800000000000000000e+02 5.000000000000000000e+00 1.600000000000000000e+01
1.745000000000000000e+03 1.840000000000000000e+02 1.400000000000000000e+01 2.400000000000000000e+01
6.200000000000000000e+01 1.250000000000000000e+02 1.100000000000000000e+01 3.300000000000000000e+01
1.374000000000000000e+03 1.750000000000000000e+02 3.000000000000000000e+00 2.000000000000000000e+01
3.700000000000000000e+01 8.400000000000000000e+01 1.000000000000000000e+00 1.300000000000000000e+01
7.500000000000000000e+01 1.500000000000000000e+01 5.000000000000000000e+00 1.300000000000000000e+01
6.700000000000000000e+01 9.200000000000000000e+01 2.000000000000000000e+00 1.200000000000000000e+01
1.693000000000000000e+03 1.870000000000000000e+02 1.000000000000000000e+00 1.300000000000000000e+01
3.460000000000000000e+02 8.900000000000000000e+01 1.000000000000000000e+00 1.300000000000000000e+01
1.654000000000000000e+03 2.360000000000000000e+02 7.000000000000000000e+00 2.000000000000000000e+01
1.358000000000000000e+03 1.550000000000000000e+02 3.000000000000000000e+00 1.800000000000000000e+01
3.480000000000000000e+02 9.800000000000000000e+01 3.000000000000000000e+00 1.300000000000000000e+01
3.220000000000000000e+02 9.600000000000000000e+01 2.000000000000000000e+00 6.000000000000000000e+00
1.292000000000000000e+03 1.390000000000000000e+02 4.000000000000000000e+00 1.400000000000000000e+01
4.600000000000000000e+01 1.280000000000000000e+02 1.000000000000000000e+00 1.400000000000000000e+01
1.227000000000000000e+03 1.010000000000000000e+02 2.000000000000000000e+00 1.500000000000000000e+01
2.500000000000000000e+01 6.500000000000000000e+01 1.000000000000000000e+00 1.300000000000000000e+01
7.100000000000000000e+01 5.100000000000000000e+01 3.000000000000000000e+00 6.000000000000000000e+00
7.300000000000000000e+01 4.100000000000000000e+01 7.000000000000000000e+00 1.000000000000000000e+01
5.660000000000000000e+02 6.000000000000000000e+01 6.000000000000000000e+00 1.500000000000000000e+01
1.379000000000000000e+03 1.150000000000000000e+02 4.000000000000000000e+00 1.800000000000000000e+01
5.500000000000000000e+01 6.100000000000000000e+01 3.000000000000000000e+00 1.300000000000000000e+01
7.100000000000000000e+01 6.600000000000000000e+01 3.000000000000000000e+00 1.400000000000000000e+01
7.500000000000000000e+01 2.300000000000000000e+01 5.000000000000000000e+00 3.000000000000000000e+01
4.580000000000000000e+02 3.900000000000000000e+01 2.000000000000000000e+00 2.600000000000000000e+01
1.357000000000000000e+03 9.300000000000000000e+01 1.000000000000000000e+00 1.000000000000000000e+00
7.300000000000000000e+01 1.050000000000000000e+02 1.000000000000000000e+00 1.300000000000000000e+01
2.440000000000000000e+03 5.700000000000000000e+01 6.000000000000000000e+00 1.000000000000000000e+01
8.020000000000000000e+02 1.370000000000000000e+02 5.000000000000000000e+00 1.900000000000000000e+01
3.810000000000000000e+02 1.940000000000000000e+02 7.000000000000000000e+00 1.600000000000000000e+01
2.390000000000000000e+02 4.300000000000000000e+01 6.000000000000000000e+00 1.100000000000000000e+01
2.690000000000000000e+02 4.300000000000000000e+01 3.000000000000000000e+00 2.400000000000000000e+01
1.660000000000000000e+03 2.160000000000000000e+02 5.000000000000000000e+00 2.300000000000000000e+01
5.760000000000000000e+02 6.300000000000000000e+01 4.000000000000000000e+00 3.200000000000000000e+01
1.658000000000000000e+03 1.400000000000000000e+02 5.000000000000000000e+00 1.300000000000000000e+01
6.770000000000000000e+02 1.470000000000000000e+02 6.000000000000000000e+00 2.300000000000000000e+01
1.624000000000000000e+03 1.010000000000000000e+02 7.000000000000000000e+00 2.200000000000000000e+01
5.240000000000000000e+02 9.500000000000000000e+01 9.000000000000000000e+00 1.700000000000000000e+01
7.960000000000000000e+02 1.160000000000000000e+02 5.000000000000000000e+00 1.400000000000000000e+01
6.400000000000000000e+01 1.260000000000000000e+02 2.000000000000000000e+00 5.000000000000000000e+00
7.200000000000000000e+01 7.500000000000000000e+01 5.000000000000000000e+00 8.000000000000000000e+00
1.464000000000000000e+03 2.010000000000000000e+02 4.000000000000000000e+00 1.800000000000000000e+01
1.192000000000000000e+03 1.270000000000000000e+02 1.000000000000000000e+00 1.300000000000000000e+01
8.000000000000000000e+02 2.170000000000000000e+02 8.000000000000000000e+00 1.500000000000000000e+01
1.570000000000000000e+02 9.700000000000000000e+01 6.000000000000000000e+00 7.000000000000000000e+00
7.500000000000000000e+01 2.300000000000000000e+01 5.000000000000000000e+00 2.200000000000000000e+01
1.994000000000000000e+03 1.900000000000000000e+02 4.000000000000000000e+00 2.300000000000000000e+01
7.900000000000000000e+01 4.500000000000000000e+01 2.000000000000000000e+00 1.500000000000000000e+01
1.395000000000000000e+03 1.050000000000000000e+02 1.000000000000000000e+00 1.300000000000000000e+01
2.586000000000000000e+03 1.990000000000000000e+02 9.000000000000000000e+00 1.600000000000000000e+01
1.690000000000000000e+02 8.500000000000000000e+01 4.000000000000000000e+00 1.400000000000000000e+01
5.870000000000000000e+02 7.700000000000000000e+01 4.000000000000000000e+00 3.200000000000000000e+01
9.190000000000000000e+02 1.270000000000000000e+02 1.000000000000000000e+00 1.200000000000000000e+01
1.280000000000000000e+02 9.500000000000000000e+01 3.000000000000000000e+00 1.200000000000000000e+01
2.690000000000000000e+02 7.700000000000000000e+01 1.000000000000000000e+00 1.300000000000000000e+01
2.964000000000000000e+03 2.250000000000000000e+02 5.000000000000000000e+00 2.900000000000000000e+01
2.024000000000000000e+03 2.320000000000000000e+02 6.000000000000000000e+00 1.800000000000000000e+01
1.997000000000000000e+03 1.450000000000000000e+02 5.000000000000000000e+00 1.500000000000000000e+01
1.376000000000000000e+03 4.500000000000000000e+01 5.000000000000000000e+00 1.200000000000000000e+01
7.500000000000000000e+01 2.900000000000000000e+01 4.000000000000000000e+00 1.400000000000000000e+01
5.400000000000000000e+01 9.000000000000000000e+01 2.000000000000000000e+00 1.300000000000000000e+01
4.900000000000000000e+01 7.500000000000000000e+01 3.000000000000000000e+00 1.000000000000000000e+01
1.199000000000000000e+03 9.500000000000000000e+01 3.000000000000000000e+00 1.200000000000000000e+01
1.259000000000000000e+03 2.170000000000000000e+02 3.000000000000000000e+00 9.000000000000000000e+00
2.244000000000000000e+03 1.930000000000000000e+02 3.000000000000000000e+00 1.500000000000000000e+01
2.985000000000000000e+03 1.900000000000000000e+02 5.000000000000000000e+00 1.200000000000000000e+01
1.041000000000000000e+03 1.290000000000000000e+02 6.000000000000000000e+00 2.000000000000000000e+01
7.500000000000000000e+01 6.300000000000000000e+01 5.000000000000000000e+00 1.500000000000000000e+01
1.174000000000000000e+03 9.900000000000000000e+01 4.000000000000000000e+00 1.300000000000000000e+01
3.030000000000000000e+02 3.500000000000000000e+01 4.000000000000000000e+00 1.400000000000000000e+01
6.300000000000000000e+01 1.360000000000000000e+02 1.000000000000000000e+00 1.600000000000000000e+01
6.600000000000000000e+01 9.200000000000000000e+01 4.000000000000000000e+00 1.600000000000000000e+01
1.069000000000000000e+03 1.190000000000000000e+02 3.000000000000000000e+00 3.200000000000000000e+01
2.316000000000000000e+03 1.840000000000000000e+02 6.000000000000000000e+00 1.400000000000000000e+01
7.100000000000000000e+01 1.130000000000000000e+02 2.000000000000000000e+00 1.400000000000000000e+01
7.400000000000000000e+01 3.500000000000000000e+01 3.000000000000000000e+00 6.000000000000000000e+00
7.400000000000000000e+01 5.700000000000000000e+01 4.000000000000000000e+00 1.400000000000000000e+01
1.420000000000000000e+02 7.500000000000000000e+01 3.000000000000000000e+00 1.300000000000000000e+01
6.600000000000000000e+01 8.100000000000000000e+01 6.000000000000000000e+00 6.000000000000000000e+00
9.650000000000000000e+02 1.530000000000000000e+02 4.000000000000000000e+00 2.000000000000000000e+01
6.600000000000000000e+01 1.360000000000000000e+02 1.000000000000000000e+00 1.000000000000000000e+00
7.540000000000000000e+02 1.010000000000000000e+02 4.000000000000000000e+00 3.900000000000000000e+01
6.950000000000000000e+02 9.300000000000000000e+01 4.000000000000000000e+00 1.700000000000000000e+01
2.782000000000000000e+03 2.450000000000000000e+02 1.000000000000000000e+00 1.900000000000000000e+01
7.400000000000000000e+01 7.500000000000000000e+01 4.000000000000000000e+00 2.000000000000000000e+01
3.550000000000000000e+02 8.700000000000000000e+01 9.000000000000000000e+00 1.800000000000000000e+01
3.403000000000000000e+03 2.790000000000000000e+02 3.000000000000000000e+00 1.400000000000000000e+01
1.050000000000000000e+02 1.210000000000000000e+02 5.000000000000000000e+00 1.400000000000000000e+01
1.245000000000000000e+03 1.720000000000000000e+02 6.000000000000000000e+00 2.100000000000000000e+01
1.290000000000000000e+02 3.100000000000000000e+01 3.000000000000000000e+00 1.800000000000000000e+01
1.679000000000000000e+03 5.100000000000000000e+01 4.000000000000000000e+00 3.200000000000000000e+01
6.600000000000000000e+01 1.150000000000000000e+02 4.000000000000000000e+00 6.000000000000000000e+00
1.730000000000000000e+03 2.300000000000000000e+02 5.000000000000000000e+00 1.800000000000000000e+01
4.980000000000000000e+02 1.130000000000000000e+02 5.000000000000000000e+00 1.200000000000000000e+01
7.400000000000000000e+01 1.050000000000000000e+02 4.000000000000000000e+00 1.200000000000000000e+01
8.290000000000000000e+02 4.300000000000000000e+01 9.000000000000000000e+00 1.500000000000000000e+01
1.200000000000000000e+03 1.570000000000000000e+02 3.000000000000000000e+00 1.200000000000000000e+01
2.780000000000000000e+03 2.390000000000000000e+02 7.000000000000000000e+00 2.700000000000000000e+01
1.330000000000000000e+02 6.700000000000000000e+01 3.000000000000000000e+00 1.600000000000000000e+01
7.600000000000000000e+01 9.700000000000000000e+01 2.000000000000000000e+00 1.700000000000000000e+01
2.580000000000000000e+03 1.110000000000000000e+02 6.000000000000000000e+00 1.600000000000000000e+01
3.137000000000000000e+03 2.050000000000000000e+02 3.000000000000000000e+00 8.000000000000000000e+00
1.446000000000000000e+03 2.230000000000000000e+02 6.000000000000000000e+00 1.600000000000000000e+01
7.200000000000000000e+01 2.800000000000000000e+01 3.000000000000000000e+00 1.200000000000000000e+01
9.200000000000000000e+02 1.750000000000000000e+02 1.000000000000000000e+00 1.300000000000000000e+01
3.440000000000000000e+02 9.100000000000000000e+01 4.000000000000000000e+00 1.600000000000000000e+01
8.900000000000000000e+01 5.700000000000000000e+01 3.000000000000000000e+00 6.000000000000000000e+00
1.075000000000000000e+03 1.510000000000000000e+02 3.000000000000000000e+00 1.700000000000000000e+01
1.380000000000000000e+03 1.460000000000000000e+02 6.000000000000000000e+00 1.400000000000000000e+01
7.500000000000000000e+01 2.300000000000000000e+01 6.000000000000000000e+00 7.000000000000000000e+00
1.185000000000000000e+03 6.300000000000000000e+01 5.000000000000000000e+00 2.200000000000000000e+01
9.660000000000000000e+02 1.470000000000000000e+02 5.000000000000000000e+00 2.700000000000000000e+01
1.000000000000000000e+02 2.900000000000000000e+01 2.000000000000000000e+00 7.000000000000000000e+00
3.400000000000000000e+01 8.900000000000000000e+01 1.000000000000000000e+00 1.400000000000000000e+01
9.890000000000000000e+02 7.600000000000000000e+01 2.000000000000000000e+00 1.200000000000000000e+01
7.300000000000000000e+01 4.700000000000000000e+01 2.000000000000000000e+00 1.200000000000000000e+01
5.000000000000000000e+01 5.800000000000000000e+01 2.000000000000000000e+00 6.000000000000000000e+00
7.900000000000000000e+01 3.700000000000000000e+01 1.000000000000000000e+00 1.200000000000000000e+01
1.104000000000000000e+03 1.450000000000000000e+02 2.000000000000000000e+00 6.000000000000000000e+00
2.492000000000000000e+03 1.290000000000000000e+02 1.400000000000000000e+01 2.900000000000000000e+01
7.600000000000000000e+01 2.500000000000000000e+01 7.000000000000000000e+00 6.000000000000000000e+00
4.480000000000000000e+02 1.020000000000000000e+02 4.000000000000000000e+00 1.300000000000000000e+01
3.500000000000000000e+02 1.440000000000000000e+02 5.000000000000000000e+00 1.300000000000000000e+01
2.130000000000000000e+02 3.900000000000000000e+01 5.000000000000000000e+00 3.100000000000000000e+01
1.128000000000000000e+03 9.300000000000000000e+01 5.000000000000000000e+00 1.700000000000000000e+01
7.800000000000000000e+01 4.100000000000000000e+01 5.000000000000000000e+00 1.000000000000000000e+01
1.159000000000000000e+03 1.130000000000000000e+02 5.000000000000000000e+00 1.400000000000000000e+01
1.357000000000000000e+03 1.290000000000000000e+02 3.000000000000000000e+00 2.000000000000000000e+01
2.330000000000000000e+02 9.500000000000000000e+01 3.000000000000000000e+00 1.100000000000000000e+01
6.700000000000000000e+01 1.120000000000000000e+02 4.000000000000000000e+00 1.400000000000000000e+01
2.210000000000000000e+02 1.810000000000000000e+02 8.000000000000000000e+00 1.800000000000000000e+01
3.500000000000000000e+01 9.900000000000000000e+01 8.000000000000000000e+00 2.500000000000000000e+01
1.500000000000000000e+02 5.100000000000000000e+01 6.000000000000000000e+00 1.200000000000000000e+01
4.500000000000000000e+01 9.400000000000000000e+01 1.000000000000000000e+00 1.700000000000000000e+01
6.000000000000000000e+00 1.800000000000000000e+01 5.000000000000000000e+00 1.700000000000000000e+01
2.000000000000000000e+00 4.000000000000000000e+00 2.000000000000000000e+00 1.000000000000000000e+00
1.000000000000000000e+00 2.000000000000000000e+00 1.000000000000000000e+00 1.000000000000000000e+00
2.000000000000000000e+00 5.000000000000000000e+00 1.000000000000000000e+00 1.000000000000000000e+00
2.000000000000000000e+00 4.000000000000000000e+00 1.000000000000000000e+00 3.000000000000000000e+00
1.000000000000000000e+00 2.000000000000000000e+00 1.000000000000000000e+00 1.000000000000000000e+00
4.000000000000000000e+00 6.000000000000000000e+00 3.000000000000000000e+00 3.000000000000000000e+00
2.000000000000000000e+00 4.000000000000000000e+00 2.000000000000000000e+00 1.000000000000000000e+00
2.000000000000000000e+00 4.000000000000000000e+00 1.000000000000000000e+00 1.000000000000000000e+00
2.000000000000000000e+00 5.000000000000000000e+00 1.000000000000000000e+00 1.000000000000000000e+00
4.000000000000000000e+00 5.000000000000000000e+00 3.000000000000000000e+00 4.000000000000000000e+00
1.000000000000000000e+00 2.000000000000000000e+00 1.000000000000000000e+00 1.000000000000000000e+00
9.000000000000000000e+00 1.700000000000000000e+01 5.000000000000000000e+00 1.100000000000000000e+01
2.000000000000000000e+00 4.000000000000000000e+00 1.000000000000000000e+00 1.000000000000000000e+00
3.000000000000000000e+00 4.000000000000000000e+00 1.000000000000000000e+00 1.000000000000000000e+00
2.000000000000000000e+00 4.000000000000000000e+00 2.000000000000000000e+00 1.000000000000000000e+00
3.000000000000000000e+00 4.000000000000000000e+00 1.000000000000000000e+00 3.000000000000000000e+00
8.000000000000000000e+00 1.500000000000000000e+01 4.000000000000000000e+00 1.800000000000000000e+01
7.000000000000000000e+00 1.800000000000000000e+01 5.000000000000000000e+00 1.300000000000000000e+01
3.000000000000000000e+00 5.000000000000000000e+00 1.000000000000000000e+00 1.000000000000000000e+00
3.000000000000000000e+00 4.000000000000000000e+00 2.000000000000000000e+00 3.000000000000000000e+00
6.000000000000000000e+00 1.200000000000000000e+01 2.000000000000000000e+00 8.000000000000000000e+00
3.000000000000000000e+00 4.000000000000000000e+00 2.000000000000000000e+00 1.000000000000000000e+00
2.000000000000000000e+00 4.000000000000000000e+00 1.000000000000000000e+00 1.000000000000000000e+00
2.000000000000000000e+00 1.700000000000000000e+01 2.000000000000000000e+00 8.000000000000000000e+00
1.000000000000000000e+00 2.000000000000000000e+00 1.000000000000000000e+00 1.000000000000000000e+00
3.000000000000000000e+00 1.000000000000000000e+01 2.000000000000000000e+00 8.000000000000000000e+00
5.000000000000000000e+00 5.000000000000000000e+00 3.000000000000000000e+00 1.400000000000000000e+01
2.000000000000000000e+00 4.000000000000000000e+00 1.000000000000000000e+00 1.000000000000000000e+00
3.000000000000000000e+00 4.000000000000000000e+00 1.000000000000000000e+00 1.000000000000000000e+00
3.000000000000000000e+00 4.000000000000000000e+00 1.000000000000000000e+00 3.000000000000000000e+00
4.000000000000000000e+00 9.000000000000000000e+00 1.000000000000000000e+00 3.000000000000000000e+00
6.000000000000000000e+00 1.600000000000000000e+01 4.000000000000000000e+00 1.300000000000000000e+01
5.000000000000000000e+00 4.000000000000000000e+00 2.000000000000000000e+00 8.000000000000000000e+00
6.000000000000000000e+00 1.400000000000000000e+01 3.000000000000000000e+00 1.200000000000000000e+01
4.000000000000000000e+00 1.400000000000000000e+01 3.000000000000000000e+00 1.300000000000000000e+01
4.000000000000000000e+00 5.000000000000000000e+00 3.000000000000000000e+00 3.000000000000000000e+00
2.000000000000000000e+00 1.500000000000000000e+01 3.000000000000000000e+00 1.300000000000000000e+01
2.000000000000000000e+00 4.000000000000000000e+00 2.000000000000000000e+00 3.000000000000000000e+00
2.000000000000000000e+00 5.000000000000000000e+00 1.000000000000000000e+00 1.000000000000000000e+00
3.000000000000000000e+00 4.000000000000000000e+00 2.000000000000000000e+00 3.000000000000000000e+00
2.000000000000000000e+00 1.500000000000000000e+01 2.000000000000000000e+00 1.100000000000000000e+01
3.000000000000000000e+00 4.000000000000000000e+00 1.000000000000000000e+00 3.000000000000000000e+00
2.000000000000000000e+00 2.100000000000000000e+01 2.000000000000000000e+00 1.200000000000000000e+01
5.000000000000000000e+00 1.800000000000000000e+01 5.000000000000000000e+00 1.200000000000000000e+01
3.000000000000000000e+00 4.000000000000000000e+00 1.000000000000000000e+00 4.000000000000000000e+00
3.000000000000000000e+00 4.000000000000000000e+00 1.000000000000000000e+00 1.000000000000000000e+00
2.000000000000000000e+00 4.000000000000000000e+00 2.000000000000000000e+00 4.000000000000000000e+00
4.000000000000000000e+00 1.300000000000000000e+01 3.000000000000000000e+00 1.200000000000000000e+01
3.000000000000000000e+00 4.000000000000000000e+00 2.000000000000000000e+00 4.000000000000000000e+00
3.000000000000000000e+00 4.000000000000000000e+00 1.000000000000000000e+00 1.000000000000000000e+00
2.000000000000000000e+00 4.000000000000000000e+00 1.000000000000000000e+00 1.000000000000000000e+00
5.000000000000000000e+00 2.100000000000000000e+01 2.000000000000000000e+00 1.700000000000000000e+01
2.000000000000000000e+00 5.000000000000000000e+00 1.000000000000000000e+00 1.000000000000000000e+00
2.000000000000000000e+00 5.000000000000000000e+00 1.000000000000000000e+00 1.000000000000000000e+00
1.000000000000000000e+00 2.000000000000000000e+00 1.000000000000000000e+00 1.000000000000000000e+00
6.000000000000000000e+00 1.500000000000000000e+01 3.000000000000000000e+00 1.700000000000000000e+01
4.000000000000000000e+00 1.200000000000000000e+01 3.000000000000000000e+00 1.500000000000000000e+01
7.000000000000000000e+00 1.500000000000000000e+01 5.000000000000000000e+00 6.000000000000000000e+00
4.000000000000000000e+00 5.000000000000000000e+00 1.000000000000000000e+00 4.000000000000000000e+00
4.000000000000000000e+00 1.200000000000000000e+01 2.000000000000000000e+00 5.000000000000000000e+00
2.000000000000000000e+00 4.000000000000000000e+00 1.000000000000000000e+00 1.000000000000000000e+00
2.000000000000000000e+00 4.000000000000000000e+00 2.000000000000000000e+00 1.000000000000000000e+00
3.000000000000000000e+00 1.000000000000000000e+01 2.000000000000000000e+00 8.000000000000000000e+00
3.000000000000000000e+00 5.000000000000000000e+00 1.000000000000000000e+00 1.000000000000000000e+00
2.000000000000000000e+00 2.500000000000000000e+01 3.000000000000000000e+00 1.000000000000000000e+01
2.000000000000000000e+00 4.000000000000000000e+00 1.000000000000000000e+00 1.000000000000000000e+00
2.000000000000000000e+00 4.000000000000000000e+00 1.000000000000000000e+00 1.000000000000000000e+00
9.000000000000000000e+00 1.500000000000000000e+01 4.000000000000000000e+00 9.000000000000000000e+00
1.000000000000000000e+00 2.000000000000000000e+00 1.000000000000000000e+00 1.000000000000000000e+00
1.000000000000000000e+00 2.000000000000000000e+00 1.000000000000000000e+00 1.000000000000000000e+00
3.000000000000000000e+00 3.100000000000000000e+01 4.000000000000000000e+00 1.200000000000000000e+01
2.000000000000000000e+00 3.000000000000000000e+00 1.000000000000000000e+00 1.000000000000000000e+00
2.000000000000000000e+00 4.000000000000000000e+00 1.000000000000000000e+00 1.000000000000000000e+00
9.000000000000000000e+00 1.300000000000000000e+01 4.000000000000000000e+00 1.800000000000000000e+01
5.000000000000000000e+00 1.600000000000000000e+01 1.100000000000000000e+01 1.200000000000000000e+01
3.000000000000000000e+00 1.000000000000000000e+01 2.000000000000000000e+00 8.000000000000000000e+00
2.000000000000000000e+00 4.000000000000000000e+00 2.000000000000000000e+00 3.000000000000000000e+00
4.000000000000000000e+00 2.900000000000000000e+01 2.000000000000000000e+00 1.100000000000000000e+01
2.000000000000000000e+00 2.900000000000000000e+01 4.000000000000000000e+00 5.000000000000000000e+00
3.000000000000000000e+00 5.000000000000000000e+00 2.000000000000000000e+00 3.000000000000000000e+00
5.000000000000000000e+00 1.600000000000000000e+01 3.000000000000000000e+00 1.200000000000000000e+01
1.000000000000000000e+00 2.100000000000000000e+01 4.000000000000000000e+00 1.100000000000000000e+01
1.000000000000000000e+00 2.000000000000000000e+00 1.000000000000000000e+00 1.000000000000000000e+00
5.000000000000000000e+00 1.600000000000000000e+01 3.000000000000000000e+00 1.200000000000000000e+01
6.000000000000000000e+00 1.400000000000000000e+01 2.000000000000000000e+00 1.300000000000000000e+01
2.000000000000000000e+00 4.000000000000000000e+00 1.000000000000000000e+00 3.000000000000000000e+00
5.000000000000000000e+00 5.000000000000000000e+00 3.000000000000000000e+00 1.500000000000000000e+01
7.000000000000000000e+00 1.300000000000000000e+01 4.000000000000000000e+00 6.000000000000000000e+00
2.000000000000000000e+00 4.000000000000000000e+00 2.000000000000000000e+00 3.000000000000000000e+00
3.000000000000000000e+00 4.000000000000000000e+00 1.000000000000000000e+00 3.000000000000000000e+00
2.000000000000000000e+00 4.000000000000000000e+00 1.000000000000000000e+00 1.000000000000000000e+00
2.000000000000000000e+00 4.000000000000000000e+00 2.000000000000000000e+00 1.000000000000000000e+00
3.000000000000000000e+00 5.000000000000000000e+00 2.000000000000000000e+00 4.000000000000000000e+00
3.000000000000000000e+00 4.000000000000000000e+00 2.000000000000000000e+00 3.000000000000000000e+00
3.000000000000000000e+00 4.000000000000000000e+00 2.000000000000000000e+00 1.000000000000000000e+00
6.000000000000000000e+00 2.900000000000000000e+01 2.000000000000000000e+00 1.500000000000000000e+01
2.000000000000000000e+00 4.000000000000000000e+00 1.000000000000000000e+00 2.000000000000000000e+00
2.000000000000000000e+00 4.000000000000000000e+00 1.000000000000000000e+00 1.000000000000000000e+00
3.000000000000000000e+00 2.100000000000000000e+01 3.000000000000000000e+00 1.200000000000000000e+01
3.000000000000000000e+00 4.000000000000000000e+00 2.000000000000000000e+00 3.000000000000000000e+00
1.000000000000000000e+00 2.000000000000000000e+00 1.000000000000000000e+00 1.000000000000000000e+00
3.000000000000000000e+00 4.000000000000000000e+00 2.000000000000000000e+00 3.000000000000000000e+00
4.000000000000000000e+00 6.000000000000000000e+00 2.000000000000000000e+00 3.000000000000000000e+00
7.000000000000000000e+00 1.800000000000000000e+01 6.000000000000000000e+00 1.700000000000000000e+01
2.000000000000000000e+00 4.000000000000000000e+00 1.000000000000000000e+00 2.000000000000000000e+00
2.000000000000000000e+00 4.000000000000000000e+00 1.000000000000000000e+00 1.000000000000000000e+00
4.000000000000000000e+00 2.700000000000000000e+01 8.000000000000000000e+00 1.200000000000000000e+01
5.000000000000000000e+00 1.100000000000000000e+01 5.000000000000000000e+00 1.800000000000000000e+01
1.000000000000000000e+01 1.500000000000000000e+01 5.000000000000000000e+00 1.100000000000000000e+01
2.000000000000000000e+00 4.000000000000000000e+00 1.000000000000000000e+00 1.000000000000000000e+00
3.000000000000000000e+00 2.700000000000000000e+01 5.000000000000000000e+00 1.200000000000000000e+01
2.000000000000000000e+00 4.000000000000000000e+00 1.000000000000000000e+00 1.000000000000000000e+00
7.000000000000000000e+00 1.000000000000000000e+01 2.000000000000000000e+00 2.000000000000000000e+00
4.000000000000000000e+00 5.000000000000000000e+00 3.000000000000000000e+00 4.000000000000000000e+00
5.000000000000000000e+00 1.700000000000000000e+01 2.000000000000000000e+00 2.000000000000000000e+01
3.000000000000000000e+00 1.500000000000000000e+01 2.000000000000000000e+00 1.700000000000000000e+01
3.000000000000000000e+00 2.500000000000000000e+01 3.000000000000000000e+00 1.600000000000000000e+01
2.000000000000000000e+00 4.000000000000000000e+00 2.000000000000000000e+00 3.000000000000000000e+00
5.000000000000000000e+00 5.000000000000000000e+00 4.000000000000000000e+00 5.000000000000000000e+00
2.000000000000000000e+00 4.000000000000000000e+00 2.000000000000000000e+00 1.000000000000000000e+00
6.000000000000000000e+00 1.600000000000000000e+01 2.000000000000000000e+00 1.000000000000000000e+00
2.000000000000000000e+00 5.000000000000000000e+00 2.000000000000000000e+00 1.000000000000000000e+00
4.000000000000000000e+00 6.000000000000000000e+00 1.000000000000000000e+00 3.000000000000000000e+00
6.000000000000000000e+00 1.000000000000000000e+01 3.000000000000000000e+00 1.200000000000000000e+01
2.000000000000000000e+00 4.000000000000000000e+00 1.000000000000000000e+00 1.000000000000000000e+00
2.000000000000000000e+00 4.000000000000000000e+00 2.000000000000000000e+00 3.000000000000000000e+00
5.000000000000000000e+00 5.000000000000000000e+00 3.000000000000000000e+00 4.000000000000000000e+00
6.000000000000000000e+00 1.800000000000000000e+01 7.000000000000000000e+00 5.000000000000000000e+00
5.000000000000000000e+00 5.000000000000000000e+00 3.000000000000000000e+00 1.400000000000000000e+01
1.000000000000000000e+00 2.000000000000000000e+00 1.000000000000000000e+00 1.000000000000000000e+00
1.000000000000000000e+00 2.000000000000000000e+00 2.000000000000000000e+00 1.000000000000000000e+00
3.000000000000000000e+00 4.000000000000000000e+00 1.000000000000000000e+00 2.000000000000000000e+00
2.000000000000000000e+00 4.000000000000000000e+00 1.000000000000000000e+00 1.000000000000000000e+00
2.000000000000000000e+00 1.700000000000000000e+01 4.000000000000000000e+00 1.500000000000000000e+01
3.000000000000000000e+00 2.200000000000000000e+01 3.000000000000000000e+00 1.200000000000000000e+01
1.000000000000000000e+01 1.300000000000000000e+01 4.000000000000000000e+00 1.500000000000000000e+01
2.000000000000000000e+00 4.000000000000000000e+00 1.000000000000000000e+00 4.000000000000000000e+00
2.000000000000000000e+00 4.000000000000000000e+00 1.000000000000000000e+00 3.000000000000000000e+00
5.000000000000000000e+00 5.000000000000000000e+00 4.000000000000000000e+00 4.000000000000000000e+00
4.000000000000000000e+00 5.000000000000000000e+00 2.000000000000000000e+00 2.000000000000000000e+00
3.000000000000000000e+00 4.000000000000000000e+00 2.000000000000000000e+00 4.000000000000000000e+00
2.000000000000000000e+00 5.000000000000000000e+00 1.000000000000000000e+00 3.000000000000000000e+00
7.000000000000000000e+00 7.000000000000000000e+00 4.000000000000000000e+00 1.300000000000000000e+01
2.000000000000000000e+00 4.000000000000000000e+00 2.000000000000000000e+00 4.000000000000000000e+00
2.000000000000000000e+00 5.000000000000000000e+00 1.000000000000000000e+00 1.000000000000000000e+00
2.000000000000000000e+00 4.000000000000000000e+00 1.000000000000000000e+00 1.000000000000000000e+00
3.000000000000000000e+00 5.000000000000000000e+00 2.000000000000000000e+00 3.000000000000000000e+00
2.000000000000000000e+00 4.000000000000000000e+00 2.000000000000000000e+00 3.000000000000000000e+00
2.000000000000000000e+00 4.000000000000000000e+00 1.000000000000000000e+00 1.000000000000000000e+00
9.000000000000000000e+00 1.100000000000000000e+01 5.000000000000000000e+00 7.000000000000000000e+00
4.000000000000000000e+00 1.400000000000000000e+01 2.000000000000000000e+00 1.200000000000000000e+01
4.000000000000000000e+00 1.000000000000000000e+01 2.000000000000000000e+00 1.200000000000000000e+01
2.000000000000000000e+00 3.000000000000000000e+00 1.000000000000000000e+00 1.000000000000000000e+00
5.000000000000000000e+00 3.300000000000000000e+01 4.000000000000000000e+00 1.900000000000000000e+01
8.000000000000000000e+00 8.000000000000000000e+00 5.000000000000000000e+00 1.500000000000000000e+01
3.000000000000000000e+00 2.900000000000000000e+01 3.000000000000000000e+00 1.100000000000000000e+01
2.000000000000000000e+00 4.000000000000000000e+00 1.000000000000000000e+00 1.000000000000000000e+00
4.000000000000000000e+00 1.000000000000000000e+01 2.000000000000000000e+00 1.000000000000000000e+01
8.000000000000000000e+00 1.500000000000000000e+01 5.000000000000000000e+00 7.000000000000000000e+00
3.000000000000000000e+00 5.000000000000000000e+00 1.000000000000000000e+00 1.000000000000000000e+00
1.100000000000000000e+01 1.100000000000000000e+01 2.000000000000000000e+00 1.800000000000000000e+01
5.000000000000000000e+00 5.000000000000000000e+00 4.000000000000000000e+00 1.400000000000000000e+01
1.000000000000000000e+00 2.300000000000000000e+01 2.000000000000000000e+00 1.500000000000000000e+01
4.000000000000000000e+00 1.400000000000000000e+01 3.000000000000000000e+00 1.100000000000000000e+01
5.000000000000000000e+00 1.700000000000000000e+01 3.000000000000000000e+00 7.000000000000000000e+00
3.000000000000000000e+00 4.000000000000000000e+00 2.000000000000000000e+00 3.000000000000000000e+00
4.000000000000000000e+00 1.500000000000000000e+01 4.000000000000000000e+00 1.800000000000000000e+01
5.000000000000000000e+00 1.000000000000000000e+01 2.000000000000000000e+00 8.000000000000000000e+00
3.000000000000000000e+00 4.000000000000000000e+00 2.000000000000000000e+00 4.000000000000000000e+00
2.000000000000000000e+00 4.000000000000000000e+00 1.000000000000000000e+00 1.000000000000000000e+00
6.000000000000000000e+00 1.600000000000000000e+01 5.000000000000000000e+00 8.000000000000000000e+00
3.000000000000000000e+00 4.000000000000000000e+00 2.000000000000000000e+00 3.000000000000000000e+00
7.000000000000000000e+00 1.300000000000000000e+01 2.000000000000000000e+00 6.000000000000000000e+00
3.000000000000000000e+00 2.900000000000000000e+01 7.000000000000000000e+00 1.200000000000000000e+01
5.000000000000000000e+00 7.000000000000000000e+00 3.000000000000000000e+00 1.500000000000000000e+01
5.000000000000000000e+00 2.800000000000000000e+01 3.000000000000000000e+00 1.300000000000000000e+01
3.000000000000000000e+00 4.000000000000000000e+00 2.000000000000000000e+00 3.000000000000000000e+00
3.000000000000000000e+00 5.000000000000000000e+00 2.000000000000000000e+00 3.000000000000000000e+00
3.000000000000000000e+00 4.000000000000000000e+00 2.000000000000000000e+00 1.000000000000000000e+00
4.000000000000000000e+00 6.000000000000000000e+00 4.000000000000000000e+00 5.000000000000000000e+00
1.100000000000000000e+01 1.000000000000000000e+01 2.000000000000000000e+00 1.600000000000000000e+01
2.000000000000000000e+00 4.000000000000000000e+00 1.000000000000000000e+00 1.000000000000000000e+00
2.000000000000000000e+00 4.000000000000000000e+00 1.000000000000000000e+00 3.000000000000000000e+00
8.000000000000000000e+00 2.900000000000000000e+01 4.000000000000000000e+00 1.500000000000000000e+01
2.000000000000000000e+00 4.000000000000000000e+00 1.000000000000000000e+00 3.000000000000000000e+00
6.000000000000000000e+00 2.500000000000000000e+01 7.000000000000000000e+00 1.800000000000000000e+01
2.000000000000000000e+00 7.000000000000000000e+00 1.000000000000000000e+00 4.000000000000000000e+00
4.000000000000000000e+00 5.000000000000000000e+00 3.000000000000000000e+00 1.800000000000000000e+01
7.000000000000000000e+00 8.000000000000000000e+00 3.000000000000000000e+00 1.200000000000000000e+01
2.000000000000000000e+00 4.000000000000000000e+00 1.000000000000000000e+00 1.000000000000000000e+00
2.000000000000000000e+00 4.000000000000000000e+00 1.000000000000000000e+00 1.000000000000000000e+00
4.000000000000000000e+00 5.000000000000000000e+00 2.000000000000000000e+00 4.000000000000000000e+00
1.000000000000000000e+00 2.000000000000000000e+00 1.000000000000000000e+00 1.000000000000000000e+00
2.000000000000000000e+00 4.000000000000000000e+00 1.000000000000000000e+00 3.000000000000000000e+00
3.000000000000000000e+00 4.000000000000000000e+00 2.000000000000000000e+00 3.000000000000000000e+00
5.000000000000000000e+00 5.000000000000000000e+00 3.000000000000000000e+00 7.000000000000000000e+00
2.000000000000000000e+00 4.000000000000000000e+00 1.000000000000000000e+00 1.000000000000000000e+00
3.000000000000000000e+00 5.000000000000000000e+00 1.000000000000000000e+00 1.000000000000000000e+00
2.000000000000000000e+00 5.000000000000000000e+00 1.000000000000000000e+00 1.000000000000000000e+00
3.800000000000000000e+01 3.600000000000000000e+01 0.000000000000000000e+00 3.800000000000000000e+01
1.800000000000000000e+01 2.700000000000000000e+01 5.000000000000000000e+00 1.020000000000000000e+02
1.300000000000000000e+01 5.800000000000000000e+01 3.000000000000000000e+00 1.400000000000000000e+01
1.500000000000000000e+01 3.700000000000000000e+01 7.000000000000000000e+00 8.100000000000000000e+01
2.900000000000000000e+01 4.800000000000000000e+01 3.000000000000000000e+00 1.700000000000000000e+01
1.900000000000000000e+01 3.300000000000000000e+01 3.000000000000000000e+00 1.500000000000000000e+01
1.400000000000000000e+01 3.200000000000000000e+01 1.700000000000000000e+01 2.200000000000000000e+01
2.300000000000000000e+01 4.600000000000000000e+01 4.000000000000000000e+00 1.100000000000000000e+01
7.000000000000000000e+00 3.000000000000000000e+01 2.000000000000000000e+00 1.600000000000000000e+01
1.700000000000000000e+01 3.300000000000000000e+01 3.000000000000000000e+00 8.800000000000000000e+01
9.000000000000000000e+00 5.000000000000000000e+00 1.100000000000000000e+01 1.000000000000000000e+00
1.300000000000000000e+01 1.800000000000000000e+01 1.700000000000000000e+01 1.300000000000000000e+01
1.900000000000000000e+01 4.200000000000000000e+01 1.000000000000000000e+01 2.000000000000000000e+01
4.900000000000000000e+01 3.500000000000000000e+01 3.000000000000000000e+00 7.900000000000000000e+01
2.600000000000000000e+01 4.300000000000000000e+01 8.000000000000000000e+00 2.400000000000000000e+01
3.600000000000000000e+01 3.500000000000000000e+01 4.000000000000000000e+00 1.120000000000000000e+02
1.600000000000000000e+01 6.000000000000000000e+01 8.000000000000000000e+00 5.800000000000000000e+01
1.400000000000000000e+01 4.000000000000000000e+01 5.000000000000000000e+00 2.600000000000000000e+01
8.000000000000000000e+00 1.060000000000000000e+02 1.000000000000000000e+01 3.100000000000000000e+01
6.000000000000000000e+00 6.000000000000000000e+01 6.000000000000000000e+00 2.600000000000000000e+01
4.100000000000000000e+01 5.400000000000000000e+01 8.000000000000000000e+00 1.600000000000000000e+01
1.800000000000000000e+01 1.600000000000000000e+01 2.000000000000000000e+01 1.500000000000000000e+01
2.400000000000000000e+01 6.100000000000000000e+01 7.000000000000000000e+00 2.300000000000000000e+01
1.200000000000000000e+01 3.600000000000000000e+01 2.000000000000000000e+00 1.000000000000000000e+01
1.900000000000000000e+01 2.700000000000000000e+01 1.700000000000000000e+01 1.700000000000000000e+01
9.000000000000000000e+00 1.900000000000000000e+01 6.000000000000000000e+00 7.000000000000000000e+00
1.500000000000000000e+01 1.300000000000000000e+01 8.000000000000000000e+00 1.600000000000000000e+01
3.000000000000000000e+01 2.000000000000000000e+00 1.800000000000000000e+01 1.700000000000000000e+01
2.000000000000000000e+01 4.700000000000000000e+01 3.000000000000000000e+00 1.200000000000000000e+01
2.400000000000000000e+01 4.000000000000000000e+01 5.000000000000000000e+00 2.200000000000000000e+01
2.100000000000000000e+01 3.200000000000000000e+01 4.000000000000000000e+00 1.600000000000000000e+01
4.300000000000000000e+01 2.200000000000000000e+01 1.400000000000000000e+01 2.200000000000000000e+01
8.000000000000000000e+00 2.000000000000000000e+01 1.000000000000000000e+01 1.600000000000000000e+01
1.300000000000000000e+01 4.900000000000000000e+01 9.000000000000000000e+00 3.000000000000000000e+01
1.100000000000000000e+01 2.100000000000000000e+01 1.500000000000000000e+01 3.200000000000000000e+01
3.300000000000000000e+01 3.200000000000000000e+01 2.500000000000000000e+01 2.700000000000000000e+01
8.000000000000000000e+00 5.000000000000000000e+00 9.000000000000000000e+00 1.000000000000000000e+00
1.400000000000000000e+01 4.600000000000000000e+01 1.300000000000000000e+01 2.600000000000000000e+01
2.000000000000000000e+01 2.400000000000000000e+01 3.000000000000000000e+00 1.500000000000000000e+01
1.000000000000000000e+01 2.800000000000000000e+01 6.000000000000000000e+00 2.700000000000000000e+01
1.300000000000000000e+01 7.300000000000000000e+01 3.000000000000000000e+00 1.100000000000000000e+01
2.100000000000000000e+01 3.300000000000000000e+01 1.500000000000000000e+01 1.100000000000000000e+01
6.000000000000000000e+01 6.000000000000000000e+01 1.100000000000000000e+01 3.100000000000000000e+01
1.200000000000000000e+01 1.800000000000000000e+01 1.700000000000000000e+01 2.100000000000000000e+01
2.600000000000000000e+01 3.100000000000000000e+01 4.200000000000000000e+01 2.100000000000000000e+01
2.800000000000000000e+01 1.050000000000000000e+02 1.900000000000000000e+01 2.400000000000000000e+01
1.600000000000000000e+01 3.600000000000000000e+01 6.000000000000000000e+00 2.600000000000000000e+01
9.000000000000000000e+00 4.500000000000000000e+01 7.000000000000000000e+00 1.650000000000000000e+02
1.200000000000000000e+01 5.200000000000000000e+01 8.000000000000000000e+00 1.800000000000000000e+01
2.600000000000000000e+01 3.600000000000000000e+01 1.700000000000000000e+01 2.200000000000000000e+01
1.700000000000000000e+01 3.700000000000000000e+01 5.000000000000000000e+00 1.800000000000000000e+01
1.600000000000000000e+01 3.700000000000000000e+01 4.000000000000000000e+00 1.000000000000000000e+01
9.000000000000000000e+00 3.500000000000000000e+01 1.000000000000000000e+01 2.000000000000000000e+01
1.800000000000000000e+01 2.800000000000000000e+01 4.000000000000000000e+00 5.000000000000000000e+01
3.100000000000000000e+01 4.400000000000000000e+01 3.000000000000000000e+00 1.700000000000000000e+01
1.000000000000000000e+01 5.800000000000000000e+01 5.000000000000000000e+00 1.100000000000000000e+01
3.300000000000000000e+01 7.400000000000000000e+01 1.900000000000000000e+01 2.600000000000000000e+01
2.000000000000000000e+01 4.800000000000000000e+01 1.200000000000000000e+01 2.200000000000000000e+01
1.500000000000000000e+01 1.600000000000000000e+01 2.600000000000000000e+01 3.200000000000000000e+01
1.100000000000000000e+01 9.200000000000000000e+01 1.100000000000000000e+01 4.100000000000000000e+01
8.000000000000000000e+00 2.700000000000000000e+01 8.000000000000000000e+00 1.800000000000000000e+01
2.400000000000000000e+01 3.700000000000000000e+01 6.000000000000000000e+00 9.000000000000000000e+00
1.400000000000000000e+01 2.800000000000000000e+01 6.000000000000000000e+00 1.500000000000000000e+01
1.600000000000000000e+01 1.800000000000000000e+01 8.000000000000000000e+00 1.800000000000000000e+01
9.000000000000000000e+00 2.600000000000000000e+01 7.000000000000000000e+00 4.000000000000000000e+01
1.900000000000000000e+01 4.000000000000000000e+01 1.800000000000000000e+01 2.100000000000000000e+01
3.100000000000000000e+01 6.600000000000000000e+01 7.000000000000000000e+00 2.700000000000000000e+01
1.400000000000000000e+01 3.000000000000000000e+01 7.000000000000000000e+00 1.580000000000000000e+02
1.600000000000000000e+01 9.800000000000000000e+01 1.200000000000000000e+01 2.700000000000000000e+01
2.200000000000000000e+01 2.300000000000000000e+01 1.300000000000000000e+01 1.700000000000000000e+01
2.700000000000000000e+01 2.400000000000000000e+01 1.700000000000000000e+01 2.000000000000000000e+01
6.000000000000000000e+00 3.100000000000000000e+01 1.100000000000000000e+01 2.700000000000000000e+01
8.000000000000000000e+00 4.600000000000000000e+01 2.000000000000000000e+00 1.000000000000000000e+01
9.000000000000000000e+00 2.700000000000000000e+01 3.000000000000000000e+00 1.450000000000000000e+02
1.400000000000000000e+01 3.900000000000000000e+01 1.100000000000000000e+01 2.000000000000000000e+01
8.000000000000000000e+00 1.700000000000000000e+01 1.200000000000000000e+01 1.400000000000000000e+01
5.000000000000000000e+00 2.900000000000000000e+01 5.000000000000000000e+00 2.000000000000000000e+01
2.000000000000000000e+01 3.800000000000000000e+01 6.000000000000000000e+00 7.700000000000000000e+01
1.300000000000000000e+01 2.000000000000000000e+01 1.800000000000000000e+01 1.600000000000000000e+01
1.000000000000000000e+01 3.200000000000000000e+01 9.000000000000000000e+00 2.000000000000000000e+01
9.000000000000000000e+00 2.000000000000000000e+01 5.000000000000000000e+00 1.200000000000000000e+01
1.500000000000000000e+01 3.000000000000000000e+01 7.000000000000000000e+00 1.500000000000000000e+01
3.600000000000000000e+01 4.200000000000000000e+01 1.400000000000000000e+01 2.700000000000000000e+01
1.300000000000000000e+01 5.200000000000000000e+01 5.000000000000000000e+00 3.400000000000000000e+01
8.000000000000000000e+00 3.600000000000000000e+01 4.000000000000000000e+00 1.800000000000000000e+01
7.000000000000000000e+00 3.400000000000000000e+01 4.000000000000000000e+00 1.200000000000000000e+01
1.200000000000000000e+01 3.600000000000000000e+01 3.000000000000000000e+00 4.700000000000000000e+01
1.100000000000000000e+01 8.000000000000000000e+00 1.200000000000000000e+01 8.000000000000000000e+00
1.400000000000000000e+01 6.400000000000000000e+01 2.700000000000000000e+01 1.700000000000000000e+01
1.200000000000000000e+01 1.800000000000000000e+01 1.600000000000000000e+01 9.000000000000000000e+00
1.200000000000000000e+01 3.000000000000000000e+01 8.000000000000000000e+00 1.000000000000000000e+01
1.600000000000000000e+01 3.700000000000000000e+01 4.000000000000000000e+00 3.900000000000000000e+01
1.900000000000000000e+01 3.300000000000000000e+01 2.000000000000000000e+00 6.000000000000000000e+00
3.400000000000000000e+01 7.300000000000000000e+01 8.000000000000000000e+00 5.000000000000000000e+01
9.000000000000000000e+00 3.300000000000000000e+01 6.000000000000000000e+00 7.000000000000000000e+00
1.300000000000000000e+01 1.900000000000000000e+01 1.500000000000000000e+01 1.800000000000000000e+01
1.900000000000000000e+01 1.800000000000000000e+01 4.000000000000000000e+00 1.000000000000000000e+01
2.100000000000000000e+01 1.400000000000000000e+01 1.000000000000000000e+00 1.300000000000000000e+01
1.700000000000000000e+01 4.100000000000000000e+01 3.000000000000000000e+00 1.000000000000000000e+01
2.000000000000000000e+01 2.900000000000000000e+01 6.000000000000000000e+00 1.700000000000000000e+01
1.800000000000000000e+01 3.800000000000000000e+01 4.000000000000000000e+00 2.000000000000000000e+01
1.600000000000000000e+01 2.300000000000000000e+01 3.000000000000000000e+00 1.700000000000000000e+01
1.400000000000000000e+01 1.400000000000000000e+01 5.000000000000000000e+00 7.000000000000000000e+00
1.100000000000000000e+01 3.500000000000000000e+01 5.000000000000000000e+00 1.500000000000000000e+01
1.000000000000000000e+01 5.000000000000000000e+00 1.200000000000000000e+01 1.000000000000000000e+00
1.700000000000000000e+01 3.900000000000000000e+01 3.000000000000000000e+00 1.300000000000000000e+01
9.000000000000000000e+00 2.700000000000000000e+01 7.000000000000000000e+00 1.000000000000000000e+01
2.600000000000000000e+01 2.100000000000000000e+01 1.200000000000000000e+01 2.600000000000000000e+01
7.000000000000000000e+00 1.800000000000000000e+01 8.000000000000000000e+00 4.000000000000000000e+00
9.000000000000000000e+00 2.400000000000000000e+01 2.100000000000000000e+01 2.800000000000000000e+01
1.700000000000000000e+01 4.300000000000000000e+01 6.000000000000000000e+00 2.600000000000000000e+01
2.500000000000000000e+01 5.300000000000000000e+01 6.000000000000000000e+00 2.200000000000000000e+01
1.800000000000000000e+01 3.200000000000000000e+01 6.000000000000000000e+00 1.500000000000000000e+01
1.500000000000000000e+01 1.400000000000000000e+01 1.500000000000000000e+01 6.000000000000000000e+00
1.300000000000000000e+01 1.900000000000000000e+01 5.000000000000000000e+00 1.800000000000000000e+01
3.100000000000000000e+01 8.900000000000000000e+01 1.700000000000000000e+01 2.600000000000000000e+01
1.000000000000000000e+01 2.100000000000000000e+01 1.100000000000000000e+01 1.000000000000000000e+01
2.100000000000000000e+01 3.200000000000000000e+01 1.500000000000000000e+01 2.200000000000000000e+01
1.000000000000000000e+01 2.100000000000000000e+01 1.700000000000000000e+01 2.400000000000000000e+01
1.300000000000000000e+01 3.000000000000000000e+01 5.000000000000000000e+00 1.400000000000000000e+01
1.700000000000000000e+01 4.300000000000000000e+01 2.000000000000000000e+00 1.600000000000000000e+01
8.000000000000000000e+00 5.000000000000000000e+01 4.000000000000000000e+00 1.900000000000000000e+01
1.400000000000000000e+01 2.300000000000000000e+01 4.000000000000000000e+00 5.200000000000000000e+01
2.800000000000000000e+01 4.400000000000000000e+01 3.000000000000000000e+00 1.400000000000000000e+01
1.400000000000000000e+01 3.900000000000000000e+01 5.000000000000000000e+00 2.500000000000000000e+01
2.600000000000000000e+01 2.700000000000000000e+01 4.000000000000000000e+00 9.300000000000000000e+01
2.100000000000000000e+01 2.800000000000000000e+01 4.000000000000000000e+00 2.070000000000000000e+02
1.900000000000000000e+01 5.200000000000000000e+01 5.000000000000000000e+00 2.100000000000000000e+01
1.200000000000000000e+01 1.000000000000000000e+01 1.300000000000000000e+01 5.000000000000000000e+00
3.400000000000000000e+01 2.500000000000000000e+01 1.800000000000000000e+01 2.600000000000000000e+01
9.000000000000000000e+00 2.500000000000000000e+01 3.000000000000000000e+00 1.300000000000000000e+01
2.300000000000000000e+01 1.600000000000000000e+01 5.000000000000000000e+00 1.100000000000000000e+01
1.500000000000000000e+01 4.800000000000000000e+01 6.000000000000000000e+00 4.000000000000000000e+01
2.300000000000000000e+01 3.500000000000000000e+01 3.000000000000000000e+00 5.200000000000000000e+01
2.400000000000000000e+01 2.000000000000000000e+01 1.400000000000000000e+01 1.000000000000000000e+01
1.100000000000000000e+01 3.300000000000000000e+01 1.500000000000000000e+01 1.800000000000000000e+01
7.400000000000000000e+01 2.000000000000000000e+01 1.500000000000000000e+01 2.300000000000000000e+01
1.700000000000000000e+01 3.500000000000000000e+01 3.000000000000000000e+00 9.100000000000000000e+01
6.100000000000000000e+01 3.500000000000000000e+01 2.300000000000000000e+01 1.500000000000000000e+01
1.400000000000000000e+01 5.300000000000000000e+01 4.000000000000000000e+00 1.200000000000000000e+01
1.100000000000000000e+01 5.800000000000000000e+01 3.000000000000000000e+00 1.000000000000000000e+01
1.400000000000000000e+01 3.800000000000000000e+01 5.000000000000000000e+00 1.100000000000000000e+01
1.600000000000000000e+01 4.600000000000000000e+01 4.000000000000000000e+00 3.400000000000000000e+01
1.100000000000000000e+01 1.000000000000000000e+01 1.200000000000000000e+01 4.000000000000000000e+00
1.600000000000000000e+01 5.000000000000000000e+01 4.000000000000000000e+00 2.100000000000000000e+01
1.900000000000000000e+01 7.600000000000000000e+01 6.000000000000000000e+00 1.600000000000000000e+01
3.600000000000000000e+01 4.900000000000000000e+01 1.000000000000000000e+01 1.100000000000000000e+01
1.500000000000000000e+01 5.600000000000000000e+01 8.000000000000000000e+00 1.700000000000000000e+01
2.300000000000000000e+01 4.800000000000000000e+01 4.000000000000000000e+00 1.200000000000000000e+01
4.000000000000000000e+01 3.400000000000000000e+01 2.000000000000000000e+00 4.500000000000000000e+01
1.700000000000000000e+01 3.300000000000000000e+01 1.000000000000000000e+01 1.900000000000000000e+01
1.800000000000000000e+01 3.900000000000000000e+01 1.000000000000000000e+01 1.700000000000000000e+01
1.400000000000000000e+01 1.000000000000000000e+01 1.600000000000000000e+01 8.000000000000000000e+00
1.700000000000000000e+01 3.700000000000000000e+01 7.000000000000000000e+00 1.000000000000000000e+01
7.000000000000000000e+00 2.500000000000000000e+01 1.000000000000000000e+01 1.300000000000000000e+01
2.600000000000000000e+01 5.400000000000000000e+01 2.500000000000000000e+01 3.500000000000000000e+01
9.000000000000000000e+00 2.500000000000000000e+01 1.000000000000000000e+01 1.200000000000000000e+01
2.000000000000000000e+01 2.800000000000000000e+01 2.000000000000000000e+00 1.200000000000000000e+01
1.800000000000000000e+01 1.500000000000000000e+01 1.400000000000000000e+01 7.000000000000000000e+00
7.000000000000000000e+00 3.100000000000000000e+01 1.700000000000000000e+01 1.700000000000000000e+01
1.000000000000000000e+01 7.000000000000000000e+00 1.400000000000000000e+01 8.000000000000000000e+00
2.200000000000000000e+01 4.200000000000000000e+01 1.400000000000000000e+01 2.100000000000000000e+01
1.100000000000000000e+01 8.500000000000000000e+01 1.900000000000000000e+01 4.000000000000000000e+01
3.500000000000000000e+01 1.100000000000000000e+01 7.000000000000000000e+00 2.100000000000000000e+01
1.600000000000000000e+01 3.500000000000000000e+01 1.000000000000000000e+01 2.400000000000000000e+01
2.800000000000000000e+01 3.700000000000000000e+01 1.700000000000000000e+01 3.600000000000000000e+01
2.500000000000000000e+01 2.400000000000000000e+01 4.000000000000000000e+00 1.400000000000000000e+01
4.900000000000000000e+01 3.400000000000000000e+01 1.600000000000000000e+01 3.300000000000000000e+01
1.200000000000000000e+01 3.200000000000000000e+01 5.000000000000000000e+00 1.400000000000000000e+01
1.400000000000000000e+01 2.800000000000000000e+01 4.000000000000000000e+00 1.400000000000000000e+01
2.400000000000000000e+01 3.500000000000000000e+01 3.000000000000000000e+00 7.900000000000000000e+01
3.300000000000000000e+01 2.700000000000000000e+01 1.700000000000000000e+01 2.700000000000000000e+01
1.800000000000000000e+01 2.500000000000000000e+01 7.000000000000000000e+00 1.900000000000000000e+01
1.400000000000000000e+01 7.300000000000000000e+01 1.300000000000000000e+01 2.600000000000000000e+01
1.300000000000000000e+01 2.900000000000000000e+01 1.200000000000000000e+01 2.500000000000000000e+01
1.100000000000000000e+01 1.800000000000000000e+01 1.000000000000000000e+01 1.900000000000000000e+01
4.600000000000000000e+01 3.300000000000000000e+01 1.900000000000000000e+01 2.200000000000000000e+01
1.900000000000000000e+01 6.300000000000000000e+01 8.000000000000000000e+00 2.000000000000000000e+01
1.500000000000000000e+01 8.000000000000000000e+01 9.000000000000000000e+00 1.800000000000000000e+01
3.100000000000000000e+01 4.700000000000000000e+01 6.000000000000000000e+00 2.600000000000000000e+01
2.900000000000000000e+01 3.000000000000000000e+01 1.800000000000000000e+01 1.200000000000000000e+01
1.500000000000000000e+01 1.600000000000000000e+01 4.000000000000000000e+00 7.000000000000000000e+00
1.200000000000000000e+01 3.600000000000000000e+01 5.000000000000000000e+00 1.900000000000000000e+01
1.200000000000000000e+01 2.600000000000000000e+01 3.000000000000000000e+00 1.000000000000000000e+01
3.000000000000000000e+01 6.100000000000000000e+01 1.700000000000000000e+01 5.000000000000000000e+01
2.800000000000000000e+01 4.900000000000000000e+01 3.000000000000000000e+00 2.000000000000000000e+01
2.600000000000000000e+01 1.150000000000000000e+02 1.700000000000000000e+01 4.100000000000000000e+01
2.000000000000000000e+01 2.000000000000000000e+01 1.200000000000000000e+01 2.700000000000000000e+01
8.000000000000000000e+00 5.000000000000000000e+00 1.000000000000000000e+01 4.000000000000000000e+00
1.200000000000000000e+01 2.500000000000000000e+01 1.400000000000000000e+01 2.600000000000000000e+01
4.100000000000000000e+01 3.300000000000000000e+01 2.000000000000000000e+00 2.300000000000000000e+01
1.900000000000000000e+01 4.000000000000000000e+01 3.000000000000000000e+00 1.500000000000000000e+01
8.000000000000000000e+00 2.600000000000000000e+01 4.000000000000000000e+00 8.000000000000000000e+00
9.000000000000000000e+00 2.900000000000000000e+01 3.000000000000000000e+00 1.500000000000000000e+01
3.700000000000000000e+01 2.500000000000000000e+01 4.000000000000000000e+00 1.520000000000000000e+02
4.500000000000000000e+01 5.200000000000000000e+01 5.000000000000000000e+00 1.600000000000000000e+01
2.800000000000000000e+01 2.800000000000000000e+01 9.000000000000000000e+00 3.100000000000000000e+01
5.300000000000000000e+01 1.900000000000000000e+01 4.000000000000000000e+00 3.500000000000000000e+01
1.000000000000000000e+01 9.400000000000000000e+01 1.400000000000000000e+01 2.500000000000000000e+01
1.200000000000000000e+01 3.700000000000000000e+01 4.000000000000000000e+00 2.600000000000000000e+01
1.200000000000000000e+01 1.300000000000000000e+01 3.000000000000000000e+00 1.000000000000000000e+01
8.000000000000000000e+00 2.600000000000000000e+01 6.000000000000000000e+00 8.000000000000000000e+00
1.000000000000000000e+00 6.000000000000000000e+00 2.000000000000000000e+00 4.000000000000000000e+00
5.000000000000000000e+00 8.000000000000000000e+00 2.000000000000000000e+00 4.000000000000000000e+00
7.000000000000000000e+00 1.300000000000000000e+01 6.000000000000000000e+00 6.000000000000000000e+00
6.000000000000000000e+00 1.500000000000000000e+01 3.000000000000000000e+00 6.000000000000000000e+00
1.000000000000000000e+01 2.000000000000000000e+01 4.000000000000000000e+00 1.200000000000000000e+01
3.000000000000000000e+00 5.000000000000000000e+00 2.000000000000000000e+00 4.000000000000000000e+00
8.000000000000000000e+00 2.100000000000000000e+01 3.000000000000000000e+00 1.100000000000000000e+01
5.000000000000000000e+00 8.000000000000000000e+00 2.000000000000000000e+00 4.000000000000000000e+00
1.000000000000000000e+00 2.000000000000000000e+00 2.000000000000000000e+00 3.000000000000000000e+00
3.000000000000000000e+00 6.000000000000000000e+00 3.000000000000000000e+00 6.000000000000000000e+00
7.000000000000000000e+00 1.700000000000000000e+01 4.000000000000000000e+00 9.000000000000000000e+00
8.000000000000000000e+00 2.100000000000000000e+01 4.000000000000000000e+00 8.000000000000000000e+00
5.000000000000000000e+00 9.000000000000000000e+00 2.000000000000000000e+00 4.000000000000000000e+00
9.000000000000000000e+00 2.300000000000000000e+01 3.000000000000000000e+00 8.000000000000000000e+00
7.000000000000000000e+00 9.000000000000000000e+00 2.000000000000000000e+00 4.000000000000000000e+00
7.000000000000000000e+00 1.700000000000000000e+01 6.000000000000000000e+00 9.000000000000000000e+00
1.400000000000000000e+01 1.400000000000000000e+01 3.000000000000000000e+00 7.000000000000000000e+00
8.000000000000000000e+00 2.300000000000000000e+01 6.000000000000000000e+00 1.000000000000000000e+01
5.000000000000000000e+00 9.000000000000000000e+00 2.000000000000000000e+00 1.000000000000000000e+00
3.000000000000000000e+00 1.100000000000000000e+01 2.000000000000000000e+00 4.000000000000000000e+00
1.000000000000000000e+00 1.300000000000000000e+01 2.000000000000000000e+00 4.000000000000000000e+00
1.000000000000000000e+00 5.000000000000000000e+00 2.000000000000000000e+00 4.000000000000000000e+00
5.000000000000000000e+00 1.800000000000000000e+01 2.000000000000000000e+00 4.000000000000000000e+00
9.000000000000000000e+00 1.000000000000000000e+01 8.000000000000000000e+00 7.000000000000000000e+00
6.000000000000000000e+00 1.400000000000000000e+01 9.000000000000000000e+00 7.000000000000000000e+00
6.000000000000000000e+00 1.400000000000000000e+01 3.000000000000000000e+00 1.000000000000000000e+01
3.000000000000000000e+00 7.000000000000000000e+00 2.000000000000000000e+00 3.000000000000000000e+00
1.000000000000000000e+00 6.000000000000000000e+00 2.000000000000000000e+00 4.000000000000000000e+00
8.000000000000000000e+00 1.900000000000000000e+01 6.000000000000000000e+00 8.000000000000000000e+00
1.000000000000000000e+01 1.700000000000000000e+01 4.000000000000000000e+00 8.000000000000000000e+00
1.100000000000000000e+01 1.500000000000000000e+01 9.000000000000000000e+00 7.000000000000000000e+00
8.000000000000000000e+00 1.400000000000000000e+01 4.000000000000000000e+00 7.000000000000000000e+00
4.000000000000000000e+00 1.800000000000000000e+01 1.000000000000000000e+00 4.000000000000000000e+00
1.200000000000000000e+01 1.500000000000000000e+01 3.000000000000000000e+00 1.000000000000000000e+01
1.000000000000000000e+00 2.000000000000000000e+00 2.000000000000000000e+00 1.000000000000000000e+00
5.000000000000000000e+00 1.800000000000000000e+01 2.000000000000000000e+00 4.000000000000000000e+00
5.000000000000000000e+00 1.300000000000000000e+01 3.000000000000000000e+00 1.500000000000000000e+01
8.000000000000000000e+00 2.100000000000000000e+01 4.000000000000000000e+00 1.400000000000000000e+01
5.000000000000000000e+00 1.300000000000000000e+01 3.000000000000000000e+00 5.000000000000000000e+00
5.000000000000000000e+00 1.800000000000000000e+01 2.000000000000000000e+00 3.000000000000000000e+00
7.000000000000000000e+00 9.000000000000000000e+00 2.000000000000000000e+00 4.000000000000000000e+00
5.000000000000000000e+00 1.700000000000000000e+01 2.000000000000000000e+00 3.000000000000000000e+00
6.000000000000000000e+00 1.500000000000000000e+01 3.000000000000000000e+00 1.200000000000000000e+01
7.000000000000000000e+00 1.200000000000000000e+01 2.000000000000000000e+00 4.000000000000000000e+00
7.000000000000000000e+00 1.800000000000000000e+01 5.000000000000000000e+00 8.000000000000000000e+00
5.000000000000000000e+00 1.200000000000000000e+01 2.000000000000000000e+00 3.000000000000000000e+00
7.000000000000000000e+00 2.200000000000000000e+01 2.000000000000000000e+00 3.000000000000000000e+00
1.000000000000000000e+00 1.000000000000000000e+01 2.000000000000000000e+00 4.000000000000000000e+00
9.000000000000000000e+00 1.900000000000000000e+01 4.000000000000000000e+00 1.100000000000000000e+01
3.000000000000000000e+00 7.000000000000000000e+00 2.000000000000000000e+00 4.000000000000000000e+00
5.000000000000000000e+00 1.900000000000000000e+01 2.000000000000000000e+00 4.000000000000000000e+00
9.000000000000000000e+00 2.800000000000000000e+01 3.000000000000000000e+00 8.000000000000000000e+00
3.000000000000000000e+00 7.000000000000000000e+00 2.000000000000000000e+00 4.000000000000000000e+00
1.000000000000000000e+00 5.000000000000000000e+00 2.000000000000000000e+00 4.000000000000000000e+00
1.200000000000000000e+01 1.700000000000000000e+01 4.000000000000000000e+00 9.000000000000000000e+00
7.000000000000000000e+00 1.500000000000000000e+01 3.000000000000000000e+00 1.000000000000000000e+01
7.000000000000000000e+00 1.700000000000000000e+01 5.000000000000000000e+00 7.000000000000000000e+00
7.000000000000000000e+00 1.100000000000000000e+01 2.000000000000000000e+00 5.000000000000000000e+00
3.000000000000000000e+00 1.200000000000000000e+01 2.000000000000000000e+00 4.000000000000000000e+00
3.000000000000000000e+00 7.000000000000000000e+00 2.000000000000000000e+00 3.000000000000000000e+00
8.000000000000000000e+00 1.500000000000000000e+01 6.000000000000000000e+00 1.000000000000000000e+01
8.000000000000000000e+00 1.500000000000000000e+01 7.000000000000000000e+00 9.000000000000000000e+00
8.000000000000000000e+00 2.100000000000000000e+01 3.000000000000000000e+00 7.000000000000000000e+00
1.200000000000000000e+01 1.500000000000000000e+01 3.000000000000000000e+00 7.000000000000000000e+00
5.000000000000000000e+00 1.200000000000000000e+01 2.000000000000000000e+00 1.000000000000000000e+00
8.000000000000000000e+00 2.300000000000000000e+01 6.000000000000000000e+00 6.000000000000000000e+00
1.000000000000000000e+01 1.700000000000000000e+01 3.000000000000000000e+00 9.000000000000000000e+00
1.000000000000000000e+00 2.000000000000000000e+00 2.000000000000000000e+00 4.000000000000000000e+00
5.000000000000000000e+00 9.000000000000000000e+00 4.000000000000000000e+00 5.000000000000000000e+00
9.000000000000000000e+00 1.500000000000000000e+01 3.000000000000000000e+00 6.000000000000000000e+00
3.000000000000000000e+00 7.000000000000000000e+00 1.000000000000000000e+00 4.000000000000000000e+00
9.000000000000000000e+00 2.000000000000000000e+01 5.000000000000000000e+00 9.000000000000000000e+00
6.000000000000000000e+00 2.200000000000000000e+01 2.000000000000000000e+00 4.000000000000000000e+00
4.000000000000000000e+00 1.500000000000000000e+01 2.000000000000000000e+00 4.000000000000000000e+00
2.000000000000000000e+00 1.400000000000000000e+01 2.000000000000000000e+00 3.000000000000000000e+00
5.000000000000000000e+00 9.000000000000000000e+00 2.000000000000000000e+00 4.000000000000000000e+00
1.200000000000000000e+01 1.500000000000000000e+01 3.000000000000000000e+00 1.200000000000000000e+01
6.000000000000000000e+00 1.500000000000000000e+01 2.000000000000000000e+00 4.000000000000000000e+00
6.000000000000000000e+00 1.500000000000000000e+01 8.000000000000000000e+00 6.000000000000000000e+00
6.000000000000000000e+00 1.500000000000000000e+01 4.000000000000000000e+00 8.000000000000000000e+00
8.000000000000000000e+00 1.700000000000000000e+01 3.000000000000000000e+00 7.000000000000000000e+00
1.000000000000000000e+00 5.000000000000000000e+00 1.000000000000000000e+00 4.000000000000000000e+00
4.000000000000000000e+00 1.500000000000000000e+01 2.000000000000000000e+00 3.000000000000000000e+00
7.000000000000000000e+00 1.700000000000000000e+01 4.000000000000000000e+00 6.000000000000000000e+00
5.000000000000000000e+00 8.000000000000000000e+00 2.000000000000000000e+00 3.000000000000000000e+00
1.000000000000000000e+00 3.000000000000000000e+00 1.000000000000000000e+00 1.000000000000000000e+00
9.000000000000000000e+00 1.700000000000000000e+01 5.000000000000000000e+00 6.000000000000000000e+00
1.000000000000000000e+00 2.000000000000000000e+00 1.000000000000000000e+00 1.000000000000000000e+00
1.000000000000000000e+00 3.000000000000000000e+00 1.000000000000000000e+00 3.000000000000000000e+00
2.000000000000000000e+00 9.000000000000000000e+00 1.000000000000000000e+00 4.000000000000000000e+00
6.000000000000000000e+00 1.900000000000000000e+01 6.000000000000000000e+00 1.300000000000000000e+01
5.000000000000000000e+00 1.000000000000000000e+01 2.000000000000000000e+00 6.000000000000000000e+00
1.000000000000000000e+00 2.000000000000000000e+00 2.000000000000000000e+00 1.000000000000000000e+00
6.000000000000000000e+00 1.200000000000000000e+01 4.000000000000000000e+00 7.000000000000000000e+00
6.000000000000000000e+00 1.600000000000000000e+01 3.000000000000000000e+00 6.000000000000000000e+00
7.000000000000000000e+00 2.100000000000000000e+01 3.000000000000000000e+00 6.000000000000000000e+00
1.000000000000000000e+00 5.000000000000000000e+00 2.000000000000000000e+00 4.000000000000000000e+00
1.000000000000000000e+01 1.700000000000000000e+01 3.000000000000000000e+00 7.000000000000000000e+00
9.000000000000000000e+00 1.700000000000000000e+01 7.000000000000000000e+00 6.000000000000000000e+00
6.000000000000000000e+00 2.000000000000000000e+01 3.000000000000000000e+00 1.100000000000000000e+01
6.000000000000000000e+00 1.300000000000000000e+01 3.000000000000000000e+00 5.000000000000000000e+00
6.000000000000000000e+00 1.900000000000000000e+01 4.000000000000000000e+00 1.100000000000000000e+01
1.000000000000000000e+00 2.000000000000000000e+00 2.000000000000000000e+00 3.000000000000000000e+00
1.000000000000000000e+00 5.000000000000000000e+00 1.000000000000000000e+00 4.000000000000000000e+00
6.000000000000000000e+00 1.200000000000000000e+01 5.000000000000000000e+00 7.000000000000000000e+00
6.000000000000000000e+00 1.600000000000000000e+01 3.000000000000000000e+00 6.000000000000000000e+00
3.000000000000000000e+00 7.000000000000000000e+00 2.000000000000000000e+00 4.000000000000000000e+00
6.000000000000000000e+00 2.300000000000000000e+01 2.000000000000000000e+00 5.000000000000000000e+00
8.000000000000000000e+00 1.400000000000000000e+01 3.000000000000000000e+00 7.000000000000000000e+00
4.000000000000000000e+00 1.600000000000000000e+01 2.000000000000000000e+00 4.000000000000000000e+00
1.000000000000000000e+00 5.000000000000000000e+00 2.000000000000000000e+00 1.000000000000000000e+00
3.000000000000000000e+00 1.300000000000000000e+01 2.000000000000000000e+00 4.000000000000000000e+00
6.000000000000000000e+00 1.400000000000000000e+01 4.000000000000000000e+00 6.000000000000000000e+00
9.000000000000000000e+00 1.700000000000000000e+01 5.000000000000000000e+00 7.000000000000000000e+00
5.000000000000000000e+00 1.800000000000000000e+01 2.000000000000000000e+00 3.000000000000000000e+00
8.000000000000000000e+00 1.600000000000000000e+01 3.000000000000000000e+00 8.000000000000000000e+00
6.000000000000000000e+00 1.200000000000000000e+01 6.000000000000000000e+00 1.000000000000000000e+01
6.000000000000000000e+00 1.400000000000000000e+01 5.000000000000000000e+00 1.100000000000000000e+01
1.000000000000000000e+00 2.000000000000000000e+00 2.000000000000000000e+00 4.000000000000000000e+00
4.000000000000000000e+00 1.400000000000000000e+01 2.000000000000000000e+00 4.000000000000000000e+00
5.000000000000000000e+00 7.000000000000000000e+00 2.000000000000000000e+00 4.000000000000000000e+00
1.000000000000000000e+00 5.000000000000000000e+00 2.000000000000000000e+00 3.000000000000000000e+00
4.000000000000000000e+00 1.500000000000000000e+01 2.000000000000000000e+00 3.000000000000000000e+00
5.000000000000000000e+00 1.200000000000000000e+01 2.000000000000000000e+00 4.000000000000000000e+00
5.000000000000000000e+00 9.000000000000000000e+00 2.000000000000000000e+00 3.000000000000000000e+00
2.000000000000000000e+00 1.500000000000000000e+01 2.000000000000000000e+00 5.000000000000000000e+00
1.000000000000000000e+00 2.000000000000000000e+00 2.000000000000000000e+00 3.000000000000000000e+00
4.000000000000000000e+00 1.800000000000000000e+01 3.000000000000000000e+00 6.000000000000000000e+00
5.000000000000000000e+00 1.200000000000000000e+01 3.000000000000000000e+00 8.000000000000000000e+00
8.000000000000000000e+00 1.900000000000000000e+01 3.000000000000000000e+00 8.000000000000000000e+00
9.000000000000000000e+00 1.900000000000000000e+01 5.000000000000000000e+00 1.200000000000000000e+01
9.000000000000000000e+00 2.500000000000000000e+01 9.000000000000000000e+00 8.000000000000000000e+00
4.000000000000000000e+00 1.600000000000000000e+01 2.000000000000000000e+00 4.000000000000000000e+00
7.000000000000000000e+00 1.700000000000000000e+01 4.000000000000000000e+00 6.000000000000000000e+00
6.000000000000000000e+00 2.200000000000000000e+01 2.000000000000000000e+00 5.000000000000000000e+00
9.000000000000000000e+00 2.300000000000000000e+01 3.000000000000000000e+00 9.000000000000000000e+00
1.000000000000000000e+00 2.000000000000000000e+00 2.000000000000000000e+00 3.000000000000000000e+00
8.000000000000000000e+00 1.100000000000000000e+01 3.000000000000000000e+00 6.000000000000000000e+00
7.000000000000000000e+00 2.300000000000000000e+01 6.000000000000000000e+00 9.000000000000000000e+00
6.000000000000000000e+00 1.400000000000000000e+01 3.000000000000000000e+00 8.000000000000000000e+00
3.000000000000000000e+00 7.000000000000000000e+00 2.000000000000000000e+00 3.000000000000000000e+00
0.000000000000000000e+00 2.000000000000000000e+00 2.000000000000000000e+00 3.000000000000000000e+00
5.000000000000000000e+00 9.000000000000000000e+00 2.000000000000000000e+00 4.000000000000000000e+00
5.000000000000000000e+00 8.000000000000000000e+00 2.000000000000000000e+00 4.000000000000000000e+00
1.000000000000000000e+00 5.000000000000000000e+00 2.000000000000000000e+00 3.000000000000000000e+00
8.000000000000000000e+00 1.200000000000000000e+01 3.000000000000000000e+00 6.000000000000000000e+00
2.000000000000000000e+00 7.000000000000000000e+00 2.000000000000000000e+00 3.000000000000000000e+00
9.000000000000000000e+00 2.100000000000000000e+01 4.000000000000000000e+00 6.000000000000000000e+00
1.100000000000000000e+01 2.300000000000000000e+01 2.000000000000000000e+00 3.000000000000000000e+00
1.000000000000000000e+01 1.500000000000000000e+01 3.000000000000000000e+00 7.000000000000000000e+00
3.000000000000000000e+00 1.200000000000000000e+01 2.000000000000000000e+00 4.000000000000000000e+00
2.000000000000000000e+00 9.000000000000000000e+00 2.000000000000000000e+00 4.000000000000000000e+00
5.000000000000000000e+00 1.800000000000000000e+01 2.000000000000000000e+00 3.000000000000000000e+00
6.000000000000000000e+00 1.800000000000000000e+01 8.000000000000000000e+00 1.100000000000000000e+01
4.000000000000000000e+00 1.700000000000000000e+01 2.000000000000000000e+00 4.000000000000000000e+00
1.000000000000000000e+00 5.000000000000000000e+00 2.000000000000000000e+00 4.000000000000000000e+00
3.000000000000000000e+00 1.300000000000000000e+01 1.000000000000000000e+00 1.000000000000000000e+00
7.000000000000000000e+00 2.500000000000000000e+01 2.000000000000000000e+00 5.000000000000000000e+00
5.000000000000000000e+00 2.000000000000000000e+01 1.000000000000000000e+00 4.000000000000000000e+00
1.000000000000000000e+01 1.700000000000000000e+01 9.000000000000000000e+00 6.000000000000000000e+00
4.000000000000000000e+00 1.400000000000000000e+01 2.000000000000000000e+00 6.000000000000000000e+00
4.000000000000000000e+00 1.700000000000000000e+01 2.000000000000000000e+00 4.000000000000000000e+00
4.000000000000000000e+00 1.300000000000000000e+01 2.000000000000000000e+00 4.000000000000000000e+00
9.000000000000000000e+00 1.700000000000000000e+01 3.000000000000000000e+00 6.000000000000000000e+00
6.000000000000000000e+00 1.300000000000000000e+01 3.000000000000000000e+00 7.000000000000000000e+00
1.200000000000000000e+01 1.700000000000000000e+01 3.000000000000000000e+00 6.000000000000000000e+00
3.000000000000000000e+00 1.200000000000000000e+01 2.000000000000000000e+00 4.000000000000000000e+00
8.000000000000000000e+00 2.500000000000000000e+01 9.000000000000000000e+00 9.000000000000000000e+00
9.000000000000000000e+00 2.400000000000000000e+01 4.000000000000000000e+00 7.000000000000000000e+00
6.000000000000000000e+00 1.500000000000000000e+01 3.000000000000000000e+00 1.100000000000000000e+01
9.000000000000000000e+00 1.900000000000000000e+01 3.000000000000000000e+00 6.000000000000000000e+00
7.000000000000000000e+00 1.700000000000000000e+01 4.000000000000000000e+00 9.000000000000000000e+00
1.000000000000000000e+01 1.500000000000000000e+01 3.000000000000000000e+00 7.000000000000000000e+00
3.000000000000000000e+00 4.000000000000000000e+00 2.000000000000000000e+00 3.000000000000000000e+00
4.000000000000000000e+00 2.000000000000000000e+01 2.000000000000000000e+00 5.000000000000000000e+00
8.000000000000000000e+00 2.500000000000000000e+01 6.000000000000000000e+00 1.100000000000000000e+01
5.000000000000000000e+00 1.300000000000000000e+01 3.000000000000000000e+00 5.000000000000000000e+00
3.000000000000000000e+00 7.000000000000000000e+00 2.000000000000000000e+00 4.000000000000000000e+00
7.000000000000000000e+00 1.900000000000000000e+01 3.000000000000000000e+00 8.000000000000000000e+00
3.000000000000000000e+00 1.200000000000000000e+01 2.000000000000000000e+00 4.000000000000000000e+00
8.000000000000000000e+00 1.700000000000000000e+01 3.000000000000000000e+00 6.000000000000000000e+00
7.000000000000000000e+00 1.900000000000000000e+01 6.000000000000000000e+00 8.000000000000000000e+00
4.000000000000000000e+00 2.100000000000000000e+01 2.000000000000000000e+00 5.000000000000000000e+00
5.000000000000000000e+00 1.200000000000000000e+01 2.000000000000000000e+00 6.000000000000000000e+00
5.000000000000000000e+00 1.900000000000000000e+01 2.000000000000000000e+00 3.000000000000000000e+00
7.000000000000000000e+00 1.700000000000000000e+01 3.000000000000000000e+00 7.000000000000000000e+00
1.000000000000000000e+00 2.000000000000000000e+00 1.000000000000000000e+00 1.000000000000000000e+00
4.000000000000000000e+00 1.800000000000000000e+01 2.000000000000000000e+00 4.000000000000000000e+00
9.000000000000000000e+00 2.000000000000000000e+01 7.000000000000000000e+00 6.000000000000000000e+00
6.000000000000000000e+00 1.400000000000000000e+01 3.000000000000000000e+00 1.000000000000000000e+01
1.000000000000000000e+00 2.000000000000000000e+00 2.000000000000000000e+00 1.000000000000000000e+00
6.000000000000000000e+00 1.400000000000000000e+01 3.000000000000000000e+00 8.000000000000000000e+00
2.000000000000000000e+00 9.000000000000000000e+00 2.000000000000000000e+00 4.000000000000000000e+00
5.000000000000000000e+00 8.000000000000000000e+00 2.000000000000000000e+00 5.000000000000000000e+00
6.000000000000000000e+00 1.700000000000000000e+01 3.000000000000000000e+00 6.000000000000000000e+00
8.000000000000000000e+00 2.200000000000000000e+01 5.000000000000000000e+00 1.100000000000000000e+01
8.000000000000000000e+00 2.300000000000000000e+01 3.000000000000000000e+00 9.000000000000000000e+00
8.000000000000000000e+00 1.800000000000000000e+01 9.000000000000000000e+00 9.000000000000000000e+00
8.570000000000000000e+02 3.000000000000000000e+00 1.000000000000000000e+00 1.000000000000000000e+00
9.490000000000000000e+02 1.450000000000000000e+02 1.000000000000000000e+00 1.000000000000000000e+00
3.230000000000000000e+02 6.500000000000000000e+01 1.000000000000000000e+00 1.000000000000000000e+00
7.180000000000000000e+02 3.000000000000000000e+00 1.000000000000000000e+00 1.000000000000000000e+00
5.730000000000000000e+02 8.900000000000000000e+01 1.000000000000000000e+00 1.000000000000000000e+00
4.360000000000000000e+02 7.700000000000000000e+01 1.000000000000000000e+00 1.000000000000000000e+00
1.203000000000000000e+03 1.500000000000000000e+02 1.000000000000000000e+00 1.000000000000000000e+00
2.250000000000000000e+02 3.000000000000000000e+00 1.000000000000000000e+00 1.000000000000000000e+00
5.390000000000000000e+02 6.400000000000000000e+01 1.000000000000000000e+00 1.000000000000000000e+00
6.880000000000000000e+02 3.000000000000000000e+00 1.000000000000000000e+00 1.000000000000000000e+00
1.152000000000000000e+03 1.640000000000000000e+02 1.000000000000000000e+00 1.000000000000000000e+00
1.000000000000000000e+00 3.000000000000000000e+00 1.000000000000000000e+00 1.000000000000000000e+00
1.350000000000000000e+02 3.000000000000000000e+00 1.000000000000000000e+00 1.000000000000000000e+00
9.710000000000000000e+02 1.130000000000000000e+02 1.000000000000000000e+00 1.000000000000000000e+00
8.210000000000000000e+02 3.000000000000000000e+00 1.000000000000000000e+00 1.000000000000000000e+00
9.280000000000000000e+02 1.840000000000000000e+02 1.000000000000000000e+00 1.000000000000000000e+00
8.510000000000000000e+02 3.000000000000000000e+00 1.000000000000000000e+00 1.000000000000000000e+00
2.020000000000000000e+02 3.000000000000000000e+00 1.000000000000000000e+00 1.000000000000000000e+00
9.760000000000000000e+02 3.000000000000000000e+00 1.000000000000000000e+00 1.000000000000000000e+00
9.930000000000000000e+02 1.310000000000000000e+02 1.000000000000000000e+00 1.000000000000000000e+00
8.950000000000000000e+02 3.000000000000000000e+00 1.000000000000000000e+00 1.000000000000000000e+00
2.050000000000000000e+02 6.300000000000000000e+01 1.000000000000000000e+00 1.000000000000000000e+00
1.098000000000000000e+03 1.190000000000000000e+02 1.000000000000000000e+00 1.000000000000000000e+00
2.630000000000000000e+02 3.100000000000000000e+01 1.000000000000000000e+00 1.000000000000000000e+00
0.000000000000000000e+00 2.500000000000000000e+01 1.000000000000000000e+00 1.000000000000000000e+00
1.000000000000000000e+00 3.000000000000000000e+00 1.000000000000000000e+00 1.000000000000000000e+00
1.000000000000000000e+01 3.000000000000000000e+00 1.000000000000000000e+00 1.000000000000000000e+00
1.109000000000000000e+03 1.330000000000000000e+02 1.000000000000000000e+00 1.000000000000000000e+00
8.060000000000000000e+02 1.240000000000000000e+02 1.000000000000000000e+00 1.000000000000000000e+00
1.110000000000000000e+03 1.280000000000000000e+02 1.000000000000000000e+00 1.000000000000000000e+00
9.870000000000000000e+02 1.050000000000000000e+02 1.000000000000000000e+00 1.000000000000000000e+00
3.000000000000000000e+00 3.000000000000000000e+00 1.000000000000000000e+00 1.000000000000000000e+00
9.760000000000000000e+02 3.000000000000000000e+00 1.000000000000000000e+00 1.000000000000000000e+00
1.800000000000000000e+01 3.000000000000000000e+00 1.000000000000000000e+00 1.000000000000000000e+00
9.050000000000000000e+02 1.170000000000000000e+02 1.000000000000000000e+00 1.000000000000000000e+00
8.160000000000000000e+02 3.000000000000000000e+00 1.000000000000000000e+00 1.000000000000000000e+00
1.225000000000000000e+03 1.580000000000000000e+02 1.000000000000000000e+00 1.000000000000000000e+00
5.140000000000000000e+02 6.500000000000000000e+01 1.000000000000000000e+00 1.000000000000000000e+00
5.360000000000000000e+02 1.030000000000000000e+02 1.000000000000000000e+00 1.000000000000000000e+00
7.340000000000000000e+02 3.000000000000000000e+00 1.000000000000000000e+00 1.000000000000000000e+00
1.520000000000000000e+02 3.000000000000000000e+00 1.000000000000000000e+00 1.000000000000000000e+00
4.000000000000000000e+01 4.000000000000000000e+01 1.000000000000000000e+00 1.000000000000000000e+00
9.750000000000000000e+02 3.000000000000000000e+00 1.000000000000000000e+00 1.000000000000000000e+00
2.450000000000000000e+02 6.600000000000000000e+01 1.000000000000000000e+00 1.000000000000000000e+00
7.600000000000000000e+02 3.000000000000000000e+00 1.000000000000000000e+00 1.000000000000000000e+00
9.290000000000000000e+02 3.000000000000000000e+00 1.000000000000000000e+00 1.000000000000000000e+00
8.740000000000000000e+02 3.000000000000000000e+00 1.000000000000000000e+00 1.000000000000000000e+00
6.730000000000000000e+02 3.000000000000000000e+00 1.000000000000000000e+00 1.000000000000000000e+00
5.380000000000000000e+02 7.300000000000000000e+01 1.000000000000000000e+00 1.000000000000000000e+00
2.230000000000000000e+02 6.300000000000000000e+01 1.000000000000000000e+00 1.000000000000000000e+00
1.540000000000000000e+03 3.000000000000000000e+00 1.000000000000000000e+00 1.000000000000000000e+00
2.400000000000000000e+02 3.000000000000000000e+00 1.000000000000000000e+00 1.000000000000000000e+00
2.490000000000000000e+02 5.700000000000000000e+01 1.000000000000000000e+00 1.000000000000000000e+00
9.260000000000000000e+02 1.200000000000000000e+02 1.000000000000000000e+00 1.000000000000000000e+00
9.250000000000000000e+02 1.430000000000000000e+02 1.000000000000000000e+00 1.000000000000000000e+00
3.590000000000000000e+02 6.300000000000000000e+01 1.000000000000000000e+00 1.000000000000000000e+00
4.290000000000000000e+02 3.000000000000000000e+00 1.000000000000000000e+00 1.000000000000000000e+00
6.000000000000000000e+02 3.000000000000000000e+00 1.000000000000000000e+00 1.000000000000000000e+00
9.200000000000000000e+01 3.000000000000000000e+00 1.000000000000000000e+00 1.000000000000000000e+00
9.950000000000000000e+02 3.000000000000000000e+00 1.000000000000000000e+00 1.000000000000000000e+00
2.700000000000000000e+02 5.500000000000000000e+01 1.000000000000000000e+00 1.000000000000000000e+00
8.040000000000000000e+02 1.110000000000000000e+02 1.000000000000000000e+00 1.000000000000000000e+00
7.220000000000000000e+02 8.900000000000000000e+01 1.000000000000000000e+00 1.000000000000000000e+00
1.650000000000000000e+02 3.000000000000000000e+00 1.000000000000000000e+00 1.000000000000000000e+00
7.720000000000000000e+02 3.000000000000000000e+00 1.000000000000000000e+00 1.000000000000000000e+00
6.880000000000000000e+02 3.000000000000000000e+00 1.000000000000000000e+00 1.000000000000000000e+00
7.930000000000000000e+02 3.000000000000000000e+00 1.000000000000000000e+00 1.000000000000000000e+00
1.030000000000000000e+03 1.410000000000000000e+02 1.000000000000000000e+00 1.000000000000000000e+00
2.980000000000000000e+02 3.000000000000000000e+00 1.000000000000000000e+00 1.000000000000000000e+00
1.000000000000000000e+00 3.000000000000000000e+00 1.000000000000000000e+00 1.000000000000000000e+00
1.000000000000000000e+00 3.000000000000000000e+00 1.000000000000000000e+00 1.000000000000000000e+00
8.960000000000000000e+02 3.000000000000000000e+00 1.000000000000000000e+00 1.000000000000000000e+00
6.010000000000000000e+02 7.300000000000000000e+01 1.000000000000000000e+00 1.000000000000000000e+00
8.110000000000000000e+02 9.700000000000000000e+01 1.000000000000000000e+00 1.000000000000000000e+00
2.170000000000000000e+02 6.500000000000000000e+01 1.000000000000000000e+00 1.000000000000000000e+00
9.030000000000000000e+02 1.560000000000000000e+02 1.000000000000000000e+00 1.000000000000000000e+00
0.000000000000000000e+00 4.500000000000000000e+01 1.000000000000000000e+00 1.000000000000000000e+00
7.540000000000000000e+02 3.000000000000000000e+00 1.000000000000000000e+00 1.000000000000000000e+00
8.280000000000000000e+02 3.000000000000000000e+00 1.000000000000000000e+00 1.000000000000000000e+00
5.890000000000000000e+02 7.300000000000000000e+01 1.000000000000000000e+00 1.000000000000000000e+00
3.620000000000000000e+02 3.000000000000000000e+00 1.000000000000000000e+00 1.000000000000000000e+00
5.970000000000000000e+02 3.000000000000000000e+00 1.000000000000000000e+00 1.000000000000000000e+00
6.300000000000000000e+01 3.000000000000000000e+00 1.000000000000000000e+00 1.000000000000000000e+00
1.000000000000000000e+00 3.000000000000000000e+00 1.000000000000000000e+00 1.000000000000000000e+00
6.730000000000000000e+02 1.100000000000000000e+02 1.000000000000000000e+00 1.000000000000000000e+00
2.320000000000000000e+02 3.000000000000000000e+00 1.000000000000000000e+00 1.000000000000000000e+00
4.310000000000000000e+02 3.000000000000000000e+00 1.000000000000000000e+00 1.000000000000000000e+00
1.077000000000000000e+03 1.190000000000000000e+02 1.000000000000000000e+00 1.000000000000000000e+00
1.000000000000000000e+01 3.000000000000000000e+00 1.000000000000000000e+00 1.000000000000000000e+00
4.440000000000000000e+02 5.700000000000000000e+01 1.000000000000000000e+00 1.000000000000000000e+00
1.029000000000000000e+03 1.210000000000000000e+02 1.000000000000000000e+00 1.000000000000000000e+00
7.560000000000000000e+02 3.000000000000000000e+00 1.000000000000000000e+00 1.000000000000000000e+00
1.380000000000000000e+02 3.000000000000000000e+00 1.000000000000000000e+00 1.000000000000000000e+00
5.310000000000000000e+02 3.000000000000000000e+00 1.000000000000000000e+00 1.000000000000000000e+00
1.156000000000000000e+03 1.070000000000000000e+02 1.000000000000000000e+00 1.000000000000000000e+00
3.300000000000000000e+01 3.000000000000000000e+00 1.000000000000000000e+00 1.000000000000000000e+00
8.370000000000000000e+02 3.000000000000000000e+00 1.000000000000000000e+00 1.000000000000000000e+00
4.380000000000000000e+02 4.700000000000000000e+01 1.000000000000000000e+00 1.000000000000000000e+00
8.500000000000000000e+01 3.000000000000000000e+00 1.000000000000000000e+00 1.000000000000000000e+00
3.720000000000000000e+02 3.000000000000000000e+00 1.000000000000000000e+00 1.000000000000000000e+00
9.650000000000000000e+02 8.900000000000000000e+01 1.000000000000000000e+00 1.000000000000000000e+00
4.810000000000000000e+02 3.000000000000000000e+00 1.000000000000000000e+00 1.000000000000000000e+00
2.620000000000000000e+02 3.000000000000000000e+00 1.000000000000000000e+00 1.000000000000000000e+00
9.760000000000000000e+02 3.000000000000000000e+00 1.000000000000000000e+00 1.000000000000000000e+00
1.013000000000000000e+03 1.230000000000000000e+02 1.000000000000000000e+00 1.000000000000000000e+00
1.031000000000000000e+03 7.700000000000000000e+01 1.000000000000000000e+00 1.000000000000000000e+00
1.000000000000000000e+00 3.000000000000000000e+00 1.000000000000000000e+00 1.000000000000000000e+00
6.190000000000000000e+02 3.000000000000000000e+00 1.000000000000000000e+00 1.000000000000000000e+00
9.400000000000000000e+02 1.040000000000000000e+02 1.000000000000000000e+00 1.000000000000000000e+00
0.000000000000000000e+00 4.700000000000000000e+01 1.000000000000000000e+00 1.000000000000000000e+00
5.490000000000000000e+02 9.700000000000000000e+01 1.000000000000000000e+00 1.000000000000000000e+00
3.250000000000000000e+02 6.500000000000000000e+01 1.000000000000000000e+00 1.000000000000000000e+00
5.600000000000000000e+02 7.300000000000000000e+01 1.000000000000000000e+00 1.000000000000000000e+00
2.540000000000000000e+02 7.700000000000000000e+01 1.000000000000000000e+00 1.000000000000000000e+00
1.600000000000000000e+01 3.000000000000000000e+00 1.000000000000000000e+00 1.000000000000000000e+00
5.140000000000000000e+02 3.000000000000000000e+00 1.000000000000000000e+00 1.000000000000000000e+00
2.670000000000000000e+02 6.500000000000000000e+01 1.000000000000000000e+00 1.000000000000000000e+00
5.220000000000000000e+02 3.000000000000000000e+00 1.000000000000000000e+00 1.000000000000000000e+00
1.000000000000000000e+00 3.000000000000000000e+00 1.000000000000000000e+00 1.000000000000000000e+00
7.900000000000000000e+01 3.000000000000000000e+00 1.000000000000000000e+00 1.000000000000000000e+00
7.890000000000000000e+02 8.900000000000000000e+01 1.000000000000000000e+00 1.000000000000000000e+00
6.000000000000000000e+02 8.400000000000000000e+01 1.000000000000000000e+00 1.000000000000000000e+00
7.010000000000000000e+02 3.000000000000000000e+00 1.000000000000000000e+00 1.000000000000000000e+00
1.155000000000000000e+03 1.840000000000000000e+02 1.000000000000000000e+00 1.000000000000000000e+00
6.020000000000000000e+02 7.300000000000000000e+01 1.000000000000000000e+00 1.000000000000000000e+00
7.510000000000000000e+02 3.000000000000000000e+00 1.000000000000000000e+00 1.000000000000000000e+00
7.450000000000000000e+02 3.000000000000000000e+00 1.000000000000000000e+00 1.000000000000000000e+00
6.610000000000000000e+02 3.000000000000000000e+00 1.000000000000000000e+00 1.000000000000000000e+00
8.540000000000000000e+02 9.900000000000000000e+01 1.000000000000000000e+00 1.000000000000000000e+00
1.089000000000000000e+03 1.320000000000000000e+02 1.000000000000000000e+00 1.000000000000000000e+00
3.530000000000000000e+02 5.400000000000000000e+01 1.000000000000000000e+00 1.000000000000000000e+00
6.400000000000000000e+02 3.000000000000000000e+00 1.000000000000000000e+00 1.000000000000000000e+00
1.142000000000000000e+03 1.230000000000000000e+02 1.000000000000000000e+00 1.000000000000000000e+00
9.550000000000000000e+02 1.270000000000000000e+02 1.000000000000000000e+00 1.000000000000000000e+00
0.000000000000000000e+00 5.200000000000000000e+01 1.000000000000000000e+00 1.000000000000000000e+00
2.440000000000000000e+02 3.000000000000000000e+00 1.000000000000000000e+00 1.000000000000000000e+00
2.800000000000000000e+01 4.700000000000000000e+01 1.000000000000000000e+00 1.000000000000000000e+00
8.820000000000000000e+02 1.060000000000000000e+02 1.000000000000000000e+00 1.000000000000000000e+00
2.300000000000000000e+02 5.200000000000000000e+01 1.000000000000000000e+00 1.000000000000000000e+00
5.430000000000000000e+02 3.000000000000000000e+00 1.000000000000000000e+00 1.000000000000000000e+00
9.610000000000000000e+02 3.000000000000000000e+00 1.000000000000000000e+00 1.000000000000000000e+00
8.190000000000000000e+02 1.200000000000000000e+02 1.000000000000000000e+00 1.000000000000000000e+00
9.250000000000000000e+02 1.320000000000000000e+02 1.000000000000000000e+00 1.000000000000000000e+00
9.330000000000000000e+02 1.170000000000000000e+02 1.000000000000000000e+00 1.000000000000000000e+00
7.480000000000000000e+02 3.000000000000000000e+00 1.000000000000000000e+00 1.000000000000000000e+00
6.080000000000000000e+02 3.000000000000000000e+00 1.000000000000000000e+00 1.000000000000000000e+00
1.170000000000000000e+02 3.000000000000000000e+00 1.000000000000000000e+00 1.000000000000000000e+00
1.090000000000000000e+02 3.000000000000000000e+00 1.000000000000000000e+00 1.000000000000000000e+00
1.810000000000000000e+02 3.000000000000000000e+00 1.000000000000000000e+00 1.000000000000000000e+00
5.470000000000000000e+02 3.000000000000000000e+00 1.000000000000000000e+00 1.000000000000000000e+00
2.150000000000000000e+02 6.800000000000000000e+01 1.000000000000000000e+00 1.000000000000000000e+00
3.140000000000000000e+02 3.000000000000000000e+00 1.000000000000000000e+00 1.000000000000000000e+00
5.190000000000000000e+02 9.300000000000000000e+01 1.000000000000000000e+00 1.000000000000000000e+00
4.150000000000000000e+02 3.000000000000000000e+00 1.000000000000000000e+00 1.000000000000000000e+00
9.360000000000000000e+02 1.150000000000000000e+02 1.000000000000000000e+00 1.000000000000000000e+00
9.180000000000000000e+02 3.000000000000000000e+00 1.000000000000000000e+00 1.000000000000000000e+00
6.880000000000000000e+02 7.500000000000000000e+01 1.000000000000000000e+00 1.000000000000000000e+00
5.730000000000000000e+02 7.200000000000000000e+01 1.000000000000000000e+00 1.000000000000000000e+00
0.000000000000000000e+00 3.300000000000000000e+01 1.000000000000000000e+00 1.000000000000000000e+00
5.100000000000000000e+01 4.100000000000000000e+01 1.000000000000000000e+00 1.000000000000000000e+00
8.390000000000000000e+02 3.000000000000000000e+00 1.000000000000000000e+00 1.000000000000000000e+00
1.340000000000000000e+02 3.000000000000000000e+00 1.000000000000000000e+00 1.000000000000000000e+00
8.650000000000000000e+02 3.000000000000000000e+00 1.000000000000000000e+00 1.000000000000000000e+00
1.330000000000000000e+02 5.500000000000000000e+01 1.000000000000000000e+00 1.000000000000000000e+00
6.600000000000000000e+02 1.060000000000000000e+02 1.000000000000000000e+00 1.000000000000000000e+00
5.400000000000000000e+02 3.000000000000000000e+00 1.000000000000000000e+00 1.000000000000000000e+00
1.940000000000000000e+02 3.000000000000000000e+00 1.000000000000000000e+00 1.000000000000000000e+00
1.970000000000000000e+02 3.000000000000000000e+00 1.000000000000000000e+00 1.000000000000000000e+00
7.200000000000000000e+01 4.800000000000000000e+01 1.000000000000000000e+00 1.000000000000000000e+00
9.740000000000000000e+02 1.280000000000000000e+02 1.000000000000000000e+00 1.000000000000000000e+00
8.090000000000000000e+02 3.000000000000000000e+00 1.000000000000000000e+00 1.000000000000000000e+00
8.710000000000000000e+02 3.000000000000000000e+00 1.000000000000000000e+00 1.000000000000000000e+00
1.159000000000000000e+03 1.250000000000000000e+02 1.000000000000000000e+00 1.000000000000000000e+00
3.400000000000000000e+01 3.000000000000000000e+00 1.000000000000000000e+00 1.000000000000000000e+00
6.160000000000000000e+02 3.000000000000000000e+00 1.000000000000000000e+00 1.000000000000000000e+00
9.560000000000000000e+02 3.000000000000000000e+00 1.000000000000000000e+00 1.000000000000000000e+00
9.090000000000000000e+02 1.420000000000000000e+02 1.000000000000000000e+00 1.000000000000000000e+00
1.118000000000000000e+03 1.200000000000000000e+02 1.000000000000000000e+00 1.000000000000000000e+00
2.580000000000000000e+02 3.000000000000000000e+00 1.000000000000000000e+00 1.000000000000000000e+00
1.480000000000000000e+03 1.850000000000000000e+02 1.000000000000000000e+00 1.000000000000000000e+00
1.152000000000000000e+03 1.650000000000000000e+02 1.000000000000000000e+00 1.000000000000000000e+00
2.590000000000000000e+02 4.700000000000000000e+01 1.000000000000000000e+00 1.000000000000000000e+00
8.730000000000000000e+02 3.000000000000000000e+00 1.000000000000000000e+00 1.000000000000000000e+00
4.790000000000000000e+02 3.000000000000000000e+00 1.000000000000000000e+00 1.000000000000000000e+00
8.600000000000000000e+02 1.070000000000000000e+02 1.000000000000000000e+00 1.000000000000000000e+00
6.770000000000000000e+02 3.000000000000000000e+00 1.000000000000000000e+00 1.000000000000000000e+00
9.320000000000000000e+02 1.050000000000000000e+02 1.000000000000000000e+00 1.000000000000000000e+00
1.000000000000000000e+00 3.000000000000000000e+00 1.000000000000000000e+00 1.000000000000000000e+00
1.190000000000000000e+03 1.650000000000000000e+02 1.000000000000000000e+00 1.000000000000000000e+00
1.035000000000000000e+03 1.020000000000000000e+02 1.000000000000000000e+00 1.000000000000000000e+00
4.550000000000000000e+02 3.000000000000000000e+00 1.000000000000000000e+00 1.000000000000000000e+00
5.020000000000000000e+02 6.200000000000000000e+01 1.000000000000000000e+00 1.000000000000000000e+00
1.133000000000000000e+03 1.330000000000000000e+02 1.000000000000000000e+00 1.000000000000000000e+00
2.730000000000000000e+02 5.100000000000000000e+01 1.000000000000000000e+00 1.000000000000000000e+00
8.100000000000000000e+02 3.000000000000000000e+00 1.000000000000000000e+00 1.000000000000000000e+00
5.120000000000000000e+02 3.000000000000000000e+00 1.000000000000000000e+00 1.000000000000000000e+00
8.690000000000000000e+02 3.000000000000000000e+00 1.000000000000000000e+00 1.000000000000000000e+00
1.010000000000000000e+03 1.350000000000000000e+02 1.000000000000000000e+00 1.000000000000000000e+00
5.700000000000000000e+02 7.200000000000000000e+01 1.000000000000000000e+00 1.000000000000000000e+00
7.380000000000000000e+02 3.000000000000000000e+00 1.000000000000000000e+00 1.000000000000000000e+00
1.500000000000000000e+01 9.000000000000000000e+00 3.000000000000000000e+00 1.100000000000000000e+01
1.300000000000000000e+01 1.100000000000000000e+01 2.000000000000000000e+00 6.000000000000000000e+00
5.000000000000000000e+00 1.100000000000000000e+01 2.000000000000000000e+00 4.000000000000000000e+00
6.000000000000000000e+00 1.100000000000000000e+01 3.000000000000000000e+00 5.000000000000000000e+00
1.000000000000000000e+00 2.000000000000000000e+00 1.000000000000000000e+00 3.000000000000000000e+00
2.000000000000000000e+00 1.200000000000000000e+01 2.000000000000000000e+00 4.000000000000000000e+00
1.600000000000000000e+01 1.100000000000000000e+01 2.000000000000000000e+00 1.000000000000000000e+01
2.000000000000000000e+00 9.000000000000000000e+00 2.000000000000000000e+00 1.000000000000000000e+00
5.000000000000000000e+00 1.600000000000000000e+01 1.000000000000000000e+00 1.000000000000000000e+00
5.000000000000000000e+00 1.700000000000000000e+01 3.000000000000000000e+00 7.000000000000000000e+00
1.600000000000000000e+01 1.300000000000000000e+01 1.000000000000000000e+00 7.000000000000000000e+00
1.000000000000000000e+00 5.000000000000000000e+00 1.000000000000000000e+00 2.000000000000000000e+00
6.000000000000000000e+00 7.000000000000000000e+00 2.000000000000000000e+00 9.000000000000000000e+00
8.000000000000000000e+00 2.000000000000000000e+01 2.000000000000000000e+00 7.000000000000000000e+00
1.400000000000000000e+01 1.100000000000000000e+01 3.000000000000000000e+00 1.000000000000000000e+01
1.300000000000000000e+01 9.000000000000000000e+00 1.100000000000000000e+01 5.000000000000000000e+00
1.500000000000000000e+01 9.000000000000000000e+00 2.000000000000000000e+00 7.000000000000000000e+00
6.000000000000000000e+00 1.800000000000000000e+01 4.000000000000000000e+00 8.000000000000000000e+00
1.600000000000000000e+01 1.200000000000000000e+01 3.000000000000000000e+00 9.000000000000000000e+00
7.000000000000000000e+00 1.300000000000000000e+01 3.000000000000000000e+00 5.000000000000000000e+00
1.500000000000000000e+01 1.100000000000000000e+01 3.000000000000000000e+00 5.000000000000000000e+00
3.000000000000000000e+00 9.000000000000000000e+00 1.000000000000000000e+00 1.000000000000000000e+00
1.500000000000000000e+01 9.000000000000000000e+00 4.000000000000000000e+00 5.000000000000000000e+00
8.000000000000000000e+00 6.000000000000000000e+00 1.000000000000000000e+00 1.000000000000000000e+01
6.000000000000000000e+00 1.900000000000000000e+01 8.000000000000000000e+00 7.000000000000000000e+00
1.000000000000000000e+00 2.000000000000000000e+00 2.000000000000000000e+00 4.000000000000000000e+00
6.000000000000000000e+00 1.300000000000000000e+01 1.000000000000000000e+00 1.000000000000000000e+00
1.500000000000000000e+01 9.000000000000000000e+00 3.000000000000000000e+00 1.000000000000000000e+00
5.000000000000000000e+00 1.400000000000000000e+01 2.000000000000000000e+00 9.000000000000000000e+00
1.500000000000000000e+01 1.000000000000000000e+01 3.000000000000000000e+00 5.000000000000000000e+00
1.400000000000000000e+01 7.000000000000000000e+00 2.000000000000000000e+00 9.000000000000000000e+00
9.000000000000000000e+00 6.000000000000000000e+00 4.000000000000000000e+00 1.100000000000000000e+01
1.600000000000000000e+01 1.100000000000000000e+01 2.000000000000000000e+00 8.000000000000000000e+00
6.000000000000000000e+00 1.200000000000000000e+01 1.000000000000000000e+00 4.000000000000000000e+00
1.400000000000000000e+01 9.000000000000000000e+00 3.000000000000000000e+00 9.000000000000000000e+00
1.500000000000000000e+01 7.000000000000000000e+00 1.000000000000000000e+00 7.000000000000000000e+00
1.600000000000000000e+01 1.100000000000000000e+01 4.000000000000000000e+00 6.000000000000000000e+00
1.400000000000000000e+01 1.100000000000000000e+01 1.000000000000000000e+00 8.000000000000000000e+00
1.000000000000000000e+00 3.000000000000000000e+00 1.000000000000000000e+00 3.000000000000000000e+00
6.000000000000000000e+00 7.000000000000000000e+00 2.000000000000000000e+00 9.000000000000000000e+00
9.000000000000000000e+00 5.000000000000000000e+00 1.000000000000000000e+00 2.000000000000000000e+00
5.000000000000000000e+00 1.800000000000000000e+01 3.000000000000000000e+00 1.000000000000000000e+01
1.500000000000000000e+01 9.000000000000000000e+00 3.000000000000000000e+00 5.000000000000000000e+00
4.000000000000000000e+00 1.400000000000000000e+01 2.000000000000000000e+00 1.000000000000000000e+01
1.400000000000000000e+01 9.000000000000000000e+00 1.000000000000000000e+00 9.000000000000000000e+00
1.500000000000000000e+01 9.000000000000000000e+00 2.000000000000000000e+00 7.000000000000000000e+00
1.500000000000000000e+01 9.000000000000000000e+00 2.000000000000000000e+00 1.000000000000000000e+00
1.400000000000000000e+01 9.000000000000000000e+00 1.000000000000000000e+00 8.000000000000000000e+00
1.400000000000000000e+01 9.000000000000000000e+00 4.000000000000000000e+00 6.000000000000000000e+00
2.000000000000000000e+00 7.000000000000000000e+00 1.000000000000000000e+00 1.000000000000000000e+00
1.500000000000000000e+01 1.400000000000000000e+01 2.000000000000000000e+00 8.000000000000000000e+00
3.000000000000000000e+00 9.000000000000000000e+00 2.000000000000000000e+00 1.000000000000000000e+00
4.000000000000000000e+00 1.200000000000000000e+01 4.000000000000000000e+00 8.000000000000000000e+00
5.000000000000000000e+00 9.000000000000000000e+00 2.000000000000000000e+00 6.000000000000000000e+00
5.000000000000000000e+00 1.400000000000000000e+01 4.000000000000000000e+00 1.300000000000000000e+01
5.000000000000000000e+00 1.100000000000000000e+01 2.000000000000000000e+00 5.000000000000000000e+00
1.400000000000000000e+01 1.100000000000000000e+01 2.000000000000000000e+00 6.000000000000000000e+00
1.300000000000000000e+01 7.000000000000000000e+00 2.000000000000000000e+00 6.000000000000000000e+00
7.000000000000000000e+00 1.400000000000000000e+01 3.000000000000000000e+00 5.000000000000000000e+00
1.600000000000000000e+01 1.100000000000000000e+01 2.000000000000000000e+00 8.000000000000000000e+00
2.000000000000000000e+00 1.200000000000000000e+01 1.000000000000000000e+00 1.000000000000000000e+00
6.000000000000000000e+00 1.500000000000000000e+01 2.000000000000000000e+00 6.000000000000000000e+00
1.100000000000000000e+01 8.000000000000000000e+00 1.000000000000000000e+00 1.000000000000000000e+00
4.000000000000000000e+00 1.200000000000000000e+01 2.000000000000000000e+00 6.000000000000000000e+00
9.000000000000000000e+00 8.000000000000000000e+00 2.000000000000000000e+00 7.000000000000000000e+00
1.500000000000000000e+01 1.200000000000000000e+01 2.000000000000000000e+00 7.000000000000000000e+00
1.300000000000000000e+01 1.100000000000000000e+01 7.000000000000000000e+00 3.000000000000000000e+00
6.000000000000000000e+00 1.200000000000000000e+01 2.000000000000000000e+00 1.000000000000000000e+01
1.200000000000000000e+01 1.500000000000000000e+01 2.000000000000000000e+00 5.000000000000000000e+00
2.000000000000000000e+00 4.000000000000000000e+00 2.000000000000000000e+00 3.000000000000000000e+00
1.000000000000000000e+00 3.000000000000000000e+00 1.000000000000000000e+00 6.000000000000000000e+00
1.600000000000000000e+01 1.100000000000000000e+01 3.000000000000000000e+00 5.000000000000000000e+00
6.000000000000000000e+00 1.600000000000000000e+01 1.000000000000000000e+00 1.000000000000000000e+00
4.000000000000000000e+00 1.200000000000000000e+01 3.000000000000000000e+00 6.000000000000000000e+00
5.000000000000000000e+00 1.400000000000000000e+01 3.000000000000000000e+00 8.000000000000000000e+00
1.500000000000000000e+01 9.000000000000000000e+00 3.000000000000000000e+00 5.000000000000000000e+00
4.000000000000000000e+00 1.200000000000000000e+01 1.000000000000000000e+00 8.000000000000000000e+00
1.400000000000000000e+01 1.000000000000000000e+01 2.000000000000000000e+00 9.000000000000000000e+00
1.500000000000000000e+01 7.000000000000000000e+00 2.000000000000000000e+00 7.000000000000000000e+00
1.400000000000000000e+01 1.000000000000000000e+01 3.000000000000000000e+00 6.000000000000000000e+00
1.200000000000000000e+01 7.000000000000000000e+00 1.000000000000000000e+00 1.100000000000000000e+01
1.300000000000000000e+01 9.000000000000000000e+00 3.000000000000000000e+00 6.000000000000000000e+00
5.000000000000000000e+00 1.300000000000000000e+01 2.000000000000000000e+00 1.000000000000000000e+01
2.000000000000000000e+00 1.000000000000000000e+01 4.000000000000000000e+00 4.000000000000000000e+00
1.300000000000000000e+01 7.000000000000000000e+00 2.000000000000000000e+00 5.000000000000000000e+00
5.000000000000000000e+00 1.300000000000000000e+01 4.000000000000000000e+00 5.000000000000000000e+00
1.200000000000000000e+01 8.000000000000000000e+00 7.000000000000000000e+00 1.000000000000000000e+00
1.500000000000000000e+01 9.000000000000000000e+00 1.000000000000000000e+00 2.000000000000000000e+00
9.000000000000000000e+00 1.800000000000000000e+01 4.000000000000000000e+00 5.000000000000000000e+00
1.000000000000000000e+00 3.000000000000000000e+00 1.000000000000000000e+00 1.000000000000000000e+00
1.400000000000000000e+01 9.000000000000000000e+00 1.000000000000000000e+00 8.000000000000000000e+00
1.300000000000000000e+01 9.000000000000000000e+00 1.000000000000000000e+00 8.000000000000000000e+00
2.000000000000000000e+00 8.000000000000000000e+00 1.000000000000000000e+00 1.000000000000000000e+00
1.300000000000000000e+01 1.000000000000000000e+01 1.000000000000000000e+00 1.000000000000000000e+01
1.500000000000000000e+01 9.000000000000000000e+00 1.000000000000000000e+00 6.000000000000000000e+00
2.000000000000000000e+00 1.000000000000000000e+01 1.000000000000000000e+00 4.000000000000000000e+00
1.500000000000000000e+01 1.200000000000000000e+01 3.000000000000000000e+00 6.000000000000000000e+00
7.000000000000000000e+00 6.000000000000000000e+00 1.000000000000000000e+00 7.000000000000000000e+00
4.000000000000000000e+00 1.200000000000000000e+01 3.000000000000000000e+00 1.000000000000000000e+00
1.200000000000000000e+01 1.400000000000000000e+01 3.000000000000000000e+00 7.000000000000000000e+00
1.400000000000000000e+01 7.000000000000000000e+00 2.000000000000000000e+00 3.000000000000000000e+00
3.000000000000000000e+00 1.000000000000000000e+01 2.000000000000000000e+00 7.000000000000000000e+00
1.000000000000000000e+00 2.000000000000000000e+00 1.000000000000000000e+00 1.000000000000000000e+00
1.600000000000000000e+01 1.200000000000000000e+01 2.000000000000000000e+00 7.000000000000000000e+00
1.500000000000000000e+01 1.100000000000000000e+01 2.000000000000000000e+00 6.000000000000000000e+00
6.000000000000000000e+00 1.300000000000000000e+01 2.000000000000000000e+00 1.000000000000000000e+00
1.000000000000000000e+00 8.000000000000000000e+00 1.000000000000000000e+00 1.000000000000000000e+00
1.300000000000000000e+01 9.000000000000000000e+00 3.000000000000000000e+00 5.000000000000000000e+00
1.500000000000000000e+01 1.100000000000000000e+01 3.000000000000000000e+00 1.000000000000000000e+00
7.000000000000000000e+00 1.800000000000000000e+01 2.000000000000000000e+00 5.000000000000000000e+00
2.000000000000000000e+00 1.000000000000000000e+01 1.000000000000000000e+00 1.000000000000000000e+00
3.000000000000000000e+00 8.000000000000000000e+00 2.000000000000000000e+00 4.000000000000000000e+00
4.000000000000000000e+00 1.100000000000000000e+01 2.000000000000000000e+00 6.000000000000000000e+00
3.000000000000000000e+00 8.000000000000000000e+00 1.000000000000000000e+00 1.000000000000000000e+00
3.000000000000000000e+00 1.400000000000000000e+01 2.000000000000000000e+00 3.000000000000000000e+00
1.400000000000000000e+01 1.200000000000000000e+01 2.000000000000000000e+00 1.200000000000000000e+01
4.000000000000000000e+00 1.100000000000000000e+01 3.000000000000000000e+00 8.000000000000000000e+00
1.300000000000000000e+01 1.000000000000000000e+01 1.000000000000000000e+00 7.000000000000000000e+00
4.000000000000000000e+00 1.200000000000000000e+01 2.000000000000000000e+00 5.000000000000000000e+00
2.000000000000000000e+00 1.000000000000000000e+01 1.000000000000000000e+00 1.000000000000000000e+00
1.100000000000000000e+01 7.000000000000000000e+00 1.000000000000000000e+00 1.000000000000000000e+00
1.200000000000000000e+01 7.000000000000000000e+00 2.000000000000000000e+00 4.000000000000000000e+00
8.000000000000000000e+00 9.000000000000000000e+00 3.000000000000000000e+00 6.000000000000000000e+00
1.600000000000000000e+01 1.100000000000000000e+01 3.000000000000000000e+00 7.000000000000000000e+00
1.200000000000000000e+01 9.000000000000000000e+00 2.000000000000000000e+00 4.000000000000000000e+00
1.300000000000000000e+01 1.000000000000000000e+01 3.000000000000000000e+00 6.000000000000000000e+00
1.400000000000000000e+01 1.100000000000000000e+01 3.000000000000000000e+00 7.000000000000000000e+00
1.400000000000000000e+01 7.000000000000000000e+00 3.000000000000000000e+00 8.000000000000000000e+00
1.300000000000000000e+01 7.000000000000000000e+00 2.000000000000000000e+00 9.000000000000000000e+00
1.500000000000000000e+01 1.100000000000000000e+01 3.000000000000000000e+00 1.100000000000000000e+01
3.000000000000000000e+00 1.000000000000000000e+01 1.000000000000000000e+00 6.000000000000000000e+00
1.100000000000000000e+01 1.100000000000000000e+01 2.000000000000000000e+00 5.000000000000000000e+00
1.500000000000000000e+01 9.000000000000000000e+00 2.000000000000000000e+00 1.200000000000000000e+01
1.400000000000000000e+01 9.000000000000000000e+00 2.000000000000000000e+00 1.000000000000000000e+01
5.000000000000000000e+00 1.600000000000000000e+01 8.000000000000000000e+00 5.000000000000000000e+00
4.000000000000000000e+00 1.100000000000000000e+01 2.000000000000000000e+00 8.000000000000000000e+00
7.000000000000000000e+00 2.000000000000000000e+01 2.000000000000000000e+00 9.000000000000000000e+00
1.300000000000000000e+01 9.000000000000000000e+00 5.000000000000000000e+00 6.000000000000000000e+00
1.000000000000000000e+00 9.000000000000000000e+00 1.000000000000000000e+00 1.000000000000000000e+00
1.300000000000000000e+01 9.000000000000000000e+00 1.000000000000000000e+00 1.100000000000000000e+01
1.600000000000000000e+01 9.000000000000000000e+00 2.000000000000000000e+00 6.000000000000000000e+00
1.300000000000000000e+01 9.000000000000000000e+00 1.000000000000000000e+00 8.000000000000000000e+00
5.000000000000000000e+00 1.300000000000000000e+01 2.000000000000000000e+00 1.500000000000000000e+01
1.400000000000000000e+01 7.000000000000000000e+00 3.000000000000000000e+00 5.000000000000000000e+00
1.400000000000000000e+01 1.100000000000000000e+01 2.000000000000000000e+00 9.000000000000000000e+00
1.000000000000000000e+01 2.400000000000000000e+01 2.000000000000000000e+00 5.000000000000000000e+00
6.000000000000000000e+00 1.600000000000000000e+01 1.000000000000000000e+00 5.000000000000000000e+00
1.000000000000000000e+00 2.000000000000000000e+00 1.000000000000000000e+00 3.000000000000000000e+00
1.000000000000000000e+01 5.000000000000000000e+00 1.000000000000000000e+00 1.200000000000000000e+01
5.000000000000000000e+00 1.500000000000000000e+01 3.000000000000000000e+00 6.000000000000000000e+00
6.000000000000000000e+00 7.000000000000000000e+00 2.000000000000000000e+00 6.000000000000000000e+00
7.000000000000000000e+00 9.000000000000000000e+00 2.000000000000000000e+00 4.000000000000000000e+00
1.100000000000000000e+01 9.000000000000000000e+00 2.000000000000000000e+00 7.000000000000000000e+00
5.000000000000000000e+00 1.800000000000000000e+01 2.000000000000000000e+00 6.000000000000000000e+00
1.600000000000000000e+01 1.100000000000000000e+01 4.000000000000000000e+00 7.000000000000000000e+00
1.500000000000000000e+01 1.100000000000000000e+01 1.000000000000000000e+00 1.000000000000000000e+01
1.400000000000000000e+01 1.300000000000000000e+01 2.000000000000000000e+00 6.000000000000000000e+00
5.000000000000000000e+00 1.300000000000000000e+01 2.000000000000000000e+00 5.000000000000000000e+00
4.000000000000000000e+00 1.100000000000000000e+01 1.000000000000000000e+00 6.000000000000000000e+00
9.000000000000000000e+00 2.000000000000000000e+01 6.000000000000000000e+00 5.000000000000000000e+00
7.000000000000000000e+00 1.700000000000000000e+01 2.000000000000000000e+00 8.000000000000000000e+00
6.000000000000000000e+00 1.500000000000000000e+01 2.000000000000000000e+00 6.000000000000000000e+00
1.500000000000000000e+01 9.000000000000000000e+00 3.000000000000000000e+00 1.000000000000000000e+00
4.000000000000000000e+00 1.100000000000000000e+01 2.000000000000000000e+00 8.000000000000000000e+00
1.300000000000000000e+01 9.000000000000000000e+00 4.000000000000000000e+00 8.000000000000000000e+00
1.500000000000000000e+01 1.200000000000000000e+01 2.000000000000000000e+00 8.000000000000000000e+00
2.000000000000000000e+00 7.000000000000000000e+00 1.000000000000000000e+00 6.000000000000000000e+00
7.000000000000000000e+00 1.300000000000000000e+01 3.000000000000000000e+00 8.000000000000000000e+00
4.000000000000000000e+00 1.000000000000000000e+01 1.000000000000000000e+00 1.000000000000000000e+00
1.400000000000000000e+01 1.100000000000000000e+01 3.000000000000000000e+00 1.000000000000000000e+01
6.000000000000000000e+00 1.700000000000000000e+01 3.000000000000000000e+00 6.000000000000000000e+00
1.500000000000000000e+01 1.100000000000000000e+01 2.000000000000000000e+00 8.000000000000000000e+00
1.500000000000000000e+01 9.000000000000000000e+00 3.000000000000000000e+00 8.000000000000000000e+00
6.000000000000000000e+00 2.600000000000000000e+01 2.000000000000000000e+00 5.000000000000000000e+00
1.400000000000000000e+01 1.100000000000000000e+01 2.000000000000000000e+00 6.000000000000000000e+00
1.600000000000000000e+01 1.100000000000000000e+01 1.000000000000000000e+00 1.000000000000000000e+00
1.600000000000000000e+01 1.100000000000000000e+01 2.000000000000000000e+00 5.000000000000000000e+00
1.500000000000000000e+01 9.000000000000000000e+00 4.000000000000000000e+00 5.000000000000000000e+00
1.100000000000000000e+01 7.000000000000000000e+00 1.000000000000000000e+00 1.100000000000000000e+01
1.500000000000000000e+01 1.300000000000000000e+01 3.000000000000000000e+00 1.300000000000000000e+01
1.600000000000000000e+01 1.200000000000000000e+01 2.000000000000000000e+00 9.000000000000000000e+00
3.000000000000000000e+00 8.000000000000000000e+00 1.000000000000000000e+00 8.000000000000000000e+00
6.000000000000000000e+00 1.600000000000000000e+01 2.000000000000000000e+00 6.000000000000000000e+00
9.000000000000000000e+00 1.000000000000000000e+01 2.000000000000000000e+00 7.000000000000000000e+00
1.600000000000000000e+01 1.100000000000000000e+01 3.000000000000000000e+00 5.000000000000000000e+00
1.400000000000000000e+01 9.000000000000000000e+00 3.000000000000000000e+00 8.000000000000000000e+00
1.600000000000000000e+01 1.200000000000000000e+01 5.000000000000000000e+00 4.000000000000000000e+00
1.000000000000000000e+01 6.000000000000000000e+00 4.000000000000000000e+00 1.200000000000000000e+01
1.600000000000000000e+01 1.200000000000000000e+01 2.000000000000000000e+00 2.000000000000000000e+00
1.500000000000000000e+01 9.000000000000000000e+00 2.000000000000000000e+00 1.000000000000000000e+00
5.000000000000000000e+00 1.400000000000000000e+01 2.000000000000000000e+00 6.000000000000000000e+00
2.000000000000000000e+00 1.000000000000000000e+01 1.000000000000000000e+00 1.000000000000000000e+00
1.500000000000000000e+01 9.000000000000000000e+00 1.000000000000000000e+00 7.000000000000000000e+00
3.000000000000000000e+00 1.400000000000000000e+01 3.000000000000000000e+00 5.000000000000000000e+00
1.400000000000000000e+01 1.100000000000000000e+01 3.000000000000000000e+00 5.000000000000000000e+00
1.300000000000000000e+01 7.000000000000000000e+00 1.000000000000000000e+00 4.000000000000000000e+00
1.500000000000000000e+01 9.000000000000000000e+00 2.000000000000000000e+00 7.000000000000000000e+00
1.400000000000000000e+01 9.000000000000000000e+00 3.000000000000000000e+00 6.000000000000000000e+00
8.000000000000000000e+00 7.000000000000000000e+00 3.000000000000000000e+00 6.000000000000000000e+00
6.000000000000000000e+00 2.000000000000000000e+01 3.000000000000000000e+00 8.000000000000000000e+00
6.700000000000000000e+01 3.000000000000000000e+00 7.000000000000000000e+00 1.300000000000000000e+01
1.500000000000000000e+01 2.600000000000000000e+01 5.000000000000000000e+00 9.900000000000000000e+01
1.000000000000000000e+00 3.000000000000000000e+00 1.000000000000000000e+00 1.000000000000000000e+00
1.440000000000000000e+02 3.000000000000000000e+00 1.000000000000000000e+00 1.000000000000000000e+00
6.700000000000000000e+01 4.900000000000000000e+01 2.000000000000000000e+00 7.000000000000000000e+00
7.900000000000000000e+01 4.400000000000000000e+01 5.000000000000000000e+00 8.000000000000000000e+00
8.600000000000000000e+01 4.700000000000000000e+01 1.000000000000000000e+01 2.000000000000000000e+01
4.000000000000000000e+01 3.000000000000000000e+00 1.000000000000000000e+00 1.000000000000000000e+00
3.560000000000000000e+02 5.200000000000000000e+01 5.000000000000000000e+00 7.000000000000000000e+00
5.860000000000000000e+02 3.000000000000000000e+00 1.000000000000000000e+00 1.000000000000000000e+00
4.660000000000000000e+02 3.000000000000000000e+00 1.000000000000000000e+00 1.000000000000000000e+00
7.500000000000000000e+01 4.400000000000000000e+01 1.000000000000000000e+00 1.000000000000000000e+00
5.300000000000000000e+01 9.400000000000000000e+01 7.000000000000000000e+00 1.400000000000000000e+01
8.000000000000000000e+00 2.600000000000000000e+01 2.000000000000000000e+00 5.000000000000000000e+00
1.780000000000000000e+02 3.000000000000000000e+00 1.000000000000000000e+00 1.000000000000000000e+00
2.400000000000000000e+01 3.800000000000000000e+01 5.000000000000000000e+00 7.000000000000000000e+00
7.100000000000000000e+01 3.000000000000000000e+00 1.000000000000000000e+00 2.300000000000000000e+01
5.300000000000000000e+01 8.700000000000000000e+01 3.000000000000000000e+00 1.600000000000000000e+01
7.100000000000000000e+01 3.000000000000000000e+00 7.000000000000000000e+00 1.300000000000000000e+01
1.000000000000000000e+01 2.300000000000000000e+01 1.200000000000000000e+01 1.800000000000000000e+01
1.780000000000000000e+02 3.000000000000000000e+00 1.000000000000000000e+00 1.000000000000000000e+00
1.000000000000000000e+00 3.000000000000000000e+00 1.000000000000000000e+00 1.000000000000000000e+00
1.680000000000000000e+02 3.000000000000000000e+00 1.000000000000000000e+00 1.000000000000000000e+00
4.400000000000000000e+01 3.000000000000000000e+00 1.000000000000000000e+00 1.000000000000000000e+00
1.900000000000000000e+02 3.000000000000000000e+00 1.000000000000000000e+00 1.000000000000000000e+00
1.200000000000000000e+01 2.100000000000000000e+01 1.000000000000000000e+00 1.000000000000000000e+00
2.180000000000000000e+02 8.800000000000000000e+01 4.000000000000000000e+00 1.700000000000000000e+01
7.600000000000000000e+01 4.400000000000000000e+01 8.000000000000000000e+00 2.400000000000000000e+01
1.560000000000000000e+02 3.000000000000000000e+00 1.000000000000000000e+00 1.000000000000000000e+00
1.500000000000000000e+02 3.000000000000000000e+00 1.000000000000000000e+00 1.000000000000000000e+00
1.100000000000000000e+02 6.700000000000000000e+01 6.000000000000000000e+00 2.100000000000000000e+01
5.300000000000000000e+01 8.500000000000000000e+01 5.000000000000000000e+00 1.400000000000000000e+01
7.100000000000000000e+01 3.000000000000000000e+00 6.000000000000000000e+00 1.200000000000000000e+01
2.240000000000000000e+02 9.800000000000000000e+01 4.000000000000000000e+00 1.200000000000000000e+01
5.700000000000000000e+01 3.000000000000000000e+00 1.000000000000000000e+00 2.600000000000000000e+01
5.200000000000000000e+01 9.200000000000000000e+01 7.000000000000000000e+00 1.400000000000000000e+01
4.730000000000000000e+02 3.000000000000000000e+00 1.000000000000000000e+00 1.000000000000000000e+00
1.430000000000000000e+02 3.000000000000000000e+00 1.000000000000000000e+00 1.000000000000000000e+00
6.300000000000000000e+01 4.000000000000000000e+01 3.000000000000000000e+00 4.000000000000000000e+00
1.300000000000000000e+01 3.000000000000000000e+01 6.000000000000000000e+00 2.700000000000000000e+01
1.610000000000000000e+02 7.400000000000000000e+01 5.000000000000000000e+00 1.000000000000000000e+01
1.900000000000000000e+02 3.000000000000000000e+00 1.000000000000000000e+00 1.000000000000000000e+00
8.300000000000000000e+01 3.000000000000000000e+00 1.000000000000000000e+00 1.000000000000000000e+00
2.280000000000000000e+02 3.000000000000000000e+00 1.000000000000000000e+00 1.000000000000000000e+00
5.860000000000000000e+02 2.830000000000000000e+02 4.000000000000000000e+00 2.000000000000000000e+01
7.100000000000000000e+01 3.000000000000000000e+00 2.000000000000000000e+00 1.800000000000000000e+01
3.700000000000000000e+01 1.900000000000000000e+01 5.000000000000000000e+00 3.100000000000000000e+01
7.200000000000000000e+01 3.000000000000000000e+00 1.000000000000000000e+00 1.000000000000000000e+00
1.560000000000000000e+02 3.000000000000000000e+00 1.000000000000000000e+00 1.000000000000000000e+00
1.000000000000000000e+00 3.000000000000000000e+00 1.000000000000000000e+00 1.000000000000000000e+00
1.800000000000000000e+01 3.200000000000000000e+01 8.000000000000000000e+00 2.400000000000000000e+01
4.800000000000000000e+01 3.000000000000000000e+00 1.000000000000000000e+00 1.000000000000000000e+00
2.070000000000000000e+02 3.000000000000000000e+00 1.000000000000000000e+00 1.000000000000000000e+00
2.200000000000000000e+01 1.500000000000000000e+01 3.000000000000000000e+00 6.000000000000000000e+00
1.120000000000000000e+02 3.000000000000000000e+00 1.000000000000000000e+00 1.000000000000000000e+00
1.000000000000000000e+00 3.000000000000000000e+00 1.000000000000000000e+00 1.000000000000000000e+00
5.300000000000000000e+01 8.600000000000000000e+01 6.000000000000000000e+00 2.100000000000000000e+01
5.300000000000000000e+01 8.400000000000000000e+01 5.000000000000000000e+00 1.400000000000000000e+01
5.300000000000000000e+01 8.900000000000000000e+01 5.000000000000000000e+00 1.600000000000000000e+01
7.100000000000000000e+01 3.000000000000000000e+00 3.000000000000000000e+00 1.800000000000000000e+01
2.000000000000000000e+00 3.000000000000000000e+00 1.000000000000000000e+00 1.000000000000000000e+00
1.140000000000000000e+02 3.000000000000000000e+00 1.000000000000000000e+00 1.000000000000000000e+00
1.140000000000000000e+02 6.400000000000000000e+01 6.000000000000000000e+00 1.200000000000000000e+01
1.710000000000000000e+02 9.100000000000000000e+01 4.000000000000000000e+00 1.300000000000000000e+01
4.500000000000000000e+01 2.900000000000000000e+01 7.000000000000000000e+00 1.900000000000000000e+01
5.300000000000000000e+01 7.100000000000000000e+01 5.000000000000000000e+00 1.100000000000000000e+01
1.380000000000000000e+02 3.000000000000000000e+00 1.000000000000000000e+00 1.000000000000000000e+00
1.100000000000000000e+01 3.100000000000000000e+01 4.000000000000000000e+00 2.500000000000000000e+01
5.300000000000000000e+01 6.900000000000000000e+01 6.000000000000000000e+00 1.500000000000000000e+01
1.000000000000000000e+00 3.000000000000000000e+00 1.000000000000000000e+00 1.000000000000000000e+00
3.600000000000000000e+01 3.600000000000000000e+01 1.000000000000000000e+00 1.000000000000000000e+00
5.300000000000000000e+01 8.700000000000000000e+01 6.000000000000000000e+00 1.400000000000000000e+01
5.600000000000000000e+02 3.000000000000000000e+00 1.000000000000000000e+00 1.000000000000000000e+00
4.300000000000000000e+01 6.500000000000000000e+01 5.000000000000000000e+00 6.000000000000000000e+00
2.010000000000000000e+02 3.000000000000000000e+00 1.000000000000000000e+00 1.000000000000000000e+00
4.650000000000000000e+02 3.000000000000000000e+00 1.000000000000000000e+00 1.000000000000000000e+00
4.600000000000000000e+01 3.000000000000000000e+00 1.000000000000000000e+00 1.000000000000000000e+00
7.400000000000000000e+01 3.000000000000000000e+00 1.000000000000000000e+00 2.500000000000000000e+01
5.300000000000000000e+01 9.800000000000000000e+01 6.000000000000000000e+00 1.200000000000000000e+01
6.110000000000000000e+02 3.000000000000000000e+00 1.000000000000000000e+00 1.000000000000000000e+00
4.970000000000000000e+02 1.950000000000000000e+02 3.000000000000000000e+00 8.000000000000000000e+00
6.350000000000000000e+02 1.570000000000000000e+02 5.000000000000000000e+00 1.700000000000000000e+01
2.230000000000000000e+02 5.300000000000000000e+01 5.000000000000000000e+00 1.800000000000000000e+01
1.000000000000000000e+00 3.000000000000000000e+00 1.000000000000000000e+00 1.000000000000000000e+00
1.700000000000000000e+01 3.000000000000000000e+00 2.000000000000000000e+00 1.000000000000000000e+00
5.300000000000000000e+01 7.800000000000000000e+01 6.000000000000000000e+00 2.300000000000000000e+01
6.000000000000000000e+01 3.000000000000000000e+00 1.000000000000000000e+00 1.000000000000000000e+00
4.940000000000000000e+02 3.000000000000000000e+00 1.000000000000000000e+00 1.000000000000000000e+00
5.300000000000000000e+01 8.700000000000000000e+01 7.000000000000000000e+00 2.200000000000000000e+01
1.000000000000000000e+00 3.000000000000000000e+00 1.000000000000000000e+00 1.000000000000000000e+00
5.070000000000000000e+02 3.000000000000000000e+00 1.000000000000000000e+00 1.000000000000000000e+00
9.500000000000000000e+01 3.000000000000000000e+00 1.000000000000000000e+00 1.000000000000000000e+00
3.540000000000000000e+02 1.220000000000000000e+02 3.000000000000000000e+00 5.000000000000000000e+00
6.400000000000000000e+01 3.000000000000000000e+00 5.000000000000000000e+00 1.300000000000000000e+01
4.680000000000000000e+02 3.000000000000000000e+00 1.000000000000000000e+00 1.000000000000000000e+00
1.270000000000000000e+02 6.200000000000000000e+01 3.000000000000000000e+00 1.000000000000000000e+00
1.870000000000000000e+02 1.990000000000000000e+02 5.000000000000000000e+00 1.900000000000000000e+01
1.320000000000000000e+02 1.650000000000000000e+02 3.000000000000000000e+00 1.000000000000000000e+01
4.000000000000000000e+01 3.000000000000000000e+00 1.000000000000000000e+00 1.000000000000000000e+00
5.300000000000000000e+01 7.000000000000000000e+01 5.000000000000000000e+00 1.600000000000000000e+01
8.200000000000000000e+01 5.000000000000000000e+01 8.000000000000000000e+00 1.400000000000000000e+01
5.050000000000000000e+02 2.510000000000000000e+02 4.000000000000000000e+00 6.000000000000000000e+00
5.300000000000000000e+01 5.600000000000000000e+01 3.000000000000000000e+00 1.000000000000000000e+01
1.320000000000000000e+02 7.800000000000000000e+01 5.000000000000000000e+00 2.000000000000000000e+01
4.780000000000000000e+02 3.000000000000000000e+00 1.000000000000000000e+00 1.000000000000000000e+00
4.800000000000000000e+01 3.000000000000000000e+00 1.000000000000000000e+00 1.000000000000000000e+00
2.400000000000000000e+01 4.000000000000000000e+01 1.000000000000000000e+00 1.000000000000000000e+00
1.800000000000000000e+02 1.650000000000000000e+02 5.000000000000000000e+00 1.200000000000000000e+01
4.780000000000000000e+02 3.000000000000000000e+00 1.000000000000000000e+00 1.000000000000000000e+00
2.220000000000000000e+02 3.000000000000000000e+00 1.000000000000000000e+00 1.000000000000000000e+00
8.700000000000000000e+01 4.800000000000000000e+01 6.000000000000000000e+00 8.000000000000000000e+00
1.200000000000000000e+02 3.000000000000000000e+00 1.000000000000000000e+00 1.000000000000000000e+00
3.600000000000000000e+01 3.000000000000000000e+00 1.000000000000000000e+00 1.000000000000000000e+00
1.000000000000000000e+01 3.000000000000000000e+00 1.000000000000000000e+00 1.000000000000000000e+00
1.420000000000000000e+02 6.300000000000000000e+01 9.000000000000000000e+00 1.000000000000000000e+00
5.300000000000000000e+01 8.000000000000000000e+01 5.000000000000000000e+00 1.300000000000000000e+01
1.920000000000000000e+02 3.000000000000000000e+00 1.000000000000000000e+00 1.000000000000000000e+00
1.900000000000000000e+02 5.300000000000000000e+01 5.000000000000000000e+00 2.100000000000000000e+01
7.600000000000000000e+01 5.000000000000000000e+01 2.000000000000000000e+00 3.000000000000000000e+00
1.310000000000000000e+02 8.000000000000000000e+01 3.000000000000000000e+00 1.500000000000000000e+01
1.000000000000000000e+00 3.000000000000000000e+00 1.000000000000000000e+00 1.000000000000000000e+00
2.000000000000000000e+00 3.000000000000000000e+00 2.000000000000000000e+00 1.400000000000000000e+01
4.730000000000000000e+02 3.000000000000000000e+00 1.000000000000000000e+00 1.000000000000000000e+00
1.450000000000000000e+02 3.000000000000000000e+00 1.000000000000000000e+00 1.000000000000000000e+00
1.700000000000000000e+01 3.000000000000000000e+00 1.000000000000000000e+00 1.000000000000000000e+00
5.920000000000000000e+02 3.000000000000000000e+00 1.000000000000000000e+00 1.000000000000000000e+00
8.000000000000000000e+01 3.000000000000000000e+00 1.000000000000000000e+00 1.000000000000000000e+00
6.800000000000000000e+01 3.000000000000000000e+00 6.000000000000000000e+00 2.000000000000000000e+01
4.890000000000000000e+02 3.000000000000000000e+00 1.000000000000000000e+00 1.000000000000000000e+00
7.400000000000000000e+01 4.300000000000000000e+01 8.000000000000000000e+00 1.800000000000000000e+01
5.100000000000000000e+01 4.000000000000000000e+01 2.000000000000000000e+00 3.000000000000000000e+00
3.900000000000000000e+01 4.500000000000000000e+01 3.000000000000000000e+00 4.000000000000000000e+00
5.620000000000000000e+02 1.830000000000000000e+02 8.000000000000000000e+00 2.500000000000000000e+01
1.580000000000000000e+02 9.300000000000000000e+01 4.000000000000000000e+00 1.300000000000000000e+01
9.900000000000000000e+01 3.000000000000000000e+00 1.000000000000000000e+00 1.000000000000000000e+00
2.320000000000000000e+02 6.800000000000000000e+01 5.000000000000000000e+00 2.400000000000000000e+01
2.140000000000000000e+02 3.000000000000000000e+00 1.000000000000000000e+00 1.000000000000000000e+00
4.440000000000000000e+02 1.570000000000000000e+02 7.000000000000000000e+00 1.800000000000000000e+01
1.000000000000000000e+00 3.000000000000000000e+00 1.000000000000000000e+00 1.000000000000000000e+00
6.200000000000000000e+01 3.000000000000000000e+00 6.000000000000000000e+00 1.600000000000000000e+01
3.900000000000000000e+01 3.600000000000000000e+01 5.000000000000000000e+00 1.600000000000000000e+01
7.900000000000000000e+01 4.400000000000000000e+01 6.000000000000000000e+00 1.700000000000000000e+01
1.070000000000000000e+02 3.000000000000000000e+00 1.000000000000000000e+00 1.000000000000000000e+00
4.910000000000000000e+02 3.000000000000000000e+00 1.000000000000000000e+00 1.000000000000000000e+00
7.200000000000000000e+01 3.000000000000000000e+00 1.000000000000000000e+00 2.500000000000000000e+01
4.600000000000000000e+01 3.000000000000000000e+00 1.000000000000000000e+00 1.000000000000000000e+00
2.800000000000000000e+01 3.000000000000000000e+00 1.000000000000000000e+00 1.000000000000000000e+00
1.620000000000000000e+02 6.800000000000000000e+01 1.000000000000000000e+00 1.700000000000000000e+01
4.000000000000000000e+01 3.000000000000000000e+00 1.000000000000000000e+00 5.000000000000000000e+00
8.000000000000000000e+00 4.000000000000000000e+01 3.000000000000000000e+00 1.200000000000000000e+01
2.270000000000000000e+02 3.000000000000000000e+00 1.000000000000000000e+00 1.000000000000000000e+00
1.450000000000000000e+02 9.400000000000000000e+01 6.000000000000000000e+00 1.000000000000000000e+00
1.000000000000000000e+00 3.000000000000000000e+00 1.000000000000000000e+00 1.000000000000000000e+00
1.110000000000000000e+02 3.000000000000000000e+00 1.000000000000000000e+00 1.000000000000000000e+00
4.610000000000000000e+02 3.000000000000000000e+00 1.000000000000000000e+00 1.000000000000000000e+00
4.930000000000000000e+02 1.070000000000000000e+02 5.000000000000000000e+00 1.900000000000000000e+01
5.700000000000000000e+02 3.000000000000000000e+00 1.000000000000000000e+00 1.000000000000000000e+00
5.500000000000000000e+01 3.000000000000000000e+00 1.000000000000000000e+00 1.000000000000000000e+00
2.100000000000000000e+01 3.000000000000000000e+00 1.000000000000000000e+00 1.000000000000000000e+00
2.110000000000000000e+02 3.000000000000000000e+00 1.000000000000000000e+00 1.000000000000000000e+00
4.800000000000000000e+01 3.000000000000000000e+00 1.000000000000000000e+00 1.000000000000000000e+00
5.300000000000000000e+01 9.000000000000000000e+01 3.000000000000000000e+00 2.100000000000000000e+01
6.900000000000000000e+01 3.000000000000000000e+00 9.000000000000000000e+00 1.700000000000000000e+01
1.300000000000000000e+02 3.000000000000000000e+00 1.000000000000000000e+00 1.000000000000000000e+00
3.700000000000000000e+01 3.000000000000000000e+00 1.000000000000000000e+00 2.000000000000000000e+01
5.300000000000000000e+01 9.000000000000000000e+01 6.000000000000000000e+00 1.800000000000000000e+01
6.800000000000000000e+01 6.400000000000000000e+01 3.000000000000000000e+00 5.000000000000000000e+00
5.300000000000000000e+01 5.900000000000000000e+01 4.000000000000000000e+00 2.200000000000000000e+01
7.000000000000000000e+00 3.000000000000000000e+00 1.000000000000000000e+00 1.000000000000000000e+00
1.850000000000000000e+02 2.130000000000000000e+02 6.000000000000000000e+00 1.200000000000000000e+01
1.200000000000000000e+01 2.100000000000000000e+01 3.000000000000000000e+00 1.100000000000000000e+01
5.830000000000000000e+02 2.490000000000000000e+02 5.000000000000000000e+00 1.600000000000000000e+01
2.760000000000000000e+02 5.300000000000000000e+01 9.000000000000000000e+00 1.700000000000000000e+01
5.300000000000000000e+01 7.900000000000000000e+01 2.000000000000000000e+00 1.900000000000000000e+01
5.300000000000000000e+01 9.400000000000000000e+01 6.000000000000000000e+00 1.700000000000000000e+01
7.100000000000000000e+01 3.000000000000000000e+00 5.000000000000000000e+00 1.500000000000000000e+01
6.900000000000000000e+01 3.000000000000000000e+00 1.000000000000000000e+00 2.800000000000000000e+01
1.800000000000000000e+02 1.570000000000000000e+02 5.000000000000000000e+00 2.500000000000000000e+01
4.700000000000000000e+01 7.500000000000000000e+01 5.000000000000000000e+00 1.200000000000000000e+01
3.500000000000000000e+01 3.000000000000000000e+00 1.000000000000000000e+00 1.000000000000000000e+00
8.200000000000000000e+01 5.100000000000000000e+01 1.000000000000000000e+01 1.800000000000000000e+01
7.000000000000000000e+00 3.000000000000000000e+00 1.000000000000000000e+00 1.000000000000000000e+00
9.000000000000000000e+00 1.200000000000000000e+01 9.000000000000000000e+00 1.300000000000000000e+01
1.120000000000000000e+02 8.500000000000000000e+01 3.000000000000000000e+00 1.200000000000000000e+01
4.900000000000000000e+01 3.000000000000000000e+00 1.000000000000000000e+00 2.400000000000000000e+01
7.200000000000000000e+01 3.000000000000000000e+00 1.000000000000000000e+00 1.000000000000000000e+00
7.300000000000000000e+01 3.000000000000000000e+00 1.000000000000000000e+00 2.900000000000000000e+01
2.150000000000000000e+02 6.500000000000000000e+01 5.000000000000000000e+00 1.500000000000000000e+01
4.750000000000000000e+02 3.000000000000000000e+00 1.000000000000000000e+00 1.000000000000000000e+00
3.000000000000000000e+00 3.000000000000000000e+00 9.000000000000000000e+00 1.700000000000000000e+01
4.200000000000000000e+01 7.400000000000000000e+01 3.000000000000000000e+00 1.700000000000000000e+01
7.900000000000000000e+01 4.500000000000000000e+01 4.000000000000000000e+00 1.000000000000000000e+00
4.860000000000000000e+02 3.000000000000000000e+00 1.000000000000000000e+00 1.000000000000000000e+00
5.900000000000000000e+01 3.700000000000000000e+01 2.000000000000000000e+00 6.000000000000000000e+00
2.020000000000000000e+02 3.000000000000000000e+00 1.000000000000000000e+00 1.000000000000000000e+00
6.000000000000000000e+01 3.000000000000000000e+00 3.000000000000000000e+00 2.100000000000000000e+01
3.960000000000000000e+02 1.610000000000000000e+02 6.000000000000000000e+00 1.700000000000000000e+01
4.200000000000000000e+01 5.000000000000000000e+01 5.000000000000000000e+00 1.500000000000000000e+01
4.100000000000000000e+01 1.900000000000000000e+01 7.000000000000000000e+00 2.000000000000000000e+01
2.500000000000000000e+01 2.700000000000000000e+01 6.000000000000000000e+00 1.600000000000000000e+01
6.940000000000000000e+02 1.750000000000000000e+02 4.000000000000000000e+00 1.000000000000000000e+01
2.600000000000000000e+01 1.800000000000000000e+01 4.000000000000000000e+00 7.000000000000000000e+00
2.580000000000000000e+02 4.900000000000000000e+01 2.000000000000000000e+00 4.000000000000000000e+00
3.920000000000000000e+02 3.000000000000000000e+00 1.000000000000000000e+00 1.000000000000000000e+00
4.080000000000000000e+02 2.470000000000000000e+02 6.000000000000000000e+00 7.000000000000000000e+00
2.890000000000000000e+02 9.400000000000000000e+01 5.000000000000000000e+00 7.000000000000000000e+00
3.490000000000000000e+02 1.060000000000000000e+02 8.000000000000000000e+00 2.000000000000000000e+01
9.700000000000000000e+01 2.300000000000000000e+01 2.000000000000000000e+00 3.000000000000000000e+00
1.030000000000000000e+02 4.300000000000000000e+01 4.000000000000000000e+00 7.000000000000000000e+00
2.000000000000000000e+00 3.000000000000000000e+00 1.000000000000000000e+00 1.000000000000000000e+00
5.770000000000000000e+02 3.000000000000000000e+00 1.000000000000000000e+00 1.000000000000000000e+00
3.450000000000000000e+02 9.300000000000000000e+01 3.000000000000000000e+00 6.000000000000000000e+00
6.480000000000000000e+02 2.100000000000000000e+02 6.000000000000000000e+00 1.900000000000000000e+01
1.500000000000000000e+01 2.100000000000000000e+01 3.000000000000000000e+00 9.000000000000000000e+00
3.480000000000000000e+02 3.000000000000000000e+00 1.000000000000000000e+00 1.000000000000000000e+00
4.600000000000000000e+01 2.700000000000000000e+01 7.000000000000000000e+00 1.400000000000000000e+01
4.390000000000000000e+02 8.500000000000000000e+01 3.000000000000000000e+00 4.000000000000000000e+00
6.610000000000000000e+02 2.870000000000000000e+02 5.000000000000000000e+00 1.500000000000000000e+01
8.240000000000000000e+02 1.810000000000000000e+02 4.000000000000000000e+00 1.400000000000000000e+01
6.000000000000000000e+00 1.900000000000000000e+01 4.000000000000000000e+00 1.300000000000000000e+01
3.600000000000000000e+02 3.000000000000000000e+00 1.000000000000000000e+00 1.000000000000000000e+00
1.490000000000000000e+02 4.100000000000000000e+01 2.000000000000000000e+00 6.000000000000000000e+00
8.000000000000000000e+00 3.000000000000000000e+00 1.000000000000000000e+00 1.000000000000000000e+00
2.000000000000000000e+00 3.000000000000000000e+00 1.000000000000000000e+00 1.000000000000000000e+00
1.000000000000000000e+00 3.000000000000000000e+00 1.000000000000000000e+00 1.000000000000000000e+00
4.080000000000000000e+02 1.290000000000000000e+02 3.000000000000000000e+00 1.000000000000000000e+01
3.840000000000000000e+02 1.450000000000000000e+02 3.000000000000000000e+00 1.100000000000000000e+01
4.410000000000000000e+02 1.190000000000000000e+02 5.000000000000000000e+00 1.600000000000000000e+01
2.000000000000000000e+00 3.000000000000000000e+00 1.000000000000000000e+00 1.000000000000000000e+00
1.070000000000000000e+02 3.000000000000000000e+00 1.000000000000000000e+00 1.000000000000000000e+00
2.350000000000000000e+02 1.170000000000000000e+02 8.000000000000000000e+00 2.100000000000000000e+01
6.790000000000000000e+02 2.400000000000000000e+02 8.000000000000000000e+00 1.800000000000000000e+01
8.690000000000000000e+02 2.100000000000000000e+02 3.000000000000000000e+00 1.100000000000000000e+01
3.990000000000000000e+02 1.180000000000000000e+02 3.000000000000000000e+00 1.300000000000000000e+01
3.490000000000000000e+02 6.700000000000000000e+01 1.600000000000000000e+01 2.500000000000000000e+01
7.770000000000000000e+02 1.590000000000000000e+02 4.000000000000000000e+00 1.300000000000000000e+01
5.450000000000000000e+02 3.000000000000000000e+00 1.000000000000000000e+00 1.000000000000000000e+00
1.000000000000000000e+00 3.000000000000000000e+00 1.100000000000000000e+01 1.000000000000000000e+00
4.270000000000000000e+02 1.430000000000000000e+02 4.000000000000000000e+00 8.000000000000000000e+00
1.900000000000000000e+01 1.300000000000000000e+01 3.000000000000000000e+00 8.000000000000000000e+00
3.240000000000000000e+02 8.100000000000000000e+01 2.000000000000000000e+00 5.000000000000000000e+00
1.000000000000000000e+00 3.000000000000000000e+00 3.000000000000000000e+00 5.000000000000000000e+00
1.280000000000000000e+02 3.000000000000000000e+00 3.000000000000000000e+00 1.000000000000000000e+00
1.000000000000000000e+00 3.000000000000000000e+00 3.000000000000000000e+00 2.200000000000000000e+01
1.260000000000000000e+02 9.400000000000000000e+01 5.000000000000000000e+00 1.400000000000000000e+01
5.000000000000000000e+02 9.100000000000000000e+01 4.000000000000000000e+00 7.000000000000000000e+00
1.000000000000000000e+01 1.800000000000000000e+01 4.000000000000000000e+00 1.400000000000000000e+01
3.460000000000000000e+02 5.300000000000000000e+01 3.000000000000000000e+00 4.000000000000000000e+00
3.000000000000000000e+00 3.000000000000000000e+00 1.000000000000000000e+00 1.000000000000000000e+00
2.870000000000000000e+02 4.500000000000000000e+01 3.000000000000000000e+00 9.000000000000000000e+00
1.300000000000000000e+01 1.500000000000000000e+01 4.000000000000000000e+00 1.100000000000000000e+01
1.130000000000000000e+02 2.300000000000000000e+01 2.000000000000000000e+00 3.000000000000000000e+00
1.000000000000000000e+00 3.000000000000000000e+00 1.000000000000000000e+00 1.000000000000000000e+00
3.500000000000000000e+01 1.800000000000000000e+01 4.000000000000000000e+00 8.000000000000000000e+00
3.780000000000000000e+02 3.000000000000000000e+00 1.000000000000000000e+00 1.000000000000000000e+00
2.420000000000000000e+02 3.900000000000000000e+01 6.000000000000000000e+00 4.000000000000000000e+00
6.630000000000000000e+02 2.050000000000000000e+02 5.000000000000000000e+00 1.600000000000000000e+01
6.850000000000000000e+02 2.310000000000000000e+02 3.000000000000000000e+00 1.200000000000000000e+01
6.750000000000000000e+02 5.430000000000000000e+02 4.000000000000000000e+00 1.800000000000000000e+01
5.440000000000000000e+02 9.100000000000000000e+01 4.000000000000000000e+00 4.000000000000000000e+00
3.440000000000000000e+02 7.300000000000000000e+01 8.000000000000000000e+00 1.900000000000000000e+01
2.000000000000000000e+00 3.000000000000000000e+00 1.000000000000000000e+00 1.000000000000000000e+00
2.470000000000000000e+02 1.360000000000000000e+02 6.000000000000000000e+00 1.800000000000000000e+01
5.040000000000000000e+02 1.470000000000000000e+02 3.000000000000000000e+00 1.500000000000000000e+01
1.300000000000000000e+01 1.900000000000000000e+01 8.000000000000000000e+00 1.100000000000000000e+01
7.280000000000000000e+02 1.980000000000000000e+02 4.000000000000000000e+00 9.000000000000000000e+00
3.720000000000000000e+02 3.000000000000000000e+00 1.000000000000000000e+00 1.000000000000000000e+00
1.300000000000000000e+01 1.500000000000000000e+01 5.000000000000000000e+00 9.000000000000000000e+00
6.590000000000000000e+02 1.590000000000000000e+02 8.000000000000000000e+00 2.000000000000000000e+01
3.990000000000000000e+02 1.050000000000000000e+02 3.000000000000000000e+00 7.000000000000000000e+00
3.990000000000000000e+02 1.070000000000000000e+02 4.000000000000000000e+00 8.000000000000000000e+00
8.680000000000000000e+02 2.130000000000000000e+02 4.000000000000000000e+00 1.300000000000000000e+01
2.000000000000000000e+00 3.000000000000000000e+00 1.000000000000000000e+00 1.000000000000000000e+00
3.600000000000000000e+01 4.400000000000000000e+01 4.000000000000000000e+00 7.000000000000000000e+00
3.000000000000000000e+00 3.000000000000000000e+00 1.000000000000000000e+00 1.000000000000000000e+00
7.010000000000000000e+02 3.000000000000000000e+00 1.000000000000000000e+00 1.000000000000000000e+00
2.750000000000000000e+02 5.100000000000000000e+01 6.000000000000000000e+00 1.800000000000000000e+01
3.750000000000000000e+02 7.500000000000000000e+01 3.000000000000000000e+00 4.000000000000000000e+00
8.120000000000000000e+02 1.790000000000000000e+02 4.000000000000000000e+00 5.000000000000000000e+00
1.000000000000000000e+00 3.000000000000000000e+00 1.000000000000000000e+00 1.000000000000000000e+00
1.180000000000000000e+02 6.400000000000000000e+01 4.000000000000000000e+00 1.600000000000000000e+01
3.200000000000000000e+01 3.730000000000000000e+02 5.000000000000000000e+00 1.400000000000000000e+01
5.100000000000000000e+02 1.370000000000000000e+02 4.000000000000000000e+00 1.100000000000000000e+01
3.390000000000000000e+02 6.500000000000000000e+01 3.000000000000000000e+00 6.000000000000000000e+00
3.570000000000000000e+02 7.300000000000000000e+01 5.000000000000000000e+00 1.900000000000000000e+01
7.060000000000000000e+02 2.000000000000000000e+02 5.000000000000000000e+00 1.700000000000000000e+01
2.610000000000000000e+02 4.700000000000000000e+01 2.000000000000000000e+00 4.000000000000000000e+00
6.060000000000000000e+02 3.000000000000000000e+00 1.000000000000000000e+00 1.000000000000000000e+00
6.990000000000000000e+02 6.310000000000000000e+02 5.000000000000000000e+00 3.000000000000000000e+01
3.250000000000000000e+02 5.700000000000000000e+01 3.000000000000000000e+00 4.000000000000000000e+00
2.000000000000000000e+00 3.000000000000000000e+00 1.000000000000000000e+00 1.000000000000000000e+00
2.000000000000000000e+00 3.000000000000000000e+00 1.000000000000000000e+00 1.000000000000000000e+00
1.100000000000000000e+02 1.350000000000000000e+02 3.000000000000000000e+00 5.000000000000000000e+00
4.690000000000000000e+02 1.010000000000000000e+02 3.000000000000000000e+00 5.000000000000000000e+00
5.460000000000000000e+02 3.000000000000000000e+00 1.000000000000000000e+00 1.000000000000000000e+00
1.940000000000000000e+02 1.740000000000000000e+02 2.000000000000000000e+00 5.000000000000000000e+00
2.810000000000000000e+02 1.420000000000000000e+02 4.000000000000000000e+00 1.400000000000000000e+01
3.900000000000000000e+01 4.500000000000000000e+01 4.000000000000000000e+00 9.000000000000000000e+00
8.000000000000000000e+00 9.000000000000000000e+00 5.000000000000000000e+00 3.000000000000000000e+00
6.930000000000000000e+02 1.880000000000000000e+02 3.000000000000000000e+00 8.000000000000000000e+00
3.650000000000000000e+02 1.150000000000000000e+02 8.000000000000000000e+00 1.800000000000000000e+01
1.350000000000000000e+02 2.240000000000000000e+02 4.000000000000000000e+00 7.000000000000000000e+00
2.070000000000000000e+02 3.080000000000000000e+02 2.000000000000000000e+00 1.500000000000000000e+01
3.600000000000000000e+01 4.200000000000000000e+01 5.000000000000000000e+00 1.400000000000000000e+01
6.290000000000000000e+02 3.000000000000000000e+00 1.000000000000000000e+00 1.000000000000000000e+00
2.000000000000000000e+00 3.000000000000000000e+00 1.000000000000000000e+00 1.000000000000000000e+00
1.970000000000000000e+02 4.530000000000000000e+02 3.000000000000000000e+00 7.000000000000000000e+00
2.840000000000000000e+02 1.680000000000000000e+02 5.000000000000000000e+00 1.600000000000000000e+01
7.060000000000000000e+02 3.000000000000000000e+00 1.000000000000000000e+00 1.000000000000000000e+00
1.000000000000000000e+00 3.000000000000000000e+00 1.000000000000000000e+00 1.000000000000000000e+00
2.940000000000000000e+02 1.070000000000000000e+02 6.000000000000000000e+00 1.200000000000000000e+01
2.370000000000000000e+02 4.300000000000000000e+01 2.000000000000000000e+00 2.800000000000000000e+01
2.000000000000000000e+00 3.000000000000000000e+00 1.000000000000000000e+00 1.000000000000000000e+00
1.000000000000000000e+00 3.000000000000000000e+00 3.000000000000000000e+00 1.000000000000000000e+00
4.050000000000000000e+02 9.000000000000000000e+01 3.000000000000000000e+00 6.000000000000000000e+00
7.680000000000000000e+02 2.290000000000000000e+02 2.000000000000000000e+00 5.000000000000000000e+00
1.000000000000000000e+00 3.000000000000000000e+00 1.000000000000000000e+00 1.000000000000000000e+00
3.320000000000000000e+02 1.260000000000000000e+02 5.000000000000000000e+00 7.000000000000000000e+00
3.120000000000000000e+02 8.200000000000000000e+01 2.000000000000000000e+00 8.000000000000000000e+00
2.580000000000000000e+02 1.010000000000000000e+02 3.000000000000000000e+00 9.000000000000000000e+00
2.000000000000000000e+00 3.000000000000000000e+00 1.000000000000000000e+00 1.000000000000000000e+00
3.800000000000000000e+02 7.700000000000000000e+01 6.000000000000000000e+00 1.700000000000000000e+01
2.000000000000000000e+00 3.000000000000000000e+00 1.000000000000000000e+00 1.000000000000000000e+00
1.930000000000000000e+02 3.000000000000000000e+00 1.000000000000000000e+00 1.000000000000000000e+00
3.120000000000000000e+02 5.300000000000000000e+01 5.000000000000000000e+00 1.700000000000000000e+01
3.000000000000000000e+02 3.000000000000000000e+00 1.000000000000000000e+00 1.000000000000000000e+00
3.290000000000000000e+02 5.300000000000000000e+01 2.000000000000000000e+00 3.000000000000000000e+00
5.460000000000000000e+02 1.200000000000000000e+02 3.000000000000000000e+00 7.000000000000000000e+00
5.310000000000000000e+02 3.000000000000000000e+00 1.000000000000000000e+00 1.000000000000000000e+00
4.290000000000000000e+02 1.050000000000000000e+02 8.000000000000000000e+00 1.800000000000000000e+01
4.350000000000000000e+02 1.410000000000000000e+02 5.000000000000000000e+00 1.200000000000000000e+01
2.000000000000000000e+01 3.800000000000000000e+01 3.000000000000000000e+00 1.300000000000000000e+01
1.330000000000000000e+02 1.000000000000000000e+02 6.000000000000000000e+00 1.300000000000000000e+01
3.300000000000000000e+01 8.800000000000000000e+01 6.000000000000000000e+00 1.500000000000000000e+01
1.000000000000000000e+00 3.000000000000000000e+00 3.000000000000000000e+00 1.500000000000000000e+01
5.300000000000000000e+02 4.250000000000000000e+02 4.000000000000000000e+00 1.600000000000000000e+01
3.000000000000000000e+00 3.000000000000000000e+00 1.000000000000000000e+00 1.000000000000000000e+00
9.800000000000000000e+01 9.900000000000000000e+01 6.000000000000000000e+00 1.400000000000000000e+01
3.240000000000000000e+02 7.700000000000000000e+01 3.000000000000000000e+00 5.000000000000000000e+00
4.800000000000000000e+02 1.090000000000000000e+02 3.000000000000000000e+00 5.000000000000000000e+00
2.000000000000000000e+01 2.100000000000000000e+01 4.000000000000000000e+00 1.100000000000000000e+01
4.060000000000000000e+02 1.610000000000000000e+02 8.000000000000000000e+00 2.000000000000000000e+01
3.710000000000000000e+02 3.000000000000000000e+00 1.000000000000000000e+00 1.000000000000000000e+00
5.750000000000000000e+02 3.000000000000000000e+00 1.000000000000000000e+00 1.000000000000000000e+00
4.050000000000000000e+02 7.500000000000000000e+01 3.000000000000000000e+00 4.000000000000000000e+00
4.180000000000000000e+02 3.000000000000000000e+00 1.000000000000000000e+00 1.000000000000000000e+00
6.900000000000000000e+01 2.300000000000000000e+01 2.000000000000000000e+00 3.000000000000000000e+00
3.810000000000000000e+02 1.070000000000000000e+02 2.000000000000000000e+00 5.000000000000000000e+00
2.320000000000000000e+02 5.100000000000000000e+01 2.000000000000000000e+00 5.000000000000000000e+00
3.400000000000000000e+01 2.100000000000000000e+01 3.000000000000000000e+00 1.300000000000000000e+01
3.000000000000000000e+00 3.000000000000000000e+00 1.000000000000000000e+00 1.000000000000000000e+00
5.710000000000000000e+02 1.270000000000000000e+02 4.000000000000000000e+00 8.000000000000000000e+00
5.030000000000000000e+02 3.000000000000000000e+00 1.000000000000000000e+00 1.000000000000000000e+00
2.000000000000000000e+00 3.000000000000000000e+00 1.000000000000000000e+00 1.000000000000000000e+00
3.000000000000000000e+00 3.000000000000000000e+00 1.000000000000000000e+00 1.000000000000000000e+00
7.200000000000000000e+01 6.600000000000000000e+01 5.000000000000000000e+00 1.400000000000000000e+01
3.000000000000000000e+00 3.000000000000000000e+00 1.000000000000000000e+00 1.000000000000000000e+00
2.000000000000000000e+00 3.000000000000000000e+00 1.000000000000000000e+00 1.000000000000000000e+00
1.000000000000000000e+00 3.000000000000000000e+00 3.000000000000000000e+00 4.000000000000000000e+00
3.000000000000000000e+00 3.000000000000000000e+00 1.000000000000000000e+00 1.000000000000000000e+00
4.180000000000000000e+02 3.000000000000000000e+00 1.000000000000000000e+00 1.000000000000000000e+00
7.170000000000000000e+02 1.770000000000000000e+02 9.000000000000000000e+00 1.600000000000000000e+01
6.330000000000000000e+02 1.460000000000000000e+02 5.000000000000000000e+00 9.000000000000000000e+00
1.000000000000000000e+00 3.000000000000000000e+00 1.000000000000000000e+00 1.000000000000000000e+00
3.100000000000000000e+02 6.100000000000000000e+01 4.000000000000000000e+00 2.400000000000000000e+01
6.810000000000000000e+02 2.150000000000000000e+02 5.000000000000000000e+00 1.300000000000000000e+01
2.180000000000000000e+02 9.100000000000000000e+01 3.000000000000000000e+00 8.000000000000000000e+00
7.130000000000000000e+02 2.030000000000000000e+02 7.000000000000000000e+00 1.600000000000000000e+01
2.310000000000000000e+02 3.900000000000000000e+01 9.000000000000000000e+00 7.000000000000000000e+00
4.200000000000000000e+01 9.300000000000000000e+01 8.000000000000000000e+00 8.000000000000000000e+00
2.700000000000000000e+01 2.100000000000000000e+01 3.000000000000000000e+00 1.200000000000000000e+01
1.200000000000000000e+02 8.900000000000000000e+01 9.000000000000000000e+00 1.200000000000000000e+01
2.900000000000000000e+01 4.300000000000000000e+01 1.000000000000000000e+01 1.500000000000000000e+01
7.010000000000000000e+02 2.150000000000000000e+02 5.000000000000000000e+00 1.900000000000000000e+01
7.380000000000000000e+02 8.610000000000000000e+02 3.000000000000000000e+00 9.000000000000000000e+00
7.060000000000000000e+02 1.570000000000000000e+02 5.000000000000000000e+00 9.000000000000000000e+00
2.880000000000000000e+02 5.300000000000000000e+01 2.000000000000000000e+00 2.300000000000000000e+01
3.700000000000000000e+01 5.300000000000000000e+01 7.000000000000000000e+00 2.000000000000000000e+01
3.990000000000000000e+02 9.500000000000000000e+01 3.000000000000000000e+00 6.000000000000000000e+00
3.710000000000000000e+02 3.000000000000000000e+00 1.000000000000000000e+00 1.000000000000000000e+00
3.930000000000000000e+02 1.010000000000000000e+02 9.000000000000000000e+00 2.000000000000000000e+01
1.000000000000000000e+00 3.000000000000000000e+00 3.000000000000000000e+00 4.000000000000000000e+00
1.700000000000000000e+01 1.900000000000000000e+01 5.000000000000000000e+00 1.200000000000000000e+01
4.000000000000000000e+01 3.300000000000000000e+01 3.000000000000000000e+00 1.200000000000000000e+01
1.800000000000000000e+02 4.000000000000000000e+01 1.000000000000000000e+00 2.300000000000000000e+01
3.340000000000000000e+02 4.900000000000000000e+01 3.000000000000000000e+00 4.000000000000000000e+00
2.780000000000000000e+02 5.700000000000000000e+01 5.000000000000000000e+00 2.400000000000000000e+01
6.560000000000000000e+02 1.530000000000000000e+02 4.000000000000000000e+00 1.700000000000000000e+01
6.140000000000000000e+02 3.000000000000000000e+00 1.000000000000000000e+00 1.000000000000000000e+00
4.310000000000000000e+02 9.700000000000000000e+01 9.000000000000000000e+00 1.800000000000000000e+01
8.000000000000000000e+00 3.200000000000000000e+01 5.000000000000000000e+00 9.000000000000000000e+00
3.120000000000000000e+02 1.210000000000000000e+02 5.000000000000000000e+00 1.000000000000000000e+01
5.660000000000000000e+02 3.000000000000000000e+00 1.000000000000000000e+00 1.000000000000000000e+00
3.450000000000000000e+02 1.360000000000000000e+02 4.000000000000000000e+00 8.000000000000000000e+00
2.000000000000000000e+00 3.000000000000000000e+00 1.000000000000000000e+00 1.000000000000000000e+00
3.940000000000000000e+02 8.500000000000000000e+01 3.000000000000000000e+00 3.000000000000000000e+00
1.120000000000000000e+02 6.600000000000000000e+01 9.000000000000000000e+00 1.700000000000000000e+01
1.100000000000000000e+01 3.800000000000000000e+01 5.000000000000000000e+00 1.500000000000000000e+01
6.000000000000000000e+00 1.900000000000000000e+01 3.000000000000000000e+00 2.000000000000000000e+01
1.600000000000000000e+01 1.500000000000000000e+01 3.000000000000000000e+00 8.000000000000000000e+00
1.930000000000000000e+02 1.090000000000000000e+02 4.000000000000000000e+00 9.000000000000000000e+00
1.200000000000000000e+01 2.400000000000000000e+01 3.000000000000000000e+00 4.000000000000000000e+00
1.760000000000000000e+02 6.300000000000000000e+01 5.000000000000000000e+00 1.000000000000000000e+01
5.000000000000000000e+00 7.000000000000000000e+00 1.000000000000000000e+00 3.000000000000000000e+00
1.150000000000000000e+02 1.550000000000000000e+02 6.000000000000000000e+00 1.400000000000000000e+01
6.600000000000000000e+01 5.200000000000000000e+01 4.000000000000000000e+00 1.500000000000000000e+01
1.000000000000000000e+01 5.900000000000000000e+01 9.000000000000000000e+00 1.900000000000000000e+01
1.630000000000000000e+02 5.700000000000000000e+01 4.000000000000000000e+00 6.000000000000000000e+00
1.100000000000000000e+01 4.400000000000000000e+01 4.000000000000000000e+00 1.600000000000000000e+01
7.200000000000000000e+01 2.300000000000000000e+01 2.000000000000000000e+00 4.000000000000000000e+00
1.000000000000000000e+00 3.000000000000000000e+00 1.000000000000000000e+00 1.000000000000000000e+00
1.390000000000000000e+02 3.230000000000000000e+02 5.000000000000000000e+00 6.000000000000000000e+00
1.200000000000000000e+02 9.900000000000000000e+01 2.000000000000000000e+00 1.700000000000000000e+01
1.800000000000000000e+01 1.400000000000000000e+01 2.000000000000000000e+00 6.000000000000000000e+00
7.900000000000000000e+01 2.300000000000000000e+01 2.000000000000000000e+00 3.000000000000000000e+00
1.700000000000000000e+01 2.000000000000000000e+01 4.000000000000000000e+00 7.000000000000000000e+00
1.170000000000000000e+02 4.700000000000000000e+01 8.000000000000000000e+00 3.000000000000000000e+00
1.000000000000000000e+02 7.200000000000000000e+01 5.000000000000000000e+00 1.700000000000000000e+01
1.180000000000000000e+02 4.670000000000000000e+02 4.000000000000000000e+00 1.100000000000000000e+01
3.400000000000000000e+01 1.100000000000000000e+01 2.000000000000000000e+00 2.100000000000000000e+01
8.100000000000000000e+01 2.700000000000000000e+01 2.000000000000000000e+00 3.000000000000000000e+00
1.290000000000000000e+02 5.700000000000000000e+01 7.000000000000000000e+00 1.400000000000000000e+01
1.000000000000000000e+00 3.000000000000000000e+00 1.000000000000000000e+00 1.000000000000000000e+00
1.390000000000000000e+02 3.900000000000000000e+01 4.000000000000000000e+00 7.000000000000000000e+00
7.800000000000000000e+01 4.700000000000000000e+01 7.000000000000000000e+00 1.400000000000000000e+01
1.370000000000000000e+02 1.150000000000000000e+02 5.000000000000000000e+00 7.000000000000000000e+00
7.100000000000000000e+01 5.900000000000000000e+01 3.000000000000000000e+00 1.500000000000000000e+01
1.070000000000000000e+02 9.400000000000000000e+01 8.000000000000000000e+00 1.400000000000000000e+01
4.000000000000000000e+01 2.900000000000000000e+01 2.000000000000000000e+00 4.000000000000000000e+00
1.000000000000000000e+00 3.000000000000000000e+00 1.000000000000000000e+00 1.000000000000000000e+00
1.800000000000000000e+01 5.900000000000000000e+01 7.000000000000000000e+00 1.700000000000000000e+01
1.160000000000000000e+02 9.700000000000000000e+01 7.000000000000000000e+00 1.300000000000000000e+01
2.280000000000000000e+02 2.090000000000000000e+02 4.000000000000000000e+00 7.000000000000000000e+00
8.200000000000000000e+01 6.200000000000000000e+01 3.000000000000000000e+00 1.800000000000000000e+01
1.780000000000000000e+02 8.500000000000000000e+01 9.000000000000000000e+00 2.300000000000000000e+01
1.610000000000000000e+02 8.900000000000000000e+01 3.000000000000000000e+00 1.500000000000000000e+01
1.000000000000000000e+00 3.000000000000000000e+00 1.000000000000000000e+00 1.000000000000000000e+00
1.200000000000000000e+02 5.700000000000000000e+01 6.000000000000000000e+00 2.300000000000000000e+01
1.150000000000000000e+02 1.010000000000000000e+02 3.000000000000000000e+00 8.000000000000000000e+00
1.600000000000000000e+01 9.000000000000000000e+00 2.000000000000000000e+00 3.000000000000000000e+00
1.180000000000000000e+02 1.330000000000000000e+02 4.000000000000000000e+00 5.000000000000000000e+00
1.000000000000000000e+02 5.100000000000000000e+01 8.000000000000000000e+00 6.000000000000000000e+00
1.210000000000000000e+02 4.300000000000000000e+01 3.000000000000000000e+00 4.000000000000000000e+00
1.100000000000000000e+02 5.700000000000000000e+01 7.000000000000000000e+00 4.000000000000000000e+00
1.500000000000000000e+01 7.100000000000000000e+01 4.000000000000000000e+00 1.200000000000000000e+01
1.360000000000000000e+02 4.500000000000000000e+01 2.000000000000000000e+00 4.000000000000000000e+00
6.000000000000000000e+00 2.400000000000000000e+01 3.000000000000000000e+00 8.000000000000000000e+00
1.130000000000000000e+02 4.100000000000000000e+01 3.000000000000000000e+00 6.000000000000000000e+00
1.000000000000000000e+00 3.000000000000000000e+00 4.000000000000000000e+00 2.500000000000000000e+01
1.470000000000000000e+02 7.900000000000000000e+01 6.000000000000000000e+00 1.300000000000000000e+01
3.400000000000000000e+01 1.300000000000000000e+01 2.000000000000000000e+00 4.000000000000000000e+00
1.370000000000000000e+02 5.900000000000000000e+01 3.000000000000000000e+00 7.000000000000000000e+00
6.200000000000000000e+01 3.700000000000000000e+01 4.000000000000000000e+00 2.000000000000000000e+01
8.000000000000000000e+00 2.800000000000000000e+01 3.000000000000000000e+00 4.000000000000000000e+00
2.500000000000000000e+01 1.500000000000000000e+01 2.000000000000000000e+00 2.000000000000000000e+00
1.700000000000000000e+02 5.900000000000000000e+01 5.000000000000000000e+00 9.000000000000000000e+00
1.700000000000000000e+02 2.250000000000000000e+02 4.000000000000000000e+00 1.500000000000000000e+01
1.290000000000000000e+02 1.250000000000000000e+02 3.000000000000000000e+00 9.000000000000000000e+00
1.400000000000000000e+02 1.070000000000000000e+02 6.000000000000000000e+00 1.600000000000000000e+01
1.590000000000000000e+02 6.100000000000000000e+01 3.000000000000000000e+00 5.000000000000000000e+00
1.780000000000000000e+02 7.700000000000000000e+01 4.000000000000000000e+00 1.600000000000000000e+01
3.200000000000000000e+01 2.300000000000000000e+01 2.000000000000000000e+00 3.000000000000000000e+00
3.000000000000000000e+01 4.700000000000000000e+01 4.000000000000000000e+00 1.500000000000000000e+01
9.800000000000000000e+01 5.900000000000000000e+01 4.000000000000000000e+00 1.200000000000000000e+01
1.400000000000000000e+01 1.100000000000000000e+01 2.000000000000000000e+00 1.200000000000000000e+01
1.660000000000000000e+02 7.530000000000000000e+02 3.000000000000000000e+00 1.800000000000000000e+01
5.000000000000000000e+01 2.100000000000000000e+01 2.000000000000000000e+00 3.000000000000000000e+00
2.800000000000000000e+01 9.000000000000000000e+00 2.000000000000000000e+00 6.000000000000000000e+00
9.900000000000000000e+01 1.430000000000000000e+02 4.000000000000000000e+00 1.500000000000000000e+01
1.620000000000000000e+02 6.500000000000000000e+01 5.000000000000000000e+00 8.000000000000000000e+00
1.240000000000000000e+02 9.400000000000000000e+01 5.000000000000000000e+00 7.000000000000000000e+00
2.130000000000000000e+02 1.260000000000000000e+02 3.000000000000000000e+00 1.600000000000000000e+01
6.800000000000000000e+01 3.300000000000000000e+01 3.000000000000000000e+00 6.000000000000000000e+00
1.100000000000000000e+01 3.500000000000000000e+01 2.000000000000000000e+00 8.000000000000000000e+00
1.000000000000000000e+00 3.000000000000000000e+00 5.000000000000000000e+00 2.300000000000000000e+01
1.000000000000000000e+00 3.000000000000000000e+00 3.000000000000000000e+00 5.000000000000000000e+00
1.460000000000000000e+02 6.900000000000000000e+01 8.000000000000000000e+00 2.100000000000000000e+01
5.700000000000000000e+01 1.900000000000000000e+01 2.000000000000000000e+00 3.000000000000000000e+00
1.730000000000000000e+02 1.380000000000000000e+02 4.000000000000000000e+00 1.300000000000000000e+01
5.100000000000000000e+01 3.100000000000000000e+01 5.000000000000000000e+00 2.000000000000000000e+01
2.100000000000000000e+01 3.100000000000000000e+01 4.000000000000000000e+00 1.400000000000000000e+01
1.400000000000000000e+01 8.800000000000000000e+01 3.000000000000000000e+00 1.400000000000000000e+01
9.200000000000000000e+01 8.000000000000000000e+01 5.000000000000000000e+00 8.000000000000000000e+00
1.890000000000000000e+02 7.900000000000000000e+01 3.000000000000000000e+00 7.000000000000000000e+00
1.930000000000000000e+02 8.300000000000000000e+01 4.000000000000000000e+00 1.800000000000000000e+01
1.200000000000000000e+02 2.830000000000000000e+02 4.000000000000000000e+00 1.900000000000000000e+01
1.510000000000000000e+02 6.300000000000000000e+01 4.000000000000000000e+00 1.000000000000000000e+01
1.000000000000000000e+00 3.000000000000000000e+00 3.000000000000000000e+00 4.000000000000000000e+00
1.430000000000000000e+02 1.030000000000000000e+02 7.000000000000000000e+00 1.200000000000000000e+01
1.720000000000000000e+02 6.900000000000000000e+01 4.000000000000000000e+00 1.100000000000000000e+01
4.900000000000000000e+01 3.300000000000000000e+01 3.000000000000000000e+00 3.000000000000000000e+00
7.800000000000000000e+01 3.100000000000000000e+01 2.000000000000000000e+00 5.000000000000000000e+00
1.200000000000000000e+01 3.100000000000000000e+01 3.000000000000000000e+00 1.000000000000000000e+01
1.340000000000000000e+02 5.900000000000000000e+01 3.000000000000000000e+00 6.000000000000000000e+00
1.000000000000000000e+00 3.000000000000000000e+00 2.000000000000000000e+00 4.000000000000000000e+00
1.030000000000000000e+02 7.000000000000000000e+01 3.000000000000000000e+00 5.000000000000000000e+00
7.000000000000000000e+00 6.500000000000000000e+01 5.000000000000000000e+00 1.500000000000000000e+01
2.200000000000000000e+01 2.300000000000000000e+01 4.000000000000000000e+00 6.000000000000000000e+00
1.420000000000000000e+02 6.100000000000000000e+01 2.000000000000000000e+00 6.000000000000000000e+00
1.260000000000000000e+02 9.900000000000000000e+01 5.000000000000000000e+00 1.800000000000000000e+01
7.500000000000000000e+01 5.100000000000000000e+01 7.000000000000000000e+00 2.000000000000000000e+01
1.500000000000000000e+01 8.700000000000000000e+01 4.000000000000000000e+00 3.000000000000000000e+00
5.500000000000000000e+01 4.000000000000000000e+01 3.000000000000000000e+00 1.000000000000000000e+01
1.300000000000000000e+01 1.800000000000000000e+01 4.000000000000000000e+00 1.200000000000000000e+01
1.000000000000000000e+00 3.000000000000000000e+00 2.000000000000000000e+00 4.000000000000000000e+00
1.140000000000000000e+02 3.700000000000000000e+01 3.000000000000000000e+00 7.000000000000000000e+00
5.400000000000000000e+01 3.900000000000000000e+01 3.000000000000000000e+00 5.000000000000000000e+00
4.200000000000000000e+01 2.200000000000000000e+01 5.000000000000000000e+00 1.800000000000000000e+01
1.000000000000000000e+00 3.000000000000000000e+00 3.000000000000000000e+00 4.000000000000000000e+00
5.200000000000000000e+01 3.300000000000000000e+01 6.000000000000000000e+00 2.200000000000000000e+01
4.600000000000000000e+01 5.900000000000000000e+01 6.000000000000000000e+00 1.700000000000000000e+01
1.480000000000000000e+02 6.700000000000000000e+01 9.000000000000000000e+00 1.800000000000000000e+01
1.140000000000000000e+02 5.900000000000000000e+01 4.000000000000000000e+00 7.000000000000000000e+00
1.140000000000000000e+02 5.500000000000000000e+01 7.000000000000000000e+00 4.000000000000000000e+00
4.400000000000000000e+01 5.800000000000000000e+01 2.000000000000000000e+00 4.000000000000000000e+00
1.640000000000000000e+02 1.030000000000000000e+02 4.000000000000000000e+00 1.300000000000000000e+01
5.500000000000000000e+01 3.900000000000000000e+01 5.000000000000000000e+00 2.000000000000000000e+01
5.600000000000000000e+01 8.200000000000000000e+01 6.000000000000000000e+00 6.000000000000000000e+00
1.100000000000000000e+02 1.840000000000000000e+02 3.000000000000000000e+00 9.000000000000000000e+00
6.300000000000000000e+01 1.200000000000000000e+02 4.000000000000000000e+00 1.100000000000000000e+01
1.200000000000000000e+02 5.500000000000000000e+01 5.000000000000000000e+00 7.000000000000000000e+00
1.750000000000000000e+02 9.100000000000000000e+01 7.000000000000000000e+00 1.300000000000000000e+01
4.400000000000000000e+01 1.700000000000000000e+01 2.000000000000000000e+00 3.000000000000000000e+00
1.000000000000000000e+00 3.000000000000000000e+00 1.000000000000000000e+00 1.000000000000000000e+00
1.680000000000000000e+02 7.900000000000000000e+01 6.000000000000000000e+00 1.800000000000000000e+01
1.200000000000000000e+01 9.000000000000000000e+00 2.000000000000000000e+00 3.000000000000000000e+00
3.500000000000000000e+01 1.700000000000000000e+01 2.000000000000000000e+00 3.000000000000000000e+00
7.100000000000000000e+01 3.900000000000000000e+01 2.000000000000000000e+00 5.000000000000000000e+00
5.800000000000000000e+01 4.000000000000000000e+01 6.000000000000000000e+00 7.000000000000000000e+00
1.020000000000000000e+02 6.300000000000000000e+01 7.000000000000000000e+00 1.400000000000000000e+01
1.100000000000000000e+02 8.700000000000000000e+01 6.000000000000000000e+00 1.000000000000000000e+01
1.100000000000000000e+01 2.600000000000000000e+01 3.000000000000000000e+00 1.400000000000000000e+01
2.400000000000000000e+01 3.500000000000000000e+01 6.000000000000000000e+00 1.600000000000000000e+01
1.100000000000000000e+01 2.700000000000000000e+01 5.000000000000000000e+00 9.000000000000000000e+00
1.290000000000000000e+02 6.100000000000000000e+01 8.000000000000000000e+00 1.600000000000000000e+01
8.400000000000000000e+01 7.300000000000000000e+01 4.000000000000000000e+00 1.800000000000000000e+01
5.100000000000000000e+01 2.500000000000000000e+01 6.000000000000000000e+00 2.200000000000000000e+01
1.800000000000000000e+01 3.100000000000000000e+01 5.000000000000000000e+00 1.200000000000000000e+01
1.630000000000000000e+02 8.300000000000000000e+01 6.000000000000000000e+00 1.400000000000000000e+01
6.100000000000000000e+01 5.000000000000000000e+01 2.000000000000000000e+00 3.000000000000000000e+00
7.000000000000000000e+00 3.000000000000000000e+01 3.000000000000000000e+00 8.000000000000000000e+00
8.500000000000000000e+01 1.350000000000000000e+02 7.000000000000000000e+00 1.300000000000000000e+01
2.000000000000000000e+00 3.000000000000000000e+00 1.000000000000000000e+00 1.000000000000000000e+00
5.000000000000000000e+01 3.100000000000000000e+01 4.000000000000000000e+00 3.000000000000000000e+00
8.100000000000000000e+01 3.500000000000000000e+01 2.000000000000000000e+00 4.000000000000000000e+00
2.000000000000000000e+00 3.000000000000000000e+00 1.000000000000000000e+00 1.000000000000000000e+00
1.410000000000000000e+02 6.100000000000000000e+01 3.000000000000000000e+00 7.000000000000000000e+00
1.080000000000000000e+02 1.050000000000000000e+02 2.000000000000000000e+00 5.000000000000000000e+00
1.290000000000000000e+02 1.130000000000000000e+02 4.000000000000000000e+00 5.000000000000000000e+00
1.800000000000000000e+01 2.000000000000000000e+01 2.000000000000000000e+00 1.400000000000000000e+01
1.000000000000000000e+00 3.000000000000000000e+00 6.000000000000000000e+00 2.500000000000000000e+01
9.800000000000000000e+01 8.100000000000000000e+01 4.000000000000000000e+00 9.000000000000000000e+00
9.200000000000000000e+01 5.100000000000000000e+01 6.000000000000000000e+00 1.400000000000000000e+01
1.050000000000000000e+02 3.700000000000000000e+01 2.000000000000000000e+00 6.000000000000000000e+00
1.000000000000000000e+00 3.000000000000000000e+00 2.000000000000000000e+00 4.000000000000000000e+00
2.600000000000000000e+01 4.200000000000000000e+01 3.000000000000000000e+00 1.500000000000000000e+01
4.800000000000000000e+01 2.300000000000000000e+01 4.000000000000000000e+00 1.400000000000000000e+01
1.150000000000000000e+02 4.300000000000000000e+01 4.000000000000000000e+00 7.000000000000000000e+00
1.230000000000000000e+02 5.700000000000000000e+01 2.000000000000000000e+00 1.300000000000000000e+01
1.000000000000000000e+00 3.000000000000000000e+00 5.000000000000000000e+00 2.600000000000000000e+01
2.000000000000000000e+00 3.000000000000000000e+00 1.000000000000000000e+00 1.000000000000000000e+00
1.170000000000000000e+02 7.200000000000000000e+01 2.000000000000000000e+00 1.400000000000000000e+01
1.880000000000000000e+02 1.010000000000000000e+02 3.000000000000000000e+00 6.000000000000000000e+00
7.300000000000000000e+01 5.500000000000000000e+01 9.000000000000000000e+00 1.600000000000000000e+01
1.720000000000000000e+02 8.300000000000000000e+01 9.000000000000000000e+00 1.600000000000000000e+01
1.870000000000000000e+02 1.140000000000000000e+02 5.000000000000000000e+00 1.500000000000000000e+01
6.100000000000000000e+01 1.240000000000000000e+02 3.000000000000000000e+00 1.400000000000000000e+01
1.360000000000000000e+02 1.650000000000000000e+02 5.000000000000000000e+00 1.900000000000000000e+01
1.320000000000000000e+02 6.300000000000000000e+01 7.000000000000000000e+00 1.100000000000000000e+01
8.000000000000000000e+00 3.900000000000000000e+01 6.000000000000000000e+00 1.200000000000000000e+01
1.500000000000000000e+01 2.000000000000000000e+01 2.000000000000000000e+00 1.500000000000000000e+01
2.200000000000000000e+01 3.100000000000000000e+01 6.000000000000000000e+00 1.000000000000000000e+01
1.800000000000000000e+01 3.600000000000000000e+01 6.000000000000000000e+00 1.300000000000000000e+01
1.170000000000000000e+02 1.130000000000000000e+02 3.000000000000000000e+00 7.000000000000000000e+00
1.440000000000000000e+02 1.050000000000000000e+02 3.000000000000000000e+00 1.600000000000000000e+01
2.080000000000000000e+02 1.110000000000000000e+02 2.000000000000000000e+00 7.000000000000000000e+00
1.700000000000000000e+02 6.800000000000000000e+01 9.000000000000000000e+00 2.000000000000000000e+01
1.900000000000000000e+01 2.600000000000000000e+01 6.000000000000000000e+00 1.400000000000000000e+01
1.240000000000000000e+02 1.210000000000000000e+02 3.000000000000000000e+00 6.000000000000000000e+00
2.000000000000000000e+00 3.000000000000000000e+00 1.000000000000000000e+00 1.000000000000000000e+00
6.900000000000000000e+01 8.400000000000000000e+01 5.000000000000000000e+00 1.800000000000000000e+01
1.100000000000000000e+02 5.700000000000000000e+01 7.000000000000000000e+00 1.800000000000000000e+01
4.500000000000000000e+01 9.000000000000000000e+00 2.000000000000000000e+00 3.000000000000000000e+00
1.200000000000000000e+01 2.300000000000000000e+01 3.000000000000000000e+00 1.400000000000000000e+01
1.340000000000000000e+02 5.900000000000000000e+01 1.000000000000000000e+01 2.100000000000000000e+01
1.120000000000000000e+02 4.100000000000000000e+01 3.000000000000000000e+00 3.000000000000000000e+00
1.540000000000000000e+02 6.100000000000000000e+01 1.000000000000000000e+01 1.600000000000000000e+01
1.100000000000000000e+02 2.020000000000000000e+02 4.000000000000000000e+00 1.200000000000000000e+01
1.000000000000000000e+00 3.000000000000000000e+00 1.000000000000000000e+00 1.000000000000000000e+00
1.300000000000000000e+02 8.800000000000000000e+01 8.000000000000000000e+00 1.600000000000000000e+01
1.100000000000000000e+01 1.700000000000000000e+01 2.000000000000000000e+00 7.000000000000000000e+00
8.000000000000000000e+01 5.600000000000000000e+01 2.000000000000000000e+00 1.400000000000000000e+01
1.000000000000000000e+00 3.000000000000000000e+00 4.000000000000000000e+00 1.000000000000000000e+00
8.100000000000000000e+01 7.900000000000000000e+01 4.000000000000000000e+00 1.700000000000000000e+01
2.600000000000000000e+01 1.500000000000000000e+01 2.000000000000000000e+00 3.000000000000000000e+00
1.640000000000000000e+02 6.900000000000000000e+01 4.000000000000000000e+00 6.000000000000000000e+00
2.000000000000000000e+01 2.100000000000000000e+01 5.000000000000000000e+00 1.300000000000000000e+01
2.300000000000000000e+01 2.300000000000000000e+01 4.000000000000000000e+00 1.200000000000000000e+01
2.900000000000000000e+01 9.000000000000000000e+00 2.000000000000000000e+00 2.200000000000000000e+01
7.000000000000000000e+00 9.000000000000000000e+00 2.000000000000000000e+00 1.000000000000000000e+01
