2.000000000000000000e+01 2.200000000000000000e+01 1.500000000000000000e+01 1.200000000000000000e+01
2.000000000000000000e+01 2.300000000000000000e+01 1.600000000000000000e+01 1.700000000000000000e+01
2.200000000000000000e+01 2.200000000000000000e+01 1.600000000000000000e+01 1.300000000000000000e+01
2.000000000000000000e+01 2.300000000000000000e+01 1.900000000000000000e+01 1.500000000000000000e+01
2.200000000000000000e+01 2.200000000000000000e+01 1.600000000000000000e+01 2.000000000000000000e+01
2.200000000000000000e+01 2.800000000000000000e+01 1.800000000000000000e+01 1.200000000000000000e+01
2.300000000000000000e+01 3.100000000000000000e+01 1.600000000000000000e+01 1.700000000000000000e+01
2.000000000000000000e+01 2.800000000000000000e+01 1.400000000000000000e+01 1.400000000000000000e+01
2.000000000000000000e+01 2.800000000000000000e+01 1.900000000000000000e+01 1.400000000000000000e+01
2.200000000000000000e+01 2.200000000000000000e+01 1.700000000000000000e+01 1.400000000000000000e+01
2.200000000000000000e+01 2.200000000000000000e+01 1.800000000000000000e+01 1.300000000000000000e+01
2.000000000000000000e+01 2.000000000000000000e+01 1.700000000000000000e+01 1.200000000000000000e+01
2.100000000000000000e+01 3.100000000000000000e+01 1.600000000000000000e+01 1.300000000000000000e+01
2.000000000000000000e+01 2.600000000000000000e+01 1.800000000000000000e+01 1.400000000000000000e+01
2.000000000000000000e+01 2.200000000000000000e+01 1.800000000000000000e+01 1.300000000000000000e+01
2.000000000000000000e+01 2.300000000000000000e+01 1.600000000000000000e+01 1.400000000000000000e+01
2.000000000000000000e+01 2.600000000000000000e+01 1.500000000000000000e+01 1.500000000000000000e+01
2.200000000000000000e+01 2.200000000000000000e+01 1.800000000000000000e+01 1.300000000000000000e+01
2.200000000000000000e+01 2.100000000000000000e+01 1.700000000000000000e+01 1.400000000000000000e+01
2.300000000000000000e+01 2.200000000000000000e+01 1.600000000000000000e+01 1.500000000000000000e+01
2.200000000000000000e+01 2.600000000000000000e+01 1.800000000000000000e+01 1.500000000000000000e+01
1.800000000000000000e+01 2.300000000000000000e+01 1.600000000000000000e+01 1.200000000000000000e+01
2.000000000000000000e+01 2.300000000000000000e+01 1.600000000000000000e+01 1.900000000000000000e+01
2.000000000000000000e+01 3.100000000000000000e+01 1.700000000000000000e+01 1.500000000000000000e+01
2.200000000000000000e+01 2.800000000000000000e+01 1.600000000000000000e+01 1.200000000000000000e+01
2.200000000000000000e+01 2.400000000000000000e+01 1.600000000000000000e+01 1.300000000000000000e+01
2.200000000000000000e+01 2.600000000000000000e+01 1.600000000000000000e+01 1.300000000000000000e+01
2.000000000000000000e+01 2.600000000000000000e+01 1.500000000000000000e+01 1.200000000000000000e+01
2.200000000000000000e+01 2.800000000000000000e+01 1.600000000000000000e+01 1.900000000000000000e+01
2.000000000000000000e+01 2.600000000000000000e+01 1.700000000000000000e+01 1.900000000000000000e+01
2.000000000000000000e+01 2.500000000000000000e+01 1.800000000000000000e+01 1.500000000000000000e+01
2.000000000000000000e+01 3.100000000000000000e+01 1.500000000000000000e+01 1.100000000000000000e+01
2.200000000000000000e+01 2.000000000000000000e+01 1.700000000000000000e+01 2.000000000000000000e+01
2.000000000000000000e+01 2.900000000000000000e+01 1.800000000000000000e+01 1.400000000000000000e+01
2.200000000000000000e+01 2.000000000000000000e+01 1.900000000000000000e+01 1.800000000000000000e+01
2.000000000000000000e+01 3.100000000000000000e+01 1.700000000000000000e+01 1.400000000000000000e+01
2.200000000000000000e+01 2.600000000000000000e+01 1.600000000000000000e+01 1.200000000000000000e+01
2.200000000000000000e+01 2.300000000000000000e+01 1.700000000000000000e+01 1.400000000000000000e+01
2.200000000000000000e+01 2.200000000000000000e+01 1.500000000000000000e+01 1.300000000000000000e+01
2.000000000000000000e+01 2.200000000000000000e+01 1.800000000000000000e+01 1.400000000000000000e+01
2.000000000000000000e+01 2.600000000000000000e+01 1.700000000000000000e+01 1.300000000000000000e+01
2.000000000000000000e+01 2.200000000000000000e+01 1.600000000000000000e+01 1.400000000000000000e+01
2.000000000000000000e+01 3.100000000000000000e+01 1.600000000000000000e+01 1.500000000000000000e+01
2.000000000000000000e+01 2.300000000000000000e+01 1.700000000000000000e+01 1.400000000000000000e+01
2.200000000000000000e+01 2.100000000000000000e+01 1.700000000000000000e+01 1.200000000000000000e+01
2.000000000000000000e+01 2.000000000000000000e+01 1.600000000000000000e+01 1.300000000000000000e+01
2.000000000000000000e+01 2.300000000000000000e+01 1.600000000000000000e+01 1.200000000000000000e+01
1.800000000000000000e+01 1.900000000000000000e+01 1.700000000000000000e+01 1.200000000000000000e+01
2.000000000000000000e+01 2.200000000000000000e+01 1.600000000000000000e+01 1.500000000000000000e+01
2.000000000000000000e+01 2.300000000000000000e+01 1.800000000000000000e+01 1.500000000000000000e+01
2.000000000000000000e+01 2.800000000000000000e+01 1.700000000000000000e+01 1.300000000000000000e+01
2.000000000000000000e+01 2.900000000000000000e+01 1.600000000000000000e+01 1.600000000000000000e+01
2.000000000000000000e+01 2.600000000000000000e+01 1.600000000000000000e+01 1.500000000000000000e+01
1.800000000000000000e+01 2.100000000000000000e+01 1.700000000000000000e+01 1.400000000000000000e+01
2.000000000000000000e+01 3.100000000000000000e+01 1.600000000000000000e+01 1.700000000000000000e+01
2.000000000000000000e+01 2.600000000000000000e+01 1.500000000000000000e+01 1.500000000000000000e+01
2.300000000000000000e+01 2.600000000000000000e+01 1.900000000000000000e+01 1.600000000000000000e+01
2.000000000000000000e+01 2.200000000000000000e+01 1.800000000000000000e+01 1.600000000000000000e+01
2.000000000000000000e+01 2.100000000000000000e+01 1.700000000000000000e+01 1.300000000000000000e+01
2.000000000000000000e+01 1.800000000000000000e+01 1.600000000000000000e+01 1.800000000000000000e+01
2.000000000000000000e+01 2.200000000000000000e+01 1.500000000000000000e+01 1.200000000000000000e+01
2.000000000000000000e+01 3.100000000000000000e+01 1.800000000000000000e+01 1.600000000000000000e+01
2.000000000000000000e+01 2.000000000000000000e+01 1.600000000000000000e+01 1.300000000000000000e+01
2.200000000000000000e+01 2.200000000000000000e+01 1.600000000000000000e+01 1.400000000000000000e+01
2.000000000000000000e+01 3.100000000000000000e+01 2.000000000000000000e+01 1.300000000000000000e+01
2.000000000000000000e+01 3.100000000000000000e+01 1.800000000000000000e+01 1.200000000000000000e+01
2.200000000000000000e+01 2.200000000000000000e+01 1.800000000000000000e+01 1.300000000000000000e+01
2.200000000000000000e+01 2.200000000000000000e+01 1.600000000000000000e+01 1.400000000000000000e+01
2.000000000000000000e+01 2.900000000000000000e+01 1.500000000000000000e+01 1.300000000000000000e+01
2.200000000000000000e+01 2.800000000000000000e+01 2.000000000000000000e+01 1.500000000000000000e+01
2.000000000000000000e+01 2.600000000000000000e+01 1.700000000000000000e+01 1.300000000000000000e+01
1.900000000000000000e+01 2.400000000000000000e+01 1.700000000000000000e+01 1.500000000000000000e+01
2.300000000000000000e+01 2.900000000000000000e+01 1.500000000000000000e+01 1.400000000000000000e+01
2.000000000000000000e+01 3.100000000000000000e+01 1.500000000000000000e+01 1.700000000000000000e+01
2.200000000000000000e+01 2.900000000000000000e+01 1.600000000000000000e+01 1.200000000000000000e+01
2.200000000000000000e+01 2.800000000000000000e+01 1.900000000000000000e+01 1.700000000000000000e+01
2.300000000000000000e+01 2.200000000000000000e+01 1.600000000000000000e+01 1.300000000000000000e+01
2.200000000000000000e+01 2.100000000000000000e+01 1.700000000000000000e+01 1.500000000000000000e+01
2.100000000000000000e+01 2.000000000000000000e+01 1.900000000000000000e+01 1.500000000000000000e+01
1.800000000000000000e+01 1.900000000000000000e+01 1.800000000000000000e+01 1.300000000000000000e+01
2.200000000000000000e+01 2.800000000000000000e+01 1.700000000000000000e+01 1.300000000000000000e+01
2.300000000000000000e+01 2.200000000000000000e+01 1.700000000000000000e+01 1.500000000000000000e+01
2.000000000000000000e+01 2.200000000000000000e+01 1.600000000000000000e+01 1.800000000000000000e+01
2.200000000000000000e+01 2.600000000000000000e+01 1.500000000000000000e+01 1.400000000000000000e+01
2.000000000000000000e+01 2.200000000000000000e+01 1.800000000000000000e+01 1.400000000000000000e+01
2.000000000000000000e+01 2.800000000000000000e+01 1.700000000000000000e+01 1.400000000000000000e+01
2.200000000000000000e+01 2.000000000000000000e+01 1.800000000000000000e+01 1.300000000000000000e+01
2.000000000000000000e+01 1.900000000000000000e+01 1.600000000000000000e+01 1.300000000000000000e+01
2.200000000000000000e+01 2.000000000000000000e+01 1.700000000000000000e+01 1.800000000000000000e+01
2.300000000000000000e+01 2.800000000000000000e+01 1.900000000000000000e+01 1.300000000000000000e+01
2.200000000000000000e+01 2.300000000000000000e+01 1.600000000000000000e+01 1.300000000000000000e+01
2.000000000000000000e+01 3.100000000000000000e+01 1.500000000000000000e+01 1.300000000000000000e+01
2.100000000000000000e+01 3.100000000000000000e+01 1.800000000000000000e+01 1.900000000000000000e+01
2.000000000000000000e+01 3.000000000000000000e+01 1.600000000000000000e+01 1.600000000000000000e+01
2.000000000000000000e+01 2.000000000000000000e+01 1.700000000000000000e+01 1.300000000000000000e+01
2.200000000000000000e+01 2.000000000000000000e+01 1.500000000000000000e+01 1.300000000000000000e+01
2.000000000000000000e+01 2.900000000000000000e+01 1.600000000000000000e+01 1.200000000000000000e+01
2.000000000000000000e+01 2.600000000000000000e+01 1.600000000000000000e+01 1.300000000000000000e+01
2.200000000000000000e+01 2.000000000000000000e+01 1.700000000000000000e+01 1.100000000000000000e+01
2.000000000000000000e+01 2.600000000000000000e+01 1.600000000000000000e+01 1.200000000000000000e+01
2.000000000000000000e+01 2.100000000000000000e+01 1.600000000000000000e+01 1.500000000000000000e+01
2.100000000000000000e+01 2.600000000000000000e+01 1.900000000000000000e+01 1.300000000000000000e+01
2.000000000000000000e+01 2.800000000000000000e+01 1.600000000000000000e+01 1.200000000000000000e+01
2.000000000000000000e+01 2.800000000000000000e+01 1.600000000000000000e+01 1.300000000000000000e+01
2.000000000000000000e+01 3.100000000000000000e+01 1.600000000000000000e+01 1.100000000000000000e+01
2.200000000000000000e+01 3.100000000000000000e+01 1.700000000000000000e+01 1.200000000000000000e+01
2.000000000000000000e+01 2.100000000000000000e+01 1.800000000000000000e+01 1.600000000000000000e+01
2.000000000000000000e+01 2.200000000000000000e+01 1.500000000000000000e+01 1.300000000000000000e+01
2.200000000000000000e+01 2.600000000000000000e+01 1.700000000000000000e+01 1.300000000000000000e+01
2.000000000000000000e+01 2.900000000000000000e+01 1.400000000000000000e+01 1.200000000000000000e+01
2.200000000000000000e+01 2.900000000000000000e+01 1.600000000000000000e+01 1.300000000000000000e+01
2.000000000000000000e+01 2.200000000000000000e+01 1.700000000000000000e+01 1.200000000000000000e+01
2.000000000000000000e+01 3.100000000000000000e+01 1.600000000000000000e+01 1.500000000000000000e+01
2.200000000000000000e+01 2.900000000000000000e+01 1.800000000000000000e+01 1.600000000000000000e+01
2.300000000000000000e+01 2.800000000000000000e+01 1.500000000000000000e+01 1.100000000000000000e+01
2.000000000000000000e+01 2.200000000000000000e+01 1.600000000000000000e+01 1.200000000000000000e+01
2.000000000000000000e+01 3.100000000000000000e+01 1.500000000000000000e+01 1.700000000000000000e+01
2.200000000000000000e+01 2.200000000000000000e+01 1.600000000000000000e+01 1.300000000000000000e+01
2.200000000000000000e+01 2.200000000000000000e+01 1.700000000000000000e+01 1.200000000000000000e+01
2.000000000000000000e+01 2.800000000000000000e+01 1.800000000000000000e+01 1.600000000000000000e+01
2.000000000000000000e+01 2.200000000000000000e+01 1.600000000000000000e+01 1.300000000000000000e+01
2.000000000000000000e+01 2.300000000000000000e+01 1.500000000000000000e+01 1.300000000000000000e+01
2.000000000000000000e+01 3.100000000000000000e+01 2.000000000000000000e+01 1.500000000000000000e+01
2.000000000000000000e+01 2.000000000000000000e+01 1.600000000000000000e+01 1.700000000000000000e+01
2.200000000000000000e+01 2.200000000000000000e+01 1.500000000000000000e+01 1.200000000000000000e+01
2.200000000000000000e+01 2.800000000000000000e+01 1.700000000000000000e+01 1.900000000000000000e+01
2.200000000000000000e+01 2.200000000000000000e+01 1.900000000000000000e+01 1.500000000000000000e+01
2.300000000000000000e+01 2.300000000000000000e+01 1.600000000000000000e+01 1.300000000000000000e+01
2.300000000000000000e+01 2.900000000000000000e+01 1.900000000000000000e+01 1.600000000000000000e+01
2.200000000000000000e+01 2.100000000000000000e+01 1.600000000000000000e+01 1.300000000000000000e+01
2.300000000000000000e+01 2.200000000000000000e+01 1.600000000000000000e+01 1.800000000000000000e+01
2.200000000000000000e+01 2.000000000000000000e+01 1.400000000000000000e+01 1.200000000000000000e+01
2.200000000000000000e+01 2.600000000000000000e+01 1.600000000000000000e+01 1.800000000000000000e+01
2.000000000000000000e+01 2.800000000000000000e+01 1.700000000000000000e+01 1.200000000000000000e+01
2.100000000000000000e+01 2.000000000000000000e+01 1.800000000000000000e+01 1.500000000000000000e+01
2.100000000000000000e+01 1.600000000000000000e+01 1.500000000000000000e+01 1.400000000000000000e+01
2.000000000000000000e+01 2.600000000000000000e+01 1.500000000000000000e+01 1.400000000000000000e+01
2.000000000000000000e+01 2.300000000000000000e+01 1.700000000000000000e+01 1.200000000000000000e+01
2.300000000000000000e+01 2.800000000000000000e+01 1.700000000000000000e+01 1.700000000000000000e+01
2.200000000000000000e+01 2.000000000000000000e+01 1.500000000000000000e+01 1.200000000000000000e+01
2.000000000000000000e+01 2.200000000000000000e+01 1.700000000000000000e+01 1.300000000000000000e+01
2.300000000000000000e+01 2.200000000000000000e+01 1.600000000000000000e+01 1.200000000000000000e+01
2.200000000000000000e+01 2.200000000000000000e+01 1.500000000000000000e+01 1.200000000000000000e+01
2.000000000000000000e+01 2.800000000000000000e+01 1.700000000000000000e+01 1.600000000000000000e+01
2.000000000000000000e+01 2.300000000000000000e+01 1.700000000000000000e+01 1.200000000000000000e+01
2.000000000000000000e+01 2.200000000000000000e+01 1.700000000000000000e+01 1.600000000000000000e+01
2.200000000000000000e+01 2.000000000000000000e+01 1.800000000000000000e+01 1.500000000000000000e+01
2.200000000000000000e+01 2.300000000000000000e+01 1.600000000000000000e+01 1.500000000000000000e+01
2.000000000000000000e+01 3.100000000000000000e+01 1.900000000000000000e+01 1.300000000000000000e+01
2.000000000000000000e+01 3.100000000000000000e+01 1.800000000000000000e+01 1.500000000000000000e+01
2.000000000000000000e+01 2.800000000000000000e+01 1.600000000000000000e+01 1.300000000000000000e+01
2.000000000000000000e+01 3.400000000000000000e+01 1.500000000000000000e+01 1.600000000000000000e+01
2.000000000000000000e+01 2.800000000000000000e+01 1.800000000000000000e+01 1.500000000000000000e+01
2.000000000000000000e+01 2.600000000000000000e+01 1.500000000000000000e+01 1.300000000000000000e+01
2.000000000000000000e+01 2.300000000000000000e+01 1.900000000000000000e+01 1.200000000000000000e+01
2.200000000000000000e+01 2.200000000000000000e+01 2.000000000000000000e+01 1.800000000000000000e+01
2.200000000000000000e+01 2.100000000000000000e+01 1.700000000000000000e+01 1.200000000000000000e+01
2.000000000000000000e+01 3.100000000000000000e+01 1.600000000000000000e+01 1.200000000000000000e+01
2.000000000000000000e+01 2.800000000000000000e+01 1.800000000000000000e+01 1.200000000000000000e+01
2.300000000000000000e+01 2.000000000000000000e+01 1.800000000000000000e+01 1.400000000000000000e+01
2.000000000000000000e+01 2.200000000000000000e+01 1.600000000000000000e+01 1.300000000000000000e+01
2.000000000000000000e+01 3.100000000000000000e+01 1.900000000000000000e+01 1.500000000000000000e+01
2.000000000000000000e+01 2.200000000000000000e+01 1.600000000000000000e+01 1.800000000000000000e+01
2.000000000000000000e+01 2.900000000000000000e+01 1.500000000000000000e+01 1.400000000000000000e+01
2.300000000000000000e+01 2.600000000000000000e+01 1.700000000000000000e+01 1.800000000000000000e+01
2.000000000000000000e+01 2.800000000000000000e+01 1.600000000000000000e+01 1.300000000000000000e+01
2.000000000000000000e+01 2.200000000000000000e+01 1.700000000000000000e+01 1.400000000000000000e+01
2.000000000000000000e+01 2.000000000000000000e+01 1.500000000000000000e+01 1.300000000000000000e+01
2.200000000000000000e+01 2.600000000000000000e+01 1.700000000000000000e+01 1.800000000000000000e+01
2.000000000000000000e+01 3.100000000000000000e+01 1.800000000000000000e+01 1.500000000000000000e+01
2.200000000000000000e+01 2.900000000000000000e+01 1.800000000000000000e+01 1.200000000000000000e+01
2.000000000000000000e+01 2.800000000000000000e+01 1.500000000000000000e+01 1.300000000000000000e+01
2.000000000000000000e+01 2.600000000000000000e+01 1.600000000000000000e+01 1.500000000000000000e+01
2.200000000000000000e+01 2.200000000000000000e+01 1.700000000000000000e+01 1.500000000000000000e+01
2.200000000000000000e+01 2.200000000000000000e+01 1.600000000000000000e+01 1.200000000000000000e+01
2.200000000000000000e+01 2.100000000000000000e+01 1.700000000000000000e+01 1.100000000000000000e+01
2.000000000000000000e+01 2.800000000000000000e+01 1.500000000000000000e+01 1.100000000000000000e+01
2.200000000000000000e+01 2.800000000000000000e+01 1.600000000000000000e+01 1.500000000000000000e+01
2.200000000000000000e+01 2.000000000000000000e+01 1.500000000000000000e+01 1.300000000000000000e+01
2.300000000000000000e+01 2.800000000000000000e+01 1.800000000000000000e+01 1.500000000000000000e+01
2.000000000000000000e+01 2.200000000000000000e+01 1.800000000000000000e+01 1.300000000000000000e+01
2.300000000000000000e+01 2.200000000000000000e+01 1.700000000000000000e+01 1.200000000000000000e+01
2.200000000000000000e+01 2.200000000000000000e+01 1.600000000000000000e+01 1.200000000000000000e+01
2.000000000000000000e+01 2.200000000000000000e+01 1.600000000000000000e+01 1.800000000000000000e+01
2.000000000000000000e+01 2.200000000000000000e+01 1.700000000000000000e+01 1.700000000000000000e+01
2.200000000000000000e+01 2.200000000000000000e+01 2.000000000000000000e+01 1.300000000000000000e+01
2.200000000000000000e+01 2.100000000000000000e+01 1.700000000000000000e+01 1.300000000000000000e+01
2.000000000000000000e+01 3.100000000000000000e+01 1.500000000000000000e+01 1.200000000000000000e+01
2.200000000000000000e+01 2.200000000000000000e+01 2.100000000000000000e+01 1.800000000000000000e+01
2.200000000000000000e+01 2.000000000000000000e+01 1.800000000000000000e+01 1.500000000000000000e+01
2.200000000000000000e+01 2.300000000000000000e+01 1.700000000000000000e+01 1.400000000000000000e+01
2.000000000000000000e+01 2.000000000000000000e+01 1.800000000000000000e+01 1.200000000000000000e+01
2.000000000000000000e+01 2.800000000000000000e+01 1.700000000000000000e+01 1.300000000000000000e+01
2.000000000000000000e+01 2.900000000000000000e+01 1.800000000000000000e+01 1.200000000000000000e+01
2.200000000000000000e+01 2.300000000000000000e+01 1.600000000000000000e+01 1.500000000000000000e+01
2.000000000000000000e+01 2.200000000000000000e+01 1.600000000000000000e+01 1.200000000000000000e+01
2.000000000000000000e+01 2.000000000000000000e+01 1.600000000000000000e+01 1.300000000000000000e+01
2.000000000000000000e+01 2.200000000000000000e+01 1.700000000000000000e+01 1.300000000000000000e+01
2.000000000000000000e+01 3.100000000000000000e+01 1.800000000000000000e+01 1.600000000000000000e+01
2.000000000000000000e+01 2.000000000000000000e+01 1.600000000000000000e+01 1.200000000000000000e+01
1.100000000000000000e+02 8.600000000000000000e+01 1.900000000000000000e+01 1.700000000000000000e+01
1.160000000000000000e+02 9.300000000000000000e+01 1.800000000000000000e+01 3.100000000000000000e+01
1.020000000000000000e+02 8.200000000000000000e+01 2.200000000000000000e+01 2.700000000000000000e+01
1.050000000000000000e+02 8.600000000000000000e+01 2.100000000000000000e+01 1.500000000000000000e+01
1.160000000000000000e+02 8.200000000000000000e+01 2.000000000000000000e+01 2.700000000000000000e+01
1.040000000000000000e+02 8.600000000000000000e+01 1.900000000000000000e+01 2.400000000000000000e+01
1.040000000000000000e+02 9.200000000000000000e+01 2.000000000000000000e+01 2.800000000000000000e+01
1.000000000000000000e+02 7.200000000000000000e+01 1.900000000000000000e+01 1.700000000000000000e+01
1.060000000000000000e+02 8.400000000000000000e+01 1.900000000000000000e+01 2.300000000000000000e+01
1.100000000000000000e+02 8.600000000000000000e+01 2.100000000000000000e+01 2.500000000000000000e+01
9.000000000000000000e+01 9.100000000000000000e+01 2.100000000000000000e+01 2.200000000000000000e+01
1.100000000000000000e+02 8.400000000000000000e+01 2.000000000000000000e+01 2.200000000000000000e+01
1.060000000000000000e+02 9.100000000000000000e+01 1.800000000000000000e+01 2.200000000000000000e+01
1.040000000000000000e+02 7.500000000000000000e+01 1.800000000000000000e+01 2.300000000000000000e+01
1.100000000000000000e+02 8.800000000000000000e+01 2.000000000000000000e+01 2.200000000000000000e+01
8.800000000000000000e+01 7.300000000000000000e+01 1.900000000000000000e+01 2.200000000000000000e+01
8.800000000000000000e+01 7.500000000000000000e+01 1.900000000000000000e+01 2.200000000000000000e+01
1.160000000000000000e+02 8.200000000000000000e+01 2.300000000000000000e+01 2.400000000000000000e+01
1.120000000000000000e+02 8.400000000000000000e+01 2.100000000000000000e+01 2.400000000000000000e+01
1.100000000000000000e+02 8.400000000000000000e+01 2.000000000000000000e+01 2.300000000000000000e+01
1.240000000000000000e+02 8.600000000000000000e+01 1.900000000000000000e+01 2.800000000000000000e+01
1.040000000000000000e+02 8.800000000000000000e+01 1.900000000000000000e+01 1.700000000000000000e+01
1.120000000000000000e+02 8.600000000000000000e+01 2.200000000000000000e+01 2.600000000000000000e+01
1.160000000000000000e+02 8.400000000000000000e+01 2.100000000000000000e+01 3.000000000000000000e+01
9.000000000000000000e+01 5.500000000000000000e+01 2.000000000000000000e+01 2.200000000000000000e+01
1.100000000000000000e+02 8.900000000000000000e+01 2.200000000000000000e+01 2.000000000000000000e+01
1.160000000000000000e+02 9.000000000000000000e+01 2.000000000000000000e+01 2.400000000000000000e+01
1.100000000000000000e+02 8.600000000000000000e+01 2.200000000000000000e+01 1.800000000000000000e+01
9.200000000000000000e+01 5.500000000000000000e+01 2.000000000000000000e+01 2.700000000000000000e+01
1.100000000000000000e+02 7.900000000000000000e+01 2.000000000000000000e+01 2.500000000000000000e+01
1.220000000000000000e+02 9.600000000000000000e+01 2.200000000000000000e+01 2.400000000000000000e+01
1.040000000000000000e+02 7.400000000000000000e+01 1.900000000000000000e+01 2.500000000000000000e+01
1.100000000000000000e+02 9.200000000000000000e+01 2.200000000000000000e+01 2.400000000000000000e+01
1.050000000000000000e+02 7.300000000000000000e+01 2.100000000000000000e+01 2.500000000000000000e+01
1.180000000000000000e+02 9.700000000000000000e+01 2.100000000000000000e+01 2.300000000000000000e+01
1.060000000000000000e+02 8.400000000000000000e+01 2.200000000000000000e+01 2.300000000000000000e+01
1.140000000000000000e+02 8.000000000000000000e+01 2.100000000000000000e+01 2.600000000000000000e+01
1.030000000000000000e+02 8.800000000000000000e+01 1.900000000000000000e+01 1.700000000000000000e+01
1.100000000000000000e+02 8.800000000000000000e+01 1.900000000000000000e+01 2.300000000000000000e+01
1.120000000000000000e+02 8.400000000000000000e+01 1.800000000000000000e+01 2.500000000000000000e+01
1.040000000000000000e+02 9.000000000000000000e+01 2.100000000000000000e+01 2.400000000000000000e+01
1.140000000000000000e+02 8.700000000000000000e+01 2.100000000000000000e+01 2.300000000000000000e+01
1.100000000000000000e+02 8.400000000000000000e+01 1.900000000000000000e+01 3.300000000000000000e+01
1.060000000000000000e+02 8.400000000000000000e+01 1.900000000000000000e+01 2.300000000000000000e+01
1.160000000000000000e+02 8.600000000000000000e+01 2.300000000000000000e+01 2.500000000000000000e+01
1.020000000000000000e+02 8.400000000000000000e+01 2.000000000000000000e+01 2.200000000000000000e+01
1.060000000000000000e+02 7.400000000000000000e+01 1.900000000000000000e+01 2.300000000000000000e+01
1.100000000000000000e+02 8.600000000000000000e+01 1.900000000000000000e+01 2.400000000000000000e+01
1.080000000000000000e+02 8.600000000000000000e+01 1.800000000000000000e+01 2.400000000000000000e+01
9.000000000000000000e+01 7.300000000000000000e+01 1.900000000000000000e+01 2.200000000000000000e+01
1.180000000000000000e+02 1.040000000000000000e+02 2.200000000000000000e+01 2.800000000000000000e+01
1.040000000000000000e+02 7.600000000000000000e+01 2.100000000000000000e+01 2.200000000000000000e+01
1.110000000000000000e+02 9.100000000000000000e+01 2.100000000000000000e+01 2.100000000000000000e+01
1.120000000000000000e+02 8.800000000000000000e+01 2.000000000000000000e+01 1.900000000000000000e+01
1.010000000000000000e+02 6.900000000000000000e+01 1.900000000000000000e+01 2.500000000000000000e+01
1.000000000000000000e+02 9.100000000000000000e+01 1.900000000000000000e+01 2.400000000000000000e+01
1.160000000000000000e+02 8.700000000000000000e+01 1.800000000000000000e+01 2.400000000000000000e+01
1.200000000000000000e+02 9.100000000000000000e+01 2.000000000000000000e+01 2.400000000000000000e+01
1.100000000000000000e+02 9.300000000000000000e+01 2.400000000000000000e+01 2.400000000000000000e+01
1.200000000000000000e+02 1.020000000000000000e+02 2.200000000000000000e+01 2.400000000000000000e+01
1.120000000000000000e+02 9.000000000000000000e+01 1.900000000000000000e+01 2.500000000000000000e+01
9.000000000000000000e+01 7.100000000000000000e+01 2.000000000000000000e+01 2.600000000000000000e+01
1.040000000000000000e+02 7.300000000000000000e+01 1.900000000000000000e+01 2.400000000000000000e+01
9.000000000000000000e+01 8.900000000000000000e+01 1.900000000000000000e+01 1.500000000000000000e+01
1.100000000000000000e+02 8.600000000000000000e+01 2.000000000000000000e+01 2.700000000000000000e+01
1.040000000000000000e+02 8.400000000000000000e+01 1.900000000000000000e+01 3.000000000000000000e+01
1.140000000000000000e+02 8.000000000000000000e+01 2.000000000000000000e+01 2.300000000000000000e+01
1.120000000000000000e+02 8.800000000000000000e+01 2.000000000000000000e+01 2.400000000000000000e+01
1.100000000000000000e+02 8.400000000000000000e+01 2.000000000000000000e+01 2.400000000000000000e+01
1.100000000000000000e+02 8.600000000000000000e+01 2.000000000000000000e+01 2.900000000000000000e+01
1.160000000000000000e+02 8.400000000000000000e+01 2.100000000000000000e+01 2.500000000000000000e+01
1.200000000000000000e+02 8.600000000000000000e+01 2.000000000000000000e+01 2.300000000000000000e+01
1.040000000000000000e+02 8.500000000000000000e+01 1.800000000000000000e+01 2.300000000000000000e+01
1.100000000000000000e+02 8.600000000000000000e+01 1.800000000000000000e+01 2.400000000000000000e+01
1.160000000000000000e+02 8.600000000000000000e+01 2.300000000000000000e+01 2.600000000000000000e+01
1.100000000000000000e+02 9.100000000000000000e+01 2.000000000000000000e+01 2.800000000000000000e+01
1.060000000000000000e+02 8.400000000000000000e+01 2.300000000000000000e+01 2.600000000000000000e+01
1.120000000000000000e+02 9.100000000000000000e+01 2.000000000000000000e+01 2.100000000000000000e+01
1.060000000000000000e+02 8.800000000000000000e+01 2.100000000000000000e+01 2.200000000000000000e+01
1.160000000000000000e+02 9.100000000000000000e+01 2.000000000000000000e+01 2.400000000000000000e+01
1.120000000000000000e+02 8.400000000000000000e+01 1.700000000000000000e+01 3.000000000000000000e+01
1.020000000000000000e+02 8.400000000000000000e+01 2.100000000000000000e+01 2.300000000000000000e+01
1.060000000000000000e+02 6.700000000000000000e+01 1.800000000000000000e+01 2.500000000000000000e+01
1.140000000000000000e+02 8.400000000000000000e+01 2.200000000000000000e+01 2.300000000000000000e+01
1.120000000000000000e+02 8.600000000000000000e+01 1.800000000000000000e+01 2.400000000000000000e+01
8.800000000000000000e+01 5.500000000000000000e+01 1.900000000000000000e+01 2.100000000000000000e+01
1.100000000000000000e+02 8.600000000000000000e+01 2.100000000000000000e+01 1.900000000000000000e+01
1.040000000000000000e+02 8.100000000000000000e+01 1.900000000000000000e+01 1.400000000000000000e+01
1.120000000000000000e+02 8.400000000000000000e+01 2.100000000000000000e+01 2.100000000000000000e+01
1.100000000000000000e+02 8.600000000000000000e+01 2.000000000000000000e+01 3.000000000000000000e+01
1.060000000000000000e+02 8.200000000000000000e+01 2.200000000000000000e+01 1.600000000000000000e+01
1.100000000000000000e+02 8.400000000000000000e+01 2.100000000000000000e+01 2.400000000000000000e+01
1.020000000000000000e+02 9.000000000000000000e+01 1.900000000000000000e+01 2.500000000000000000e+01
1.140000000000000000e+02 8.200000000000000000e+01 2.200000000000000000e+01 2.500000000000000000e+01
1.180000000000000000e+02 8.600000000000000000e+01 1.900000000000000000e+01 2.500000000000000000e+01
1.040000000000000000e+02 9.000000000000000000e+01 2.000000000000000000e+01 2.200000000000000000e+01
1.080000000000000000e+02 8.600000000000000000e+01 2.000000000000000000e+01 3.400000000000000000e+01
1.010000000000000000e+02 8.600000000000000000e+01 1.900000000000000000e+01 2.500000000000000000e+01
1.040000000000000000e+02 6.900000000000000000e+01 2.000000000000000000e+01 2.400000000000000000e+01
1.080000000000000000e+02 8.400000000000000000e+01 1.700000000000000000e+01 2.400000000000000000e+01
1.040000000000000000e+02 8.600000000000000000e+01 2.200000000000000000e+01 2.400000000000000000e+01
1.120000000000000000e+02 8.600000000000000000e+01 2.000000000000000000e+01 2.200000000000000000e+01
1.040000000000000000e+02 8.600000000000000000e+01 2.200000000000000000e+01 2.400000000000000000e+01
1.080000000000000000e+02 8.600000000000000000e+01 2.000000000000000000e+01 2.700000000000000000e+01
1.040000000000000000e+02 7.300000000000000000e+01 1.700000000000000000e+01 2.400000000000000000e+01
1.070000000000000000e+02 8.800000000000000000e+01 2.000000000000000000e+01 2.500000000000000000e+01
1.160000000000000000e+02 8.800000000000000000e+01 2.400000000000000000e+01 2.200000000000000000e+01
8.400000000000000000e+01 8.500000000000000000e+01 2.000000000000000000e+01 2.500000000000000000e+01
1.080000000000000000e+02 8.800000000000000000e+01 2.200000000000000000e+01 2.700000000000000000e+01
1.030000000000000000e+02 9.300000000000000000e+01 1.900000000000000000e+01 2.300000000000000000e+01
1.080000000000000000e+02 8.600000000000000000e+01 2.000000000000000000e+01 2.500000000000000000e+01
1.080000000000000000e+02 8.600000000000000000e+01 1.900000000000000000e+01 2.200000000000000000e+01
1.080000000000000000e+02 7.300000000000000000e+01 2.100000000000000000e+01 2.300000000000000000e+01
1.080000000000000000e+02 8.600000000000000000e+01 2.100000000000000000e+01 2.300000000000000000e+01
1.020000000000000000e+02 9.000000000000000000e+01 1.900000000000000000e+01 2.200000000000000000e+01
1.040000000000000000e+02 7.500000000000000000e+01 1.900000000000000000e+01 2.300000000000000000e+01
1.040000000000000000e+02 7.200000000000000000e+01 1.800000000000000000e+01 2.400000000000000000e+01
1.020000000000000000e+02 8.800000000000000000e+01 1.800000000000000000e+01 2.300000000000000000e+01
1.000000000000000000e+02 8.800000000000000000e+01 1.900000000000000000e+01 1.600000000000000000e+01
1.120000000000000000e+02 8.800000000000000000e+01 1.900000000000000000e+01 2.500000000000000000e+01
1.100000000000000000e+02 8.200000000000000000e+01 2.000000000000000000e+01 2.500000000000000000e+01
9.000000000000000000e+01 9.200000000000000000e+01 2.000000000000000000e+01 2.800000000000000000e+01
1.140000000000000000e+02 8.400000000000000000e+01 1.900000000000000000e+01 2.500000000000000000e+01
1.080000000000000000e+02 9.100000000000000000e+01 2.000000000000000000e+01 2.400000000000000000e+01
1.000000000000000000e+02 7.300000000000000000e+01 2.100000000000000000e+01 2.500000000000000000e+01
1.040000000000000000e+02 8.600000000000000000e+01 2.200000000000000000e+01 2.600000000000000000e+01
1.040000000000000000e+02 8.600000000000000000e+01 2.100000000000000000e+01 2.400000000000000000e+01
1.150000000000000000e+02 9.000000000000000000e+01 2.300000000000000000e+01 1.900000000000000000e+01
1.100000000000000000e+02 8.800000000000000000e+01 1.800000000000000000e+01 2.300000000000000000e+01
1.030000000000000000e+02 8.800000000000000000e+01 2.000000000000000000e+01 2.400000000000000000e+01
1.140000000000000000e+02 8.200000000000000000e+01 1.900000000000000000e+01 2.500000000000000000e+01
1.020000000000000000e+02 7.400000000000000000e+01 2.000000000000000000e+01 2.200000000000000000e+01
1.060000000000000000e+02 8.200000000000000000e+01 2.100000000000000000e+01 2.900000000000000000e+01
7.300000000000000000e+01 6.900000000000000000e+01 1.900000000000000000e+01 2.500000000000000000e+01
1.060000000000000000e+02 8.000000000000000000e+01 2.100000000000000000e+01 2.300000000000000000e+01
1.080000000000000000e+02 9.300000000000000000e+01 2.100000000000000000e+01 1.700000000000000000e+01
1.000000000000000000e+02 7.000000000000000000e+01 1.900000000000000000e+01 2.400000000000000000e+01
7.500000000000000000e+01 5.500000000000000000e+01 1.900000000000000000e+01 2.200000000000000000e+01
1.100000000000000000e+02 8.800000000000000000e+01 1.800000000000000000e+01 2.800000000000000000e+01
1.100000000000000000e+02 9.000000000000000000e+01 1.900000000000000000e+01 2.500000000000000000e+01
1.080000000000000000e+02 8.600000000000000000e+01 2.000000000000000000e+01 2.600000000000000000e+01
1.140000000000000000e+02 8.600000000000000000e+01 2.400000000000000000e+01 2.100000000000000000e+01
1.120000000000000000e+02 8.800000000000000000e+01 2.000000000000000000e+01 2.500000000000000000e+01
1.100000000000000000e+02 8.200000000000000000e+01 2.000000000000000000e+01 2.600000000000000000e+01
1.000000000000000000e+02 7.300000000000000000e+01 2.100000000000000000e+01 2.200000000000000000e+01
1.160000000000000000e+02 8.400000000000000000e+01 1.800000000000000000e+01 2.500000000000000000e+01
1.140000000000000000e+02 8.600000000000000000e+01 2.000000000000000000e+01 2.600000000000000000e+01
1.080000000000000000e+02 9.000000000000000000e+01 2.000000000000000000e+01 2.700000000000000000e+01
1.060000000000000000e+02 7.100000000000000000e+01 1.900000000000000000e+01 2.600000000000000000e+01
1.140000000000000000e+02 8.600000000000000000e+01 1.900000000000000000e+01 2.500000000000000000e+01
1.080000000000000000e+02 7.300000000000000000e+01 1.900000000000000000e+01 1.800000000000000000e+01
1.080000000000000000e+02 7.800000000000000000e+01 1.800000000000000000e+01 2.700000000000000000e+01
1.080000000000000000e+02 8.800000000000000000e+01 2.000000000000000000e+01 2.400000000000000000e+01
1.080000000000000000e+02 8.600000000000000000e+01 2.000000000000000000e+01 2.500000000000000000e+01
1.080000000000000000e+02 8.600000000000000000e+01 1.800000000000000000e+01 2.300000000000000000e+01
1.100000000000000000e+02 8.400000000000000000e+01 2.000000000000000000e+01 2.600000000000000000e+01
1.160000000000000000e+02 9.000000000000000000e+01 1.800000000000000000e+01 2.300000000000000000e+01
1.060000000000000000e+02 7.500000000000000000e+01 1.900000000000000000e+01 2.600000000000000000e+01
1.080000000000000000e+02 7.400000000000000000e+01 1.900000000000000000e+01 2.400000000000000000e+01
1.030000000000000000e+02 8.600000000000000000e+01 2.300000000000000000e+01 2.400000000000000000e+01
1.140000000000000000e+02 9.000000000000000000e+01 1.800000000000000000e+01 2.200000000000000000e+01
1.100000000000000000e+02 8.600000000000000000e+01 2.100000000000000000e+01 2.400000000000000000e+01
1.140000000000000000e+02 8.400000000000000000e+01 2.200000000000000000e+01 2.400000000000000000e+01
1.080000000000000000e+02 8.400000000000000000e+01 1.900000000000000000e+01 2.700000000000000000e+01
1.140000000000000000e+02 8.400000000000000000e+01 1.900000000000000000e+01 2.500000000000000000e+01
1.100000000000000000e+02 8.600000000000000000e+01 1.800000000000000000e+01 2.600000000000000000e+01
1.160000000000000000e+02 1.020000000000000000e+02 2.100000000000000000e+01 2.400000000000000000e+01
9.000000000000000000e+01 8.900000000000000000e+01 1.600000000000000000e+01 2.600000000000000000e+01
1.040000000000000000e+02 9.300000000000000000e+01 2.100000000000000000e+01 1.900000000000000000e+01
1.020000000000000000e+02 7.300000000000000000e+01 2.100000000000000000e+01 2.500000000000000000e+01
1.100000000000000000e+02 8.800000000000000000e+01 2.000000000000000000e+01 2.400000000000000000e+01
9.000000000000000000e+01 7.500000000000000000e+01 1.900000000000000000e+01 2.400000000000000000e+01
1.080000000000000000e+02 6.900000000000000000e+01 1.900000000000000000e+01 2.200000000000000000e+01
1.060000000000000000e+02 8.000000000000000000e+01 2.200000000000000000e+01 2.400000000000000000e+01
1.010000000000000000e+02 8.200000000000000000e+01 2.100000000000000000e+01 2.600000000000000000e+01
1.020000000000000000e+02 7.400000000000000000e+01 2.000000000000000000e+01 2.200000000000000000e+01
1.080000000000000000e+02 7.400000000000000000e+01 2.000000000000000000e+01 2.200000000000000000e+01
1.140000000000000000e+02 8.200000000000000000e+01 2.300000000000000000e+01 2.700000000000000000e+01
1.030000000000000000e+02 7.400000000000000000e+01 1.900000000000000000e+01 1.700000000000000000e+01
1.060000000000000000e+02 9.100000000000000000e+01 1.800000000000000000e+01 2.500000000000000000e+01
1.180000000000000000e+02 8.600000000000000000e+01 2.300000000000000000e+01 2.600000000000000000e+01
1.160000000000000000e+02 8.600000000000000000e+01 2.200000000000000000e+01 2.700000000000000000e+01
1.060000000000000000e+02 8.600000000000000000e+01 1.900000000000000000e+01 2.300000000000000000e+01
1.100000000000000000e+02 8.000000000000000000e+01 1.900000000000000000e+01 2.200000000000000000e+01
1.100000000000000000e+02 8.200000000000000000e+01 2.000000000000000000e+01 2.400000000000000000e+01
1.100000000000000000e+02 8.300000000000000000e+01 2.400000000000000000e+01 2.400000000000000000e+01
1.200000000000000000e+02 9.500000000000000000e+01 2.100000000000000000e+01 2.200000000000000000e+01
1.040000000000000000e+02 7.300000000000000000e+01 1.800000000000000000e+01 2.300000000000000000e+01
1.100000000000000000e+02 8.000000000000000000e+01 2.100000000000000000e+01 2.300000000000000000e+01
1.060000000000000000e+02 8.600000000000000000e+01 2.000000000000000000e+01 2.500000000000000000e+01
1.080000000000000000e+02 9.000000000000000000e+01 2.300000000000000000e+01 2.700000000000000000e+01
1.180000000000000000e+02 8.600000000000000000e+01 2.000000000000000000e+01 2.300000000000000000e+01
1.060000000000000000e+02 8.600000000000000000e+01 2.200000000000000000e+01 2.700000000000000000e+01
1.120000000000000000e+02 8.800000000000000000e+01 2.100000000000000000e+01 2.300000000000000000e+01
1.070000000000000000e+02 8.000000000000000000e+01 2.000000000000000000e+01 2.400000000000000000e+01
1.060000000000000000e+02 7.200000000000000000e+01 1.700000000000000000e+01 2.000000000000000000e+01
1.030000000000000000e+02 9.200000000000000000e+01 1.900000000000000000e+01 2.300000000000000000e+01
1.080000000000000000e+02 8.400000000000000000e+01 1.900000000000000000e+01 2.400000000000000000e+01
1.040000000000000000e+02 8.600000000000000000e+01 2.200000000000000000e+01 2.200000000000000000e+01
1.060000000000000000e+02 9.200000000000000000e+01 1.800000000000000000e+01 1.500000000000000000e+01
9.250000000000000000e+02 4.200000000000000000e+02 1.900000000000000000e+01 1.700000000000000000e+01
1.055000000000000000e+03 4.430000000000000000e+02 1.800000000000000000e+01 3.300000000000000000e+01
8.930000000000000000e+02 4.290000000000000000e+02 2.200000000000000000e+01 2.600000000000000000e+01
9.050000000000000000e+02 3.660000000000000000e+02 2.300000000000000000e+01 2.600000000000000000e+01
9.190000000000000000e+02 4.060000000000000000e+02 2.400000000000000000e+01 2.600000000000000000e+01
8.770000000000000000e+02 4.200000000000000000e+02 1.900000000000000000e+01 2.800000000000000000e+01
8.650000000000000000e+02 3.640000000000000000e+02 2.300000000000000000e+01 2.700000000000000000e+01
9.240000000000000000e+02 3.620000000000000000e+02 1.900000000000000000e+01 2.300000000000000000e+01
9.570000000000000000e+02 4.270000000000000000e+02 2.200000000000000000e+01 2.400000000000000000e+01
9.770000000000000000e+02 4.330000000000000000e+02 2.200000000000000000e+01 2.300000000000000000e+01
8.770000000000000000e+02 4.490000000000000000e+02 1.900000000000000000e+01 2.200000000000000000e+01
9.550000000000000000e+02 4.220000000000000000e+02 1.900000000000000000e+01 2.600000000000000000e+01
9.430000000000000000e+02 3.780000000000000000e+02 2.300000000000000000e+01 2.500000000000000000e+01
9.670000000000000000e+02 5.270000000000000000e+02 2.100000000000000000e+01 2.500000000000000000e+01
9.630000000000000000e+02 5.180000000000000000e+02 2.000000000000000000e+01 2.600000000000000000e+01
8.330000000000000000e+02 3.540000000000000000e+02 2.100000000000000000e+01 2.800000000000000000e+01
9.060000000000000000e+02 4.080000000000000000e+02 1.800000000000000000e+01 2.600000000000000000e+01
9.750000000000000000e+02 4.160000000000000000e+02 2.000000000000000000e+01 2.600000000000000000e+01
8.430000000000000000e+02 4.900000000000000000e+02 2.000000000000000000e+01 2.500000000000000000e+01
9.270000000000000000e+02 3.660000000000000000e+02 2.200000000000000000e+01 2.500000000000000000e+01
1.051000000000000000e+03 3.600000000000000000e+02 2.000000000000000000e+01 2.500000000000000000e+01
9.410000000000000000e+02 4.350000000000000000e+02 2.000000000000000000e+01 2.400000000000000000e+01
9.270000000000000000e+02 4.360000000000000000e+02 2.100000000000000000e+01 2.600000000000000000e+01
1.015000000000000000e+03 5.280000000000000000e+02 2.200000000000000000e+01 3.200000000000000000e+01
7.950000000000000000e+02 3.580000000000000000e+02 2.100000000000000000e+01 2.300000000000000000e+01
9.170000000000000000e+02 4.930000000000000000e+02 2.200000000000000000e+01 1.400000000000000000e+01
1.043000000000000000e+03 5.790000000000000000e+02 2.300000000000000000e+01 2.500000000000000000e+01
9.850000000000000000e+02 5.560000000000000000e+02 1.900000000000000000e+01 2.300000000000000000e+01
8.410000000000000000e+02 3.900000000000000000e+02 1.800000000000000000e+01 2.500000000000000000e+01
9.470000000000000000e+02 5.260000000000000000e+02 2.300000000000000000e+01 2.400000000000000000e+01
1.061000000000000000e+03 4.610000000000000000e+02 2.300000000000000000e+01 2.300000000000000000e+01
9.130000000000000000e+02 3.600000000000000000e+02 2.000000000000000000e+01 2.400000000000000000e+01
1.010000000000000000e+03 3.820000000000000000e+02 2.100000000000000000e+01 2.600000000000000000e+01
8.290000000000000000e+02 3.550000000000000000e+02 2.200000000000000000e+01 2.900000000000000000e+01
9.790000000000000000e+02 5.440000000000000000e+02 2.100000000000000000e+01 2.400000000000000000e+01
9.210000000000000000e+02 4.210000000000000000e+02 2.000000000000000000e+01 2.700000000000000000e+01
9.450000000000000000e+02 4.290000000000000000e+02 2.100000000000000000e+01 2.300000000000000000e+01
8.650000000000000000e+02 3.520000000000000000e+02 2.200000000000000000e+01 2.400000000000000000e+01
9.560000000000000000e+02 5.390000000000000000e+02 2.100000000000000000e+01 2.600000000000000000e+01
8.930000000000000000e+02 4.080000000000000000e+02 2.200000000000000000e+01 2.700000000000000000e+01
8.590000000000000000e+02 3.660000000000000000e+02 1.900000000000000000e+01 2.400000000000000000e+01
9.350000000000000000e+02 4.340000000000000000e+02 2.100000000000000000e+01 2.200000000000000000e+01
9.450000000000000000e+02 3.660000000000000000e+02 1.900000000000000000e+01 2.600000000000000000e+01
9.430000000000000000e+02 5.470000000000000000e+02 2.100000000000000000e+01 2.600000000000000000e+01
1.025000000000000000e+03 5.760000000000000000e+02 2.100000000000000000e+01 2.400000000000000000e+01
8.750000000000000000e+02 3.540000000000000000e+02 1.900000000000000000e+01 2.300000000000000000e+01
8.890000000000000000e+02 5.320000000000000000e+02 2.200000000000000000e+01 2.700000000000000000e+01
9.930000000000000000e+02 5.650000000000000000e+02 1.900000000000000000e+01 2.500000000000000000e+01
9.190000000000000000e+02 4.270000000000000000e+02 1.800000000000000000e+01 2.300000000000000000e+01
8.090000000000000000e+02 3.620000000000000000e+02 2.200000000000000000e+01 2.600000000000000000e+01
9.950000000000000000e+02 4.360000000000000000e+02 2.300000000000000000e+01 3.000000000000000000e+01
9.190000000000000000e+02 4.630000000000000000e+02 2.300000000000000000e+01 2.500000000000000000e+01
9.750000000000000000e+02 4.880000000000000000e+02 2.100000000000000000e+01 2.400000000000000000e+01
9.550000000000000000e+02 4.350000000000000000e+02 2.000000000000000000e+01 2.200000000000000000e+01
8.350000000000000000e+02 3.460000000000000000e+02 2.000000000000000000e+01 2.400000000000000000e+01
8.780000000000000000e+02 3.660000000000000000e+02 2.200000000000000000e+01 1.500000000000000000e+01
9.990000000000000000e+02 4.410000000000000000e+02 2.300000000000000000e+01 2.500000000000000000e+01
9.750000000000000000e+02 5.290000000000000000e+02 2.200000000000000000e+01 2.600000000000000000e+01
8.450000000000000000e+02 4.980000000000000000e+02 2.500000000000000000e+01 2.900000000000000000e+01
1.029000000000000000e+03 6.030000000000000000e+02 2.500000000000000000e+01 2.300000000000000000e+01
9.830000000000000000e+02 5.150000000000000000e+02 2.000000000000000000e+01 2.500000000000000000e+01
8.150000000000000000e+02 4.380000000000000000e+02 2.200000000000000000e+01 2.700000000000000000e+01
8.640000000000000000e+02 4.100000000000000000e+02 2.000000000000000000e+01 2.200000000000000000e+01
8.330000000000000000e+02 3.580000000000000000e+02 2.000000000000000000e+01 2.500000000000000000e+01
9.410000000000000000e+02 4.230000000000000000e+02 2.300000000000000000e+01 3.200000000000000000e+01
8.600000000000000000e+02 3.920000000000000000e+02 1.900000000000000000e+01 2.300000000000000000e+01
9.390000000000000000e+02 4.260000000000000000e+02 2.100000000000000000e+01 2.500000000000000000e+01
9.670000000000000000e+02 5.530000000000000000e+02 2.100000000000000000e+01 2.200000000000000000e+01
9.410000000000000000e+02 3.700000000000000000e+02 2.200000000000000000e+01 2.600000000000000000e+01
9.230000000000000000e+02 4.160000000000000000e+02 2.000000000000000000e+01 3.000000000000000000e+01
9.370000000000000000e+02 4.080000000000000000e+02 2.300000000000000000e+01 2.800000000000000000e+01
1.033000000000000000e+03 5.010000000000000000e+02 2.100000000000000000e+01 2.600000000000000000e+01
8.700000000000000000e+02 4.620000000000000000e+02 2.000000000000000000e+01 2.500000000000000000e+01
9.550000000000000000e+02 4.180000000000000000e+02 1.900000000000000000e+01 2.300000000000000000e+01
9.630000000000000000e+02 2.980000000000000000e+02 2.300000000000000000e+01 2.500000000000000000e+01
9.820000000000000000e+02 5.800000000000000000e+02 2.200000000000000000e+01 2.600000000000000000e+01
9.070000000000000000e+02 4.270000000000000000e+02 2.100000000000000000e+01 2.400000000000000000e+01
9.950000000000000000e+02 4.400000000000000000e+02 2.200000000000000000e+01 2.300000000000000000e+01
9.790000000000000000e+02 4.510000000000000000e+02 2.400000000000000000e+01 2.400000000000000000e+01
9.410000000000000000e+02 4.280000000000000000e+02 2.000000000000000000e+01 2.800000000000000000e+01
9.530000000000000000e+02 4.790000000000000000e+02 2.000000000000000000e+01 2.300000000000000000e+01
8.290000000000000000e+02 3.880000000000000000e+02 2.200000000000000000e+01 2.600000000000000000e+01
9.360000000000000000e+02 3.580000000000000000e+02 2.200000000000000000e+01 2.200000000000000000e+01
9.850000000000000000e+02 4.450000000000000000e+02 2.200000000000000000e+01 2.400000000000000000e+01
9.530000000000000000e+02 4.250000000000000000e+02 2.400000000000000000e+01 2.300000000000000000e+01
9.010000000000000000e+02 3.980000000000000000e+02 1.800000000000000000e+01 2.400000000000000000e+01
9.610000000000000000e+02 5.160000000000000000e+02 2.300000000000000000e+01 2.200000000000000000e+01
9.190000000000000000e+02 4.200000000000000000e+02 2.000000000000000000e+01 1.400000000000000000e+01
9.170000000000000000e+02 3.630000000000000000e+02 2.100000000000000000e+01 2.400000000000000000e+01
8.710000000000000000e+02 3.820000000000000000e+02 2.000000000000000000e+01 2.500000000000000000e+01
7.950000000000000000e+02 3.830000000000000000e+02 2.100000000000000000e+01 1.600000000000000000e+01
9.210000000000000000e+02 4.140000000000000000e+02 1.900000000000000000e+01 3.300000000000000000e+01
8.470000000000000000e+02 3.560000000000000000e+02 2.100000000000000000e+01 2.400000000000000000e+01
9.710000000000000000e+02 3.720000000000000000e+02 2.100000000000000000e+01 2.300000000000000000e+01
9.850000000000000000e+02 4.460000000000000000e+02 1.900000000000000000e+01 2.800000000000000000e+01
9.250000000000000000e+02 3.570000000000000000e+02 2.000000000000000000e+01 2.200000000000000000e+01
9.150000000000000000e+02 4.290000000000000000e+02 2.000000000000000000e+01 3.000000000000000000e+01
9.140000000000000000e+02 4.750000000000000000e+02 2.100000000000000000e+01 2.400000000000000000e+01
7.870000000000000000e+02 3.960000000000000000e+02 1.900000000000000000e+01 1.600000000000000000e+01
9.460000000000000000e+02 4.190000000000000000e+02 2.200000000000000000e+01 2.500000000000000000e+01
9.290000000000000000e+02 3.700000000000000000e+02 2.100000000000000000e+01 2.300000000000000000e+01
9.090000000000000000e+02 4.190000000000000000e+02 2.400000000000000000e+01 1.700000000000000000e+01
8.750000000000000000e+02 4.020000000000000000e+02 2.100000000000000000e+01 3.100000000000000000e+01
9.690000000000000000e+02 4.330000000000000000e+02 2.200000000000000000e+01 2.500000000000000000e+01
9.200000000000000000e+02 5.100000000000000000e+02 1.900000000000000000e+01 2.200000000000000000e+01
9.870000000000000000e+02 5.340000000000000000e+02 2.100000000000000000e+01 2.600000000000000000e+01
9.970000000000000000e+02 4.440000000000000000e+02 2.200000000000000000e+01 2.700000000000000000e+01
8.480000000000000000e+02 4.760000000000000000e+02 1.900000000000000000e+01 2.600000000000000000e+01
9.090000000000000000e+02 4.020000000000000000e+02 2.200000000000000000e+01 2.900000000000000000e+01
9.400000000000000000e+02 3.660000000000000000e+02 1.900000000000000000e+01 2.300000000000000000e+01
8.670000000000000000e+02 4.510000000000000000e+02 2.000000000000000000e+01 2.500000000000000000e+01
8.690000000000000000e+02 3.880000000000000000e+02 2.200000000000000000e+01 2.400000000000000000e+01
9.130000000000000000e+02 5.060000000000000000e+02 2.100000000000000000e+01 2.300000000000000000e+01
9.520000000000000000e+02 4.250000000000000000e+02 2.000000000000000000e+01 2.500000000000000000e+01
8.790000000000000000e+02 3.620000000000000000e+02 2.000000000000000000e+01 2.300000000000000000e+01
8.350000000000000000e+02 3.600000000000000000e+02 2.000000000000000000e+01 2.500000000000000000e+01
9.270000000000000000e+02 5.210000000000000000e+02 2.000000000000000000e+01 2.600000000000000000e+01
7.870000000000000000e+02 4.200000000000000000e+02 2.100000000000000000e+01 2.100000000000000000e+01
8.100000000000000000e+02 3.460000000000000000e+02 2.100000000000000000e+01 1.900000000000000000e+01
9.910000000000000000e+02 6.020000000000000000e+02 2.100000000000000000e+01 2.400000000000000000e+01
9.470000000000000000e+02 5.300000000000000000e+02 2.300000000000000000e+01 2.800000000000000000e+01
8.250000000000000000e+02 4.050000000000000000e+02 2.100000000000000000e+01 2.900000000000000000e+01
9.770000000000000000e+02 4.830000000000000000e+02 1.900000000000000000e+01 2.400000000000000000e+01
9.190000000000000000e+02 3.650000000000000000e+02 2.000000000000000000e+01 2.400000000000000000e+01
8.310000000000000000e+02 3.620000000000000000e+02 2.000000000000000000e+01 2.500000000000000000e+01
9.400000000000000000e+02 4.310000000000000000e+02 2.100000000000000000e+01 2.200000000000000000e+01
9.270000000000000000e+02 4.770000000000000000e+02 1.900000000000000000e+01 2.500000000000000000e+01
1.023000000000000000e+03 5.450000000000000000e+02 2.200000000000000000e+01 2.500000000000000000e+01
9.830000000000000000e+02 5.880000000000000000e+02 2.100000000000000000e+01 2.800000000000000000e+01
9.290000000000000000e+02 3.720000000000000000e+02 2.200000000000000000e+01 2.500000000000000000e+01
1.001000000000000000e+03 5.580000000000000000e+02 2.400000000000000000e+01 2.300000000000000000e+01
8.480000000000000000e+02 4.130000000000000000e+02 2.000000000000000000e+01 2.200000000000000000e+01
9.030000000000000000e+02 4.340000000000000000e+02 2.200000000000000000e+01 2.600000000000000000e+01
7.900000000000000000e+02 3.480000000000000000e+02 2.100000000000000000e+01 2.300000000000000000e+01
9.600000000000000000e+02 4.330000000000000000e+02 1.900000000000000000e+01 2.500000000000000000e+01
8.680000000000000000e+02 3.580000000000000000e+02 2.000000000000000000e+01 2.200000000000000000e+01
8.810000000000000000e+02 3.580000000000000000e+02 2.200000000000000000e+01 2.500000000000000000e+01
7.950000000000000000e+02 3.560000000000000000e+02 2.000000000000000000e+01 2.400000000000000000e+01
9.990000000000000000e+02 5.590000000000000000e+02 2.100000000000000000e+01 2.300000000000000000e+01
9.730000000000000000e+02 5.590000000000000000e+02 2.200000000000000000e+01 2.600000000000000000e+01
9.510000000000000000e+02 4.180000000000000000e+02 2.000000000000000000e+01 2.600000000000000000e+01
9.590000000000000000e+02 3.690000000000000000e+02 2.100000000000000000e+01 2.500000000000000000e+01
9.750000000000000000e+02 4.350000000000000000e+02 2.200000000000000000e+01 2.100000000000000000e+01
8.870000000000000000e+02 4.000000000000000000e+02 2.000000000000000000e+01 2.900000000000000000e+01
8.570000000000000000e+02 3.440000000000000000e+02 2.000000000000000000e+01 2.300000000000000000e+01
9.970000000000000000e+02 4.410000000000000000e+02 2.300000000000000000e+01 2.500000000000000000e+01
1.007000000000000000e+03 3.780000000000000000e+02 2.000000000000000000e+01 2.500000000000000000e+01
8.990000000000000000e+02 3.580000000000000000e+02 2.100000000000000000e+01 2.400000000000000000e+01
8.790000000000000000e+02 5.220000000000000000e+02 2.100000000000000000e+01 2.800000000000000000e+01
9.150000000000000000e+02 4.000000000000000000e+02 2.100000000000000000e+01 2.700000000000000000e+01
9.260000000000000000e+02 4.190000000000000000e+02 2.000000000000000000e+01 2.500000000000000000e+01
9.130000000000000000e+02 3.540000000000000000e+02 2.200000000000000000e+01 3.000000000000000000e+01
9.610000000000000000e+02 3.800000000000000000e+02 2.100000000000000000e+01 3.100000000000000000e+01
9.660000000000000000e+02 4.320000000000000000e+02 1.900000000000000000e+01 2.400000000000000000e+01
9.070000000000000000e+02 4.790000000000000000e+02 2.100000000000000000e+01 2.900000000000000000e+01
9.990000000000000000e+02 4.460000000000000000e+02 2.100000000000000000e+01 2.500000000000000000e+01
9.850000000000000000e+02 4.460000000000000000e+02 1.900000000000000000e+01 2.500000000000000000e+01
9.030000000000000000e+02 4.840000000000000000e+02 2.000000000000000000e+01 2.200000000000000000e+01
9.290000000000000000e+02 5.140000000000000000e+02 2.100000000000000000e+01 2.400000000000000000e+01
9.610000000000000000e+02 5.490000000000000000e+02 2.100000000000000000e+01 2.400000000000000000e+01
1.023000000000000000e+03 4.560000000000000000e+02 2.300000000000000000e+01 2.500000000000000000e+01
9.090000000000000000e+02 4.810000000000000000e+02 2.100000000000000000e+01 2.500000000000000000e+01
9.750000000000000000e+02 3.740000000000000000e+02 2.200000000000000000e+01 3.100000000000000000e+01
9.130000000000000000e+02 3.960000000000000000e+02 2.100000000000000000e+01 3.000000000000000000e+01
1.001000000000000000e+03 4.410000000000000000e+02 2.200000000000000000e+01 2.400000000000000000e+01
9.150000000000000000e+02 4.210000000000000000e+02 2.000000000000000000e+01 2.700000000000000000e+01
9.750000000000000000e+02 4.120000000000000000e+02 2.200000000000000000e+01 2.800000000000000000e+01
8.200000000000000000e+02 4.700000000000000000e+02 2.000000000000000000e+01 2.200000000000000000e+01
8.200000000000000000e+02 3.480000000000000000e+02 2.000000000000000000e+01 2.200000000000000000e+01
8.190000000000000000e+02 3.840000000000000000e+02 2.500000000000000000e+01 2.200000000000000000e+01
9.260000000000000000e+02 4.230000000000000000e+02 2.200000000000000000e+01 2.700000000000000000e+01
8.710000000000000000e+02 4.130000000000000000e+02 1.900000000000000000e+01 2.400000000000000000e+01
9.160000000000000000e+02 4.080000000000000000e+02 2.000000000000000000e+01 2.300000000000000000e+01
8.930000000000000000e+02 4.310000000000000000e+02 2.100000000000000000e+01 2.200000000000000000e+01
8.410000000000000000e+02 4.070000000000000000e+02 2.000000000000000000e+01 2.300000000000000000e+01
8.220000000000000000e+02 3.540000000000000000e+02 2.100000000000000000e+01 1.800000000000000000e+01
9.490000000000000000e+02 3.640000000000000000e+02 2.000000000000000000e+01 2.400000000000000000e+01
9.310000000000000000e+02 4.910000000000000000e+02 2.100000000000000000e+01 2.900000000000000000e+01
8.570000000000000000e+02 4.110000000000000000e+02 2.000000000000000000e+01 2.100000000000000000e+01
8.550000000000000000e+02 4.900000000000000000e+02 2.400000000000000000e+01 2.800000000000000000e+01
1.039000000000000000e+03 4.960000000000000000e+02 2.300000000000000000e+01 2.600000000000000000e+01
9.730000000000000000e+02 4.340000000000000000e+02 2.200000000000000000e+01 2.400000000000000000e+01
8.400000000000000000e+02 4.060000000000000000e+02 2.000000000000000000e+01 2.500000000000000000e+01
9.430000000000000000e+02 4.120000000000000000e+02 2.000000000000000000e+01 2.400000000000000000e+01
9.760000000000000000e+02 4.290000000000000000e+02 2.000000000000000000e+01 2.500000000000000000e+01
9.370000000000000000e+02 4.160000000000000000e+02 2.200000000000000000e+01 2.200000000000000000e+01
1.005000000000000000e+03 4.460000000000000000e+02 2.200000000000000000e+01 2.500000000000000000e+01
8.100000000000000000e+02 3.540000000000000000e+02 2.000000000000000000e+01 2.200000000000000000e+01
9.310000000000000000e+02 3.790000000000000000e+02 2.000000000000000000e+01 3.300000000000000000e+01
8.890000000000000000e+02 5.650000000000000000e+02 2.100000000000000000e+01 2.200000000000000000e+01
8.810000000000000000e+02 3.520000000000000000e+02 1.900000000000000000e+01 2.400000000000000000e+01
9.930000000000000000e+02 4.390000000000000000e+02 2.000000000000000000e+01 2.400000000000000000e+01
8.790000000000000000e+02 4.060000000000000000e+02 2.200000000000000000e+01 2.600000000000000000e+01
9.500000000000000000e+02 5.240000000000000000e+02 1.900000000000000000e+01 3.100000000000000000e+01
9.130000000000000000e+02 4.120000000000000000e+02 2.000000000000000000e+01 2.800000000000000000e+01
8.240000000000000000e+02 4.090000000000000000e+02 1.900000000000000000e+01 2.600000000000000000e+01
9.350000000000000000e+02 5.140000000000000000e+02 2.000000000000000000e+01 2.300000000000000000e+01
9.150000000000000000e+02 3.630000000000000000e+02 2.100000000000000000e+01 2.600000000000000000e+01
9.360000000000000000e+02 4.230000000000000000e+02 2.100000000000000000e+01 2.600000000000000000e+01
9.510000000000000000e+02 3.700000000000000000e+02 2.000000000000000000e+01 2.100000000000000000e+01
3.999000000000000000e+03 1.879000000000000000e+03 1.900000000000000000e+01 1.700000000000000000e+01
3.999000000000000000e+03 1.601000000000000000e+03 1.800000000000000000e+01 3.300000000000000000e+01
3.999000000000000000e+03 2.091000000000000000e+03 2.200000000000000000e+01 2.600000000000000000e+01
3.999000000000000000e+03 1.697000000000000000e+03 2.300000000000000000e+01 2.600000000000000000e+01
3.999000000000000000e+03 2.031000000000000000e+03 2.400000000000000000e+01 2.600000000000000000e+01
3.999000000000000000e+03 2.367000000000000000e+03 1.900000000000000000e+01 2.800000000000000000e+01
3.999000000000000000e+03 1.651000000000000000e+03 2.500000000000000000e+01 2.700000000000000000e+01
3.999000000000000000e+03 1.650000000000000000e+03 1.800000000000000000e+01 2.300000000000000000e+01
3.999000000000000000e+03 1.687000000000000000e+03 2.200000000000000000e+01 2.400000000000000000e+01
3.999000000000000000e+03 2.093000000000000000e+03 2.100000000000000000e+01 2.300000000000000000e+01
3.999000000000000000e+03 2.382000000000000000e+03 2.100000000000000000e+01 2.200000000000000000e+01
3.999000000000000000e+03 1.837000000000000000e+03 2.100000000000000000e+01 2.600000000000000000e+01
3.999000000000000000e+03 1.729000000000000000e+03 2.300000000000000000e+01 2.500000000000000000e+01
3.999000000000000000e+03 1.733000000000000000e+03 2.100000000000000000e+01 2.500000000000000000e+01
3.999000000000000000e+03 2.840000000000000000e+03 2.100000000000000000e+01 2.600000000000000000e+01
3.999000000000000000e+03 1.319000000000000000e+03 2.100000000000000000e+01 2.800000000000000000e+01
3.999000000000000000e+03 1.460000000000000000e+03 1.900000000000000000e+01 2.600000000000000000e+01
3.999000000000000000e+03 1.847000000000000000e+03 2.100000000000000000e+01 2.600000000000000000e+01
3.999000000000000000e+03 2.395000000000000000e+03 2.100000000000000000e+01 2.500000000000000000e+01
3.999000000000000000e+03 2.293000000000000000e+03 2.200000000000000000e+01 2.500000000000000000e+01
3.999000000000000000e+03 1.922000000000000000e+03 2.000000000000000000e+01 3.000000000000000000e+01
3.999000000000000000e+03 1.723000000000000000e+03 2.000000000000000000e+01 2.300000000000000000e+01
3.999000000000000000e+03 1.964000000000000000e+03 1.900000000000000000e+01 2.600000000000000000e+01
3.999000000000000000e+03 2.510000000000000000e+03 2.100000000000000000e+01 2.800000000000000000e+01
3.999000000000000000e+03 1.961000000000000000e+03 2.000000000000000000e+01 2.300000000000000000e+01
3.999000000000000000e+03 2.359000000000000000e+03 2.300000000000000000e+01 1.400000000000000000e+01
3.999000000000000000e+03 2.910000000000000000e+03 2.400000000000000000e+01 2.500000000000000000e+01
3.999000000000000000e+03 2.205000000000000000e+03 2.100000000000000000e+01 2.300000000000000000e+01
3.999000000000000000e+03 1.289000000000000000e+03 1.900000000000000000e+01 2.500000000000000000e+01
3.999000000000000000e+03 1.733000000000000000e+03 1.800000000000000000e+01 2.400000000000000000e+01
3.999000000000000000e+03 1.451000000000000000e+03 2.400000000000000000e+01 2.300000000000000000e+01
3.999000000000000000e+03 1.456000000000000000e+03 2.200000000000000000e+01 2.400000000000000000e+01
3.999000000000000000e+03 1.746000000000000000e+03 2.200000000000000000e+01 2.600000000000000000e+01
3.998000000000000000e+03 1.472000000000000000e+03 2.300000000000000000e+01 2.900000000000000000e+01
3.999000000000000000e+03 1.779000000000000000e+03 2.400000000000000000e+01 2.400000000000000000e+01
3.999000000000000000e+03 2.151000000000000000e+03 2.200000000000000000e+01 2.700000000000000000e+01
3.999000000000000000e+03 2.035000000000000000e+03 2.100000000000000000e+01 2.300000000000000000e+01
3.999000000000000000e+03 1.494000000000000000e+03 2.300000000000000000e+01 2.400000000000000000e+01
3.999000000000000000e+03 2.701000000000000000e+03 2.000000000000000000e+01 2.600000000000000000e+01
3.999000000000000000e+03 1.953000000000000000e+03 2.500000000000000000e+01 3.200000000000000000e+01
3.999000000000000000e+03 1.528000000000000000e+03 1.900000000000000000e+01 2.300000000000000000e+01
3.999000000000000000e+03 1.843000000000000000e+03 2.200000000000000000e+01 3.000000000000000000e+01
3.999000000000000000e+03 1.640000000000000000e+03 2.100000000000000000e+01 3.300000000000000000e+01
3.999000000000000000e+03 1.693000000000000000e+03 2.300000000000000000e+01 2.800000000000000000e+01
3.999000000000000000e+03 1.820000000000000000e+03 2.200000000000000000e+01 1.600000000000000000e+01
3.999000000000000000e+03 2.560000000000000000e+03 2.100000000000000000e+01 1.800000000000000000e+01
3.999000000000000000e+03 1.645000000000000000e+03 1.900000000000000000e+01 3.100000000000000000e+01
3.999000000000000000e+03 1.901000000000000000e+03 2.200000000000000000e+01 2.300000000000000000e+01
3.999000000000000000e+03 1.967000000000000000e+03 2.000000000000000000e+01 2.200000000000000000e+01
3.999000000000000000e+03 1.317000000000000000e+03 2.100000000000000000e+01 2.600000000000000000e+01
3.999000000000000000e+03 1.765000000000000000e+03 2.200000000000000000e+01 2.900000000000000000e+01
3.999000000000000000e+03 1.643000000000000000e+03 2.200000000000000000e+01 2.800000000000000000e+01
3.998000000000000000e+03 1.632000000000000000e+03 1.900000000000000000e+01 2.200000000000000000e+01
3.999000000000000000e+03 2.538000000000000000e+03 2.100000000000000000e+01 2.500000000000000000e+01
3.999000000000000000e+03 2.142000000000000000e+03 2.400000000000000000e+01 2.700000000000000000e+01
3.999000000000000000e+03 1.533000000000000000e+03 2.000000000000000000e+01 2.300000000000000000e+01
3.999000000000000000e+03 2.211000000000000000e+03 2.300000000000000000e+01 2.400000000000000000e+01
3.999000000000000000e+03 1.638000000000000000e+03 2.300000000000000000e+01 2.400000000000000000e+01
3.999000000000000000e+03 1.766000000000000000e+03 2.200000000000000000e+01 2.600000000000000000e+01
3.999000000000000000e+03 1.917000000000000000e+03 2.200000000000000000e+01 2.500000000000000000e+01
3.999000000000000000e+03 1.899000000000000000e+03 2.200000000000000000e+01 2.700000000000000000e+01
3.999000000000000000e+03 1.789000000000000000e+03 2.100000000000000000e+01 2.700000000000000000e+01
3.999000000000000000e+03 1.515000000000000000e+03 2.200000000000000000e+01 2.700000000000000000e+01
3.999000000000000000e+03 2.019000000000000000e+03 2.000000000000000000e+01 1.500000000000000000e+01
3.999000000000000000e+03 1.818000000000000000e+03 2.200000000000000000e+01 3.000000000000000000e+01
3.999000000000000000e+03 2.140000000000000000e+03 2.200000000000000000e+01 2.300000000000000000e+01
3.999000000000000000e+03 1.669000000000000000e+03 2.300000000000000000e+01 2.300000000000000000e+01
3.999000000000000000e+03 1.725000000000000000e+03 2.200000000000000000e+01 2.500000000000000000e+01
3.999000000000000000e+03 1.679000000000000000e+03 2.000000000000000000e+01 2.500000000000000000e+01
3.999000000000000000e+03 1.815000000000000000e+03 2.000000000000000000e+01 2.400000000000000000e+01
3.999000000000000000e+03 1.640000000000000000e+03 2.100000000000000000e+01 2.600000000000000000e+01
3.998000000000000000e+03 1.797000000000000000e+03 2.100000000000000000e+01 2.400000000000000000e+01
3.999000000000000000e+03 1.471000000000000000e+03 2.000000000000000000e+01 2.500000000000000000e+01
3.999000000000000000e+03 1.515000000000000000e+03 1.700000000000000000e+01 2.400000000000000000e+01
3.999000000000000000e+03 1.413000000000000000e+03 2.300000000000000000e+01 2.200000000000000000e+01
3.999000000000000000e+03 1.749000000000000000e+03 2.400000000000000000e+01 2.600000000000000000e+01
3.999000000000000000e+03 2.183000000000000000e+03 2.300000000000000000e+01 2.400000000000000000e+01
3.999000000000000000e+03 1.761000000000000000e+03 2.400000000000000000e+01 2.300000000000000000e+01
3.999000000000000000e+03 1.645000000000000000e+03 2.400000000000000000e+01 2.400000000000000000e+01
3.999000000000000000e+03 2.152000000000000000e+03 2.200000000000000000e+01 2.800000000000000000e+01
3.999000000000000000e+03 2.087000000000000000e+03 2.100000000000000000e+01 2.300000000000000000e+01
3.999000000000000000e+03 1.744000000000000000e+03 2.100000000000000000e+01 2.600000000000000000e+01
3.999000000000000000e+03 2.279000000000000000e+03 2.000000000000000000e+01 2.200000000000000000e+01
3.999000000000000000e+03 2.211000000000000000e+03 2.000000000000000000e+01 2.400000000000000000e+01
3.999000000000000000e+03 1.669000000000000000e+03 2.000000000000000000e+01 2.300000000000000000e+01
3.999000000000000000e+03 1.326000000000000000e+03 2.100000000000000000e+01 2.400000000000000000e+01
3.999000000000000000e+03 1.765000000000000000e+03 2.100000000000000000e+01 2.200000000000000000e+01
3.999000000000000000e+03 1.687000000000000000e+03 1.800000000000000000e+01 2.300000000000000000e+01
3.999000000000000000e+03 1.706000000000000000e+03 2.100000000000000000e+01 2.200000000000000000e+01
3.999000000000000000e+03 1.949000000000000000e+03 2.100000000000000000e+01 2.400000000000000000e+01
3.999000000000000000e+03 2.007000000000000000e+03 2.000000000000000000e+01 2.300000000000000000e+01
3.999000000000000000e+03 9.340000000000000000e+02 2.200000000000000000e+01 2.500000000000000000e+01
3.999000000000000000e+03 1.631000000000000000e+03 2.100000000000000000e+01 2.300000000000000000e+01
3.999000000000000000e+03 1.885000000000000000e+03 1.700000000000000000e+01 2.600000000000000000e+01
3.999000000000000000e+03 2.229000000000000000e+03 2.300000000000000000e+01 2.700000000000000000e+01
3.999000000000000000e+03 2.109000000000000000e+03 2.100000000000000000e+01 1.900000000000000000e+01
3.999000000000000000e+03 2.318000000000000000e+03 2.200000000000000000e+01 3.100000000000000000e+01
3.999000000000000000e+03 1.693000000000000000e+03 2.300000000000000000e+01 2.200000000000000000e+01
3.999000000000000000e+03 1.816000000000000000e+03 2.200000000000000000e+01 2.200000000000000000e+01
3.999000000000000000e+03 2.362000000000000000e+03 2.200000000000000000e+01 2.200000000000000000e+01
3.999000000000000000e+03 1.709000000000000000e+03 2.200000000000000000e+01 2.600000000000000000e+01
3.999000000000000000e+03 1.833000000000000000e+03 2.100000000000000000e+01 2.400000000000000000e+01
3.999000000000000000e+03 1.963000000000000000e+03 2.200000000000000000e+01 2.700000000000000000e+01
3.999000000000000000e+03 2.287000000000000000e+03 2.400000000000000000e+01 2.600000000000000000e+01
3.998000000000000000e+03 1.721000000000000000e+03 1.800000000000000000e+01 2.400000000000000000e+01
3.999000000000000000e+03 1.775000000000000000e+03 2.300000000000000000e+01 2.200000000000000000e+01
3.999000000000000000e+03 1.599000000000000000e+03 2.200000000000000000e+01 2.300000000000000000e+01
3.999000000000000000e+03 2.017000000000000000e+03 1.900000000000000000e+01 2.300000000000000000e+01
3.999000000000000000e+03 2.257000000000000000e+03 2.100000000000000000e+01 2.500000000000000000e+01
3.999000000000000000e+03 2.117000000000000000e+03 2.000000000000000000e+01 1.500000000000000000e+01
3.999000000000000000e+03 1.661000000000000000e+03 2.100000000000000000e+01 2.400000000000000000e+01
3.999000000000000000e+03 1.522000000000000000e+03 2.000000000000000000e+01 2.500000000000000000e+01
3.999000000000000000e+03 1.671000000000000000e+03 2.200000000000000000e+01 2.500000000000000000e+01
3.999000000000000000e+03 1.566000000000000000e+03 2.000000000000000000e+01 2.400000000000000000e+01
3.999000000000000000e+03 2.037000000000000000e+03 2.000000000000000000e+01 2.200000000000000000e+01
3.999000000000000000e+03 1.437000000000000000e+03 2.000000000000000000e+01 2.200000000000000000e+01
3.999000000000000000e+03 1.629000000000000000e+03 2.100000000000000000e+01 2.800000000000000000e+01
3.999000000000000000e+03 1.731000000000000000e+03 2.000000000000000000e+01 2.200000000000000000e+01
3.999000000000000000e+03 2.243000000000000000e+03 1.900000000000000000e+01 2.400000000000000000e+01
3.999000000000000000e+03 1.716000000000000000e+03 2.000000000000000000e+01 2.600000000000000000e+01
3.999000000000000000e+03 1.863000000000000000e+03 2.100000000000000000e+01 2.600000000000000000e+01
3.999000000000000000e+03 1.459000000000000000e+03 2.200000000000000000e+01 2.400000000000000000e+01
3.999000000000000000e+03 1.929000000000000000e+03 2.300000000000000000e+01 2.400000000000000000e+01
3.999000000000000000e+03 1.476000000000000000e+03 1.900000000000000000e+01 2.200000000000000000e+01
3.999000000000000000e+03 1.652000000000000000e+03 2.200000000000000000e+01 2.500000000000000000e+01
3.999000000000000000e+03 1.717000000000000000e+03 2.100000000000000000e+01 2.600000000000000000e+01
3.999000000000000000e+03 2.630000000000000000e+03 2.100000000000000000e+01 2.400000000000000000e+01
3.999000000000000000e+03 1.635000000000000000e+03 2.200000000000000000e+01 2.800000000000000000e+01
3.999000000000000000e+03 1.763000000000000000e+03 2.000000000000000000e+01 2.400000000000000000e+01
3.999000000000000000e+03 1.682000000000000000e+03 2.300000000000000000e+01 2.600000000000000000e+01
3.999000000000000000e+03 9.750000000000000000e+02 2.100000000000000000e+01 2.400000000000000000e+01
3.999000000000000000e+03 1.536000000000000000e+03 1.900000000000000000e+01 2.200000000000000000e+01
3.999000000000000000e+03 1.701000000000000000e+03 2.500000000000000000e+01 3.000000000000000000e+01
3.999000000000000000e+03 1.154000000000000000e+03 1.900000000000000000e+01 2.400000000000000000e+01
3.999000000000000000e+03 2.377000000000000000e+03 2.100000000000000000e+01 2.900000000000000000e+01
3.999000000000000000e+03 1.449000000000000000e+03 2.300000000000000000e+01 2.500000000000000000e+01
3.999000000000000000e+03 1.641000000000000000e+03 1.900000000000000000e+01 2.400000000000000000e+01
3.999000000000000000e+03 1.661000000000000000e+03 2.100000000000000000e+01 2.400000000000000000e+01
3.999000000000000000e+03 2.445000000000000000e+03 2.200000000000000000e+01 2.900000000000000000e+01
3.999000000000000000e+03 1.739000000000000000e+03 1.900000000000000000e+01 2.600000000000000000e+01
3.999000000000000000e+03 2.229000000000000000e+03 2.300000000000000000e+01 2.400000000000000000e+01
3.999000000000000000e+03 1.836000000000000000e+03 2.300000000000000000e+01 2.200000000000000000e+01
3.999000000000000000e+03 2.607000000000000000e+03 2.000000000000000000e+01 2.200000000000000000e+01
3.999000000000000000e+03 1.951000000000000000e+03 2.200000000000000000e+01 2.700000000000000000e+01
3.999000000000000000e+03 2.074000000000000000e+03 2.000000000000000000e+01 2.600000000000000000e+01
3.999000000000000000e+03 1.724000000000000000e+03 1.900000000000000000e+01 2.400000000000000000e+01
3.999000000000000000e+03 1.561000000000000000e+03 2.100000000000000000e+01 2.200000000000000000e+01
3.999000000000000000e+03 2.298000000000000000e+03 2.100000000000000000e+01 2.600000000000000000e+01
3.999000000000000000e+03 1.491000000000000000e+03 2.200000000000000000e+01 2.500000000000000000e+01
3.999000000000000000e+03 1.856000000000000000e+03 1.700000000000000000e+01 3.100000000000000000e+01
3.999000000000000000e+03 1.681000000000000000e+03 2.000000000000000000e+01 2.400000000000000000e+01
3.999000000000000000e+03 1.999000000000000000e+03 2.000000000000000000e+01 2.600000000000000000e+01
3.999000000000000000e+03 2.178000000000000000e+03 2.000000000000000000e+01 2.900000000000000000e+01
3.999000000000000000e+03 2.177000000000000000e+03 2.300000000000000000e+01 2.600000000000000000e+01
3.999000000000000000e+03 2.151000000000000000e+03 2.100000000000000000e+01 3.100000000000000000e+01
3.999000000000000000e+03 2.501000000000000000e+03 2.100000000000000000e+01 2.500000000000000000e+01
3.999000000000000000e+03 2.115000000000000000e+03 2.100000000000000000e+01 2.400000000000000000e+01
3.999000000000000000e+03 1.535000000000000000e+03 2.200000000000000000e+01 2.700000000000000000e+01
3.999000000000000000e+03 1.740000000000000000e+03 2.200000000000000000e+01 2.300000000000000000e+01
3.999000000000000000e+03 1.548000000000000000e+03 2.200000000000000000e+01 2.300000000000000000e+01
3.999000000000000000e+03 2.250000000000000000e+03 2.000000000000000000e+01 2.500000000000000000e+01
3.999000000000000000e+03 2.053000000000000000e+03 2.200000000000000000e+01 2.700000000000000000e+01
3.999000000000000000e+03 2.513000000000000000e+03 1.900000000000000000e+01 2.500000000000000000e+01
3.999000000000000000e+03 1.968000000000000000e+03 2.200000000000000000e+01 2.400000000000000000e+01
3.999000000000000000e+03 2.366000000000000000e+03 2.000000000000000000e+01 2.400000000000000000e+01
3.999000000000000000e+03 2.211000000000000000e+03 2.300000000000000000e+01 2.200000000000000000e+01
3.999000000000000000e+03 1.833000000000000000e+03 2.100000000000000000e+01 2.400000000000000000e+01
3.999000000000000000e+03 1.473000000000000000e+03 2.000000000000000000e+01 2.300000000000000000e+01
3.999000000000000000e+03 1.579000000000000000e+03 2.300000000000000000e+01 2.200000000000000000e+01
3.999000000000000000e+03 1.639000000000000000e+03 2.100000000000000000e+01 3.200000000000000000e+01
3.999000000000000000e+03 1.863000000000000000e+03 2.200000000000000000e+01 2.500000000000000000e+01
3.999000000000000000e+03 1.523000000000000000e+03 2.200000000000000000e+01 2.200000000000000000e+01
3.999000000000000000e+03 2.069000000000000000e+03 2.000000000000000000e+01 2.300000000000000000e+01
3.999000000000000000e+03 9.510000000000000000e+02 2.000000000000000000e+01 2.600000000000000000e+01
3.999000000000000000e+03 1.699000000000000000e+03 2.100000000000000000e+01 2.500000000000000000e+01
3.999000000000000000e+03 1.482000000000000000e+03 1.900000000000000000e+01 2.200000000000000000e+01
3.999000000000000000e+03 1.805000000000000000e+03 2.000000000000000000e+01 2.600000000000000000e+01
3.999000000000000000e+03 1.896000000000000000e+03 2.200000000000000000e+01 3.000000000000000000e+01
3.999000000000000000e+03 2.385000000000000000e+03 2.000000000000000000e+01 2.600000000000000000e+01
3.999000000000000000e+03 1.525000000000000000e+03 2.200000000000000000e+01 2.600000000000000000e+01
3.999000000000000000e+03 2.357000000000000000e+03 2.100000000000000000e+01 2.600000000000000000e+01
3.999000000000000000e+03 2.361000000000000000e+03 2.100000000000000000e+01 2.300000000000000000e+01
3.998000000000000000e+03 1.506000000000000000e+03 2.200000000000000000e+01 2.200000000000000000e+01
3.999000000000000000e+03 1.817000000000000000e+03 2.000000000000000000e+01 2.600000000000000000e+01
3.999000000000000000e+03 9.700000000000000000e+02 2.400000000000000000e+01 2.500000000000000000e+01
3.999000000000000000e+03 2.321000000000000000e+03 2.300000000000000000e+01 2.400000000000000000e+01
3.999000000000000000e+03 1.851000000000000000e+03 2.300000000000000000e+01 2.300000000000000000e+01
3.999000000000000000e+03 1.495000000000000000e+03 1.900000000000000000e+01 2.300000000000000000e+01
3.999000000000000000e+03 1.855000000000000000e+03 2.000000000000000000e+01 2.700000000000000000e+01
3.999000000000000000e+03 1.693000000000000000e+03 2.200000000000000000e+01 2.200000000000000000e+01
3.999000000000000000e+03 1.643000000000000000e+03 2.000000000000000000e+01 3.100000000000000000e+01
3.999000000000000000e+03 1.765000000000000000e+03 2.200000000000000000e+01 2.400000000000000000e+01
3.999000000000000000e+03 2.123000000000000000e+03 2.400000000000000000e+01 2.300000000000000000e+01
3.999000000000000000e+03 1.747000000000000000e+03 2.200000000000000000e+01 2.400000000000000000e+01
3.999000000000000000e+03 1.641000000000000000e+03 2.200000000000000000e+01 3.200000000000000000e+01
3.999000000000000000e+03 1.468000000000000000e+03 1.900000000000000000e+01 2.500000000000000000e+01
3.999000000000000000e+03 1.680000000000000000e+03 1.900000000000000000e+01 2.300000000000000000e+01
3.999000000000000000e+03 1.984000000000000000e+03 1.900000000000000000e+01 2.400000000000000000e+01
3.999000000000000000e+03 1.523000000000000000e+03 2.000000000000000000e+01 2.600000000000000000e+01
3.999000000000000000e+03 1.471000000000000000e+03 2.000000000000000000e+01 2.100000000000000000e+01
1.900000000000000000e+01 2.600000000000000000e+01 1.100000000000000000e+01 2.000000000000000000e+01
2.100000000000000000e+01 3.200000000000000000e+01 1.000000000000000000e+01 1.500000000000000000e+01
2.100000000000000000e+01 2.500000000000000000e+01 1.000000000000000000e+01 1.200000000000000000e+01
2.200000000000000000e+01 2.500000000000000000e+01 1.100000000000000000e+01 1.600000000000000000e+01
2.300000000000000000e+01 2.300000000000000000e+01 1.000000000000000000e+01 1.700000000000000000e+01
2.300000000000000000e+01 2.500000000000000000e+01 1.000000000000000000e+01 1.600000000000000000e+01
2.100000000000000000e+01 2.900000000000000000e+01 1.000000000000000000e+01 1.100000000000000000e+01
1.900000000000000000e+01 3.100000000000000000e+01 1.100000000000000000e+01 1.600000000000000000e+01
2.100000000000000000e+01 2.500000000000000000e+01 9.000000000000000000e+00 1.700000000000000000e+01
2.100000000000000000e+01 2.800000000000000000e+01 1.000000000000000000e+01 1.400000000000000000e+01
1.900000000000000000e+01 2.500000000000000000e+01 1.000000000000000000e+01 1.600000000000000000e+01
1.900000000000000000e+01 2.700000000000000000e+01 1.000000000000000000e+01 1.400000000000000000e+01
2.100000000000000000e+01 2.900000000000000000e+01 1.100000000000000000e+01 1.200000000000000000e+01
2.100000000000000000e+01 2.500000000000000000e+01 1.000000000000000000e+01 1.600000000000000000e+01
2.400000000000000000e+01 2.800000000000000000e+01 1.200000000000000000e+01 1.200000000000000000e+01
2.400000000000000000e+01 2.800000000000000000e+01 1.100000000000000000e+01 1.100000000000000000e+01
1.900000000000000000e+01 2.300000000000000000e+01 1.000000000000000000e+01 1.400000000000000000e+01
2.400000000000000000e+01 2.600000000000000000e+01 1.100000000000000000e+01 1.500000000000000000e+01
2.400000000000000000e+01 2.700000000000000000e+01 1.000000000000000000e+01 1.800000000000000000e+01
2.200000000000000000e+01 2.600000000000000000e+01 1.200000000000000000e+01 1.000000000000000000e+01
2.300000000000000000e+01 2.800000000000000000e+01 1.000000000000000000e+01 1.400000000000000000e+01
2.400000000000000000e+01 2.300000000000000000e+01 1.000000000000000000e+01 1.200000000000000000e+01
2.300000000000000000e+01 2.900000000000000000e+01 8.000000000000000000e+00 1.300000000000000000e+01
2.300000000000000000e+01 2.500000000000000000e+01 8.000000000000000000e+00 1.400000000000000000e+01
2.300000000000000000e+01 2.700000000000000000e+01 1.100000000000000000e+01 1.400000000000000000e+01
1.900000000000000000e+01 2.800000000000000000e+01 7.000000000000000000e+00 1.100000000000000000e+01
2.100000000000000000e+01 2.600000000000000000e+01 1.000000000000000000e+01 1.600000000000000000e+01
2.400000000000000000e+01 2.900000000000000000e+01 1.100000000000000000e+01 1.800000000000000000e+01
2.100000000000000000e+01 2.900000000000000000e+01 1.000000000000000000e+01 1.200000000000000000e+01
2.200000000000000000e+01 2.900000000000000000e+01 1.100000000000000000e+01 1.100000000000000000e+01
2.100000000000000000e+01 2.600000000000000000e+01 1.000000000000000000e+01 1.600000000000000000e+01
2.100000000000000000e+01 2.700000000000000000e+01 9.000000000000000000e+00 1.200000000000000000e+01
2.300000000000000000e+01 2.700000000000000000e+01 1.200000000000000000e+01 1.400000000000000000e+01
2.300000000000000000e+01 2.600000000000000000e+01 9.000000000000000000e+00 1.500000000000000000e+01
2.300000000000000000e+01 2.300000000000000000e+01 1.200000000000000000e+01 1.000000000000000000e+01
2.100000000000000000e+01 2.900000000000000000e+01 1.300000000000000000e+01 1.500000000000000000e+01
2.300000000000000000e+01 3.100000000000000000e+01 1.000000000000000000e+01 1.400000000000000000e+01
1.900000000000000000e+01 2.600000000000000000e+01 1.000000000000000000e+01 1.300000000000000000e+01
2.400000000000000000e+01 2.700000000000000000e+01 1.000000000000000000e+01 1.500000000000000000e+01
1.900000000000000000e+01 2.700000000000000000e+01 1.200000000000000000e+01 1.400000000000000000e+01
2.300000000000000000e+01 2.700000000000000000e+01 9.000000000000000000e+00 1.100000000000000000e+01
2.400000000000000000e+01 2.800000000000000000e+01 9.000000000000000000e+00 1.700000000000000000e+01
2.300000000000000000e+01 2.500000000000000000e+01 1.000000000000000000e+01 1.700000000000000000e+01
2.400000000000000000e+01 2.800000000000000000e+01 8.000000000000000000e+00 1.200000000000000000e+01
2.400000000000000000e+01 2.900000000000000000e+01 1.200000000000000000e+01 1.900000000000000000e+01
2.100000000000000000e+01 2.800000000000000000e+01 1.100000000000000000e+01 1.700000000000000000e+01
2.200000000000000000e+01 2.900000000000000000e+01 1.200000000000000000e+01 1.500000000000000000e+01
1.900000000000000000e+01 2.500000000000000000e+01 1.100000000000000000e+01 9.000000000000000000e+00
2.400000000000000000e+01 3.000000000000000000e+01 1.000000000000000000e+01 1.700000000000000000e+01
2.300000000000000000e+01 2.800000000000000000e+01 8.000000000000000000e+00 1.500000000000000000e+01
2.100000000000000000e+01 2.700000000000000000e+01 9.000000000000000000e+00 1.200000000000000000e+01
2.300000000000000000e+01 2.900000000000000000e+01 9.000000000000000000e+00 1.400000000000000000e+01
2.300000000000000000e+01 2.600000000000000000e+01 9.000000000000000000e+00 1.300000000000000000e+01
2.100000000000000000e+01 2.500000000000000000e+01 9.000000000000000000e+00 1.700000000000000000e+01
2.100000000000000000e+01 2.300000000000000000e+01 1.000000000000000000e+01 1.800000000000000000e+01
1.900000000000000000e+01 2.500000000000000000e+01 9.000000000000000000e+00 1.400000000000000000e+01
2.100000000000000000e+01 1.900000000000000000e+01 9.000000000000000000e+00 1.300000000000000000e+01
2.400000000000000000e+01 2.900000000000000000e+01 8.000000000000000000e+00 1.400000000000000000e+01
2.300000000000000000e+01 2.700000000000000000e+01 9.000000000000000000e+00 1.400000000000000000e+01
2.300000000000000000e+01 2.600000000000000000e+01 1.000000000000000000e+01 1.100000000000000000e+01
1.900000000000000000e+01 2.900000000000000000e+01 1.000000000000000000e+01 1.300000000000000000e+01
2.400000000000000000e+01 2.500000000000000000e+01 9.000000000000000000e+00 1.600000000000000000e+01
2.100000000000000000e+01 2.500000000000000000e+01 1.000000000000000000e+01 1.800000000000000000e+01
2.300000000000000000e+01 2.900000000000000000e+01 9.000000000000000000e+00 1.400000000000000000e+01
2.400000000000000000e+01 2.900000000000000000e+01 1.000000000000000000e+01 1.600000000000000000e+01
2.300000000000000000e+01 2.500000000000000000e+01 1.000000000000000000e+01 1.800000000000000000e+01
2.100000000000000000e+01 2.900000000000000000e+01 1.200000000000000000e+01 1.400000000000000000e+01
2.100000000000000000e+01 2.900000000000000000e+01 1.100000000000000000e+01 1.700000000000000000e+01
2.400000000000000000e+01 2.700000000000000000e+01 1.100000000000000000e+01 1.700000000000000000e+01
2.300000000000000000e+01 2.800000000000000000e+01 1.000000000000000000e+01 1.600000000000000000e+01
2.300000000000000000e+01 2.700000000000000000e+01 1.000000000000000000e+01 1.400000000000000000e+01
2.300000000000000000e+01 2.800000000000000000e+01 1.200000000000000000e+01 1.400000000000000000e+01
2.400000000000000000e+01 2.800000000000000000e+01 1.200000000000000000e+01 1.700000000000000000e+01
1.900000000000000000e+01 3.100000000000000000e+01 1.200000000000000000e+01 1.300000000000000000e+01
2.300000000000000000e+01 2.500000000000000000e+01 8.000000000000000000e+00 1.300000000000000000e+01
2.100000000000000000e+01 2.300000000000000000e+01 1.000000000000000000e+01 1.200000000000000000e+01
2.400000000000000000e+01 2.900000000000000000e+01 9.000000000000000000e+00 1.700000000000000000e+01
2.400000000000000000e+01 2.800000000000000000e+01 9.000000000000000000e+00 1.600000000000000000e+01
2.100000000000000000e+01 2.900000000000000000e+01 9.000000000000000000e+00 1.300000000000000000e+01
2.100000000000000000e+01 2.900000000000000000e+01 1.000000000000000000e+01 1.600000000000000000e+01
2.100000000000000000e+01 2.900000000000000000e+01 1.000000000000000000e+01 1.500000000000000000e+01
2.100000000000000000e+01 2.700000000000000000e+01 1.100000000000000000e+01 1.700000000000000000e+01
2.300000000000000000e+01 2.800000000000000000e+01 8.000000000000000000e+00 1.500000000000000000e+01
2.100000000000000000e+01 2.800000000000000000e+01 1.000000000000000000e+01 1.600000000000000000e+01
2.100000000000000000e+01 2.300000000000000000e+01 1.200000000000000000e+01 1.500000000000000000e+01
2.300000000000000000e+01 2.500000000000000000e+01 9.000000000000000000e+00 1.600000000000000000e+01
2.100000000000000000e+01 3.000000000000000000e+01 9.000000000000000000e+00 1.500000000000000000e+01
1.900000000000000000e+01 2.900000000000000000e+01 1.400000000000000000e+01 1.800000000000000000e+01
2.100000000000000000e+01 2.500000000000000000e+01 1.200000000000000000e+01 1.600000000000000000e+01
1.900000000000000000e+01 2.700000000000000000e+01 1.100000000000000000e+01 1.100000000000000000e+01
2.100000000000000000e+01 3.100000000000000000e+01 1.000000000000000000e+01 1.400000000000000000e+01
2.200000000000000000e+01 2.500000000000000000e+01 1.100000000000000000e+01 1.300000000000000000e+01
2.100000000000000000e+01 2.900000000000000000e+01 9.000000000000000000e+00 1.000000000000000000e+01
2.300000000000000000e+01 2.700000000000000000e+01 1.000000000000000000e+01 1.900000000000000000e+01
2.100000000000000000e+01 3.100000000000000000e+01 9.000000000000000000e+00 1.500000000000000000e+01
2.100000000000000000e+01 2.900000000000000000e+01 8.000000000000000000e+00 1.700000000000000000e+01
2.400000000000000000e+01 3.200000000000000000e+01 8.000000000000000000e+00 1.900000000000000000e+01
2.300000000000000000e+01 2.600000000000000000e+01 9.000000000000000000e+00 1.600000000000000000e+01
2.100000000000000000e+01 2.600000000000000000e+01 1.200000000000000000e+01 1.300000000000000000e+01
2.100000000000000000e+01 2.700000000000000000e+01 8.000000000000000000e+00 1.500000000000000000e+01
2.300000000000000000e+01 2.300000000000000000e+01 9.000000000000000000e+00 1.100000000000000000e+01
2.100000000000000000e+01 2.900000000000000000e+01 1.100000000000000000e+01 1.400000000000000000e+01
2.100000000000000000e+01 3.000000000000000000e+01 1.200000000000000000e+01 1.700000000000000000e+01
2.100000000000000000e+01 2.900000000000000000e+01 1.000000000000000000e+01 1.500000000000000000e+01
2.100000000000000000e+01 2.500000000000000000e+01 1.100000000000000000e+01 1.000000000000000000e+01
2.400000000000000000e+01 2.800000000000000000e+01 9.000000000000000000e+00 1.800000000000000000e+01
2.100000000000000000e+01 2.900000000000000000e+01 1.000000000000000000e+01 1.500000000000000000e+01
2.100000000000000000e+01 2.500000000000000000e+01 9.000000000000000000e+00 1.500000000000000000e+01
2.400000000000000000e+01 2.300000000000000000e+01 1.000000000000000000e+01 1.000000000000000000e+01
2.100000000000000000e+01 2.500000000000000000e+01 1.100000000000000000e+01 1.500000000000000000e+01
1.900000000000000000e+01 2.500000000000000000e+01 1.100000000000000000e+01 1.400000000000000000e+01
2.300000000000000000e+01 2.500000000000000000e+01 1.000000000000000000e+01 1.600000000000000000e+01
2.300000000000000000e+01 2.300000000000000000e+01 1.100000000000000000e+01 1.300000000000000000e+01
2.300000000000000000e+01 2.900000000000000000e+01 1.100000000000000000e+01 1.700000000000000000e+01
1.900000000000000000e+01 2.900000000000000000e+01 1.200000000000000000e+01 1.400000000000000000e+01
2.100000000000000000e+01 3.100000000000000000e+01 1.100000000000000000e+01 1.300000000000000000e+01
2.100000000000000000e+01 2.900000000000000000e+01 1.000000000000000000e+01 1.500000000000000000e+01
2.400000000000000000e+01 2.100000000000000000e+01 1.200000000000000000e+01 1.000000000000000000e+01
2.400000000000000000e+01 2.700000000000000000e+01 1.100000000000000000e+01 1.500000000000000000e+01
2.100000000000000000e+01 2.900000000000000000e+01 9.000000000000000000e+00 1.500000000000000000e+01
2.400000000000000000e+01 2.700000000000000000e+01 1.000000000000000000e+01 1.500000000000000000e+01
2.100000000000000000e+01 2.900000000000000000e+01 1.100000000000000000e+01 1.500000000000000000e+01
2.100000000000000000e+01 2.800000000000000000e+01 1.000000000000000000e+01 1.000000000000000000e+01
2.400000000000000000e+01 2.900000000000000000e+01 9.000000000000000000e+00 9.000000000000000000e+00
2.100000000000000000e+01 2.300000000000000000e+01 1.200000000000000000e+01 1.600000000000000000e+01
2.300000000000000000e+01 2.600000000000000000e+01 1.000000000000000000e+01 1.100000000000000000e+01
1.900000000000000000e+01 3.100000000000000000e+01 1.000000000000000000e+01 1.600000000000000000e+01
2.100000000000000000e+01 2.900000000000000000e+01 1.100000000000000000e+01 1.500000000000000000e+01
2.100000000000000000e+01 2.900000000000000000e+01 1.000000000000000000e+01 1.200000000000000000e+01
2.300000000000000000e+01 2.700000000000000000e+01 1.000000000000000000e+01 1.800000000000000000e+01
2.300000000000000000e+01 2.900000000000000000e+01 1.200000000000000000e+01 1.300000000000000000e+01
2.400000000000000000e+01 2.500000000000000000e+01 1.000000000000000000e+01 1.100000000000000000e+01
2.300000000000000000e+01 2.800000000000000000e+01 8.000000000000000000e+00 1.400000000000000000e+01
2.200000000000000000e+01 2.300000000000000000e+01 1.000000000000000000e+01 1.700000000000000000e+01
2.100000000000000000e+01 2.900000000000000000e+01 8.000000000000000000e+00 1.600000000000000000e+01
1.900000000000000000e+01 2.800000000000000000e+01 1.000000000000000000e+01 1.700000000000000000e+01
2.400000000000000000e+01 2.600000000000000000e+01 1.000000000000000000e+01 1.500000000000000000e+01
2.000000000000000000e+01 2.900000000000000000e+01 9.000000000000000000e+00 1.300000000000000000e+01
2.100000000000000000e+01 2.500000000000000000e+01 1.100000000000000000e+01 1.500000000000000000e+01
2.300000000000000000e+01 2.500000000000000000e+01 1.100000000000000000e+01 1.500000000000000000e+01
2.100000000000000000e+01 2.900000000000000000e+01 1.100000000000000000e+01 1.000000000000000000e+01
1.900000000000000000e+01 2.800000000000000000e+01 1.100000000000000000e+01 1.300000000000000000e+01
2.300000000000000000e+01 2.700000000000000000e+01 1.200000000000000000e+01 1.700000000000000000e+01
2.100000000000000000e+01 2.900000000000000000e+01 9.000000000000000000e+00 1.500000000000000000e+01
2.300000000000000000e+01 2.500000000000000000e+01 1.000000000000000000e+01 1.600000000000000000e+01
1.900000000000000000e+01 3.100000000000000000e+01 1.100000000000000000e+01 1.400000000000000000e+01
2.400000000000000000e+01 2.500000000000000000e+01 1.100000000000000000e+01 1.600000000000000000e+01
2.300000000000000000e+01 2.300000000000000000e+01 1.200000000000000000e+01 1.300000000000000000e+01
2.100000000000000000e+01 2.800000000000000000e+01 1.000000000000000000e+01 1.700000000000000000e+01
2.300000000000000000e+01 2.900000000000000000e+01 1.000000000000000000e+01 1.500000000000000000e+01
2.300000000000000000e+01 3.000000000000000000e+01 1.100000000000000000e+01 1.100000000000000000e+01
2.300000000000000000e+01 2.700000000000000000e+01 1.000000000000000000e+01 1.700000000000000000e+01
2.300000000000000000e+01 2.800000000000000000e+01 9.000000000000000000e+00 1.100000000000000000e+01
2.400000000000000000e+01 2.800000000000000000e+01 1.200000000000000000e+01 1.600000000000000000e+01
2.300000000000000000e+01 2.900000000000000000e+01 1.100000000000000000e+01 1.500000000000000000e+01
2.400000000000000000e+01 3.100000000000000000e+01 1.200000000000000000e+01 1.700000000000000000e+01
2.300000000000000000e+01 2.500000000000000000e+01 1.000000000000000000e+01 1.700000000000000000e+01
2.100000000000000000e+01 2.300000000000000000e+01 1.000000000000000000e+01 1.200000000000000000e+01
1.900000000000000000e+01 1.900000000000000000e+01 9.000000000000000000e+00 1.800000000000000000e+01
2.300000000000000000e+01 2.500000000000000000e+01 9.000000000000000000e+00 1.600000000000000000e+01
2.400000000000000000e+01 2.800000000000000000e+01 1.000000000000000000e+01 1.600000000000000000e+01
2.300000000000000000e+01 3.100000000000000000e+01 9.000000000000000000e+00 1.400000000000000000e+01
2.300000000000000000e+01 2.900000000000000000e+01 1.000000000000000000e+01 1.500000000000000000e+01
2.400000000000000000e+01 2.700000000000000000e+01 9.000000000000000000e+00 1.600000000000000000e+01
2.400000000000000000e+01 2.600000000000000000e+01 1.000000000000000000e+01 1.400000000000000000e+01
2.300000000000000000e+01 2.700000000000000000e+01 1.200000000000000000e+01 1.800000000000000000e+01
1.900000000000000000e+01 2.900000000000000000e+01 1.300000000000000000e+01 1.200000000000000000e+01
2.400000000000000000e+01 2.500000000000000000e+01 1.100000000000000000e+01 1.700000000000000000e+01
1.900000000000000000e+01 2.800000000000000000e+01 1.200000000000000000e+01 1.500000000000000000e+01
2.400000000000000000e+01 2.700000000000000000e+01 9.000000000000000000e+00 1.500000000000000000e+01
2.100000000000000000e+01 2.900000000000000000e+01 9.000000000000000000e+00 1.700000000000000000e+01
2.100000000000000000e+01 2.300000000000000000e+01 1.200000000000000000e+01 9.000000000000000000e+00
2.100000000000000000e+01 2.700000000000000000e+01 1.200000000000000000e+01 1.900000000000000000e+01
2.200000000000000000e+01 2.500000000000000000e+01 9.000000000000000000e+00 1.100000000000000000e+01
2.300000000000000000e+01 3.000000000000000000e+01 1.000000000000000000e+01 1.600000000000000000e+01
2.300000000000000000e+01 2.700000000000000000e+01 1.000000000000000000e+01 1.800000000000000000e+01
2.400000000000000000e+01 2.500000000000000000e+01 1.000000000000000000e+01 1.400000000000000000e+01
2.400000000000000000e+01 2.800000000000000000e+01 1.100000000000000000e+01 1.400000000000000000e+01
2.300000000000000000e+01 2.600000000000000000e+01 1.100000000000000000e+01 1.500000000000000000e+01
2.100000000000000000e+01 2.900000000000000000e+01 1.000000000000000000e+01 1.300000000000000000e+01
2.300000000000000000e+01 2.700000000000000000e+01 1.100000000000000000e+01 1.600000000000000000e+01
2.100000000000000000e+01 3.100000000000000000e+01 1.100000000000000000e+01 1.800000000000000000e+01
2.300000000000000000e+01 2.500000000000000000e+01 1.300000000000000000e+01 1.700000000000000000e+01
2.100000000000000000e+01 2.600000000000000000e+01 1.000000000000000000e+01 1.600000000000000000e+01
2.300000000000000000e+01 2.700000000000000000e+01 1.000000000000000000e+01 1.600000000000000000e+01
2.300000000000000000e+01 2.500000000000000000e+01 9.000000000000000000e+00 1.400000000000000000e+01
2.100000000000000000e+01 2.900000000000000000e+01 1.300000000000000000e+01 1.100000000000000000e+01
1.900000000000000000e+01 2.800000000000000000e+01 1.100000000000000000e+01 1.000000000000000000e+01
2.400000000000000000e+01 2.700000000000000000e+01 1.100000000000000000e+01 1.200000000000000000e+01
2.100000000000000000e+01 2.900000000000000000e+01 1.200000000000000000e+01 1.100000000000000000e+01
2.100000000000000000e+01 2.900000000000000000e+01 1.100000000000000000e+01 9.000000000000000000e+00
2.300000000000000000e+01 2.600000000000000000e+01 1.200000000000000000e+01 1.700000000000000000e+01
2.300000000000000000e+01 2.800000000000000000e+01 1.000000000000000000e+01 1.500000000000000000e+01
2.300000000000000000e+01 2.700000000000000000e+01 1.000000000000000000e+01 1.700000000000000000e+01
1.900000000000000000e+01 2.800000000000000000e+01 1.000000000000000000e+01 1.600000000000000000e+01
1.900000000000000000e+01 2.900000000000000000e+01 1.000000000000000000e+01 1.600000000000000000e+01
2.100000000000000000e+01 2.900000000000000000e+01 8.000000000000000000e+00 1.000000000000000000e+01
2.300000000000000000e+01 2.900000000000000000e+01 1.000000000000000000e+01 1.500000000000000000e+01
2.400000000000000000e+01 2.700000000000000000e+01 1.100000000000000000e+01 1.300000000000000000e+01
2.300000000000000000e+01 2.900000000000000000e+01 1.100000000000000000e+01 1.200000000000000000e+01
6.700000000000000000e+01 4.700000000000000000e+01 1.600000000000000000e+01 2.200000000000000000e+01
7.100000000000000000e+01 4.300000000000000000e+01 1.800000000000000000e+01 2.400000000000000000e+01
6.900000000000000000e+01 4.700000000000000000e+01 1.700000000000000000e+01 2.000000000000000000e+01
6.700000000000000000e+01 4.700000000000000000e+01 1.400000000000000000e+01 1.900000000000000000e+01
5.900000000000000000e+01 4.500000000000000000e+01 1.600000000000000000e+01 2.500000000000000000e+01
6.300000000000000000e+01 4.500000000000000000e+01 1.500000000000000000e+01 2.400000000000000000e+01
6.100000000000000000e+01 2.900000000000000000e+01 1.500000000000000000e+01 2.800000000000000000e+01
6.300000000000000000e+01 3.100000000000000000e+01 1.900000000000000000e+01 2.400000000000000000e+01
6.800000000000000000e+01 4.700000000000000000e+01 1.600000000000000000e+01 2.100000000000000000e+01
6.900000000000000000e+01 4.700000000000000000e+01 1.700000000000000000e+01 2.500000000000000000e+01
6.700000000000000000e+01 5.900000000000000000e+01 1.500000000000000000e+01 2.100000000000000000e+01
6.100000000000000000e+01 4.500000000000000000e+01 1.900000000000000000e+01 2.200000000000000000e+01
6.700000000000000000e+01 2.900000000000000000e+01 1.900000000000000000e+01 2.400000000000000000e+01
6.600000000000000000e+01 6.300000000000000000e+01 1.700000000000000000e+01 2.600000000000000000e+01
7.300000000000000000e+01 6.300000000000000000e+01 1.400000000000000000e+01 1.700000000000000000e+01
6.500000000000000000e+01 4.500000000000000000e+01 1.600000000000000000e+01 2.100000000000000000e+01
6.700000000000000000e+01 5.700000000000000000e+01 1.600000000000000000e+01 1.800000000000000000e+01
6.500000000000000000e+01 3.100000000000000000e+01 1.900000000000000000e+01 2.200000000000000000e+01
6.500000000000000000e+01 2.900000000000000000e+01 1.700000000000000000e+01 2.100000000000000000e+01
6.300000000000000000e+01 4.700000000000000000e+01 1.600000000000000000e+01 1.900000000000000000e+01
7.100000000000000000e+01 4.700000000000000000e+01 1.600000000000000000e+01 1.600000000000000000e+01
6.900000000000000000e+01 4.500000000000000000e+01 1.500000000000000000e+01 2.000000000000000000e+01
6.900000000000000000e+01 2.900000000000000000e+01 1.500000000000000000e+01 1.900000000000000000e+01
6.500000000000000000e+01 2.900000000000000000e+01 1.400000000000000000e+01 2.600000000000000000e+01
6.500000000000000000e+01 2.900000000000000000e+01 1.500000000000000000e+01 2.000000000000000000e+01
6.900000000000000000e+01 4.700000000000000000e+01 2.000000000000000000e+01 1.900000000000000000e+01
6.300000000000000000e+01 4.700000000000000000e+01 1.700000000000000000e+01 1.900000000000000000e+01
6.100000000000000000e+01 6.100000000000000000e+01 1.600000000000000000e+01 2.600000000000000000e+01
5.900000000000000000e+01 4.900000000000000000e+01 1.800000000000000000e+01 2.400000000000000000e+01
5.700000000000000000e+01 2.700000000000000000e+01 1.800000000000000000e+01 1.900000000000000000e+01
6.500000000000000000e+01 4.700000000000000000e+01 1.700000000000000000e+01 2.300000000000000000e+01
6.500000000000000000e+01 5.900000000000000000e+01 1.700000000000000000e+01 2.300000000000000000e+01
6.700000000000000000e+01 6.300000000000000000e+01 1.600000000000000000e+01 2.300000000000000000e+01
6.500000000000000000e+01 4.500000000000000000e+01 1.500000000000000000e+01 2.300000000000000000e+01
6.500000000000000000e+01 2.900000000000000000e+01 1.700000000000000000e+01 2.000000000000000000e+01
6.300000000000000000e+01 4.500000000000000000e+01 1.700000000000000000e+01 2.400000000000000000e+01
6.700000000000000000e+01 2.900000000000000000e+01 1.700000000000000000e+01 2.300000000000000000e+01
6.300000000000000000e+01 4.900000000000000000e+01 1.900000000000000000e+01 2.000000000000000000e+01
6.500000000000000000e+01 2.900000000000000000e+01 1.800000000000000000e+01 2.000000000000000000e+01
5.300000000000000000e+01 4.900000000000000000e+01 1.500000000000000000e+01 2.300000000000000000e+01
6.500000000000000000e+01 5.700000000000000000e+01 1.400000000000000000e+01 1.700000000000000000e+01
6.900000000000000000e+01 4.500000000000000000e+01 1.600000000000000000e+01 2.000000000000000000e+01
7.100000000000000000e+01 2.900000000000000000e+01 1.500000000000000000e+01 2.200000000000000000e+01
6.900000000000000000e+01 4.700000000000000000e+01 1.400000000000000000e+01 2.400000000000000000e+01
6.900000000000000000e+01 6.300000000000000000e+01 1.600000000000000000e+01 2.500000000000000000e+01
7.100000000000000000e+01 6.300000000000000000e+01 1.800000000000000000e+01 2.100000000000000000e+01
6.500000000000000000e+01 4.500000000000000000e+01 1.400000000000000000e+01 2.500000000000000000e+01
5.300000000000000000e+01 3.100000000000000000e+01 1.800000000000000000e+01 1.800000000000000000e+01
6.900000000000000000e+01 5.900000000000000000e+01 1.400000000000000000e+01 2.000000000000000000e+01
6.600000000000000000e+01 4.500000000000000000e+01 1.800000000000000000e+01 2.300000000000000000e+01
6.900000000000000000e+01 7.300000000000000000e+01 1.400000000000000000e+01 2.000000000000000000e+01
6.900000000000000000e+01 4.700000000000000000e+01 1.500000000000000000e+01 2.200000000000000000e+01
7.100000000000000000e+01 4.500000000000000000e+01 1.400000000000000000e+01 2.700000000000000000e+01
7.100000000000000000e+01 6.100000000000000000e+01 1.400000000000000000e+01 2.200000000000000000e+01
6.900000000000000000e+01 7.100000000000000000e+01 1.700000000000000000e+01 2.400000000000000000e+01
6.600000000000000000e+01 7.100000000000000000e+01 1.500000000000000000e+01 2.400000000000000000e+01
6.700000000000000000e+01 6.900000000000000000e+01 1.300000000000000000e+01 1.800000000000000000e+01
7.300000000000000000e+01 6.100000000000000000e+01 1.300000000000000000e+01 2.100000000000000000e+01
6.900000000000000000e+01 4.500000000000000000e+01 1.600000000000000000e+01 2.300000000000000000e+01
6.900000000000000000e+01 5.900000000000000000e+01 1.300000000000000000e+01 1.700000000000000000e+01
6.100000000000000000e+01 3.100000000000000000e+01 1.700000000000000000e+01 1.800000000000000000e+01
6.900000000000000000e+01 2.900000000000000000e+01 1.400000000000000000e+01 2.100000000000000000e+01
7.500000000000000000e+01 8.300000000000000000e+01 1.300000000000000000e+01 2.200000000000000000e+01
7.100000000000000000e+01 4.700000000000000000e+01 1.700000000000000000e+01 2.200000000000000000e+01
6.900000000000000000e+01 4.500000000000000000e+01 1.800000000000000000e+01 2.400000000000000000e+01
6.700000000000000000e+01 5.900000000000000000e+01 1.500000000000000000e+01 2.100000000000000000e+01
6.300000000000000000e+01 4.700000000000000000e+01 1.500000000000000000e+01 1.900000000000000000e+01
4.900000000000000000e+01 4.500000000000000000e+01 1.600000000000000000e+01 2.600000000000000000e+01
6.300000000000000000e+01 2.900000000000000000e+01 1.500000000000000000e+01 2.100000000000000000e+01
6.500000000000000000e+01 6.100000000000000000e+01 1.800000000000000000e+01 2.000000000000000000e+01
6.700000000000000000e+01 2.900000000000000000e+01 1.600000000000000000e+01 2.100000000000000000e+01
6.900000000000000000e+01 6.300000000000000000e+01 1.500000000000000000e+01 1.900000000000000000e+01
7.300000000000000000e+01 6.300000000000000000e+01 1.600000000000000000e+01 2.300000000000000000e+01
7.100000000000000000e+01 4.700000000000000000e+01 1.700000000000000000e+01 2.300000000000000000e+01
6.500000000000000000e+01 5.700000000000000000e+01 1.500000000000000000e+01 2.100000000000000000e+01
6.600000000000000000e+01 4.700000000000000000e+01 1.700000000000000000e+01 2.000000000000000000e+01
6.500000000000000000e+01 4.700000000000000000e+01 1.500000000000000000e+01 2.700000000000000000e+01
6.700000000000000000e+01 7.100000000000000000e+01 1.600000000000000000e+01 2.000000000000000000e+01
7.100000000000000000e+01 6.500000000000000000e+01 1.800000000000000000e+01 2.400000000000000000e+01
5.800000000000000000e+01 4.700000000000000000e+01 1.700000000000000000e+01 2.100000000000000000e+01
6.900000000000000000e+01 6.300000000000000000e+01 1.500000000000000000e+01 1.900000000000000000e+01
6.900000000000000000e+01 4.500000000000000000e+01 1.700000000000000000e+01 1.800000000000000000e+01
6.700000000000000000e+01 4.500000000000000000e+01 1.600000000000000000e+01 2.000000000000000000e+01
6.600000000000000000e+01 4.500000000000000000e+01 1.700000000000000000e+01 2.300000000000000000e+01
5.500000000000000000e+01 4.500000000000000000e+01 1.600000000000000000e+01 1.900000000000000000e+01
6.500000000000000000e+01 4.700000000000000000e+01 1.500000000000000000e+01 2.500000000000000000e+01
6.500000000000000000e+01 2.900000000000000000e+01 1.500000000000000000e+01 2.500000000000000000e+01
5.300000000000000000e+01 4.500000000000000000e+01 1.800000000000000000e+01 2.000000000000000000e+01
7.300000000000000000e+01 6.500000000000000000e+01 1.700000000000000000e+01 2.600000000000000000e+01
6.500000000000000000e+01 4.500000000000000000e+01 1.700000000000000000e+01 2.100000000000000000e+01
6.300000000000000000e+01 4.900000000000000000e+01 1.500000000000000000e+01 1.800000000000000000e+01
3.500000000000000000e+01 2.900000000000000000e+01 1.600000000000000000e+01 2.000000000000000000e+01
6.900000000000000000e+01 4.500000000000000000e+01 1.700000000000000000e+01 2.300000000000000000e+01
6.700000000000000000e+01 4.500000000000000000e+01 1.700000000000000000e+01 2.100000000000000000e+01
6.900000000000000000e+01 4.900000000000000000e+01 1.600000000000000000e+01 2.100000000000000000e+01
6.500000000000000000e+01 5.700000000000000000e+01 1.400000000000000000e+01 2.200000000000000000e+01
6.500000000000000000e+01 2.900000000000000000e+01 1.700000000000000000e+01 2.500000000000000000e+01
6.700000000000000000e+01 4.500000000000000000e+01 1.600000000000000000e+01 2.500000000000000000e+01
6.800000000000000000e+01 4.700000000000000000e+01 1.400000000000000000e+01 2.200000000000000000e+01
6.500000000000000000e+01 7.100000000000000000e+01 1.600000000000000000e+01 2.000000000000000000e+01
6.900000000000000000e+01 4.700000000000000000e+01 1.600000000000000000e+01 2.200000000000000000e+01
6.900000000000000000e+01 5.900000000000000000e+01 1.500000000000000000e+01 2.000000000000000000e+01
5.700000000000000000e+01 4.500000000000000000e+01 1.800000000000000000e+01 2.200000000000000000e+01
6.100000000000000000e+01 2.900000000000000000e+01 1.500000000000000000e+01 1.800000000000000000e+01
6.300000000000000000e+01 5.700000000000000000e+01 1.300000000000000000e+01 2.000000000000000000e+01
7.100000000000000000e+01 2.900000000000000000e+01 1.700000000000000000e+01 2.200000000000000000e+01
7.500000000000000000e+01 8.300000000000000000e+01 1.400000000000000000e+01 2.400000000000000000e+01
6.500000000000000000e+01 7.100000000000000000e+01 1.600000000000000000e+01 1.900000000000000000e+01
6.500000000000000000e+01 6.100000000000000000e+01 1.700000000000000000e+01 2.000000000000000000e+01
6.300000000000000000e+01 5.100000000000000000e+01 1.500000000000000000e+01 2.100000000000000000e+01
6.500000000000000000e+01 4.700000000000000000e+01 1.600000000000000000e+01 2.500000000000000000e+01
6.300000000000000000e+01 4.500000000000000000e+01 1.400000000000000000e+01 2.500000000000000000e+01
6.100000000000000000e+01 4.700000000000000000e+01 1.400000000000000000e+01 2.100000000000000000e+01
7.000000000000000000e+01 4.700000000000000000e+01 1.700000000000000000e+01 2.300000000000000000e+01
6.100000000000000000e+01 4.700000000000000000e+01 1.900000000000000000e+01 2.400000000000000000e+01
6.500000000000000000e+01 4.700000000000000000e+01 1.700000000000000000e+01 2.500000000000000000e+01
6.900000000000000000e+01 2.900000000000000000e+01 1.800000000000000000e+01 2.200000000000000000e+01
6.700000000000000000e+01 4.700000000000000000e+01 1.700000000000000000e+01 2.100000000000000000e+01
6.900000000000000000e+01 7.300000000000000000e+01 1.700000000000000000e+01 2.300000000000000000e+01
6.900000000000000000e+01 4.700000000000000000e+01 1.600000000000000000e+01 2.100000000000000000e+01
6.900000000000000000e+01 4.700000000000000000e+01 1.600000000000000000e+01 2.100000000000000000e+01
6.200000000000000000e+01 2.900000000000000000e+01 1.800000000000000000e+01 1.900000000000000000e+01
5.300000000000000000e+01 4.900000000000000000e+01 1.700000000000000000e+01 2.300000000000000000e+01
7.100000000000000000e+01 6.300000000000000000e+01 1.300000000000000000e+01 2.400000000000000000e+01
6.100000000000000000e+01 4.900000000000000000e+01 1.700000000000000000e+01 2.100000000000000000e+01
6.900000000000000000e+01 4.500000000000000000e+01 1.600000000000000000e+01 2.100000000000000000e+01
6.500000000000000000e+01 4.700000000000000000e+01 1.300000000000000000e+01 2.500000000000000000e+01
6.700000000000000000e+01 4.700000000000000000e+01 1.500000000000000000e+01 1.900000000000000000e+01
6.900000000000000000e+01 4.500000000000000000e+01 1.800000000000000000e+01 2.100000000000000000e+01
6.500000000000000000e+01 5.900000000000000000e+01 1.400000000000000000e+01 2.300000000000000000e+01
6.500000000000000000e+01 4.700000000000000000e+01 1.600000000000000000e+01 2.500000000000000000e+01
6.800000000000000000e+01 4.500000000000000000e+01 1.400000000000000000e+01 2.500000000000000000e+01
6.500000000000000000e+01 4.300000000000000000e+01 1.500000000000000000e+01 2.000000000000000000e+01
4.500000000000000000e+01 3.300000000000000000e+01 1.700000000000000000e+01 2.000000000000000000e+01
6.700000000000000000e+01 4.700000000000000000e+01 1.600000000000000000e+01 1.900000000000000000e+01
5.700000000000000000e+01 4.900000000000000000e+01 1.800000000000000000e+01 1.800000000000000000e+01
6.300000000000000000e+01 4.500000000000000000e+01 1.500000000000000000e+01 2.200000000000000000e+01
7.100000000000000000e+01 4.700000000000000000e+01 1.700000000000000000e+01 1.700000000000000000e+01
6.900000000000000000e+01 4.900000000000000000e+01 1.600000000000000000e+01 2.400000000000000000e+01
6.900000000000000000e+01 4.300000000000000000e+01 1.500000000000000000e+01 2.100000000000000000e+01
6.700000000000000000e+01 7.100000000000000000e+01 1.500000000000000000e+01 2.000000000000000000e+01
6.300000000000000000e+01 4.900000000000000000e+01 1.700000000000000000e+01 2.600000000000000000e+01
7.100000000000000000e+01 2.900000000000000000e+01 1.500000000000000000e+01 2.300000000000000000e+01
6.300000000000000000e+01 4.700000000000000000e+01 1.600000000000000000e+01 2.200000000000000000e+01
7.300000000000000000e+01 6.100000000000000000e+01 1.700000000000000000e+01 2.200000000000000000e+01
6.400000000000000000e+01 6.100000000000000000e+01 1.700000000000000000e+01 1.900000000000000000e+01
6.700000000000000000e+01 5.900000000000000000e+01 1.700000000000000000e+01 2.300000000000000000e+01
6.500000000000000000e+01 2.900000000000000000e+01 1.500000000000000000e+01 2.100000000000000000e+01
6.300000000000000000e+01 4.700000000000000000e+01 1.500000000000000000e+01 2.200000000000000000e+01
6.900000000000000000e+01 4.500000000000000000e+01 1.600000000000000000e+01 2.000000000000000000e+01
6.700000000000000000e+01 6.100000000000000000e+01 1.600000000000000000e+01 2.200000000000000000e+01
6.900000000000000000e+01 5.900000000000000000e+01 1.500000000000000000e+01 1.800000000000000000e+01
6.500000000000000000e+01 4.700000000000000000e+01 1.900000000000000000e+01 2.000000000000000000e+01
6.700000000000000000e+01 2.900000000000000000e+01 1.500000000000000000e+01 2.400000000000000000e+01
6.900000000000000000e+01 4.700000000000000000e+01 1.400000000000000000e+01 2.300000000000000000e+01
6.900000000000000000e+01 6.300000000000000000e+01 1.600000000000000000e+01 2.600000000000000000e+01
6.900000000000000000e+01 5.900000000000000000e+01 1.600000000000000000e+01 1.900000000000000000e+01
7.100000000000000000e+01 5.900000000000000000e+01 1.600000000000000000e+01 2.400000000000000000e+01
6.900000000000000000e+01 4.500000000000000000e+01 1.400000000000000000e+01 2.300000000000000000e+01
6.500000000000000000e+01 4.500000000000000000e+01 1.300000000000000000e+01 2.000000000000000000e+01
6.500000000000000000e+01 2.900000000000000000e+01 1.500000000000000000e+01 2.200000000000000000e+01
6.900000000000000000e+01 6.100000000000000000e+01 1.300000000000000000e+01 2.000000000000000000e+01
6.900000000000000000e+01 2.900000000000000000e+01 1.300000000000000000e+01 2.200000000000000000e+01
6.700000000000000000e+01 2.900000000000000000e+01 1.600000000000000000e+01 2.500000000000000000e+01
6.700000000000000000e+01 2.900000000000000000e+01 1.800000000000000000e+01 2.400000000000000000e+01
6.500000000000000000e+01 2.900000000000000000e+01 1.700000000000000000e+01 2.500000000000000000e+01
6.300000000000000000e+01 2.900000000000000000e+01 1.800000000000000000e+01 2.500000000000000000e+01
6.300000000000000000e+01 3.100000000000000000e+01 1.400000000000000000e+01 2.800000000000000000e+01
5.900000000000000000e+01 4.500000000000000000e+01 1.900000000000000000e+01 2.400000000000000000e+01
5.900000000000000000e+01 4.500000000000000000e+01 1.700000000000000000e+01 2.300000000000000000e+01
6.700000000000000000e+01 5.700000000000000000e+01 1.400000000000000000e+01 2.100000000000000000e+01
6.900000000000000000e+01 3.100000000000000000e+01 1.800000000000000000e+01 1.900000000000000000e+01
6.700000000000000000e+01 6.300000000000000000e+01 1.600000000000000000e+01 1.900000000000000000e+01
6.700000000000000000e+01 7.300000000000000000e+01 1.500000000000000000e+01 1.900000000000000000e+01
6.100000000000000000e+01 2.900000000000000000e+01 1.500000000000000000e+01 2.200000000000000000e+01
6.500000000000000000e+01 2.900000000000000000e+01 1.300000000000000000e+01 1.900000000000000000e+01
6.300000000000000000e+01 4.500000000000000000e+01 1.900000000000000000e+01 2.000000000000000000e+01
6.700000000000000000e+01 4.700000000000000000e+01 1.700000000000000000e+01 2.400000000000000000e+01
6.700000000000000000e+01 4.500000000000000000e+01 1.600000000000000000e+01 2.300000000000000000e+01
5.700000000000000000e+01 4.500000000000000000e+01 1.500000000000000000e+01 2.500000000000000000e+01
6.100000000000000000e+01 2.900000000000000000e+01 1.500000000000000000e+01 2.500000000000000000e+01
6.100000000000000000e+01 4.700000000000000000e+01 1.900000000000000000e+01 2.300000000000000000e+01
7.300000000000000000e+01 4.700000000000000000e+01 1.700000000000000000e+01 2.200000000000000000e+01
5.500000000000000000e+01 4.900000000000000000e+01 1.600000000000000000e+01 2.500000000000000000e+01
7.100000000000000000e+01 6.100000000000000000e+01 1.900000000000000000e+01 2.400000000000000000e+01
6.700000000000000000e+01 2.900000000000000000e+01 1.400000000000000000e+01 2.100000000000000000e+01
5.900000000000000000e+01 4.900000000000000000e+01 1.800000000000000000e+01 2.000000000000000000e+01
4.100000000000000000e+01 3.300000000000000000e+01 1.600000000000000000e+01 2.800000000000000000e+01
5.500000000000000000e+01 4.700000000000000000e+01 1.700000000000000000e+01 2.200000000000000000e+01
4.900000000000000000e+01 2.900000000000000000e+01 1.800000000000000000e+01 2.600000000000000000e+01
5.500000000000000000e+01 2.900000000000000000e+01 1.700000000000000000e+01 2.100000000000000000e+01
6.900000000000000000e+01 4.700000000000000000e+01 1.600000000000000000e+01 2.200000000000000000e+01
6.500000000000000000e+01 4.700000000000000000e+01 1.600000000000000000e+01 2.000000000000000000e+01
6.600000000000000000e+01 4.700000000000000000e+01 1.400000000000000000e+01 2.100000000000000000e+01
4.100000000000000000e+01 3.100000000000000000e+01 1.900000000000000000e+01 2.300000000000000000e+01
4.700000000000000000e+01 4.500000000000000000e+01 1.700000000000000000e+01 2.600000000000000000e+01
6.500000000000000000e+01 4.700000000000000000e+01 1.700000000000000000e+01 2.700000000000000000e+01
6.100000000000000000e+01 4.700000000000000000e+01 1.400000000000000000e+01 2.100000000000000000e+01
6.900000000000000000e+01 4.300000000000000000e+01 1.600000000000000000e+01 2.000000000000000000e+01
6.500000000000000000e+01 2.900000000000000000e+01 1.700000000000000000e+01 2.000000000000000000e+01
3.540000000000000000e+02 9.000000000000000000e+01 1.600000000000000000e+01 2.200000000000000000e+01
5.170000000000000000e+02 9.000000000000000000e+01 1.800000000000000000e+01 2.600000000000000000e+01
3.890000000000000000e+02 9.600000000000000000e+01 1.700000000000000000e+01 2.100000000000000000e+01
3.700000000000000000e+02 9.400000000000000000e+01 1.400000000000000000e+01 2.100000000000000000e+01
4.200000000000000000e+02 7.600000000000000000e+01 1.800000000000000000e+01 2.400000000000000000e+01
3.060000000000000000e+02 8.600000000000000000e+01 1.700000000000000000e+01 2.400000000000000000e+01
3.400000000000000000e+02 8.600000000000000000e+01 2.000000000000000000e+01 2.600000000000000000e+01
2.530000000000000000e+02 6.800000000000000000e+01 1.700000000000000000e+01 2.300000000000000000e+01
4.180000000000000000e+02 9.400000000000000000e+01 1.600000000000000000e+01 2.100000000000000000e+01
4.160000000000000000e+02 9.400000000000000000e+01 1.800000000000000000e+01 2.700000000000000000e+01
4.300000000000000000e+02 9.200000000000000000e+01 1.800000000000000000e+01 2.400000000000000000e+01
3.060000000000000000e+02 8.200000000000000000e+01 2.100000000000000000e+01 2.300000000000000000e+01
2.770000000000000000e+02 9.200000000000000000e+01 1.600000000000000000e+01 2.600000000000000000e+01
4.480000000000000000e+02 9.200000000000000000e+01 1.600000000000000000e+01 2.200000000000000000e+01
5.080000000000000000e+02 9.200000000000000000e+01 1.800000000000000000e+01 2.000000000000000000e+01
2.120000000000000000e+02 8.600000000000000000e+01 1.800000000000000000e+01 2.300000000000000000e+01
4.860000000000000000e+02 1.340000000000000000e+02 1.600000000000000000e+01 2.400000000000000000e+01
2.330000000000000000e+02 9.200000000000000000e+01 1.600000000000000000e+01 2.600000000000000000e+01
3.410000000000000000e+02 9.000000000000000000e+01 1.800000000000000000e+01 2.400000000000000000e+01
3.220000000000000000e+02 9.200000000000000000e+01 2.000000000000000000e+01 1.800000000000000000e+01
4.280000000000000000e+02 9.600000000000000000e+01 1.400000000000000000e+01 2.100000000000000000e+01
4.360000000000000000e+02 8.600000000000000000e+01 1.700000000000000000e+01 2.300000000000000000e+01
4.880000000000000000e+02 1.360000000000000000e+02 1.800000000000000000e+01 2.500000000000000000e+01
3.260000000000000000e+02 9.200000000000000000e+01 1.800000000000000000e+01 2.600000000000000000e+01
4.510000000000000000e+02 9.200000000000000000e+01 1.600000000000000000e+01 1.900000000000000000e+01
4.420000000000000000e+02 9.200000000000000000e+01 1.500000000000000000e+01 2.300000000000000000e+01
2.070000000000000000e+02 8.400000000000000000e+01 1.800000000000000000e+01 2.200000000000000000e+01
2.700000000000000000e+02 8.800000000000000000e+01 1.900000000000000000e+01 2.200000000000000000e+01
3.760000000000000000e+02 8.000000000000000000e+01 2.000000000000000000e+01 2.100000000000000000e+01
3.800000000000000000e+02 7.400000000000000000e+01 1.500000000000000000e+01 2.600000000000000000e+01
2.550000000000000000e+02 9.000000000000000000e+01 1.600000000000000000e+01 1.900000000000000000e+01
4.740000000000000000e+02 9.200000000000000000e+01 1.700000000000000000e+01 2.400000000000000000e+01
3.640000000000000000e+02 9.600000000000000000e+01 1.800000000000000000e+01 2.600000000000000000e+01
1.870000000000000000e+02 8.800000000000000000e+01 1.500000000000000000e+01 2.800000000000000000e+01
3.820000000000000000e+02 8.800000000000000000e+01 1.900000000000000000e+01 2.600000000000000000e+01
2.130000000000000000e+02 9.000000000000000000e+01 1.800000000000000000e+01 2.400000000000000000e+01
4.120000000000000000e+02 9.200000000000000000e+01 1.700000000000000000e+01 2.300000000000000000e+01
2.770000000000000000e+02 9.000000000000000000e+01 1.800000000000000000e+01 2.700000000000000000e+01
2.110000000000000000e+02 8.400000000000000000e+01 1.700000000000000000e+01 2.500000000000000000e+01
2.630000000000000000e+02 9.600000000000000000e+01 1.700000000000000000e+01 2.500000000000000000e+01
4.420000000000000000e+02 8.600000000000000000e+01 1.500000000000000000e+01 2.800000000000000000e+01
4.240000000000000000e+02 9.600000000000000000e+01 1.600000000000000000e+01 2.500000000000000000e+01
4.610000000000000000e+02 9.200000000000000000e+01 1.600000000000000000e+01 2.500000000000000000e+01
4.160000000000000000e+02 9.200000000000000000e+01 1.700000000000000000e+01 2.500000000000000000e+01
4.880000000000000000e+02 1.440000000000000000e+02 1.900000000000000000e+01 2.400000000000000000e+01
5.120000000000000000e+02 9.600000000000000000e+01 1.600000000000000000e+01 2.400000000000000000e+01
2.110000000000000000e+02 8.800000000000000000e+01 1.800000000000000000e+01 2.000000000000000000e+01
2.730000000000000000e+02 8.400000000000000000e+01 1.600000000000000000e+01 2.200000000000000000e+01
5.000000000000000000e+02 8.600000000000000000e+01 1.600000000000000000e+01 2.900000000000000000e+01
4.720000000000000000e+02 9.600000000000000000e+01 1.600000000000000000e+01 2.400000000000000000e+01
4.800000000000000000e+02 9.500000000000000000e+01 1.600000000000000000e+01 2.100000000000000000e+01
3.800000000000000000e+02 9.000000000000000000e+01 1.800000000000000000e+01 2.100000000000000000e+01
5.020000000000000000e+02 9.600000000000000000e+01 1.500000000000000000e+01 3.000000000000000000e+01
4.840000000000000000e+02 1.420000000000000000e+02 1.500000000000000000e+01 1.800000000000000000e+01
4.860000000000000000e+02 9.200000000000000000e+01 1.600000000000000000e+01 2.600000000000000000e+01
4.920000000000000000e+02 9.000000000000000000e+01 1.700000000000000000e+01 2.500000000000000000e+01
4.840000000000000000e+02 1.280000000000000000e+02 1.500000000000000000e+01 2.500000000000000000e+01
5.140000000000000000e+02 9.400000000000000000e+01 1.900000000000000000e+01 2.100000000000000000e+01
4.920000000000000000e+02 9.400000000000000000e+01 1.600000000000000000e+01 2.500000000000000000e+01
4.500000000000000000e+02 8.800000000000000000e+01 1.900000000000000000e+01 1.700000000000000000e+01
2.610000000000000000e+02 8.800000000000000000e+01 2.100000000000000000e+01 2.700000000000000000e+01
4.440000000000000000e+02 9.000000000000000000e+01 1.700000000000000000e+01 2.600000000000000000e+01
5.220000000000000000e+02 1.360000000000000000e+02 1.500000000000000000e+01 2.100000000000000000e+01
4.480000000000000000e+02 9.400000000000000000e+01 1.700000000000000000e+01 2.100000000000000000e+01
4.480000000000000000e+02 9.000000000000000000e+01 1.600000000000000000e+01 2.400000000000000000e+01
4.380000000000000000e+02 1.360000000000000000e+02 1.600000000000000000e+01 2.700000000000000000e+01
2.490000000000000000e+02 8.800000000000000000e+01 1.500000000000000000e+01 2.600000000000000000e+01
4.560000000000000000e+02 6.800000000000000000e+01 1.700000000000000000e+01 2.700000000000000000e+01
2.150000000000000000e+02 8.800000000000000000e+01 1.800000000000000000e+01 2.700000000000000000e+01
3.500000000000000000e+02 9.000000000000000000e+01 1.600000000000000000e+01 2.100000000000000000e+01
4.070000000000000000e+02 9.400000000000000000e+01 1.700000000000000000e+01 2.500000000000000000e+01
4.380000000000000000e+02 9.200000000000000000e+01 1.700000000000000000e+01 2.600000000000000000e+01
5.080000000000000000e+02 9.600000000000000000e+01 1.700000000000000000e+01 2.600000000000000000e+01
4.270000000000000000e+02 9.200000000000000000e+01 1.700000000000000000e+01 2.600000000000000000e+01
5.080000000000000000e+02 1.320000000000000000e+02 1.400000000000000000e+01 2.100000000000000000e+01
3.520000000000000000e+02 9.400000000000000000e+01 1.500000000000000000e+01 1.900000000000000000e+01
3.540000000000000000e+02 9.400000000000000000e+01 1.700000000000000000e+01 2.500000000000000000e+01
4.480000000000000000e+02 8.600000000000000000e+01 1.500000000000000000e+01 2.300000000000000000e+01
4.340000000000000000e+02 9.600000000000000000e+01 1.600000000000000000e+01 3.000000000000000000e+01
3.600000000000000000e+02 8.200000000000000000e+01 1.900000000000000000e+01 2.500000000000000000e+01
4.460000000000000000e+02 9.400000000000000000e+01 1.700000000000000000e+01 1.900000000000000000e+01
4.420000000000000000e+02 9.400000000000000000e+01 1.900000000000000000e+01 2.500000000000000000e+01
4.060000000000000000e+02 9.400000000000000000e+01 1.500000000000000000e+01 2.500000000000000000e+01
4.040000000000000000e+02 9.200000000000000000e+01 1.800000000000000000e+01 2.300000000000000000e+01
4.070000000000000000e+02 7.800000000000000000e+01 1.600000000000000000e+01 2.000000000000000000e+01
2.230000000000000000e+02 9.200000000000000000e+01 1.700000000000000000e+01 1.900000000000000000e+01
3.030000000000000000e+02 9.000000000000000000e+01 1.600000000000000000e+01 2.300000000000000000e+01
4.150000000000000000e+02 7.200000000000000000e+01 1.800000000000000000e+01 2.100000000000000000e+01
4.980000000000000000e+02 9.600000000000000000e+01 1.700000000000000000e+01 2.600000000000000000e+01
2.210000000000000000e+02 9.200000000000000000e+01 1.600000000000000000e+01 2.300000000000000000e+01
2.650000000000000000e+02 9.200000000000000000e+01 1.900000000000000000e+01 2.100000000000000000e+01
5.280000000000000000e+02 6.200000000000000000e+01 1.900000000000000000e+01 2.300000000000000000e+01
4.070000000000000000e+02 9.200000000000000000e+01 1.700000000000000000e+01 2.300000000000000000e+01
4.370000000000000000e+02 9.200000000000000000e+01 1.500000000000000000e+01 2.500000000000000000e+01
4.320000000000000000e+02 9.800000000000000000e+01 1.600000000000000000e+01 1.900000000000000000e+01
4.700000000000000000e+02 8.500000000000000000e+01 1.800000000000000000e+01 2.300000000000000000e+01
3.880000000000000000e+02 8.800000000000000000e+01 1.700000000000000000e+01 2.800000000000000000e+01
3.020000000000000000e+02 9.000000000000000000e+01 1.700000000000000000e+01 2.600000000000000000e+01
4.460000000000000000e+02 9.600000000000000000e+01 1.600000000000000000e+01 2.200000000000000000e+01
4.490000000000000000e+02 8.800000000000000000e+01 1.600000000000000000e+01 2.300000000000000000e+01
4.300000000000000000e+02 9.400000000000000000e+01 1.800000000000000000e+01 2.200000000000000000e+01
4.560000000000000000e+02 8.800000000000000000e+01 1.700000000000000000e+01 2.600000000000000000e+01
4.680000000000000000e+02 7.000000000000000000e+01 1.900000000000000000e+01 2.200000000000000000e+01
2.550000000000000000e+02 6.600000000000000000e+01 1.800000000000000000e+01 2.100000000000000000e+01
4.510000000000000000e+02 1.340000000000000000e+02 1.800000000000000000e+01 2.500000000000000000e+01
4.940000000000000000e+02 1.380000000000000000e+02 1.600000000000000000e+01 2.600000000000000000e+01
4.900000000000000000e+02 1.400000000000000000e+02 1.700000000000000000e+01 2.700000000000000000e+01
4.360000000000000000e+02 9.000000000000000000e+01 1.500000000000000000e+01 2.400000000000000000e+01
2.900000000000000000e+02 9.000000000000000000e+01 1.700000000000000000e+01 2.100000000000000000e+01
2.770000000000000000e+02 9.600000000000000000e+01 1.400000000000000000e+01 1.900000000000000000e+01
3.870000000000000000e+02 9.200000000000000000e+01 1.800000000000000000e+01 2.900000000000000000e+01
2.270000000000000000e+02 9.000000000000000000e+01 1.600000000000000000e+01 2.500000000000000000e+01
2.330000000000000000e+02 9.200000000000000000e+01 1.600000000000000000e+01 2.600000000000000000e+01
4.420000000000000000e+02 9.600000000000000000e+01 1.800000000000000000e+01 1.900000000000000000e+01
2.410000000000000000e+02 8.800000000000000000e+01 1.800000000000000000e+01 2.400000000000000000e+01
2.170000000000000000e+02 8.800000000000000000e+01 1.500000000000000000e+01 2.200000000000000000e+01
4.490000000000000000e+02 1.380000000000000000e+02 1.600000000000000000e+01 2.200000000000000000e+01
3.620000000000000000e+02 9.400000000000000000e+01 1.600000000000000000e+01 2.800000000000000000e+01
5.180000000000000000e+02 1.380000000000000000e+02 1.800000000000000000e+01 2.400000000000000000e+01
4.300000000000000000e+02 9.800000000000000000e+01 1.700000000000000000e+01 2.600000000000000000e+01
3.750000000000000000e+02 9.400000000000000000e+01 1.500000000000000000e+01 2.300000000000000000e+01
2.290000000000000000e+02 9.200000000000000000e+01 1.500000000000000000e+01 3.100000000000000000e+01
2.890000000000000000e+02 8.000000000000000000e+01 1.800000000000000000e+01 2.500000000000000000e+01
4.880000000000000000e+02 9.400000000000000000e+01 1.600000000000000000e+01 2.500000000000000000e+01
2.800000000000000000e+02 8.600000000000000000e+01 1.900000000000000000e+01 2.500000000000000000e+01
4.860000000000000000e+02 1.420000000000000000e+02 1.900000000000000000e+01 2.000000000000000000e+01
2.610000000000000000e+02 8.800000000000000000e+01 1.800000000000000000e+01 2.000000000000000000e+01
3.380000000000000000e+02 9.200000000000000000e+01 1.800000000000000000e+01 2.800000000000000000e+01
4.080000000000000000e+02 9.200000000000000000e+01 1.700000000000000000e+01 2.400000000000000000e+01
4.620000000000000000e+02 1.340000000000000000e+02 1.700000000000000000e+01 2.300000000000000000e+01
2.340000000000000000e+02 9.000000000000000000e+01 1.700000000000000000e+01 2.500000000000000000e+01
4.700000000000000000e+02 9.200000000000000000e+01 1.600000000000000000e+01 1.900000000000000000e+01
4.240000000000000000e+02 9.000000000000000000e+01 1.900000000000000000e+01 2.300000000000000000e+01
2.750000000000000000e+02 7.800000000000000000e+01 1.700000000000000000e+01 2.100000000000000000e+01
3.320000000000000000e+02 9.600000000000000000e+01 1.600000000000000000e+01 2.300000000000000000e+01
4.040000000000000000e+02 8.400000000000000000e+01 1.600000000000000000e+01 2.300000000000000000e+01
3.880000000000000000e+02 8.000000000000000000e+01 1.700000000000000000e+01 2.700000000000000000e+01
4.120000000000000000e+02 9.200000000000000000e+01 1.800000000000000000e+01 2.700000000000000000e+01
3.520000000000000000e+02 9.200000000000000000e+01 1.800000000000000000e+01 2.500000000000000000e+01
4.680000000000000000e+02 1.380000000000000000e+02 1.700000000000000000e+01 3.200000000000000000e+01
4.820000000000000000e+02 1.320000000000000000e+02 1.700000000000000000e+01 2.400000000000000000e+01
2.390000000000000000e+02 9.200000000000000000e+01 1.500000000000000000e+01 2.300000000000000000e+01
4.700000000000000000e+02 1.380000000000000000e+02 1.600000000000000000e+01 2.400000000000000000e+01
3.440000000000000000e+02 9.000000000000000000e+01 1.500000000000000000e+01 2.600000000000000000e+01
5.000000000000000000e+02 1.420000000000000000e+02 1.700000000000000000e+01 2.200000000000000000e+01
4.160000000000000000e+02 8.800000000000000000e+01 1.500000000000000000e+01 2.000000000000000000e+01
4.370000000000000000e+02 8.800000000000000000e+01 1.800000000000000000e+01 2.200000000000000000e+01
3.260000000000000000e+02 9.000000000000000000e+01 1.500000000000000000e+01 2.200000000000000000e+01
3.120000000000000000e+02 8.600000000000000000e+01 1.800000000000000000e+01 2.300000000000000000e+01
3.860000000000000000e+02 9.200000000000000000e+01 1.700000000000000000e+01 2.300000000000000000e+01
4.420000000000000000e+02 9.400000000000000000e+01 1.600000000000000000e+01 2.200000000000000000e+01
4.440000000000000000e+02 1.360000000000000000e+02 1.600000000000000000e+01 2.300000000000000000e+01
3.650000000000000000e+02 9.200000000000000000e+01 1.800000000000000000e+01 2.400000000000000000e+01
4.260000000000000000e+02 8.800000000000000000e+01 1.900000000000000000e+01 2.900000000000000000e+01
3.810000000000000000e+02 9.400000000000000000e+01 1.700000000000000000e+01 2.100000000000000000e+01
4.460000000000000000e+02 9.200000000000000000e+01 1.700000000000000000e+01 2.100000000000000000e+01
4.240000000000000000e+02 9.400000000000000000e+01 1.700000000000000000e+01 2.400000000000000000e+01
5.240000000000000000e+02 9.500000000000000000e+01 1.500000000000000000e+01 2.300000000000000000e+01
4.580000000000000000e+02 9.200000000000000000e+01 1.400000000000000000e+01 2.500000000000000000e+01
4.190000000000000000e+02 9.200000000000000000e+01 1.700000000000000000e+01 2.600000000000000000e+01
3.220000000000000000e+02 9.400000000000000000e+01 1.800000000000000000e+01 2.600000000000000000e+01
4.320000000000000000e+02 9.200000000000000000e+01 1.700000000000000000e+01 1.900000000000000000e+01
4.080000000000000000e+02 9.000000000000000000e+01 1.700000000000000000e+01 2.100000000000000000e+01
3.700000000000000000e+02 9.000000000000000000e+01 1.800000000000000000e+01 2.700000000000000000e+01
4.560000000000000000e+02 9.000000000000000000e+01 1.700000000000000000e+01 2.800000000000000000e+01
3.640000000000000000e+02 9.000000000000000000e+01 1.700000000000000000e+01 2.300000000000000000e+01
2.410000000000000000e+02 8.600000000000000000e+01 1.800000000000000000e+01 3.100000000000000000e+01
3.400000000000000000e+02 9.200000000000000000e+01 1.800000000000000000e+01 2.300000000000000000e+01
3.560000000000000000e+02 8.000000000000000000e+01 1.900000000000000000e+01 3.000000000000000000e+01
4.220000000000000000e+02 7.500000000000000000e+01 1.600000000000000000e+01 2.500000000000000000e+01
4.570000000000000000e+02 1.300000000000000000e+02 1.700000000000000000e+01 2.300000000000000000e+01
3.760000000000000000e+02 9.600000000000000000e+01 1.700000000000000000e+01 2.000000000000000000e+01
3.340000000000000000e+02 9.200000000000000000e+01 1.800000000000000000e+01 2.500000000000000000e+01
4.460000000000000000e+02 1.360000000000000000e+02 1.500000000000000000e+01 2.200000000000000000e+01
3.540000000000000000e+02 8.800000000000000000e+01 1.900000000000000000e+01 2.300000000000000000e+01
4.180000000000000000e+02 8.800000000000000000e+01 1.500000000000000000e+01 2.200000000000000000e+01
3.020000000000000000e+02 8.800000000000000000e+01 1.800000000000000000e+01 2.200000000000000000e+01
3.760000000000000000e+02 9.200000000000000000e+01 1.600000000000000000e+01 2.300000000000000000e+01
3.440000000000000000e+02 9.200000000000000000e+01 1.600000000000000000e+01 2.000000000000000000e+01
3.530000000000000000e+02 8.400000000000000000e+01 1.800000000000000000e+01 2.900000000000000000e+01
2.180000000000000000e+02 8.200000000000000000e+01 1.900000000000000000e+01 2.900000000000000000e+01
2.530000000000000000e+02 1.000000000000000000e+02 1.800000000000000000e+01 2.500000000000000000e+01
4.600000000000000000e+02 9.800000000000000000e+01 2.000000000000000000e+01 2.400000000000000000e+01
4.380000000000000000e+02 8.600000000000000000e+01 1.600000000000000000e+01 2.700000000000000000e+01
5.020000000000000000e+02 1.400000000000000000e+02 1.600000000000000000e+01 2.100000000000000000e+01
4.650000000000000000e+02 1.360000000000000000e+02 1.500000000000000000e+01 2.100000000000000000e+01
3.740000000000000000e+02 7.800000000000000000e+01 1.900000000000000000e+01 2.000000000000000000e+01
2.830000000000000000e+02 8.000000000000000000e+01 2.000000000000000000e+01 2.600000000000000000e+01
4.680000000000000000e+02 6.800000000000000000e+01 1.600000000000000000e+01 2.300000000000000000e+01
2.670000000000000000e+02 9.000000000000000000e+01 1.700000000000000000e+01 2.000000000000000000e+01
2.470000000000000000e+02 7.000000000000000000e+01 1.900000000000000000e+01 2.100000000000000000e+01
4.840000000000000000e+02 9.600000000000000000e+01 1.900000000000000000e+01 2.500000000000000000e+01
2.090000000000000000e+02 9.400000000000000000e+01 1.800000000000000000e+01 2.400000000000000000e+01
2.660000000000000000e+02 9.400000000000000000e+01 1.500000000000000000e+01 2.200000000000000000e+01
2.550000000000000000e+02 9.800000000000000000e+01 1.800000000000000000e+01 2.800000000000000000e+01
4.720000000000000000e+02 7.000000000000000000e+01 1.800000000000000000e+01 3.000000000000000000e+01
3.500000000000000000e+02 9.400000000000000000e+01 1.800000000000000000e+01 2.200000000000000000e+01
3.300000000000000000e+02 8.400000000000000000e+01 1.900000000000000000e+01 1.900000000000000000e+01
4.780000000000000000e+02 1.360000000000000000e+02 1.900000000000000000e+01 2.600000000000000000e+01
2.430000000000000000e+02 9.400000000000000000e+01 1.900000000000000000e+01 2.300000000000000000e+01
3.045000000000000000e+03 3.400000000000000000e+02 1.600000000000000000e+01 2.200000000000000000e+01
4.000000000000000000e+03 3.440000000000000000e+02 1.800000000000000000e+01 2.600000000000000000e+01
3.391000000000000000e+03 3.580000000000000000e+02 1.700000000000000000e+01 2.100000000000000000e+01
3.235000000000000000e+03 3.620000000000000000e+02 1.400000000000000000e+01 2.100000000000000000e+01
4.000000000000000000e+03 2.640000000000000000e+02 1.800000000000000000e+01 2.600000000000000000e+01
3.999000000000000000e+03 3.300000000000000000e+02 1.700000000000000000e+01 2.200000000000000000e+01
2.522000000000000000e+03 3.700000000000000000e+02 2.000000000000000000e+01 2.600000000000000000e+01
2.522000000000000000e+03 3.760000000000000000e+02 1.700000000000000000e+01 2.300000000000000000e+01
3.870000000000000000e+03 3.610000000000000000e+02 1.600000000000000000e+01 2.100000000000000000e+01
3.815000000000000000e+03 3.520000000000000000e+02 1.800000000000000000e+01 2.700000000000000000e+01
3.999000000000000000e+03 3.280000000000000000e+02 1.800000000000000000e+01 2.400000000000000000e+01
3.999000000000000000e+03 2.820000000000000000e+02 2.100000000000000000e+01 2.300000000000000000e+01
2.344000000000000000e+03 3.480000000000000000e+02 1.600000000000000000e+01 2.600000000000000000e+01
3.999000000000000000e+03 3.480000000000000000e+02 1.600000000000000000e+01 2.200000000000000000e+01
4.000000000000000000e+03 3.460000000000000000e+02 1.800000000000000000e+01 2.500000000000000000e+01
1.988000000000000000e+03 3.140000000000000000e+02 1.800000000000000000e+01 2.500000000000000000e+01
3.999000000000000000e+03 3.220000000000000000e+02 1.600000000000000000e+01 2.600000000000000000e+01
2.272000000000000000e+03 3.480000000000000000e+02 1.800000000000000000e+01 2.400000000000000000e+01
3.083000000000000000e+03 3.440000000000000000e+02 1.700000000000000000e+01 2.000000000000000000e+01
2.646000000000000000e+03 3.240000000000000000e+02 1.800000000000000000e+01 2.100000000000000000e+01
3.999000000000000000e+03 3.520000000000000000e+02 1.600000000000000000e+01 1.800000000000000000e+01
3.999000000000000000e+03 3.360000000000000000e+02 1.800000000000000000e+01 2.000000000000000000e+01
3.999000000000000000e+03 3.400000000000000000e+02 1.700000000000000000e+01 2.500000000000000000e+01
2.581000000000000000e+03 3.540000000000000000e+02 1.800000000000000000e+01 2.600000000000000000e+01
4.000000000000000000e+03 3.420000000000000000e+02 1.800000000000000000e+01 2.300000000000000000e+01
4.000000000000000000e+03 3.440000000000000000e+02 1.400000000000000000e+01 2.300000000000000000e+01
2.974000000000000000e+03 3.280000000000000000e+02 1.400000000000000000e+01 2.200000000000000000e+01
1.918000000000000000e+03 3.360000000000000000e+02 1.700000000000000000e+01 2.600000000000000000e+01
4.000000000000000000e+03 2.820000000000000000e+02 1.600000000000000000e+01 2.400000000000000000e+01
4.000000000000000000e+03 2.700000000000000000e+02 1.700000000000000000e+01 2.300000000000000000e+01
2.370000000000000000e+03 3.360000000000000000e+02 1.900000000000000000e+01 2.000000000000000000e+01
3.999000000000000000e+03 3.460000000000000000e+02 1.900000000000000000e+01 2.400000000000000000e+01
3.105000000000000000e+03 3.580000000000000000e+02 1.600000000000000000e+01 2.700000000000000000e+01
1.930000000000000000e+03 3.320000000000000000e+02 1.700000000000000000e+01 2.300000000000000000e+01
3.818000000000000000e+03 3.420000000000000000e+02 1.700000000000000000e+01 2.400000000000000000e+01
2.202000000000000000e+03 3.220000000000000000e+02 1.900000000000000000e+01 2.800000000000000000e+01
3.919000000000000000e+03 3.420000000000000000e+02 1.700000000000000000e+01 2.500000000000000000e+01
4.000000000000000000e+03 3.360000000000000000e+02 1.800000000000000000e+01 2.600000000000000000e+01
3.552000000000000000e+03 3.020000000000000000e+02 1.900000000000000000e+01 2.200000000000000000e+01
2.668000000000000000e+03 3.480000000000000000e+02 1.700000000000000000e+01 2.200000000000000000e+01
3.998000000000000000e+03 3.020000000000000000e+02 1.500000000000000000e+01 1.900000000000000000e+01
3.999000000000000000e+03 3.520000000000000000e+02 1.600000000000000000e+01 2.400000000000000000e+01
3.999000000000000000e+03 3.480000000000000000e+02 1.600000000000000000e+01 2.600000000000000000e+01
3.980000000000000000e+03 3.500000000000000000e+02 1.700000000000000000e+01 2.500000000000000000e+01
4.000000000000000000e+03 3.620000000000000000e+02 1.900000000000000000e+01 2.700000000000000000e+01
3.999000000000000000e+03 3.620000000000000000e+02 1.600000000000000000e+01 2.400000000000000000e+01
2.126000000000000000e+03 3.180000000000000000e+02 1.800000000000000000e+01 2.000000000000000000e+01
3.030000000000000000e+03 3.000000000000000000e+02 1.600000000000000000e+01 2.200000000000000000e+01
3.998000000000000000e+03 3.500000000000000000e+02 1.600000000000000000e+01 2.900000000000000000e+01
4.000000000000000000e+03 3.480000000000000000e+02 1.600000000000000000e+01 2.400000000000000000e+01
3.998000000000000000e+03 3.380000000000000000e+02 1.600000000000000000e+01 2.400000000000000000e+01
3.494000000000000000e+03 3.500000000000000000e+02 1.800000000000000000e+01 2.100000000000000000e+01
3.999000000000000000e+03 3.560000000000000000e+02 1.700000000000000000e+01 2.400000000000000000e+01
3.998000000000000000e+03 3.540000000000000000e+02 1.600000000000000000e+01 1.900000000000000000e+01
3.998000000000000000e+03 3.400000000000000000e+02 2.000000000000000000e+01 2.600000000000000000e+01
3.998000000000000000e+03 3.360000000000000000e+02 1.700000000000000000e+01 2.600000000000000000e+01
4.000000000000000000e+03 3.160000000000000000e+02 1.500000000000000000e+01 2.200000000000000000e+01
4.000000000000000000e+03 3.560000000000000000e+02 1.900000000000000000e+01 2.700000000000000000e+01
4.000000000000000000e+03 3.600000000000000000e+02 1.500000000000000000e+01 2.400000000000000000e+01
3.999000000000000000e+03 3.380000000000000000e+02 1.300000000000000000e+01 2.400000000000000000e+01
2.712000000000000000e+03 3.740000000000000000e+02 2.100000000000000000e+01 1.900000000000000000e+01
4.000000000000000000e+03 3.440000000000000000e+02 1.700000000000000000e+01 2.600000000000000000e+01
3.999000000000000000e+03 3.440000000000000000e+02 1.500000000000000000e+01 2.100000000000000000e+01
4.000000000000000000e+03 3.480000000000000000e+02 1.700000000000000000e+01 2.100000000000000000e+01
3.998000000000000000e+03 3.440000000000000000e+02 1.600000000000000000e+01 2.400000000000000000e+01
3.999000000000000000e+03 3.400000000000000000e+02 1.600000000000000000e+01 2.700000000000000000e+01
3.994000000000000000e+03 3.240000000000000000e+02 1.500000000000000000e+01 2.600000000000000000e+01
2.324000000000000000e+03 3.620000000000000000e+02 1.700000000000000000e+01 2.700000000000000000e+01
2.568000000000000000e+03 3.100000000000000000e+02 1.800000000000000000e+01 2.700000000000000000e+01
2.950000000000000000e+03 3.460000000000000000e+02 1.600000000000000000e+01 2.100000000000000000e+01
3.832000000000000000e+03 3.400000000000000000e+02 1.700000000000000000e+01 2.700000000000000000e+01
3.998000000000000000e+03 3.600000000000000000e+02 1.700000000000000000e+01 2.500000000000000000e+01
4.000000000000000000e+03 3.600000000000000000e+02 1.700000000000000000e+01 2.400000000000000000e+01
4.000000000000000000e+03 3.520000000000000000e+02 1.700000000000000000e+01 2.700000000000000000e+01
4.000000000000000000e+03 3.160000000000000000e+02 1.400000000000000000e+01 2.100000000000000000e+01
2.972000000000000000e+03 3.540000000000000000e+02 1.500000000000000000e+01 1.900000000000000000e+01
2.974000000000000000e+03 3.460000000000000000e+02 1.700000000000000000e+01 2.500000000000000000e+01
4.000000000000000000e+03 3.120000000000000000e+02 1.500000000000000000e+01 2.300000000000000000e+01
4.000000000000000000e+03 3.610000000000000000e+02 1.600000000000000000e+01 3.000000000000000000e+01
4.000000000000000000e+03 2.920000000000000000e+02 1.900000000000000000e+01 2.500000000000000000e+01
3.999000000000000000e+03 3.540000000000000000e+02 1.700000000000000000e+01 1.900000000000000000e+01
3.999000000000000000e+03 3.540000000000000000e+02 1.900000000000000000e+01 2.600000000000000000e+01
3.874000000000000000e+03 3.420000000000000000e+02 1.700000000000000000e+01 2.200000000000000000e+01
3.789000000000000000e+03 3.440000000000000000e+02 1.600000000000000000e+01 2.400000000000000000e+01
4.000000000000000000e+03 2.760000000000000000e+02 1.600000000000000000e+01 2.000000000000000000e+01
2.250000000000000000e+03 3.360000000000000000e+02 1.700000000000000000e+01 2.500000000000000000e+01
2.206000000000000000e+03 3.320000000000000000e+02 1.600000000000000000e+01 2.500000000000000000e+01
2.470000000000000000e+03 2.360000000000000000e+02 1.800000000000000000e+01 2.000000000000000000e+01
3.998000000000000000e+03 3.660000000000000000e+02 1.700000000000000000e+01 2.100000000000000000e+01
2.528000000000000000e+03 3.280000000000000000e+02 1.600000000000000000e+01 2.100000000000000000e+01
2.692000000000000000e+03 3.640000000000000000e+02 1.900000000000000000e+01 2.600000000000000000e+01
4.000000000000000000e+03 2.220000000000000000e+02 1.900000000000000000e+01 2.000000000000000000e+01
3.910000000000000000e+03 3.580000000000000000e+02 1.700000000000000000e+01 2.700000000000000000e+01
3.999000000000000000e+03 3.480000000000000000e+02 1.500000000000000000e+01 2.300000000000000000e+01
3.886000000000000000e+03 3.620000000000000000e+02 1.800000000000000000e+01 2.000000000000000000e+01
4.000000000000000000e+03 3.180000000000000000e+02 1.600000000000000000e+01 1.900000000000000000e+01
3.444000000000000000e+03 3.320000000000000000e+02 1.700000000000000000e+01 2.800000000000000000e+01
2.439000000000000000e+03 3.500000000000000000e+02 1.700000000000000000e+01 2.600000000000000000e+01
3.999000000000000000e+03 3.600000000000000000e+02 1.600000000000000000e+01 2.200000000000000000e+01
3.999000000000000000e+03 3.200000000000000000e+02 1.600000000000000000e+01 2.300000000000000000e+01
4.000000000000000000e+03 3.560000000000000000e+02 1.800000000000000000e+01 2.200000000000000000e+01
3.999000000000000000e+03 3.280000000000000000e+02 1.700000000000000000e+01 2.600000000000000000e+01
4.000000000000000000e+03 2.360000000000000000e+02 1.900000000000000000e+01 2.200000000000000000e+01
2.502000000000000000e+03 3.640000000000000000e+02 1.800000000000000000e+01 2.100000000000000000e+01
4.000000000000000000e+03 3.180000000000000000e+02 1.800000000000000000e+01 2.500000000000000000e+01
3.997000000000000000e+03 3.500000000000000000e+02 1.600000000000000000e+01 2.600000000000000000e+01
3.999000000000000000e+03 3.480000000000000000e+02 1.700000000000000000e+01 2.800000000000000000e+01
3.999000000000000000e+03 3.320000000000000000e+02 1.500000000000000000e+01 2.500000000000000000e+01
2.253000000000000000e+03 3.420000000000000000e+02 1.700000000000000000e+01 2.700000000000000000e+01
2.850000000000000000e+03 3.340000000000000000e+02 1.400000000000000000e+01 2.500000000000000000e+01
3.358000000000000000e+03 3.400000000000000000e+02 1.800000000000000000e+01 2.600000000000000000e+01
3.546000000000000000e+03 3.240000000000000000e+02 1.600000000000000000e+01 2.500000000000000000e+01
2.212000000000000000e+03 3.320000000000000000e+02 1.600000000000000000e+01 2.500000000000000000e+01
3.999000000000000000e+03 3.460000000000000000e+02 1.800000000000000000e+01 1.900000000000000000e+01
2.428000000000000000e+03 3.060000000000000000e+02 1.800000000000000000e+01 2.800000000000000000e+01
2.180000000000000000e+03 3.220000000000000000e+02 1.500000000000000000e+01 1.900000000000000000e+01
3.999000000000000000e+03 3.500000000000000000e+02 1.600000000000000000e+01 2.400000000000000000e+01
3.312000000000000000e+03 3.500000000000000000e+02 1.600000000000000000e+01 2.100000000000000000e+01
3.998000000000000000e+03 3.500000000000000000e+02 1.800000000000000000e+01 2.100000000000000000e+01
3.999000000000000000e+03 3.600000000000000000e+02 1.700000000000000000e+01 2.800000000000000000e+01
3.402000000000000000e+03 3.480000000000000000e+02 1.500000000000000000e+01 2.600000000000000000e+01
2.302000000000000000e+03 3.420000000000000000e+02 1.500000000000000000e+01 2.800000000000000000e+01
3.110000000000000000e+03 2.980000000000000000e+02 1.800000000000000000e+01 2.700000000000000000e+01
4.000000000000000000e+03 3.520000000000000000e+02 1.600000000000000000e+01 2.100000000000000000e+01
3.876000000000000000e+03 2.900000000000000000e+02 1.900000000000000000e+01 2.300000000000000000e+01
3.999000000000000000e+03 3.540000000000000000e+02 1.900000000000000000e+01 2.500000000000000000e+01
3.962000000000000000e+03 3.120000000000000000e+02 1.800000000000000000e+01 2.500000000000000000e+01
2.984000000000000000e+03 3.560000000000000000e+02 2.000000000000000000e+01 2.500000000000000000e+01
3.834000000000000000e+03 3.400000000000000000e+02 1.800000000000000000e+01 2.400000000000000000e+01
4.000000000000000000e+03 3.280000000000000000e+02 1.600000000000000000e+01 2.800000000000000000e+01
3.856000000000000000e+03 3.120000000000000000e+02 1.700000000000000000e+01 2.200000000000000000e+01
4.000000000000000000e+03 3.460000000000000000e+02 1.900000000000000000e+01 2.400000000000000000e+01
4.000000000000000000e+03 3.400000000000000000e+02 1.400000000000000000e+01 2.400000000000000000e+01
2.886000000000000000e+03 3.100000000000000000e+02 1.700000000000000000e+01 2.500000000000000000e+01
2.641000000000000000e+03 3.620000000000000000e+02 1.600000000000000000e+01 2.700000000000000000e+01
4.000000000000000000e+03 2.800000000000000000e+02 1.600000000000000000e+01 3.000000000000000000e+01
4.000000000000000000e+03 2.830000000000000000e+02 1.700000000000000000e+01 2.400000000000000000e+01
3.780000000000000000e+03 3.560000000000000000e+02 1.800000000000000000e+01 2.200000000000000000e+01
3.174000000000000000e+03 3.420000000000000000e+02 1.800000000000000000e+01 2.500000000000000000e+01
4.000000000000000000e+03 3.380000000000000000e+02 1.700000000000000000e+01 2.400000000000000000e+01
4.000000000000000000e+03 3.220000000000000000e+02 1.700000000000000000e+01 2.800000000000000000e+01
3.098000000000000000e+03 3.220000000000000000e+02 1.700000000000000000e+01 2.600000000000000000e+01
3.998000000000000000e+03 3.580000000000000000e+02 1.700000000000000000e+01 2.300000000000000000e+01
4.000000000000000000e+03 3.250000000000000000e+02 1.700000000000000000e+01 2.100000000000000000e+01
4.000000000000000000e+03 3.600000000000000000e+02 1.600000000000000000e+01 3.300000000000000000e+01
4.000000000000000000e+03 3.400000000000000000e+02 1.800000000000000000e+01 2.100000000000000000e+01
4.000000000000000000e+03 3.440000000000000000e+02 1.600000000000000000e+01 2.400000000000000000e+01
2.604000000000000000e+03 3.320000000000000000e+02 1.600000000000000000e+01 2.400000000000000000e+01
4.000000000000000000e+03 3.350000000000000000e+02 1.800000000000000000e+01 2.500000000000000000e+01
3.421000000000000000e+03 3.380000000000000000e+02 1.800000000000000000e+01 2.600000000000000000e+01
3.998000000000000000e+03 3.560000000000000000e+02 1.900000000000000000e+01 2.600000000000000000e+01
4.000000000000000000e+03 3.440000000000000000e+02 1.500000000000000000e+01 2.400000000000000000e+01
3.272000000000000000e+03 3.440000000000000000e+02 1.700000000000000000e+01 2.800000000000000000e+01
4.000000000000000000e+03 3.440000000000000000e+02 1.900000000000000000e+01 2.800000000000000000e+01
3.428000000000000000e+03 3.520000000000000000e+02 1.900000000000000000e+01 2.500000000000000000e+01
3.999000000000000000e+03 3.500000000000000000e+02 1.600000000000000000e+01 2.800000000000000000e+01
3.999000000000000000e+03 3.340000000000000000e+02 1.700000000000000000e+01 2.800000000000000000e+01
3.999000000000000000e+03 3.520000000000000000e+02 1.600000000000000000e+01 2.800000000000000000e+01
3.999000000000000000e+03 3.600000000000000000e+02 1.800000000000000000e+01 2.500000000000000000e+01
3.831000000000000000e+03 3.380000000000000000e+02 1.600000000000000000e+01 2.200000000000000000e+01
2.334000000000000000e+03 3.440000000000000000e+02 1.900000000000000000e+01 2.600000000000000000e+01
3.998000000000000000e+03 3.480000000000000000e+02 1.900000000000000000e+01 2.400000000000000000e+01
3.999000000000000000e+03 3.380000000000000000e+02 1.500000000000000000e+01 2.500000000000000000e+01
3.420000000000000000e+03 3.240000000000000000e+02 1.700000000000000000e+01 2.800000000000000000e+01
4.000000000000000000e+03 3.420000000000000000e+02 1.800000000000000000e+01 2.800000000000000000e+01
3.274000000000000000e+03 3.500000000000000000e+02 1.700000000000000000e+01 2.400000000000000000e+01
2.330000000000000000e+03 3.640000000000000000e+02 2.000000000000000000e+01 2.900000000000000000e+01
4.000000000000000000e+03 3.260000000000000000e+02 1.700000000000000000e+01 2.600000000000000000e+01
4.000000000000000000e+03 2.960000000000000000e+02 1.900000000000000000e+01 3.000000000000000000e+01
4.000000000000000000e+03 2.690000000000000000e+02 1.700000000000000000e+01 2.600000000000000000e+01
3.999000000000000000e+03 3.160000000000000000e+02 1.600000000000000000e+01 2.400000000000000000e+01
2.332000000000000000e+03 3.140000000000000000e+02 1.600000000000000000e+01 2.500000000000000000e+01
2.751000000000000000e+03 3.560000000000000000e+02 1.600000000000000000e+01 2.900000000000000000e+01
3.999000000000000000e+03 3.340000000000000000e+02 1.700000000000000000e+01 2.300000000000000000e+01
4.000000000000000000e+03 2.980000000000000000e+02 1.800000000000000000e+01 2.400000000000000000e+01
4.000000000000000000e+03 3.360000000000000000e+02 1.500000000000000000e+01 2.500000000000000000e+01
2.473000000000000000e+03 3.300000000000000000e+02 1.900000000000000000e+01 2.100000000000000000e+01
3.356000000000000000e+03 3.430000000000000000e+02 1.800000000000000000e+01 3.000000000000000000e+01
3.027000000000000000e+03 3.300000000000000000e+02 1.800000000000000000e+01 2.500000000000000000e+01
4.000000000000000000e+03 2.950000000000000000e+02 1.800000000000000000e+01 3.000000000000000000e+01
3.650000000000000000e+03 3.170000000000000000e+02 1.600000000000000000e+01 2.500000000000000000e+01
2.512000000000000000e+03 3.560000000000000000e+02 1.900000000000000000e+01 2.600000000000000000e+01
3.999000000000000000e+03 3.670000000000000000e+02 1.800000000000000000e+01 2.900000000000000000e+01
4.000000000000000000e+03 2.620000000000000000e+02 1.800000000000000000e+01 2.800000000000000000e+01
3.999000000000000000e+03 3.540000000000000000e+02 1.700000000000000000e+01 2.600000000000000000e+01
3.999000000000000000e+03 3.440000000000000000e+02 1.800000000000000000e+01 2.500000000000000000e+01
4.000000000000000000e+03 2.660000000000000000e+02 2.200000000000000000e+01 2.700000000000000000e+01
3.054000000000000000e+03 2.880000000000000000e+02 2.100000000000000000e+01 2.500000000000000000e+01
4.000000000000000000e+03 2.340000000000000000e+02 1.500000000000000000e+01 2.000000000000000000e+01
2.874000000000000000e+03 3.140000000000000000e+02 1.600000000000000000e+01 2.600000000000000000e+01
2.438000000000000000e+03 3.840000000000000000e+02 1.900000000000000000e+01 2.000000000000000000e+01
3.998000000000000000e+03 3.660000000000000000e+02 1.300000000000000000e+01 2.500000000000000000e+01
2.744000000000000000e+03 3.520000000000000000e+02 1.500000000000000000e+01 2.700000000000000000e+01
2.278000000000000000e+03 3.580000000000000000e+02 1.900000000000000000e+01 2.900000000000000000e+01
2.602000000000000000e+03 3.540000000000000000e+02 2.000000000000000000e+01 2.800000000000000000e+01
4.000000000000000000e+03 2.380000000000000000e+02 2.000000000000000000e+01 2.600000000000000000e+01
2.945000000000000000e+03 3.480000000000000000e+02 1.600000000000000000e+01 2.500000000000000000e+01
4.000000000000000000e+03 2.840000000000000000e+02 1.700000000000000000e+01 2.000000000000000000e+01
3.999000000000000000e+03 3.380000000000000000e+02 1.800000000000000000e+01 2.400000000000000000e+01
2.602000000000000000e+03 3.500000000000000000e+02 1.800000000000000000e+01 2.000000000000000000e+01
7.800000000000000000e+01 8.900000000000000000e+01 6.100000000000000000e+01 6.000000000000000000e+01
7.200000000000000000e+01 8.900000000000000000e+01 6.400000000000000000e+01 6.500000000000000000e+01
6.400000000000000000e+01 9.100000000000000000e+01 6.800000000000000000e+01 6.800000000000000000e+01
3.700000000000000000e+01 5.800000000000000000e+01 6.800000000000000000e+01 7.700000000000000000e+01
8.100000000000000000e+01 9.100000000000000000e+01 5.800000000000000000e+01 6.400000000000000000e+01
5.400000000000000000e+01 8.600000000000000000e+01 4.700000000000000000e+01 6.400000000000000000e+01
6.100000000000000000e+01 8.900000000000000000e+01 6.200000000000000000e+01 6.900000000000000000e+01
7.700000000000000000e+01 9.300000000000000000e+01 6.500000000000000000e+01 7.300000000000000000e+01
5.600000000000000000e+01 8.900000000000000000e+01 6.700000000000000000e+01 7.200000000000000000e+01
6.000000000000000000e+01 8.600000000000000000e+01 6.800000000000000000e+01 5.900000000000000000e+01
6.100000000000000000e+01 9.000000000000000000e+01 6.500000000000000000e+01 7.300000000000000000e+01
5.400000000000000000e+01 9.400000000000000000e+01 6.800000000000000000e+01 7.200000000000000000e+01
6.300000000000000000e+01 9.100000000000000000e+01 7.300000000000000000e+01 6.800000000000000000e+01
5.100000000000000000e+01 9.700000000000000000e+01 6.700000000000000000e+01 7.600000000000000000e+01
5.400000000000000000e+01 9.000000000000000000e+01 6.000000000000000000e+01 7.400000000000000000e+01
5.500000000000000000e+01 8.500000000000000000e+01 6.200000000000000000e+01 6.100000000000000000e+01
5.600000000000000000e+01 8.600000000000000000e+01 6.600000000000000000e+01 7.600000000000000000e+01
5.100000000000000000e+01 7.100000000000000000e+01 6.800000000000000000e+01 6.300000000000000000e+01
7.900000000000000000e+01 9.600000000000000000e+01 7.000000000000000000e+01 6.300000000000000000e+01
5.800000000000000000e+01 8.800000000000000000e+01 5.800000000000000000e+01 6.200000000000000000e+01
6.300000000000000000e+01 8.500000000000000000e+01 6.400000000000000000e+01 7.500000000000000000e+01
5.500000000000000000e+01 8.900000000000000000e+01 5.500000000000000000e+01 6.800000000000000000e+01
5.700000000000000000e+01 9.000000000000000000e+01 6.200000000000000000e+01 6.300000000000000000e+01
6.100000000000000000e+01 1.010000000000000000e+02 5.800000000000000000e+01 7.900000000000000000e+01
5.500000000000000000e+01 8.600000000000000000e+01 6.400000000000000000e+01 6.700000000000000000e+01
5.600000000000000000e+01 8.700000000000000000e+01 6.600000000000000000e+01 6.400000000000000000e+01
7.500000000000000000e+01 9.200000000000000000e+01 6.500000000000000000e+01 5.900000000000000000e+01
6.200000000000000000e+01 8.700000000000000000e+01 6.600000000000000000e+01 7.000000000000000000e+01
6.100000000000000000e+01 8.900000000000000000e+01 5.700000000000000000e+01 7.200000000000000000e+01
5.300000000000000000e+01 8.100000000000000000e+01 6.800000000000000000e+01 6.700000000000000000e+01
5.500000000000000000e+01 8.700000000000000000e+01 6.600000000000000000e+01 7.600000000000000000e+01
5.800000000000000000e+01 9.400000000000000000e+01 7.000000000000000000e+01 7.700000000000000000e+01
4.900000000000000000e+01 8.100000000000000000e+01 6.500000000000000000e+01 7.000000000000000000e+01
7.900000000000000000e+01 9.200000000000000000e+01 5.500000000000000000e+01 6.700000000000000000e+01
4.900000000000000000e+01 8.100000000000000000e+01 6.300000000000000000e+01 7.600000000000000000e+01
8.000000000000000000e+01 8.900000000000000000e+01 5.800000000000000000e+01 6.300000000000000000e+01
4.900000000000000000e+01 8.400000000000000000e+01 6.200000000000000000e+01 7.000000000000000000e+01
8.000000000000000000e+01 8.800000000000000000e+01 6.100000000000000000e+01 7.700000000000000000e+01
5.800000000000000000e+01 8.500000000000000000e+01 6.300000000000000000e+01 5.900000000000000000e+01
5.600000000000000000e+01 7.300000000000000000e+01 7.100000000000000000e+01 6.500000000000000000e+01
8.100000000000000000e+01 8.700000000000000000e+01 6.000000000000000000e+01 5.900000000000000000e+01
7.900000000000000000e+01 9.300000000000000000e+01 6.600000000000000000e+01 7.800000000000000000e+01
5.600000000000000000e+01 7.900000000000000000e+01 6.500000000000000000e+01 7.300000000000000000e+01
5.900000000000000000e+01 8.500000000000000000e+01 6.000000000000000000e+01 6.200000000000000000e+01
6.300000000000000000e+01 9.100000000000000000e+01 6.000000000000000000e+01 6.400000000000000000e+01
6.200000000000000000e+01 9.000000000000000000e+01 6.300000000000000000e+01 6.400000000000000000e+01
6.100000000000000000e+01 8.900000000000000000e+01 6.000000000000000000e+01 7.500000000000000000e+01
7.300000000000000000e+01 8.900000000000000000e+01 5.500000000000000000e+01 6.300000000000000000e+01
5.800000000000000000e+01 9.800000000000000000e+01 5.700000000000000000e+01 7.500000000000000000e+01
6.900000000000000000e+01 1.010000000000000000e+02 6.500000000000000000e+01 6.800000000000000000e+01
5.600000000000000000e+01 9.100000000000000000e+01 5.800000000000000000e+01 6.500000000000000000e+01
4.400000000000000000e+01 8.500000000000000000e+01 5.300000000000000000e+01 7.500000000000000000e+01
8.300000000000000000e+01 9.200000000000000000e+01 6.300000000000000000e+01 6.900000000000000000e+01
5.700000000000000000e+01 9.000000000000000000e+01 6.500000000000000000e+01 6.100000000000000000e+01
6.400000000000000000e+01 9.000000000000000000e+01 6.400000000000000000e+01 6.800000000000000000e+01
5.100000000000000000e+01 8.200000000000000000e+01 6.600000000000000000e+01 7.400000000000000000e+01
5.600000000000000000e+01 9.400000000000000000e+01 6.800000000000000000e+01 8.000000000000000000e+01
5.500000000000000000e+01 9.000000000000000000e+01 7.100000000000000000e+01 7.200000000000000000e+01
7.300000000000000000e+01 8.700000000000000000e+01 6.000000000000000000e+01 6.600000000000000000e+01
5.700000000000000000e+01 8.600000000000000000e+01 6.500000000000000000e+01 7.300000000000000000e+01
6.500000000000000000e+01 9.200000000000000000e+01 6.900000000000000000e+01 7.500000000000000000e+01
5.100000000000000000e+01 8.100000000000000000e+01 6.900000000000000000e+01 5.800000000000000000e+01
4.700000000000000000e+01 8.100000000000000000e+01 6.300000000000000000e+01 7.400000000000000000e+01
6.500000000000000000e+01 8.600000000000000000e+01 5.200000000000000000e+01 7.600000000000000000e+01
6.500000000000000000e+01 9.100000000000000000e+01 6.500000000000000000e+01 7.200000000000000000e+01
6.400000000000000000e+01 9.500000000000000000e+01 5.000000000000000000e+01 7.300000000000000000e+01
5.900000000000000000e+01 9.000000000000000000e+01 6.800000000000000000e+01 7.800000000000000000e+01
6.100000000000000000e+01 9.400000000000000000e+01 6.000000000000000000e+01 6.900000000000000000e+01
7.700000000000000000e+01 1.070000000000000000e+02 6.800000000000000000e+01 5.600000000000000000e+01
6.000000000000000000e+01 9.000000000000000000e+01 5.500000000000000000e+01 6.400000000000000000e+01
6.300000000000000000e+01 9.100000000000000000e+01 6.900000000000000000e+01 6.100000000000000000e+01
6.100000000000000000e+01 8.900000000000000000e+01 6.800000000000000000e+01 7.200000000000000000e+01
5.700000000000000000e+01 8.900000000000000000e+01 7.300000000000000000e+01 6.000000000000000000e+01
6.100000000000000000e+01 8.900000000000000000e+01 6.200000000000000000e+01 7.400000000000000000e+01
5.700000000000000000e+01 8.900000000000000000e+01 6.500000000000000000e+01 7.000000000000000000e+01
7.400000000000000000e+01 9.300000000000000000e+01 6.000000000000000000e+01 6.100000000000000000e+01
7.500000000000000000e+01 1.010000000000000000e+02 6.000000000000000000e+01 6.800000000000000000e+01
6.300000000000000000e+01 9.200000000000000000e+01 7.000000000000000000e+01 6.900000000000000000e+01
5.400000000000000000e+01 8.800000000000000000e+01 6.900000000000000000e+01 6.800000000000000000e+01
6.100000000000000000e+01 8.800000000000000000e+01 6.300000000000000000e+01 7.100000000000000000e+01
6.100000000000000000e+01 9.100000000000000000e+01 6.900000000000000000e+01 7.300000000000000000e+01
5.800000000000000000e+01 8.500000000000000000e+01 6.800000000000000000e+01 6.800000000000000000e+01
5.300000000000000000e+01 1.000000000000000000e+02 4.900000000000000000e+01 6.700000000000000000e+01
5.500000000000000000e+01 8.700000000000000000e+01 5.200000000000000000e+01 8.100000000000000000e+01
7.900000000000000000e+01 9.300000000000000000e+01 6.600000000000000000e+01 6.100000000000000000e+01
6.100000000000000000e+01 8.400000000000000000e+01 6.500000000000000000e+01 6.700000000000000000e+01
4.200000000000000000e+01 5.700000000000000000e+01 6.400000000000000000e+01 7.500000000000000000e+01
5.500000000000000000e+01 7.300000000000000000e+01 7.100000000000000000e+01 6.600000000000000000e+01
5.700000000000000000e+01 9.100000000000000000e+01 6.400000000000000000e+01 7.400000000000000000e+01
5.500000000000000000e+01 8.800000000000000000e+01 6.500000000000000000e+01 7.700000000000000000e+01
5.900000000000000000e+01 8.600000000000000000e+01 6.400000000000000000e+01 6.700000000000000000e+01
5.400000000000000000e+01 8.200000000000000000e+01 5.900000000000000000e+01 6.800000000000000000e+01
7.900000000000000000e+01 9.400000000000000000e+01 6.600000000000000000e+01 6.000000000000000000e+01
6.300000000000000000e+01 9.500000000000000000e+01 6.900000000000000000e+01 7.500000000000000000e+01
5.800000000000000000e+01 8.400000000000000000e+01 6.000000000000000000e+01 7.000000000000000000e+01
5.900000000000000000e+01 8.800000000000000000e+01 6.900000000000000000e+01 6.800000000000000000e+01
7.900000000000000000e+01 9.200000000000000000e+01 5.800000000000000000e+01 6.900000000000000000e+01
6.400000000000000000e+01 9.200000000000000000e+01 6.600000000000000000e+01 7.500000000000000000e+01
5.200000000000000000e+01 7.000000000000000000e+01 5.700000000000000000e+01 7.700000000000000000e+01
6.300000000000000000e+01 9.100000000000000000e+01 7.000000000000000000e+01 7.400000000000000000e+01
5.500000000000000000e+01 1.010000000000000000e+02 6.300000000000000000e+01 7.300000000000000000e+01
6.100000000000000000e+01 8.900000000000000000e+01 6.800000000000000000e+01 7.700000000000000000e+01
4.100000000000000000e+01 6.700000000000000000e+01 7.300000000000000000e+01 7.400000000000000000e+01
5.900000000000000000e+01 7.500000000000000000e+01 6.000000000000000000e+01 6.500000000000000000e+01
4.500000000000000000e+01 9.200000000000000000e+01 6.400000000000000000e+01 7.700000000000000000e+01
7.700000000000000000e+01 8.900000000000000000e+01 5.900000000000000000e+01 7.200000000000000000e+01
5.700000000000000000e+01 8.700000000000000000e+01 6.700000000000000000e+01 7.500000000000000000e+01
5.100000000000000000e+01 9.200000000000000000e+01 7.100000000000000000e+01 7.100000000000000000e+01
8.200000000000000000e+01 9.200000000000000000e+01 6.400000000000000000e+01 7.200000000000000000e+01
4.700000000000000000e+01 8.300000000000000000e+01 6.300000000000000000e+01 7.600000000000000000e+01
5.500000000000000000e+01 8.900000000000000000e+01 6.600000000000000000e+01 6.700000000000000000e+01
5.500000000000000000e+01 8.700000000000000000e+01 6.700000000000000000e+01 6.200000000000000000e+01
5.700000000000000000e+01 8.300000000000000000e+01 6.900000000000000000e+01 6.800000000000000000e+01
8.100000000000000000e+01 8.900000000000000000e+01 6.700000000000000000e+01 7.400000000000000000e+01
7.500000000000000000e+01 9.200000000000000000e+01 6.400000000000000000e+01 6.700000000000000000e+01
5.700000000000000000e+01 8.900000000000000000e+01 6.000000000000000000e+01 6.600000000000000000e+01
7.500000000000000000e+01 1.010000000000000000e+02 7.100000000000000000e+01 6.500000000000000000e+01
5.300000000000000000e+01 8.300000000000000000e+01 6.500000000000000000e+01 7.800000000000000000e+01
6.100000000000000000e+01 8.900000000000000000e+01 6.300000000000000000e+01 7.000000000000000000e+01
4.900000000000000000e+01 8.400000000000000000e+01 6.100000000000000000e+01 7.200000000000000000e+01
6.000000000000000000e+01 9.600000000000000000e+01 6.600000000000000000e+01 6.500000000000000000e+01
7.900000000000000000e+01 8.700000000000000000e+01 6.100000000000000000e+01 7.500000000000000000e+01
6.100000000000000000e+01 9.200000000000000000e+01 7.000000000000000000e+01 5.900000000000000000e+01
5.700000000000000000e+01 8.800000000000000000e+01 6.700000000000000000e+01 6.600000000000000000e+01
5.500000000000000000e+01 7.500000000000000000e+01 6.300000000000000000e+01 7.500000000000000000e+01
5.700000000000000000e+01 8.500000000000000000e+01 4.800000000000000000e+01 6.400000000000000000e+01
7.500000000000000000e+01 9.600000000000000000e+01 6.500000000000000000e+01 7.100000000000000000e+01
5.900000000000000000e+01 8.900000000000000000e+01 6.300000000000000000e+01 7.500000000000000000e+01
5.300000000000000000e+01 9.000000000000000000e+01 6.800000000000000000e+01 6.100000000000000000e+01
5.600000000000000000e+01 8.700000000000000000e+01 6.000000000000000000e+01 7.300000000000000000e+01
6.300000000000000000e+01 8.600000000000000000e+01 6.800000000000000000e+01 7.700000000000000000e+01
7.900000000000000000e+01 1.030000000000000000e+02 6.300000000000000000e+01 7.700000000000000000e+01
5.700000000000000000e+01 9.100000000000000000e+01 6.400000000000000000e+01 6.400000000000000000e+01
7.500000000000000000e+01 8.900000000000000000e+01 5.800000000000000000e+01 6.900000000000000000e+01
5.600000000000000000e+01 8.500000000000000000e+01 6.600000000000000000e+01 6.300000000000000000e+01
6.100000000000000000e+01 9.200000000000000000e+01 6.900000000000000000e+01 6.700000000000000000e+01
7.700000000000000000e+01 9.100000000000000000e+01 5.800000000000000000e+01 6.200000000000000000e+01
5.700000000000000000e+01 8.900000000000000000e+01 6.300000000000000000e+01 7.000000000000000000e+01
7.900000000000000000e+01 9.400000000000000000e+01 6.000000000000000000e+01 7.200000000000000000e+01
4.900000000000000000e+01 8.400000000000000000e+01 5.800000000000000000e+01 6.100000000000000000e+01
6.300000000000000000e+01 8.900000000000000000e+01 7.000000000000000000e+01 7.200000000000000000e+01
7.600000000000000000e+01 8.900000000000000000e+01 5.800000000000000000e+01 7.700000000000000000e+01
5.600000000000000000e+01 8.900000000000000000e+01 6.800000000000000000e+01 6.900000000000000000e+01
5.600000000000000000e+01 7.000000000000000000e+01 6.700000000000000000e+01 7.000000000000000000e+01
4.700000000000000000e+01 7.800000000000000000e+01 7.000000000000000000e+01 6.100000000000000000e+01
5.000000000000000000e+01 7.800000000000000000e+01 6.600000000000000000e+01 7.500000000000000000e+01
6.200000000000000000e+01 8.600000000000000000e+01 7.100000000000000000e+01 7.400000000000000000e+01
6.400000000000000000e+01 9.100000000000000000e+01 7.200000000000000000e+01 6.200000000000000000e+01
5.500000000000000000e+01 9.000000000000000000e+01 6.800000000000000000e+01 6.900000000000000000e+01
5.700000000000000000e+01 7.400000000000000000e+01 6.600000000000000000e+01 7.700000000000000000e+01
6.000000000000000000e+01 7.500000000000000000e+01 6.800000000000000000e+01 7.700000000000000000e+01
5.500000000000000000e+01 8.500000000000000000e+01 6.600000000000000000e+01 7.500000000000000000e+01
7.500000000000000000e+01 9.100000000000000000e+01 6.500000000000000000e+01 7.200000000000000000e+01
3.500000000000000000e+01 7.200000000000000000e+01 6.100000000000000000e+01 5.100000000000000000e+01
5.700000000000000000e+01 8.600000000000000000e+01 6.600000000000000000e+01 7.400000000000000000e+01
6.000000000000000000e+01 8.800000000000000000e+01 6.500000000000000000e+01 6.600000000000000000e+01
7.900000000000000000e+01 9.300000000000000000e+01 6.400000000000000000e+01 5.900000000000000000e+01
4.500000000000000000e+01 1.040000000000000000e+02 6.800000000000000000e+01 7.900000000000000000e+01
4.800000000000000000e+01 8.400000000000000000e+01 6.500000000000000000e+01 7.200000000000000000e+01
5.100000000000000000e+01 8.500000000000000000e+01 7.000000000000000000e+01 5.900000000000000000e+01
5.700000000000000000e+01 9.900000000000000000e+01 5.900000000000000000e+01 6.700000000000000000e+01
5.700000000000000000e+01 8.200000000000000000e+01 5.800000000000000000e+01 6.900000000000000000e+01
5.700000000000000000e+01 8.400000000000000000e+01 6.500000000000000000e+01 7.000000000000000000e+01
7.700000000000000000e+01 8.900000000000000000e+01 6.700000000000000000e+01 7.200000000000000000e+01
5.900000000000000000e+01 8.900000000000000000e+01 6.800000000000000000e+01 7.500000000000000000e+01
5.300000000000000000e+01 7.000000000000000000e+01 6.500000000000000000e+01 7.300000000000000000e+01
5.500000000000000000e+01 8.500000000000000000e+01 6.100000000000000000e+01 7.500000000000000000e+01
7.900000000000000000e+01 8.900000000000000000e+01 5.100000000000000000e+01 7.600000000000000000e+01
4.900000000000000000e+01 8.800000000000000000e+01 6.800000000000000000e+01 7.700000000000000000e+01
5.900000000000000000e+01 8.900000000000000000e+01 6.600000000000000000e+01 7.000000000000000000e+01
5.900000000000000000e+01 7.800000000000000000e+01 6.000000000000000000e+01 6.600000000000000000e+01
6.500000000000000000e+01 8.500000000000000000e+01 5.500000000000000000e+01 7.100000000000000000e+01
5.800000000000000000e+01 8.900000000000000000e+01 7.000000000000000000e+01 7.200000000000000000e+01
6.500000000000000000e+01 9.200000000000000000e+01 6.200000000000000000e+01 6.400000000000000000e+01
5.500000000000000000e+01 8.700000000000000000e+01 6.000000000000000000e+01 7.400000000000000000e+01
5.800000000000000000e+01 9.100000000000000000e+01 6.200000000000000000e+01 7.600000000000000000e+01
4.900000000000000000e+01 6.900000000000000000e+01 6.500000000000000000e+01 7.400000000000000000e+01
4.700000000000000000e+01 8.200000000000000000e+01 6.500000000000000000e+01 7.700000000000000000e+01
5.500000000000000000e+01 8.700000000000000000e+01 5.700000000000000000e+01 7.700000000000000000e+01
7.500000000000000000e+01 1.030000000000000000e+02 5.800000000000000000e+01 6.900000000000000000e+01
7.700000000000000000e+01 8.900000000000000000e+01 5.800000000000000000e+01 6.100000000000000000e+01
5.900000000000000000e+01 8.800000000000000000e+01 6.700000000000000000e+01 7.300000000000000000e+01
6.200000000000000000e+01 8.700000000000000000e+01 5.900000000000000000e+01 7.700000000000000000e+01
4.900000000000000000e+01 8.600000000000000000e+01 6.000000000000000000e+01 7.200000000000000000e+01
4.900000000000000000e+01 7.600000000000000000e+01 6.200000000000000000e+01 6.200000000000000000e+01
5.300000000000000000e+01 8.900000000000000000e+01 5.900000000000000000e+01 8.300000000000000000e+01
5.800000000000000000e+01 8.500000000000000000e+01 6.700000000000000000e+01 7.400000000000000000e+01
6.400000000000000000e+01 9.000000000000000000e+01 6.800000000000000000e+01 6.200000000000000000e+01
5.400000000000000000e+01 7.100000000000000000e+01 6.700000000000000000e+01 7.100000000000000000e+01
6.000000000000000000e+01 8.700000000000000000e+01 6.900000000000000000e+01 6.600000000000000000e+01
7.900000000000000000e+01 9.700000000000000000e+01 6.400000000000000000e+01 7.700000000000000000e+01
6.100000000000000000e+01 7.200000000000000000e+01 5.200000000000000000e+01 6.500000000000000000e+01
4.900000000000000000e+01 8.500000000000000000e+01 5.900000000000000000e+01 6.600000000000000000e+01
7.900000000000000000e+01 8.900000000000000000e+01 6.400000000000000000e+01 7.100000000000000000e+01
4.900000000000000000e+01 8.600000000000000000e+01 6.400000000000000000e+01 7.500000000000000000e+01
5.500000000000000000e+01 7.700000000000000000e+01 6.400000000000000000e+01 6.600000000000000000e+01
4.900000000000000000e+01 7.000000000000000000e+01 7.200000000000000000e+01 7.500000000000000000e+01
4.800000000000000000e+01 6.800000000000000000e+01 5.100000000000000000e+01 6.500000000000000000e+01
4.700000000000000000e+01 8.600000000000000000e+01 7.000000000000000000e+01 6.300000000000000000e+01
5.100000000000000000e+01 6.900000000000000000e+01 6.600000000000000000e+01 6.800000000000000000e+01
1.120000000000000000e+02 1.100000000000000000e+02 8.500000000000000000e+01 8.200000000000000000e+01
1.430000000000000000e+02 1.350000000000000000e+02 8.400000000000000000e+01 9.400000000000000000e+01
1.450000000000000000e+02 1.290000000000000000e+02 7.200000000000000000e+01 9.300000000000000000e+01
1.490000000000000000e+02 1.210000000000000000e+02 8.900000000000000000e+01 9.800000000000000000e+01
1.260000000000000000e+02 1.200000000000000000e+02 8.500000000000000000e+01 1.010000000000000000e+02
1.450000000000000000e+02 1.570000000000000000e+02 8.100000000000000000e+01 9.900000000000000000e+01
1.350000000000000000e+02 1.460000000000000000e+02 8.400000000000000000e+01 9.800000000000000000e+01
1.430000000000000000e+02 1.190000000000000000e+02 8.300000000000000000e+01 9.800000000000000000e+01
1.450000000000000000e+02 1.690000000000000000e+02 8.600000000000000000e+01 1.000000000000000000e+02
1.450000000000000000e+02 1.670000000000000000e+02 8.600000000000000000e+01 1.000000000000000000e+02
1.510000000000000000e+02 1.530000000000000000e+02 8.600000000000000000e+01 9.900000000000000000e+01
1.510000000000000000e+02 1.340000000000000000e+02 8.500000000000000000e+01 1.010000000000000000e+02
1.570000000000000000e+02 1.640000000000000000e+02 9.200000000000000000e+01 9.100000000000000000e+01
1.710000000000000000e+02 1.760000000000000000e+02 8.200000000000000000e+01 9.500000000000000000e+01
1.430000000000000000e+02 1.600000000000000000e+02 8.500000000000000000e+01 9.900000000000000000e+01
1.390000000000000000e+02 1.340000000000000000e+02 7.200000000000000000e+01 1.180000000000000000e+02
1.330000000000000000e+02 1.510000000000000000e+02 9.200000000000000000e+01 1.000000000000000000e+02
1.430000000000000000e+02 1.740000000000000000e+02 8.100000000000000000e+01 7.900000000000000000e+01
1.490000000000000000e+02 1.430000000000000000e+02 8.300000000000000000e+01 9.300000000000000000e+01
1.330000000000000000e+02 1.710000000000000000e+02 8.800000000000000000e+01 9.200000000000000000e+01
1.390000000000000000e+02 1.480000000000000000e+02 9.000000000000000000e+01 9.600000000000000000e+01
1.450000000000000000e+02 1.580000000000000000e+02 7.900000000000000000e+01 9.900000000000000000e+01
1.550000000000000000e+02 1.830000000000000000e+02 8.500000000000000000e+01 1.100000000000000000e+02
1.430000000000000000e+02 1.490000000000000000e+02 8.400000000000000000e+01 9.400000000000000000e+01
1.490000000000000000e+02 1.690000000000000000e+02 6.100000000000000000e+01 9.900000000000000000e+01
1.570000000000000000e+02 1.870000000000000000e+02 8.600000000000000000e+01 9.200000000000000000e+01
1.240000000000000000e+02 1.170000000000000000e+02 7.600000000000000000e+01 9.300000000000000000e+01
1.470000000000000000e+02 1.300000000000000000e+02 9.000000000000000000e+01 9.200000000000000000e+01
1.490000000000000000e+02 1.570000000000000000e+02 7.800000000000000000e+01 1.010000000000000000e+02
1.570000000000000000e+02 1.830000000000000000e+02 8.700000000000000000e+01 9.500000000000000000e+01
1.450000000000000000e+02 1.110000000000000000e+02 8.800000000000000000e+01 1.170000000000000000e+02
1.270000000000000000e+02 1.400000000000000000e+02 8.500000000000000000e+01 9.800000000000000000e+01
1.450000000000000000e+02 1.770000000000000000e+02 8.900000000000000000e+01 9.600000000000000000e+01
1.510000000000000000e+02 1.370000000000000000e+02 8.400000000000000000e+01 9.900000000000000000e+01
1.540000000000000000e+02 1.730000000000000000e+02 8.900000000000000000e+01 9.800000000000000000e+01
1.510000000000000000e+02 1.430000000000000000e+02 8.300000000000000000e+01 9.500000000000000000e+01
1.450000000000000000e+02 1.490000000000000000e+02 8.400000000000000000e+01 1.010000000000000000e+02
1.450000000000000000e+02 1.370000000000000000e+02 8.800000000000000000e+01 9.900000000000000000e+01
1.430000000000000000e+02 1.300000000000000000e+02 7.800000000000000000e+01 1.000000000000000000e+02
1.630000000000000000e+02 1.790000000000000000e+02 8.600000000000000000e+01 9.800000000000000000e+01
1.330000000000000000e+02 1.630000000000000000e+02 9.000000000000000000e+01 9.500000000000000000e+01
1.300000000000000000e+02 1.160000000000000000e+02 9.500000000000000000e+01 1.100000000000000000e+02
1.610000000000000000e+02 1.560000000000000000e+02 8.500000000000000000e+01 9.200000000000000000e+01
1.430000000000000000e+02 1.620000000000000000e+02 7.900000000000000000e+01 9.800000000000000000e+01
1.430000000000000000e+02 1.470000000000000000e+02 8.800000000000000000e+01 1.120000000000000000e+02
1.410000000000000000e+02 1.650000000000000000e+02 8.600000000000000000e+01 1.000000000000000000e+02
1.410000000000000000e+02 1.710000000000000000e+02 8.400000000000000000e+01 9.800000000000000000e+01
1.490000000000000000e+02 1.650000000000000000e+02 9.300000000000000000e+01 9.500000000000000000e+01
1.430000000000000000e+02 1.550000000000000000e+02 7.800000000000000000e+01 9.800000000000000000e+01
1.490000000000000000e+02 1.450000000000000000e+02 7.400000000000000000e+01 1.000000000000000000e+02
1.430000000000000000e+02 1.770000000000000000e+02 8.100000000000000000e+01 9.700000000000000000e+01
1.490000000000000000e+02 1.390000000000000000e+02 8.200000000000000000e+01 9.800000000000000000e+01
1.430000000000000000e+02 1.650000000000000000e+02 9.800000000000000000e+01 9.900000000000000000e+01
1.470000000000000000e+02 1.440000000000000000e+02 8.000000000000000000e+01 9.600000000000000000e+01
1.370000000000000000e+02 1.180000000000000000e+02 8.100000000000000000e+01 9.300000000000000000e+01
1.580000000000000000e+02 1.590000000000000000e+02 8.200000000000000000e+01 1.050000000000000000e+02
1.450000000000000000e+02 1.490000000000000000e+02 8.700000000000000000e+01 1.000000000000000000e+02
1.570000000000000000e+02 1.640000000000000000e+02 8.600000000000000000e+01 1.110000000000000000e+02
1.490000000000000000e+02 1.250000000000000000e+02 8.300000000000000000e+01 9.500000000000000000e+01
1.490000000000000000e+02 1.410000000000000000e+02 8.500000000000000000e+01 8.800000000000000000e+01
1.240000000000000000e+02 1.190000000000000000e+02 8.200000000000000000e+01 8.900000000000000000e+01
1.390000000000000000e+02 1.010000000000000000e+02 8.900000000000000000e+01 1.010000000000000000e+02
1.600000000000000000e+02 1.650000000000000000e+02 8.300000000000000000e+01 9.400000000000000000e+01
1.470000000000000000e+02 1.630000000000000000e+02 8.900000000000000000e+01 9.400000000000000000e+01
1.470000000000000000e+02 1.470000000000000000e+02 8.400000000000000000e+01 9.900000000000000000e+01
1.280000000000000000e+02 1.200000000000000000e+02 8.600000000000000000e+01 1.000000000000000000e+02
1.530000000000000000e+02 1.790000000000000000e+02 7.600000000000000000e+01 9.900000000000000000e+01
1.230000000000000000e+02 1.180000000000000000e+02 8.200000000000000000e+01 1.000000000000000000e+02
1.450000000000000000e+02 1.450000000000000000e+02 8.900000000000000000e+01 9.800000000000000000e+01
1.450000000000000000e+02 1.690000000000000000e+02 7.500000000000000000e+01 1.000000000000000000e+02
1.450000000000000000e+02 1.690000000000000000e+02 9.200000000000000000e+01 9.500000000000000000e+01
1.370000000000000000e+02 1.390000000000000000e+02 8.400000000000000000e+01 9.800000000000000000e+01
1.390000000000000000e+02 1.650000000000000000e+02 8.300000000000000000e+01 1.080000000000000000e+02
1.530000000000000000e+02 1.660000000000000000e+02 7.900000000000000000e+01 9.800000000000000000e+01
1.260000000000000000e+02 1.390000000000000000e+02 8.500000000000000000e+01 9.600000000000000000e+01
1.370000000000000000e+02 1.220000000000000000e+02 8.600000000000000000e+01 9.700000000000000000e+01
1.470000000000000000e+02 1.380000000000000000e+02 8.900000000000000000e+01 9.900000000000000000e+01
1.530000000000000000e+02 1.310000000000000000e+02 9.100000000000000000e+01 1.030000000000000000e+02
1.410000000000000000e+02 1.210000000000000000e+02 7.900000000000000000e+01 1.120000000000000000e+02
1.390000000000000000e+02 1.360000000000000000e+02 8.900000000000000000e+01 9.600000000000000000e+01
1.410000000000000000e+02 1.330000000000000000e+02 8.100000000000000000e+01 9.800000000000000000e+01
1.450000000000000000e+02 1.770000000000000000e+02 8.900000000000000000e+01 9.600000000000000000e+01
1.390000000000000000e+02 1.240000000000000000e+02 8.300000000000000000e+01 9.000000000000000000e+01
1.390000000000000000e+02 1.590000000000000000e+02 8.500000000000000000e+01 9.600000000000000000e+01
1.450000000000000000e+02 1.430000000000000000e+02 9.100000000000000000e+01 9.500000000000000000e+01
1.490000000000000000e+02 1.600000000000000000e+02 7.700000000000000000e+01 9.200000000000000000e+01
1.640000000000000000e+02 1.870000000000000000e+02 8.100000000000000000e+01 9.800000000000000000e+01
1.630000000000000000e+02 1.830000000000000000e+02 8.500000000000000000e+01 1.160000000000000000e+02
1.450000000000000000e+02 1.710000000000000000e+02 8.600000000000000000e+01 9.700000000000000000e+01
1.590000000000000000e+02 1.680000000000000000e+02 9.500000000000000000e+01 9.900000000000000000e+01
1.390000000000000000e+02 1.650000000000000000e+02 8.600000000000000000e+01 1.080000000000000000e+02
1.410000000000000000e+02 1.550000000000000000e+02 7.800000000000000000e+01 9.800000000000000000e+01
1.300000000000000000e+02 1.310000000000000000e+02 8.800000000000000000e+01 9.800000000000000000e+01
1.490000000000000000e+02 1.230000000000000000e+02 9.100000000000000000e+01 9.800000000000000000e+01
1.370000000000000000e+02 1.320000000000000000e+02 9.200000000000000000e+01 1.000000000000000000e+02
1.340000000000000000e+02 1.430000000000000000e+02 7.800000000000000000e+01 8.200000000000000000e+01
1.390000000000000000e+02 1.490000000000000000e+02 8.300000000000000000e+01 9.300000000000000000e+01
1.220000000000000000e+02 1.330000000000000000e+02 9.100000000000000000e+01 1.090000000000000000e+02
1.390000000000000000e+02 1.630000000000000000e+02 7.800000000000000000e+01 9.900000000000000000e+01
1.470000000000000000e+02 1.510000000000000000e+02 8.000000000000000000e+01 9.600000000000000000e+01
1.450000000000000000e+02 1.510000000000000000e+02 8.100000000000000000e+01 9.700000000000000000e+01
1.430000000000000000e+02 1.180000000000000000e+02 9.300000000000000000e+01 9.700000000000000000e+01
1.610000000000000000e+02 1.830000000000000000e+02 9.100000000000000000e+01 1.010000000000000000e+02
1.530000000000000000e+02 1.710000000000000000e+02 9.300000000000000000e+01 1.090000000000000000e+02
1.470000000000000000e+02 1.690000000000000000e+02 8.400000000000000000e+01 1.010000000000000000e+02
1.410000000000000000e+02 1.550000000000000000e+02 7.900000000000000000e+01 1.110000000000000000e+02
1.290000000000000000e+02 1.570000000000000000e+02 9.400000000000000000e+01 9.300000000000000000e+01
1.470000000000000000e+02 1.740000000000000000e+02 8.200000000000000000e+01 9.200000000000000000e+01
1.380000000000000000e+02 1.050000000000000000e+02 8.400000000000000000e+01 1.090000000000000000e+02
1.610000000000000000e+02 1.810000000000000000e+02 7.800000000000000000e+01 8.900000000000000000e+01
1.410000000000000000e+02 1.440000000000000000e+02 8.800000000000000000e+01 9.100000000000000000e+01
1.550000000000000000e+02 1.850000000000000000e+02 7.800000000000000000e+01 1.030000000000000000e+02
1.350000000000000000e+02 1.570000000000000000e+02 8.000000000000000000e+01 9.500000000000000000e+01
1.490000000000000000e+02 1.430000000000000000e+02 8.100000000000000000e+01 9.600000000000000000e+01
1.510000000000000000e+02 1.400000000000000000e+02 7.500000000000000000e+01 9.600000000000000000e+01
1.470000000000000000e+02 1.490000000000000000e+02 7.800000000000000000e+01 1.010000000000000000e+02
1.410000000000000000e+02 1.730000000000000000e+02 8.800000000000000000e+01 1.130000000000000000e+02
1.390000000000000000e+02 1.650000000000000000e+02 9.000000000000000000e+01 9.400000000000000000e+01
1.470000000000000000e+02 1.410000000000000000e+02 8.400000000000000000e+01 1.010000000000000000e+02
1.490000000000000000e+02 1.250000000000000000e+02 7.900000000000000000e+01 1.120000000000000000e+02
1.450000000000000000e+02 1.610000000000000000e+02 8.200000000000000000e+01 9.800000000000000000e+01
1.430000000000000000e+02 1.450000000000000000e+02 8.300000000000000000e+01 8.400000000000000000e+01
1.430000000000000000e+02 1.600000000000000000e+02 8.700000000000000000e+01 9.500000000000000000e+01
1.440000000000000000e+02 1.660000000000000000e+02 9.100000000000000000e+01 9.200000000000000000e+01
1.490000000000000000e+02 1.300000000000000000e+02 8.200000000000000000e+01 9.300000000000000000e+01
1.470000000000000000e+02 1.740000000000000000e+02 7.700000000000000000e+01 9.500000000000000000e+01
1.320000000000000000e+02 1.230000000000000000e+02 8.500000000000000000e+01 1.110000000000000000e+02
1.390000000000000000e+02 1.690000000000000000e+02 8.300000000000000000e+01 9.200000000000000000e+01
1.390000000000000000e+02 1.290000000000000000e+02 8.800000000000000000e+01 9.600000000000000000e+01
1.350000000000000000e+02 1.450000000000000000e+02 8.200000000000000000e+01 9.800000000000000000e+01
1.610000000000000000e+02 1.440000000000000000e+02 7.500000000000000000e+01 9.500000000000000000e+01
1.450000000000000000e+02 1.250000000000000000e+02 8.300000000000000000e+01 1.130000000000000000e+02
1.430000000000000000e+02 1.530000000000000000e+02 8.400000000000000000e+01 1.080000000000000000e+02
1.430000000000000000e+02 1.130000000000000000e+02 8.100000000000000000e+01 1.010000000000000000e+02
1.390000000000000000e+02 1.670000000000000000e+02 7.200000000000000000e+01 9.700000000000000000e+01
1.280000000000000000e+02 1.630000000000000000e+02 8.300000000000000000e+01 1.130000000000000000e+02
1.390000000000000000e+02 1.590000000000000000e+02 8.100000000000000000e+01 1.080000000000000000e+02
1.430000000000000000e+02 1.770000000000000000e+02 9.000000000000000000e+01 1.090000000000000000e+02
1.290000000000000000e+02 1.150000000000000000e+02 8.400000000000000000e+01 8.100000000000000000e+01
1.490000000000000000e+02 1.910000000000000000e+02 7.500000000000000000e+01 9.000000000000000000e+01
1.470000000000000000e+02 1.450000000000000000e+02 9.300000000000000000e+01 9.300000000000000000e+01
1.260000000000000000e+02 1.210000000000000000e+02 8.500000000000000000e+01 9.700000000000000000e+01
1.470000000000000000e+02 1.530000000000000000e+02 6.900000000000000000e+01 9.700000000000000000e+01
1.390000000000000000e+02 1.670000000000000000e+02 7.200000000000000000e+01 9.600000000000000000e+01
1.410000000000000000e+02 1.610000000000000000e+02 8.200000000000000000e+01 1.130000000000000000e+02
1.490000000000000000e+02 1.270000000000000000e+02 9.300000000000000000e+01 9.300000000000000000e+01
1.450000000000000000e+02 1.190000000000000000e+02 7.800000000000000000e+01 1.010000000000000000e+02
1.340000000000000000e+02 1.170000000000000000e+02 9.100000000000000000e+01 9.800000000000000000e+01
1.490000000000000000e+02 1.220000000000000000e+02 7.500000000000000000e+01 1.030000000000000000e+02
1.370000000000000000e+02 1.690000000000000000e+02 9.100000000000000000e+01 9.300000000000000000e+01
1.390000000000000000e+02 1.290000000000000000e+02 8.600000000000000000e+01 1.180000000000000000e+02
1.590000000000000000e+02 1.950000000000000000e+02 9.100000000000000000e+01 9.500000000000000000e+01
1.280000000000000000e+02 1.250000000000000000e+02 8.500000000000000000e+01 8.100000000000000000e+01
1.630000000000000000e+02 1.770000000000000000e+02 8.300000000000000000e+01 9.800000000000000000e+01
1.530000000000000000e+02 1.250000000000000000e+02 7.800000000000000000e+01 9.700000000000000000e+01
1.410000000000000000e+02 1.210000000000000000e+02 8.500000000000000000e+01 9.300000000000000000e+01
1.270000000000000000e+02 1.200000000000000000e+02 8.100000000000000000e+01 9.100000000000000000e+01
1.470000000000000000e+02 1.630000000000000000e+02 8.500000000000000000e+01 8.100000000000000000e+01
1.490000000000000000e+02 1.620000000000000000e+02 7.500000000000000000e+01 1.080000000000000000e+02
1.500000000000000000e+02 1.580000000000000000e+02 9.100000000000000000e+01 9.700000000000000000e+01
1.490000000000000000e+02 1.540000000000000000e+02 9.200000000000000000e+01 9.500000000000000000e+01
1.410000000000000000e+02 1.540000000000000000e+02 9.100000000000000000e+01 9.700000000000000000e+01
1.490000000000000000e+02 1.290000000000000000e+02 8.400000000000000000e+01 9.400000000000000000e+01
1.350000000000000000e+02 1.580000000000000000e+02 8.100000000000000000e+01 9.800000000000000000e+01
1.340000000000000000e+02 1.280000000000000000e+02 9.700000000000000000e+01 1.180000000000000000e+02
1.460000000000000000e+02 1.680000000000000000e+02 7.700000000000000000e+01 9.800000000000000000e+01
1.430000000000000000e+02 1.590000000000000000e+02 9.500000000000000000e+01 8.200000000000000000e+01
1.280000000000000000e+02 1.400000000000000000e+02 8.400000000000000000e+01 9.500000000000000000e+01
1.670000000000000000e+02 1.830000000000000000e+02 8.500000000000000000e+01 1.080000000000000000e+02
1.430000000000000000e+02 1.710000000000000000e+02 7.800000000000000000e+01 1.010000000000000000e+02
1.350000000000000000e+02 1.630000000000000000e+02 8.700000000000000000e+01 9.800000000000000000e+01
1.470000000000000000e+02 1.430000000000000000e+02 8.800000000000000000e+01 1.120000000000000000e+02
1.450000000000000000e+02 1.670000000000000000e+02 9.000000000000000000e+01 9.600000000000000000e+01
1.430000000000000000e+02 1.250000000000000000e+02 9.000000000000000000e+01 9.700000000000000000e+01
1.580000000000000000e+02 1.790000000000000000e+02 8.900000000000000000e+01 9.800000000000000000e+01
1.370000000000000000e+02 1.430000000000000000e+02 8.400000000000000000e+01 9.600000000000000000e+01
1.430000000000000000e+02 1.370000000000000000e+02 7.100000000000000000e+01 9.200000000000000000e+01
1.450000000000000000e+02 1.670000000000000000e+02 8.300000000000000000e+01 9.900000000000000000e+01
1.310000000000000000e+02 1.470000000000000000e+02 7.700000000000000000e+01 1.120000000000000000e+02
1.450000000000000000e+02 1.360000000000000000e+02 8.800000000000000000e+01 1.000000000000000000e+02
1.390000000000000000e+02 1.310000000000000000e+02 7.600000000000000000e+01 9.500000000000000000e+01
1.500000000000000000e+02 1.790000000000000000e+02 8.600000000000000000e+01 9.800000000000000000e+01
1.520000000000000000e+02 1.850000000000000000e+02 9.000000000000000000e+01 9.800000000000000000e+01
1.510000000000000000e+02 1.730000000000000000e+02 8.000000000000000000e+01 9.400000000000000000e+01
1.480000000000000000e+02 1.750000000000000000e+02 8.800000000000000000e+01 9.800000000000000000e+01
1.220000000000000000e+02 1.200000000000000000e+02 8.800000000000000000e+01 9.400000000000000000e+01
1.470000000000000000e+02 1.380000000000000000e+02 8.800000000000000000e+01 1.010000000000000000e+02
1.320000000000000000e+02 1.230000000000000000e+02 7.600000000000000000e+01 9.800000000000000000e+01
1.570000000000000000e+02 1.830000000000000000e+02 8.600000000000000000e+01 9.600000000000000000e+01
1.430000000000000000e+02 1.480000000000000000e+02 8.400000000000000000e+01 9.800000000000000000e+01
1.210000000000000000e+02 1.510000000000000000e+02 8.100000000000000000e+01 1.090000000000000000e+02
1.330000000000000000e+02 1.260000000000000000e+02 8.500000000000000000e+01 9.600000000000000000e+01
1.550000000000000000e+02 1.560000000000000000e+02 8.400000000000000000e+01 1.140000000000000000e+02
1.340000000000000000e+02 1.260000000000000000e+02 9.300000000000000000e+01 9.800000000000000000e+01
1.390000000000000000e+02 1.580000000000000000e+02 7.900000000000000000e+01 1.030000000000000000e+02
1.450000000000000000e+02 1.770000000000000000e+02 8.100000000000000000e+01 9.700000000000000000e+01
1.350000000000000000e+02 1.690000000000000000e+02 8.100000000000000000e+01 9.700000000000000000e+01
1.390000000000000000e+02 1.250000000000000000e+02 8.500000000000000000e+01 9.700000000000000000e+01
1.450000000000000000e+02 1.630000000000000000e+02 8.300000000000000000e+01 9.700000000000000000e+01
1.840000000000000000e+02 1.440000000000000000e+02 7.100000000000000000e+01 9.500000000000000000e+01
1.069000000000000000e+03 7.230000000000000000e+02 9.100000000000000000e+01 1.070000000000000000e+02
1.274000000000000000e+03 4.950000000000000000e+02 9.400000000000000000e+01 1.140000000000000000e+02
1.374000000000000000e+03 6.290000000000000000e+02 9.600000000000000000e+01 1.100000000000000000e+02
1.388000000000000000e+03 6.210000000000000000e+02 9.100000000000000000e+01 1.070000000000000000e+02
1.302000000000000000e+03 8.130000000000000000e+02 9.100000000000000000e+01 1.140000000000000000e+02
1.549000000000000000e+03 4.610000000000000000e+02 9.300000000000000000e+01 1.100000000000000000e+02
1.347000000000000000e+03 5.610000000000000000e+02 8.800000000000000000e+01 9.400000000000000000e+01
1.382000000000000000e+03 5.550000000000000000e+02 9.300000000000000000e+01 9.100000000000000000e+01
1.565000000000000000e+03 5.170000000000000000e+02 8.700000000000000000e+01 1.130000000000000000e+02
1.248000000000000000e+03 6.310000000000000000e+02 8.900000000000000000e+01 1.130000000000000000e+02
1.311000000000000000e+03 7.880000000000000000e+02 9.500000000000000000e+01 9.100000000000000000e+01
1.551000000000000000e+03 4.570000000000000000e+02 9.400000000000000000e+01 9.700000000000000000e+01
1.497000000000000000e+03 1.480000000000000000e+02 8.800000000000000000e+01 9.900000000000000000e+01
1.561000000000000000e+03 3.130000000000000000e+02 9.500000000000000000e+01 1.150000000000000000e+02
1.480000000000000000e+03 7.870000000000000000e+02 9.100000000000000000e+01 1.140000000000000000e+02
1.391000000000000000e+03 7.230000000000000000e+02 7.900000000000000000e+01 1.080000000000000000e+02
1.391000000000000000e+03 7.820000000000000000e+02 8.900000000000000000e+01 1.100000000000000000e+02
1.423000000000000000e+03 6.290000000000000000e+02 8.400000000000000000e+01 9.200000000000000000e+01
1.324000000000000000e+03 8.430000000000000000e+02 9.500000000000000000e+01 1.070000000000000000e+02
1.239000000000000000e+03 8.010000000000000000e+02 8.700000000000000000e+01 1.310000000000000000e+02
1.354000000000000000e+03 5.610000000000000000e+02 8.900000000000000000e+01 1.160000000000000000e+02
1.350000000000000000e+03 5.690000000000000000e+02 8.600000000000000000e+01 1.130000000000000000e+02
9.460000000000000000e+02 1.910000000000000000e+02 9.500000000000000000e+01 1.140000000000000000e+02
1.307000000000000000e+03 8.550000000000000000e+02 8.500000000000000000e+01 9.900000000000000000e+01
1.036000000000000000e+03 1.290000000000000000e+02 9.900000000000000000e+01 1.140000000000000000e+02
1.589000000000000000e+03 2.250000000000000000e+02 9.300000000000000000e+01 1.010000000000000000e+02
1.129000000000000000e+03 8.630000000000000000e+02 8.300000000000000000e+01 9.700000000000000000e+01
1.288000000000000000e+03 9.150000000000000000e+02 7.900000000000000000e+01 9.300000000000000000e+01
1.087000000000000000e+03 1.390000000000000000e+02 8.600000000000000000e+01 1.010000000000000000e+02
1.519000000000000000e+03 2.230000000000000000e+02 1.000000000000000000e+02 1.140000000000000000e+02
1.362000000000000000e+03 5.590000000000000000e+02 9.000000000000000000e+01 1.010000000000000000e+02
1.228000000000000000e+03 9.330000000000000000e+02 8.500000000000000000e+01 1.110000000000000000e+02
1.310000000000000000e+03 8.040000000000000000e+02 8.900000000000000000e+01 9.700000000000000000e+01
1.246000000000000000e+03 7.910000000000000000e+02 9.800000000000000000e+01 1.110000000000000000e+02
1.467000000000000000e+03 1.550000000000000000e+02 9.400000000000000000e+01 1.000000000000000000e+02
1.318000000000000000e+03 7.800000000000000000e+02 9.200000000000000000e+01 1.180000000000000000e+02
1.577000000000000000e+03 6.330000000000000000e+02 9.100000000000000000e+01 1.170000000000000000e+02
1.333000000000000000e+03 6.210000000000000000e+02 9.300000000000000000e+01 1.170000000000000000e+02
1.368000000000000000e+03 4.990000000000000000e+02 8.000000000000000000e+01 1.000000000000000000e+02
1.781000000000000000e+03 1.550000000000000000e+02 8.700000000000000000e+01 9.900000000000000000e+01
1.231000000000000000e+03 7.130000000000000000e+02 9.200000000000000000e+01 9.600000000000000000e+01
1.298000000000000000e+03 9.180000000000000000e+02 8.800000000000000000e+01 1.050000000000000000e+02
1.297000000000000000e+03 2.010000000000000000e+02 1.010000000000000000e+02 1.110000000000000000e+02
1.508000000000000000e+03 8.160000000000000000e+02 9.100000000000000000e+01 9.600000000000000000e+01
1.269000000000000000e+03 7.930000000000000000e+02 9.100000000000000000e+01 1.140000000000000000e+02
1.289000000000000000e+03 8.080000000000000000e+02 9.200000000000000000e+01 1.010000000000000000e+02
1.334000000000000000e+03 5.650000000000000000e+02 9.400000000000000000e+01 9.500000000000000000e+01
1.529000000000000000e+03 4.470000000000000000e+02 8.600000000000000000e+01 1.130000000000000000e+02
1.297000000000000000e+03 6.190000000000000000e+02 9.800000000000000000e+01 1.150000000000000000e+02
1.467000000000000000e+03 5.710000000000000000e+02 9.300000000000000000e+01 1.160000000000000000e+02
1.491000000000000000e+03 7.770000000000000000e+02 9.000000000000000000e+01 9.900000000000000000e+01
1.539000000000000000e+03 4.570000000000000000e+02 8.400000000000000000e+01 1.270000000000000000e+02
1.325000000000000000e+03 5.710000000000000000e+02 9.700000000000000000e+01 1.090000000000000000e+02
1.323000000000000000e+03 8.150000000000000000e+02 8.900000000000000000e+01 1.180000000000000000e+02
1.198000000000000000e+03 7.620000000000000000e+02 8.800000000000000000e+01 1.100000000000000000e+02
1.579000000000000000e+03 7.110000000000000000e+02 8.200000000000000000e+01 1.030000000000000000e+02
1.525000000000000000e+03 6.430000000000000000e+02 9.200000000000000000e+01 9.900000000000000000e+01
9.990000000000000000e+02 1.920000000000000000e+02 8.800000000000000000e+01 1.000000000000000000e+02
1.320000000000000000e+03 7.910000000000000000e+02 8.600000000000000000e+01 1.050000000000000000e+02
1.369000000000000000e+03 7.890000000000000000e+02 9.400000000000000000e+01 1.120000000000000000e+02
1.307000000000000000e+03 8.300000000000000000e+02 9.600000000000000000e+01 1.070000000000000000e+02
1.429000000000000000e+03 4.970000000000000000e+02 7.900000000000000000e+01 8.300000000000000000e+01
2.039000000000000000e+03 1.630000000000000000e+02 9.500000000000000000e+01 1.140000000000000000e+02
1.237000000000000000e+03 8.050000000000000000e+02 9.000000000000000000e+01 1.140000000000000000e+02
1.335000000000000000e+03 8.100000000000000000e+02 8.200000000000000000e+01 1.120000000000000000e+02
1.291000000000000000e+03 1.044000000000000000e+03 9.800000000000000000e+01 9.800000000000000000e+01
1.589000000000000000e+03 1.590000000000000000e+02 9.200000000000000000e+01 1.110000000000000000e+02
1.271000000000000000e+03 7.310000000000000000e+02 9.000000000000000000e+01 9.900000000000000000e+01
1.351000000000000000e+03 8.290000000000000000e+02 8.800000000000000000e+01 1.150000000000000000e+02
1.481000000000000000e+03 4.550000000000000000e+02 9.500000000000000000e+01 1.140000000000000000e+02
1.443000000000000000e+03 6.250000000000000000e+02 1.050000000000000000e+02 9.500000000000000000e+01
1.271000000000000000e+03 7.930000000000000000e+02 9.100000000000000000e+01 1.040000000000000000e+02
1.296000000000000000e+03 6.270000000000000000e+02 9.200000000000000000e+01 1.160000000000000000e+02
1.004000000000000000e+03 2.130000000000000000e+02 9.000000000000000000e+01 1.140000000000000000e+02
1.255000000000000000e+03 7.270000000000000000e+02 9.200000000000000000e+01 1.160000000000000000e+02
1.273000000000000000e+03 8.010000000000000000e+02 9.500000000000000000e+01 9.700000000000000000e+01
1.307000000000000000e+03 7.120000000000000000e+02 9.300000000000000000e+01 1.150000000000000000e+02
1.621000000000000000e+03 5.690000000000000000e+02 9.100000000000000000e+01 9.800000000000000000e+01
1.370000000000000000e+03 4.930000000000000000e+02 9.200000000000000000e+01 9.500000000000000000e+01
1.367000000000000000e+03 1.530000000000000000e+02 9.100000000000000000e+01 1.000000000000000000e+02
1.358000000000000000e+03 7.950000000000000000e+02 8.600000000000000000e+01 9.700000000000000000e+01
1.547000000000000000e+03 5.290000000000000000e+02 9.300000000000000000e+01 1.200000000000000000e+02
1.294000000000000000e+03 8.480000000000000000e+02 8.600000000000000000e+01 9.100000000000000000e+01
1.449000000000000000e+03 7.330000000000000000e+02 9.700000000000000000e+01 1.060000000000000000e+02
1.237000000000000000e+03 7.850000000000000000e+02 9.600000000000000000e+01 9.900000000000000000e+01
1.627000000000000000e+03 7.750000000000000000e+02 9.400000000000000000e+01 1.200000000000000000e+02
1.857000000000000000e+03 1.650000000000000000e+02 9.900000000000000000e+01 1.120000000000000000e+02
1.411000000000000000e+03 2.020000000000000000e+02 8.700000000000000000e+01 9.400000000000000000e+01
1.320000000000000000e+03 5.550000000000000000e+02 9.400000000000000000e+01 1.040000000000000000e+02
1.287000000000000000e+03 3.090000000000000000e+02 9.100000000000000000e+01 1.200000000000000000e+02
1.238000000000000000e+03 5.570000000000000000e+02 9.000000000000000000e+01 9.700000000000000000e+01
1.356000000000000000e+03 6.230000000000000000e+02 9.300000000000000000e+01 9.700000000000000000e+01
1.332000000000000000e+03 8.970000000000000000e+02 8.100000000000000000e+01 9.900000000000000000e+01
1.159000000000000000e+03 6.490000000000000000e+02 9.500000000000000000e+01 1.140000000000000000e+02
1.300000000000000000e+03 5.590000000000000000e+02 8.800000000000000000e+01 9.600000000000000000e+01
1.267000000000000000e+03 7.050000000000000000e+02 8.900000000000000000e+01 1.130000000000000000e+02
1.326000000000000000e+03 5.630000000000000000e+02 9.100000000000000000e+01 1.010000000000000000e+02
1.185000000000000000e+03 7.050000000000000000e+02 8.600000000000000000e+01 1.120000000000000000e+02
1.345000000000000000e+03 7.290000000000000000e+02 9.300000000000000000e+01 1.060000000000000000e+02
1.437000000000000000e+03 7.030000000000000000e+02 8.700000000000000000e+01 1.110000000000000000e+02
1.601000000000000000e+03 4.590000000000000000e+02 8.900000000000000000e+01 1.010000000000000000e+02
1.301000000000000000e+03 4.840000000000000000e+02 9.400000000000000000e+01 1.160000000000000000e+02
1.473000000000000000e+03 2.210000000000000000e+02 9.000000000000000000e+01 1.050000000000000000e+02
1.975000000000000000e+03 3.570000000000000000e+02 9.700000000000000000e+01 9.600000000000000000e+01
1.535000000000000000e+03 4.450000000000000000e+02 8.900000000000000000e+01 1.130000000000000000e+02
1.376000000000000000e+03 5.610000000000000000e+02 9.800000000000000000e+01 9.300000000000000000e+01
1.203000000000000000e+03 7.210000000000000000e+02 9.900000000000000000e+01 9.800000000000000000e+01
1.551000000000000000e+03 4.550000000000000000e+02 9.300000000000000000e+01 9.600000000000000000e+01
1.374000000000000000e+03 7.010000000000000000e+02 9.800000000000000000e+01 9.500000000000000000e+01
1.799000000000000000e+03 2.180000000000000000e+02 9.800000000000000000e+01 1.150000000000000000e+02
1.381000000000000000e+03 6.250000000000000000e+02 9.900000000000000000e+01 1.170000000000000000e+02
1.787000000000000000e+03 2.280000000000000000e+02 8.800000000000000000e+01 9.900000000000000000e+01
1.282000000000000000e+03 7.350000000000000000e+02 9.300000000000000000e+01 1.020000000000000000e+02
1.370000000000000000e+03 7.890000000000000000e+02 9.000000000000000000e+01 1.140000000000000000e+02
1.404000000000000000e+03 4.990000000000000000e+02 9.300000000000000000e+01 9.900000000000000000e+01
1.307000000000000000e+03 5.730000000000000000e+02 8.200000000000000000e+01 1.090000000000000000e+02
1.231000000000000000e+03 3.090000000000000000e+02 9.100000000000000000e+01 1.130000000000000000e+02
1.318000000000000000e+03 5.640000000000000000e+02 9.200000000000000000e+01 1.120000000000000000e+02
1.251000000000000000e+03 6.530000000000000000e+02 8.100000000000000000e+01 1.150000000000000000e+02
1.452000000000000000e+03 5.650000000000000000e+02 8.900000000000000000e+01 1.160000000000000000e+02
1.298000000000000000e+03 6.370000000000000000e+02 8.800000000000000000e+01 1.120000000000000000e+02
1.541000000000000000e+03 3.830000000000000000e+02 8.500000000000000000e+01 1.130000000000000000e+02
1.390000000000000000e+03 6.370000000000000000e+02 9.300000000000000000e+01 1.240000000000000000e+02
1.581000000000000000e+03 8.350000000000000000e+02 9.100000000000000000e+01 1.080000000000000000e+02
1.172000000000000000e+03 7.700000000000000000e+02 9.300000000000000000e+01 9.500000000000000000e+01
1.231000000000000000e+03 3.710000000000000000e+02 9.200000000000000000e+01 1.140000000000000000e+02
1.284000000000000000e+03 9.040000000000000000e+02 9.100000000000000000e+01 1.170000000000000000e+02
1.374000000000000000e+03 6.130000000000000000e+02 8.500000000000000000e+01 1.130000000000000000e+02
1.267000000000000000e+03 7.870000000000000000e+02 9.200000000000000000e+01 1.120000000000000000e+02
1.212000000000000000e+03 8.050000000000000000e+02 8.600000000000000000e+01 1.160000000000000000e+02
1.569000000000000000e+03 1.370000000000000000e+02 8.900000000000000000e+01 9.400000000000000000e+01
1.294000000000000000e+03 7.230000000000000000e+02 9.800000000000000000e+01 9.900000000000000000e+01
1.375000000000000000e+03 1.008000000000000000e+03 8.700000000000000000e+01 1.180000000000000000e+02
1.324000000000000000e+03 6.230000000000000000e+02 8.800000000000000000e+01 1.120000000000000000e+02
1.239000000000000000e+03 5.570000000000000000e+02 9.800000000000000000e+01 1.290000000000000000e+02
1.286000000000000000e+03 8.420000000000000000e+02 9.100000000000000000e+01 1.130000000000000000e+02
1.361000000000000000e+03 7.170000000000000000e+02 8.700000000000000000e+01 1.150000000000000000e+02
1.545000000000000000e+03 3.850000000000000000e+02 8.900000000000000000e+01 1.110000000000000000e+02
1.196000000000000000e+03 9.780000000000000000e+02 9.000000000000000000e+01 1.120000000000000000e+02
1.396000000000000000e+03 6.330000000000000000e+02 8.700000000000000000e+01 1.280000000000000000e+02
1.292000000000000000e+03 7.780000000000000000e+02 9.200000000000000000e+01 1.160000000000000000e+02
1.239000000000000000e+03 7.820000000000000000e+02 8.800000000000000000e+01 9.500000000000000000e+01
1.539000000000000000e+03 4.570000000000000000e+02 8.600000000000000000e+01 1.160000000000000000e+02
1.240000000000000000e+03 7.880000000000000000e+02 8.800000000000000000e+01 9.900000000000000000e+01
1.553000000000000000e+03 7.630000000000000000e+02 9.200000000000000000e+01 1.000000000000000000e+02
1.331000000000000000e+03 8.520000000000000000e+02 9.200000000000000000e+01 9.500000000000000000e+01
1.385000000000000000e+03 8.700000000000000000e+02 8.300000000000000000e+01 1.160000000000000000e+02
1.301000000000000000e+03 1.026000000000000000e+03 9.100000000000000000e+01 1.150000000000000000e+02
1.335000000000000000e+03 8.590000000000000000e+02 9.200000000000000000e+01 1.100000000000000000e+02
1.431000000000000000e+03 7.890000000000000000e+02 9.700000000000000000e+01 9.800000000000000000e+01
1.196000000000000000e+03 7.800000000000000000e+02 9.400000000000000000e+01 1.150000000000000000e+02
1.525000000000000000e+03 1.590000000000000000e+02 8.600000000000000000e+01 1.140000000000000000e+02
1.279000000000000000e+03 8.540000000000000000e+02 9.500000000000000000e+01 1.180000000000000000e+02
1.166000000000000000e+03 1.910000000000000000e+02 9.000000000000000000e+01 9.200000000000000000e+01
1.000000000000000000e+03 1.180000000000000000e+02 9.000000000000000000e+01 9.700000000000000000e+01
1.268000000000000000e+03 8.830000000000000000e+02 9.200000000000000000e+01 1.180000000000000000e+02
1.295000000000000000e+03 7.800000000000000000e+02 9.400000000000000000e+01 9.700000000000000000e+01
1.501000000000000000e+03 5.650000000000000000e+02 9.500000000000000000e+01 1.150000000000000000e+02
1.327000000000000000e+03 1.470000000000000000e+02 7.800000000000000000e+01 9.600000000000000000e+01
9.660000000000000000e+02 1.350000000000000000e+02 9.600000000000000000e+01 9.600000000000000000e+01
1.517000000000000000e+03 4.530000000000000000e+02 9.500000000000000000e+01 1.160000000000000000e+02
1.567000000000000000e+03 6.830000000000000000e+02 8.900000000000000000e+01 9.900000000000000000e+01
1.396000000000000000e+03 6.310000000000000000e+02 9.000000000000000000e+01 1.060000000000000000e+02
1.276000000000000000e+03 7.950000000000000000e+02 9.100000000000000000e+01 1.040000000000000000e+02
1.369000000000000000e+03 6.930000000000000000e+02 9.100000000000000000e+01 1.100000000000000000e+02
1.171000000000000000e+03 1.450000000000000000e+02 9.200000000000000000e+01 1.060000000000000000e+02
1.301000000000000000e+03 9.070000000000000000e+02 9.900000000000000000e+01 1.170000000000000000e+02
1.285000000000000000e+03 8.180000000000000000e+02 9.100000000000000000e+01 1.130000000000000000e+02
1.793000000000000000e+03 1.970000000000000000e+02 9.500000000000000000e+01 1.010000000000000000e+02
1.337000000000000000e+03 6.310000000000000000e+02 9.100000000000000000e+01 9.700000000000000000e+01
1.334000000000000000e+03 5.630000000000000000e+02 9.400000000000000000e+01 1.130000000000000000e+02
1.299000000000000000e+03 6.510000000000000000e+02 9.000000000000000000e+01 1.110000000000000000e+02
1.239000000000000000e+03 5.590000000000000000e+02 9.000000000000000000e+01 9.300000000000000000e+01
1.302000000000000000e+03 7.250000000000000000e+02 9.000000000000000000e+01 1.080000000000000000e+02
1.760000000000000000e+03 1.770000000000000000e+02 8.800000000000000000e+01 1.000000000000000000e+02
1.350000000000000000e+03 8.810000000000000000e+02 9.100000000000000000e+01 1.280000000000000000e+02
1.274000000000000000e+03 7.970000000000000000e+02 9.300000000000000000e+01 1.130000000000000000e+02
1.361000000000000000e+03 8.620000000000000000e+02 9.200000000000000000e+01 1.110000000000000000e+02
1.253000000000000000e+03 4.990000000000000000e+02 8.200000000000000000e+01 9.900000000000000000e+01
1.347000000000000000e+03 8.370000000000000000e+02 9.300000000000000000e+01 1.160000000000000000e+02
1.281000000000000000e+03 7.730000000000000000e+02 8.600000000000000000e+01 1.120000000000000000e+02
1.613000000000000000e+03 2.150000000000000000e+02 9.700000000000000000e+01 1.140000000000000000e+02
1.931000000000000000e+03 1.440000000000000000e+02 8.400000000000000000e+01 9.500000000000000000e+01
1.251000000000000000e+03 6.530000000000000000e+02 9.400000000000000000e+01 9.400000000000000000e+01
1.343000000000000000e+03 8.220000000000000000e+02 1.000000000000000000e+02 1.250000000000000000e+02
1.224000000000000000e+03 7.240000000000000000e+02 8.800000000000000000e+01 1.010000000000000000e+02
1.551000000000000000e+03 5.270000000000000000e+02 9.000000000000000000e+01 1.270000000000000000e+02
1.433000000000000000e+03 7.330000000000000000e+02 9.400000000000000000e+01 1.220000000000000000e+02
1.641000000000000000e+03 1.650000000000000000e+02 8.900000000000000000e+01 1.120000000000000000e+02
1.385000000000000000e+03 5.650000000000000000e+02 9.200000000000000000e+01 1.210000000000000000e+02
1.225000000000000000e+03 8.280000000000000000e+02 8.800000000000000000e+01 1.150000000000000000e+02
1.471000000000000000e+03 7.330000000000000000e+02 7.900000000000000000e+01 1.290000000000000000e+02
1.545000000000000000e+03 5.210000000000000000e+02 8.700000000000000000e+01 1.060000000000000000e+02
1.304000000000000000e+03 8.000000000000000000e+02 9.600000000000000000e+01 1.010000000000000000e+02
1.323000000000000000e+03 6.290000000000000000e+02 9.500000000000000000e+01 1.040000000000000000e+02
1.545000000000000000e+03 4.490000000000000000e+02 9.200000000000000000e+01 1.100000000000000000e+02
1.429000000000000000e+03 8.050000000000000000e+02 9.500000000000000000e+01 1.100000000000000000e+02
1.368000000000000000e+03 9.350000000000000000e+02 9.100000000000000000e+01 1.120000000000000000e+02
1.557000000000000000e+03 7.070000000000000000e+02 9.900000000000000000e+01 1.110000000000000000e+02
2.051000000000000000e+03 2.270000000000000000e+02 9.200000000000000000e+01 9.600000000000000000e+01
4.002000000000000000e+03 3.260000000000000000e+03 9.100000000000000000e+01 1.110000000000000000e+02
4.002000000000000000e+03 3.480000000000000000e+03 9.000000000000000000e+01 1.080000000000000000e+02
4.002000000000000000e+03 3.032000000000000000e+03 8.900000000000000000e+01 9.500000000000000000e+01
4.002000000000000000e+03 1.528000000000000000e+03 9.400000000000000000e+01 9.300000000000000000e+01
4.002000000000000000e+03 3.675000000000000000e+03 9.200000000000000000e+01 1.140000000000000000e+02
4.002000000000000000e+03 4.820000000000000000e+02 9.700000000000000000e+01 1.010000000000000000e+02
4.002000000000000000e+03 2.640000000000000000e+03 8.900000000000000000e+01 1.240000000000000000e+02
4.002000000000000000e+03 2.978000000000000000e+03 9.600000000000000000e+01 1.250000000000000000e+02
4.002000000000000000e+03 4.780000000000000000e+02 9.500000000000000000e+01 1.180000000000000000e+02
4.002000000000000000e+03 2.896000000000000000e+03 9.500000000000000000e+01 1.200000000000000000e+02
4.002000000000000000e+03 3.394000000000000000e+03 9.500000000000000000e+01 1.180000000000000000e+02
4.002000000000000000e+03 4.600000000000000000e+02 9.300000000000000000e+01 1.070000000000000000e+02
4.002000000000000000e+03 1.178000000000000000e+03 9.300000000000000000e+01 1.000000000000000000e+02
4.002000000000000000e+03 1.728000000000000000e+03 9.300000000000000000e+01 9.300000000000000000e+01
4.002000000000000000e+03 2.926000000000000000e+03 8.900000000000000000e+01 9.400000000000000000e+01
4.002000000000000000e+03 3.368000000000000000e+03 9.800000000000000000e+01 1.140000000000000000e+02
4.002000000000000000e+03 2.943000000000000000e+03 8.600000000000000000e+01 1.140000000000000000e+02
4.002000000000000000e+03 3.308000000000000000e+03 9.400000000000000000e+01 1.110000000000000000e+02
4.002000000000000000e+03 2.984000000000000000e+03 9.200000000000000000e+01 1.180000000000000000e+02
4.002000000000000000e+03 2.685000000000000000e+03 8.900000000000000000e+01 1.120000000000000000e+02
4.002000000000000000e+03 3.024000000000000000e+03 9.000000000000000000e+01 1.250000000000000000e+02
4.002000000000000000e+03 3.244000000000000000e+03 9.000000000000000000e+01 1.110000000000000000e+02
4.002000000000000000e+03 1.446000000000000000e+03 8.500000000000000000e+01 9.800000000000000000e+01
4.002000000000000000e+03 3.760000000000000000e+03 9.000000000000000000e+01 1.100000000000000000e+02
4.002000000000000000e+03 4.560000000000000000e+02 1.050000000000000000e+02 1.280000000000000000e+02
4.001000000000000000e+03 1.160000000000000000e+03 8.600000000000000000e+01 1.040000000000000000e+02
4.002000000000000000e+03 3.860000000000000000e+03 9.000000000000000000e+01 1.030000000000000000e+02
4.002000000000000000e+03 2.848000000000000000e+03 9.100000000000000000e+01 1.200000000000000000e+02
4.002000000000000000e+03 1.426000000000000000e+03 8.800000000000000000e+01 1.000000000000000000e+02
4.002000000000000000e+03 1.670000000000000000e+03 1.020000000000000000e+02 1.180000000000000000e+02
4.002000000000000000e+03 3.138000000000000000e+03 9.900000000000000000e+01 1.240000000000000000e+02
4.001000000000000000e+03 3.857000000000000000e+03 9.300000000000000000e+01 1.110000000000000000e+02
4.002000000000000000e+03 3.082000000000000000e+03 9.500000000000000000e+01 9.600000000000000000e+01
4.002000000000000000e+03 2.700000000000000000e+03 9.600000000000000000e+01 1.110000000000000000e+02
4.002000000000000000e+03 7.000000000000000000e+02 9.300000000000000000e+01 1.120000000000000000e+02
4.002000000000000000e+03 4.002000000000000000e+03 8.500000000000000000e+01 8.900000000000000000e+01
4.002000000000000000e+03 1.348000000000000000e+03 8.300000000000000000e+01 1.080000000000000000e+02
4.002000000000000000e+03 3.020000000000000000e+03 9.200000000000000000e+01 1.080000000000000000e+02
4.002000000000000000e+03 3.052000000000000000e+03 9.400000000000000000e+01 1.120000000000000000e+02
4.002000000000000000e+03 1.468000000000000000e+03 9.200000000000000000e+01 1.000000000000000000e+02
4.002000000000000000e+03 2.848000000000000000e+03 1.000000000000000000e+02 1.050000000000000000e+02
4.002000000000000000e+03 3.645000000000000000e+03 9.400000000000000000e+01 1.130000000000000000e+02
4.002000000000000000e+03 1.898000000000000000e+03 9.100000000000000000e+01 1.100000000000000000e+02
4.002000000000000000e+03 2.246000000000000000e+03 8.500000000000000000e+01 1.140000000000000000e+02
4.002000000000000000e+03 2.708000000000000000e+03 9.300000000000000000e+01 1.120000000000000000e+02
4.002000000000000000e+03 1.536000000000000000e+03 8.300000000000000000e+01 1.100000000000000000e+02
4.002000000000000000e+03 3.222000000000000000e+03 9.300000000000000000e+01 1.300000000000000000e+02
4.002000000000000000e+03 4.900000000000000000e+02 9.500000000000000000e+01 9.300000000000000000e+01
4.002000000000000000e+03 3.042000000000000000e+03 9.300000000000000000e+01 9.500000000000000000e+01
4.002000000000000000e+03 2.832000000000000000e+03 9.200000000000000000e+01 9.900000000000000000e+01
4.002000000000000000e+03 3.362000000000000000e+03 9.200000000000000000e+01 9.800000000000000000e+01
4.002000000000000000e+03 1.344000000000000000e+03 9.100000000000000000e+01 1.130000000000000000e+02
4.002000000000000000e+03 2.448000000000000000e+03 9.100000000000000000e+01 1.170000000000000000e+02
4.002000000000000000e+03 3.256000000000000000e+03 9.000000000000000000e+01 9.800000000000000000e+01
4.002000000000000000e+03 3.584000000000000000e+03 9.400000000000000000e+01 1.050000000000000000e+02
4.002000000000000000e+03 4.900000000000000000e+02 7.800000000000000000e+01 1.210000000000000000e+02
4.002000000000000000e+03 2.474000000000000000e+03 9.500000000000000000e+01 1.160000000000000000e+02
4.002000000000000000e+03 1.438000000000000000e+03 1.010000000000000000e+02 9.700000000000000000e+01
4.002000000000000000e+03 3.768000000000000000e+03 9.400000000000000000e+01 1.090000000000000000e+02
4.002000000000000000e+03 3.792000000000000000e+03 9.100000000000000000e+01 1.080000000000000000e+02
4.002000000000000000e+03 2.872000000000000000e+03 8.900000000000000000e+01 1.070000000000000000e+02
4.002000000000000000e+03 4.002000000000000000e+03 9.100000000000000000e+01 1.020000000000000000e+02
4.002000000000000000e+03 1.744000000000000000e+03 9.300000000000000000e+01 1.020000000000000000e+02
4.002000000000000000e+03 2.908000000000000000e+03 8.600000000000000000e+01 1.030000000000000000e+02
4.002000000000000000e+03 2.848000000000000000e+03 9.600000000000000000e+01 1.160000000000000000e+02
4.002000000000000000e+03 3.797000000000000000e+03 9.200000000000000000e+01 1.140000000000000000e+02
4.002000000000000000e+03 6.760000000000000000e+02 9.300000000000000000e+01 1.170000000000000000e+02
4.002000000000000000e+03 3.494000000000000000e+03 9.600000000000000000e+01 1.000000000000000000e+02
4.002000000000000000e+03 3.690000000000000000e+03 9.500000000000000000e+01 1.140000000000000000e+02
4.002000000000000000e+03 2.502000000000000000e+03 9.000000000000000000e+01 1.140000000000000000e+02
4.002000000000000000e+03 3.206000000000000000e+03 1.010000000000000000e+02 1.240000000000000000e+02
4.002000000000000000e+03 3.696000000000000000e+03 9.400000000000000000e+01 1.180000000000000000e+02
4.002000000000000000e+03 3.448000000000000000e+03 9.500000000000000000e+01 9.900000000000000000e+01
4.002000000000000000e+03 6.880000000000000000e+02 9.900000000000000000e+01 1.140000000000000000e+02
4.002000000000000000e+03 3.830000000000000000e+03 1.010000000000000000e+02 1.180000000000000000e+02
4.002000000000000000e+03 3.042000000000000000e+03 8.600000000000000000e+01 1.130000000000000000e+02
4.002000000000000000e+03 2.660000000000000000e+03 8.100000000000000000e+01 1.130000000000000000e+02
4.002000000000000000e+03 4.800000000000000000e+02 9.800000000000000000e+01 1.240000000000000000e+02
4.002000000000000000e+03 3.036000000000000000e+03 8.500000000000000000e+01 1.130000000000000000e+02
4.002000000000000000e+03 6.700000000000000000e+02 9.700000000000000000e+01 1.100000000000000000e+02
4.002000000000000000e+03 3.016000000000000000e+03 9.400000000000000000e+01 1.090000000000000000e+02
4.002000000000000000e+03 4.920000000000000000e+02 9.500000000000000000e+01 1.130000000000000000e+02
4.002000000000000000e+03 3.612000000000000000e+03 9.700000000000000000e+01 1.120000000000000000e+02
4.002000000000000000e+03 2.420000000000000000e+03 8.500000000000000000e+01 1.160000000000000000e+02
4.002000000000000000e+03 3.472000000000000000e+03 8.900000000000000000e+01 1.010000000000000000e+02
4.002000000000000000e+03 5.320000000000000000e+02 9.500000000000000000e+01 1.140000000000000000e+02
4.002000000000000000e+03 9.600000000000000000e+02 9.000000000000000000e+01 1.290000000000000000e+02
4.002000000000000000e+03 1.944000000000000000e+03 9.400000000000000000e+01 1.190000000000000000e+02
4.002000000000000000e+03 1.716000000000000000e+03 9.600000000000000000e+01 1.100000000000000000e+02
4.002000000000000000e+03 2.620000000000000000e+03 1.010000000000000000e+02 1.130000000000000000e+02
4.002000000000000000e+03 1.846000000000000000e+03 9.100000000000000000e+01 1.010000000000000000e+02
4.002000000000000000e+03 2.990000000000000000e+03 9.000000000000000000e+01 1.100000000000000000e+02
4.002000000000000000e+03 3.210000000000000000e+03 9.300000000000000000e+01 9.700000000000000000e+01
4.002000000000000000e+03 3.348000000000000000e+03 9.400000000000000000e+01 9.500000000000000000e+01
4.002000000000000000e+03 3.002000000000000000e+03 9.500000000000000000e+01 1.170000000000000000e+02
4.002000000000000000e+03 3.440000000000000000e+03 8.800000000000000000e+01 1.070000000000000000e+02
4.002000000000000000e+03 2.850000000000000000e+03 9.300000000000000000e+01 1.130000000000000000e+02
4.001000000000000000e+03 3.688000000000000000e+03 9.500000000000000000e+01 1.170000000000000000e+02
4.002000000000000000e+03 3.608000000000000000e+03 9.500000000000000000e+01 1.100000000000000000e+02
4.002000000000000000e+03 2.482000000000000000e+03 9.700000000000000000e+01 9.900000000000000000e+01
4.002000000000000000e+03 5.020000000000000000e+02 9.300000000000000000e+01 1.120000000000000000e+02
4.002000000000000000e+03 3.755000000000000000e+03 9.700000000000000000e+01 1.160000000000000000e+02
4.001000000000000000e+03 1.924000000000000000e+03 1.060000000000000000e+02 1.310000000000000000e+02
4.002000000000000000e+03 2.384000000000000000e+03 1.000000000000000000e+02 1.020000000000000000e+02
4.002000000000000000e+03 4.780000000000000000e+02 9.500000000000000000e+01 9.300000000000000000e+01
4.002000000000000000e+03 2.298000000000000000e+03 9.200000000000000000e+01 1.090000000000000000e+02
4.002000000000000000e+03 2.883000000000000000e+03 8.800000000000000000e+01 1.160000000000000000e+02
4.002000000000000000e+03 9.680000000000000000e+02 8.800000000000000000e+01 1.150000000000000000e+02
4.002000000000000000e+03 1.544000000000000000e+03 9.700000000000000000e+01 1.150000000000000000e+02
4.002000000000000000e+03 1.676000000000000000e+03 9.800000000000000000e+01 1.110000000000000000e+02
4.002000000000000000e+03 3.046000000000000000e+03 9.200000000000000000e+01 1.070000000000000000e+02
4.002000000000000000e+03 1.732000000000000000e+03 9.500000000000000000e+01 1.100000000000000000e+02
4.002000000000000000e+03 2.848000000000000000e+03 8.400000000000000000e+01 9.900000000000000000e+01
4.002000000000000000e+03 3.000000000000000000e+03 9.500000000000000000e+01 1.120000000000000000e+02
4.002000000000000000e+03 2.892000000000000000e+03 9.800000000000000000e+01 1.060000000000000000e+02
4.002000000000000000e+03 2.488000000000000000e+03 9.400000000000000000e+01 1.250000000000000000e+02
4.002000000000000000e+03 4.800000000000000000e+02 9.700000000000000000e+01 1.060000000000000000e+02
4.002000000000000000e+03 2.891000000000000000e+03 9.400000000000000000e+01 1.180000000000000000e+02
4.002000000000000000e+03 2.984000000000000000e+03 9.700000000000000000e+01 1.140000000000000000e+02
4.002000000000000000e+03 3.086000000000000000e+03 9.600000000000000000e+01 1.160000000000000000e+02
4.002000000000000000e+03 1.524000000000000000e+03 9.200000000000000000e+01 1.070000000000000000e+02
4.002000000000000000e+03 6.880000000000000000e+02 9.200000000000000000e+01 1.150000000000000000e+02
4.002000000000000000e+03 3.660000000000000000e+03 9.900000000000000000e+01 1.160000000000000000e+02
4.002000000000000000e+03 5.140000000000000000e+02 9.800000000000000000e+01 9.800000000000000000e+01
4.001000000000000000e+03 3.422000000000000000e+03 8.900000000000000000e+01 1.130000000000000000e+02
4.002000000000000000e+03 6.780000000000000000e+02 9.800000000000000000e+01 1.160000000000000000e+02
4.002000000000000000e+03 3.594000000000000000e+03 9.200000000000000000e+01 1.120000000000000000e+02
4.002000000000000000e+03 3.076000000000000000e+03 9.700000000000000000e+01 9.700000000000000000e+01
4.002000000000000000e+03 3.022000000000000000e+03 9.800000000000000000e+01 9.800000000000000000e+01
4.002000000000000000e+03 2.834000000000000000e+03 9.300000000000000000e+01 1.080000000000000000e+02
4.002000000000000000e+03 4.860000000000000000e+02 9.100000000000000000e+01 1.170000000000000000e+02
4.002000000000000000e+03 3.372000000000000000e+03 9.300000000000000000e+01 1.100000000000000000e+02
4.002000000000000000e+03 2.966000000000000000e+03 9.200000000000000000e+01 1.180000000000000000e+02
4.002000000000000000e+03 2.704000000000000000e+03 9.300000000000000000e+01 1.130000000000000000e+02
4.002000000000000000e+03 2.262000000000000000e+03 8.300000000000000000e+01 1.030000000000000000e+02
4.002000000000000000e+03 3.707000000000000000e+03 8.200000000000000000e+01 9.900000000000000000e+01
4.002000000000000000e+03 2.504000000000000000e+03 1.030000000000000000e+02 1.160000000000000000e+02
4.002000000000000000e+03 2.504000000000000000e+03 8.900000000000000000e+01 1.180000000000000000e+02
4.001000000000000000e+03 4.002000000000000000e+03 9.100000000000000000e+01 1.010000000000000000e+02
4.002000000000000000e+03 3.495000000000000000e+03 1.010000000000000000e+02 9.700000000000000000e+01
4.002000000000000000e+03 3.560000000000000000e+03 9.800000000000000000e+01 9.900000000000000000e+01
4.001000000000000000e+03 3.590000000000000000e+03 9.100000000000000000e+01 9.300000000000000000e+01
4.002000000000000000e+03 2.506000000000000000e+03 9.200000000000000000e+01 1.110000000000000000e+02
4.002000000000000000e+03 2.988000000000000000e+03 9.000000000000000000e+01 9.200000000000000000e+01
4.002000000000000000e+03 3.376000000000000000e+03 9.300000000000000000e+01 1.160000000000000000e+02
4.002000000000000000e+03 3.862000000000000000e+03 9.700000000000000000e+01 9.900000000000000000e+01
4.002000000000000000e+03 3.076000000000000000e+03 9.800000000000000000e+01 1.160000000000000000e+02
4.001000000000000000e+03 3.151000000000000000e+03 8.800000000000000000e+01 1.110000000000000000e+02
4.002000000000000000e+03 3.594000000000000000e+03 8.400000000000000000e+01 9.300000000000000000e+01
4.002000000000000000e+03 3.498000000000000000e+03 9.200000000000000000e+01 1.110000000000000000e+02
4.002000000000000000e+03 2.758000000000000000e+03 9.200000000000000000e+01 1.150000000000000000e+02
4.002000000000000000e+03 1.404000000000000000e+03 9.500000000000000000e+01 9.700000000000000000e+01
4.002000000000000000e+03 4.002000000000000000e+03 7.200000000000000000e+01 1.170000000000000000e+02
4.001000000000000000e+03 1.732000000000000000e+03 8.500000000000000000e+01 1.140000000000000000e+02
4.002000000000000000e+03 6.220000000000000000e+02 9.400000000000000000e+01 1.010000000000000000e+02
4.002000000000000000e+03 2.866000000000000000e+03 9.300000000000000000e+01 9.800000000000000000e+01
4.002000000000000000e+03 4.001000000000000000e+03 9.300000000000000000e+01 1.130000000000000000e+02
4.002000000000000000e+03 3.052000000000000000e+03 9.100000000000000000e+01 9.900000000000000000e+01
4.001000000000000000e+03 1.608000000000000000e+03 9.700000000000000000e+01 1.130000000000000000e+02
4.002000000000000000e+03 6.420000000000000000e+02 9.700000000000000000e+01 1.160000000000000000e+02
4.002000000000000000e+03 2.282000000000000000e+03 9.900000000000000000e+01 1.150000000000000000e+02
4.002000000000000000e+03 2.756000000000000000e+03 9.100000000000000000e+01 1.150000000000000000e+02
4.002000000000000000e+03 1.714000000000000000e+03 1.010000000000000000e+02 1.330000000000000000e+02
4.002000000000000000e+03 3.038000000000000000e+03 8.800000000000000000e+01 1.150000000000000000e+02
4.002000000000000000e+03 2.670000000000000000e+03 8.700000000000000000e+01 1.320000000000000000e+02
4.002000000000000000e+03 4.760000000000000000e+02 9.700000000000000000e+01 9.100000000000000000e+01
4.002000000000000000e+03 3.008000000000000000e+03 9.700000000000000000e+01 1.140000000000000000e+02
4.002000000000000000e+03 3.450000000000000000e+03 9.600000000000000000e+01 1.130000000000000000e+02
4.002000000000000000e+03 1.914000000000000000e+03 8.800000000000000000e+01 1.130000000000000000e+02
4.002000000000000000e+03 3.201000000000000000e+03 9.100000000000000000e+01 1.040000000000000000e+02
4.002000000000000000e+03 2.880000000000000000e+03 9.800000000000000000e+01 1.150000000000000000e+02
4.002000000000000000e+03 2.854000000000000000e+03 8.900000000000000000e+01 1.170000000000000000e+02
4.002000000000000000e+03 2.794000000000000000e+03 9.200000000000000000e+01 1.180000000000000000e+02
4.002000000000000000e+03 2.742000000000000000e+03 9.400000000000000000e+01 1.140000000000000000e+02
4.002000000000000000e+03 6.800000000000000000e+02 9.000000000000000000e+01 1.190000000000000000e+02
4.002000000000000000e+03 3.652000000000000000e+03 9.300000000000000000e+01 9.900000000000000000e+01
4.002000000000000000e+03 3.551000000000000000e+03 9.000000000000000000e+01 9.600000000000000000e+01
4.002000000000000000e+03 3.736000000000000000e+03 9.000000000000000000e+01 1.170000000000000000e+02
4.002000000000000000e+03 2.870000000000000000e+03 9.600000000000000000e+01 1.180000000000000000e+02
4.002000000000000000e+03 2.718000000000000000e+03 8.900000000000000000e+01 9.600000000000000000e+01
4.002000000000000000e+03 3.022000000000000000e+03 9.700000000000000000e+01 1.210000000000000000e+02
4.002000000000000000e+03 1.874000000000000000e+03 8.100000000000000000e+01 1.140000000000000000e+02
4.002000000000000000e+03 7.300000000000000000e+02 9.500000000000000000e+01 9.900000000000000000e+01
4.002000000000000000e+03 6.770000000000000000e+02 9.600000000000000000e+01 1.120000000000000000e+02
4.002000000000000000e+03 3.434000000000000000e+03 9.500000000000000000e+01 1.180000000000000000e+02
4.001000000000000000e+03 3.611000000000000000e+03 8.400000000000000000e+01 1.050000000000000000e+02
4.002000000000000000e+03 4.900000000000000000e+02 8.600000000000000000e+01 1.200000000000000000e+02
4.002000000000000000e+03 2.636000000000000000e+03 9.200000000000000000e+01 1.120000000000000000e+02
4.002000000000000000e+03 1.428000000000000000e+03 9.600000000000000000e+01 1.140000000000000000e+02
4.002000000000000000e+03 2.840000000000000000e+03 8.500000000000000000e+01 9.600000000000000000e+01
4.002000000000000000e+03 4.002000000000000000e+03 9.400000000000000000e+01 9.800000000000000000e+01
4.002000000000000000e+03 3.052000000000000000e+03 9.000000000000000000e+01 1.120000000000000000e+02
4.002000000000000000e+03 5.560000000000000000e+02 9.100000000000000000e+01 9.400000000000000000e+01
4.002000000000000000e+03 3.660000000000000000e+03 9.900000000000000000e+01 1.020000000000000000e+02
4.002000000000000000e+03 2.920000000000000000e+03 9.500000000000000000e+01 1.310000000000000000e+02
4.002000000000000000e+03 2.485000000000000000e+03 8.900000000000000000e+01 1.160000000000000000e+02
4.002000000000000000e+03 2.745000000000000000e+03 9.500000000000000000e+01 1.200000000000000000e+02
4.002000000000000000e+03 2.916000000000000000e+03 7.300000000000000000e+01 9.900000000000000000e+01
4.002000000000000000e+03 3.378000000000000000e+03 9.500000000000000000e+01 9.500000000000000000e+01
4.002000000000000000e+03 1.950000000000000000e+03 9.500000000000000000e+01 1.250000000000000000e+02
2.400000000000000000e+01 4.200000000000000000e+01 1.900000000000000000e+01 2.700000000000000000e+01
2.400000000000000000e+01 3.700000000000000000e+01 1.900000000000000000e+01 2.500000000000000000e+01
2.500000000000000000e+01 3.800000000000000000e+01 2.000000000000000000e+01 2.900000000000000000e+01
2.100000000000000000e+01 3.700000000000000000e+01 1.600000000000000000e+01 3.100000000000000000e+01
2.400000000000000000e+01 4.200000000000000000e+01 1.700000000000000000e+01 2.100000000000000000e+01
2.500000000000000000e+01 3.500000000000000000e+01 1.700000000000000000e+01 2.400000000000000000e+01
2.600000000000000000e+01 4.500000000000000000e+01 2.200000000000000000e+01 3.000000000000000000e+01
2.400000000000000000e+01 3.900000000000000000e+01 1.900000000000000000e+01 2.800000000000000000e+01
2.300000000000000000e+01 4.200000000000000000e+01 1.700000000000000000e+01 3.300000000000000000e+01
2.500000000000000000e+01 3.400000000000000000e+01 1.900000000000000000e+01 2.300000000000000000e+01
2.600000000000000000e+01 4.200000000000000000e+01 1.900000000000000000e+01 2.900000000000000000e+01
2.600000000000000000e+01 4.200000000000000000e+01 1.800000000000000000e+01 3.000000000000000000e+01
2.500000000000000000e+01 3.300000000000000000e+01 2.100000000000000000e+01 2.500000000000000000e+01
2.300000000000000000e+01 4.200000000000000000e+01 1.900000000000000000e+01 2.700000000000000000e+01
2.700000000000000000e+01 3.600000000000000000e+01 1.900000000000000000e+01 2.400000000000000000e+01
2.400000000000000000e+01 3.900000000000000000e+01 2.000000000000000000e+01 2.600000000000000000e+01
2.300000000000000000e+01 3.900000000000000000e+01 2.000000000000000000e+01 2.700000000000000000e+01
2.400000000000000000e+01 3.600000000000000000e+01 2.100000000000000000e+01 3.300000000000000000e+01
2.400000000000000000e+01 3.700000000000000000e+01 1.900000000000000000e+01 2.500000000000000000e+01
2.600000000000000000e+01 4.500000000000000000e+01 1.500000000000000000e+01 2.300000000000000000e+01
2.600000000000000000e+01 3.600000000000000000e+01 2.100000000000000000e+01 2.900000000000000000e+01
2.300000000000000000e+01 3.700000000000000000e+01 1.700000000000000000e+01 2.400000000000000000e+01
2.600000000000000000e+01 4.200000000000000000e+01 1.400000000000000000e+01 2.600000000000000000e+01
2.100000000000000000e+01 3.900000000000000000e+01 1.800000000000000000e+01 2.900000000000000000e+01
2.500000000000000000e+01 4.200000000000000000e+01 1.900000000000000000e+01 2.400000000000000000e+01
2.600000000000000000e+01 4.500000000000000000e+01 1.700000000000000000e+01 2.700000000000000000e+01
2.600000000000000000e+01 4.000000000000000000e+01 1.400000000000000000e+01 2.700000000000000000e+01
2.600000000000000000e+01 4.000000000000000000e+01 1.900000000000000000e+01 2.900000000000000000e+01
2.200000000000000000e+01 3.700000000000000000e+01 2.000000000000000000e+01 2.500000000000000000e+01
2.500000000000000000e+01 3.700000000000000000e+01 1.800000000000000000e+01 2.300000000000000000e+01
2.300000000000000000e+01 3.900000000000000000e+01 2.100000000000000000e+01 3.100000000000000000e+01
2.300000000000000000e+01 3.600000000000000000e+01 1.900000000000000000e+01 2.400000000000000000e+01
2.600000000000000000e+01 4.200000000000000000e+01 1.800000000000000000e+01 2.800000000000000000e+01
2.300000000000000000e+01 3.800000000000000000e+01 2.000000000000000000e+01 2.400000000000000000e+01
2.600000000000000000e+01 4.200000000000000000e+01 2.100000000000000000e+01 2.900000000000000000e+01
2.600000000000000000e+01 3.700000000000000000e+01 1.600000000000000000e+01 2.700000000000000000e+01
2.700000000000000000e+01 3.700000000000000000e+01 1.800000000000000000e+01 2.600000000000000000e+01
2.400000000000000000e+01 3.900000000000000000e+01 2.200000000000000000e+01 3.000000000000000000e+01
2.700000000000000000e+01 3.700000000000000000e+01 2.000000000000000000e+01 2.400000000000000000e+01
2.400000000000000000e+01 3.600000000000000000e+01 1.800000000000000000e+01 2.600000000000000000e+01
2.600000000000000000e+01 4.500000000000000000e+01 2.000000000000000000e+01 2.700000000000000000e+01
2.200000000000000000e+01 3.400000000000000000e+01 2.100000000000000000e+01 2.900000000000000000e+01
2.600000000000000000e+01 4.200000000000000000e+01 1.600000000000000000e+01 2.100000000000000000e+01
2.600000000000000000e+01 4.200000000000000000e+01 2.000000000000000000e+01 2.500000000000000000e+01
2.600000000000000000e+01 4.200000000000000000e+01 2.300000000000000000e+01 2.900000000000000000e+01
2.300000000000000000e+01 3.700000000000000000e+01 1.800000000000000000e+01 2.700000000000000000e+01
2.300000000000000000e+01 4.200000000000000000e+01 1.900000000000000000e+01 2.800000000000000000e+01
2.700000000000000000e+01 3.700000000000000000e+01 1.800000000000000000e+01 2.900000000000000000e+01
2.400000000000000000e+01 4.200000000000000000e+01 1.700000000000000000e+01 2.600000000000000000e+01
2.600000000000000000e+01 4.000000000000000000e+01 1.600000000000000000e+01 2.500000000000000000e+01
2.600000000000000000e+01 4.500000000000000000e+01 1.700000000000000000e+01 2.600000000000000000e+01
2.600000000000000000e+01 3.600000000000000000e+01 2.000000000000000000e+01 2.300000000000000000e+01
2.400000000000000000e+01 3.900000000000000000e+01 2.100000000000000000e+01 2.300000000000000000e+01
2.400000000000000000e+01 3.600000000000000000e+01 2.200000000000000000e+01 2.600000000000000000e+01
2.600000000000000000e+01 4.400000000000000000e+01 1.800000000000000000e+01 2.500000000000000000e+01
2.400000000000000000e+01 4.200000000000000000e+01 1.900000000000000000e+01 2.900000000000000000e+01
2.600000000000000000e+01 3.800000000000000000e+01 2.000000000000000000e+01 2.800000000000000000e+01
2.600000000000000000e+01 3.800000000000000000e+01 1.900000000000000000e+01 3.100000000000000000e+01
2.200000000000000000e+01 3.700000000000000000e+01 2.100000000000000000e+01 2.300000000000000000e+01
2.600000000000000000e+01 4.500000000000000000e+01 2.100000000000000000e+01 2.700000000000000000e+01
2.600000000000000000e+01 3.600000000000000000e+01 2.000000000000000000e+01 2.700000000000000000e+01
2.400000000000000000e+01 4.100000000000000000e+01 1.700000000000000000e+01 2.200000000000000000e+01
2.400000000000000000e+01 4.400000000000000000e+01 2.000000000000000000e+01 3.100000000000000000e+01
2.100000000000000000e+01 3.600000000000000000e+01 2.100000000000000000e+01 2.500000000000000000e+01
2.600000000000000000e+01 4.000000000000000000e+01 2.000000000000000000e+01 3.200000000000000000e+01
2.100000000000000000e+01 4.000000000000000000e+01 2.300000000000000000e+01 2.700000000000000000e+01
2.600000000000000000e+01 4.200000000000000000e+01 1.800000000000000000e+01 2.800000000000000000e+01
2.700000000000000000e+01 4.100000000000000000e+01 1.900000000000000000e+01 3.000000000000000000e+01
2.300000000000000000e+01 4.000000000000000000e+01 2.000000000000000000e+01 2.800000000000000000e+01
2.600000000000000000e+01 4.400000000000000000e+01 2.100000000000000000e+01 2.700000000000000000e+01
2.400000000000000000e+01 4.200000000000000000e+01 1.900000000000000000e+01 2.800000000000000000e+01
2.600000000000000000e+01 4.200000000000000000e+01 2.300000000000000000e+01 3.000000000000000000e+01
2.600000000000000000e+01 4.500000000000000000e+01 2.200000000000000000e+01 2.200000000000000000e+01
2.300000000000000000e+01 4.200000000000000000e+01 2.000000000000000000e+01 2.600000000000000000e+01
2.500000000000000000e+01 3.700000000000000000e+01 1.900000000000000000e+01 2.800000000000000000e+01
2.600000000000000000e+01 4.200000000000000000e+01 1.900000000000000000e+01 2.100000000000000000e+01
2.400000000000000000e+01 4.700000000000000000e+01 2.100000000000000000e+01 2.300000000000000000e+01
2.600000000000000000e+01 3.700000000000000000e+01 2.000000000000000000e+01 2.700000000000000000e+01
2.600000000000000000e+01 4.400000000000000000e+01 1.900000000000000000e+01 3.000000000000000000e+01
2.600000000000000000e+01 4.200000000000000000e+01 1.700000000000000000e+01 2.500000000000000000e+01
2.600000000000000000e+01 4.400000000000000000e+01 1.800000000000000000e+01 3.200000000000000000e+01
2.400000000000000000e+01 4.100000000000000000e+01 1.900000000000000000e+01 2.800000000000000000e+01
2.600000000000000000e+01 4.400000000000000000e+01 2.100000000000000000e+01 2.400000000000000000e+01
2.400000000000000000e+01 4.200000000000000000e+01 1.400000000000000000e+01 2.900000000000000000e+01
2.400000000000000000e+01 3.800000000000000000e+01 2.100000000000000000e+01 3.100000000000000000e+01
2.600000000000000000e+01 3.600000000000000000e+01 1.900000000000000000e+01 2.500000000000000000e+01
2.600000000000000000e+01 3.500000000000000000e+01 2.000000000000000000e+01 2.400000000000000000e+01
2.400000000000000000e+01 4.200000000000000000e+01 2.300000000000000000e+01 2.500000000000000000e+01
2.500000000000000000e+01 4.200000000000000000e+01 2.100000000000000000e+01 3.200000000000000000e+01
2.600000000000000000e+01 4.500000000000000000e+01 2.000000000000000000e+01 3.000000000000000000e+01
2.600000000000000000e+01 3.800000000000000000e+01 2.200000000000000000e+01 3.000000000000000000e+01
2.400000000000000000e+01 3.700000000000000000e+01 1.600000000000000000e+01 2.500000000000000000e+01
2.600000000000000000e+01 4.500000000000000000e+01 1.800000000000000000e+01 3.000000000000000000e+01
2.600000000000000000e+01 3.800000000000000000e+01 2.400000000000000000e+01 3.000000000000000000e+01
2.600000000000000000e+01 4.400000000000000000e+01 2.100000000000000000e+01 3.200000000000000000e+01
2.600000000000000000e+01 4.000000000000000000e+01 2.000000000000000000e+01 2.700000000000000000e+01
2.600000000000000000e+01 4.200000000000000000e+01 1.800000000000000000e+01 2.700000000000000000e+01
2.600000000000000000e+01 4.200000000000000000e+01 2.000000000000000000e+01 2.400000000000000000e+01
2.600000000000000000e+01 4.500000000000000000e+01 2.000000000000000000e+01 2.700000000000000000e+01
2.600000000000000000e+01 4.200000000000000000e+01 1.400000000000000000e+01 3.000000000000000000e+01
2.400000000000000000e+01 3.500000000000000000e+01 2.100000000000000000e+01 2.700000000000000000e+01
2.500000000000000000e+01 4.500000000000000000e+01 1.900000000000000000e+01 3.000000000000000000e+01
2.600000000000000000e+01 4.500000000000000000e+01 1.600000000000000000e+01 2.900000000000000000e+01
2.600000000000000000e+01 4.200000000000000000e+01 2.000000000000000000e+01 2.600000000000000000e+01
2.600000000000000000e+01 3.500000000000000000e+01 1.800000000000000000e+01 2.700000000000000000e+01
2.300000000000000000e+01 3.600000000000000000e+01 1.300000000000000000e+01 2.600000000000000000e+01
2.700000000000000000e+01 3.700000000000000000e+01 1.500000000000000000e+01 2.800000000000000000e+01
2.600000000000000000e+01 3.600000000000000000e+01 2.000000000000000000e+01 2.500000000000000000e+01
2.500000000000000000e+01 4.000000000000000000e+01 1.800000000000000000e+01 2.400000000000000000e+01
2.600000000000000000e+01 3.700000000000000000e+01 2.100000000000000000e+01 2.700000000000000000e+01
2.300000000000000000e+01 3.900000000000000000e+01 1.900000000000000000e+01 2.200000000000000000e+01
2.400000000000000000e+01 3.400000000000000000e+01 1.600000000000000000e+01 2.400000000000000000e+01
2.600000000000000000e+01 4.000000000000000000e+01 2.200000000000000000e+01 2.300000000000000000e+01
2.500000000000000000e+01 3.700000000000000000e+01 2.000000000000000000e+01 2.500000000000000000e+01
2.600000000000000000e+01 4.200000000000000000e+01 2.200000000000000000e+01 2.600000000000000000e+01
2.300000000000000000e+01 3.600000000000000000e+01 1.800000000000000000e+01 2.700000000000000000e+01
2.500000000000000000e+01 3.700000000000000000e+01 1.400000000000000000e+01 2.300000000000000000e+01
2.400000000000000000e+01 4.000000000000000000e+01 1.500000000000000000e+01 2.700000000000000000e+01
2.300000000000000000e+01 3.600000000000000000e+01 1.900000000000000000e+01 2.600000000000000000e+01
2.300000000000000000e+01 3.900000000000000000e+01 1.700000000000000000e+01 2.500000000000000000e+01
2.500000000000000000e+01 4.200000000000000000e+01 2.000000000000000000e+01 2.800000000000000000e+01
2.400000000000000000e+01 4.200000000000000000e+01 1.800000000000000000e+01 2.700000000000000000e+01
2.600000000000000000e+01 4.400000000000000000e+01 2.100000000000000000e+01 2.900000000000000000e+01
2.600000000000000000e+01 4.200000000000000000e+01 1.900000000000000000e+01 2.900000000000000000e+01
2.400000000000000000e+01 4.400000000000000000e+01 1.900000000000000000e+01 2.500000000000000000e+01
2.400000000000000000e+01 3.500000000000000000e+01 2.100000000000000000e+01 2.700000000000000000e+01
2.400000000000000000e+01 4.000000000000000000e+01 1.900000000000000000e+01 2.400000000000000000e+01
2.600000000000000000e+01 4.200000000000000000e+01 1.900000000000000000e+01 2.400000000000000000e+01
2.300000000000000000e+01 4.200000000000000000e+01 2.000000000000000000e+01 2.600000000000000000e+01
2.600000000000000000e+01 4.000000000000000000e+01 1.900000000000000000e+01 2.300000000000000000e+01
2.300000000000000000e+01 3.900000000000000000e+01 1.700000000000000000e+01 2.400000000000000000e+01
2.600000000000000000e+01 3.600000000000000000e+01 2.100000000000000000e+01 3.000000000000000000e+01
2.600000000000000000e+01 4.400000000000000000e+01 1.800000000000000000e+01 2.800000000000000000e+01
2.400000000000000000e+01 4.500000000000000000e+01 1.500000000000000000e+01 3.000000000000000000e+01
2.400000000000000000e+01 4.200000000000000000e+01 1.900000000000000000e+01 2.600000000000000000e+01
2.700000000000000000e+01 3.700000000000000000e+01 2.300000000000000000e+01 2.900000000000000000e+01
2.500000000000000000e+01 3.200000000000000000e+01 1.700000000000000000e+01 2.500000000000000000e+01
2.600000000000000000e+01 3.800000000000000000e+01 1.600000000000000000e+01 2.600000000000000000e+01
2.500000000000000000e+01 3.600000000000000000e+01 1.600000000000000000e+01 2.800000000000000000e+01
2.400000000000000000e+01 4.200000000000000000e+01 1.900000000000000000e+01 2.500000000000000000e+01
2.500000000000000000e+01 4.000000000000000000e+01 1.800000000000000000e+01 2.500000000000000000e+01
2.700000000000000000e+01 3.700000000000000000e+01 1.600000000000000000e+01 2.700000000000000000e+01
2.600000000000000000e+01 4.400000000000000000e+01 1.700000000000000000e+01 2.500000000000000000e+01
2.500000000000000000e+01 3.700000000000000000e+01 1.700000000000000000e+01 3.200000000000000000e+01
2.600000000000000000e+01 3.600000000000000000e+01 2.000000000000000000e+01 2.800000000000000000e+01
2.600000000000000000e+01 4.200000000000000000e+01 1.800000000000000000e+01 2.300000000000000000e+01
2.300000000000000000e+01 3.900000000000000000e+01 1.800000000000000000e+01 2.400000000000000000e+01
2.500000000000000000e+01 3.800000000000000000e+01 2.000000000000000000e+01 2.700000000000000000e+01
2.600000000000000000e+01 4.200000000000000000e+01 1.900000000000000000e+01 2.600000000000000000e+01
2.400000000000000000e+01 3.700000000000000000e+01 2.000000000000000000e+01 2.600000000000000000e+01
2.300000000000000000e+01 3.400000000000000000e+01 1.500000000000000000e+01 2.400000000000000000e+01
2.400000000000000000e+01 4.000000000000000000e+01 2.100000000000000000e+01 2.700000000000000000e+01
2.300000000000000000e+01 3.300000000000000000e+01 1.700000000000000000e+01 2.400000000000000000e+01
2.400000000000000000e+01 4.200000000000000000e+01 1.600000000000000000e+01 2.800000000000000000e+01
2.500000000000000000e+01 3.700000000000000000e+01 2.000000000000000000e+01 2.800000000000000000e+01
2.400000000000000000e+01 3.900000000000000000e+01 1.800000000000000000e+01 2.600000000000000000e+01
2.700000000000000000e+01 4.000000000000000000e+01 1.900000000000000000e+01 2.200000000000000000e+01
2.400000000000000000e+01 4.200000000000000000e+01 1.700000000000000000e+01 2.400000000000000000e+01
2.400000000000000000e+01 3.700000000000000000e+01 1.800000000000000000e+01 2.900000000000000000e+01
2.400000000000000000e+01 4.500000000000000000e+01 1.800000000000000000e+01 3.400000000000000000e+01
2.100000000000000000e+01 3.700000000000000000e+01 1.500000000000000000e+01 2.700000000000000000e+01
2.600000000000000000e+01 3.600000000000000000e+01 1.700000000000000000e+01 2.600000000000000000e+01
2.600000000000000000e+01 3.700000000000000000e+01 2.400000000000000000e+01 2.900000000000000000e+01
2.300000000000000000e+01 3.700000000000000000e+01 1.600000000000000000e+01 2.500000000000000000e+01
2.600000000000000000e+01 4.300000000000000000e+01 2.300000000000000000e+01 3.100000000000000000e+01
2.300000000000000000e+01 3.600000000000000000e+01 2.100000000000000000e+01 2.500000000000000000e+01
2.300000000000000000e+01 3.900000000000000000e+01 1.900000000000000000e+01 2.500000000000000000e+01
2.300000000000000000e+01 3.700000000000000000e+01 2.100000000000000000e+01 2.900000000000000000e+01
2.600000000000000000e+01 4.200000000000000000e+01 2.000000000000000000e+01 2.800000000000000000e+01
2.700000000000000000e+01 3.700000000000000000e+01 1.800000000000000000e+01 3.200000000000000000e+01
2.600000000000000000e+01 4.200000000000000000e+01 1.900000000000000000e+01 2.700000000000000000e+01
2.100000000000000000e+01 3.900000000000000000e+01 1.900000000000000000e+01 2.700000000000000000e+01
2.600000000000000000e+01 4.400000000000000000e+01 1.400000000000000000e+01 2.600000000000000000e+01
2.600000000000000000e+01 3.600000000000000000e+01 2.000000000000000000e+01 2.700000000000000000e+01
2.500000000000000000e+01 4.200000000000000000e+01 1.300000000000000000e+01 2.700000000000000000e+01
2.300000000000000000e+01 4.200000000000000000e+01 2.200000000000000000e+01 2.600000000000000000e+01
2.600000000000000000e+01 4.200000000000000000e+01 1.900000000000000000e+01 2.600000000000000000e+01
2.300000000000000000e+01 4.500000000000000000e+01 2.000000000000000000e+01 2.500000000000000000e+01
2.100000000000000000e+01 4.100000000000000000e+01 2.000000000000000000e+01 3.000000000000000000e+01
2.600000000000000000e+01 3.600000000000000000e+01 2.000000000000000000e+01 2.800000000000000000e+01
2.700000000000000000e+01 4.200000000000000000e+01 1.600000000000000000e+01 2.400000000000000000e+01
2.300000000000000000e+01 4.000000000000000000e+01 1.900000000000000000e+01 2.900000000000000000e+01
2.600000000000000000e+01 4.200000000000000000e+01 2.200000000000000000e+01 2.700000000000000000e+01
2.400000000000000000e+01 3.800000000000000000e+01 2.000000000000000000e+01 2.600000000000000000e+01
2.600000000000000000e+01 4.500000000000000000e+01 2.000000000000000000e+01 3.200000000000000000e+01
2.600000000000000000e+01 4.100000000000000000e+01 2.000000000000000000e+01 3.000000000000000000e+01
2.400000000000000000e+01 4.500000000000000000e+01 1.800000000000000000e+01 2.400000000000000000e+01
2.600000000000000000e+01 4.300000000000000000e+01 1.700000000000000000e+01 2.500000000000000000e+01
2.600000000000000000e+01 4.000000000000000000e+01 1.900000000000000000e+01 2.700000000000000000e+01
2.600000000000000000e+01 4.000000000000000000e+01 2.000000000000000000e+01 2.600000000000000000e+01
2.300000000000000000e+01 3.700000000000000000e+01 1.800000000000000000e+01 2.600000000000000000e+01
2.500000000000000000e+01 3.600000000000000000e+01 1.900000000000000000e+01 2.400000000000000000e+01
2.600000000000000000e+01 3.700000000000000000e+01 1.900000000000000000e+01 2.600000000000000000e+01
2.700000000000000000e+01 4.200000000000000000e+01 2.000000000000000000e+01 2.500000000000000000e+01
2.300000000000000000e+01 3.600000000000000000e+01 2.000000000000000000e+01 2.600000000000000000e+01
2.600000000000000000e+01 4.200000000000000000e+01 1.800000000000000000e+01 2.400000000000000000e+01
2.500000000000000000e+01 3.700000000000000000e+01 2.300000000000000000e+01 2.500000000000000000e+01
2.500000000000000000e+01 3.700000000000000000e+01 1.800000000000000000e+01 2.600000000000000000e+01
2.400000000000000000e+01 4.200000000000000000e+01 2.200000000000000000e+01 2.500000000000000000e+01
2.300000000000000000e+01 4.200000000000000000e+01 2.200000000000000000e+01 2.900000000000000000e+01
1.610000000000000000e+02 5.600000000000000000e+01 3.200000000000000000e+01 4.400000000000000000e+01
1.580000000000000000e+02 1.300000000000000000e+02 3.200000000000000000e+01 4.500000000000000000e+01
1.620000000000000000e+02 1.300000000000000000e+02 3.600000000000000000e+01 4.500000000000000000e+01
1.440000000000000000e+02 1.240000000000000000e+02 3.100000000000000000e+01 4.700000000000000000e+01
1.580000000000000000e+02 1.230000000000000000e+02 3.000000000000000000e+01 4.500000000000000000e+01
1.670000000000000000e+02 1.280000000000000000e+02 3.400000000000000000e+01 5.100000000000000000e+01
1.570000000000000000e+02 1.260000000000000000e+02 3.300000000000000000e+01 4.600000000000000000e+01
1.600000000000000000e+02 1.250000000000000000e+02 2.800000000000000000e+01 4.700000000000000000e+01
1.490000000000000000e+02 1.260000000000000000e+02 3.100000000000000000e+01 4.800000000000000000e+01
1.500000000000000000e+02 1.300000000000000000e+02 3.200000000000000000e+01 4.700000000000000000e+01
1.600000000000000000e+02 5.800000000000000000e+01 3.800000000000000000e+01 4.300000000000000000e+01
1.620000000000000000e+02 1.300000000000000000e+02 2.900000000000000000e+01 4.900000000000000000e+01
1.540000000000000000e+02 1.260000000000000000e+02 2.500000000000000000e+01 4.600000000000000000e+01
1.570000000000000000e+02 1.300000000000000000e+02 2.900000000000000000e+01 4.700000000000000000e+01
1.600000000000000000e+02 1.300000000000000000e+02 2.900000000000000000e+01 5.200000000000000000e+01
1.660000000000000000e+02 5.600000000000000000e+01 2.900000000000000000e+01 4.600000000000000000e+01
1.590000000000000000e+02 1.270000000000000000e+02 2.800000000000000000e+01 4.900000000000000000e+01
1.770000000000000000e+02 1.340000000000000000e+02 3.300000000000000000e+01 4.800000000000000000e+01
1.560000000000000000e+02 1.280000000000000000e+02 3.300000000000000000e+01 4.500000000000000000e+01
1.570000000000000000e+02 1.320000000000000000e+02 3.500000000000000000e+01 4.700000000000000000e+01
1.610000000000000000e+02 1.320000000000000000e+02 3.100000000000000000e+01 5.100000000000000000e+01
1.420000000000000000e+02 1.240000000000000000e+02 3.200000000000000000e+01 4.600000000000000000e+01
1.680000000000000000e+02 1.360000000000000000e+02 2.900000000000000000e+01 5.000000000000000000e+01
1.770000000000000000e+02 1.160000000000000000e+02 3.300000000000000000e+01 4.200000000000000000e+01
1.480000000000000000e+02 1.230000000000000000e+02 3.500000000000000000e+01 4.300000000000000000e+01
1.520000000000000000e+02 1.260000000000000000e+02 3.100000000000000000e+01 4.300000000000000000e+01
1.470000000000000000e+02 1.220000000000000000e+02 2.600000000000000000e+01 4.400000000000000000e+01
1.590000000000000000e+02 1.260000000000000000e+02 3.200000000000000000e+01 4.800000000000000000e+01
1.560000000000000000e+02 1.280000000000000000e+02 3.000000000000000000e+01 4.400000000000000000e+01
1.450000000000000000e+02 1.260000000000000000e+02 3.400000000000000000e+01 4.500000000000000000e+01
1.590000000000000000e+02 1.320000000000000000e+02 2.700000000000000000e+01 4.600000000000000000e+01
1.590000000000000000e+02 1.300000000000000000e+02 3.000000000000000000e+01 4.800000000000000000e+01
1.710000000000000000e+02 1.310000000000000000e+02 3.400000000000000000e+01 4.800000000000000000e+01
1.550000000000000000e+02 1.280000000000000000e+02 3.000000000000000000e+01 4.500000000000000000e+01
1.590000000000000000e+02 1.300000000000000000e+02 2.800000000000000000e+01 4.300000000000000000e+01
1.480000000000000000e+02 5.400000000000000000e+01 2.700000000000000000e+01 4.300000000000000000e+01
1.570000000000000000e+02 1.250000000000000000e+02 3.100000000000000000e+01 4.800000000000000000e+01
1.630000000000000000e+02 1.320000000000000000e+02 3.200000000000000000e+01 4.200000000000000000e+01
1.670000000000000000e+02 1.320000000000000000e+02 3.400000000000000000e+01 4.800000000000000000e+01
1.570000000000000000e+02 5.600000000000000000e+01 3.200000000000000000e+01 4.900000000000000000e+01
1.520000000000000000e+02 1.300000000000000000e+02 3.400000000000000000e+01 4.700000000000000000e+01
1.570000000000000000e+02 1.300000000000000000e+02 3.500000000000000000e+01 4.300000000000000000e+01
1.530000000000000000e+02 1.240000000000000000e+02 3.100000000000000000e+01 4.700000000000000000e+01
1.540000000000000000e+02 1.270000000000000000e+02 3.100000000000000000e+01 4.400000000000000000e+01
1.460000000000000000e+02 1.200000000000000000e+02 3.300000000000000000e+01 4.300000000000000000e+01
1.480000000000000000e+02 1.240000000000000000e+02 3.100000000000000000e+01 4.600000000000000000e+01
1.420000000000000000e+02 1.280000000000000000e+02 2.300000000000000000e+01 4.900000000000000000e+01
1.570000000000000000e+02 1.300000000000000000e+02 3.000000000000000000e+01 4.500000000000000000e+01
1.490000000000000000e+02 1.280000000000000000e+02 3.100000000000000000e+01 4.200000000000000000e+01
1.670000000000000000e+02 1.340000000000000000e+02 3.000000000000000000e+01 3.800000000000000000e+01
1.540000000000000000e+02 1.300000000000000000e+02 2.900000000000000000e+01 4.600000000000000000e+01
1.540000000000000000e+02 1.280000000000000000e+02 3.500000000000000000e+01 4.800000000000000000e+01
1.510000000000000000e+02 1.280000000000000000e+02 3.500000000000000000e+01 4.700000000000000000e+01
1.530000000000000000e+02 1.260000000000000000e+02 3.300000000000000000e+01 4.500000000000000000e+01
1.660000000000000000e+02 1.260000000000000000e+02 3.100000000000000000e+01 5.500000000000000000e+01
1.680000000000000000e+02 1.340000000000000000e+02 3.500000000000000000e+01 4.800000000000000000e+01
1.770000000000000000e+02 1.160000000000000000e+02 2.600000000000000000e+01 3.600000000000000000e+01
1.520000000000000000e+02 1.260000000000000000e+02 3.200000000000000000e+01 4.500000000000000000e+01
1.460000000000000000e+02 1.260000000000000000e+02 2.900000000000000000e+01 4.800000000000000000e+01
1.640000000000000000e+02 1.300000000000000000e+02 3.000000000000000000e+01 4.800000000000000000e+01
1.430000000000000000e+02 1.220000000000000000e+02 2.600000000000000000e+01 4.500000000000000000e+01
1.540000000000000000e+02 1.300000000000000000e+02 3.300000000000000000e+01 4.400000000000000000e+01
1.580000000000000000e+02 5.600000000000000000e+01 2.900000000000000000e+01 4.900000000000000000e+01
1.410000000000000000e+02 1.240000000000000000e+02 3.100000000000000000e+01 5.000000000000000000e+01
1.540000000000000000e+02 1.280000000000000000e+02 3.100000000000000000e+01 5.400000000000000000e+01
1.480000000000000000e+02 1.260000000000000000e+02 3.100000000000000000e+01 4.800000000000000000e+01
1.540000000000000000e+02 1.300000000000000000e+02 2.800000000000000000e+01 4.700000000000000000e+01
1.570000000000000000e+02 1.280000000000000000e+02 3.000000000000000000e+01 4.600000000000000000e+01
1.560000000000000000e+02 1.280000000000000000e+02 2.700000000000000000e+01 4.500000000000000000e+01
1.500000000000000000e+02 1.240000000000000000e+02 3.600000000000000000e+01 5.000000000000000000e+01
1.460000000000000000e+02 1.260000000000000000e+02 3.100000000000000000e+01 4.500000000000000000e+01
1.590000000000000000e+02 1.070000000000000000e+02 3.100000000000000000e+01 5.000000000000000000e+01
1.480000000000000000e+02 1.300000000000000000e+02 3.300000000000000000e+01 4.800000000000000000e+01
1.580000000000000000e+02 1.280000000000000000e+02 2.900000000000000000e+01 4.700000000000000000e+01
1.580000000000000000e+02 1.300000000000000000e+02 3.300000000000000000e+01 4.200000000000000000e+01
1.580000000000000000e+02 1.260000000000000000e+02 2.700000000000000000e+01 4.800000000000000000e+01
1.480000000000000000e+02 1.260000000000000000e+02 3.000000000000000000e+01 4.500000000000000000e+01
1.520000000000000000e+02 1.280000000000000000e+02 3.400000000000000000e+01 4.600000000000000000e+01
1.520000000000000000e+02 1.270000000000000000e+02 3.500000000000000000e+01 5.600000000000000000e+01
1.570000000000000000e+02 1.240000000000000000e+02 2.600000000000000000e+01 4.600000000000000000e+01
1.640000000000000000e+02 1.340000000000000000e+02 3.200000000000000000e+01 4.900000000000000000e+01
1.640000000000000000e+02 1.300000000000000000e+02 2.800000000000000000e+01 4.600000000000000000e+01
1.560000000000000000e+02 1.300000000000000000e+02 2.800000000000000000e+01 3.900000000000000000e+01
1.560000000000000000e+02 1.300000000000000000e+02 3.300000000000000000e+01 3.700000000000000000e+01
1.570000000000000000e+02 1.300000000000000000e+02 2.900000000000000000e+01 4.600000000000000000e+01
1.560000000000000000e+02 1.300000000000000000e+02 3.200000000000000000e+01 4.400000000000000000e+01
1.610000000000000000e+02 1.320000000000000000e+02 2.800000000000000000e+01 4.700000000000000000e+01
1.400000000000000000e+02 1.260000000000000000e+02 3.300000000000000000e+01 5.300000000000000000e+01
1.650000000000000000e+02 1.340000000000000000e+02 3.100000000000000000e+01 5.200000000000000000e+01
1.570000000000000000e+02 5.600000000000000000e+01 3.300000000000000000e+01 4.400000000000000000e+01
1.660000000000000000e+02 1.260000000000000000e+02 3.600000000000000000e+01 4.600000000000000000e+01
1.500000000000000000e+02 1.260000000000000000e+02 3.400000000000000000e+01 4.900000000000000000e+01
1.520000000000000000e+02 1.280000000000000000e+02 3.200000000000000000e+01 4.400000000000000000e+01
1.460000000000000000e+02 1.260000000000000000e+02 3.300000000000000000e+01 4.500000000000000000e+01
1.610000000000000000e+02 1.300000000000000000e+02 3.400000000000000000e+01 4.300000000000000000e+01
1.590000000000000000e+02 1.320000000000000000e+02 3.200000000000000000e+01 4.800000000000000000e+01
1.610000000000000000e+02 5.600000000000000000e+01 3.400000000000000000e+01 4.500000000000000000e+01
1.600000000000000000e+02 1.270000000000000000e+02 2.900000000000000000e+01 4.800000000000000000e+01
1.630000000000000000e+02 1.280000000000000000e+02 3.200000000000000000e+01 4.500000000000000000e+01
1.500000000000000000e+02 1.300000000000000000e+02 2.700000000000000000e+01 5.100000000000000000e+01
1.500000000000000000e+02 1.260000000000000000e+02 3.200000000000000000e+01 4.300000000000000000e+01
1.630000000000000000e+02 1.280000000000000000e+02 3.000000000000000000e+01 4.800000000000000000e+01
1.500000000000000000e+02 1.320000000000000000e+02 3.000000000000000000e+01 5.100000000000000000e+01
1.430000000000000000e+02 1.250000000000000000e+02 3.100000000000000000e+01 4.800000000000000000e+01
1.560000000000000000e+02 5.600000000000000000e+01 3.000000000000000000e+01 4.600000000000000000e+01
1.620000000000000000e+02 1.320000000000000000e+02 2.900000000000000000e+01 5.600000000000000000e+01
1.460000000000000000e+02 1.250000000000000000e+02 3.100000000000000000e+01 5.300000000000000000e+01
1.640000000000000000e+02 1.340000000000000000e+02 3.100000000000000000e+01 4.400000000000000000e+01
1.560000000000000000e+02 1.230000000000000000e+02 3.200000000000000000e+01 3.900000000000000000e+01
1.570000000000000000e+02 1.260000000000000000e+02 3.300000000000000000e+01 4.600000000000000000e+01
1.600000000000000000e+02 1.340000000000000000e+02 3.300000000000000000e+01 4.700000000000000000e+01
1.420000000000000000e+02 1.260000000000000000e+02 2.700000000000000000e+01 4.600000000000000000e+01
1.600000000000000000e+02 1.300000000000000000e+02 3.400000000000000000e+01 3.800000000000000000e+01
1.410000000000000000e+02 1.230000000000000000e+02 3.200000000000000000e+01 3.400000000000000000e+01
1.510000000000000000e+02 1.280000000000000000e+02 2.900000000000000000e+01 4.400000000000000000e+01
1.670000000000000000e+02 1.290000000000000000e+02 3.500000000000000000e+01 5.700000000000000000e+01
1.530000000000000000e+02 1.080000000000000000e+02 3.100000000000000000e+01 4.200000000000000000e+01
1.640000000000000000e+02 1.340000000000000000e+02 3.000000000000000000e+01 5.000000000000000000e+01
1.480000000000000000e+02 1.250000000000000000e+02 2.700000000000000000e+01 4.600000000000000000e+01
1.500000000000000000e+02 1.240000000000000000e+02 3.100000000000000000e+01 4.500000000000000000e+01
1.600000000000000000e+02 1.320000000000000000e+02 3.600000000000000000e+01 4.800000000000000000e+01
1.530000000000000000e+02 1.280000000000000000e+02 2.700000000000000000e+01 4.700000000000000000e+01
1.700000000000000000e+02 1.340000000000000000e+02 3.400000000000000000e+01 5.000000000000000000e+01
1.530000000000000000e+02 1.280000000000000000e+02 3.500000000000000000e+01 4.500000000000000000e+01
1.520000000000000000e+02 1.260000000000000000e+02 3.400000000000000000e+01 3.300000000000000000e+01
1.460000000000000000e+02 1.280000000000000000e+02 2.800000000000000000e+01 3.900000000000000000e+01
1.580000000000000000e+02 1.280000000000000000e+02 2.800000000000000000e+01 3.900000000000000000e+01
1.510000000000000000e+02 1.280000000000000000e+02 3.200000000000000000e+01 5.100000000000000000e+01
1.580000000000000000e+02 1.300000000000000000e+02 3.000000000000000000e+01 4.600000000000000000e+01
1.480000000000000000e+02 1.230000000000000000e+02 3.000000000000000000e+01 4.600000000000000000e+01
1.590000000000000000e+02 5.600000000000000000e+01 3.100000000000000000e+01 4.500000000000000000e+01
1.530000000000000000e+02 1.260000000000000000e+02 3.200000000000000000e+01 4.400000000000000000e+01
1.660000000000000000e+02 1.350000000000000000e+02 2.900000000000000000e+01 4.700000000000000000e+01
1.570000000000000000e+02 5.600000000000000000e+01 3.200000000000000000e+01 4.500000000000000000e+01
1.640000000000000000e+02 1.320000000000000000e+02 2.800000000000000000e+01 4.800000000000000000e+01
1.750000000000000000e+02 1.160000000000000000e+02 3.100000000000000000e+01 5.000000000000000000e+01
1.420000000000000000e+02 1.240000000000000000e+02 2.900000000000000000e+01 3.600000000000000000e+01
1.500000000000000000e+02 1.220000000000000000e+02 3.300000000000000000e+01 4.900000000000000000e+01
1.660000000000000000e+02 1.300000000000000000e+02 3.200000000000000000e+01 4.800000000000000000e+01
1.560000000000000000e+02 1.240000000000000000e+02 3.100000000000000000e+01 4.400000000000000000e+01
1.550000000000000000e+02 1.300000000000000000e+02 2.900000000000000000e+01 4.800000000000000000e+01
1.620000000000000000e+02 1.300000000000000000e+02 3.100000000000000000e+01 5.000000000000000000e+01
1.720000000000000000e+02 1.300000000000000000e+02 3.000000000000000000e+01 4.300000000000000000e+01
1.560000000000000000e+02 1.300000000000000000e+02 3.400000000000000000e+01 5.100000000000000000e+01
1.560000000000000000e+02 1.280000000000000000e+02 3.200000000000000000e+01 4.800000000000000000e+01
1.670000000000000000e+02 1.320000000000000000e+02 3.200000000000000000e+01 4.800000000000000000e+01
1.650000000000000000e+02 1.300000000000000000e+02 3.400000000000000000e+01 4.500000000000000000e+01
1.550000000000000000e+02 1.300000000000000000e+02 2.800000000000000000e+01 3.900000000000000000e+01
1.630000000000000000e+02 5.600000000000000000e+01 3.100000000000000000e+01 3.900000000000000000e+01
1.640000000000000000e+02 1.320000000000000000e+02 3.400000000000000000e+01 4.500000000000000000e+01
1.400000000000000000e+02 1.260000000000000000e+02 3.100000000000000000e+01 4.200000000000000000e+01
1.610000000000000000e+02 1.320000000000000000e+02 3.300000000000000000e+01 5.200000000000000000e+01
1.610000000000000000e+02 1.260000000000000000e+02 3.100000000000000000e+01 4.300000000000000000e+01
1.460000000000000000e+02 1.280000000000000000e+02 3.100000000000000000e+01 4.600000000000000000e+01
1.540000000000000000e+02 5.600000000000000000e+01 3.200000000000000000e+01 4.600000000000000000e+01
1.410000000000000000e+02 1.240000000000000000e+02 3.300000000000000000e+01 4.700000000000000000e+01
1.520000000000000000e+02 1.280000000000000000e+02 3.100000000000000000e+01 4.500000000000000000e+01
1.500000000000000000e+02 1.280000000000000000e+02 3.500000000000000000e+01 5.000000000000000000e+01
1.620000000000000000e+02 5.600000000000000000e+01 2.700000000000000000e+01 4.600000000000000000e+01
1.570000000000000000e+02 1.280000000000000000e+02 3.400000000000000000e+01 4.300000000000000000e+01
1.570000000000000000e+02 1.320000000000000000e+02 2.800000000000000000e+01 4.500000000000000000e+01
1.560000000000000000e+02 1.300000000000000000e+02 3.200000000000000000e+01 4.800000000000000000e+01
1.580000000000000000e+02 1.280000000000000000e+02 3.400000000000000000e+01 4.800000000000000000e+01
1.690000000000000000e+02 1.300000000000000000e+02 3.000000000000000000e+01 4.600000000000000000e+01
1.720000000000000000e+02 1.340000000000000000e+02 3.300000000000000000e+01 4.900000000000000000e+01
1.560000000000000000e+02 5.600000000000000000e+01 3.500000000000000000e+01 4.500000000000000000e+01
1.510000000000000000e+02 1.280000000000000000e+02 2.800000000000000000e+01 4.300000000000000000e+01
1.640000000000000000e+02 5.600000000000000000e+01 3.400000000000000000e+01 4.900000000000000000e+01
1.660000000000000000e+02 1.320000000000000000e+02 3.300000000000000000e+01 5.200000000000000000e+01
1.520000000000000000e+02 1.280000000000000000e+02 3.000000000000000000e+01 4.700000000000000000e+01
1.650000000000000000e+02 1.290000000000000000e+02 2.800000000000000000e+01 4.100000000000000000e+01
1.520000000000000000e+02 1.280000000000000000e+02 3.300000000000000000e+01 4.200000000000000000e+01
1.570000000000000000e+02 1.280000000000000000e+02 3.300000000000000000e+01 3.500000000000000000e+01
1.620000000000000000e+02 1.270000000000000000e+02 2.900000000000000000e+01 4.600000000000000000e+01
1.540000000000000000e+02 1.210000000000000000e+02 3.000000000000000000e+01 4.700000000000000000e+01
1.520000000000000000e+02 1.240000000000000000e+02 3.300000000000000000e+01 4.600000000000000000e+01
1.630000000000000000e+02 1.120000000000000000e+02 3.200000000000000000e+01 4.500000000000000000e+01
1.500000000000000000e+02 1.280000000000000000e+02 3.400000000000000000e+01 4.200000000000000000e+01
1.550000000000000000e+02 1.260000000000000000e+02 2.500000000000000000e+01 5.000000000000000000e+01
1.560000000000000000e+02 5.600000000000000000e+01 3.400000000000000000e+01 4.700000000000000000e+01
1.640000000000000000e+02 1.300000000000000000e+02 3.300000000000000000e+01 4.600000000000000000e+01
1.500000000000000000e+02 1.280000000000000000e+02 3.100000000000000000e+01 4.400000000000000000e+01
1.660000000000000000e+02 1.280000000000000000e+02 3.300000000000000000e+01 5.300000000000000000e+01
1.590000000000000000e+02 1.260000000000000000e+02 3.300000000000000000e+01 4.700000000000000000e+01
1.690000000000000000e+02 1.320000000000000000e+02 3.200000000000000000e+01 4.600000000000000000e+01
1.510000000000000000e+02 1.260000000000000000e+02 3.200000000000000000e+01 5.000000000000000000e+01
1.570000000000000000e+02 5.600000000000000000e+01 2.600000000000000000e+01 3.400000000000000000e+01
1.360000000000000000e+02 1.240000000000000000e+02 2.900000000000000000e+01 4.200000000000000000e+01
1.560000000000000000e+02 1.300000000000000000e+02 3.100000000000000000e+01 4.300000000000000000e+01
1.530000000000000000e+02 1.320000000000000000e+02 2.800000000000000000e+01 3.600000000000000000e+01
1.610000000000000000e+02 1.270000000000000000e+02 3.100000000000000000e+01 4.900000000000000000e+01
1.710000000000000000e+02 1.320000000000000000e+02 3.300000000000000000e+01 4.700000000000000000e+01
1.730000000000000000e+02 1.160000000000000000e+02 3.000000000000000000e+01 4.700000000000000000e+01
1.610000000000000000e+02 5.600000000000000000e+01 2.900000000000000000e+01 4.600000000000000000e+01
1.560000000000000000e+02 1.280000000000000000e+02 3.000000000000000000e+01 4.900000000000000000e+01
1.620000000000000000e+02 1.280000000000000000e+02 3.100000000000000000e+01 4.300000000000000000e+01
1.520000000000000000e+02 1.260000000000000000e+02 3.300000000000000000e+01 4.700000000000000000e+01
1.510000000000000000e+02 1.280000000000000000e+02 2.900000000000000000e+01 4.700000000000000000e+01
1.520000000000000000e+02 1.300000000000000000e+02 3.400000000000000000e+01 4.600000000000000000e+01
1.560000000000000000e+02 1.340000000000000000e+02 3.200000000000000000e+01 4.900000000000000000e+01
1.699000000000000000e+03 2.420000000000000000e+02 4.200000000000000000e+01 5.900000000000000000e+01
1.672000000000000000e+03 7.050000000000000000e+02 4.000000000000000000e+01 5.700000000000000000e+01
1.745000000000000000e+03 2.440000000000000000e+02 4.200000000000000000e+01 6.200000000000000000e+01
1.619000000000000000e+03 3.100000000000000000e+02 3.300000000000000000e+01 6.100000000000000000e+01
1.719000000000000000e+03 7.020000000000000000e+02 2.700000000000000000e+01 5.800000000000000000e+01
1.731000000000000000e+03 7.120000000000000000e+02 3.700000000000000000e+01 7.000000000000000000e+01
1.655000000000000000e+03 7.620000000000000000e+02 3.700000000000000000e+01 4.800000000000000000e+01
1.655000000000000000e+03 6.950000000000000000e+02 3.400000000000000000e+01 5.600000000000000000e+01
1.619000000000000000e+03 3.090000000000000000e+02 3.800000000000000000e+01 5.500000000000000000e+01
1.685000000000000000e+03 6.970000000000000000e+02 3.700000000000000000e+01 5.600000000000000000e+01
1.705000000000000000e+03 7.060000000000000000e+02 4.000000000000000000e+01 5.600000000000000000e+01
1.719000000000000000e+03 7.060000000000000000e+02 3.700000000000000000e+01 6.400000000000000000e+01
1.719000000000000000e+03 2.380000000000000000e+02 3.300000000000000000e+01 5.400000000000000000e+01
1.681000000000000000e+03 2.400000000000000000e+02 4.100000000000000000e+01 4.800000000000000000e+01
1.711000000000000000e+03 7.100000000000000000e+02 3.900000000000000000e+01 5.200000000000000000e+01
1.706000000000000000e+03 7.000000000000000000e+02 4.100000000000000000e+01 5.700000000000000000e+01
1.673000000000000000e+03 6.910000000000000000e+02 4.100000000000000000e+01 6.200000000000000000e+01
1.754000000000000000e+03 7.080000000000000000e+02 4.000000000000000000e+01 5.600000000000000000e+01
1.697000000000000000e+03 7.000000000000000000e+02 3.500000000000000000e+01 7.000000000000000000e+01
1.751000000000000000e+03 7.150000000000000000e+02 3.100000000000000000e+01 6.400000000000000000e+01
1.711000000000000000e+03 6.900000000000000000e+02 4.000000000000000000e+01 5.000000000000000000e+01
1.645000000000000000e+03 6.950000000000000000e+02 4.200000000000000000e+01 5.900000000000000000e+01
1.765000000000000000e+03 7.140000000000000000e+02 3.800000000000000000e+01 5.500000000000000000e+01
1.777000000000000000e+03 7.120000000000000000e+02 3.400000000000000000e+01 5.600000000000000000e+01
1.627000000000000000e+03 3.070000000000000000e+02 4.200000000000000000e+01 6.100000000000000000e+01
1.685000000000000000e+03 6.900000000000000000e+02 3.700000000000000000e+01 6.000000000000000000e+01
1.607000000000000000e+03 7.520000000000000000e+02 3.100000000000000000e+01 4.700000000000000000e+01
1.639000000000000000e+03 6.960000000000000000e+02 3.400000000000000000e+01 5.400000000000000000e+01
1.647000000000000000e+03 6.950000000000000000e+02 3.500000000000000000e+01 5.500000000000000000e+01
1.661000000000000000e+03 6.990000000000000000e+02 3.700000000000000000e+01 6.500000000000000000e+01
1.731000000000000000e+03 2.400000000000000000e+02 3.200000000000000000e+01 6.000000000000000000e+01
1.673000000000000000e+03 7.580000000000000000e+02 3.500000000000000000e+01 5.800000000000000000e+01
1.783000000000000000e+03 7.180000000000000000e+02 3.300000000000000000e+01 5.200000000000000000e+01
1.677000000000000000e+03 6.940000000000000000e+02 4.100000000000000000e+01 5.800000000000000000e+01
1.721000000000000000e+03 7.060000000000000000e+02 4.200000000000000000e+01 6.000000000000000000e+01
1.637000000000000000e+03 7.440000000000000000e+02 3.700000000000000000e+01 6.000000000000000000e+01
1.667000000000000000e+03 6.960000000000000000e+02 4.200000000000000000e+01 6.000000000000000000e+01
1.669000000000000000e+03 7.760000000000000000e+02 3.000000000000000000e+01 6.200000000000000000e+01
1.695000000000000000e+03 7.760000000000000000e+02 4.000000000000000000e+01 5.800000000000000000e+01
1.717000000000000000e+03 7.010000000000000000e+02 3.900000000000000000e+01 6.000000000000000000e+01
1.667000000000000000e+03 6.970000000000000000e+02 3.800000000000000000e+01 4.900000000000000000e+01
1.695000000000000000e+03 7.650000000000000000e+02 3.900000000000000000e+01 5.900000000000000000e+01
1.622000000000000000e+03 6.860000000000000000e+02 4.000000000000000000e+01 5.700000000000000000e+01
1.701000000000000000e+03 7.020000000000000000e+02 3.500000000000000000e+01 4.800000000000000000e+01
1.585000000000000000e+03 3.080000000000000000e+02 3.800000000000000000e+01 5.600000000000000000e+01
1.649000000000000000e+03 6.900000000000000000e+02 3.700000000000000000e+01 5.600000000000000000e+01
1.671000000000000000e+03 7.680000000000000000e+02 3.900000000000000000e+01 5.800000000000000000e+01
1.673000000000000000e+03 2.380000000000000000e+02 4.300000000000000000e+01 5.800000000000000000e+01
1.671000000000000000e+03 7.640000000000000000e+02 3.500000000000000000e+01 5.700000000000000000e+01
1.721000000000000000e+03 2.440000000000000000e+02 3.600000000000000000e+01 4.900000000000000000e+01
1.675000000000000000e+03 6.920000000000000000e+02 4.100000000000000000e+01 5.000000000000000000e+01
1.663000000000000000e+03 6.880000000000000000e+02 3.800000000000000000e+01 4.900000000000000000e+01
1.641000000000000000e+03 7.010000000000000000e+02 3.900000000000000000e+01 6.100000000000000000e+01
1.643000000000000000e+03 6.910000000000000000e+02 2.800000000000000000e+01 5.700000000000000000e+01
1.721000000000000000e+03 7.090000000000000000e+02 4.100000000000000000e+01 4.900000000000000000e+01
1.701000000000000000e+03 7.060000000000000000e+02 3.800000000000000000e+01 6.100000000000000000e+01
1.776000000000000000e+03 7.310000000000000000e+02 3.300000000000000000e+01 5.700000000000000000e+01
1.663000000000000000e+03 6.930000000000000000e+02 4.000000000000000000e+01 5.700000000000000000e+01
1.607000000000000000e+03 6.830000000000000000e+02 4.000000000000000000e+01 5.800000000000000000e+01
1.723000000000000000e+03 2.380000000000000000e+02 3.800000000000000000e+01 6.200000000000000000e+01
1.627000000000000000e+03 6.760000000000000000e+02 3.500000000000000000e+01 5.600000000000000000e+01
1.697000000000000000e+03 6.980000000000000000e+02 3.500000000000000000e+01 5.700000000000000000e+01
1.711000000000000000e+03 7.740000000000000000e+02 3.900000000000000000e+01 5.800000000000000000e+01
1.593000000000000000e+03 6.900000000000000000e+02 3.800000000000000000e+01 5.700000000000000000e+01
1.650000000000000000e+03 6.880000000000000000e+02 4.200000000000000000e+01 5.700000000000000000e+01
1.631000000000000000e+03 3.160000000000000000e+02 4.200000000000000000e+01 5.600000000000000000e+01
1.707000000000000000e+03 2.360000000000000000e+02 3.800000000000000000e+01 6.000000000000000000e+01
1.681000000000000000e+03 7.020000000000000000e+02 3.700000000000000000e+01 6.300000000000000000e+01
1.647000000000000000e+03 7.580000000000000000e+02 3.900000000000000000e+01 5.800000000000000000e+01
1.619000000000000000e+03 3.080000000000000000e+02 4.000000000000000000e+01 6.000000000000000000e+01
1.681000000000000000e+03 7.760000000000000000e+02 3.400000000000000000e+01 6.300000000000000000e+01
1.707000000000000000e+03 2.380000000000000000e+02 4.000000000000000000e+01 4.500000000000000000e+01
1.675000000000000000e+03 6.940000000000000000e+02 3.700000000000000000e+01 4.700000000000000000e+01
1.685000000000000000e+03 7.040000000000000000e+02 3.500000000000000000e+01 4.600000000000000000e+01
1.695000000000000000e+03 6.980000000000000000e+02 4.000000000000000000e+01 5.800000000000000000e+01
1.626000000000000000e+03 6.840000000000000000e+02 3.400000000000000000e+01 6.100000000000000000e+01
1.687000000000000000e+03 7.780000000000000000e+02 3.700000000000000000e+01 5.700000000000000000e+01
1.649000000000000000e+03 6.930000000000000000e+02 4.100000000000000000e+01 6.000000000000000000e+01
1.687000000000000000e+03 7.010000000000000000e+02 3.900000000000000000e+01 6.200000000000000000e+01
1.647000000000000000e+03 6.980000000000000000e+02 4.000000000000000000e+01 5.800000000000000000e+01
1.749000000000000000e+03 7.820000000000000000e+02 4.000000000000000000e+01 5.700000000000000000e+01
1.695000000000000000e+03 7.000000000000000000e+02 3.600000000000000000e+01 6.600000000000000000e+01
1.691000000000000000e+03 7.620000000000000000e+02 4.100000000000000000e+01 5.700000000000000000e+01
1.687000000000000000e+03 7.020000000000000000e+02 3.900000000000000000e+01 6.600000000000000000e+01
1.672000000000000000e+03 6.920000000000000000e+02 3.600000000000000000e+01 4.400000000000000000e+01
1.709000000000000000e+03 7.020000000000000000e+02 3.500000000000000000e+01 6.800000000000000000e+01
1.725000000000000000e+03 2.380000000000000000e+02 3.700000000000000000e+01 6.200000000000000000e+01
1.641000000000000000e+03 3.120000000000000000e+02 3.900000000000000000e+01 6.300000000000000000e+01
1.762000000000000000e+03 7.040000000000000000e+02 3.100000000000000000e+01 5.800000000000000000e+01
1.715000000000000000e+03 7.840000000000000000e+02 3.000000000000000000e+01 7.000000000000000000e+01
1.713000000000000000e+03 7.700000000000000000e+02 3.500000000000000000e+01 6.300000000000000000e+01
1.625000000000000000e+03 3.110000000000000000e+02 4.000000000000000000e+01 5.800000000000000000e+01
1.663000000000000000e+03 6.940000000000000000e+02 3.700000000000000000e+01 6.600000000000000000e+01
1.637000000000000000e+03 7.660000000000000000e+02 3.900000000000000000e+01 6.400000000000000000e+01
1.709000000000000000e+03 7.030000000000000000e+02 3.500000000000000000e+01 5.600000000000000000e+01
1.735000000000000000e+03 7.080000000000000000e+02 3.700000000000000000e+01 6.100000000000000000e+01
1.703000000000000000e+03 7.060000000000000000e+02 3.900000000000000000e+01 6.100000000000000000e+01
1.689000000000000000e+03 2.360000000000000000e+02 3.800000000000000000e+01 5.800000000000000000e+01
1.725000000000000000e+03 7.020000000000000000e+02 3.700000000000000000e+01 5.800000000000000000e+01
1.679000000000000000e+03 7.660000000000000000e+02 3.500000000000000000e+01 6.500000000000000000e+01
1.611000000000000000e+03 6.820000000000000000e+02 3.600000000000000000e+01 5.800000000000000000e+01
1.699000000000000000e+03 7.720000000000000000e+02 3.500000000000000000e+01 6.300000000000000000e+01
1.717000000000000000e+03 7.000000000000000000e+02 3.600000000000000000e+01 5.300000000000000000e+01
1.661000000000000000e+03 6.920000000000000000e+02 3.800000000000000000e+01 6.300000000000000000e+01
1.695000000000000000e+03 6.940000000000000000e+02 3.900000000000000000e+01 6.300000000000000000e+01
1.773000000000000000e+03 7.140000000000000000e+02 3.500000000000000000e+01 6.100000000000000000e+01
1.613000000000000000e+03 7.560000000000000000e+02 3.300000000000000000e+01 5.900000000000000000e+01
1.773000000000000000e+03 7.980000000000000000e+02 4.100000000000000000e+01 5.200000000000000000e+01
1.677000000000000000e+03 7.010000000000000000e+02 3.200000000000000000e+01 6.000000000000000000e+01
1.703000000000000000e+03 6.970000000000000000e+02 4.300000000000000000e+01 5.900000000000000000e+01
1.745000000000000000e+03 7.900000000000000000e+02 4.000000000000000000e+01 4.700000000000000000e+01
1.669000000000000000e+03 7.620000000000000000e+02 3.800000000000000000e+01 5.900000000000000000e+01
1.667000000000000000e+03 6.980000000000000000e+02 4.000000000000000000e+01 5.400000000000000000e+01
1.619000000000000000e+03 6.830000000000000000e+02 3.700000000000000000e+01 5.600000000000000000e+01
1.645000000000000000e+03 6.940000000000000000e+02 3.900000000000000000e+01 6.600000000000000000e+01
1.759000000000000000e+03 7.100000000000000000e+02 4.200000000000000000e+01 5.600000000000000000e+01
1.679000000000000000e+03 7.660000000000000000e+02 3.800000000000000000e+01 5.500000000000000000e+01
1.745000000000000000e+03 6.940000000000000000e+02 4.100000000000000000e+01 4.900000000000000000e+01
1.613000000000000000e+03 7.660000000000000000e+02 3.500000000000000000e+01 6.200000000000000000e+01
1.603000000000000000e+03 6.830000000000000000e+02 3.800000000000000000e+01 5.800000000000000000e+01
1.738000000000000000e+03 2.400000000000000000e+02 4.400000000000000000e+01 6.200000000000000000e+01
1.705000000000000000e+03 7.800000000000000000e+02 3.800000000000000000e+01 5.000000000000000000e+01
1.767000000000000000e+03 7.080000000000000000e+02 4.100000000000000000e+01 4.700000000000000000e+01
1.671000000000000000e+03 6.920000000000000000e+02 3.800000000000000000e+01 6.500000000000000000e+01
1.665000000000000000e+03 7.560000000000000000e+02 3.300000000000000000e+01 6.900000000000000000e+01
1.683000000000000000e+03 7.010000000000000000e+02 3.800000000000000000e+01 6.100000000000000000e+01
1.673000000000000000e+03 6.990000000000000000e+02 3.800000000000000000e+01 4.900000000000000000e+01
1.625000000000000000e+03 6.760000000000000000e+02 2.800000000000000000e+01 5.400000000000000000e+01
1.647000000000000000e+03 2.360000000000000000e+02 3.300000000000000000e+01 6.100000000000000000e+01
1.631000000000000000e+03 6.900000000000000000e+02 3.700000000000000000e+01 4.500000000000000000e+01
1.695000000000000000e+03 6.980000000000000000e+02 3.700000000000000000e+01 5.800000000000000000e+01
1.635000000000000000e+03 7.600000000000000000e+02 3.900000000000000000e+01 6.600000000000000000e+01
1.763000000000000000e+03 7.060000000000000000e+02 4.100000000000000000e+01 5.900000000000000000e+01
1.715000000000000000e+03 2.380000000000000000e+02 3.600000000000000000e+01 5.700000000000000000e+01
1.735000000000000000e+03 7.080000000000000000e+02 3.100000000000000000e+01 6.000000000000000000e+01
1.824000000000000000e+03 7.300000000000000000e+02 4.100000000000000000e+01 5.600000000000000000e+01
1.584000000000000000e+03 3.060000000000000000e+02 3.600000000000000000e+01 5.800000000000000000e+01
1.645000000000000000e+03 7.520000000000000000e+02 3.600000000000000000e+01 6.100000000000000000e+01
1.713000000000000000e+03 7.580000000000000000e+02 4.100000000000000000e+01 6.100000000000000000e+01
1.673000000000000000e+03 7.040000000000000000e+02 3.700000000000000000e+01 6.100000000000000000e+01
1.675000000000000000e+03 6.940000000000000000e+02 4.000000000000000000e+01 4.800000000000000000e+01
1.643000000000000000e+03 6.930000000000000000e+02 4.100000000000000000e+01 5.600000000000000000e+01
1.781000000000000000e+03 7.140000000000000000e+02 3.200000000000000000e+01 5.900000000000000000e+01
1.705000000000000000e+03 7.740000000000000000e+02 3.400000000000000000e+01 5.900000000000000000e+01
1.616000000000000000e+03 2.340000000000000000e+02 4.000000000000000000e+01 5.000000000000000000e+01
1.754000000000000000e+03 7.040000000000000000e+02 3.300000000000000000e+01 5.900000000000000000e+01
1.717000000000000000e+03 7.680000000000000000e+02 3.600000000000000000e+01 5.800000000000000000e+01
1.679000000000000000e+03 6.960000000000000000e+02 2.900000000000000000e+01 6.600000000000000000e+01
1.729000000000000000e+03 7.100000000000000000e+02 3.100000000000000000e+01 5.900000000000000000e+01
1.747000000000000000e+03 7.170000000000000000e+02 2.900000000000000000e+01 5.300000000000000000e+01
1.627000000000000000e+03 6.780000000000000000e+02 3.900000000000000000e+01 6.000000000000000000e+01
1.671000000000000000e+03 6.880000000000000000e+02 4.000000000000000000e+01 5.500000000000000000e+01
1.691000000000000000e+03 2.360000000000000000e+02 3.600000000000000000e+01 6.300000000000000000e+01
1.665000000000000000e+03 7.700000000000000000e+02 4.100000000000000000e+01 5.600000000000000000e+01
1.715000000000000000e+03 7.050000000000000000e+02 3.800000000000000000e+01 6.000000000000000000e+01
1.599000000000000000e+03 3.110000000000000000e+02 2.800000000000000000e+01 5.900000000000000000e+01
1.671000000000000000e+03 2.340000000000000000e+02 3.700000000000000000e+01 6.300000000000000000e+01
1.679000000000000000e+03 6.820000000000000000e+02 3.800000000000000000e+01 6.400000000000000000e+01
1.693000000000000000e+03 7.680000000000000000e+02 3.500000000000000000e+01 6.000000000000000000e+01
1.665000000000000000e+03 7.010000000000000000e+02 4.100000000000000000e+01 6.000000000000000000e+01
1.707000000000000000e+03 6.980000000000000000e+02 3.300000000000000000e+01 6.400000000000000000e+01
1.685000000000000000e+03 2.360000000000000000e+02 4.300000000000000000e+01 5.800000000000000000e+01
1.661000000000000000e+03 7.560000000000000000e+02 4.100000000000000000e+01 5.700000000000000000e+01
1.785000000000000000e+03 7.150000000000000000e+02 3.300000000000000000e+01 5.900000000000000000e+01
1.781000000000000000e+03 7.120000000000000000e+02 3.600000000000000000e+01 6.100000000000000000e+01
1.683000000000000000e+03 7.600000000000000000e+02 3.600000000000000000e+01 5.700000000000000000e+01
1.665000000000000000e+03 6.980000000000000000e+02 3.700000000000000000e+01 6.000000000000000000e+01
1.741000000000000000e+03 7.040000000000000000e+02 3.600000000000000000e+01 6.300000000000000000e+01
1.727000000000000000e+03 7.040000000000000000e+02 4.100000000000000000e+01 6.000000000000000000e+01
1.697000000000000000e+03 7.680000000000000000e+02 4.300000000000000000e+01 5.800000000000000000e+01
1.713000000000000000e+03 2.440000000000000000e+02 3.900000000000000000e+01 6.300000000000000000e+01
1.661000000000000000e+03 7.600000000000000000e+02 3.400000000000000000e+01 6.700000000000000000e+01
1.673000000000000000e+03 6.930000000000000000e+02 3.600000000000000000e+01 5.700000000000000000e+01
1.705000000000000000e+03 7.120000000000000000e+02 3.500000000000000000e+01 6.100000000000000000e+01
1.675000000000000000e+03 7.800000000000000000e+02 3.900000000000000000e+01 5.800000000000000000e+01
1.631000000000000000e+03 7.640000000000000000e+02 3.900000000000000000e+01 6.300000000000000000e+01
1.717000000000000000e+03 7.820000000000000000e+02 3.700000000000000000e+01 5.600000000000000000e+01
1.681000000000000000e+03 6.970000000000000000e+02 3.900000000000000000e+01 5.700000000000000000e+01
1.703000000000000000e+03 7.600000000000000000e+02 3.000000000000000000e+01 5.600000000000000000e+01
1.714000000000000000e+03 6.980000000000000000e+02 3.500000000000000000e+01 6.100000000000000000e+01
1.707000000000000000e+03 6.980000000000000000e+02 3.900000000000000000e+01 5.900000000000000000e+01
1.653000000000000000e+03 7.680000000000000000e+02 4.200000000000000000e+01 5.900000000000000000e+01
1.763000000000000000e+03 7.040000000000000000e+02 3.900000000000000000e+01 6.900000000000000000e+01
1.675000000000000000e+03 2.380000000000000000e+02 3.700000000000000000e+01 5.700000000000000000e+01
1.749000000000000000e+03 7.100000000000000000e+02 4.000000000000000000e+01 6.000000000000000000e+01
1.629000000000000000e+03 3.150000000000000000e+02 3.900000000000000000e+01 6.200000000000000000e+01
1.675000000000000000e+03 6.920000000000000000e+02 3.600000000000000000e+01 5.800000000000000000e+01
1.629000000000000000e+03 6.930000000000000000e+02 3.600000000000000000e+01 6.000000000000000000e+01
1.719000000000000000e+03 7.020000000000000000e+02 4.100000000000000000e+01 5.700000000000000000e+01
1.717000000000000000e+03 7.100000000000000000e+02 3.700000000000000000e+01 5.400000000000000000e+01
1.713000000000000000e+03 7.120000000000000000e+02 3.700000000000000000e+01 6.100000000000000000e+01
1.822000000000000000e+03 7.960000000000000000e+02 3.900000000000000000e+01 5.600000000000000000e+01
1.794000000000000000e+03 6.360000000000000000e+02 4.100000000000000000e+01 5.700000000000000000e+01
1.711000000000000000e+03 2.360000000000000000e+02 3.700000000000000000e+01 6.100000000000000000e+01
1.651000000000000000e+03 6.970000000000000000e+02 3.800000000000000000e+01 5.900000000000000000e+01
1.658000000000000000e+03 7.090000000000000000e+02 3.300000000000000000e+01 5.800000000000000000e+01
1.713000000000000000e+03 2.360000000000000000e+02 4.100000000000000000e+01 5.900000000000000000e+01
1.669000000000000000e+03 6.990000000000000000e+02 4.100000000000000000e+01 5.800000000000000000e+01
1.659000000000000000e+03 7.050000000000000000e+02 3.100000000000000000e+01 5.800000000000000000e+01
1.752000000000000000e+03 7.040000000000000000e+02 3.600000000000000000e+01 4.900000000000000000e+01
4.000000000000000000e+03 2.703000000000000000e+03 4.200000000000000000e+01 6.800000000000000000e+01
4.000000000000000000e+03 1.822000000000000000e+03 4.100000000000000000e+01 6.700000000000000000e+01
4.000000000000000000e+03 2.729000000000000000e+03 4.700000000000000000e+01 5.900000000000000000e+01
4.000000000000000000e+03 1.781000000000000000e+03 3.900000000000000000e+01 6.600000000000000000e+01
4.000000000000000000e+03 1.838000000000000000e+03 4.000000000000000000e+01 7.000000000000000000e+01
4.000000000000000000e+03 2.729000000000000000e+03 4.300000000000000000e+01 6.800000000000000000e+01
4.000000000000000000e+03 1.800000000000000000e+03 3.800000000000000000e+01 5.700000000000000000e+01
4.000000000000000000e+03 1.809000000000000000e+03 3.600000000000000000e+01 6.000000000000000000e+01
4.000000000000000000e+03 1.785000000000000000e+03 3.900000000000000000e+01 5.400000000000000000e+01
4.000000000000000000e+03 1.822000000000000000e+03 4.100000000000000000e+01 6.000000000000000000e+01
4.000000000000000000e+03 1.607000000000000000e+03 4.300000000000000000e+01 6.700000000000000000e+01
4.000000000000000000e+03 2.711000000000000000e+03 4.100000000000000000e+01 5.600000000000000000e+01
4.000000000000000000e+03 1.617000000000000000e+03 3.300000000000000000e+01 5.400000000000000000e+01
4.000000000000000000e+03 2.689000000000000000e+03 3.900000000000000000e+01 6.500000000000000000e+01
4.000000000000000000e+03 1.828000000000000000e+03 4.100000000000000000e+01 6.300000000000000000e+01
4.000000000000000000e+03 2.721000000000000000e+03 4.100000000000000000e+01 6.800000000000000000e+01
4.000000000000000000e+03 2.647000000000000000e+03 4.200000000000000000e+01 5.700000000000000000e+01
4.000000000000000000e+03 1.637000000000000000e+03 3.800000000000000000e+01 5.900000000000000000e+01
4.000000000000000000e+03 1.818000000000000000e+03 3.900000000000000000e+01 7.100000000000000000e+01
4.000000000000000000e+03 2.745000000000000000e+03 4.500000000000000000e+01 5.600000000000000000e+01
4.000000000000000000e+03 1.599000000000000000e+03 3.500000000000000000e+01 6.200000000000000000e+01
4.000000000000000000e+03 2.623000000000000000e+03 3.800000000000000000e+01 6.900000000000000000e+01
4.000000000000000000e+03 2.747000000000000000e+03 3.800000000000000000e+01 5.800000000000000000e+01
4.000000000000000000e+03 1.635000000000000000e+03 4.300000000000000000e+01 6.800000000000000000e+01
4.000000000000000000e+03 1.793000000000000000e+03 4.100000000000000000e+01 6.900000000000000000e+01
4.000000000000000000e+03 2.661000000000000000e+03 3.600000000000000000e+01 6.400000000000000000e+01
4.000000000000000000e+03 1.781000000000000000e+03 3.700000000000000000e+01 6.200000000000000000e+01
4.000000000000000000e+03 2.687000000000000000e+03 3.700000000000000000e+01 6.800000000000000000e+01
4.000000000000000000e+03 1.796000000000000000e+03 3.700000000000000000e+01 6.800000000000000000e+01
4.000000000000000000e+03 1.579000000000000000e+03 4.100000000000000000e+01 6.700000000000000000e+01
4.000000000000000000e+03 1.846000000000000000e+03 3.900000000000000000e+01 6.700000000000000000e+01
4.000000000000000000e+03 1.816000000000000000e+03 3.900000000000000000e+01 6.700000000000000000e+01
4.000000000000000000e+03 1.641000000000000000e+03 3.800000000000000000e+01 6.100000000000000000e+01
4.000000000000000000e+03 1.812000000000000000e+03 3.900000000000000000e+01 6.100000000000000000e+01
4.000000000000000000e+03 2.701000000000000000e+03 3.800000000000000000e+01 5.700000000000000000e+01
4.000000000000000000e+03 2.645000000000000000e+03 4.000000000000000000e+01 6.400000000000000000e+01
4.000000000000000000e+03 2.681000000000000000e+03 3.700000000000000000e+01 6.100000000000000000e+01
4.000000000000000000e+03 2.695000000000000000e+03 4.000000000000000000e+01 4.700000000000000000e+01
4.000000000000000000e+03 2.681000000000000000e+03 4.200000000000000000e+01 6.000000000000000000e+01
4.000000000000000000e+03 2.683000000000000000e+03 4.100000000000000000e+01 6.000000000000000000e+01
4.000000000000000000e+03 1.811000000000000000e+03 4.200000000000000000e+01 5.900000000000000000e+01
4.000000000000000000e+03 1.830000000000000000e+03 4.400000000000000000e+01 6.400000000000000000e+01
4.000000000000000000e+03 2.667000000000000000e+03 4.200000000000000000e+01 6.800000000000000000e+01
4.000000000000000000e+03 1.609000000000000000e+03 4.200000000000000000e+01 6.000000000000000000e+01
4.000000000000000000e+03 6.870000000000000000e+02 3.700000000000000000e+01 6.200000000000000000e+01
4.000000000000000000e+03 1.804000000000000000e+03 4.100000000000000000e+01 6.100000000000000000e+01
4.000000000000000000e+03 2.661000000000000000e+03 3.400000000000000000e+01 6.600000000000000000e+01
4.000000000000000000e+03 2.685000000000000000e+03 4.100000000000000000e+01 6.100000000000000000e+01
4.000000000000000000e+03 1.811000000000000000e+03 3.800000000000000000e+01 5.600000000000000000e+01
4.000000000000000000e+03 2.715000000000000000e+03 3.700000000000000000e+01 5.600000000000000000e+01
4.000000000000000000e+03 1.821000000000000000e+03 3.000000000000000000e+01 6.100000000000000000e+01
4.000000000000000000e+03 2.669000000000000000e+03 3.900000000000000000e+01 6.000000000000000000e+01
4.000000000000000000e+03 1.802000000000000000e+03 4.100000000000000000e+01 6.500000000000000000e+01
4.000000000000000000e+03 1.793000000000000000e+03 4.100000000000000000e+01 6.200000000000000000e+01
4.000000000000000000e+03 2.705000000000000000e+03 3.800000000000000000e+01 6.300000000000000000e+01
4.000000000000000000e+03 1.611000000000000000e+03 3.900000000000000000e+01 6.100000000000000000e+01
4.000000000000000000e+03 1.635000000000000000e+03 3.500000000000000000e+01 6.000000000000000000e+01
4.000000000000000000e+03 2.669000000000000000e+03 4.300000000000000000e+01 5.900000000000000000e+01
4.000000000000000000e+03 1.766000000000000000e+03 4.000000000000000000e+01 6.300000000000000000e+01
4.000000000000000000e+03 1.848000000000000000e+03 4.000000000000000000e+01 6.300000000000000000e+01
4.000000000000000000e+03 1.779000000000000000e+03 4.000000000000000000e+01 6.400000000000000000e+01
4.000000000000000000e+03 1.834000000000000000e+03 3.900000000000000000e+01 7.400000000000000000e+01
4.000000000000000000e+03 2.699000000000000000e+03 4.000000000000000000e+01 5.800000000000000000e+01
4.000000000000000000e+03 2.617000000000000000e+03 4.000000000000000000e+01 6.400000000000000000e+01
4.000000000000000000e+03 1.794000000000000000e+03 4.500000000000000000e+01 5.900000000000000000e+01
4.000000000000000000e+03 1.799000000000000000e+03 4.000000000000000000e+01 7.100000000000000000e+01
4.000000000000000000e+03 1.826000000000000000e+03 4.400000000000000000e+01 5.900000000000000000e+01
4.000000000000000000e+03 2.663000000000000000e+03 4.100000000000000000e+01 5.800000000000000000e+01
4.000000000000000000e+03 2.635000000000000000e+03 3.800000000000000000e+01 5.700000000000000000e+01
4.000000000000000000e+03 1.773000000000000000e+03 3.600000000000000000e+01 5.600000000000000000e+01
4.000000000000000000e+03 1.812000000000000000e+03 4.300000000000000000e+01 6.000000000000000000e+01
4.000000000000000000e+03 1.836000000000000000e+03 4.300000000000000000e+01 6.100000000000000000e+01
4.000000000000000000e+03 2.689000000000000000e+03 4.300000000000000000e+01 6.000000000000000000e+01
4.000000000000000000e+03 1.819000000000000000e+03 3.900000000000000000e+01 6.800000000000000000e+01
4.000000000000000000e+03 1.826000000000000000e+03 4.000000000000000000e+01 6.900000000000000000e+01
4.000000000000000000e+03 1.800000000000000000e+03 3.900000000000000000e+01 6.000000000000000000e+01
4.000000000000000000e+03 1.821000000000000000e+03 4.000000000000000000e+01 5.900000000000000000e+01
4.000000000000000000e+03 1.791000000000000000e+03 4.600000000000000000e+01 6.600000000000000000e+01
4.000000000000000000e+03 1.808000000000000000e+03 4.000000000000000000e+01 5.800000000000000000e+01
4.000000000000000000e+03 1.796000000000000000e+03 3.900000000000000000e+01 5.900000000000000000e+01
4.000000000000000000e+03 2.741000000000000000e+03 4.000000000000000000e+01 7.100000000000000000e+01
4.000000000000000000e+03 2.709000000000000000e+03 4.000000000000000000e+01 5.800000000000000000e+01
4.000000000000000000e+03 2.693000000000000000e+03 4.000000000000000000e+01 5.900000000000000000e+01
4.000000000000000000e+03 2.689000000000000000e+03 3.800000000000000000e+01 6.000000000000000000e+01
4.000000000000000000e+03 2.681000000000000000e+03 3.700000000000000000e+01 5.400000000000000000e+01
4.000000000000000000e+03 1.822000000000000000e+03 4.000000000000000000e+01 6.600000000000000000e+01
4.000000000000000000e+03 2.721000000000000000e+03 3.700000000000000000e+01 6.000000000000000000e+01
4.000000000000000000e+03 1.795000000000000000e+03 3.900000000000000000e+01 6.700000000000000000e+01
4.000000000000000000e+03 1.627000000000000000e+03 3.800000000000000000e+01 6.200000000000000000e+01
4.000000000000000000e+03 2.703000000000000000e+03 4.100000000000000000e+01 6.000000000000000000e+01
4.000000000000000000e+03 2.699000000000000000e+03 4.500000000000000000e+01 5.700000000000000000e+01
4.000000000000000000e+03 1.793000000000000000e+03 4.300000000000000000e+01 6.000000000000000000e+01
4.000000000000000000e+03 1.801000000000000000e+03 4.100000000000000000e+01 6.800000000000000000e+01
4.000000000000000000e+03 1.793000000000000000e+03 3.800000000000000000e+01 6.000000000000000000e+01
4.000000000000000000e+03 2.685000000000000000e+03 4.000000000000000000e+01 5.800000000000000000e+01
4.000000000000000000e+03 1.615000000000000000e+03 4.800000000000000000e+01 6.100000000000000000e+01
4.000000000000000000e+03 2.688000000000000000e+03 3.900000000000000000e+01 6.200000000000000000e+01
4.000000000000000000e+03 2.695000000000000000e+03 4.000000000000000000e+01 5.800000000000000000e+01
4.000000000000000000e+03 2.707000000000000000e+03 4.100000000000000000e+01 6.100000000000000000e+01
4.000000000000000000e+03 2.679000000000000000e+03 4.400000000000000000e+01 5.500000000000000000e+01
4.000000000000000000e+03 1.791000000000000000e+03 3.300000000000000000e+01 6.600000000000000000e+01
4.000000000000000000e+03 1.823000000000000000e+03 3.700000000000000000e+01 5.700000000000000000e+01
4.000000000000000000e+03 2.693000000000000000e+03 4.500000000000000000e+01 6.100000000000000000e+01
4.000000000000000000e+03 1.803000000000000000e+03 4.100000000000000000e+01 6.900000000000000000e+01
4.000000000000000000e+03 1.818000000000000000e+03 4.200000000000000000e+01 6.600000000000000000e+01
4.000000000000000000e+03 1.623000000000000000e+03 4.100000000000000000e+01 7.400000000000000000e+01
4.000000000000000000e+03 1.777000000000000000e+03 3.000000000000000000e+01 6.000000000000000000e+01
4.000000000000000000e+03 1.649000000000000000e+03 4.000000000000000000e+01 6.600000000000000000e+01
4.000000000000000000e+03 2.697000000000000000e+03 4.300000000000000000e+01 6.400000000000000000e+01
4.000000000000000000e+03 1.822000000000000000e+03 4.300000000000000000e+01 6.300000000000000000e+01
4.000000000000000000e+03 2.737000000000000000e+03 3.900000000000000000e+01 6.900000000000000000e+01
4.000000000000000000e+03 1.808000000000000000e+03 3.900000000000000000e+01 5.700000000000000000e+01
4.000000000000000000e+03 2.652000000000000000e+03 4.100000000000000000e+01 6.600000000000000000e+01
4.000000000000000000e+03 1.781000000000000000e+03 4.100000000000000000e+01 5.800000000000000000e+01
4.000000000000000000e+03 2.653000000000000000e+03 4.600000000000000000e+01 6.200000000000000000e+01
4.000000000000000000e+03 2.749000000000000000e+03 4.000000000000000000e+01 5.000000000000000000e+01
4.000000000000000000e+03 1.807000000000000000e+03 4.100000000000000000e+01 6.300000000000000000e+01
4.000000000000000000e+03 1.617000000000000000e+03 4.400000000000000000e+01 6.100000000000000000e+01
4.000000000000000000e+03 1.799000000000000000e+03 4.200000000000000000e+01 6.000000000000000000e+01
4.000000000000000000e+03 1.780000000000000000e+03 4.200000000000000000e+01 6.800000000000000000e+01
4.000000000000000000e+03 1.607000000000000000e+03 3.800000000000000000e+01 5.500000000000000000e+01
4.000000000000000000e+03 1.821000000000000000e+03 4.000000000000000000e+01 5.800000000000000000e+01
4.000000000000000000e+03 2.753000000000000000e+03 4.400000000000000000e+01 5.800000000000000000e+01
4.000000000000000000e+03 1.812000000000000000e+03 4.200000000000000000e+01 5.900000000000000000e+01
4.000000000000000000e+03 1.807000000000000000e+03 4.000000000000000000e+01 6.000000000000000000e+01
4.000000000000000000e+03 2.685000000000000000e+03 3.500000000000000000e+01 7.100000000000000000e+01
4.000000000000000000e+03 2.697000000000000000e+03 4.500000000000000000e+01 6.100000000000000000e+01
4.000000000000000000e+03 1.803000000000000000e+03 3.500000000000000000e+01 6.800000000000000000e+01
4.000000000000000000e+03 2.687000000000000000e+03 3.600000000000000000e+01 5.700000000000000000e+01
4.000000000000000000e+03 2.639000000000000000e+03 4.100000000000000000e+01 6.900000000000000000e+01
4.000000000000000000e+03 1.597000000000000000e+03 3.900000000000000000e+01 6.700000000000000000e+01
4.000000000000000000e+03 1.800000000000000000e+03 3.900000000000000000e+01 5.600000000000000000e+01
4.000000000000000000e+03 1.631000000000000000e+03 3.800000000000000000e+01 6.100000000000000000e+01
4.000000000000000000e+03 2.695000000000000000e+03 4.400000000000000000e+01 7.000000000000000000e+01
4.000000000000000000e+03 1.615000000000000000e+03 4.100000000000000000e+01 7.000000000000000000e+01
4.000000000000000000e+03 1.666000000000000000e+03 4.300000000000000000e+01 6.100000000000000000e+01
4.000000000000000000e+03 1.771000000000000000e+03 4.500000000000000000e+01 6.700000000000000000e+01
4.000000000000000000e+03 1.794000000000000000e+03 4.000000000000000000e+01 6.400000000000000000e+01
4.000000000000000000e+03 1.828000000000000000e+03 3.900000000000000000e+01 6.100000000000000000e+01
4.000000000000000000e+03 2.697000000000000000e+03 3.300000000000000000e+01 6.300000000000000000e+01
4.000000000000000000e+03 1.595000000000000000e+03 4.000000000000000000e+01 5.900000000000000000e+01
4.000000000000000000e+03 1.820000000000000000e+03 4.000000000000000000e+01 5.800000000000000000e+01
4.000000000000000000e+03 1.639000000000000000e+03 4.000000000000000000e+01 6.000000000000000000e+01
4.000000000000000000e+03 2.707000000000000000e+03 4.000000000000000000e+01 5.700000000000000000e+01
4.000000000000000000e+03 2.651000000000000000e+03 3.700000000000000000e+01 6.100000000000000000e+01
4.000000000000000000e+03 1.629000000000000000e+03 3.400000000000000000e+01 6.700000000000000000e+01
4.000000000000000000e+03 1.613000000000000000e+03 3.700000000000000000e+01 5.600000000000000000e+01
4.000000000000000000e+03 1.816000000000000000e+03 4.400000000000000000e+01 6.000000000000000000e+01
4.000000000000000000e+03 1.615000000000000000e+03 4.300000000000000000e+01 6.100000000000000000e+01
4.000000000000000000e+03 1.613000000000000000e+03 4.100000000000000000e+01 5.600000000000000000e+01
4.000000000000000000e+03 1.777000000000000000e+03 3.600000000000000000e+01 6.700000000000000000e+01
4.000000000000000000e+03 2.693000000000000000e+03 3.900000000000000000e+01 5.800000000000000000e+01
4.000000000000000000e+03 2.679000000000000000e+03 3.000000000000000000e+01 6.600000000000000000e+01
4.000000000000000000e+03 2.677000000000000000e+03 4.300000000000000000e+01 6.600000000000000000e+01
4.000000000000000000e+03 2.693000000000000000e+03 4.000000000000000000e+01 6.100000000000000000e+01
4.000000000000000000e+03 1.781000000000000000e+03 4.200000000000000000e+01 6.000000000000000000e+01
4.000000000000000000e+03 2.669000000000000000e+03 4.200000000000000000e+01 5.800000000000000000e+01
4.000000000000000000e+03 1.812000000000000000e+03 4.400000000000000000e+01 6.800000000000000000e+01
4.000000000000000000e+03 2.696000000000000000e+03 4.100000000000000000e+01 6.800000000000000000e+01
4.000000000000000000e+03 1.812000000000000000e+03 4.100000000000000000e+01 6.000000000000000000e+01
4.000000000000000000e+03 1.601000000000000000e+03 3.800000000000000000e+01 5.900000000000000000e+01
4.000000000000000000e+03 2.651000000000000000e+03 3.800000000000000000e+01 5.600000000000000000e+01
4.000000000000000000e+03 1.811000000000000000e+03 3.900000000000000000e+01 5.900000000000000000e+01
4.000000000000000000e+03 1.633000000000000000e+03 4.300000000000000000e+01 6.500000000000000000e+01
4.000000000000000000e+03 2.757000000000000000e+03 4.200000000000000000e+01 6.900000000000000000e+01
4.000000000000000000e+03 2.665000000000000000e+03 4.300000000000000000e+01 5.600000000000000000e+01
4.000000000000000000e+03 1.810000000000000000e+03 3.900000000000000000e+01 6.200000000000000000e+01
4.000000000000000000e+03 2.703000000000000000e+03 4.000000000000000000e+01 6.100000000000000000e+01
4.000000000000000000e+03 2.721000000000000000e+03 3.900000000000000000e+01 5.800000000000000000e+01
4.000000000000000000e+03 2.669000000000000000e+03 4.000000000000000000e+01 6.000000000000000000e+01
4.000000000000000000e+03 2.713000000000000000e+03 3.800000000000000000e+01 5.900000000000000000e+01
4.000000000000000000e+03 1.804000000000000000e+03 4.200000000000000000e+01 5.900000000000000000e+01
4.000000000000000000e+03 1.815000000000000000e+03 4.000000000000000000e+01 5.800000000000000000e+01
4.000000000000000000e+03 2.731000000000000000e+03 4.000000000000000000e+01 6.600000000000000000e+01
4.000000000000000000e+03 1.823000000000000000e+03 4.100000000000000000e+01 6.300000000000000000e+01
4.000000000000000000e+03 1.800000000000000000e+03 3.900000000000000000e+01 5.900000000000000000e+01
4.000000000000000000e+03 2.697000000000000000e+03 4.000000000000000000e+01 7.000000000000000000e+01
4.000000000000000000e+03 1.824000000000000000e+03 4.000000000000000000e+01 5.900000000000000000e+01
4.000000000000000000e+03 2.699000000000000000e+03 3.900000000000000000e+01 6.600000000000000000e+01
4.000000000000000000e+03 2.707000000000000000e+03 3.700000000000000000e+01 5.900000000000000000e+01
4.000000000000000000e+03 2.695000000000000000e+03 3.900000000000000000e+01 6.100000000000000000e+01
4.000000000000000000e+03 1.796000000000000000e+03 4.400000000000000000e+01 6.900000000000000000e+01
4.000000000000000000e+03 1.623000000000000000e+03 4.000000000000000000e+01 5.800000000000000000e+01
4.000000000000000000e+03 2.703000000000000000e+03 4.400000000000000000e+01 7.000000000000000000e+01
4.000000000000000000e+03 1.629000000000000000e+03 3.800000000000000000e+01 5.900000000000000000e+01
4.000000000000000000e+03 1.785000000000000000e+03 4.400000000000000000e+01 7.000000000000000000e+01
4.000000000000000000e+03 2.690000000000000000e+03 4.100000000000000000e+01 6.000000000000000000e+01
4.000000000000000000e+03 2.653000000000000000e+03 3.600000000000000000e+01 5.600000000000000000e+01
4.000000000000000000e+03 2.679000000000000000e+03 3.900000000000000000e+01 6.700000000000000000e+01
4.000000000000000000e+03 1.621000000000000000e+03 4.000000000000000000e+01 5.100000000000000000e+01
4.000000000000000000e+03 1.852000000000000000e+03 4.000000000000000000e+01 7.000000000000000000e+01
4.000000000000000000e+03 1.641000000000000000e+03 3.700000000000000000e+01 6.400000000000000000e+01
4.000000000000000000e+03 1.655000000000000000e+03 3.900000000000000000e+01 6.500000000000000000e+01
4.000000000000000000e+03 1.837000000000000000e+03 4.200000000000000000e+01 5.900000000000000000e+01
4.000000000000000000e+03 1.806000000000000000e+03 4.400000000000000000e+01 7.000000000000000000e+01
4.000000000000000000e+03 1.833000000000000000e+03 4.300000000000000000e+01 5.400000000000000000e+01
4.000000000000000000e+03 2.689000000000000000e+03 3.700000000000000000e+01 6.800000000000000000e+01
4.000000000000000000e+03 1.818000000000000000e+03 4.600000000000000000e+01 5.700000000000000000e+01
4.000000000000000000e+03 1.818000000000000000e+03 4.200000000000000000e+01 7.200000000000000000e+01
4.000000000000000000e+03 1.609000000000000000e+03 4.000000000000000000e+01 6.000000000000000000e+01
