-1.336146080973031580e+01 -7.768805507131846255e+00 8.645249464020912100e+00 -6.138984201984280631e+00 2.090575235232495288e+01 3.116013844623609863e+00 5.111665799386608811e+00 -2.839452082778016972e+01 -1.295225640355395491e+01 1.075553443785804975e+00 1.218706739287219776e+01 -2.233533975499909285e+00 -3.068741993501459930e+01 -7.881498844328087561e-01 -5.070755259014040561e+00 2.443430176279028743e+01 -3.026587824446744079e+01 -2.720881991054518068e+01 -1.968620210150436023e+01 1.727537324702894495e+01 1.160404130071466611e+01 1.234797317418569840e+01 5.719096599024835470e+00 5.486132281734478866e+00 -2.935676579357931359e+01 -6.207606312361022560e+00 2.651009230009818296e+01 1.740169676664832910e+00 2.866766776019253449e+00 -1.519887312320765815e+01 8.658601965386328203e+00 -1.024463351922009657e+01 -1.051120411491975126e+01 3.856214339516774459e+01 -1.305777658990901280e+01 2.351693869355069921e+01 -1.988281515648134379e+00 -4.211679984152317147e+00 3.138812624874959667e+01 -2.548656999333584494e+01 -4.649996516385056289e+00 2.361544226656772949e+01 -3.786391113697343602e+00 1.957867872972295586e+01 5.450359053058604353e+00 -1.812326341957835041e+01 -4.276357019431781481e+00 -1.342502376945361853e+01 2.683348170905231456e+01 -5.081511256635790730e+00 -2.452164479765035310e+01 -2.455671072883258788e+01 5.266561280210143359e+00 -1.901251089027858043e+01 1.581735375767796725e+01 -2.616524285146892481e+01 -1.288869599914543507e+01 -4.186503197591826542e+00 -1.588966729559779445e+01 1.416194116943881731e+01 -4.354336236680112826e+00 4.217318962162834417e+00 -6.246832887639399701e+00 -1.317004352100066100e+01 2.329567523259625972e+01 3.718384618934039931e+00 2.969691898360472493e+01 -7.047691742743269039e+00 -1.216268074989474002e+01 1.972090971918761682e+01 -2.013946466151015002e+01 1.959326329133654454e+01 1.883480317068561405e+01 -1.371665531927850346e+01 -1.518220959490711675e+00 6.571947140752243399e+00 2.002988102442467877e+01 7.809352305841660957e+00 1.751273954455635007e+01 -3.372072553871904432e+01 -6.259690259696770731e+00 -7.425340433015995778e+00 5.328135240875353951e+00 -1.383948906034076565e+01 -2.841380267429804007e+01 1.464039977914290702e+01 2.804926969601760334e+01 -3.192114825459328031e+01 5.545997744289874021e+00 -1.220898913135195940e+01 4.725307714829781069e+00 6.024798940499609401e+00 -6.819742166704696906e+00 4.271746781947902249e+00 -3.352381259722312734e+01 -6.385936578492461102e+00 -1.917164530640917519e+01 1.312566202120773617e+01 1.888704866777966629e+01 -1.494243619928064071e+01
-3.887462025709132463e-01 -1.754964900336109801e-01 -7.968893002089525446e-01 4.872208662255093081e-01 -3.774201828541575710e-01 -2.350253994492521314e-01 -4.989290698962470794e-01 1.685137639483634819e-01 1.719538696731491567e-01 -3.829142957786066392e-01 8.641607062116796190e-01 -4.389666483599872215e-01 5.976283119918707892e-02 3.037086980399492653e-01 8.896103533108157269e-02 6.938897026542164559e-01 2.701095803091309033e-01 1.958273330940837609e-01 8.766776448269453237e-01 5.594537486375091712e-02 -6.034517687966107768e-01 -7.394616106044370196e-02 -2.041575492933197025e-02 -4.388330536542262017e-01 4.570137217591733747e-01 -3.661614199079706033e-02 -4.485170517926525546e-01 3.754896343725069308e-01 -4.874889315555895331e-01 -4.192581721852456922e-01 -3.960096633294159507e-01 -1.208417730797462231e-01 3.069859791162750096e-01 7.800982182742064452e-01 -6.834640160442015389e-02 -1.433631671281635211e-01 -1.075057559020271336e+00 -2.672689501204429385e-01 -4.322592975811163085e-01 7.864965446320276721e-01 2.831269053792088708e-01 -1.416055265255151685e+00 3.735930873387263706e-01 -2.373452168321296685e-01 -2.369442468272950353e-01 -2.809919613341729239e-01 1.162434334663386526e+00 -5.759663193253281577e-01 8.380308801114952910e-01 -7.958312728371462752e-01 8.097841156375087945e-03 -6.445752432015934286e-01 -4.796780128636967677e-01 5.480530104501794009e-01 1.434129876830478878e+00 -2.559423942541669827e-01 -2.254560460053765814e-01 -2.607008590390448854e-01 -9.117313015724017866e-01 4.937798949995263476e-01 -2.353384621828732703e-01 6.483649156473177966e-01 5.132782838238084677e-01 -5.197101312957540242e-02 -9.711047123166894890e-01 5.314041814710377398e-01 1.130748556879574845e-01 3.273036136267551965e-01 6.150746913149228723e-01 -3.470276580702260638e-01 -1.253212401684330235e+00 -5.597981369734359586e-02 9.506690927924500711e-02 3.674662590318060751e-01 -1.415834999786260151e-01 6.428149671330798398e-01 -2.695888220226476117e-01 3.553809643027578402e-01 6.432224707895441984e-01 -2.756910409548627428e-01 -1.925349246112332269e-01 -7.475945426686253503e-02 1.357907266914492705e+00 5.715839834884575144e-01 -1.872571579431177857e-01 4.822398807194663295e-01 1.072671656093199810e-01 -1.266139404552062975e-01 9.230819607071870658e-01 3.645005849440032808e-01 3.226249057249793717e-01 6.747629175103387889e-01 4.007324723065134320e-01 -1.275937069331128715e+00 -2.410973067886761634e-01 9.889412192220011777e-01 -5.284896056500477668e-01 8.363350190749715418e-01 -3.065050987156068274e-01 -5.702672530119297090e-01
-1.245296213805358221e+01 -6.652958421940067701e+00 -8.729724779579509653e-01 2.397411863841047985e+00 1.465083115808442926e+01 5.093863051971021072e+00 6.023173207446808064e+00 -1.927919967347735763e+01 -1.474457840327395886e+01 -5.750179170556924957e-01 3.441137847055504295e+00 -1.810423884270941031e+00 -1.903982418938684873e+01 -4.184161239393521248e-01 -1.381577429236616084e+00 1.404783391337628551e+01 -2.168804591449135799e+01 -1.961480957738028508e+01 -2.254225797212618332e+01 1.373951565666132879e+01 6.787918392904657594e+00 6.141316575639968356e+00 3.229344152891425512e+00 5.824199262300728819e+00 -2.061102828397372022e+01 -5.493722971195721172e+00 1.826598807780620248e+01 1.270304993691063089e+00 8.575667046914402514e-01 -1.043189937099646869e+01 5.904940127891397772e+00 -5.324340168794226891e+00 -8.736720821697870676e+00 2.659315601373906190e+01 -6.439747717027004548e+00 1.715744147473383308e+01 -4.304192308279144008e+00 -4.864336483153629764e+00 2.519891704248270159e+01 -1.830694759259959881e+01 -5.857199804193355952e+00 1.986770577821638284e+01 -5.562947604291883508e+00 1.163455684502556942e+01 4.164775176240128829e+00 -1.666181092990322554e+01 1.600173745350691235e+00 -7.127656388900541984e+00 1.375579615270343936e+01 -1.539944000288834491e+00 -1.724500545650982630e+01 -2.482585780246977691e+01 6.041803683857308371e+00 -8.216476113144148385e+00 1.149792379312991386e+01 -1.588715337497285240e+01 -7.274189113666639450e+00 -5.430972025034400019e+00 -1.576177833377881932e+01 1.820608024690176308e+01 -7.479775543704362484e+00 6.145107130081197688e+00 1.703392315058547046e+00 -1.028243970426674103e+01 1.932514587225475111e+01 -5.479340308904067092e-01 2.543841605788309579e+01 -6.640754298014867274e+00 -9.279285366400079837e+00 1.057935710412677999e+01 -9.938550032771892973e+00 1.979253441830383764e+01 1.432667019250577845e+01 -1.464575167243403619e+01 -1.731732426985396422e+00 7.173790862108552879e+00 1.689837667573297963e+01 7.578700881255662658e+00 7.744501734702651241e+00 -2.089040868483678892e+01 -6.508590598007489625e+00 -9.454034251712529979e+00 1.174192027862665988e+01 -8.056864804892921228e+00 -1.728820379766267834e+01 2.611365014712367483e+00 2.231842554845686877e+01 -2.523493465981712092e+01 1.090967252944967392e+01 -1.174150360773336033e+01 -1.927788834413675656e-01 1.664027320214946482e+00 -4.733217104795594210e+00 2.215073285978437223e+00 -2.679530000701335268e+01 -1.025829778791501390e+01 -1.485452307894097324e+01 1.064358586538809526e+01 1.178588926948168591e+01 -1.410207923797081087e+01
-3.703421211517484712e-01 -2.484314925703367052e-02 -6.564528481242631885e-01 5.167848231401486192e-01 -2.734224483227014613e-01 2.660932497698621085e-02 -5.352078613779915894e-01 1.858776293332307095e-01 4.899268784945641775e-01 -1.612004835151799043e-01 6.357040511029322660e-01 -3.155341553208473315e-01 2.338260048346597897e-01 4.349902997246029440e-02 1.408181068163043559e-01 4.941384710207279984e-01 3.948060295773497819e-01 2.277658024928421732e-01 8.109457612066410803e-01 6.528497766794644219e-02 -3.554521080750449591e-01 -6.791999908757542781e-02 -1.390449806337951399e-01 -2.979884103929746671e-03 4.859148670922017743e-01 -8.355656341553548139e-02 -5.518932453783391701e-01 1.575053726421844214e-01 -2.860823737277870538e-01 -3.846693948474352309e-01 -3.200146266043690790e-02 -1.286349633634023271e-01 1.121223402186954932e-01 6.311039010314549724e-01 -1.099010746192717047e-01 -1.067107817110533458e-01 -8.525955689760736922e-01 -2.548536260310518831e-01 -3.773653253379636308e-01 7.514940115607280369e-01 1.687747284346400312e-01 -1.187871753936863506e+00 3.344043512560315734e-01 -5.947830382574495478e-02 -2.083446655874383047e-01 -2.990392364416346593e-01 1.138029514639819162e+00 -3.306152705318757268e-01 4.775516501863923957e-01 -6.778131619583290801e-01 1.374768369944037449e-01 -6.177044245852623128e-01 -3.332900182430706959e-01 2.143581744217116780e-01 1.116524540106480501e+00 -8.940026577429005528e-02 -1.157544927291902226e-01 -5.240204030875886265e-02 -7.713411929167224290e-01 5.712329656190711091e-01 -7.954712124547060059e-02 5.151172915896454763e-01 5.991021648176979575e-01 -1.547355985519389965e-01 -5.202863223822612460e-01 5.241894785588564476e-01 8.953407728615025984e-02 3.381637357400937294e-01 5.826250608480677551e-01 -5.435530902142839127e-02 -1.054801302347165626e+00 1.015104640036054995e-01 2.507428372838891306e-01 4.968296573764232615e-01 3.646927591904802063e-02 7.280299236358738213e-01 6.206328885270283313e-02 1.982097519515906292e-01 3.707867184828294582e-01 -2.994278749354039593e-01 -4.309832743617653117e-01 -7.902273060691400453e-02 1.226486689998007362e+00 4.679851756060041112e-01 -7.523886590492752380e-02 3.146844918910258748e-01 8.360702745439092809e-02 -1.356732752752863591e-01 6.574510448852316502e-01 2.634870421992634992e-01 2.145159015853930207e-01 6.274013988738739167e-01 5.096414186296406301e-01 -9.724994874333762196e-01 -2.650675922764889059e-01 7.896092912364696126e-01 -3.888312659571190322e-01 7.250802446098482124e-01 -1.222193104835483934e-01 -4.186115918779413914e-01
-2.016104264006981062e+00 -7.613134571656250404e-01 -1.127580002247612567e+00 1.245982732196613263e+00 1.117377359557314653e+00 -3.454314800195290580e-02 4.436918153790367358e-01 -1.077372174574131314e-01 -4.295560233075840784e-01 -1.126044661703171856e+00 -3.398252792524242838e-01 -1.991118083956446849e-01 4.242784238734050029e-02 -6.744728329209962459e-01 2.685300328814651527e-01 1.583173211366681876e+00 -2.066999314455559400e+00 -7.075752130336929735e-01 -1.496900809308526314e+00 1.139576419113893513e+00 5.682512278268210260e-01 -4.140105575630864676e-01 9.279117008863632110e-01 9.433092069778739042e-01 -3.057903068283478465e-01 -9.607594315799315721e-02 1.557491668459469070e+00 1.568343979748956007e+00 -5.951329080851838205e-01 4.104512956470440788e-01 6.720783634669753592e-01 -1.411555912050881934e-01 -2.498593797666549821e-01 2.142394647158091026e+00 3.472314500435244589e-02 2.553106441127669157e+00 -1.550317226315437225e+00 -2.336844136031554775e-01 9.972524197483951802e-01 -4.201627568600609375e-01 -1.246812777537589678e+00 1.922908536706991259e-02 3.841564893600616926e-01 -1.867432976186870763e-01 -7.549425313135697813e-02 -1.661778530479497196e+00 2.210743825539431828e+00 -1.040006929716240203e+00 8.873114704105712347e-01 -8.071139273051551877e-01 -2.199541171315824606e+00 -4.222958961041975989e+00 3.313291271091116652e-01 1.603596609324955680e-01 1.813451410100874073e+00 -1.265881793939206856e+00 -6.991723564706021632e-01 -9.794205413582992570e-01 -1.630590715613045916e+00 2.372111218809261679e+00 -1.389898281332201391e+00 3.188133202451501336e-01 1.440959900998519450e+00 2.869774148804291047e-01 1.158094059008064614e-01 6.527796218042057896e-01 2.621738049156586925e+00 1.316933451999808602e+00 -4.706995438226482253e-01 2.664217022921889222e-01 -2.159673468455672651e+00 2.072927837946074270e+00 1.497627079075977585e+00 -1.812597359030005517e+00 -3.671797263944652778e-01 1.462574369597590351e+00 6.574414768251721775e-01 5.647708299197667231e-02 2.252138637868420779e-01 -5.602383714167110673e-01 -7.815136330239617068e-01 -7.087477840290115072e-01 2.548825561893893976e+00 1.238114527715813207e+00 -3.111106940229568796e-01 9.114571000824196467e-01 2.064595586997956200e+00 -2.587788746632538217e+00 2.307881339699759948e+00 -3.337895411725840811e-01 5.128226315173032290e-01 3.824561758026406855e-01 -1.442091642013995298e-02 -8.756384763778191083e-01 -1.331598133512633009e+00 -7.289723954927967986e-01 -1.240390282480778872e+00 8.164943435257798754e-01 -3.566246846586316188e-01 -1.721098112398868896e+00
-3.724319887178344501e-01 -2.990483971693710941e-02 -6.657001131720918785e-01 5.219233384953297916e-01 -2.801916462269671837e-01 1.791674841336472757e-02 -5.367251425121272179e-01 1.837887106114805547e-01 4.853613496326970034e-01 -1.688074455606386470e-01 6.486468052226376235e-01 -3.168545612989518978e-01 2.359202326228879154e-01 5.045124217600466948e-02 1.428077741761053787e-01 5.066981830341835691e-01 3.931286756629194246e-01 2.230775298546489871e-01 8.178751612717338748e-01 6.582366643344918222e-02 -3.647070496366999759e-01 -6.916671577132083026e-02 -1.334108490325380258e-01 -1.333702737287905359e-02 4.858034381588028361e-01 -8.527276158946958673e-02 -5.522017004771335724e-01 1.651952801343099797e-01 -2.898716370380757246e-01 -3.833195726198232456e-01 -4.418145179705119246e-02 -1.347118804295607264e-01 1.126640866882523823e-01 6.399707880302898388e-01 -1.096890875230063372e-01 -1.051730872077528550e-01 -8.608754263255756767e-01 -2.650629847426181351e-01 -3.785214155015852455e-01 7.577084062310955881e-01 1.774813971373057353e-01 -1.209226144783433821e+00 3.384757626301475031e-01 -6.909290927341142641e-02 -2.149927563075566261e-01 -2.989628664890057186e-01 1.152190724537541344e+00 -3.449645357672104784e-01 4.905469653347563908e-01 -6.887064276180038247e-01 1.372887735984628377e-01 -6.244715781431516843e-01 -3.289266296157641878e-01 2.225604242648059616e-01 1.129491869833253892e+00 -9.362155759478486827e-02 -1.166975639207941534e-01 -5.820356757270839232e-02 -7.859592109319674114e-01 5.707647887844032875e-01 -8.573900500262776614e-02 5.228269612954005163e-01 6.069581766944928125e-01 -1.496738719420513675e-01 -5.409773226157195136e-01 5.226644725846451012e-01 9.085002619758662801e-02 3.371358331795484831e-01 5.865410461408617770e-01 -6.222894504562528906e-02 -1.071164270684408670e+00 1.067552912365069689e-01 2.454037996053801962e-01 4.940174434429891459e-01 3.359617289578429450e-02 7.326566135514791522e-01 5.315758203309443874e-02 2.037735515477291370e-01 3.798595634512210717e-01 -3.024242723427185697e-01 -4.288193645213762006e-01 -7.230510571762474581e-02 1.235091186850982403e+00 4.727160921406919347e-01 -7.254573818026528731e-02 3.282858500118414624e-01 8.171821467187724564e-02 -1.342363412660226019e-01 6.720712915018614009e-01 2.623864982979121629e-01 2.215850243632590255e-01 6.300962858297758373e-01 5.130007088155668082e-01 -9.857000264283261037e-01 -2.642247594267205790e-01 7.984253790051730748e-01 -3.862491144573813040e-01 7.359272471646415292e-01 -1.239741550443887591e-01 -4.285010766859163045e-01
-1.290624307208314292e+01 -7.392344464653994862e+00 2.335876412626873844e+00 -4.239510435513412778e-01 1.711045483545719392e+01 4.135199329151392433e+00 6.036758695820406473e+00 -2.339847130926055030e+01 -1.495126843197101785e+01 -3.737601657805504195e-03 7.022873883037798137e+00 -1.494625484279781480e+00 -2.379384183548389231e+01 -6.894523977913995932e-03 -2.695637795626783628e+00 1.747544267959660402e+01 -2.487968898682752439e+01 -2.248259616891421331e+01 -2.256023253854103672e+01 1.520789090145113853e+01 8.501590433232212973e+00 8.581543053037504976e+00 3.536983445759489975e+00 5.769230036719762644e+00 -2.434594748061502401e+01 -5.892653476485460118e+00 2.175824838983814757e+01 8.808774494116914378e-01 1.494779863399554820e+00 -1.296984335001475053e+01 6.839021898362872776e+00 -7.268337512284503532e+00 -9.604005937494589418e+00 3.157224310533809941e+01 -8.814902129812121956e+00 1.900361833473190387e+01 -3.510514832629251902e+00 -5.277466826425108337e+00 2.781391399642568629e+01 -2.157365912781724759e+01 -4.933230266850167745e+00 2.213967951864296069e+01 -5.017481406710886382e+00 1.431873379231578447e+01 4.795292780770348706e+00 -1.796322529855602923e+01 -6.779993523368151864e-01 -9.439935158717688068e+00 1.862418745927353569e+01 -3.029691306427531927e+00 -2.011760859717350058e+01 -2.533725377269702506e+01 5.971438303593646246e+00 -1.216874666444903497e+01 1.327590151438361943e+01 -2.007458427853174143e+01 -9.943530414194178491e+00 -5.034909307175417403e+00 -1.669654041605083705e+01 1.750212563333890969e+01 -6.565955853444274126e+00 6.250980002271600000e+00 -8.498159188168611378e-01 -1.179179379132302330e+01 2.129149630714404751e+01 9.930528642387479454e-01 2.731015539733546049e+01 -7.668689661634650712e+00 -1.047621423052993350e+01 1.387698199361740592e+01 -1.337965075715688990e+01 2.044667542960202411e+01 1.643530536499586248e+01 -1.469391372093945058e+01 -1.958023381160772347e+00 7.163434700287616863e+00 1.856841267033302501e+01 8.342453043614819208e+00 1.097221811716893392e+01 -2.610445796690100906e+01 -6.472838643892687038e+00 -9.400667575370995621e+00 9.918692358053762703e+00 -1.029695197931119566e+01 -2.155209423455310258e+01 6.661472475177096619e+00 2.511668769737480389e+01 -2.817176025191780653e+01 9.111331514912592411e+00 -1.227456509565831411e+01 8.959471040236097750e-01 3.015532825826636287e+00 -5.371856028024943441e+00 2.993594297359339240e+00 -2.992018535939442359e+01 -8.892677507384856739e+00 -1.663443518888644945e+01 1.194617057475626432e+01 1.468294409925352362e+01 -1.501385976609526196e+01
-3.056558340319963651e-01 1.047649088306974730e-02 -6.352564404194621650e-01 4.879230650306559114e-01 -3.240173861026507951e-01 4.450873783502619363e-02 -5.676395322819470790e-01 1.924379205752611288e-01 5.185002599002492829e-01 -1.090098063330314920e-01 6.706968841072687981e-01 -3.231131980393966430e-01 2.341250465476519826e-01 6.070318703775349350e-02 1.330071141433695203e-01 4.483093894865106122e-01 5.007083408544027447e-01 2.559574226519390483e-01 8.966561693542520750e-01 2.359028049414148981e-02 -3.890983221650008428e-01 -5.622472409274417715e-02 -1.835074588377660354e-01 -3.658379668082174102e-02 5.171042167413959501e-01 -8.992709000905194094e-02 -6.448266139890764803e-01 9.438307603258733192e-02 -2.693309030417548877e-01 -4.286280152613866079e-01 -5.422240881679276508e-02 -1.237927598548871772e-01 1.255086075042185778e-01 5.710359845014021385e-01 -1.116172850082906565e-01 -2.210341334826537441e-01 -8.184503287745580336e-01 -2.519570108722979929e-01 -4.190418629842250775e-01 7.925176559035593815e-01 2.195714324024384545e-01 -1.223253096563644116e+00 3.143633361715338359e-01 -4.271859181156285185e-02 -2.098819534733015746e-01 -2.441753907439897231e-01 1.086259764015946816e+00 -2.913554531689344085e-01 4.527000346265629971e-01 -6.594703079661876632e-01 2.409153781475802947e-01 -4.648379893964087461e-01 -3.618351909259951427e-01 2.160161959352545902e-01 1.076572400572326282e+00 -3.867822773008567500e-02 -8.252510529181322774e-02 -1.695781244491192941e-02 -7.310441376509035916e-01 5.008235906862451570e-01 -1.572059577235620023e-02 5.186462430410406776e-01 5.618167736619354979e-01 -1.882140883103601836e-01 -5.308030814179962587e-01 5.134189664676480636e-01 -9.873208912119188843e-03 2.924452330519843879e-01 6.282753131863949569e-01 -5.838334147589490514e-02 -1.003285883614785989e+00 1.816588944919842255e-02 2.065107330430082655e-01 5.969774141338390905e-01 4.964597313945619955e-02 7.009208470977066341e-01 5.304622395901991555e-02 2.118766369583641451e-01 3.786213325421551867e-01 -2.943384634034055813e-01 -4.281632243754648903e-01 -5.797762041541565381e-02 1.160286044771064340e+00 4.189301576648435943e-01 -7.475052514231043943e-02 2.814779925092345536e-01 2.324745448845553196e-03 -3.516251772579066098e-02 5.880221551799909019e-01 2.832197427346203611e-01 2.057219910149950259e-01 6.334754694985719192e-01 5.270340592633014909e-01 -9.700256597406876624e-01 -2.341828089528786294e-01 8.453576878248234561e-01 -3.613697587648493359e-01 7.226846331238879761e-01 -1.036961008970216508e-01 -3.657724543088073377e-01
-5.737528358636319048e-01 -1.620344219138970254e-01 -7.438030739384358103e-01 5.988030069847338765e-01 -1.279746127053388860e-01 -7.042422350153013100e-02 -4.205658160090504083e-01 1.588988600470742085e-01 3.384274174296867943e-01 -3.613623766490056122e-01 5.623134858768816802e-01 -3.136660622901356610e-01 1.958808097100502854e-01 3.043125757262560641e-02 1.513789064477533697e-01 6.732660291164100919e-01 3.265785053498462126e-02 1.325024653450206369e-01 5.369347806879544160e-01 1.973585943170378110e-01 -2.888393832984276766e-01 -1.054172676606219966e-01 2.046372958143032744e-02 2.840693815306441841e-02 3.753543908478099711e-01 -5.486615061209172001e-02 -2.427237125412718410e-01 3.935600887601100606e-01 -3.752458027495581550e-01 -2.512912659949330663e-01 -2.035529773794552202e-02 -1.393989676550262680e-01 9.671242863875566254e-02 8.424879304573922312e-01 -9.941072775063111711e-02 2.449901019011940795e-01 -9.928167265604583847e-01 -2.652611854340968245e-01 -2.488965310091963423e-01 6.226564493039572490e-01 2.870156706467926269e-02 -1.104892648330017879e+00 4.053439102159561158e-01 -1.345619288376826983e-01 -2.044281574889822151e-01 -4.676372266245892306e-01 1.301835656563410382e+00 -4.833454453719763788e-01 6.112578268453020547e-01 -7.510031569966145737e-01 -2.061864857465837142e-01 -1.101545164783038766e+00 -2.669334639068443593e-01 2.672649979788214170e-01 1.287532109215128839e+00 -2.757397886726441483e-01 -2.341925178816521846e-01 -1.946311938369941208e-01 -9.168865019421631457e-01 7.775449107459353471e-01 -3.050342704780503733e-01 5.255677461889738389e-01 6.935532466911211724e-01 -3.323284014191246055e-02 -5.579908416783339042e-01 5.561226189427920241e-01 4.111651070464506508e-01 4.745715968847000754e-01 4.405123564299545658e-01 -8.854353457231180224e-02 -1.246223411120475522e+00 3.366940685926731458e-01 3.653787108717970744e-01 1.562598478487700338e-01 -3.484539129151378173e-02 7.906079113660157143e-01 3.953981200934899437e-02 1.776153650031192244e-01 3.903471402584365868e-01 -3.089048385265192875e-01 -3.991035658882416404e-01 -1.469281548705977103e-01 1.448458926751524656e+00 6.363182649193954710e-01 -9.471006554744849926e-02 4.454875278540517125e-01 3.421622746508783952e-01 -4.536182969169013091e-01 9.142638097185427082e-01 2.155279647719040015e-01 2.583846498192559071e-01 6.113882287222237588e-01 4.299858481346048311e-01 -1.019992699709263206e+00 -3.583428292920444735e-01 6.381485421742907338e-01 -5.010434046887697335e-01 7.499864975138214040e-01 -2.066319383265482756e-01 -6.122083129586367578e-01
-4.106857379411375519e-01 -6.581643266756158350e-02 -6.849218815882813782e-01 5.298517350198731490e-01 -2.537526885577517377e-01 -1.640543748689983483e-02 -5.106202612958740117e-01 1.790500159284053872e-01 4.359056855544022890e-01 -2.224654659639113130e-01 6.401920167132456596e-01 -3.243521981556142242e-01 2.137159405888535701e-01 6.391067683541618027e-02 1.378443237746858618e-01 5.472535557947021401e-01 3.078107858163013355e-01 2.079346185408012804e-01 7.584214824100085073e-01 9.119322751238299885e-02 -3.616797054032657721e-01 -7.434270794488634371e-02 -9.842801270228812571e-02 -3.125198846151891474e-02 4.586593892199494205e-01 -7.165167042456722923e-02 -4.790248770349695429e-01 2.237728770668483136e-01 -3.213893674089760011e-01 -3.558000310084724060e-01 -5.925282014582053391e-02 -1.313759136244210257e-01 1.210780384451669994e-01 6.844793378319367072e-01 -1.075546340100663328e-01 -3.564162640844065200e-02 -8.985042415765952528e-01 -2.598760300486879227e-01 -3.582971641867837564e-01 7.292033291732114009e-01 1.515989769917832075e-01 -1.190860905528595248e+00 3.578044450881713301e-01 -8.980080704192404395e-02 -2.105827249710170157e-01 -3.313539037599729786e-01 1.175633155143489983e+00 -3.810910224424874926e-01 5.334924447892814836e-01 -7.047738078460545896e-01 5.699421827956629300e-02 -7.201165350619583849e-01 -3.293588304228334263e-01 2.507466659974293965e-01 1.177164368283890594e+00 -1.405482504861341186e-01 -1.506414095530401454e-01 -9.558444275950399305e-02 -8.129698239244829150e-01 6.052569244106987822e-01 -1.408990593284681347e-01 5.295315327324010557e-01 6.112248248581297894e-01 -1.178877334206053368e-01 -5.650355053622082568e-01 5.317777509733907504e-01 1.564642565435261368e-01 3.639983442581740669e-01 5.540744324690604072e-01 -8.521812175589475735e-02 -1.109227959472408598e+00 1.389548674446574039e-01 2.598631760820401260e-01 4.151963148185291996e-01 1.013196606691585053e-02 7.313274287548431341e-01 2.953133867145523242e-02 2.020690514706465490e-01 3.944823912436443702e-01 -2.976393520958436900e-01 -4.028790163203027630e-01 -9.126076151370958456e-02 1.284756868548477371e+00 5.150085847025546171e-01 -8.496544426375500503e-02 3.558583713119747305e-01 1.382401711497087127e-01 -2.010853539564999293e-01 7.291772750327516484e-01 2.611056374755508780e-01 2.295052183791113642e-01 6.284000649157074347e-01 4.848916201763743827e-01 -1.004285443320206639e+00 -2.794099826940067421e-01 7.727827921169592162e-01 -4.204273296167307938e-01 7.389253229005487977e-01 -1.535086741812383970e-01 -4.706057350090598890e-01
-3.276437858626783384e-01 -6.982969126267175863e-03 -6.460435360652503345e-01 4.957050458286030858e-01 -3.098090798309251492e-01 2.911871362654594453e-02 -5.548264313055709662e-01 1.894028050468367919e-01 4.966473726180165582e-01 -1.349740698862909039e-01 6.654789026549654540e-01 -3.249893359207711718e-01 2.268183507475029226e-01 6.414334029522208991e-02 1.326795032175916433e-01 4.701262213720193150e-01 4.580945390534189587e-01 2.459195279982266391e-01 8.668163517188720579e-01 3.745985180239248813e-02 -3.858378237295949642e-01 -6.006361359105250042e-02 -1.647007719671462755e-01 -4.082727153102302248e-02 5.039623213808999136e-01 -8.513069119863404810e-02 -6.085398071035892364e-01 1.236757364965398731e-01 -2.828384209268268168e-01 -4.138373327192436668e-01 -5.862557679303260355e-02 -1.242920281150915601e-01 1.267523661622570186e-01 5.955847761996407863e-01 -1.102409738309449022e-01 -1.828954158347590730e-01 -8.367701246655062652e-01 -2.525670006726443151e-01 -4.068038014988198947e-01 7.787704968202123768e-01 2.060659517736682933e-01 -1.216664253249424510e+00 3.240484344807755268e-01 -5.363565093621976143e-02 -2.094694030372145077e-01 -2.620042060818882357e-01 1.103634462955532580e+00 -3.110870317244714411e-01 4.726413681746730044e-01 -6.691791402495368413e-01 2.005846867832921654e-01 -5.177317770123796015e-01 -3.574183535631098030e-01 2.269582669420499021e-01 1.099842736709452984e+00 -6.173140927023275382e-02 -9.787147898676447355e-02 -3.543277986903867888e-02 -7.479816111170605186e-01 5.212183065401860826e-01 -4.323585769114851596e-02 5.217814797425730511e-01 5.696406785550867102e-01 -1.724954869702417237e-01 -5.416274769456755900e-01 5.171953684910082227e-01 2.487721657405588330e-02 3.070654843811436718e-01 6.126587873634362635e-01 -6.683009588220706343e-02 -1.026125950707653445e+00 4.055712256758136486e-02 2.162110780197721849e-01 5.572272551487458259e-01 3.956173532263383003e-02 7.050357225813604911e-01 4.468326121521169758e-02 2.109125372378285734e-01 3.847076121984503994e-01 -2.943278886215242030e-01 -4.194593120107533712e-01 -6.587268667536282096e-02 1.186617617173096662e+00 4.396783622737339137e-01 -7.858712677106648170e-02 2.976883103161696020e-01 3.094681854572728028e-02 -7.015707068211192443e-02 6.191592961959437869e-01 2.800269288559665282e-01 2.112265358659308201e-01 6.322517301820543834e-01 5.160725183172499841e-01 -9.789912569117599217e-01 -2.430993376993830224e-01 8.314795620063605286e-01 -3.759013622499239315e-01 7.259293965504662882e-01 -1.163652834883041470e-01 -3.887521933166184773e-01
-6.726035653602836284e+00 -2.169584038999561759e+00 -2.701159076589874530e+00 3.426337633522081205e+00 5.382444830590773499e+00 2.503218604361243660e+00 3.395560725873589814e+00 -2.734115531838571922e+00 -4.441770623012014418e+00 -1.782244042650188653e+00 -2.534065829873435760e+00 -9.041797766696041405e-01 -2.243766728109423791e+00 -3.213394549982269144e+00 2.491966743428228048e-01 5.043562259898176414e+00 -8.075952917628821837e+00 -5.424356233865855081e+00 -9.041902328074581163e+00 4.657876033919070125e+00 3.245403455417034344e+00 -8.603644626074608004e-01 3.265257885482625522e+00 3.905174749109014520e+00 -3.818539387750987224e+00 -1.415959046444739577e+00 6.501842328634990231e+00 3.867545712147083314e+00 -7.014904601651448246e-01 2.054171065526270157e-01 2.774444288201270759e+00 -1.400603964878147367e-01 -2.094848631819405504e+00 7.582889988078037824e+00 1.446973490837364928e-01 9.230039038484333602e+00 -3.140687449901447881e+00 -5.671671400629765269e-01 7.538394151282543199e+00 -4.505378791185251863e+00 -5.822157261976642850e+00 5.265069365356481512e+00 -2.303385448719227124e+00 1.763484049421697009e+00 7.784383556198609666e-01 -5.739139445201558942e+00 4.349760031890291145e+00 -2.213570656540181592e+00 1.938500321539444515e+00 2.257974708750718484e-01 -7.222957398844190635e+00 -1.332109281320252236e+01 2.081380984461993044e+00 -2.426836457737010788e-01 3.309475142891424859e+00 -4.417637752688256647e+00 -1.153951902269297447e+00 -3.913113700199957634e+00 -4.637320798468477889e+00 8.217769555123540570e+00 -4.199921495687511275e+00 2.988766851704966476e-01 3.471038100404546078e+00 -1.338177867709933189e+00 4.804760993572363859e+00 1.924708728480574102e-02 1.047020941350813139e+01 1.881995535683735232e+00 -3.073528590777479419e+00 2.466774903989956247e+00 -4.192339339378320595e+00 7.880341420536710828e+00 5.616405418145012263e+00 -7.296072784379087572e+00 -1.319095089673376631e+00 4.172625863131092849e+00 4.882665922965272465e+00 1.339154224479356170e+00 7.458960545640462847e-01 -3.286081783611825902e+00 -3.360865250340003385e+00 -3.093339496973367186e+00 6.287969338259045138e+00 4.759763125039370157e-01 -3.410583738885546001e+00 6.368076099389125000e-01 8.101273446480073304e+00 -9.572757710111368112e+00 7.249575837512379550e+00 -3.389325384422002152e+00 1.514113569510655122e+00 1.248327348041760633e-02 -1.860762778074559254e+00 -2.745562240758264716e-01 -7.609586338676604278e+00 -5.695772666852430000e+00 -5.042244289436697002e+00 2.282492267308816825e+00 1.074573926043254746e+00 -5.875604476252282105e+00
-1.197445480452546640e+01 -5.867089133454707728e+00 -2.565108204513967483e+00 3.792779687846036918e+00 1.288167663495580406e+01 5.655275636888121404e+00 5.822018370051105229e+00 -1.590959690154976158e+01 -1.376335099560586706e+01 -9.041035685088506524e-01 1.053354208120457436e+00 -2.172234961647551810e+00 -1.548114957002122161e+01 -1.127808819902784254e+00 -6.820697277359578647e-01 1.208330626911895145e+01 -1.935157209259071820e+01 -1.741409939077184887e+01 -2.147050562834582266e+01 1.245486859146614123e+01 5.857826179681882017e+00 4.378893793855688443e+00 3.400739249269129072e+00 5.777097710811356812e+00 -1.756947556887585549e+01 -5.063732486464147975e+00 1.575929363372776493e+01 1.904411067942549440e+00 5.102402348987085112e-01 -8.163612982845741328e+00 5.291453299657469245e+00 -3.935471145085199574e+00 -7.846434717636951994e+00 2.284283868066956558e+01 -4.851472679448527003e+00 1.613629771738271756e+01 -4.708898416881272198e+00 -4.189159962294530359e+00 2.280817322412021753e+01 -1.560065493326605690e+01 -6.748206356118297222e+00 1.757212254355404113e+01 -5.768092135449220947e+00 9.861371798534475985e+00 3.583833059054407411e+00 -1.505106531983288320e+01 3.052888815635529163e+00 -5.689961454122004270e+00 1.057424262553354133e+01 -5.582380712535002232e-01 -1.522509646870105549e+01 -2.385414307195180328e+01 5.770624791101679030e+00 -5.713485160879549163e+00 1.001079676240416916e+01 -1.302947488179276547e+01 -5.245376927638895737e+00 -5.645162174724889681e+00 -1.428771664483556947e+01 1.772671136185363494e+01 -7.713112003560376628e+00 5.393655182079629462e+00 3.000935654606081027e+00 -8.815172107389564360e+00 1.735977965849331284e+01 -1.295436251073564637e+00 2.369507045279334179e+01 -5.247239820244804065e+00 -8.302003618323364975e+00 8.520282858605504828e+00 -8.029357333700270161e+00 1.857053859303753995e+01 1.266919142697779499e+01 -1.417390205204519660e+01 -1.495971285728631583e+00 6.988313131429063851e+00 1.521903777309936601e+01 6.583707650951649448e+00 5.866628441431186225e+00 -1.703323024390581253e+01 -6.387834965795359032e+00 -8.817440536703058385e+00 1.223803295568957772e+01 -6.373462907302518410e+00 -1.432038881964966492e+01 5.923854139771853600e-01 1.993855812916005021e+01 -2.278529367760868141e+01 1.168770553923047295e+01 -1.090998906657939926e+01 -1.823709228977904717e-01 1.017008195453418029e+00 -4.357937303609912938e+00 1.660094199840761675e+00 -2.399141357941759622e+01 -1.079110104005535575e+01 -1.339056231824412890e+01 9.346387766884333814e+00 9.551547291637652037e+00 -1.309064840587714862e+01
-3.258485332353042163e-01 -6.789597712056910477e-03 -6.506216385671828029e-01 4.970364155289587749e-01 -3.127654535467149222e-01 2.141263895722282304e-02 -5.562819491769455116e-01 1.914516892322294384e-01 4.914403424853515667e-01 -1.402533567284506288e-01 6.792668045564181911e-01 -3.315068888523107216e-01 2.201077501919277424e-01 7.330077585700017773e-02 1.345402964773584342e-01 4.756718971843525434e-01 4.620835270716098231e-01 2.522469582706808322e-01 8.744352122463684429e-01 3.359364143255178653e-02 -3.928268423433686207e-01 -6.165000257640597392e-02 -1.605114634365175930e-01 -5.351822416640475422e-02 5.063842092490301594e-01 -8.316643756286279388e-02 -6.127473726004033505e-01 1.257091337666530750e-01 -2.896233968490874999e-01 -4.205369253193233514e-01 -7.211156799745244150e-02 -1.240927684739267789e-01 1.364589288512093324e-01 6.007117044196224054e-01 -1.101835598646442316e-01 -1.904677938277274940e-01 -8.461060295485189897e-01 -2.531882168026582947e-01 -4.098912501624808469e-01 7.843332768462772941e-01 2.122772152302266346e-01 -1.226842002995384151e+00 3.270161646583267800e-01 -5.446258931117096969e-02 -2.092959573630263914e-01 -2.587256672871235397e-01 1.107217105105720911e+00 -3.159744379433256922e-01 4.845284905782769047e-01 -6.761896130592102150e-01 1.998696204004126731e-01 -5.111992186129538096e-01 -3.661972115816195528e-01 2.396148774840428097e-01 1.113406392665903022e+00 -6.458826294502809096e-02 -9.645686211582872593e-02 -3.906569407450596193e-02 -7.537056168318830851e-01 5.181869901586090288e-01 -4.539231619940877621e-02 5.276083319557953732e-01 5.645189474195611012e-01 -1.696789403007279429e-01 -5.573734701847316009e-01 5.216198470829916944e-01 2.358204453520955368e-02 3.090580576054968720e-01 6.178918537764077623e-01 -8.017183567195534932e-02 -1.032188348821698076e+00 3.244172310577669860e-02 2.118942975023789532e-01 5.594195730039657199e-01 3.584776289461503312e-02 7.044553009590426296e-01 3.274529640839671935e-02 2.179679209839186782e-01 3.940319538848757741e-01 -2.949953647321560402e-01 -4.129474850987928658e-01 -6.254737638185971227e-02 1.195487073338858064e+00 4.420739974527925775e-01 -8.211982266914080730e-02 2.977463453705754270e-01 2.997299789096973671e-02 -6.452770906740423751e-02 6.263523176673366777e-01 2.860463066349377970e-01 2.131007648097842377e-01 6.381254881397407930e-01 5.156708138796037844e-01 -9.926035616159388786e-01 -2.412081254170605760e-01 8.433565045384466830e-01 -3.801856442834935512e-01 7.301361458718578223e-01 -1.236802804063465155e-01 -3.908024284432441986e-01
-3.490018275834576578e-01 -1.265585048762470771e-02 -6.502266369945436386e-01 5.081925680526470090e-01 -2.899642551761014153e-01 3.307450525990764806e-02 -5.452722211589434709e-01 1.879558242892312991e-01 4.995568629067577149e-01 -1.420272243943624391e-01 6.475547732997750661e-01 -3.177377210780176764e-01 2.343271626810602137e-01 4.800673655851461080e-02 1.388019981862141095e-01 4.788389200206116247e-01 4.316922868107728739e-01 2.366529557585150823e-01 8.401675257997356372e-01 5.206975507568689654e-02 -3.663167363211134453e-01 -6.452848357992520267e-02 -1.531557135070687470e-01 -1.364827199262593632e-02 4.966894619203089389e-01 -8.741648742121305160e-02 -5.849336029873400955e-01 1.355939443165847247e-01 -2.799780300876804628e-01 -4.001250168054214518e-01 -3.808511215794695148e-02 -1.276674590810457643e-01 1.157692748012065787e-01 6.109879444946015870e-01 -1.097099070327231668e-01 -1.466964246364121649e-01 -8.408351583744518853e-01 -2.550911276196965449e-01 -3.903721479380590220e-01 7.657495135388764362e-01 1.865832554616933814e-01 -1.201258084574956975e+00 3.271352988461317945e-01 -5.352275066080901950e-02 -2.093472387230856380e-01 -2.808352040956689222e-01 1.121890580191429621e+00 -3.164754005007756055e-01 4.685382061852162439e-01 -6.723612728946772865e-01 1.740817743058836742e-01 -5.654532335452403524e-01 -3.413708951140899117e-01 2.147336173133410908e-01 1.101799780976056242e+00 -7.151655829070345527e-02 -1.025914434680349901e-01 -3.930242039400416026e-02 -7.582191917547674853e-01 5.479883976282465818e-01 -5.653762372772528494e-02 5.156479818496485512e-01 5.871821088671499433e-01 -1.661979540451814785e-01 -5.241642304659266394e-01 5.199578975752316978e-01 5.615361970195179714e-02 3.225294517063474475e-01 5.990478265283563086e-01 -5.477727034800733419e-02 -1.039153404321506491e+00 7.471281657249896624e-02 2.363026711516429124e-01 5.304602598230619970e-01 4.105396855843093662e-02 7.200924991468049541e-01 6.039510245381590064e-02 2.035066869772954590e-01 3.729887454547000658e-01 -2.977754985410580035e-01 -4.323379160747149452e-01 -7.077840065515314527e-02 1.202217253108732731e+00 4.499207870767713002e-01 -7.345226162453945273e-02 3.049762422843907972e-01 5.439387879876152188e-02 -1.004768212903111857e-01 6.339393818315646190e-01 2.693532119565633653e-01 2.127438023903780173e-01 6.283111835623401698e-01 5.162082834482203397e-01 -9.714966108882658880e-01 -2.541266717540842657e-01 8.079009851533184294e-01 -3.784932230423014854e-01 7.252815732814511529e-01 -1.148808404255543814e-01 -4.008863359375255397e-01
-9.586318514683114245e+00 -3.479596920033583007e+00 -3.836408328295094261e+00 4.560889688425304733e+00 8.406953627643964921e+00 4.892119598658102753e+00 4.821665787349096455e+00 -7.066754258186638715e+00 -8.583150211612446512e+00 -1.527887777709370898e+00 -2.524301074211753093e+00 -2.015401016373402854e+00 -6.512971554895321091e+00 -3.268547383306239951e+00 5.631525497856651463e-02 7.956330013233880116e+00 -1.272059966020064792e+01 -1.039478613445250410e+01 -1.502429736692282702e+01 7.945027119106912394e+00 4.443814603857962453e+00 3.748977445235352479e-01 3.940202919950667848e+00 5.152892084001090112e+00 -8.779076381748929236e+00 -3.073258810479886360e+00 1.002430144101612264e+01 3.764075760363817746e+00 -3.014991514206969425e-01 -2.210466251923989933e+00 3.797794005289186980e+00 -9.716806509181049600e-01 -4.449846550887593288e+00 1.319644430317571704e+01 -1.196982739229154102e+00 1.297791992441119469e+01 -4.372190241453005832e+00 -1.847849469846590598e+00 1.408105626473700767e+01 -8.421818951707452428e+00 -7.762130368470921304e+00 1.018286812754947412e+01 -4.646999847515852267e+00 4.903588719956557540e+00 1.804391925867105728e+00 -9.336871748044888619e+00 4.941156984433574983e+00 -3.187574303251349939e+00 4.259020757047198735e+00 6.842704946244639874e-01 -1.035705189668054516e+01 -1.878458373772236811e+01 3.692708175591489450e+00 -1.320622763675055156e+00 5.621826734587688001e+00 -7.217234397394361345e+00 -1.689218483628719847e+00 -5.428465190917940220e+00 -8.393460528991608882e+00 1.288880658807433477e+01 -6.253245783796013590e+00 1.984765045040219000e+00 4.146195270067154048e+00 -4.121525567807673873e+00 1.000267751679506034e+01 -1.067028140565117411e+00 1.667390017255906542e+01 -3.670838507325637767e-01 -5.229519161159113416e+00 4.511990082129918811e+00 -5.256904857756010685e+00 1.270735072095847862e+01 8.487766558169671072e+00 -1.089850776829894308e+01 -1.381447014203694978e+00 5.776358822755230271e+00 9.198317838564653570e+00 3.350146735655501029e+00 2.294054663729943488e+00 -7.696277312361996970e+00 -5.114508431726537907e+00 -5.437080966131530246e+00 9.782765694868382766e+00 -1.853382701997911441e+00 -7.393750731919501717e+00 -4.344791189378701124e-01 1.302475207754671338e+01 -1.514654964576125273e+01 1.051559041441985975e+01 -6.770333547893260473e+00 1.376813045935378899e+00 2.306432471053068978e-01 -3.193523688074867639e+00 3.367895044317721909e-01 -1.446324706304819507e+01 -9.052179408639959846e+00 -8.650256270152548055e+00 4.911890437582838942e+00 3.849289188816594542e+00 -9.278903159427642322e+00
-3.915008442045438297e+00 -1.326150974436860697e+00 -1.645649266167880764e+00 2.130831179528068997e+00 2.819501916508453832e+00 6.643110674272938443e-01 1.664098420334876538e+00 -7.717217891092404969e-01 -1.718568587749255139e+00 -1.600720089432988713e+00 -1.456120320528871970e+00 -2.638873177928078850e-01 -4.635206202381350615e-01 -1.852407646624914417e+00 3.327259489467294662e-01 2.807120083050145265e+00 -4.476045067283558332e+00 -2.236796530081584855e+00 -4.323973171047710728e+00 2.418164840881773969e+00 1.732765877195871163e+00 -7.756299363005072500e-01 1.976285369742486919e+00 2.249101184352644722e+00 -1.339320491731113449e+00 -4.429329553738182712e-01 3.591884569337414401e+00 2.749450852552865143e+00 -7.081224588915736584e-01 7.313598554825276876e-01 1.643991107825027331e+00 -8.025715924968927772e-02 -8.215143589619705589e-01 4.008868953383474043e+00 2.374431330198087386e-01 5.330895553989378755e+00 -2.138402907580184920e+00 -2.003915130535333933e-01 3.174463769098256449e+00 -1.919310622098419961e+00 -3.101680751860178997e+00 1.876958127113855346e+00 -3.656398670499292347e-01 2.310516016568027742e-01 1.919307886585947254e-01 -3.220908159256650194e+00 3.172295548917330787e+00 -1.526201492188945519e+00 1.107618302291734302e+00 -4.802415346868960100e-01 -4.378630453524257504e+00 -7.989976793809950628e+00 1.037887219482670709e+00 -2.259373649071313474e-03 2.263883660319663704e+00 -2.464431017072927332e+00 -9.832523296788688860e-01 -2.106561580608994344e+00 -2.576134516261228136e+00 4.568906719539824302e+00 -2.508483156359250454e+00 6.458794570265072310e-02 2.351297778593144816e+00 2.905131831409513143e-02 1.619565664383285641e+00 5.644599460395366419e-01 5.585206010824299128e+00 2.005919360400955753e+00 -1.508455420883903830e+00 1.041924809198126356e+00 -3.082560487417331352e+00 4.290305822532094027e+00 3.124858642092364747e+00 -4.055603439721363834e+00 -8.139107181828205695e-01 2.514601588772725549e+00 2.044976236479524090e+00 2.829386832417180586e-01 1.894456052449962624e-01 -1.259280287597133396e+00 -1.706414712175495785e+00 -1.560382236210805296e+00 3.835651765043968542e+00 1.325090898291406027e+00 -1.106583287213516842e+00 1.070198024886591881e+00 4.334841743578454754e+00 -5.295338291359483307e+00 4.157612369715229406e+00 -1.301705210383283129e+00 9.304923151260826586e-01 1.206181577807326905e-01 -6.723219754800486836e-01 -6.099495704665877094e-01 -3.274141694992528162e+00 -2.648663874644520355e+00 -2.501289705645689310e+00 1.113953026352869635e+00 -1.075263986901875829e-01 -3.222522191046436557e+00
-1.330194743606111629e+01 -7.759396058428830401e+00 7.585056641274931621e+00 -5.178298845035471665e+00 2.031428366355564563e+01 3.216054478714171161e+00 5.341778856844507928e+00 -2.771211636144867896e+01 -1.341909871189104386e+01 8.941211816358975994e-01 1.143585777155387717e+01 -2.004173808554266412e+00 -2.965066151155703977e+01 -5.636434612265693866e-01 -4.693469450294456280e+00 2.323015606161243340e+01 -2.936740991410083979e+01 -2.642963479721093378e+01 -2.032652624455509383e+01 1.694993007207206048e+01 1.111400248064552621e+01 1.175979605194407718e+01 5.240735335409344664e+00 5.539582043360012698e+00 -2.861519865390141248e+01 -6.181359771402699543e+00 2.584236773641171681e+01 1.488911867980933001e+00 2.627986597507038002e+00 -1.498126821230432881e+01 8.338212971220979597e+00 -9.785211938960427958e+00 -1.038296447677434742e+01 3.753434071656946713e+01 -1.234737431261733498e+01 2.266899270320291748e+01 -2.249587844522323632e+00 -4.526220753193603841e+00 3.081927654826860419e+01 -2.495402229815433159e+01 -4.609792196878369275e+00 2.352437465866047717e+01 -4.009989431877416521e+00 1.866269159259070065e+01 5.366687215943396261e+00 -1.821601364556931557e+01 -3.726218338452562229e+00 -1.278377171997249384e+01 2.551934540163940568e+01 -4.801129287835910198e+00 -2.385046815946267174e+01 -2.478211258784648052e+01 5.406849502753122927e+00 -1.790060067010690403e+01 1.541290947323445515e+01 -2.528395936558613499e+01 -1.253803282216818538e+01 -4.337296775893625167e+00 -1.616377086099961602e+01 1.480772496704700636e+01 -4.740708327221936358e+00 4.696141151122003699e+00 -5.309212130851308054e+00 -1.301015106123100296e+01 2.303495910695306037e+01 3.299349290139615754e+00 2.934244533920223930e+01 -7.312680916411504306e+00 -1.190409808860108853e+01 1.876476995807657389e+01 -1.899643290827096109e+01 1.984248265524283994e+01 1.853751844295561568e+01 -1.393749422333267418e+01 -1.663903440124036903e+00 6.701625202361500833e+00 1.987032810628521418e+01 8.022765411840447669e+00 1.637331990263845327e+01 -3.256824753968977149e+01 -6.293600408591307982e+00 -7.855528180413215544e+00 6.144310852515398658e+00 -1.326972388508314538e+01 -2.731920546552586160e+01 1.331005318454739594e+01 2.770114872594328403e+01 -3.138644197263427316e+01 6.130121376619251272e+00 -1.226570537037523678e+01 4.000419896909137130e+00 5.497082216586217207e+00 -6.554393031552763205e+00 4.060075955217468113e+00 -3.303677033453949718e+01 -6.771597801616457524e+00 -1.877613015564380916e+01 1.298984434699375967e+01 1.823675827083154388e+01 -1.508406401921392259e+01
-4.125383491205435460e-01 -6.793416766668225470e-02 -6.885370257037923825e-01 5.314410142324362818e-01 -2.545442157216090129e-01 -2.025754247134235395e-02 -5.101193105530046346e-01 1.788179033424199815e-01 4.323455439298539149e-01 -2.262571367040470127e-01 6.440171622680788133e-01 -3.258217560366742371e-01 2.123570596561753510e-01 6.669052659084649670e-02 1.387446962534190920e-01 5.515322344846105285e-01 3.056089756195771723e-01 2.069446959854474299e-01 7.591768818104885908e-01 9.188461210980715388e-02 -3.644597443618634580e-01 -7.479563148446999321e-02 -9.524043872881593487e-02 -3.555272508235749612e-02 4.583295397876836486e-01 -7.194155396052562268e-02 -4.769907120172622306e-01 2.276761867715668408e-01 -3.242152401941711393e-01 -3.557600777979493256e-01 -6.393694065756722056e-02 -1.324694071922171978e-01 1.231508135760788630e-01 6.886547918142309488e-01 -1.068531408206374322e-01 -3.398348697760880666e-02 -9.035007179483987017e-01 -2.613055912904822531e-01 -3.582312000695759280e-01 7.302387240608665397e-01 1.527569630546721791e-01 -1.196022388868187125e+00 3.588763898473255609e-01 -9.290765691354119227e-02 -2.118389867429963380e-01 -3.323512139946216415e-01 1.179513031634451092e+00 -3.867131043467304519e-01 5.393768873329184421e-01 -7.082876792144369160e-01 5.400498834008427701e-02 -7.238688514964340959e-01 -3.300433362679338622e-01 2.553314400450387156e-01 1.183732580399089906e+00 -1.435005800415693755e-01 -1.520172194871280136e-01 -9.908745173935536166e-02 -8.174585500134098348e-01 6.062654170991846891e-01 -1.442472554343300351e-01 5.319757264152465970e-01 6.126326632150522755e-01 -1.153803761715733317e-01 -5.719009476825919203e-01 5.325593792749158117e-01 1.587264985729306410e-01 3.651679203498341963e-01 5.548086383038230984e-01 -8.941790963598614250e-02 -1.114448601521451199e+00 1.397340756935036843e-01 2.586476350268792079e-01 4.120833657392595772e-01 7.666800180093684414e-03 7.325444162912624346e-01 2.535434274728133944e-02 2.048197813641708109e-01 3.980849906686365625e-01 -2.979106853451866099e-01 -4.012312068237073870e-01 -9.015575045536645959e-02 1.289411052469280339e+00 5.173457434646921982e-01 -8.574839488455086867e-02 3.595142795021863402e-01 1.399038867111561113e-01 -2.020192836417958882e-01 7.355512810951269076e-01 2.618516993200878940e-01 2.317821560277284199e-01 6.295983136185748785e-01 4.846654860595031034e-01 -1.010161765700459124e+00 -2.799659225906162563e-01 7.750642656339491454e-01 -4.219508891089295277e-01 7.422654706874245445e-01 -1.560847746628483690e-01 -4.742996334788723289e-01
-3.411687786383800769e-01 -1.637850677532173144e-02 -6.540243302655410762e-01 5.025325112011497231e-01 -3.022073212666321895e-01 2.107866211397293327e-02 -5.487431051942911475e-01 1.877909991115739863e-01 4.881161771293343610e-01 -1.492607630382216666e-01 6.632984226145201001e-01 -3.245573559463072466e-01 2.264667691679642936e-01 6.429066703655672566e-02 1.346873326285830119e-01 4.837490459168177770e-01 4.356165478475037545e-01 2.391267837264231255e-01 8.519930965529499689e-01 4.616718645998602044e-02 -3.828720704131761132e-01 -6.224449904400410766e-02 -1.536746903525196550e-01 -3.906350255537837518e-02 4.975577536645124921e-01 -8.391993843047985957e-02 -5.885800932333368207e-01 1.398427300048485644e-01 -2.885579641010231899e-01 -4.044110159953726025e-01 -5.961979934721398089e-02 -1.269647085385124663e-01 1.255111443590130604e-01 6.109657934405816615e-01 -1.098083995095785054e-01 -1.592099974607714963e-01 -8.480511202129222825e-01 -2.555227430349540363e-01 -3.996667954258342204e-01 7.726345080354701800e-01 1.984839512532066974e-01 -1.216892620598925889e+00 3.294943260227051196e-01 -6.109502918887138589e-02 -2.113777880998178316e-01 -2.733087596642315709e-01 1.117800430951236601e+00 -3.251770775478098341e-01 4.837055481412693148e-01 -6.767869610170774708e-01 1.784165348436922427e-01 -5.509240295392205944e-01 -3.515869335988823785e-01 2.307203604064785030e-01 1.114039957914287005e+00 -7.436514686891976256e-02 -1.063896331847338367e-01 -4.561554463760356809e-02 -7.608951779179686792e-01 5.349649721154452475e-01 -5.932195410225748339e-02 5.239307491413702778e-01 5.789655702229314915e-01 -1.631670776605846362e-01 -5.475906252067777036e-01 5.195564955816855957e-01 4.552915229610577513e-02 3.163656260533874165e-01 6.044018719564480113e-01 -7.017666954656091860e-02 -1.041779888557716083e+00 5.781490791196286505e-02 2.224086542583050552e-01 5.350398133115555899e-01 3.476357082480738964e-02 7.112821737144316980e-01 4.193330327849498912e-02 2.106825682686435386e-01 3.867376353606575834e-01 -2.954575664636430177e-01 -4.181183901409405990e-01 -6.823089964713410782e-02 1.203835588445538951e+00 4.521299834219918434e-01 -7.853465698274507412e-02 3.090570110405693183e-01 4.768127729057660552e-02 -9.010658628134654569e-02 6.387406158670658751e-01 2.765020887008713957e-01 2.152371522814677252e-01 6.323943297263427965e-01 5.128053708131726784e-01 -9.855650228670502777e-01 -2.489807180268804043e-01 8.234403715342886176e-01 -3.817349668216323821e-01 7.303208652769928033e-01 -1.219485184726595006e-01 -4.028478724750569340e-01
-7.368097469283499734e+00 -2.401172850190700814e+00 -2.980119360681873442e+00 3.710676782108411231e+00 5.997501912220862152e+00 3.022712640940408146e+00 3.751766190928393474e+00 -3.430042967953259136e+00 -5.225656491478992471e+00 -1.758856453731261427e+00 -2.660468586334763685e+00 -1.130593015553132075e+00 -2.910031014706103925e+00 -3.381676769880576305e+00 2.114368344517663090e-01 5.633465263940460765e+00 -8.985428675201692528e+00 -6.349623447791389985e+00 -1.025467037640833112e+01 5.277400182713618548e+00 3.545626452989647959e+00 -7.431002681926766051e-01 3.491766452677328658e+00 4.227599358494874338e+00 -4.649072308187509606e+00 -1.722217588201083283e+00 7.205652681983944596e+00 3.978598258595422710e+00 -6.542086791287626824e-01 -1.193880572745096985e-01 2.997037518337942963e+00 -2.237897931954971609e-01 -2.507070503926645877e+00 8.605805224666035258e+00 -6.654146721190347565e-03 1.009390964751159636e+01 -3.405479006402425846e+00 -7.591327992587514339e-01 8.777997532373422729e+00 -5.214030581825190858e+00 -6.378885316835663843e+00 6.193951337316792483e+00 -2.825428078580251245e+00 2.303337170150339563e+00 9.574946330000996264e-01 -6.405538785043551009e+00 4.564302633807013621e+00 -2.388160691520284207e+00 2.276429222360346394e+00 3.783027615656706644e-01 -7.864461403991159116e+00 -1.452916045845349480e+01 2.369002487171741667e+00 -3.597517628017383728e-01 3.679096927701827280e+00 -4.933127198577230921e+00 -1.195922730722921434e+00 -4.307363577648121833e+00 -5.288853032993657166e+00 9.158962271609400574e+00 -4.627071667406188027e+00 5.156547073712325346e-01 3.677661941108599564e+00 -1.816239081836967140e+00 5.752587161433991625e+00 -1.811769518318612771e-01 1.172410212660346751e+01 1.603315878269022887e+00 -3.484164396536646002e+00 2.851298070428400333e+00 -4.416376745518389768e+00 8.823270007473590582e+00 6.210100151121066503e+00 -8.066485504942582097e+00 -1.376775480274291974e+00 4.546780196494244919e+00 5.692466275560640554e+00 1.697487823084187220e+00 9.879036864924006789e-01 -3.994714271907542358e+00 -3.757170143183073741e+00 -3.521190262770017565e+00 6.986568569629483250e+00 1.090204706762658710e-01 -4.136375913329266574e+00 4.335814937078236730e-01 9.076668068945169310e+00 -1.066844489133876372e+01 7.996677899643837684e+00 -4.017526943905822989e+00 1.587881705906666108e+00 3.471490753037613508e-02 -2.157250614001977596e+00 -1.784557976334665286e-01 -8.890368817812971614e+00 -6.435304787002428917e+00 -5.745951273179024987e+00 2.713924793871321572e+00 1.518751895064557988e+00 -6.570422894115573342e+00
-3.323352749220076507e-01 3.420570604191347508e-03 -6.373135704456798223e-01 5.015715440286276916e-01 -2.973437129586336547e-01 4.965458015747302445e-02 -5.541516563531256878e-01 1.910239447488782383e-01 5.204109797278343441e-01 -1.175042625311560618e-01 6.451121059808689884e-01 -3.139692652547202423e-01 2.412916570259918403e-01 4.054909216183868320e-02 1.392140726234212811e-01 4.573024066313016167e-01 4.640108035528518471e-01 2.453451674552937778e-01 8.579463767752790737e-01 4.165175746415734903e-02 -3.633982770758370506e-01 -6.175515303575296322e-02 -1.692742925510610785e-01 -2.709993601845107989e-03 5.060357495350791268e-01 -9.123542617312886682e-02 -6.130027739586962898e-01 1.089108400273382932e-01 -2.666502676524649673e-01 -4.105195596705437100e-01 -2.663947279017468001e-02 -1.258456960446724948e-01 1.119782495513072240e-01 5.882979776344446909e-01 -1.111652453761182296e-01 -1.749442548486617732e-01 -8.211519575534278470e-01 -2.527381056488276490e-01 -3.978827687345226072e-01 7.733592571291373341e-01 1.928835560140222671e-01 -1.197257826068295117e+00 3.191023413893334104e-01 -4.078889985482336833e-02 -2.071740784190528595e-01 -2.672690321163042060e-01 1.105897907952731796e+00 -2.939853623794203008e-01 4.454750159783511521e-01 -6.609315787771653516e-01 2.060875688767976888e-01 -5.248146172567639267e-01 -3.438278258937759735e-01 1.996878924531036437e-01 1.076164652352342266e+00 -5.136207248983677698e-02 -8.891315848895162133e-02 -2.083345386161614132e-02 -7.396486157451566124e-01 5.348016788218411532e-01 -3.267456405569012928e-02 5.092341996424551986e-01 5.801877183472946564e-01 -1.803007369250611558e-01 -5.049805734303410842e-01 5.171581476338255046e-01 2.943879095225324441e-02 3.115259873103585764e-01 6.092889227649551653e-01 -4.197944544895583496e-02 -1.016112267230093957e+00 5.915682288307612391e-02 2.323184720709476070e-01 5.618637465935059083e-01 5.236841143084034617e-02 7.170307277173373350e-01 7.367418632563495218e-02 2.005256822599255639e-01 3.624619619142810945e-01 -2.974785688902789049e-01 -4.420210445114270970e-01 -6.692632611367480000e-02 1.178300910709475735e+00 4.313824050715073799e-01 -6.934811013690925230e-02 2.874515970013475363e-01 3.209348164482649091e-02 -7.508499632562125325e-02 6.036335899585675291e-01 2.703222259924107918e-01 2.058685403318158136e-01 6.274922518877477096e-01 5.242877697477655863e-01 -9.565892150861107224e-01 -2.470076779877668494e-01 8.133109772991918840e-01 -3.661479940978306646e-01 7.172894712030369879e-01 -1.028148014847153346e-01 -3.792496799215494541e-01
-1.335442163056560894e+01 -7.768510684587205617e+00 8.516677258070751932e+00 -6.022658168419178892e+00 2.083470192317139436e+01 3.126694839164196882e+00 5.141163668261039987e+00 -2.831421075918691699e+01 -1.301104133786426154e+01 1.053582275202785024e+00 1.209799035612178031e+01 -2.203719932768260836e+00 -3.056370588419017764e+01 -7.592632127365134265e-01 -5.025471833352713524e+00 2.428752729659919041e+01 -3.015664331818233990e+01 -2.711422901738973934e+01 -1.976643161046224151e+01 1.723603479241764092e+01 1.154533578407302663e+01 1.227733521987054210e+01 5.658946334761503216e+00 5.492700250320465827e+00 -2.926825852004033734e+01 -6.204926189374657675e+00 2.643156158113893284e+01 1.707733726908937655e+00 2.837736530501012489e+00 -1.517510116858954916e+01 8.619310004088372779e+00 -1.018963658722986665e+01 -1.049574415423952622e+01 3.843995312352888760e+01 -1.297155663982152340e+01 2.341216743995819627e+01 -2.020205562877405381e+00 -4.252405383436808073e+00 3.131905845378594577e+01 -2.542396179023539560e+01 -4.643829545473619369e+00 2.360687437998916849e+01 -3.813943375108870271e+00 1.946672024234397469e+01 5.440610152452937776e+00 -1.813637833003149424e+01 -4.210564356928001573e+00 -1.334765938737178637e+01 2.667513588166812966e+01 -5.048692632290668669e+00 -2.444149470392603618e+01 -2.458561840884274119e+01 5.283900613722003037e+00 -1.887814033606111153e+01 1.576838127849572402e+01 -2.606106959359702557e+01 -1.284869315718060534e+01 -4.204948994670646201e+00 -1.592501207780641970e+01 1.424136642790836760e+01 -4.401327834602847489e+00 4.277762969691285555e+00 -6.132507384970244502e+00 -1.315167948260467234e+01 2.326506532322278531e+01 3.668453523462207322e+00 2.965454753680400302e+01 -7.082826449040266148e+00 -1.213155925545146552e+01 1.960530996457488584e+01 -2.000071099076090420e+01 1.962515008274089467e+01 1.880066468891809706e+01 -1.374439505790260974e+01 -1.537346488692249880e+00 6.588134218707880407e+00 2.001179315548365878e+01 7.837434433018882984e+00 1.737360089061714774e+01 -3.358296354636659942e+01 -6.263597123187204296e+00 -7.479109851532319553e+00 5.427738783615803975e+00 -1.377057821937759030e+01 -2.828178347832373163e+01 1.447942498928244248e+01 2.800959753756512427e+01 -3.185775879400793542e+01 5.616499803704286364e+00 -1.221648864549860214e+01 4.636272439950641200e+00 5.960468365877495955e+00 -6.787008654838367683e+00 4.245954774952485522e+00 -3.346663877355926076e+01 -6.431858928441675616e+00 -1.912396056068805805e+01 1.311005489372141142e+01 1.880880466297445253e+01 -1.496216213166565723e+01
-2.769423592584584704e+00 -9.973593015291474240e-01 -1.317716540263859759e+00 1.595477983685897883e+00 1.791984283531680378e+00 1.790266648383723735e-01 9.237286846306616006e-01 -3.232527988382222217e-01 -8.912630394046325844e-01 -1.359853450197455293e+00 -8.129376620882454718e-01 -1.886386564658495413e-01 -1.065232813246586169e-01 -1.141730781930129224e+00 3.076984169441815964e-01 2.046181203916486169e+00 -3.044764337663512510e+00 -1.259264556928072487e+00 -2.595205392389621668e+00 1.636471462659016884e+00 1.040354634188197069e+00 -5.723155144214648882e-01 1.357591813026822969e+00 1.474048693352393746e+00 -6.801173079133049360e-01 -2.024311320180549323e-01 2.388671409866036210e+00 2.072380127842101238e+00 -6.495867791932719015e-01 6.027038478346792294e-01 1.075583915887287079e+00 -1.178033430701516254e-01 -4.618109836478100361e-01 2.845550641459933860e+00 1.232094714707655803e-01 3.677163523746578733e+00 -1.783115377829883386e+00 -2.065848075932894545e-01 1.794135062101042344e+00 -1.000150483440308324e+00 -1.971293000095126535e+00 7.208919678276262122e-01 1.607223364674488231e-01 -7.486321119867705987e-02 1.978366955096139135e-02 -2.277668024403149527e+00 2.610918187442885952e+00 -1.243394356088113550e+00 9.602338046116500880e-01 -7.081081857774391697e-01 -3.104451990260992833e+00 -5.745853900230944333e+00 6.236006912941967073e-01 8.457183256836356411e-02 1.988857407882306028e+00 -1.739357985875635393e+00 -8.394527377966353177e-01 -1.408401182008027774e+00 -1.981731198476201161e+00 3.228147742093507411e+00 -1.847511252660012371e+00 1.953568954548936809e-01 1.815039416286465368e+00 2.571722744386727988e-01 6.566865084526184448e-01 6.434084533152848451e-01 3.779456179300548779e+00 1.651884557218693761e+00 -8.948850162894922411e-01 5.540189421273430392e-01 -2.546865902388076641e+00 2.952589075575621003e+00 2.136599982740313042e+00 -2.725601739594326389e+00 -5.439986014114468471e-01 1.866185977929578410e+00 1.156290864306231958e+00 9.506871096969654600e-02 1.733992082410788782e-01 -7.863536947316591696e-01 -1.117068239042004585e+00 -1.033340767191647913e+00 3.046314857889011130e+00 1.344021089183695450e+00 -5.541554427372124003e-01 1.021842143989524221e+00 2.952292489214976889e+00 -3.663082280665598489e+00 3.019404563280569498e+00 -6.851151097877553608e-01 6.693551564837073586e-01 2.634624044803199894e-01 -2.605378947334030526e-01 -7.625212940861065825e-01 -2.014063442847527252e+00 -1.481067023716709619e+00 -1.697146057406090369e+00 8.961772963795291425e-01 -3.067611625113164653e-01 -2.295717798501985207e+00
-1.047021453980783967e+01 -4.128222060322300990e+00 -3.933419485521732817e+00 4.722264540939370647e+00 9.643215338795091185e+00 5.515189952120161720e+00 5.187747913396839827e+00 -9.385896766340655617e+00 -1.029472867751767495e+01 -1.371283574552613294e+00 -1.984932018141740251e+00 -2.300416931967600664e+00 -8.852773420126515802e+00 -2.795653504730926997e+00 -4.058396336457535669e-02 9.089611561135637174e+00 -1.465385019448601156e+01 -1.252877055440315779e+01 -1.725725714994396043e+01 9.339556393290065373e+00 4.784390997581096983e+00 1.319940199834911398e+00 3.903562066756543381e+00 5.433141812948464988e+00 -1.124464691188207865e+01 -3.752335794321613349e+00 1.152286285616189510e+01 3.335025458521692077e+00 -6.883177332915242641e-02 -3.712870674988145048e+00 4.204210759360535121e+00 -1.632843321256178371e+00 -5.511450251028506386e+00 1.580853800527698638e+01 -2.105949768290944935e+00 1.408615017267074165e+01 -4.700562474462461005e+00 -2.521210121339777732e+00 1.681465296498166850e+01 -1.032104204510797629e+01 -7.874239521413653797e+00 1.233202920201458319e+01 -5.273523098282868915e+00 6.358164620338957462e+00 2.303889977100323172e+00 -1.099443211180918745e+01 4.757259545374278531e+00 -3.718027390371380303e+00 5.695418631113057906e+00 5.799394629307861315e-01 -1.166427407845026920e+01 -2.057675825621463517e+01 4.410996319571304447e+00 -2.200600575964813732e+00 6.836962760622444790e+00 -8.597445339572082901e+00 -2.308297098559001004e+00 -5.684672544858953458e+00 -1.017125911475516631e+01 1.464069702989634969e+01 -6.934496868278024806e+00 2.988984661600424086e+00 4.122593620131871361e+00 -5.463643039226724341e+00 1.228745470129673656e+01 -1.417931165260538640e+00 1.900960919767752344e+01 -1.738978968889385524e+00 -6.148277342506515808e+00 5.472346266340548659e+00 -5.780431201057687929e+00 1.464122467789035476e+01 9.632783399159841053e+00 -1.211283953563536819e+01 -1.335938114660510712e+00 6.235616137095099987e+00 1.104484653222702484e+01 4.271297955565931836e+00 3.143586330272194473e+00 -1.008220377516473043e+01 -5.632353351706547606e+00 -6.497823564695095477e+00 1.096706005058492650e+01 -3.079806354686374981e+00 -9.217103882978987528e+00 -6.697117417447816523e-01 1.503087123040018902e+01 -1.743185988536282238e+01 1.135154566352471228e+01 -8.165360962106904097e+00 9.573827806867268864e-01 3.752937802432981806e-01 -3.598358508951745804e+00 6.771775420037537963e-01 -1.738000775188550762e+01 -1.002165691023748728e+01 -1.010468885191890465e+01 6.215105117700283621e+00 5.334935394320646118e+00 -1.052669164385725331e+01
-4.924083440975409509e+00 -1.610914195846630204e+00 -1.984199537624295129e+00 2.601266214516297470e+00 3.727324112286325875e+00 1.228484557373930031e+00 2.308885948969739754e+00 -1.311976097717190148e+00 -2.576903195565699800e+00 -1.724878944912334289e+00 -1.931048905029089102e+00 -4.215962239198054462e-01 -9.313156924147510951e-01 -2.428562478709637151e+00 3.232213819910475516e-01 3.546773765106647325e+00 -5.728297122062311786e+00 -3.241169450387265449e+00 -5.925328737111279054e+00 3.154168460066653967e+00 2.309215656182787235e+00 -8.918004429101429320e-01 2.483196721359903769e+00 2.886548786988536008e+00 -2.056575234208207537e+00 -7.282597514703869068e-01 4.625884686626003273e+00 3.251035167066453013e+00 -7.356411334444427075e-01 6.880621847815888703e-01 2.089230910450737611e+00 -6.396605431775369277e-02 -1.198443421213030158e+00 5.154567371417226873e+00 2.855933602517876646e-01 6.751880269512150257e+00 -2.471279271414819068e+00 -2.564465580357749297e-01 4.567199109348846875e+00 -2.778656757710793457e+00 -4.103866025649553606e+00 2.990067348119708424e+00 -9.751238308290345325e-01 6.427481409370103815e-01 3.723374469728444880e-01 -4.076303828534276086e+00 3.629417921736606711e+00 -1.767532196717117143e+00 1.310905861506347581e+00 -2.358309873229494646e-01 -5.429155064799786601e+00 -9.921612491150392898e+00 1.392494868577504707e+00 -6.621721411594455597e-02 2.557783546800337149e+00 -3.126436492232917086e+00 -1.062260754705707910e+00 -2.752509295768693409e+00 -3.196507335319471732e+00 5.807384957165968586e+00 -3.091501396696835879e+00 3.909623056696940463e-02 2.788078185936422759e+00 -3.320496568585357133e-01 2.611849019709089781e+00 4.292476148247597600e-01 7.247572785186151556e+00 2.141275198956011927e+00 -2.044783138840211123e+00 1.513450331044202679e+00 -3.511239453241857156e+00 5.505891300531003729e+00 4.006494694286782732e+00 -5.206994398588789430e+00 -1.032513577873994004e+00 3.106035989313910228e+00 2.948746087071176802e+00 5.674556582080887424e-01 3.021662539999311892e-01 -1.823892740492059517e+00 -2.276482713200417063e+00 -2.063038661758791914e+00 4.613541624080668591e+00 1.151186215191350559e+00 -1.776596848263798378e+00 1.003047918446848596e+00 5.611183665703999068e+00 -6.763895427561719131e+00 5.222945016168544896e+00 -1.943731469878937634e+00 1.164772361534720524e+00 4.124609851647337982e-02 -1.072544142545818424e+00 -4.921635370905558804e-01 -4.614841275707328272e+00 -3.708235788972382263e+00 -3.318661483404809598e+00 1.417654002992792650e+00 1.931622365752260206e-01 -4.106876066821379290e+00
-7.902846453263674853e+00 -2.614850075659963302e+00 -3.213173541548035139e+00 3.940035900178923356e+00 6.528308957687261049e+00 3.472571100747473771e+00 4.032738150452667369e+00 -4.109016910938763090e+00 -5.935322786175613707e+00 -1.723732495464605385e+00 -2.721388796805897403e+00 -1.336131456875008006e+00 -3.570077930930723120e+00 -3.463329324458162883e+00 1.772688445003345326e-01 6.149500408567835308e+00 -9.788443441540804812e+00 -7.192756159576162212e+00 -1.131534167939151558e+01 5.837554467870828212e+00 3.780998556655458032e+00 -5.878934919442003748e-01 3.652729331686944025e+00 4.478398874629808901e+00 -5.445877303763969834e+00 -2.004318562055803721e+00 7.817757595076846755e+00 4.018661491645776351e+00 -5.972752745680741659e-01 -4.694073620063489161e-01 3.179952735729531188e+00 -3.276448735322186057e-01 -2.896411236792525656e+00 9.541463014262843600e+00 -1.886319230731465513e-01 1.080449902591384514e+01 -3.634891440633809090e+00 -9.573321088221778963e-01 9.898153596186254788e+00 -5.860414676401300760e+00 -6.803801134372210235e+00 7.030084323395737300e+00 -3.269793966838924426e+00 2.818427382799899572e+00 1.124665848481121833e+00 -7.007053055419550702e+00 4.717439650954168506e+00 -2.545669337265014764e+00 2.620318705925149150e+00 4.919364887494691030e-01 -8.413264567311477649e+00 -1.553899910582908639e+01 2.635764845583501437e+00 -4.960367994285948545e-01 4.041676453253558954e+00 -5.397699637068638090e+00 -1.249028605987193785e+00 -4.618955197365655074e+00 -5.902943162388247345e+00 9.984117820454109449e+00 -4.998228128145900229e+00 7.585455312818703000e-01 3.830768926050393652e+00 -2.270054056490865779e+00 6.625059067571462457e+00 -3.712502016623203116e-01 1.282170163879045610e+01 1.282473825789901545e+00 -3.852275833999201371e+00 3.196170454541888084e+00 -4.600999087443182312e+00 9.660909202898308124e+00 6.719040747656008783e+00 -8.723277114194049275e+00 -1.404757731878530702e+00 4.853084052598672926e+00 6.426698113390876266e+00 2.032603617578806698e+00 1.228865233682716163e+00 -4.684747432433528758e+00 -4.087642282007364791e+00 -3.912375170417689674e+00 7.610332011989354051e+00 -2.544413487541389851e-01 -4.805025218493616634e+00 2.393376356911119107e-01 9.935340734558193887e+00 -1.163545547560782367e+01 8.621192424117451125e+00 -4.593798548701804485e+00 1.614614151690189292e+00 6.532879763194164580e-02 -2.407471296684270179e+00 -8.437916159947261852e-02 -1.005699916698634766e+01 -7.062130818807609955e+00 -6.373085156082454183e+00 3.134143108121596910e+00 1.954038273828784922e+00 -7.177904970263363715e+00
-4.204464349749204022e-01 -6.538217967181368662e-02 -6.836417719915341973e-01 5.356167512953842191e-01 -2.418716743273064129e-01 -9.287919613229259422e-03 -5.056564094434841117e-01 1.786798602524545532e-01 4.405827676832514417e-01 -2.208776914245708656e-01 6.272222495492585370e-01 -3.195374980636740414e-01 2.179676941265242807e-01 5.167370511534004340e-02 1.411692381044012956e-01 5.469743014241957857e-01 2.982496393046255023e-01 2.043120645773089938e-01 7.442582602345380050e-01 9.792879590141992385e-02 -3.485154034908154452e-01 -7.693008207921195329e-02 -9.476333882130928699e-02 -1.251740835713828492e-02 4.560445672292273711e-01 -7.370636021359468215e-02 -4.707222619763065108e-01 2.250997714187679966e-01 -3.170340640293684009e-01 -3.508436699461748853e-01 -4.332695378982408946e-02 -1.316679836706562412e-01 1.142384632075535422e-01 6.886722796307800376e-01 -1.069813346355156375e-01 -2.023216816511460084e-02 -8.960402259702917593e-01 -2.590585671519968214e-01 -3.486956077614992155e-01 7.215229803943418174e-01 1.399969465742219310e-01 -1.177359014914303836e+00 3.569604138551760730e-01 -8.529812900945557552e-02 -2.087856911641792490e-01 -3.399144383528917013e-01 1.181346544589477965e+00 -3.774386117494826220e-01 5.249239805465075737e-01 -7.025185811883083442e-01 4.719750588702870814e-02 -7.394225634523868829e-01 -3.213929150856005834e-01 2.405075612420912723e-01 1.171485421999042265e+00 -1.419849252124582295e-01 -1.495835033052705099e-01 -9.398591359693125868e-02 -8.134902921405452458e-01 6.186622802907298935e-01 -1.429083527181041480e-01 5.234765827033330821e-01 6.186596040887697434e-01 -1.181102808002580801e-01 -5.485769930128236993e-01 5.327338592180493881e-01 1.704099934409143424e-01 3.713400759874791457e-01 5.477432791333067819e-01 -7.492724657431122648e-02 -1.110822925360612334e+00 1.550538907359290675e-01 2.723795709552394029e-01 4.057686245114952572e-01 1.297614088691214501e-02 7.388942715210572443e-01 4.256603768424642442e-02 1.970235115496059841e-01 3.852329381082858495e-01 -2.997148755118392294e-01 -4.126768511885087753e-01 -9.471282947077470926e-02 1.287372139284583605e+00 5.158089056464081334e-01 -8.202707055289307214e-02 3.549733033647347047e-01 1.481037758183212094e-01 -2.145740831777303015e-01 7.306566128363365387e-01 2.552370511411619636e-01 2.287013659381808284e-01 6.251339908451722938e-01 4.856831530501501959e-01 -9.950637922304842453e-01 -2.851277535312786160e-01 7.588069848551585173e-01 -4.206876949213684269e-01 7.355876273804629051e-01 -1.502889549835154381e-01 -4.727561848618377360e-01
-3.094613278144793256e-01 1.003610339529584644e-01 -5.555716011324086656e-01 5.137241385761012191e-01 -2.529295212872839649e-01 2.110841078657012815e-01 -5.755946520994601467e-01 2.027021375670961245e-01 6.963903465210362631e-01 3.501013351476277291e-02 5.254029184503273830e-01 -2.490428337646293788e-01 3.275053056619387504e-01 -1.067419581035864984e-01 1.672083080384583753e-01 3.299975345702270690e-01 5.809520331440636287e-01 2.689405801867158496e-01 8.587619642085086991e-01 3.551322019667238483e-02 -2.414474019942313143e-01 -6.320649478753066763e-02 -2.439654976899796046e-01 2.212189596008519443e-01 5.422641828457407387e-01 -1.266216800556841937e-01 -7.119345384410665778e-01 -3.675869635255538115e-02 -1.466859514145711363e-01 -4.248383491915866950e-01 1.726901173391513500e-01 -1.262327447775066780e-01 2.424583793034665660e-02 4.888945575832515100e-01 -1.227971738183384343e-01 -2.132347231210428851e-01 -6.875972758794347550e-01 -2.343182908120449159e-01 -3.705682140380034961e-01 7.636609624958250464e-01 1.421639822800157271e-01 -1.077012154257914078e+00 2.727959267422027656e-01 6.504024604722263847e-02 -1.886206215448870682e-01 -2.592545032080878498e-01 1.060926105834801403e+00 -1.375157945837270079e-01 2.355202995737058491e-01 -5.776480702098051312e-01 3.173615704831987405e-01 -4.420666328562226632e-01 -2.803555602412590164e-01 1.978707300063685393e-02 8.817761014694561750e-01 5.735243905471962278e-02 -4.794675745862466386e-03 1.033785911396414431e-01 -6.421651455407617615e-01 5.586997817255386911e-01 8.818009043539139225e-02 4.320856136301882700e-01 6.116905999733784904e-01 -2.684229861332315115e-01 -2.593945026659131292e-01 5.056591438585535947e-01 -1.280580213429260115e-02 3.052460848980733665e-01 6.136968985063641080e-01 1.200657930234062948e-01 -8.943454037066184137e-01 1.080845453763544517e-01 3.093349862854858356e-01 6.771209194627654249e-01 1.428654261196368180e-01 7.605765278255588457e-01 2.607169671572933667e-01 1.379392588762795580e-01 2.208534234114629402e-01 -3.147548238456011616e-01 -5.798892757774037898e-01 -6.778685810082750451e-02 1.062228068270658632e+00 3.400895475531561241e-01 -1.257506158629133168e-02 1.859228494858607417e-01 -1.565332067205017774e-02 -3.618819239291519441e-02 4.354608349738753881e-01 2.243524754957141321e-01 1.572155537735905051e-01 5.982761215088823192e-01 5.868861779891617614e-01 -7.899878694734736584e-01 -2.549511505858386151e-01 7.287207418765845324e-01 -2.872144269271761918e-01 6.549161974803382469e-01 7.265323195103554586e-04 -2.741733543238328852e-01
-1.244665181220643113e+01 -6.642132376977297525e+00 -9.040050005625904772e-01 2.423782744477728457e+00 1.462313863688466142e+01 5.104331919641303728e+00 6.021031702368638605e+00 -1.922877927823460809e+01 -1.473464207788732772e+01 -5.807457832775219098e-01 3.401584354575736491e+00 -1.815916187252081926e+00 -1.898498270123055320e+01 -4.271289971720294565e-01 -1.368777293586596722e+00 1.401395881321750814e+01 -2.165191424689711042e+01 -1.958192214064169434e+01 -2.253247535517984090e+01 1.372130082706358856e+01 6.771219779591932664e+00 6.113699015273219572e+00 3.230008345761251842e+00 5.823966009914760100e+00 -2.056574456311676968e+01 -5.488194604913290142e+00 1.822618302122891620e+01 1.278277128581090327e+00 8.515356623532597258e-01 -1.039878193870652190e+01 5.895013864068776144e+00 -5.302445779129508097e+00 -8.724722734662478274e+00 2.653538838766757024e+01 -6.414131740923449954e+00 1.714001172194828371e+01 -4.312029096778494441e+00 -4.855931119927493711e+00 2.516546599268722417e+01 -1.826665952865548448e+01 -5.870346437080610436e+00 1.983583870003288396e+01 -5.567751040252226780e+00 1.160641392448293452e+01 4.156510738889216405e+00 -1.664091750956697879e+01 1.624608495052535240e+00 -7.103487751149333285e+00 1.370368153845569736e+01 -1.523630552995813403e+00 -1.721297482728897421e+01 -2.481477818697206317e+01 6.039940575128348144e+00 -8.174731767942349236e+00 1.147618426814359971e+01 -1.584084262579694169e+01 -7.242257070122279927e+00 -5.434825709264998750e+00 -1.574390343635936595e+01 1.820539098857732796e+01 -7.486693264177001872e+00 6.137590941505241204e+00 1.727477782421474206e+00 -1.026188283791536371e+01 1.929841084350832858e+01 -5.626069565069126144e-01 2.541435200771411118e+01 -6.622972662348799666e+00 -9.264903882129546631e+00 1.054486052669309082e+01 -9.904768695231593867e+00 1.977849633743155877e+01 1.430124631836383919e+01 -1.464153436271922892e+01 -1.728081070991959178e+00 7.172095903205481626e+00 1.687537882400156519e+01 7.565575639440998756e+00 7.712279822460810230e+00 -2.083049241240490090e+01 -6.507880897919068097e+00 -9.448351790348795021e+00 1.175554498328851238e+01 -8.031197552015939323e+00 -1.724083203203691284e+01 2.573132464754358750e+00 2.228322650701869989e+01 -2.519895395442008734e+01 1.092580265660584971e+01 -1.173173000671419963e+01 -1.976831369012672646e-01 1.651806926244926643e+00 -4.727014394622270466e+00 2.206218580533203966e+00 -2.675535459806951621e+01 -1.027034610659705116e+01 -1.483302505658774706e+01 1.062578996280316623e+01 1.175177156768863362e+01 -1.408841707081195516e+01
-3.306657861860421987e-01 -1.702749394557329099e-02 -6.554412706384350473e-01 4.958515480553467580e-01 -3.145587599271290058e-01 1.275827479696562544e-02 -5.532336410135495486e-01 1.883294006668894405e-01 4.803945907897981815e-01 -1.515847853712042892e-01 6.781164941495956278e-01 -3.309315327762826220e-01 2.193337450446078696e-01 7.855232833812443582e-02 1.304680890905322577e-01 4.845595102910577046e-01 4.456052819516884700e-01 2.436461620990123811e-01 8.666694538252599500e-01 3.865000932161847397e-02 -3.978509620116048029e-01 -6.001472374822080375e-02 -1.567909240577512187e-01 -6.165866828087804979e-02 5.002973646156834153e-01 -8.143746129372705922e-02 -5.975633291038037198e-01 1.390944915640127399e-01 -2.947713309222648181e-01 -4.110763380270214262e-01 -7.859218450345872853e-02 -1.257642089141471076e-01 1.347973510924757312e-01 6.068913155644318769e-01 -1.097816682347970973e-01 -1.768933800661893485e-01 -8.515803616513194507e-01 -2.553806872368207248e-01 -4.096149281766867101e-01 7.804925645589022576e-01 2.110439147946491234e-01 -1.230517826603142240e+00 3.300913868423532849e-01 -6.516655265251605766e-02 -2.123689922659118823e-01 -2.637022087577527429e-01 1.110652538691847546e+00 -3.286942100591314642e-01 4.942698718700235805e-01 -6.790007592047394569e-01 1.883530355974862569e-01 -5.289679880433145742e-01 -3.622836063617295155e-01 2.444854409224734015e-01 1.121301207345843931e+00 -7.348451881664812280e-02 -1.073339643773682101e-01 -4.811109730872725060e-02 -7.597853135101894084e-01 5.200728410071668861e-01 -5.717716143792216099e-02 5.305315335078111261e-01 5.685467805202828462e-01 -1.627201607743672396e-01 -5.669109378566569157e-01 5.189205196572976853e-01 3.065269007160561707e-02 3.085214297670823558e-01 6.115174757939716432e-01 -8.305339338080956757e-02 -1.039961947644974627e+00 3.820549075488489238e-02 2.087546067788329796e-01 5.445708947517214904e-01 3.055522386636010113e-02 7.020371460344287939e-01 2.623816601361423154e-02 2.171039619203443405e-01 3.985013245931229853e-01 -2.930629416511925101e-01 -4.060183181819495002e-01 -6.511546105971563470e-02 1.200921823145102429e+00 4.505999504234475816e-01 -8.320787596422415944e-02 3.093523013426960899e-01 3.696321141254479969e-02 -7.526974393791747986e-02 6.379264091592281583e-01 2.839186562499160238e-01 2.163651534287475697e-01 6.359083861384099423e-01 5.106074411407731661e-01 -9.966078537741622778e-01 -2.428036108367185864e-01 8.394519148611895298e-01 -3.832184135108891443e-01 7.334944654308427348e-01 -1.265995638272664758e-01 -4.004459491247268632e-01
-2.794689689231156127e+00 -1.004935382121052934e+00 -1.324352153736802373e+00 1.607202623768673622e+00 1.814671478416767458e+00 1.877432892604780912e-01 9.399714662528557696e-01 -3.315375006599103336e-01 -9.078087810510184763e-01 -1.366623663646921116e+00 -8.282393569246698783e-01 -1.890666682899491136e-01 -1.125493857769307021e-01 -1.157590139612097779e+00 3.086838536054680171e-01 2.062219558946654985e+00 -3.077077843301215143e+00 -1.279045165772698667e+00 -2.632657876652036322e+00 1.653354009827372906e+00 1.056069346375879681e+00 -5.773236272001670555e-01 1.371677947876408510e+00 1.491776770245821115e+00 -6.934194764675999378e-01 -2.066557785546000725e-01 2.416110295743986391e+00 2.088515142262274082e+00 -6.511201853443590037e-01 6.078170469488651806e-01 1.088817824796410649e+00 -1.170303638549598929e-01 -4.693189718498834706e-01 2.869887844523456355e+00 1.260221361764316261e-01 3.714584457225369452e+00 -1.790834034945811393e+00 -2.059452162313185897e-01 1.822411201149849225e+00 -1.019974999698363360e+00 -1.996012635137722757e+00 7.453402101022358339e-01 1.514510716752079655e-01 -6.985633304608064587e-02 2.320518320289054887e-02 -2.298407406670352149e+00 2.623931518810645791e+00 -1.249936267368910281e+00 9.628275921365494483e-01 -7.040106514323347664e-01 -3.133927883430870587e+00 -5.796467704898802253e+00 6.330964159361953669e-01 8.216099873149776411e-02 1.994686428191822403e+00 -1.755284641616087438e+00 -8.435510791739291303e-01 -1.423195423466160570e+00 -1.993956988148982923e+00 3.257286443239391982e+00 -1.862530458506162168e+00 1.916569915954087766e-01 1.827426753044123942e+00 2.544702581207157199e-01 6.762402409792241942e-01 6.425296293714439777e-01 3.818740229173016587e+00 1.661789718380568992e+00 -9.088844718130054678e-01 5.642212800071659817e-01 -2.559325107381130504e+00 2.982205423830015967e+00 2.158244066960933960e+00 -2.755653803673296931e+00 -5.498940083021514047e-01 1.880115242570395306e+00 1.174352526598488433e+00 9.743325379369635608e-02 1.723868744872744385e-01 -7.951004515221883340e-01 -1.129175004976491703e+00 -1.044525322327128025e+00 3.063269835042999656e+00 1.345990434949179582e+00 -5.639408227021356357e-01 1.024451948052333528e+00 2.982377085733407984e+00 -3.699223792942035960e+00 3.043758179906487449e+00 -6.976884634170263944e-01 6.748128290367956250e-01 2.597862982069146232e-01 -2.691313815736007253e-01 -7.587939680228420469e-01 -2.039004768728619688e+00 -1.506594111308373174e+00 -1.713410571195432386e+00 8.996800184764638386e-01 -3.039315972704680346e-01 -2.315407041585441306e+00
-3.540698292382175039e-01 -3.666728082368689301e-02 -6.664309803181384106e-01 5.023951605928291819e-01 -2.999085133713749740e-01 -6.104639392132577523e-03 -5.387297115715479201e-01 1.850818412367121746e-01 4.531669308937247287e-01 -1.817414758461081137e-01 6.725822346404669583e-01 -3.337534674750013974e-01 2.088590884627927746e-01 8.580215521151721147e-02 1.294805142540785270e-01 5.083733152019995760e-01 3.955474255630405112e-01 2.336244406608786184e-01 8.326945449013075651e-01 5.353964084120576422e-02 -3.960698840543908084e-01 -6.297764683945505926e-02 -1.355914140387006195e-01 -7.055514758127218178e-02 4.836879599596733414e-01 -7.433049023062010541e-02 -5.553912159244555058e-01 1.722508607281355297e-01 -3.117509060306581370e-01 -3.941924069500846173e-01 -8.509419751266820986e-02 -1.259173772931949653e-01 1.373686198301556638e-01 6.324669687000494811e-01 -1.075986611613862914e-01 -1.345288070663643032e-01 -8.719292904169088088e-01 -2.541226414442629422e-01 -3.962881284996660480e-01 7.646874523596870477e-01 1.967491431448409600e-01 -1.220723095801386382e+00 3.418301650425893401e-01 -7.697838431663292513e-02 -2.098485486453038618e-01 -2.821632207490156197e-01 1.128607610048608656e+00 -3.500330077112875915e-01 5.180548860285697499e-01 -6.894258119168193977e-01 1.426662076372277599e-01 -5.854769163080427719e-01 -3.618212579186652622e-01 2.588577579058654599e-01 1.147567011539221138e+00 -9.913098111121404488e-02 -1.240934022957562860e-01 -6.830030518813051676e-02 -7.765057122552566637e-01 5.414747664991155229e-01 -8.919785755630850466e-02 5.343641449057821013e-01 5.742401971865611632e-01 -1.449350101178468742e-01 -5.796047149277530064e-01 5.241044449379574921e-01 6.888919441502786012e-02 3.240513840029222714e-01 5.937945274995422018e-01 -9.443763528801235596e-02 -1.064426538129751298e+00 6.073133667161097204e-02 2.180535094799647688e-01 5.007244515238591376e-01 1.956840992875855806e-02 7.036055095186484198e-01 1.414386601561035822e-02 2.150208729302799937e-01 4.064772166495854155e-01 -2.924425953975839931e-01 -3.934733068801951616e-01 -7.417900639186750245e-02 1.229698989773381212e+00 4.739138956303518557e-01 -8.902095939862787743e-02 3.261677460481244295e-01 6.850267445615453032e-02 -1.142444390863903980e-01 6.717223922567799876e-01 2.821680655503179258e-01 2.220957739430834410e-01 6.348899834726655644e-01 4.969350202844840525e-01 -1.006439033806109107e+00 -2.517887669915765403e-01 8.248433391905479750e-01 -3.999481113990979164e-01 7.345088568423638886e-01 -1.430250539165266732e-01 -4.248320489801891142e-01
-1.325571760774386121e+01 -7.742244089423607534e+00 6.811658708097874992e+00 -4.476417471390219838e+00 1.987415338168823808e+01 3.305452750851232580e+00 5.492053933039872327e+00 -2.718357440432354366e+01 -1.373298203037189857e+01 7.617610084582970842e-01 1.086318569314036786e+01 -1.860874139931527838e+00 -2.886999322252922084e+01 -4.194064776943658424e-01 -4.412755611958000479e+00 2.236081813424620179e+01 -2.871470451847797278e+01 -2.586076633084734056e+01 -2.076168640391716380e+01 1.670986422703954233e+01 1.074808294817558085e+01 1.132246237338094375e+01 4.916724543164658456e+00 5.577906687013122422e+00 -2.805602607993829167e+01 -6.156154123518575716e+00 2.532686176320761362e+01 1.329154372634406167e+00 2.455317888956794814e+00 -1.479000010000016019e+01 8.109171540792560862e+00 -9.442020124820343696e+00 -1.028650447446179328e+01 3.675460762459241693e+01 -1.183036779355652435e+01 2.207248292029283476e+01 -2.437637256812102304e+00 -4.724670037653957877e+00 3.040279355708452869e+01 -2.454106885755819789e+01 -4.597941780866515060e+00 2.342673255937018340e+01 -4.168252511517215098e+00 1.800341437822240209e+01 5.300824769249437018e+00 -1.826041612643168932e+01 -3.313240898591102379e+00 -1.231035611283761000e+01 2.454769768240022998e+01 -4.581692076482362097e+00 -2.334618262535863309e+01 -2.492740844495788011e+01 5.505277725564519997e+00 -1.708292732024233374e+01 1.511622379050555232e+01 -2.460899767438903041e+01 -1.225138806940674563e+01 -4.445262493538236548e+00 -1.633624615973010563e+01 1.526399138412458711e+01 -5.019993370040911174e+00 5.016090739176482849e+00 -4.632587193761704469e+00 -1.288052756679984689e+01 2.283118361299103327e+01 2.983699238539061938e+00 2.907579457446224325e+01 -7.471271244631498831e+00 -1.171137244461219673e+01 1.806274662855656743e+01 -1.816440639079637265e+01 2.000364084658484387e+01 1.829807720294606099e+01 -1.408688623781933380e+01 -1.753405744979607661e+00 6.790350931672578305e+00 1.973739073539122302e+01 8.152359768273486296e+00 1.555320402910175837e+01 -3.170279318593216900e+01 -6.319597655883961274e+00 -8.149970390636180895e+00 6.731507783384298449e+00 -1.285064784457466835e+01 -2.651134868849519677e+01 1.233653839638636107e+01 2.741718486002453048e+01 -3.097786681685322208e+01 6.560819138633754655e+00 -1.229897853264419361e+01 3.486567780209183454e+00 5.116575952544381245e+00 -6.366254652428094296e+00 3.906461625194469267e+00 -3.265850639539845446e+01 -7.062395083984161381e+00 -1.848340129552805067e+01 1.287914869153529729e+01 1.775350337157897940e+01 -1.515776904397319491e+01
-6.992834248369040218e+00 -2.262876399113012305e+00 -2.816296529277165561e+00 3.545340238345508155e+00 5.635544772313505923e+00 2.715756646342589509e+00 3.545835724917051124e+00 -3.008865443235054560e+00 -4.758833531927047389e+00 -1.775039151168153140e+00 -2.592998891836099773e+00 -9.952695677598124568e-01 -2.505295977280303177e+00 -3.291893970423151572e+00 2.339492374209391212e-01 5.284937010202431118e+00 -8.447584236346045827e+00 -5.797932044694904086e+00 -9.538358593868498048e+00 4.908817884931509390e+00 3.372564309479535449e+00 -8.199002825939114558e-01 3.363407125868355330e+00 4.042105182498540117e+00 -4.148307509017874040e+00 -1.538805138163645170e+00 6.790747251575701249e+00 3.921603736637967241e+00 -6.844641488176567146e-01 8.130984674706856485e-02 2.867864810117529917e+00 -1.700138620896766706e-01 -2.259305882560825207e+00 7.995773594087459912e+00 8.916380601374253312e-02 9.590425780972926972e+00 -3.249132820712489433e+00 -6.410729631235265735e-01 8.040393637355997214e+00 -4.792097710531506571e+00 -6.058633696307565764e+00 5.642028595672411662e+00 -2.518130871882378496e+00 1.977962395823476438e+00 8.501854533185861929e-01 -6.009612384154782383e+00 4.442521807899525221e+00 -2.284375022158124047e+00 2.069952262535027732e+00 2.909189965576740033e-01 -7.487992315390195941e+00 -1.382275068422593201e+01 2.197178978949490880e+00 -2.862482401948884259e-01 3.455069907004360452e+00 -4.627123787026462765e+00 -1.169424700223445690e+00 -4.079046438769343474e+00 -4.897637676358500336e+00 8.602789380060753999e+00 -4.375050095626464852e+00 3.796815173892880702e-01 3.559492338320919824e+00 -1.528587262097101274e+00 5.186412033846480085e+00 -5.967415684364103801e-02 1.098343766455912096e+01 1.779673449706461019e+00 -3.240487501139757143e+00 2.623140333122234047e+00 -4.286147504056788016e+00 8.264639889851428833e+00 5.861347469509024855e+00 -7.613924785604011980e+00 -1.346197603523581421e+00 4.328898283565595584e+00 5.210448476739442114e+00 1.482395764544560013e+00 8.405746826810780448e-01 -3.566154427993327936e+00 -3.525283907866749722e+00 -3.266287892618200850e+00 6.571606776855918319e+00 3.324453272444696794e-01 -3.702380307210111354e+00 5.565815906004955016e-01 8.499950913047241485e+00 -1.002032460192017105e+01 7.559153029867113460e+00 -3.642245174713333089e+00 1.549382744870402062e+00 1.990704799893628849e-02 -1.983197672140081913e+00 -2.364463691043180993e-01 -8.126620296449805991e+00 -6.001237721969078009e+00 -5.328471667643619014e+00 2.452830978635646808e+00 1.249630854711753836e+00 -6.159916257175666487e+00
-5.506226615619166154e+00 -1.781023962697607210e+00 -2.201296812012491610e+00 2.870757878513716665e+00 4.254923041514800275e+00 1.605944400918806192e+00 2.671461827391971244e+00 -1.699019512040297331e+00 -3.130004160904954258e+00 -1.764732874625071446e+00 -2.162209622210427895e+00 -5.503865977767729012e-01 -1.279557281492947896e+00 -2.723562319894195394e+00 3.061268378227368081e-01 4.005249916076947692e+00 -6.463580243920993951e+00 -3.887351881898453154e+00 -6.891751175194435142e+00 3.608559576228765220e+00 2.625758091802105731e+00 -9.210318291843944127e-01 2.755559095472599029e+00 3.233314066344504578e+00 -2.548263205057677894e+00 -9.244316146699464998e-01 5.222789705122853121e+00 3.493402505865359053e+00 -7.381085602426118442e-01 5.933090606910098597e-01 2.324139012730815246e+00 -6.955781877108586919e-02 -1.452006761017281322e+00 5.878602959921932936e+00 2.780165975237852694e-01 7.560560992303116734e+00 -2.675843204239021667e+00 -3.238441513221848589e-01 5.453824654319060272e+00 -3.303848833842455424e+00 -4.674934871495318944e+00 3.679766545414998369e+00 -1.375817108775899689e+00 9.468603833011701720e-01 4.903624161719615793e-01 -4.589042762036075196e+00 3.877328373236357706e+00 -1.907519086433641764e+00 1.470696012490252169e+00 -8.600069521883527135e-02 -6.015031671561411386e+00 -1.102430669660099305e+01 1.602415878706289432e+00 -1.084048478747230287e-01 2.762609812543618482e+00 -3.524591428415259298e+00 -1.094777810044163191e+00 -3.130448684578916119e+00 -3.608753149955809647e+00 6.554251158771322139e+00 -3.437332157426763235e+00 7.442978823889143114e-02 3.023478831331524841e+00 -6.060778087657739954e-01 3.255079355435482658e+00 3.213621567092804221e-01 8.247857064726110465e+00 2.133602659936931101e+00 -2.362722455905672980e+00 1.804404421664600022e+00 -3.742069354748316368e+00 6.237900527962754182e+00 4.520423892123946352e+00 -5.873486084657065120e+00 -1.142447794855705245e+00 3.451208085298613337e+00 3.525288834688071749e+00 7.798194459515024324e-01 4.101787536170230508e-01 -2.224649521478558878e+00 -2.620040627530012767e+00 -2.373956252626941321e+00 5.110737336846125523e+00 9.858856781397711266e-01 -2.242022135270601346e+00 9.187494127004534050e-01 6.381804101238722993e+00 -7.638255338511070747e+00 5.862373679494753631e+00 -2.364705822525942303e+00 1.292516340131605546e+00 1.640632713682519880e-02 -1.318006481382340445e+00 -4.259025364131003855e-01 -5.493472474248741300e+00 -4.336178884349454421e+00 -3.837310614848920665e+00 1.647578962968297311e+00 4.259246984334665864e-01 -4.650308468263796513e+00
-3.229230519786797093e-01 -1.009077012400979578e-01 -7.293640435999100280e-01 4.687123135608968760e-01 -3.904228941587328250e-01 -1.419208765163826602e-01 -5.477574329883478921e-01 1.776665254096289059e-01 3.150588452468175427e-01 -2.890997812691009083e-01 8.164132464325527527e-01 -3.978589919590167501e-01 1.293649504354205948e-01 2.393468124373773487e-01 9.870934877069123536e-02 5.965403440738732410e-01 3.680007193696488987e-01 2.357175481881615131e-01 9.025447762333829171e-01 2.618614303123154019e-02 -5.433642501993166674e-01 -4.929421619982402025e-02 -1.011569107485237734e-01 -3.098512718827968193e-01 4.719622945877931519e-01 -4.557474053720254187e-02 -5.358730177200471401e-01 2.632701169086745785e-01 -4.132997805339127528e-01 -4.101928299890928997e-01 -2.934598355938234371e-01 -1.277687373084311628e-01 2.288786004087740300e-01 6.781166305118783155e-01 -9.895052364345921503e-02 -1.875094681599016044e-01 -9.783285032078750110e-01 -2.674511480339667457e-01 -4.587264501618680268e-01 8.101969600375833469e-01 2.867232699982285027e-01 -1.369274512046071202e+00 3.763301139905257386e-01 -1.700375222194328295e-01 -2.314839903430952472e-01 -2.441714861673867087e-01 1.132726275190034881e+00 -4.754328446453686130e-01 6.966098462352422471e-01 -7.542889785326549745e-01 1.219746559927523816e-01 -5.423690212455199999e-01 -4.439450506778891969e-01 4.289376700588595770e-01 1.305991664594366997e+00 -1.628547502417615755e-01 -1.796568242897986500e-01 -1.571378810665552406e-01 -8.390008143166375332e-01 4.612362384334760534e-01 -1.595935736818375750e-01 6.185082501028166257e-01 5.198626423346600633e-01 -8.836971129258529289e-02 -8.217395589210341189e-01 5.274884980050738026e-01 2.998851016940626973e-02 2.926649988144632286e-01 6.236701631741216056e-01 -2.522679706462059857e-01 -1.137027120756814336e+00 -5.162245184729055691e-02 1.056088851020644953e-01 4.754270757748612630e-01 -5.742361885209644468e-02 6.382021679209911591e-01 -1.714443998369123145e-01 2.841889346948114348e-01 5.461579960189018035e-01 -2.706535227220491779e-01 -2.570618022495870236e-01 -5.534778284172320317e-02 1.291369424564742241e+00 5.269669941732930685e-01 -1.397672849927197591e-01 4.000340867627853458e-01 4.916106232634938344e-02 -6.932990674130785902e-02 7.792292202944998136e-01 3.407651835553827113e-01 2.620386107813172938e-01 6.702075165301235593e-01 4.551049712554552373e-01 -1.161712711345175286e+00 -2.221557153567555176e-01 9.480475117465353430e-01 -4.493920301750041757e-01 7.973497769795436785e-01 -2.271881444677168738e-01 -4.850232456329395814e-01
-1.338938134348678055e+01 -7.768232672395364524e+00 9.168772339887542699e+00 -6.612731635322147916e+00 2.119349321166823330e+01 3.075459137250975861e+00 4.988292277104889649e+00 -2.871551209006829097e+01 -1.270778076451130367e+01 1.165226823599532002e+00 1.254496416496321487e+01 -2.359957604332193259e+00 -3.118670665550887122e+01 -9.092138034871662944e-01 -5.253957617896052312e+00 2.503390508650307567e+01 -3.071178812206234454e+01 -2.759374635897976091e+01 -1.935325659057523495e+01 1.743498621900344148e+01 1.184113093005187700e+01 1.263431253779392804e+01 5.968821995789478585e+00 5.459633453435139394e+00 -2.971396990268371141e+01 -6.217273832445482817e+00 2.682481002054382202e+01 1.876912348596557756e+00 2.985428774675244146e+00 -1.528906061367712077e+01 8.819416385467002684e+00 -1.046734756072509143e+01 -1.057318291988103809e+01 3.905385545623410337e+01 -1.340967801745577859e+01 2.394804340164174761e+01 -1.857674286168546240e+00 -4.039267761009567081e+00 3.166912341739181258e+01 -2.573691565627961353e+01 -4.679027945973742497e+00 2.364419588087772084e+01 -3.673128985787266654e+00 2.003606858920047529e+01 5.489255434057499272e+00 -1.806554368721713999e+01 -4.541790652503625125e+00 -1.373878299059506070e+01 2.747562275586998481e+01 -5.211803965152162377e+00 -2.484517987035687270e+01 -2.443533324942395879e+01 5.195385627125019390e+00 -1.955830555875216703e+01 1.601674345756977758e+01 -2.658297596100516103e+01 -1.304538839927744220e+01 -4.111035492345132880e+00 -1.573977727941221794e+01 1.383565858356373823e+01 -4.162184564990299762e+00 3.965030677607950693e+00 -6.713782071324841283e+00 -1.324247898275522495e+01 2.341754692992671494e+01 3.919718541615429430e+00 2.986809257841662202e+01 -6.898281637165245783e+00 -1.228839206164145814e+01 2.019084391553709779e+01 -2.070490979281235155e+01 1.945951342434987552e+01 1.896963339873143894e+01 -1.360135513356546966e+01 -1.437072777570291171e+00 6.504843047765668906e+00 2.010000311946507878e+01 7.690085997801709539e+00 1.808171732509165963e+01 -3.427703622641661951e+01 -6.243745612582293880e+00 -7.202766564978508868e+00 4.920898709008408645e+00 -1.411937380239002771e+01 -2.894990435610176505e+01 1.529561585052227635e+01 2.820533680692550504e+01 -3.217570722683869633e+01 5.260345026459464002e+00 -1.217682570902445249e+01 5.090968440711245435e+00 6.287716274744457934e+00 -6.953857863266267536e+00 4.376970855595419430e+00 -3.375262375152596661e+01 -6.200729832605712311e+00 -1.936507439451078127e+01 1.318680482927977948e+01 1.920400903353878519e+01 -1.485615813875304347e+01
-3.574354539771427697e-01 -4.557366226627880545e-02 -6.348805992330793790e-01 4.750369406424438390e-01 -2.717169453483445074e-01 1.451060323923604456e-02 -5.269346195711834824e-01 1.806940415494762420e-01 4.618327965019848325e-01 -1.847985069102352773e-01 6.093251728792193900e-01 -3.192451414812423338e-01 2.081993274389633830e-01 6.443791533889962897e-02 1.131948102276339602e-01 4.902994658901731473e-01 3.427488702541870436e-01 2.346449351575752573e-01 7.677345630842321578e-01 6.098293951648858097e-02 -3.643362462737153584e-01 -5.743940174365686629e-02 -1.491116037029657504e-01 -3.476570049846802041e-02 4.608071903032074368e-01 -5.719063354553460127e-02 -5.195973478170238247e-01 1.805012288072098958e-01 -3.049562390739208317e-01 -3.647387413591327010e-01 -3.978776446093659769e-02 -1.081229718014857094e-01 1.165813680430027172e-01 6.132207974354237923e-01 -1.189633584553332624e-01 -9.145872542175434439e-02 -8.386867472246603006e-01 -2.262768105262898399e-01 -3.783219780479771255e-01 7.238307217814641259e-01 1.628618856289014427e-01 -1.136410437089986347e+00 3.486182230546475691e-01 -5.962082747812554734e-02 -1.866854292598551235e-01 -2.925699749388514515e-01 1.095685700618554526e+00 -3.126500586158970085e-01 4.804743274665890240e-01 -6.531067157759846697e-01 1.119461234063025140e-01 -6.182399307698778212e-01 -3.511310176875171996e-01 2.265883089888683921e-01 1.106210366739925677e+00 -9.705138906356575168e-02 -1.394378977704281153e-01 -5.588049021462972166e-02 -7.419008170276908398e-01 5.532117538881141661e-01 -9.708956276873345614e-02 5.167768625403714733e-01 5.596331107875239796e-01 -1.519967406696774992e-01 -5.191886658050524073e-01 5.181138898478557797e-01 9.632445515024101734e-02 3.276057924796655918e-01 5.531962131249871240e-01 -5.695152296295176442e-02 -1.025328551964893142e+00 7.597620646113580067e-02 2.415959215797870985e-01 4.792482822402401310e-01 2.870789768228351052e-02 6.749614050837505763e-01 3.957603622589211251e-02 1.713540405108096576e-01 3.759154385868688220e-01 -2.806078784971039464e-01 -3.814584488186967270e-01 -1.109957533341605213e-01 1.208255313690389743e+00 4.854079781512857794e-01 -9.358186605421028870e-02 3.059597066459531778e-01 9.448269509517566445e-02 -1.606689034346817091e-01 6.373986299146945367e-01 2.743421359172432683e-01 1.961128839720448491e-01 6.198008893862194668e-01 4.765621029390342267e-01 -9.347150915404156546e-01 -2.595971908858931698e-01 7.712120810409553995e-01 -4.079853531170592462e-01 6.964377827388614772e-01 -1.358768880656920919e-01 -4.192102457364171864e-01
-5.694332570999921517e-01 -1.607032219096750925e-01 -7.433956739083532606e-01 5.968107020634612070e-01 -1.322610288603531248e-01 -7.124722457139738563e-02 -4.230923170876308426e-01 1.593967144447001882e-01 3.393486818822778472e-01 -3.599105179563974466e-01 5.664267340362962866e-01 -3.147623965850326333e-01 1.954894107786802060e-01 3.353744595515119331e-02 1.508076076372772967e-01 6.717075719157385993e-01 3.862129980490813796e-02 1.346624697216917965e-01 5.432423979889610122e-01 1.944173907470491125e-01 -2.925246466294083025e-01 -1.044477030528596362e-01 1.816715051404412667e-02 2.397187307816537466e-02 3.771738172679761636e-01 -5.460441722274527593e-02 -2.478424546351606361e-01 3.908266717652106315e-01 -3.753827497213132469e-01 -2.537372597917115224e-01 -2.424061508105931559e-02 -1.394388546063771994e-01 9.849354305694854594e-02 8.395178940290426439e-01 -9.981439168816542973e-02 2.379824104832204135e-01 -9.922414526673525303e-01 -2.655294944538265089e-01 -2.525643600940554734e-01 6.259844181524898410e-01 3.297441540768168700e-02 -1.109259181254860671e+00 4.052122241983242001e-01 -1.348852078500518969e-01 -2.049371069039280790e-01 -4.639566253936467377e-01 1.299394446033469652e+00 -4.828634243234830037e-01 6.120860345607450625e-01 -7.512446847066883704e-01 -2.005407721249533592e-01 -1.092355461914079173e+00 -2.694290837425181717e-01 2.690867320879223867e-01 1.287591968789067787e+00 -2.734959536283721460e-01 -2.331641752103958409e-01 -1.933880802284991818e-01 -9.156678232675505846e-01 7.725442833250673047e-01 -3.025131735639483010e-01 5.270734543063445576e-01 6.911087506141195824e-01 -3.414230841695353735e-02 -5.617273280464767371e-01 5.558708375053640349e-01 4.048226750388250195e-01 4.717389259659127143e-01 4.434760766497259366e-01 -9.088650450244858958e-02 -1.244242369798013614e+00 3.309157853878837985e-01 3.613338776655681261e-01 1.619138785353971544e-01 -3.462474520785825682e-02 7.884488637813603651e-01 3.653196218226561348e-02 1.789228161963672126e-01 3.921971976373151425e-01 -3.083581064665399940e-01 -3.971751138922414159e-01 -1.451664692189658934e-01 1.446192459294189936e+00 6.347547045677203181e-01 -9.494912297327429140e-02 4.444851725643254037e-01 3.373661777984257037e-01 -4.472325690693169653e-01 9.115140182773677768e-01 2.174499572901686939e-01 2.580890539645880888e-01 6.125957509256670930e-01 4.308750442047652451e-01 -1.021922911423682967e+00 -3.559260876471763702e-01 6.431046468906258529e-01 -4.996372961179833538e-01 7.506614660516423010e-01 -2.066781307510874577e-01 -6.097919024696016876e-01
-3.097490925484520208e+00 -1.093902290376537412e+00 -1.406092410411511562e+00 1.748472160344245019e+00 2.086212669612733883e+00 2.996272399903167627e-01 1.135383813604262881e+00 -4.358648288888936628e-01 -1.112605452537636763e+00 -1.441483265266249925e+00 -1.007475233244767177e+00 -1.988443280167285221e-01 -1.918248567731538623e-01 -1.347859429095284334e+00 3.190284018836956337e-01 2.256312641574067968e+00 -3.459268447626466791e+00 -1.522163367472301188e+00 -3.082350965667006282e+00 1.856189365463968066e+00 1.242303890069524241e+00 -6.362806064219452828e-01 1.539096137051940039e+00 1.700885275710501299e+00 -8.557171054816508082e-01 -2.619285408202950416e-01 2.739066241639223964e+00 2.277272006954479178e+00 -6.690293065947299223e-01 6.590949933890479784e-01 1.244756206099698836e+00 -1.064431855006869598e-01 -5.592793797051748284e-01 3.165878097636916966e+00 1.598901787434278965e-01 4.156590619370263973e+00 -1.883609957993911177e+00 -1.991482566252243125e-01 2.168602029445091617e+00 -1.258528382085869257e+00 -2.292514494663642211e+00 1.041185160968375101e+00 3.070308744748155572e-02 -3.816240580389262515e-03 6.581319188827805533e-02 -2.546243720143511968e+00 2.776732416151594496e+00 -1.326578692231852097e+00 9.959755305568384065e-01 -6.505873250515971096e-01 -3.480494752343935794e+00 -6.396055515304591488e+00 7.451307357428148537e-01 5.646448859101284995e-02 2.064346563700433901e+00 -1.945478021259413604e+00 -8.880539623243526304e-01 -1.603267192904641147e+00 -2.142676074379229245e+00 3.606575997387914345e+00 -2.039160641423993781e+00 1.493405843066244465e-01 1.972836905306999178e+00 2.130307589966428938e-01 9.154881337028001331e-01 6.287099195446727018e-01 4.289914438454280443e+00 1.773301757458253247e+00 -1.073264083759711163e+00 6.881661531106743057e-01 -2.706108790259486252e+00 3.334029501720314759e+00 2.418034700666587877e+00 -3.111668332194474029e+00 -6.221034663185377456e-01 2.048352045974971336e+00 1.395658707813575372e+00 1.334746863117587390e-01 1.660684666613266858e-01 -9.052720462563411674e-01 -1.277698494951615249e+00 -1.180068080031316580e+00 3.265662614391441565e+00 1.359326450642652784e+00 -6.898649673493655321e-01 1.049815757576747721e+00 3.343027928129331805e+00 -4.129450823972321771e+00 3.337867134403362801e+00 -8.509109157164380655e-01 7.420330568369045698e-01 2.173576378829555900e-01 -3.738125220035676821e-01 -7.162005653843902531e-01 -2.347361476203115416e+00 -1.812224342873362426e+00 -1.914026302196719875e+00 9.459886009269741214e-01 -2.647845180191230052e-01 -2.553742919957207480e+00
-8.619527011198469424e+00 -2.940309880306486434e+00 -3.512222047654272927e+00 4.230201789146488700e+00 7.279261537433341367e+00 4.086685451180254169e+00 4.386341575554384420e+00 -5.192214387799369391e+00 -6.978485999861770317e+00 -1.655768603704339537e+00 -2.724449569071921040e+00 -1.626806964511140263e+00 -4.638014128452820017e+00 -3.474038737100293428e+00 1.292635575816928339e-01 6.879982673707842444e+00 -1.094789061176001077e+01 -8.442865792012371529e+00 -1.281881378464274768e+01 6.663233420559310893e+00 4.075635378779873363e+00 -2.791488204946137031e-01 3.821336791745290284e+00 4.787046028086458627e+00 -6.691593079535074651e+00 -2.424774400384286377e+00 8.691798710656792437e+00 3.987217924183321660e+00 -4.939500604742377843e-01 -1.074167866764270451e+00 3.429490930174502239e+00 -5.314264038444649341e-01 -3.491775096941705403e+00 1.094356270941306519e+01 -5.261071889905009069e-01 1.174152489778688846e+01 -3.951211303526271479e+00 -1.283158315592019205e+00 1.154353283681544262e+01 -6.832813056221853643e+00 -7.297231372335442501e+00 8.259711624237899841e+00 -3.868055436580151163e+00 3.612830054238453492e+00 1.381111228506416211e+00 -7.901756777113719821e+00 4.872097553073925447e+00 -2.784004887844250486e+00 3.195464894993763849e+00 6.130441883350057353e-01 -9.187121838043470490e+00 -1.690385153966221310e+01 3.040489063693073923e+00 -7.560196464898816249e-01 4.621798663345049185e+00 -6.089667233426376391e+00 -1.367280703085265392e+00 -5.002175536430576663e+00 -6.846498800668370244e+00 1.115837285013576263e+01 -5.517744719894837502e+00 1.186285794660546511e+00 4.002530947210303225e+00 -2.969543692809405666e+00 7.932634040746915360e+00 -6.541813358979302606e-01 1.438037001942451987e+01 7.095113168993743002e-01 -4.391872580546867688e+00 3.703622122322870691e+00 -4.856491994579852367e+00 1.087223698467580846e+01 7.432014040028654733e+00 -9.628245601948872689e+00 -1.413929069436248742e+00 5.254265672844423918e+00 7.510388965627466717e+00 2.539652591004830651e+00 1.617367887011390781e+00 -5.785476247514520054e+00 -4.528722883095790408e+00 -4.498338962051183110e+00 8.501669246701062832e+00 -8.417627677681429610e-01 -5.804984477422991951e+00 -4.512560068419625703e-02 1.116668736818790464e+01 -1.302901279177543081e+01 9.450335374494747143e+00 -5.449327062654561793e+00 1.584489418574200670e+00 1.225609781168015278e-01 -2.743878982497612196e+00 6.608201318989674611e-02 -1.178238384052618315e+01 -7.911852210982314837e+00 -7.280128248595937102e+00 3.797645818483429192e+00 2.648491940963059399e+00 -8.035301720152149940e+00
-3.406311155859625406e-01 -2.113652634147876117e-02 -6.615828713742856193e-01 5.038964300465881285e-01 -3.084086838632210115e-01 1.054196673999168929e-02 -5.513351684188564361e-01 1.878266395474348371e-01 4.833635843785801245e-01 -1.592294311382231320e-01 6.761202656942237876e-01 -3.288335451382680685e-01 2.251972478821810675e-01 7.484468171894949340e-02 1.352748480143313170e-01 4.931327164126764195e-01 4.326205334466723396e-01 2.397170359858165900e-01 8.580527514615627904e-01 4.532582053388669457e-02 -3.914760229803023739e-01 -6.191572581484901944e-02 -1.495958970968109536e-01 -5.117057345584936218e-02 4.971656986905736431e-01 -8.149418495204241442e-02 -5.850194040394854911e-01 1.469069094629991690e-01 -2.952355043948691748e-01 -4.033587692082942211e-01 -7.398188203983532829e-02 -1.303356430120211351e-01 1.300114015951223112e-01 6.179776057080920149e-01 -1.112587279358510095e-01 -1.576586318590777192e-01 -8.584796016941025343e-01 -2.605459234528233470e-01 -4.043105174648690681e-01 7.784633786255550358e-01 2.047747574138672477e-01 -1.232594962861120802e+00 3.348538907696971267e-01 -6.904619760924161909e-02 -2.152479096352590549e-01 -2.734654739971229542e-01 1.126224694214869704e+00 -3.378246314716542575e-01 4.985689008754479179e-01 -6.867030796972736217e-01 1.742197342051982067e-01 -5.554832032720364854e-01 -3.536912335216993442e-01 2.409111859191631899e-01 1.130231109698999648e+00 -8.018088328275004006e-02 -1.118525160813987479e-01 -5.175568220604816888e-02 -7.714539858186024723e-01 5.333712505443921614e-01 -6.799208459385064351e-02 5.317705087621825699e-01 5.811913177822274346e-01 -1.563119799965801415e-01 -5.663506407471643467e-01 5.219889014189643683e-01 4.629610217888163737e-02 3.167894324162498498e-01 6.062290532311618296e-01 -8.188965132431630378e-02 -1.052382904387906715e+00 5.788696680866724231e-02 2.157650939802150392e-01 5.306638329904797002e-01 3.147482628804747912e-02 7.121359767822430520e-01 2.940738304056361024e-02 2.150923817020063411e-01 3.947482723916776459e-01 -2.955374468949401590e-01 -4.112342522580533788e-01 -6.382053779984794839e-02 1.216854486509963307e+00 4.604090023093718176e-01 -7.896756297304020900e-02 3.165934756434298780e-01 4.940221878398288330e-02 -8.965745650997548888e-02 6.507290942990272553e-01 2.791969450342101644e-01 2.183090927791964952e-01 6.375132125608400369e-01 5.130770009022250777e-01 -1.000059370832057537e+00 -2.473389584492912685e-01 8.318138393567748867e-01 -3.830382848880622415e-01 7.377185638301325676e-01 -1.277814545010801661e-01 -4.093703034254682072e-01
-3.588879895791683428e-01 -2.425877135798969186e-02 -6.610068759145681927e-01 5.128508257414893245e-01 -2.885017114650779146e-01 1.788707589848353291e-02 -5.408139739089191655e-01 1.863151244628679093e-01 4.843961477772762980e-01 -1.605246607655608782e-01 6.545432162329782866e-01 -3.215188198811744225e-01 2.296869632005245909e-01 5.690865504507853362e-02 1.389944040912839962e-01 4.953787264238930232e-01 4.116651361847413204e-01 2.315144267071043149e-01 8.320948397596561463e-01 5.748783511098806698e-02 -3.722725064469732947e-01 -6.578788857569832504e-02 -1.412672685291094521e-01 -2.611237220911669793e-02 4.907291747860330622e-01 -8.481892512735006440e-02 -5.670178596256558734e-01 1.539819053587268838e-01 -2.905187395146266449e-01 -3.936936228385382042e-01 -5.131673486805352069e-02 -1.303909130504733727e-01 1.204613379003415530e-01 6.272238853534005676e-01 -1.088592010351438627e-01 -1.302865591250522148e-01 -8.570905321940343047e-01 -2.588528263054168388e-01 -3.879315214675495005e-01 7.636440660130895397e-01 1.858131368320746768e-01 -1.210912522245645162e+00 3.338566330465843057e-01 -6.495311277729746979e-02 -2.121991825478035665e-01 -2.881232302683430779e-01 1.134491674040512876e+00 -3.357463397448340880e-01 4.886799762900297939e-01 -6.833502360241240359e-01 1.537366568683802281e-01 -5.907586109835095689e-01 -3.410378615405560976e-01 2.277579117969129041e-01 1.123813125643763788e+00 -8.589740516440443063e-02 -1.126982405355441974e-01 -5.318345729534876970e-02 -7.730379929896253888e-01 5.550000409764747067e-01 -7.412566428972773569e-02 5.226631607938010404e-01 5.923667670616982184e-01 -1.549157311618230004e-01 -5.437340504646649419e-01 5.224333925295986392e-01 7.154361135356974988e-02 3.287200820798158452e-01 5.941596670666244862e-01 -6.706034052483544894e-02 -1.056824109152649349e+00 8.304011326542803939e-02 2.351735280796586336e-01 5.101099736358626346e-01 3.256707826055849769e-02 7.222772900828672293e-01 4.712575238545047701e-02 2.080943004068805946e-01 3.831669188776363755e-01 -2.976974423704116801e-01 -4.236905621901876362e-01 -7.104566529517306051e-02 1.221331637421300353e+00 4.636592068544449496e-01 -7.624528230862540057e-02 3.188380326145591193e-01 6.774608836967049852e-02 -1.144942807821042324e-01 6.572114679857312680e-01 2.700269453678942888e-01 2.185905646028587224e-01 6.305737672893518830e-01 5.112705406053085211e-01 -9.869455530955889566e-01 -2.573379569002441913e-01 8.087599447973768951e-01 -3.862531844153646032e-01 7.330071305931589176e-01 -1.246049556475649356e-01 -4.164340732582242355e-01
-3.559136940726139176e-01 -3.229211788255327564e-02 -6.645638795467047055e-01 5.065076326904723869e-01 -2.952222442303608640e-01 3.620236030285196426e-03 -5.397177196480328343e-01 1.854575653056681483e-01 4.665086801711022524e-01 -1.738024910605591999e-01 6.660501575938549967e-01 -3.288405961938147826e-01 2.174765134933951682e-01 7.388885138130163455e-02 1.329353205331389454e-01 5.040628599943925980e-01 4.021946036321057405e-01 2.325797182487956416e-01 8.325128150168052965e-01 5.517242310254497073e-02 -3.862284361490565532e-01 -6.459023962211410397e-02 -1.383494686359913739e-01 -5.208023228407056282e-02 4.871767168639341561e-01 -7.830944896754460371e-02 -5.604368706669747846e-01 1.656639175399875485e-01 -3.032044200993692096e-01 -3.937690480983940255e-01 -7.229551538241621444e-02 -1.272924228534819402e-01 1.305387914599069610e-01 6.312676114146359430e-01 -1.090087392478368139e-01 -1.325774493289954004e-01 -8.663128630975529543e-01 -2.566821545297110485e-01 -3.934335100895861026e-01 7.642987262591530717e-01 1.922324383873401654e-01 -1.217777277486677523e+00 3.388408180842897299e-01 -7.282963630479882822e-02 -2.116583624429887178e-01 -2.849882392355785332e-01 1.130965956863766220e+00 -3.448846792329825495e-01 5.064845852672356097e-01 -6.870714642052415666e-01 1.469872145798694352e-01 -5.889063315957794309e-01 -3.520889658535423239e-01 2.463015768639110759e-01 1.138619763654559192e+00 -9.450091380532819885e-02 -1.206707576246055375e-01 -6.284639648221977681e-02 -7.763381601744048233e-01 5.468669010000337671e-01 -8.333046434059503127e-02 5.301166605490826855e-01 5.818870055085657578e-01 -1.486426979925028480e-01 -5.660315011706112953e-01 5.230368226465020864e-01 7.027295967725832870e-02 3.261835005625787209e-01 5.934597488716909508e-01 -8.375670116392042175e-02 -1.061674557901186589e+00 6.979228248660232503e-02 2.249722182640347679e-01 5.039518489601401141e-01 2.423239756803748784e-02 7.111683999186457772e-01 2.725466517022738858e-02 2.122781981370421567e-01 3.970632633644859966e-01 -2.943862646598754407e-01 -4.051008258421013308e-01 -7.334866507560051929e-02 1.227195432509313955e+00 4.708802186325632411e-01 -8.367888681171782583e-02 3.237578020286682734e-01 6.882279156022058642e-02 -1.148417830038305221e-01 6.663700384193340653e-01 2.768425439199178606e-01 2.203858778806989660e-01 6.335196164264877972e-01 5.025676775877460090e-01 -9.988089221677995955e-01 -2.542129494171145310e-01 8.184007076752568555e-01 -3.949725836085740682e-01 7.349871370248816094e-01 -1.352075454900642237e-01 -4.224017416200089858e-01
-1.318100797093682708e+01 -7.697810772086735476e+00 5.658767119856381811e+00 -3.429664003184257126e+00 1.920231285053133519e+01 3.465916291567719298e+00 5.687359024278271669e+00 -2.634003045458483072e+01 -1.415367728479387921e+01 5.642749094877216320e-01 9.966614689942350225e+00 -1.687357699681595324e+00 -2.766326478629250474e+01 -2.382985074704330186e-01 -3.985571873991773373e+00 2.107879464451029250e+01 -2.774236597702619278e+01 -2.500982522317022827e+01 -2.135371540992602846e+01 1.634574069809138663e+01 1.018986306854117529e+01 1.065525638086143445e+01 4.475850838505794904e+00 5.633235442133431192e+00 -2.718828169374086201e+01 -6.108974168917634451e+00 2.451027710646065216e+01 1.130709028238670033e+00 2.200798242520480841e+00 -1.444766814087821061e+01 7.773968559322242733e+00 -8.916230388574730270e+00 -1.013523032477863239e+01 3.553972424522702767e+01 -1.106022537868994071e+01 2.121851128413207377e+01 -2.715396478218403242e+00 -4.969059789497957347e+00 2.977443184031189105e+01 -2.388148977901297698e+01 -4.612018423959402647e+00 2.322530443706825309e+01 -4.397361662381794822e+00 1.703449644870124402e+01 5.193610285283563499e+00 -1.828457086855341274e+01 -2.677640043264464254e+00 -1.159466818647154795e+01 2.307638192241615727e+01 -4.230342666398786200e+00 -2.256943082950034096e+01 -2.511022632459911463e+01 5.644762955057511356e+00 -1.585127357876300458e+01 1.466808958566408805e+01 -2.354952693256113960e+01 -1.177094961994590783e+01 -4.603145449480546603e+00 -1.654374681410848069e+01 1.591545934986852551e+01 -5.431618880981521791e+00 5.442487340203116197e+00 -3.635578107611301402e+00 -1.266255884668817622e+01 2.250169301907168062e+01 2.497592107443976861e+00 2.866332175555367812e+01 -7.648693436452472127e+00 -1.141602167070654872e+01 1.700754044370054885e+01 -1.692721505929100090e+01 2.020658172673510578e+01 1.790217385481048851e+01 -1.428924070015574799e+01 -1.859312130778805860e+00 6.911775131312527520e+00 1.950904656254137848e+01 8.300029731614730011e+00 1.434726656020434810e+01 -3.036801291648345114e+01 -6.359750049220849633e+00 -8.553669982482704270e+00 7.591367162837708626e+00 -1.221848433640419351e+01 -2.528781926410996661e+01 1.088072493967907839e+01 2.694137065957650989e+01 -3.033568957753249506e+01 7.209440423631310324e+00 -1.233301546043164798e+01 2.749156056527584990e+00 4.557350706498734638e+00 -6.094841288079633657e+00 3.677089641919358165e+00 -3.205343675651106850e+01 -7.510474816940688747e+00 -1.803752564687262705e+01 1.269264938591549630e+01 1.701485436638617088e+01 -1.521858204409139148e+01
-3.245270371091495964e-01 3.158824808850776433e-01 -3.898806656336357146e-01 5.764073462391967606e-01 -7.878784088151809251e-02 5.775191619304034241e-01 -5.569238491660000179e-01 2.248666755910482540e-01 1.015790355615545204e+00 4.015121942420898371e-01 2.219499028489206605e-01 -1.235713605951813260e-01 4.949696668006097755e-01 -4.886996863004436364e-01 2.307310430234853493e-01 5.961327009805727356e-02 8.194960422304585768e-01 2.661496221011880881e-01 8.170204825929151538e-01 5.846038724374431200e-02 6.951389424671511330e-02 -9.799439641471099915e-02 -3.632939141386365423e-01 7.307962554316741466e-01 6.346984861937668976e-01 -2.425477297804920218e-01 -9.144603590738547005e-01 -3.434068648493610043e-01 1.155095886676072298e-01 -4.983217699199986028e-01 6.502926867613880724e-01 -1.013887152284186355e-01 -1.581844332018667865e-01 3.189646165310931480e-01 -1.028595504704818558e-01 -2.726912370338848146e-01 -3.875060217907759230e-01 -1.958854543989196340e-01 -2.399909532687047875e-01 7.057517508309043563e-01 -7.275222150781967233e-03 -7.748830863171346506e-01 9.881108148103139033e-02 3.321190495567424850e-01 -1.286704877173980577e-01 -2.848072235524136131e-01 9.846721791033833382e-01 2.300069472262207260e-01 -2.136667535337080648e-01 -3.893118297817198536e-01 5.250451531536667327e-01 -3.211007907449350274e-01 -1.244582420605162554e-01 -3.493559514964743040e-01 4.258414543238377981e-01 2.805050439933907125e-01 2.174103730129960665e-01 3.428339673979407531e-01 -4.323912234595116977e-01 6.592311671303662246e-01 3.887593071261793432e-01 2.152076078277105065e-01 6.836303624219914887e-01 -4.794465561542029519e-01 2.990687422704921272e-01 4.680360283556218026e-01 -4.926084194701349506e-02 3.232878176809357851e-01 6.422192485339802692e-01 5.028360683043818780e-01 -6.740237597382885415e-01 2.527022676122291367e-01 5.402128529118118694e-01 8.730253654072092084e-01 3.231511063936157169e-01 9.160717805764773125e-01 7.129059446108270137e-01 2.443118420089666898e-02 -7.213003373476163660e-02 -3.645275335572585318e-01 -9.538114711142211544e-01 -7.866649063652544904e-02 7.804307866484289091e-01 8.665389859177848042e-02 8.878524025743396442e-02 -3.179104750287044950e-02 -1.019110341436649386e-01 1.835799660306959569e-02 1.079096655350341855e-01 1.137985412508793759e-01 8.291301682847662669e-02 5.024168888771279873e-01 7.070397061380968573e-01 -4.368353637993335759e-01 -3.048765968028686602e-01 5.239318686996178309e-01 -1.597059203840504316e-01 5.158333011101007282e-01 2.390124099546225844e-01 -6.497323317721125091e-02
-1.333548517728562288e+01 -7.766499261895270401e+00 8.172892434681145346e+00 -5.711134168051207993e+00 2.064364894333465017e+01 3.157530375049897753e+00 5.217383623220174904e+00 -2.809596021547501721e+01 -1.316522006028768210e+01 9.947970246327131338e-01 1.185688678677543173e+01 -2.126998307288812118e+00 -3.022977936389016662e+01 -6.844701873811053217e-01 -4.903655278865125311e+00 2.389618993659235002e+01 -2.986519608519367353e+01 -2.686145773100193423e+01 -1.997737214277258744e+01 1.713071511560333349e+01 1.138718168059826397e+01 1.208737849891738669e+01 5.501304239932309770e+00 5.510230164913324735e+00 -2.902972194929359517e+01 -6.196790507396912062e+00 2.621775548645580045e+01 1.624065766087019247e+00 2.760144079111867210e+00 -1.510790209920257432e+01 8.515038135260658336e+00 -1.004129291564754212e+01 -1.045461550046687194e+01 3.810944693679991957e+01 -1.274113544332068315e+01 2.313523855636139004e+01 -2.105007190301572351e+00 -4.357305831102621596e+00 3.113488303766807874e+01 -2.525359536724862863e+01 -4.628878447000427165e+00 2.358048117587072667e+01 -3.886776479455277489e+00 1.916869979582167360e+01 5.413913480748125728e+00 -1.816873560705548130e+01 -4.033256870417637252e+00 -1.314025477573433243e+01 2.625012419571486078e+01 -4.959109954394750552e+00 -2.422512668357823529e+01 -2.466053605833679896e+01 5.329830756897585786e+00 -1.851816186027950195e+01 1.563738424371390501e+01 -2.577830388063584266e+01 -1.273801814328504278e+01 -4.254062963666277675e+00 -1.601670850823894909e+01 1.445235370046753509e+01 -4.526765737916520926e+00 4.435879042588814158e+00 -5.827773777700551605e+00 -1.310127024101591964e+01 2.318183689504443379e+01 3.533478508775479643e+00 2.954029225025331584e+01 -7.171978924042932135e+00 -1.204810628314917231e+01 1.929576440709373486e+01 -1.962978701504850321e+01 1.970807919481758574e+01 1.870654443476114182e+01 -1.381704801614996647e+01 -1.586136262586765655e+00 6.630806597591769602e+00 1.996171043114096477e+01 7.909220489879602134e+00 1.700310914107767957e+01 -3.321156310893397290e+01 -6.274513600957165593e+00 -7.620626588546480562e+00 5.693283068911733302e+00 -1.358603360357651546e+01 -2.792786792608840685e+01 1.404828475638033503e+01 2.789963896479322258e+01 -3.168608477236995569e+01 5.805515024029334725e+00 -1.223568074762991209e+01 4.399540698332425670e+00 5.788880582039624301e+00 -6.700367938368938958e+00 4.177466848398697863e+00 -3.331094236283362875e+01 -6.555971717130038456e+00 -1.899609417622399121e+01 1.306710894485996555e+01 1.859889923249499333e+01 -1.501082078184666813e+01
-3.654972385544009716e-01 -3.657205165318892087e-02 -6.644649762324146280e-01 5.095218311497650143e-01 -2.850002393638015885e-01 3.942470215888463358e-03 -5.335201132157035842e-01 1.845164084961209150e-01 4.629219244262590682e-01 -1.793680672982996549e-01 6.562009675339134374e-01 -3.266732299065475131e-01 2.168667331268766263e-01 6.854798904019082650e-02 1.330037667452525496e-01 5.079755620521270165e-01 3.852147424566774170e-01 2.289038601800617578e-01 8.157524320214457614e-01 6.183976688046268627e-02 -3.779501821082886237e-01 -6.648531797697607160e-02 -1.330479237963096695e-01 -4.370754424235375607e-02 4.816844076053901635e-01 -7.683877463732501079e-02 -5.463337050590583166e-01 1.733640880018093855e-01 -3.042688556224929508e-01 -3.870045721582436316e-01 -6.434472904186420983e-02 -1.261916656142509641e-01 1.272281882586076551e-01 6.376766907978973498e-01 -1.087375194281601370e-01 -1.152105199573880967e-01 -8.676065484299989583e-01 -2.547865761410819663e-01 -3.855540599376407473e-01 7.553369796120563695e-01 1.821632731826743901e-01 -1.205241157601870228e+00 3.410086557073866986e-01 -7.205922919810646421e-02 -2.092804496398951719e-01 -2.932737078167017564e-01 1.135145340581904527e+00 -3.453358577574227040e-01 5.054483140728861512e-01 -6.862308789008342291e-01 1.314843962324229176e-01 -6.109465616720215486e-01 -3.478098474023836317e-01 2.430384249624025772e-01 1.139086538074144395e+00 -1.007231801628236667e-01 -1.244337976337996088e-01 -6.584321455149733104e-02 -7.780948136015647387e-01 5.578435139593040937e-01 -9.087324506171910732e-02 5.268221331675104757e-01 5.851689699608407791e-01 -1.454389058253830747e-01 -5.579994496276856619e-01 5.241244380923931745e-01 8.579750763853014051e-02 3.330925599687818983e-01 5.848388412843030792e-01 -7.979092339343941964e-02 -1.065333713470814070e+00 8.198905995859394336e-02 2.339843819925304380e-01 4.891808610519707279e-01 2.351101718007138353e-02 7.135751680469701874e-01 3.221827696406504710e-02 2.076413181488204474e-01 3.931202513829198941e-01 -2.947069808320370021e-01 -4.063261723302420969e-01 -7.877057418799969513e-02 1.233078541594877953e+00 4.764134481169740587e-01 -8.381072197413980129e-02 3.256037633624267458e-01 8.120925112496051035e-02 -1.313485655271678654e-01 6.721914153217640742e-01 2.733117085154809223e-01 2.199004973714750177e-01 6.308328364908105668e-01 4.986454630194519511e-01 -9.933611331740161976e-01 -2.589705356039545547e-01 8.066092707410275064e-01 -3.994555454985294629e-01 7.315529449375292037e-01 -1.366689084824100064e-01 -4.279935199191443607e-01
-3.154273465711390223e-01 -4.900921503163799449e-05 -6.437030815950579576e-01 4.914602262654388931e-01 -3.207467784080331175e-01 3.201892709691646355e-02 -5.622782976023456003e-01 1.908282531831524964e-01 5.039730933127513079e-01 -1.253425011491446639e-01 6.742710356614951550e-01 -3.262321085196331905e-01 2.287939823023817099e-01 6.766412975911977046e-02 1.323951705282900848e-01 4.626371348493985569e-01 4.800788368753228785e-01 2.509458327272678924e-01 8.860176073070286096e-01 2.938916720547840936e-02 -3.927885324829089586e-01 -5.777405214981012893e-02 -1.729928040172423187e-01 -4.647587280264002529e-02 5.109163652711545822e-01 -8.704960787515668430e-02 -6.270102541759404735e-01 1.116231725482533382e-01 -2.791490331286589632e-01 -4.220487763154974203e-01 -6.400961043014537222e-02 -1.249382557062304611e-01 1.290877772951627700e-01 5.853294273708644635e-01 -1.107971769042388616e-01 -2.042313956159024779e-01 -8.317545533168363425e-01 -2.539215670503569000e-01 -4.155793650190904298e-01 7.885524405173026663e-01 2.166803028955503752e-01 -1.227564884997642158e+00 3.202826936962890891e-01 -5.189384789123541869e-02 -2.113661515515066758e-01 -2.518091902142722271e-01 1.096468187593084176e+00 -3.065355985262792626e-01 4.693257329628950925e-01 -6.676786723817423885e-01 2.210489309365802346e-01 -4.895524697647608003e-01 -3.617087261407171961e-01 2.271421889876371891e-01 1.094345416344857158e+00 -5.214955139782358889e-02 -9.194424087974630011e-02 -2.917139838853886544e-02 -7.429182310051166693e-01 5.082585561921856288e-01 -3.162710589150406065e-02 5.235404587708396562e-01 5.651596833183968327e-01 -1.782744157502120230e-01 -5.455170545422973749e-01 5.155405386829956527e-01 5.476595140904076502e-03 2.986450676933227744e-01 6.223662744691758064e-01 -6.808953144979702776e-02 -1.018317769569569542e+00 2.620496247206724472e-02 2.070751823846318229e-01 5.769624273131573888e-01 4.226090211447743050e-02 7.020770387708756832e-01 4.253548591816077445e-02 2.144581221355881528e-01 3.865449317354761050e-01 -2.940354960833372888e-01 -4.201574277251708400e-01 -6.007837465751227762e-02 1.176422459180935576e+00 4.311350123646860988e-01 -7.774333457540791303e-02 2.927827798714682794e-01 1.534605437013812461e-02 -5.015930063293676244e-02 6.079257104660139577e-01 2.833825653148514534e-01 2.102606469579273440e-01 6.346203171602784465e-01 5.212344476055934539e-01 -9.812454060917404908e-01 -2.375140108843982467e-01 8.435859722401224392e-01 -3.695023465222746495e-01 7.276423246120695687e-01 -1.124518561736072703e-01 -3.794487500121937473e-01
