-1.334004206315124286e+01 -7.788565401150347789e+00 8.660385383599065179e+00 -6.209552037707465999e+00 2.090387805076867167e+01 3.115087180672035050e+00 5.130849051635437696e+00 -2.833693285862477396e+01 -1.293188178037362945e+01 1.091779195652591961e+00 1.215688158266745766e+01 -2.298745269074893738e+00 -3.074548961075847586e+01 -7.619332527335536120e-01 -5.058483192652329485e+00 2.443652718308895899e+01 -3.032389964854408859e+01 -2.718892729129294850e+01 -1.966070104957261577e+01 1.728683019020060385e+01 1.160000473353065331e+01 1.235644728148000127e+01 5.703714639514254614e+00 5.507478831275131270e+00 -2.931986087325651980e+01 -6.177929946385406268e+00 2.650841688351046699e+01 1.789197471062063949e+00 2.916140272235540731e+00 -1.519899248220716537e+01 8.639303602764588419e+00 -1.030083751104713841e+01 -1.048161216863297440e+01 3.854847095776447219e+01 -1.309450332695629626e+01 2.354429271677482660e+01 -2.006660236154656385e+00 -4.134765870123068510e+00 3.136899494873798488e+01 -2.550604940332236126e+01 -4.711362758921551652e+00 2.356947091062514943e+01 -3.803449955357988355e+00 1.958856711529323391e+01 5.443342683977938634e+00 -1.810488410313728380e+01 -4.257239559947800345e+00 -1.341609524903364559e+01 2.686999712630174741e+01 -5.042784697071791555e+00 -2.454155136387636915e+01 -2.453776422759452558e+01 5.305082192574080757e+00 -1.898142794488003560e+01 1.579840978694412534e+01 -2.622176900694697821e+01 -1.284883160267654567e+01 -4.173780183350221051e+00 -1.577782775723373732e+01 1.414658967869675799e+01 -4.342283300139265556e+00 4.149403041759673449e+00 -6.268847010911862583e+00 -1.318088734757980518e+01 2.328752339705604157e+01 3.725957381016077985e+00 2.972969355167126082e+01 -7.069895450368273160e+00 -1.212237549995023222e+01 1.973669690675457389e+01 -2.020449023470294847e+01 1.957713504621693446e+01 1.888534310964886132e+01 -1.370313720364096532e+01 -1.480487087208430586e+00 6.526554556853001010e+00 2.000209142932756023e+01 7.798535454539259781e+00 1.752426741626601725e+01 -3.371233548413498227e+01 -6.241198006611288207e+00 -7.390899217580470193e+00 5.294682775139467168e+00 -1.384028127960789512e+01 -2.845885399203569222e+01 1.466771913565685459e+01 2.807738124266008839e+01 -3.189956404944714308e+01 5.581991178718523905e+00 -1.219650406414080557e+01 4.789283025499781132e+00 6.064820335025025599e+00 -6.804258149817139056e+00 4.241014834498814778e+00 -3.356248821184743036e+01 -6.374117380817192036e+00 -1.913070357178883185e+01 1.310258474322039923e+01 1.886927665436287782e+01 -1.492415607231697550e+01
-3.592188548343013821e-01 -1.802110767518931567e-01 -8.214315293831297993e-01 4.814685972718738549e-01 -4.295671479584058927e-01 -2.755366517821981609e-01 -5.332380499425785070e-01 1.640664864997161132e-01 1.577554984491168211e-01 -4.162986901377002669e-01 9.338664145587975973e-01 -4.567777123527345107e-01 5.350689224651532933e-02 3.653203939933127864e-01 9.266321543710082098e-02 7.189758138624713357e-01 2.736599666564821787e-01 2.155591532379464159e-01 9.057163163505197456e-01 4.169823242810920955e-02 -6.436249630074434291e-01 -5.036536550111601895e-02 -1.578141837456542573e-02 -4.948200700227102233e-01 4.366102746790079259e-01 -3.515410831426692834e-02 -4.555126747362598927e-01 3.895741394575539251e-01 -5.215033460506988128e-01 -4.085872012250847396e-01 -4.607333822421575409e-01 -1.384878284797848302e-01 3.070676578349517682e-01 7.814326772485536976e-01 -7.456926575837967419e-02 -1.499247711304566300e-01 -1.118046423174087201e+00 -2.907341653923017910e-01 -4.695202355242034109e-01 8.249842047766952069e-01 3.230353815365755721e-01 -1.487066310898445431e+00 4.154804547735765907e-01 -2.620909991979359921e-01 -2.548671673826530260e-01 -2.560259147038111971e-01 1.196666673184934027e+00 -6.273617297145966942e-01 8.848227021450884022e-01 -8.371291907433457968e-01 2.671656040425738135e-02 -6.231543864489615947e-01 -5.049180597829628914e-01 5.932045748803054241e-01 1.492979577643599676e+00 -2.601246758473371168e-01 -2.360191178086144259e-01 -2.670506755316921499e-01 -9.434650773200692342e-01 4.625739232410138180e-01 -2.702874353512265126e-01 6.850384293020391757e-01 5.033235638669890655e-01 -8.110887546667147965e-03 -1.036288690202288976e+00 5.454260044543808306e-01 7.507393042369295277e-02 3.064164039072365675e-01 6.291967882185485195e-01 -3.951776171578220698e-01 -1.261796033341152645e+00 -8.224552921417650764e-02 4.404972824611715077e-02 3.739788685090584264e-01 -1.363222123237726180e-01 6.202762844823258570e-01 -3.314697545117231137e-01 3.564123962525661549e-01 6.739326255260745802e-01 -2.674750537438324027e-01 -1.565204883771832700e-01 -4.429449561837138505e-02 1.408386208861952094e+00 5.929924284852479133e-01 -1.906031758111820795e-01 4.924034551443364771e-01 9.178754508138751989e-02 -1.019901821856015883e-01 9.489179146524504560e-01 3.760423913131390461e-01 3.177048018835570420e-01 7.006577084534134636e-01 4.168703055833793969e-01 -1.331348834033036166e+00 -2.257016732948736171e-01 1.021945972081310661e+00 -5.145934997206248473e-01 8.696633559455142493e-01 -3.175632925108892723e-01 -5.817238587208040101e-01
-1.245270026915167705e+01 -6.649662136761842923e+00 -8.732957962586025413e-01 2.394313560090944204e+00 1.465268152766529930e+01 5.097805318956135423e+00 6.021985701335911045e+00 -1.927772943655779869e+01 -1.474223370451176329e+01 -5.763074190861635637e-01 3.440433932104245418e+00 -1.810184248975957866e+00 -1.904254354932679050e+01 -4.203912166677195028e-01 -1.381729271590893759e+00 1.404544614555718951e+01 -2.168328667507601892e+01 -1.962003404570794274e+01 -2.254062794819072479e+01 1.374262355520296630e+01 6.791009708230068220e+00 6.141864749852928185e+00 3.231268735647618406e+00 5.820640054976209399e+00 -2.060548517263402957e+01 -5.494841067960903658e+00 1.826334671302558732e+01 1.270881170860549858e+00 8.584755193243512883e-01 -1.043305058997885126e+01 5.902860188230468097e+00 -5.326726914661850110e+00 -8.736688498413743176e+00 2.659540577972878239e+01 -6.435535054425217005e+00 1.715748349637900105e+01 -4.307861174554971306e+00 -4.868115254807761083e+00 2.519909653245432324e+01 -1.830716124670254175e+01 -5.857037395873960328e+00 1.986634431144903701e+01 -5.566753520622720330e+00 1.164125434188215280e+01 4.163462072968430405e+00 -1.665981806863984005e+01 1.598639003164759487e+00 -7.130581485431040534e+00 1.376167204204212169e+01 -1.543553566547283040e+00 -1.724685056166740083e+01 -2.482543187913143967e+01 6.041146340980265705e+00 -8.216433317848970574e+00 1.149615699254607648e+01 -1.589337988232075816e+01 -7.273424762024187196e+00 -5.429938321342415719e+00 -1.576138392632625340e+01 1.820634114175635787e+01 -7.483760558959705378e+00 6.147052767640576398e+00 1.704114310169173807e+00 -1.027941731547732118e+01 1.932704388444926025e+01 -5.481887064743066196e-01 2.544102324371671742e+01 -6.638625160157439531e+00 -9.280379003753848721e+00 1.057782475403386080e+01 -9.938673313177030622e+00 1.978929605187431306e+01 1.432655587624202020e+01 -1.464825553696971205e+01 -1.730700153269922437e+00 7.171017085955958770e+00 1.689924646042262069e+01 7.574752680757887546e+00 7.742578279332696489e+00 -2.089193365942128366e+01 -6.510428049202912071e+00 -9.448958057872548721e+00 1.174064765062455251e+01 -8.059785140841395190e+00 -1.728661569547520571e+01 2.610249411900662952e+00 2.231506244381026249e+01 -2.523563817282404642e+01 1.090759742156699907e+01 -1.174142726556605609e+01 -1.893553251192127695e-01 1.664962890230218928e+00 -4.736530801518294531e+00 2.210525021448489724e+00 -2.679487037411734818e+01 -1.025526807478087932e+01 -1.485396708552111456e+01 1.064564250811837987e+01 1.178462196598780487e+01 -1.410119976167820255e+01
-3.408711342056534588e-01 7.468027212730152242e-02 -5.538821546096367454e-01 5.169613713838807634e-01 -2.110558828280564569e-01 1.816564455609508133e-01 -5.786573231012467344e-01 2.132366378030689791e-01 7.360956512363436843e-01 -3.258790945762242430e-02 4.944631350328779762e-01 -2.244079473054893525e-01 3.520978537610818804e-01 -8.562573678851786996e-02 1.867072637132189683e-01 3.756743634087922890e-01 4.589359093542879076e-01 3.012781326500468815e-01 7.776208060894057583e-01 6.960473128359490058e-02 -1.795686598698768011e-01 -5.319910672609243218e-02 -2.190362161626130677e-01 2.998475624997390399e-01 4.898357930689985484e-01 -8.982609970675742295e-02 -5.962583036222213195e-01 4.075302537292330683e-03 -1.565967762565930177e-01 -3.426978351407359291e-01 2.164695667368373710e-01 -1.541824257580652890e-01 -1.190122998204593170e-02 5.031133905644364912e-01 -1.540521529096012254e-01 -5.944068587753541938e-02 -6.976966827541761784e-01 -2.477959848774315410e-01 -3.544868567243588120e-01 7.363288798816335357e-01 9.030428261255435407e-02 -1.007668446214222246e+00 3.552768061417243550e-01 7.050013576359231982e-02 -1.685928581464949394e-01 -3.079131425302564784e-01 1.139956518920179462e+00 -1.502949086202501339e-01 2.460384801452706049e-01 -6.260363905794836814e-01 2.119256962313448844e-01 -5.970949380820892438e-01 -2.669739018913042106e-01 -2.175522292848753800e-02 9.200095470881132220e-01 2.969131174650240998e-02 -4.941381802058962547e-02 1.382311218157756538e-01 -6.731514570799190800e-01 6.388371156386964955e-01 -4.613380020390048415e-03 4.268785266790455779e-01 6.371229468715620126e-01 -2.032519497376074069e-01 -2.189870133235220784e-01 5.655466837331144525e-01 8.419230931910440252e-02 3.615412162614712321e-01 5.442795951014550715e-01 1.192760156242011066e-01 -9.340489055941533225e-01 2.266829947299936199e-01 3.539198613017681128e-01 5.845174803868220526e-01 1.992369103174130296e-01 7.707770028572454857e-01 2.604035342831059752e-01 5.076785218285767565e-02 1.648141542100702017e-01 -3.142906496806706085e-01 -5.683781117352730838e-01 -7.046336411790736498e-02 1.179507107971042856e+00 4.329657278192970971e-01 1.262505671439926105e-02 1.861545855855019083e-01 6.358099898049006382e-02 -1.472565405878185907e-01 4.628739508000795366e-01 2.106704753290088439e-01 1.257089989474861891e-01 6.208218379736156756e-01 5.945368818298060187e-01 -7.698102222559694008e-01 -2.569634930003382722e-01 6.700941229291718093e-01 -2.595013700577817328e-01 6.014709550757280088e-01 -2.423861446191372809e-02 -2.743221203149864285e-01
-2.017130993579949738e+00 -7.671106583818207980e-01 -1.129507228293389787e+00 1.250387944584184785e+00 1.115972581947638931e+00 -4.231976371938699771e-02 4.371913788699618997e-01 -1.080984206489882665e-01 -4.270995294014279242e-01 -1.136509437470119011e+00 -3.333987626602047949e-01 -2.022761319316707940e-01 4.575228762650428160e-02 -6.761716963322241813e-01 2.668525214485191199e-01 1.591439931720683543e+00 -2.066014659937065900e+00 -7.094477949022385266e-01 -1.499249237168857496e+00 1.138470462012217466e+00 5.617990007941421338e-01 -4.165485494421177770e-01 9.271976433588903221e-01 9.390390497957022964e-01 -2.990103653611096424e-01 -9.007622703336659598e-02 1.556772192376914887e+00 1.571175972046787939e+00 -5.945143155392483836e-01 4.081943051161988634e-01 6.650778070572608280e-01 -1.390750421420550997e-01 -2.500752556886023936e-01 2.148704841554751166e+00 2.917428358331429841e-02 2.549011850914877364e+00 -1.553805297236973360e+00 -2.424429201617805119e-01 9.920353526517118326e-01 -4.186765417473083395e-01 -1.241632936052372571e+00 6.549919519648561561e-03 3.894007962751538932e-01 -1.950801886321617273e-01 -8.171765859547164279e-02 -1.663440374011103451e+00 2.210583550184477275e+00 -1.047282753812985634e+00 8.942199038915277232e-01 -8.136540964166831813e-01 -2.201051888614744545e+00 -4.225800240515503070e+00 3.405556578959009761e-01 1.656694555523722245e-01 1.822329461748561030e+00 -1.268493456795716900e+00 -7.067141402283620977e-01 -9.872161354581058257e-01 -1.640697335677582691e+00 2.371290381671397718e+00 -1.392343573901628773e+00 3.268739028388716883e-01 1.447558367209996089e+00 2.869438937045959426e-01 1.035914400983392603e-01 6.490473736885213896e-01 2.628773813175304230e+00 1.314966287806826228e+00 -4.728540805865228958e-01 2.598879543758054189e-01 -2.165454424509797082e+00 2.075718310222265828e+00 1.494042788552150780e+00 -1.814959919656776277e+00 -3.738239373207027927e-01 1.468020652670693815e+00 6.559034384327985245e-01 6.443772353657496732e-02 2.282766930992983223e-01 -5.598116326868598502e-01 -7.739545456356532460e-01 -7.100587576447210392e-01 2.562142513039560310e+00 1.246251226482836927e+00 -3.099160083248304609e-01 9.167574968982886707e-01 2.069090920883831508e+00 -2.592023140413640458e+00 2.315309566675540776e+00 -3.384263567750847024e-01 5.122203789015837838e-01 3.907284227228440265e-01 -1.791315057996382271e-02 -8.783019843647428271e-01 -1.330500291118991374e+00 -7.281991730976209443e-01 -1.241949232040480799e+00 8.294641132636428882e-01 -3.547643854559016652e-01 -1.733971021782902744e+00
-4.964436050174412252e-01 -1.570091230105591651e-01 -9.415283489513404103e-01 6.514738518288318847e-01 -3.894848614923662744e-01 -1.919287994060247804e-01 -4.652433929658765788e-01 1.200442520450264033e-01 1.436359011046003387e-01 -2.387341042611537678e-01 8.485406958402494926e-01 -3.943230969254714058e-01 1.647840557862164934e-01 1.445654410160844283e-01 1.728779184676915437e-01 6.955729601391816841e-01 4.592938204984041151e-01 -1.845426127691218027e-02 1.013628567011565895e+00 1.304247959217030850e-01 -6.207122743910470364e-01 -1.110409922033310653e-01 4.999341942313353937e-02 -3.944788146787103766e-01 5.263015622150615247e-01 -2.932496552582434246e-01 -5.959685227348917591e-01 3.836727239820104662e-01 -4.082104698404533383e-01 -4.696888490273394279e-01 -3.278450321237978415e-01 -2.051508912922927752e-01 2.268604305050292702e-01 8.637450380512075032e-01 8.138213799936988568e-02 -2.152077518677607271e-01 -1.140130681278842317e+00 -3.922696149132940957e-01 -3.617326833953778964e-01 8.565240394690271097e-01 2.958063158223842026e-01 -1.688015877893870975e+00 2.112698995330611340e-01 -3.627664812104315906e-01 -3.874925605866677003e-01 -3.340383474338499137e-01 1.302859912457573932e+00 -7.410630651150318382e-01 8.017432614155292070e-01 -8.208029931450253613e-01 1.457188916970030834e-01 -6.579553166667196917e-01 -3.008749921055088317e-01 5.351540039747293420e-01 1.392671356927651649e+00 -2.267938165356958580e-01 -1.490415256821887857e-01 -3.348136890958109402e-01 -1.007338982419159201e+00 5.397508888768325352e-01 -9.356565273502179259e-02 5.991791957302331495e-01 7.253020775205742954e-01 -7.768296051239113875e-02 -9.917854928393824432e-01 4.239496297959961524e-01 4.117264575724528114e-02 2.922710725676260224e-01 7.682075603558210508e-01 -1.924788336100832775e-01 -1.413213341995501526e+00 2.776506122580771688e-02 9.948118945277238667e-02 3.760454642766420386e-01 -2.099739081872503410e-01 8.372246732700332483e-01 -1.368313775029042778e-01 5.325524463588252599e-01 6.720945333736807470e-01 -3.206194365139848346e-01 -4.442500899181889840e-01 1.414509387543806847e-02 1.220812215033967973e+00 4.036623569268732448e-01 -1.269930481562113467e-01 6.556632621303022379e-01 -2.505918915989747281e-02 -6.176883234585223842e-03 1.046854255115848398e+00 2.631361942546003863e-01 4.871336392706882568e-01 5.552493410174565991e-01 5.310195566134391365e-01 -1.392035911159853701e+00 -3.122684174418393077e-01 9.769154896297839175e-01 -4.536434191006833427e-01 1.033334073045253154e+00 -1.856172830894296799e-01 -6.627734531859015288e-01
-1.290544498107660409e+01 -7.391326060894659378e+00 2.330140133943785052e+00 -4.217608806261233245e-01 1.711174283728434986e+01 4.134373268800192847e+00 6.044494193046595854e+00 -2.339788326839532573e+01 -1.495551533425973645e+01 -5.283406432675251570e-03 7.023154229655283132e+00 -1.488625464804057774e+00 -2.379717996409034697e+01 -3.239536339005541846e-03 -2.695172850373841023e+00 1.746434079478080648e+01 -2.486798692701429658e+01 -2.247993122364582064e+01 -2.256645819141628806e+01 1.520727251243996214e+01 8.504702708063501149e+00 8.579516384608060875e+00 3.530068183557923511e+00 5.767361989750424911e+00 -2.433895887520079526e+01 -5.897291255585717984e+00 2.176085839664333932e+01 8.733718615745839076e-01 1.495584319782136129e+00 -1.297288419322492103e+01 6.832867463152029863e+00 -7.271319990740778394e+00 -9.601176538223796797e+00 3.157543662390099115e+01 -8.807538797573583267e+00 1.898997096213944147e+01 -3.517668987960420601e+00 -5.289771122885290389e+00 2.780772596391474138e+01 -2.157537720775554391e+01 -4.932578783506468945e+00 2.214180191143038456e+01 -5.023909300304650216e+00 1.431520303821710804e+01 4.794880301117253829e+00 -1.796762528714814877e+01 -6.792927067853963274e-01 -9.439634384666618416e+00 1.862421866741633991e+01 -3.035451486218535777e+00 -2.012051238060054814e+01 -2.534264257582007929e+01 5.971937057504399959e+00 -1.216325076567505192e+01 1.327072893445676449e+01 -2.008280045558222682e+01 -9.947288789617624971e+00 -5.036419023440141807e+00 -1.669919531306631910e+01 1.750641483801987874e+01 -6.572077946632745693e+00 6.260836702937210063e+00 -8.398238852404328325e-01 -1.178881435026033309e+01 2.129245257243577072e+01 9.957748286970218299e-01 2.731251070015867910e+01 -7.679993249257996091e+00 -1.047662847651945661e+01 1.387040320006812877e+01 -1.337420725180653847e+01 2.044842450510844145e+01 1.643781858344336300e+01 -1.470100824229034053e+01 -1.962659877308552181e+00 7.163350005552736377e+00 1.857069167082783423e+01 8.347908577312658451e+00 1.095968151466916751e+01 -2.610519231175203814e+01 -6.470454193797378295e+00 -9.400235767254805808e+00 9.921720573266421539e+00 -1.029589236166422239e+01 -2.154487628068560312e+01 6.655564428906784791e+00 2.511873059706134370e+01 -2.817276816431910547e+01 9.111217556823611119e+00 -1.227572213023219660e+01 8.958048267193590153e-01 3.012023579763603021e+00 -5.371690339250975832e+00 2.985756252315017623e+00 -2.992344086122987434e+01 -8.890017601463497954e+00 -1.663254366667312922e+01 1.194876545245660004e+01 1.467712657162178580e+01 -1.502394858400129429e+01
-2.993187763077712060e-01 6.036687664691841280e-03 -6.291957736715608762e-01 4.830865736256276799e-01 -3.513960835194344101e-01 5.171701714021423313e-02 -5.710338261441151309e-01 1.779099634840041744e-01 5.168094936370226655e-01 -1.030456854664052735e-01 6.618169902505693925e-01 -3.110207348494420376e-01 2.550792789013920925e-01 4.315171106550834412e-02 1.168590124818100207e-01 4.572273860715082572e-01 4.980007350161457791e-01 2.249776670663633238e-01 8.968801673976515287e-01 2.720265987259362986e-02 -4.001221979082427160e-01 -4.163980494388020565e-02 -1.998602413645399478e-01 -3.064319290330649870e-02 5.174363293367008065e-01 -9.054618204935895032e-02 -6.325661143454076596e-01 8.996009676111400843e-02 -2.534706229154668478e-01 -4.215383801563243327e-01 -4.179641978049706413e-02 -1.309733948059829955e-01 1.051961797098406176e-01 5.617971689437417648e-01 -1.082331471053823713e-01 -2.125719447901322501e-01 -7.988837749272392763e-01 -2.576062307581636901e-01 -4.231600533841220479e-01 7.929081054521343042e-01 2.241040433470921356e-01 -1.236756551632047563e+00 2.944068919615672741e-01 -5.770243825147575861e-02 -2.195224946854071602e-01 -2.370115049571006327e-01 1.080082563927430295e+00 -3.043176295068852899e-01 4.492660346809018712e-01 -6.447564118080076900e-01 2.527566585448914882e-01 -4.757800326300236637e-01 -3.432766083992239148e-01 1.963940421892938493e-01 1.050165599253082727e+00 -2.949735253926439107e-02 -8.987322117913543185e-02 -2.535324635025142451e-02 -7.269188852123006361e-01 4.840877258087026846e-01 -1.878101493626133794e-02 5.151381876521023973e-01 5.894924052499014300e-01 -2.050658492283512491e-01 -5.264993666157586905e-01 4.920855274029473092e-01 -2.221471148117393907e-02 2.727086058470458707e-01 6.213601485137144609e-01 -4.173459675892667031e-02 -9.981092961448166934e-01 2.563083720201602550e-02 1.926577001349430440e-01 6.133924495295119961e-01 4.977973141172924859e-02 7.051325172567586286e-01 6.642659131862664601e-02 2.026528924042411695e-01 3.800609320546675107e-01 -2.941702707396242067e-01 -4.454837296778526023e-01 -5.244738770097424202e-02 1.132451340510849391e+00 4.005138493554250001e-01 -7.086993434561120186e-02 2.991742026416231437e-01 -1.264467252581749700e-04 -4.281137088811975272e-02 5.852603827397619973e-01 2.664464898420402239e-01 2.105939075602596411e-01 6.320490330466117523e-01 5.289455634715093391e-01 -9.580275289917934423e-01 -2.430512942625440986e-01 8.472675760597412342e-01 -3.550085752561571439e-01 7.302212962999757861e-01 -7.760812804299456469e-02 -3.696966531347992690e-01
-6.209312521444815269e-01 -1.175311136675879914e-01 -8.435798149656302813e-01 6.960820021927122125e-01 -1.481227389937464778e-01 -3.903095164914357346e-02 -4.359873694283089018e-01 1.556878325633670179e-01 3.846741653056004462e-01 -2.932896468177423888e-01 6.220303798949882168e-01 -3.037246882333585196e-01 2.535528134643424414e-01 -1.922708770577657988e-02 2.486551663829333070e-01 6.956630345102458035e-01 1.609076360700655572e-01 6.302928765818205381e-02 6.510786665942123186e-01 2.177793700287357359e-01 -3.045205661089461224e-01 -1.408418392090348970e-01 5.744619630709808106e-02 8.356391831885583155e-02 4.463415960348065537e-01 -1.514006483029665950e-01 -3.364054613998531118e-01 3.794323557742363962e-01 -3.491689719771972067e-01 -2.867937161135541979e-01 -1.540105405102858496e-02 -2.135226836912496595e-01 7.099940781867664086e-02 9.134665926409845094e-01 -7.400693222664533888e-02 2.130199059853281340e-01 -1.056433352955194804e+00 -3.358085329330295354e-01 -2.275629947156455890e-01 7.016368463618468665e-01 4.513428511444322888e-02 -1.283508860786558348e+00 3.531415069978915966e-01 -1.869650639663060498e-01 -2.930569474844091360e-01 -4.983094251830361143e-01 1.444906429888815680e+00 -5.808072542574412855e-01 6.185549658335669498e-01 -8.026576921733534764e-01 -1.189147424592406355e-01 -1.122882637621073654e+00 -1.939231016898793070e-01 2.759739326700290651e-01 1.347165992906615761e+00 -2.611365748556271349e-01 -1.878459020088189546e-01 -2.243110992745063204e-01 -1.036423212776750091e+00 8.461049480373467047e-01 -2.656759886009327776e-01 5.412034995861694231e-01 8.202915659710762197e-01 -3.513676952868116654e-02 -6.041687411684235620e-01 5.538004809878392942e-01 4.018977595166187133e-01 4.821118451954921058e-01 5.388316222753360973e-01 -6.165307080334440915e-02 -1.381649257943621256e+00 4.151501577897497297e-01 3.786643580451018454e-01 2.006289707199823691e-01 -5.817653167676356540e-02 9.354817449226238146e-01 9.334489547973040535e-02 2.763131238251601007e-01 3.931313848577958070e-01 -3.590289551594827433e-01 -5.327026710670049736e-01 -7.902977838368925589e-02 1.480459707531825542e+00 5.818108102993585495e-01 -4.984170728384306609e-02 5.069697775234822679e-01 2.956274114743739911e-01 -3.881590887588701189e-01 1.004905744242946541e+00 1.800151020351802300e-01 3.365063575020453834e-01 6.219607587902503676e-01 5.229181269307831004e-01 -1.125813327036714773e+00 -3.775529039339065029e-01 6.679693876278262055e-01 -4.490856967957417845e-01 8.796546600916875791e-01 -1.786539446196318548e-01 -6.533174665026381112e-01
-4.306519873654667263e-01 -6.036189728179292002e-02 -7.125811884205685010e-01 5.566752498570737284e-01 -2.447482652976405437e-01 -3.027298189645294055e-02 -4.970521863570211973e-01 1.805910814850872070e-01 4.002780491928543682e-01 -2.207711709024091917e-01 6.677487932211599864e-01 -3.420201508428261650e-01 1.882871617900462036e-01 6.829671123288136303e-02 1.573837280193936539e-01 5.589312091378887404e-01 3.363813520601646734e-01 2.041768798077869262e-01 7.808554450892903898e-01 9.086202588451765261e-02 -3.803357132557537157e-01 -9.168502738308380307e-02 -6.548928950698423845e-02 -6.658762827611354462e-02 4.727687827809753385e-01 -9.890507284588603842e-02 -5.020358840356901053e-01 2.337368066115592669e-01 -3.391659396454382303e-01 -3.930545829004024605e-01 -8.937730695267727399e-02 -1.317648049168324842e-01 1.581176286363856487e-01 7.132533998597726521e-01 -7.757651680420779572e-02 -6.401614273205050165e-02 -9.399027828773457438e-01 -2.572205185810897965e-01 -3.455165161850691224e-01 7.397546664155107976e-01 1.567733197710792781e-01 -1.227404137425944342e+00 3.371534840918761211e-01 -9.290606789704609902e-02 -2.156009298518551109e-01 -3.341650128506002959e-01 1.193174587865232006e+00 -4.113316606308879408e-01 5.669807507856153839e-01 -7.181879073966247473e-01 5.416265391700962606e-02 -7.043803367604557497e-01 -3.527069998838357479e-01 2.983003134732514217e-01 1.216020751035336023e+00 -1.508072793894231212e-01 -1.281391366847334234e-01 -1.251014758031463170e-01 -8.331305571658975673e-01 6.141816154527679483e-01 -1.287658619842807217e-01 5.351889369708772159e-01 6.078200911281721464e-01 -1.166538064327139745e-01 -6.054045273985130260e-01 5.370150632514845146e-01 1.579833618519926874e-01 3.755757832430789422e-01 5.873760091730736432e-01 -1.111464834162177867e-01 -1.138663287825509851e+00 1.131467514638052896e-01 2.599669446025369979e-01 4.150151076117027937e-01 -1.911908490021427265e-02 7.523166474951069604e-01 1.022922728805362481e-02 2.534798558540014013e-01 4.323562227768843469e-01 -3.081994228141413106e-01 -4.114271028125131013e-01 -8.232109714950609780e-02 1.291812247130159852e+00 4.941918196118428863e-01 -1.034023343570348585e-01 3.637839909191463161e-01 1.295626473542379753e-01 -1.767086685322532269e-01 7.739229261860359754e-01 2.736175631790359608e-01 2.584005385283036360e-01 6.284450086998278895e-01 4.891516519738633995e-01 -1.062278224663255388e+00 -2.913868993758436110e-01 8.052543206970416145e-01 -4.418806623688444901e-01 7.661252714008572884e-01 -1.739342326242339365e-01 -4.849721143470055451e-01
-3.080725556584282820e-01 1.970946340113415851e-01 -4.656643096900211498e-01 5.323663618993245139e-01 -1.884207391272729737e-01 4.075992675733164927e-01 -5.874754375835719022e-01 2.053292527299251102e-01 9.086033552343957265e-01 2.143742449734781785e-01 3.522173774658388656e-01 -1.574107422713257320e-01 4.568447849997257504e-01 -3.063180376584417886e-01 1.942148196692269346e-01 1.898326524890847078e-01 6.938730048998800193e-01 2.488926323377851635e-01 8.381023116905262915e-01 5.594820998255949085e-02 -7.913760207148660963e-02 -6.510661375207044133e-02 -3.305991576453940484e-01 5.169625935088398849e-01 5.840541585967049532e-01 -1.765791004751405546e-01 -7.960781012297124537e-01 -1.872387129747245249e-01 8.867707853157245218e-03 -4.178598602914414539e-01 4.269913728119041352e-01 -1.323700911968510863e-01 -1.116615213543147717e-01 3.845881219746697943e-01 -1.358316114730930280e-01 -2.090162803348325771e-01 -5.121824063670924465e-01 -2.310429866894871120e-01 -3.273781443805932612e-01 7.317940769790076683e-01 5.900109460409001111e-02 -9.288916161678211214e-01 2.017811607321905731e-01 1.675159849378684840e-01 -1.800676035748794146e-01 -2.742662958073517343e-01 1.022852219089094072e+00 2.875771388102090625e-02 -1.973265612527064922e-02 -4.713197164006829865e-01 4.300404328322640635e-01 -4.139465148134091610e-01 -1.617682337810631976e-01 -2.150948461499118669e-01 6.351444725024891769e-01 1.781125589462954351e-01 6.876594675185505878e-02 2.336170842262025871e-01 -5.406830187821142220e-01 6.076307438372134939e-01 2.180848681176278669e-01 3.237985497981442640e-01 6.852923850394130323e-01 -3.693723381742819445e-01 4.963994511023484685e-02 4.709090055645046013e-01 -4.250741363413803459e-02 2.945821983477636130e-01 6.028539220972625179e-01 3.427639725861942877e-01 -7.693172180170329000e-01 2.166754136090045524e-01 4.183091479345858454e-01 7.728302738522941917e-01 2.457774698613476860e-01 8.295722681744611693e-01 5.014907222319220370e-01 5.030889976971789079e-02 3.126716563655423248e-02 -3.371024594710895772e-01 -7.696702586834507365e-01 -7.394922066831538521e-02 9.240207698449005580e-01 2.412226429931455807e-01 5.970732473055356815e-02 9.544620600737108163e-02 -4.310163665275184436e-02 -2.939785486892586633e-02 2.532289029153157456e-01 1.456099205851277278e-01 1.070276427080377457e-01 5.508576003227538820e-01 6.577161135116608159e-01 -5.842323046543789200e-01 -2.809759798677680109e-01 5.967563792896579677e-01 -1.920605605977273034e-01 5.892775876004525681e-01 1.437301707405117812e-01 -1.713589836830333446e-01
-6.726061721383119085e+00 -2.169562896275548436e+00 -2.701158986775892501e+00 3.426386321877882946e+00 5.382478344064193010e+00 2.503310011355269538e+00 3.395545006741745198e+00 -2.734163266067927811e+00 -4.441606573428974691e+00 -1.782188444961143814e+00 -2.534084656290800819e+00 -9.040745730296596561e-01 -2.243732159578830654e+00 -3.213410208107238653e+00 2.492977103319774235e-01 5.043549242956922640e+00 -8.075818042331473379e+00 -5.424346096941703443e+00 -9.041913993348410727e+00 4.657874209628572792e+00 3.245475439495729031e+00 -8.604024152753475541e-01 3.265266043124604334e+00 3.905303862016712646e+00 -3.818487096326489194e+00 -1.415997153303009570e+00 6.501732479535469622e+00 3.867459967749224070e+00 -7.014603430154708885e-01 2.054161741786002249e-01 2.774547530549285490e+00 -1.400521784979198714e-01 -2.094950638439703194e+00 7.582910661567287214e+00 1.447193751145187113e-01 9.229972412327578368e+00 -3.140688088301120118e+00 -5.671978422672955267e-01 7.538421669240074507e+00 -4.505388103924658161e+00 -5.822167116594965997e+00 5.265083272821062366e+00 -2.303403688575750952e+00 1.763426606908905514e+00 7.784248920562609753e-01 -5.739098910993651437e+00 4.349785442805650604e+00 -2.213623680241919356e+00 1.938407851596663622e+00 2.257887376779293964e-01 -7.222894532064750628e+00 -1.332110065407671939e+01 2.081487553184839800e+00 -2.427792361790594711e-01 3.309451506857876257e+00 -4.417527693167069280e+00 -1.153865811740620417e+00 -3.913044562937400883e+00 -4.637376497835908218e+00 8.217827287666857217e+00 -4.199935113944919252e+00 2.989070890565327931e-01 3.471182630087177312e+00 -1.338108556967053664e+00 4.804808726376492700e+00 1.922389521777405352e-02 1.047019023517983172e+01 1.881962727496359067e+00 -3.073455213683182308e+00 2.466781213692067709e+00 -4.192295955088966686e+00 7.880364599610858001e+00 5.616491480956850246e+00 -7.296036687336788340e+00 -1.319108293907003793e+00 4.172704440942099247e+00 4.882759957645282256e+00 1.339184289042027576e+00 7.457932396304580713e-01 -3.286000730405422399e+00 -3.360943842168998774e+00 -3.093278432079173079e+00 6.288009825475478820e+00 4.759825980384947419e-01 -3.410509796389495918e+00 6.367672369351984329e-01 8.101261635384730653e+00 -9.572684261552250717e+00 7.249524901204361882e+00 -3.389363773912218658e+00 1.514130857078979320e+00 1.244350981150012594e-02 -1.860639902528820055e+00 -2.745042499150241455e-01 -7.609650090489401997e+00 -5.695850734288785411e+00 -5.042251291220798848e+00 2.282563803775035094e+00 1.074638435535453240e+00 -5.875618861065628806e+00
-1.197678541219183046e+01 -5.866430035314397884e+00 -2.551486351655809504e+00 3.780401308876189859e+00 1.287663619014774774e+01 5.657980170777486606e+00 5.810527110239159576e+00 -1.590709752535289745e+01 -1.376145392755647201e+01 -8.985855067588252032e-01 1.053668854290111812e+00 -2.182775862066826278e+00 -1.548482976548640622e+01 -1.130728899911376040e+00 -6.854815345523869174e-01 1.210223896184431602e+01 -1.937132361421334892e+01 -1.741750563718738221e+01 -2.146186109518551532e+01 1.245562748353927418e+01 5.860769356971033517e+00 4.384290195073136331e+00 3.408295799843178209e+00 5.781251803877703210e+00 -1.757987224195128562e+01 -5.051232969907908377e+00 1.575400455484180462e+01 1.919757402970855287e+00 5.135006395794665668e-01 -8.167809596021745833e+00 5.300465515382447812e+00 -3.934361542495339759e+00 -7.852032688160458740e+00 2.283874128812379922e+01 -4.862819514439982171e+00 1.616168912225423426e+01 -4.700036309315886562e+00 -4.172271276200340218e+00 2.281837443893970274e+01 -1.559839219046982350e+01 -6.750508044143816555e+00 1.756567048164790634e+01 -5.761811771260848758e+00 9.872218095021986883e+00 3.580090591158466395e+00 -1.504044461099076457e+01 3.054071265104090216e+00 -5.689155658809666782e+00 1.058178562298273029e+01 -5.499050709526411840e-01 -1.522595803094147193e+01 -2.384486764672658765e+01 5.770436084587601933e+00 -5.720885682231815927e+00 1.001098685254869025e+01 -1.303287969869261964e+01 -5.238928307552640717e+00 -5.637232072063189214e+00 -1.427803657373678625e+01 1.771654143570368944e+01 -7.705172637198784535e+00 5.378726491885875483e+00 2.982336788048080223e+00 -8.822896000731654809e+00 1.735621278158179237e+01 -1.294866838742505522e+00 2.369420565473354756e+01 -5.230017787206164392e+00 -8.300738037277040959e+00 8.533841794555694804e+00 -8.040723806315748234e+00 1.856790186066969284e+01 1.266921544677112976e+01 -1.416081799663494678e+01 -1.487910723063225360e+00 6.984523620817042477e+00 1.521821262595632618e+01 6.572293852016054316e+00 5.886528320359452060e+00 -1.703369660001838781e+01 -6.391433442698695622e+00 -8.814802663160397955e+00 1.222668111949515435e+01 -6.376478013636870834e+00 -1.433625285251571135e+01 6.056783484690763109e-01 1.993206533874839437e+01 -2.278292814151982881e+01 1.168972252202408946e+01 -1.090702845561309076e+01 -1.757340881124215271e-01 1.029255928117652985e+00 -4.356742245133490066e+00 1.672012139610928205e+00 -2.398892247042203252e+01 -1.078863153515009543e+01 -1.339042500900199606e+01 9.341743581029195553e+00 9.559616553178209131e+00 -1.307574586895283097e+01
-4.432815867381385000e-01 -1.223707387449512879e-01 -1.008502408784891946e+00 7.902676244446440457e-01 -3.027870877455889342e-01 -1.784802172660329977e-01 -6.790499224196471229e-01 2.167445491962483872e-01 6.435699044059692842e-01 -3.234341496173260277e-01 1.096206271120848674e+00 -4.706173790468629048e-01 2.751326555954938802e-01 1.423135468037894646e-01 2.835252081563514603e-01 7.081769760747425035e-01 7.086352216453163377e-01 2.645374320199340157e-01 1.168846498769390951e+00 -3.751222459657461983e-02 -5.218272962819441307e-01 -2.197814407231014067e-01 -4.437287862648713749e-02 -8.083976707847771725e-02 7.495871429169488342e-01 -1.228220095402211137e-01 -8.070281491352524483e-01 2.751916127657917377e-01 -3.439702018080735280e-01 -5.344899153893154509e-01 -4.464957912426896769e-01 -1.877725520137416004e-01 2.689423310827032121e-01 1.056545571530090877e+00 -2.983702040971031311e-01 -3.242434994961495009e-01 -1.234454937220977433e+00 -5.361662199865316891e-01 -5.133414145275283502e-01 9.963989108284529994e-01 3.919413755420591006e-01 -1.892223743520220491e+00 4.226597880581158817e-01 -2.641451818338445001e-01 -4.861044837885231673e-01 -3.837809346075365946e-01 1.419819385159631908e+00 -6.762706063066313833e-01 7.998575923951406486e-01 -1.016888338865422625e+00 1.058947299129818914e-01 -7.107861311984842168e-01 -8.947170062913946398e-02 4.840273961092988464e-01 1.721702344644932658e+00 -2.505769344798126630e-01 -2.431089768240943527e-01 -3.262403249757215296e-01 -1.313066471070499119e+00 5.886135532195829745e-01 -1.298079473463516764e-01 8.066775568610650149e-01 8.414271683526873824e-01 1.250717018455200884e-02 -1.124845402070498324e+00 5.126982385581773105e-01 1.431148146826258793e-01 3.590485971585294922e-01 7.782292533515399180e-01 -3.368556570027982922e-01 -1.436941355056346570e+00 1.821441411239163310e-01 1.932000731225575474e-01 4.306971741353616268e-01 -1.753436307317589038e-01 9.727066984685980300e-01 -1.500775426206847618e-01 5.908372144556980343e-01 5.727527199545882075e-01 -3.704865426315237520e-01 -3.531785967248801117e-01 4.623018908425323426e-02 1.705804511035668769e+00 7.346086821971147263e-01 -4.456822318811912848e-02 5.557019601407842124e-01 1.909183596824569062e-01 2.580040524217148013e-03 1.031988022506522773e+00 2.954108756855817752e-01 3.001115241808175460e-01 7.980081380090735532e-01 5.944818497296804338e-01 -1.464997065952714284e+00 -2.593518253944865348e-01 1.071951760198182946e+00 -4.923666390269371140e-01 1.244923931339513512e+00 -1.878242203418948320e-01 -7.849527633694429740e-01
-3.606181807169369646e-01 -8.642215315805670817e-02 -7.506546542922750698e-01 5.426934943687051760e-01 -3.673440956959002635e-01 -8.409047271999733897e-02 -5.957053230352337136e-01 1.782996089469314482e-01 5.040596489110329426e-01 -2.495210227523759483e-01 7.718554025130304197e-01 -3.373127290814246226e-01 2.798671637914550425e-01 1.412975890779163968e-01 1.605442475432806160e-01 5.989749535154104132e-01 3.890167888426870890e-01 2.122859260649532787e-01 9.180344772466472181e-01 5.766859674781816408e-02 -4.501754646155335937e-01 -4.014725039954326197e-02 -1.190098031167791809e-01 -9.470751318038245214e-02 4.937871391477046124e-01 -7.925240719433154779e-02 -5.352304716813526264e-01 2.285347984174150027e-01 -3.237767114677460034e-01 -3.444373887421505187e-01 -1.625529342596712945e-01 -1.937260398196772870e-01 1.144472912189980762e-01 6.968066898338814985e-01 -1.387976473921621601e-01 -8.605164493855922692e-02 -9.511597668898770230e-01 -3.499715945114591498e-01 -4.458483205037608310e-01 8.337106371046674180e-01 2.534507112480584023e-01 -1.414892368647479914e+00 4.039554150717034608e-01 -1.894727116823286261e-01 -2.856864017151024004e-01 -2.990989118398396096e-01 1.260430937196403978e+00 -4.960109136767515969e-01 6.123068384302794431e-01 -7.931219108134567319e-01 1.239971621770907112e-01 -6.808435860918672367e-01 -2.948719860141864046e-01 2.807466798142113640e-01 1.280432603586461937e+00 -1.368319330974780146e-01 -1.905977484885703899e-01 -1.066798496337909991e-01 -9.126871317830743680e-01 5.519396550033647264e-01 -1.675519277930962447e-01 6.119507296577209043e-01 6.789226920782853725e-01 -8.814035115684942800e-02 -7.158646310066894003e-01 5.294056278377254898e-01 7.843238423529567960e-02 3.221228518852930489e-01 6.079558068450148234e-01 -1.393851266232933872e-01 -1.180841556386860169e+00 1.459937878606412109e-01 1.694221697295672513e-01 4.729688708255052054e-01 1.536940884025036688e-02 7.518911224725741693e-01 -4.750290664396240869e-02 2.316309511690263778e-01 4.330875410690297467e-01 -2.984779288916489803e-01 -3.773459932690841900e-01 -2.121853587865705701e-02 1.362687761436837119e+00 5.790141591460760129e-01 -5.667823255298490986e-02 4.319109262828935702e-01 8.947990607430590659e-02 -1.156967270477369247e-01 7.788129689555173263e-01 2.680265970252694863e-01 2.473499012773518746e-01 6.794328554904635054e-01 5.448697654434614401e-01 -1.114430903567599884e+00 -2.520834085957098236e-01 8.724600453316226911e-01 -3.632550530987612158e-01 8.420092996762142956e-01 -1.475374726826064187e-01 -5.100022051979125060e-01
-9.586319061410376818e+00 -3.479590126420165408e+00 -3.836391722837777962e+00 4.560930870355028866e+00 8.406947485450729118e+00 4.892126397579248831e+00 4.821621652227356059e+00 -7.066779391586087478e+00 -8.583115971911340125e+00 -1.527878662430625978e+00 -2.524334914223058668e+00 -2.015374106019276912e+00 -6.512927182194534481e+00 -3.268544507998308646e+00 5.632755191606068218e-02 7.956316717454866350e+00 -1.272054921476353506e+01 -1.039474738027190526e+01 -1.502431705228609893e+01 7.945018472490655626e+00 4.443840147356556081e+00 3.748957957208773339e-01 3.940199981649356253e+00 5.152958420628425351e+00 -8.779102084801936101e+00 -3.073290331700244682e+00 1.002428127355927145e+01 3.764057138738059027e+00 -3.015070339874167393e-01 -2.210444515327824266e+00 3.797846579145025991e+00 -9.716613141093708439e-01 -4.449873498776974579e+00 1.319643154937410046e+01 -1.197006198238877328e+00 1.297789233341686099e+01 -4.372186836214833505e+00 -1.847861109142816760e+00 1.408105115869340729e+01 -8.421792043726247456e+00 -7.762132364153507602e+00 1.018290495742109947e+01 -4.646963250995058914e+00 4.903564537861720751e+00 1.804389673901427793e+00 -9.336868780594551609e+00 4.941165774293051705e+00 -3.187549665218047945e+00 4.258908121515971423e+00 6.842667624243604640e-01 -1.035702587251880225e+01 -1.878457879094692728e+01 3.692757581271963740e+00 -1.320620617811998354e+00 5.621814547652991045e+00 -7.217173665422052409e+00 -1.689217741038262943e+00 -5.428443246370702191e+00 -8.393501258923350861e+00 1.288880435198541896e+01 -6.253277558411905801e+00 1.984741629296926657e+00 4.146231956574912836e+00 -4.121508054668700183e+00 1.000270526564660578e+01 -1.067023151103023482e+00 1.667391033129207045e+01 -3.671085630957517387e-01 -5.229539239416175711e+00 4.511994930632099887e+00 -5.256881235709371936e+00 1.270741558999960752e+01 8.487767917474732471e+00 -1.089850431923927410e+01 -1.381444303367476145e+00 5.776374628338952988e+00 9.198348155934668924e+00 3.350113839227750301e+00 2.293993540556073185e+00 -7.696245166259626735e+00 -5.114508573793029811e+00 -5.437108012447085414e+00 9.782788022307936870e+00 -1.853374392880654753e+00 -7.393686398467092857e+00 -4.345239088448112352e-01 1.302474036203497754e+01 -1.514652173405136182e+01 1.051554463011051510e+01 -6.770340836862655642e+00 1.376757411534497599e+00 2.306075485626267185e-01 -3.193486748638550754e+00 3.368323786499405337e-01 -1.446324712816962332e+01 -9.052245836012568603e+00 -8.650219628898502933e+00 4.911877206931984929e+00 3.849304939352846677e+00 -9.278908984169087049e+00
-3.916578664580282254e+00 -1.330439556009480162e+00 -1.650562377070027953e+00 2.129978025275567344e+00 2.819227506511162495e+00 6.590064412959713014e-01 1.665585380578142649e+00 -7.714884085471876984e-01 -1.723491948008759378e+00 -1.605185363134341792e+00 -1.454394791144455024e+00 -2.656462503294926281e-01 -4.657957287438474481e-01 -1.847538466947239888e+00 3.327082875064880652e-01 2.808466459951026284e+00 -4.477801978468996857e+00 -2.238965660484085962e+00 -4.322340365170703969e+00 2.418571474480559313e+00 1.728173379858393810e+00 -7.770813583685242110e-01 1.978464001843145637e+00 2.240739944908917369e+00 -1.340038364372990953e+00 -4.442077285673722842e-01 3.594168483176957807e+00 2.755118475667562183e+00 -7.113252730251583555e-01 7.332487682749595503e-01 1.635534215465305863e+00 -8.014459129120628245e-02 -8.185441294091371223e-01 4.012336654157260263e+00 2.381142681780084036e-01 5.330553646483271457e+00 -2.143636352422718883e+00 -2.027664098356072309e-01 3.172575492329019919e+00 -1.919160644389074299e+00 -3.100478861615726611e+00 1.871993716946379172e+00 -3.652051934466147287e-01 2.259039552406575113e-01 1.898242165642424206e-01 -3.223749946200829886e+00 3.170560530272310995e+00 -1.533263709192594693e+00 1.114111342804436688e+00 -4.833766366409488757e-01 -4.380490136298176296e+00 -7.991351475734331800e+00 1.038280881040205328e+00 3.266765006648244055e-03 2.270870601157411794e+00 -2.468911788413222563e+00 -9.881424750225626941e-01 -2.111726870954071078e+00 -2.579314796089247519e+00 4.568407445113192189e+00 -2.510656393232809425e+00 6.773450319463693303e-02 2.350770445597929470e+00 3.372037385741370741e-02 1.611054870417941931e+00 5.628926833689646969e-01 5.584451200394237702e+00 2.003819948136390749e+00 -1.508234650780146957e+00 1.038594662693688830e+00 -3.085442005480550254e+00 4.287727601101264163e+00 3.121281060545036290e+00 -4.061842182739546558e+00 -8.189472881686935546e-01 2.512041141105494813e+00 2.038000517554805935e+00 2.876040440226962924e-01 1.931038426474141756e-01 -1.257737034520541641e+00 -1.701338727786376959e+00 -1.560713707146963225e+00 3.838562533086168127e+00 1.329044057360831976e+00 -1.108692839640565309e+00 1.075394256531985615e+00 4.334629995023401960e+00 -5.294847490120857536e+00 4.162688092981229104e+00 -1.300919739574099898e+00 9.329952687349518659e-01 1.184182532296152168e-01 -6.752079467638358867e-01 -6.163283934618515314e-01 -3.272907628573646921e+00 -2.648118994715422669e+00 -2.502582906920883143e+00 1.117470407173033919e+00 -1.115709898424575575e-01 -3.226448057461619445e+00
-1.331193223313248453e+01 -7.754466230776945856e+00 7.537135972403353534e+00 -5.167828496437314456e+00 2.030807095480666646e+01 3.191151600157152490e+00 5.392493527006184451e+00 -2.771038172947329414e+01 -1.349129307702733627e+01 8.723332667375039984e-01 1.147593805539703027e+01 -1.926923196561647345e+00 -2.967948007807653354e+01 -5.100123731555988860e-01 -4.713696485590039842e+00 2.311256662331649636e+01 -2.924807353754876260e+01 -2.639325391100623364e+01 -2.043467106048568738e+01 1.693891077701891845e+01 1.117652063844816190e+01 1.172985877708253000e+01 5.146006861505064478e+00 5.528413037158856902e+00 -2.857927986560657274e+01 -6.182973804488273828e+00 2.587679583808452222e+01 1.435431033849438709e+00 2.663137807651533073e+00 -1.506952350068707958e+01 8.284484163012898250e+00 -9.770572687202696116e+00 -1.038300996063046355e+01 3.756326596288690212e+01 -1.227366812875154523e+01 2.255597799046439533e+01 -2.311174860185529312e+00 -4.649984633476797136e+00 3.075192063073661686e+01 -2.496600244490371168e+01 -4.560964150878763945e+00 2.356016832240509018e+01 -4.071173604844560145e+00 1.862054793302356259e+01 5.347361700278018937e+00 -1.821710949430432080e+01 -3.753751171395464326e+00 -1.280621399845709263e+01 2.551597847544204001e+01 -4.870729524965220492e+00 -2.384105289951778062e+01 -2.480983116400598476e+01 5.439635586888749152e+00 -1.783022860113021935e+01 1.534363903688509012e+01 -2.540476718638213072e+01 -1.262049964790243095e+01 -4.366866674165626350e+00 -1.624137119003646390e+01 1.485215050991609509e+01 -4.790562141130496165e+00 4.800102200481104475e+00 -5.216306210827867496e+00 -1.300538119758665090e+01 2.304720534183135783e+01 3.309044365523460485e+00 2.935048328036222642e+01 -7.381954361910966433e+00 -1.193233449940134072e+01 1.872634400925576159e+01 -1.895374803924898899e+01 1.987029680371304963e+01 1.859451036109093991e+01 -1.398182082665046799e+01 -1.704173830569397419e+00 6.676285350624526771e+00 1.990251161731116269e+01 8.059116394223890367e+00 1.624844334888252106e+01 -3.255413534282167376e+01 -6.292745624638566682e+00 -7.861801651515960110e+00 6.192046126175771548e+00 -1.321254665948520568e+01 -2.723713210094641468e+01 1.324129706000168838e+01 2.774087429116448078e+01 -3.137014227430892532e+01 6.084298631135489188e+00 -1.225941966414278639e+01 3.967023599113725041e+00 5.467821756472444505e+00 -6.541518546323491279e+00 4.004541253943115997e+00 -3.306582753119456441e+01 -6.724030737951338210e+00 -1.872090462806992406e+01 1.300312688411165496e+01 1.817834494716123928e+01 -1.519816443965882513e+01
-3.963918747287989985e-01 -1.005906233174322512e-01 -7.207451737483411280e-01 5.275769363363819187e-01 -3.515160166164439381e-01 -1.197159618881798587e-01 -5.192902576924369740e-01 1.596134130223492431e-01 3.185074438102697414e-01 -3.308789456979451815e-01 7.652006332441949610e-01 -3.706286179048614016e-01 1.891934042662447579e-01 1.264475460997421530e-01 9.459527461951654226e-02 6.870391294517529390e-01 2.282157604521195260e-01 1.742315840559492124e-01 7.622064265993514498e-01 7.830289385577017536e-02 -4.721555369245052924e-01 -4.306390139584498344e-02 -8.037962716154460618e-02 -1.716327748160378364e-01 4.466533664178663487e-01 -1.578339190407167031e-03 -4.024582920305167510e-01 2.978178606592588595e-01 -3.766597485849665916e-01 -3.677164204166922246e-01 -1.857810871130488872e-01 -1.548285028341034597e-01 1.618633114939822815e-01 7.516644581937018676e-01 -1.208989877448789496e-01 8.392352461833563204e-03 -9.684999634378319566e-01 -2.626483292613440712e-01 -3.818993327967840634e-01 7.584821658722712412e-01 2.112978258103362927e-01 -1.316944352517917638e+00 3.719252775225448948e-01 -1.529904330031475190e-01 -2.385108173860229774e-01 -2.968053731214014279e-01 1.239935196855707522e+00 -5.015618922924667267e-01 6.904704426269571149e-01 -7.449638206833418819e-01 -7.073113657789716372e-04 -8.023445131022268750e-01 -3.715709180628000152e-01 3.430767104869814066e-01 1.297357211948441336e+00 -2.051458833158649187e-01 -1.951334296095562915e-01 -1.976383630343989672e-01 -8.943783085772172292e-01 5.620451315150053473e-01 -2.479509208284973454e-01 5.993677884102999176e-01 6.369633134144598863e-01 -1.192572329296046618e-01 -7.451390809160011175e-01 5.374013552440695118e-01 1.919163749285182075e-01 3.664350503728919795e-01 5.492556643500007274e-01 -2.024795703674114322e-01 -1.203826815319694710e+00 1.187938982429200679e-01 1.875396603697818410e-01 4.342540857952646993e-01 -4.724256605116948504e-02 7.339697471039715593e-01 -6.654088026173039794e-02 2.291621093765121853e-01 5.134470471909248213e-01 -3.181062547998095291e-01 -3.523465943752452367e-01 -6.744277851367694310e-02 1.365121503954381810e+00 5.561729302898522631e-01 -1.153358771997006205e-01 4.362558186522947912e-01 1.942920168224945288e-01 -2.550249621050925120e-01 8.572243816770408475e-01 2.772983624162527194e-01 2.637433305187612542e-01 7.099769096250231337e-01 4.572822407674251299e-01 -1.119015436110324169e+00 -2.928325540589184484e-01 8.858425473276930751e-01 -4.780886158594866986e-01 8.084419353759484395e-01 -1.936224297937089445e-01 -5.463168774443238895e-01
-3.710146688488114575e-01 3.024552665172062366e-02 -6.622348185406392584e-01 5.474247201930088069e-01 -2.708313750915601337e-01 6.378972834068738496e-02 -5.127720566139726266e-01 1.889101927206784659e-01 4.510240377250905319e-01 -8.011369340549853724e-02 6.540127593029630981e-01 -3.335975002042710358e-01 2.057693767784970484e-01 -4.154690911284318784e-03 1.559893427164647239e-01 4.623969039167212247e-01 5.168847907655227392e-01 2.193311998571719490e-01 8.744777292878105346e-01 5.132274363944766549e-02 -3.685399932004292389e-01 -9.076674536788988112e-02 -1.207258504538466920e-01 -2.848203674885623274e-02 5.297577971280152953e-01 -1.487329963333650085e-01 -6.591082026174880371e-01 1.031940225554734830e-01 -2.689741388444560344e-01 -4.878998505451386802e-01 -2.745879708525449103e-02 -1.203377641939571696e-01 1.544558171871651120e-01 6.238378205240467933e-01 -4.515227404902218827e-02 -2.284431100333953468e-01 -8.547692249182669011e-01 -2.388591211890038479e-01 -3.504565848597755995e-01 7.737067187662624024e-01 1.869156735957098747e-01 -1.216980393753329892e+00 2.494288136788196386e-01 -1.745352307549247542e-02 -2.011074704323771167e-01 -2.648998960550224546e-01 1.112117944206062026e+00 -3.012701241910749062e-01 4.590114849563072252e-01 -6.529184965565635324e-01 2.206526564955792191e-01 -4.888145074151603042e-01 -3.699176093353940264e-01 2.499139265679656829e-01 1.079506007850207006e+00 -4.928424573942930681e-02 -2.632454821981118631e-02 -5.498745607742473035e-02 -7.341765152814722084e-01 5.468250367288097769e-01 1.885217842369387581e-02 4.868877143759962056e-01 5.752893996355834538e-01 -2.124802538205425306e-01 -5.214536073874124211e-01 5.111661178112377746e-01 3.163251640000930287e-02 3.282469404950333347e-01 6.636971947358417667e-01 -4.616158158071074352e-02 -1.044657536472802573e+00 2.105896645998192249e-02 2.526027428255230856e-01 5.764937848565890866e-01 1.230357817990697898e-02 7.633421622592903022e-01 8.974785611686947329e-02 2.761087622929521701e-01 4.123146144882449682e-01 -3.153405889878918567e-01 -5.015399813098495585e-01 -5.320950242021423721e-02 1.134358684688480556e+00 3.463313634631380866e-01 -9.754072552159563647e-02 2.904006279725416251e-01 5.417144854983331134e-03 -3.628939416051032291e-02 6.495171951528410093e-01 2.790342676911367059e-01 2.571060325611500552e-01 6.082926393989298575e-01 5.317602255562724478e-01 -1.010159444031683673e+00 -2.769889040456755547e-01 8.460229081770678228e-01 -3.980495017052688711e-01 7.440303717327074740e-01 -1.047507196048545197e-01 -3.856020873848526320e-01
-7.368074901960460110e+00 -2.401177029733136958e+00 -2.980067243367336527e+00 3.710681461004983639e+00 5.997488464337999758e+00 3.022707006466348822e+00 3.751723469540216183e+00 -3.430039759247160092e+00 -5.225613761033073956e+00 -1.758858713670437224e+00 -2.660487024409578627e+00 -1.130589926858347027e+00 -2.909973000292192857e+00 -3.381683722955168836e+00 2.114291484650092923e-01 5.633458847052632557e+00 -8.985436147032793031e+00 -6.349593012906079359e+00 -1.025469490113176896e+01 5.277377266880115769e+00 3.545651532094419967e+00 -7.430875667128756801e-01 3.491735417136849762e+00 4.227678397296444679e+00 -4.649110015489061887e+00 -1.722189069649687099e+00 7.205666550453567076e+00 3.978588025575873210e+00 -6.541915418342016952e-01 -1.193518529437043035e-01 2.997095383099698473e+00 -2.237863967489790995e-01 -2.507112818170265101e+00 8.605770688287220693e+00 -6.712577588085063239e-03 1.009394512123298249e+01 -3.405429873097097548e+00 -7.591362343745204910e-01 8.777987335657915224e+00 -5.214034050143427024e+00 -6.378882729384833361e+00 6.193988190151771711e+00 -2.825380954769151298e+00 2.303331733246706481e+00 9.574790260962646737e-01 -6.405541427869738236e+00 4.564304882042378608e+00 -2.388125859582914234e+00 2.276331602105636787e+00 3.783230721391528384e-01 -7.864461155636057299e+00 -1.452917796720240240e+01 2.369047316420561433e+00 -3.597960649570429714e-01 3.679067416722483053e+00 -4.933112889456789496e+00 -1.195954810834061188e+00 -4.307329154884073752e+00 -5.288853302093323272e+00 9.158947460218147540e+00 -4.627096443390491309e+00 5.156258239460926873e-01 3.677672532824053153e+00 -1.816241924825608756e+00 5.752625677743561816e+00 -1.811734175061782692e-01 1.172411009751550814e+01 1.603314583560374151e+00 -3.484206991382954754e+00 2.851343275238438668e+00 -4.416350185872542689e+00 8.823333980564562751e+00 6.210114426841621516e+00 -8.066466948488258737e+00 -1.376754974229548401e+00 4.546767209135724741e+00 5.692509930593266709e+00 1.697433287634815269e+00 9.878579752818887894e-01 -3.994711443767685388e+00 -3.757148562465487895e+00 -3.521226674446891192e+00 6.986577547134484867e+00 1.090625362384699537e-01 -4.136334747746967189e+00 4.335614738172406391e-01 9.076679974444802568e+00 -1.066845980233222235e+01 7.996618137075961030e+00 -4.017546404398975035e+00 1.587829011028456305e+00 3.470253454304074447e-02 -2.157241070665002258e+00 -1.783908982370734919e-01 -8.890356070081255169e+00 -6.435365108721705418e+00 -5.745908219071869105e+00 2.713898960982545017e+00 1.518787859421180109e+00 -6.570416052512930705e+00
-4.174474343250625941e-01 6.796441405814367120e-02 -9.787845788141873449e-01 8.508041628607304618e-01 -7.427435046141204200e-01 9.204212033035734375e-02 -7.330104888422137588e-01 6.913847228106366483e-02 8.174428390187743476e-01 1.842751952210894967e-02 8.673447353323703313e-01 -8.463655196202626851e-02 9.460001313668846556e-01 -2.943621353808531516e-01 3.245233799800329444e-01 7.948665334368312241e-01 7.926604071660573458e-01 -2.978042138489456203e-01 1.368464323180527353e+00 1.679950213518436319e-01 -5.101503468229608984e-01 5.813393529655268982e-02 -1.579137700326525284e-01 3.559353499120133657e-01 6.871241692632775733e-01 -3.906143172308793599e-01 -6.625296628434653723e-01 4.244560795414004800e-02 6.221432483999083524e-02 -3.125068618667887210e-01 8.401713821992556896e-02 -6.259282954437269675e-01 -2.697372439327690996e-01 7.715209426043013741e-01 -2.813876748034524131e-02 1.032479905778027895e-01 -9.047380943392488994e-01 -7.141157986801147661e-01 -4.012396930490854108e-01 1.143610008394169597e+00 3.806299130746488291e-01 -2.224908743023326529e+00 4.899747693825217548e-02 -4.513016833372864300e-01 -6.775247345277676247e-01 -3.317941233579017601e-01 1.837746698536146805e+00 -9.928695464595014286e-01 5.799560109323569357e-01 -9.299920569116528757e-01 5.355149312420777186e-01 -9.548909122539805949e-01 2.107985334565513347e-01 -1.302570216587334018e-01 1.138929487704467558e+00 6.052722224550915325e-02 -6.411462418322969037e-02 -1.516476066323151350e-01 -1.266814730802364730e+00 6.479291794271727634e-01 -1.004134684908027791e-01 6.039763327243747870e-01 1.570921133633822020e+00 -3.016316622946778603e-01 -7.329214952631024627e-01 3.806435573532240824e-01 -3.625694104167071635e-02 2.549977257902922845e-01 8.437496471997076863e-01 1.878024222443923918e-01 -1.582070592432408107e+00 7.165004906572817189e-01 1.002094480143021216e-01 8.385374653634607434e-01 1.052721722925699932e-01 1.425601586225638817e+00 3.655310796180145094e-01 3.596314968876515583e-01 3.551657949064538911e-01 -5.245010040473135904e-01 -1.201351948265759528e+00 4.306122423827219436e-01 1.271681016417448573e+00 2.813380399781719721e-01 2.817037913726667675e-01 8.944296986819590956e-01 -6.180483164122240608e-02 1.023594075260846926e-02 1.082177617434284311e+00 -5.255804144638238223e-02 5.672491706019278102e-01 7.622265844228107712e-01 1.031149946213142599e+00 -1.351734439188559289e+00 -4.193066667018358062e-01 9.823686711978635300e-01 8.053838053337915304e-02 1.310162128914583279e+00 2.894981286837113310e-01 -5.966478651600807259e-01
-1.334510803151932556e+01 -7.776348471803416373e+00 8.469072507455729593e+00 -6.002746605532255586e+00 2.084506776787035776e+01 3.097712137100174790e+00 5.211994445409083632e+00 -2.833676709142875438e+01 -1.304709695332229380e+01 1.033769132252217338e+00 1.210604663676911485e+01 -2.132273324276232174e+00 -3.058117038388069631e+01 -7.360174400910249881e-01 -5.029471127385783724e+00 2.420484338100380839e+01 -3.005539650111657934e+01 -2.709500837836068143e+01 -1.982313373435088977e+01 1.722908222198573114e+01 1.156524342164540720e+01 1.226449416427037598e+01 5.597246458347918008e+00 5.463555598646548717e+00 -2.922933863948725630e+01 -6.259958337296091635e+00 2.647039503859203435e+01 1.627175580191206450e+00 2.825716696905974157e+00 -1.520136706123808956e+01 8.571837399910304356e+00 -1.019866396494669480e+01 -1.046837976881541010e+01 3.847939339843455286e+01 -1.290932979821567805e+01 2.327837155311864592e+01 -2.078719674672000917e+00 -4.366102662635737985e+00 3.125547731322970435e+01 -2.545300667071929723e+01 -4.635465276524727507e+00 2.364358224609776826e+01 -3.862989056243472774e+00 1.942192786428286055e+01 5.448729461798345497e+00 -1.817564652273000902e+01 -4.221121786779129970e+00 -1.333981191219850082e+01 2.666695519597772090e+01 -5.102819582236350016e+00 -2.446677258873747363e+01 -2.463596923194390698e+01 5.287091144972800194e+00 -1.884904413059148354e+01 1.573891712360810224e+01 -2.612286876371434374e+01 -1.289919001714618041e+01 -4.220164062881696765e+00 -1.597860998165983659e+01 1.426727357733154200e+01 -4.445988647181306597e+00 4.371267090010622525e+00 -6.062997680110500553e+00 -1.313222288039169783e+01 2.327727888712024651e+01 3.688933345382269469e+00 2.966217097849547457e+01 -7.189776523484290749e+00 -1.213398483170405306e+01 1.956185337327585572e+01 -1.996399342726483184e+01 1.965459736510198496e+01 1.882445349492174813e+01 -1.379701380481887618e+01 -1.595830409433992347e+00 6.596904413620856111e+00 2.002779215262021140e+01 7.891296366166992371e+00 1.727622578619431337e+01 -3.359148803309634701e+01 -6.247134095790349839e+00 -7.505913016980601427e+00 5.461186274106318628e+00 -1.376332943600947090e+01 -2.821182859316419211e+01 1.443555690995719409e+01 2.805444099863175822e+01 -3.188221294019981400e+01 5.600325185160055064e+00 -1.222896336931368744e+01 4.614190819481033046e+00 5.933479314052224396e+00 -6.781086413046907957e+00 4.187561849280157844e+00 -3.347906124272236639e+01 -6.424057036735873361e+00 -1.910756734679372215e+01 1.313383062248614053e+01 1.876383972932612920e+01 -1.507662406978026581e+01
-2.770779844294201766e+00 -1.025326144159026009e+00 -1.341301824461801795e+00 1.583413936520094101e+00 1.765803626963001749e+00 1.338579801469258479e-01 9.385484449040035759e-01 -3.303502843816948920e-01 -9.656036087016068858e-01 -1.404723661401662937e+00 -7.710008140926044584e-01 -2.099165192595539020e-01 -1.420273703882311278e-01 -1.106540729342207374e+00 2.876857719569235194e-01 2.091767431333819260e+00 -3.080677038183725180e+00 -1.279341607427492811e+00 -2.594041930703171683e+00 1.637238103749508067e+00 9.878615919771912557e-01 -5.690286165890936498e-01 1.376762394285759417e+00 1.390247215078981524e+00 -6.863068551216696678e-01 -1.879194563083652070e-01 2.420749355977875439e+00 2.115643230420352072e+00 -6.824883812521280735e-01 5.955604954517226268e-01 1.004095645486360988e+00 -1.134412358965118800e-01 -4.280847406755496354e-01 2.874473174485307592e+00 1.348163486944523592e-01 3.681143387242843179e+00 -1.821999080421610406e+00 -2.045165048610607939e-01 1.788065252637411229e+00 -1.001415595000634262e+00 -1.950217385724143604e+00 6.776750172229447644e-01 1.552335459002693319e-01 -1.056521932641621142e-01 1.692533434492177538e-02 -2.271694730314782973e+00 2.612234627445839230e+00 -1.295066179635903314e+00 1.036272108418975213e+00 -7.213887135920711291e-01 -3.132197332639710119e+00 -5.762676497360661898e+00 5.932040073177895501e-01 1.444780374541476675e-01 2.044830371075058828e+00 -1.773241992978829895e+00 -8.599792746912809926e-01 -1.458411335503546846e+00 -1.998928082495059488e+00 3.208772162915683790e+00 -1.878513919545248045e+00 2.242024741796946885e-01 1.805369833168946725e+00 2.645121821892678082e-01 5.720168754223435847e-01 6.376257962388649503e-01 3.785799199032064077e+00 1.646284621136616222e+00 -8.929705997484506108e-01 5.010065523449854785e-01 -2.579802349355617253e+00 2.918157191739421119e+00 2.104424685431092623e+00 -2.742060110701668219e+00 -5.828136190587838161e-01 1.849618105829063497e+00 1.095383673310170058e+00 1.242938493651979115e-01 2.333118405284220487e-01 -7.840430255194145159e-01 -1.078558041629766429e+00 -1.030912494899333787e+00 3.063942623167506873e+00 1.354859000866854402e+00 -5.834063386143348851e-01 1.058994935059924591e+00 2.964876094700965137e+00 -3.674385735561183530e+00 3.076139171710001285e+00 -6.677130239819613067e-01 6.936796064457437794e-01 2.785239568778935526e-01 -2.872952600941585666e-01 -8.170418715067081505e-01 -2.019072781751978685e+00 -1.440151767970066166e+00 -1.731847491474797662e+00 9.199087155716860753e-01 -3.352128213311800220e-01 -2.332013302726882120e+00
-1.047021277888943835e+01 -4.128219942248589014e+00 -3.933407512789214078e+00 4.722269927658396149e+00 9.643210473144847583e+00 5.515188616080663131e+00 5.187758862998478548e+00 -9.385885844396469224e+00 -1.029471958229164130e+01 -1.371248288868447407e+00 -1.984980737564376652e+00 -2.300431718061249686e+00 -8.852773892819412183e+00 -2.795668968709163593e+00 -4.058003281194277889e-02 9.089621335795884605e+00 -1.465382242581521766e+01 -1.252877496629427334e+01 -1.725723708535188550e+01 9.339576243722662596e+00 4.784411871780128500e+00 1.319947461522282595e+00 3.903561040710701313e+00 5.433137341548858856e+00 -1.124463978171077727e+01 -3.752381043771968461e+00 1.152283088790183996e+01 3.335016169090912364e+00 -6.886264527842365923e-02 -3.712878567373119498e+00 4.204241300142931514e+00 -1.632844490368917656e+00 -5.511447823982182470e+00 1.580853775185409482e+01 -2.105945260448185863e+00 1.408611988771315282e+01 -4.700581570484137828e+00 -2.521193330461447779e+00 1.681467453241440069e+01 -1.032103697466881087e+01 -7.874269173825078738e+00 1.233202569209149146e+01 -5.273531051587013074e+00 6.358167549206959812e+00 2.303889153610628515e+00 -1.099442422516339413e+01 4.757254973600001158e+00 -3.718002363354980133e+00 5.695425831896179680e+00 5.799147815026453046e-01 -1.166428271751512646e+01 -2.057676173369573291e+01 4.411016236200863361e+00 -2.200568775347621298e+00 6.836942371218587944e+00 -8.597460057988797644e+00 -2.308254268336765946e+00 -5.684636720526470732e+00 -1.017126409200262671e+01 1.464068883355296258e+01 -6.934513413069236520e+00 2.988937310757653787e+00 4.122559907678819968e+00 -5.463631615041895095e+00 1.228749421960773702e+01 -1.417934814039933933e+00 1.900962407697935674e+01 -1.738995285336090602e+00 -6.148267325178633946e+00 5.472343660593109504e+00 -5.780454955568975706e+00 1.464122244954153373e+01 9.632766330516949083e+00 -1.211286081153237149e+01 -1.335927739266074887e+00 6.235617721242969758e+00 1.104486329370726949e+01 4.271283737693393867e+00 3.143558247335234146e+00 -1.008218519368727684e+01 -5.632382634143981548e+00 -6.497796614447113761e+00 1.096703102113455763e+01 -3.079855085766309397e+00 -9.217077804271831099e+00 -6.697273474454493725e-01 1.503084006525019412e+01 -1.743184777249952333e+01 1.135152505825835689e+01 -8.165389321833673719e+00 9.573812091559076309e-01 3.753027719914616145e-01 -3.598369644645649235e+00 6.771692799997481860e-01 -1.738000547648705663e+01 -1.002171126773269627e+01 -1.010469272074361768e+01 6.215123328571378281e+00 5.334937519573740516e+00 -1.052669882195492512e+01
-4.924696658983650721e+00 -1.611381480653366394e+00 -1.986112889390237779e+00 2.601311384273248262e+00 3.727274503295273878e+00 1.227522563699631863e+00 2.310119018469659391e+00 -1.312043121598186257e+00 -2.579865014150193314e+00 -1.725301239807159437e+00 -1.929806580592109411e+00 -4.223512059795538898e-01 -9.331685615273447310e-01 -2.427785148012859384e+00 3.230857467610738221e-01 3.547637100058991688e+00 -5.728051554002610679e+00 -3.242296959339867612e+00 -5.924443278775526345e+00 3.154766503481186479e+00 2.307451795449919629e+00 -8.923243862203127374e-01 2.484368613030379258e+00 2.883172620352850490e+00 -2.055860888817627963e+00 -7.293690935184654611e-01 4.625733251312333039e+00 3.252321987868142195e+00 -7.367728723062567653e-01 6.868901088589768333e-01 2.086639407283751080e+00 -6.392491605314973291e-02 -1.196873545516289550e+00 5.156082988701554015e+00 2.870513707074876519e-01 6.750574788373254087e+00 -2.473340529827157130e+00 -2.566885967849882877e-01 4.567450689546536324e+00 -2.778505965513350162e+00 -4.103441305316495757e+00 2.988138755395660429e+00 -9.762108084271433617e-01 6.418245247834828415e-01 3.721119204526495694e-01 -4.076430523507154291e+00 3.629393949774351480e+00 -1.769360841692679598e+00 1.313875355318353311e+00 -2.363473730492368363e-01 -5.429092887365433384e+00 -9.921212772596438967e+00 1.391510686232636518e+00 -6.334491014525843455e-02 2.559707300670103880e+00 -3.127617603118710843e+00 -1.062163437912446717e+00 -2.754425772771692760e+00 -3.197072488444942184e+00 5.807439359074558993e+00 -3.091227256290520753e+00 3.982599391942100164e-02 2.787289975390710328e+00 -3.316632721942804340e-01 2.608936973225739475e+00 4.287801738252467465e-01 7.247258403086587641e+00 2.140843172071424938e+00 -2.043588705590681176e+00 1.512045767124656104e+00 -3.512807768026709798e+00 5.503930796957070548e+00 4.005557689410276900e+00 -5.208045426617075258e+00 -1.034332931808548572e+00 3.106097855156706444e+00 2.946864331220455213e+00 5.698334353626026694e-01 3.044113331403765499e-01 -1.823990090761913985e+00 -2.275870214031887162e+00 -2.062793615436170569e+00 4.613260710186695590e+00 1.150212909272222417e+00 -1.777895746940300281e+00 1.004435905252964334e+00 5.610598241630452065e+00 -6.763295798709417994e+00 5.225150027416846754e+00 -1.943184273860375733e+00 1.166552234510527919e+00 4.100431279730386291e-02 -1.073384905152380719e+00 -4.948495144060378048e-01 -4.614995175152230011e+00 -3.706600903809262881e+00 -3.320033769225528175e+00 1.418936443164818817e+00 1.918341853226320226e-01 -4.108144807030031487e+00
-7.902812417690417313e+00 -2.614883699266010719e+00 -3.213164974439325583e+00 3.939890218215513773e+00 6.528238813520965245e+00 3.472589886405018866e+00 4.032662856176202126e+00 -4.108978180192583096e+00 -5.935433018088808410e+00 -1.723726086187186590e+00 -2.721405883148893423e+00 -1.336122323698727632e+00 -3.570139858346171646e+00 -3.463335500457275451e+00 1.772064182313831393e-01 6.149678956109696948e+00 -9.788433607139543469e+00 -7.192747730125598871e+00 -1.131537452835272006e+01 5.837601352702237456e+00 3.780932343037423760e+00 -5.878181888255912257e-01 3.652777245111403115e+00 4.478406827007789026e+00 -5.445946419540870664e+00 -2.004309937610903258e+00 7.817778274520677861e+00 4.018751607327231135e+00 -5.972531914982415202e-01 -4.694480446379185601e-01 3.179957722283609289e+00 -3.276590483910434837e-01 -2.896422419090195710e+00 9.541443827422416035e+00 -1.886437401453779639e-01 1.080461100029346966e+01 -3.634891102809190588e+00 -9.572643160385361227e-01 9.898179167918344845e+00 -5.860450140462335256e+00 -6.803761612385224922e+00 7.030150174062671731e+00 -3.269749753747054566e+00 2.818485218655585101e+00 1.124720783807537483e+00 -7.006938374333247843e+00 4.717477400014602473e+00 -2.545674671735703498e+00 2.620299930557019596e+00 4.919732404807464210e-01 -8.413235101533459215e+00 -1.553901313634229631e+01 2.635732795190472544e+00 -4.959091132083672249e-01 4.041814291737041209e+00 -5.397751299564307104e+00 -1.249031404953929947e+00 -4.618925016816505469e+00 -5.902865535342183279e+00 9.984087693319837697e+00 -4.998301504435890052e+00 7.585228208493171032e-01 3.830662078640603152e+00 -2.270137832256132970e+00 6.624901855285815877e+00 -3.712300694843960747e-01 1.282173446845910370e+01 1.282439990613254643e+00 -3.852271533019643535e+00 3.196180774980843964e+00 -4.601034345080482701e+00 9.660895780219361129e+00 6.719039914663489377e+00 -8.723139113541494183e+00 -1.404837511582610610e+00 4.853015435926280929e+00 6.426681487321587838e+00 2.032494482675565095e+00 1.229015069838894858e+00 -4.684750509777284577e+00 -4.087545042523545114e+00 -3.912468046203850580e+00 7.610227114544401594e+00 -2.545409174687247589e-01 -4.805142760588560158e+00 2.394407459440296704e-01 9.935340886771413693e+00 -1.163544758730697737e+01 8.621235872791912058e+00 -4.593712467044772652e+00 1.614664669233041749e+00 6.540803479908087470e-02 -2.407480297871843700e+00 -8.430001045389347303e-02 -1.005697107537743307e+01 -7.062063599929038205e+00 -6.373094177612474986e+00 3.134137960871847373e+00 1.954025819520664342e+00 -7.177893515990113826e+00
-4.029978313159973125e-01 -4.046847393387825037e-02 -6.389934353307058501e-01 5.280622395455553120e-01 -2.218077747048207427e-01 3.526184817280760692e-02 -5.189952212919217711e-01 1.856180508643931193e-01 5.146098282362154830e-01 -1.843636834916821676e-01 5.860141179135747169e-01 -2.989089765985816771e-01 2.459897050468697055e-01 9.719489421382617594e-03 1.429546081387507717e-01 5.129634632283431861e-01 3.064472642763763077e-01 2.295789760223526377e-01 7.202724561641339340e-01 9.123931127370124572e-02 -2.939444166307825790e-01 -7.001298215394542723e-02 -1.272281125629966536e-01 7.352609691353512167e-02 4.613180437658752076e-01 -5.368999512297398247e-02 -4.822233609058010351e-01 1.771353049773894406e-01 -2.800917164584559305e-01 -3.411103762102496995e-01 2.938983432952037636e-02 -1.241519981316910187e-01 8.090797522137753439e-02 6.503478221859155806e-01 -1.297198474111166677e-01 -9.945112374796286764e-03 -8.410650824272680737e-01 -2.490402664358452312e-01 -3.468757259380538249e-01 7.140525670496135069e-01 1.170740072124090009e-01 -1.107314622789338232e+00 3.680555762623454741e-01 -3.704104421961548765e-02 -1.899808880953179901e-01 -3.326245115057477886e-01 1.169658385092845254e+00 -3.084529905593012544e-01 4.508239570544014252e-01 -6.751029401200521196e-01 5.796004341111830188e-02 -7.311930983074971246e-01 -3.065603738196079342e-01 1.696413012525297970e-01 1.107831426877122993e+00 -1.111143691008900231e-01 -1.323410950839738753e-01 -4.151731706558569462e-02 -7.768184455502428198e-01 6.286375531163123087e-01 -1.263516083344674856e-01 4.957841855548776322e-01 6.181876064436905294e-01 -1.418087903198436694e-01 -4.580321465415096438e-01 5.415989288202462948e-01 1.746751672131914845e-01 3.762620559525229891e-01 5.243082982463176389e-01 -2.767974154420474453e-02 -1.061351795148402610e+00 1.815856942404136254e-01 3.024889924303005295e-01 4.378912741144401766e-01 5.876330613337173853e-02 7.407111178913247107e-01 9.994894529028212904e-02 1.474761171906864843e-01 3.254903406538264266e-01 -3.019566118427882695e-01 -4.385909625625208919e-01 -1.054243088074317547e-01 1.274359871269964639e+00 5.116639315702093960e-01 -6.386205334426339753e-02 3.069219257372568510e-01 1.525452296965842947e-01 -2.280819872337397636e-01 6.655413386264710240e-01 2.465290494021772916e-01 1.914275162849182199e-01 6.330789996654034857e-01 4.970498596553887816e-01 -9.195276952348672150e-01 -2.820250680072791116e-01 7.228076526550092362e-01 -3.972722536806186366e-01 6.950812917370899902e-01 -1.217236499585409998e-01 -4.357807963204419766e-01
-3.307394972763155194e-01 9.518810467119066809e-02 -6.210147158404516476e-01 5.575749284590991728e-01 -2.539032149489497958e-01 1.742830890585542747e-01 -5.914797567677739787e-01 2.112484396364996964e-01 7.054200405162666110e-01 5.221826186048991042e-03 6.036602079574203694e-01 -2.738489493039115152e-01 3.331324322896312418e-01 -7.720880516152998918e-02 2.109433099428240366e-01 3.682366841111576194e-01 6.217232119993744144e-01 2.746484753041010807e-01 9.211217766593027267e-01 2.683659351453305392e-02 -2.653911917707230672e-01 -8.459147713105377719e-02 -2.063750489377550734e-01 2.020089737177228895e-01 5.725591545749220135e-01 -1.453165866708144571e-01 -7.350095035951687006e-01 -1.256686707481486850e-02 -1.656987456584216312e-01 -4.476862614533571039e-01 1.033854722667412601e-01 -1.475760216758020271e-01 5.858338330565258933e-02 5.587423112700208305e-01 -1.300189274108599635e-01 -2.228441551757818218e-01 -7.652162743235115805e-01 -2.742537770812478737e-01 -3.799373185152414290e-01 8.039858060508178195e-01 1.675282554448918326e-01 -1.182542323772735715e+00 2.800548057880749009e-01 3.679992351785211363e-02 -2.213355785861941538e-01 -2.760720827555474544e-01 1.129494879929087814e+00 -2.169258959424602007e-01 3.066293729910828381e-01 -6.445663155793932564e-01 3.055078119598347297e-01 -4.685853074167042331e-01 -2.732827022802508110e-01 7.382249131668670861e-02 9.907390332546890388e-01 3.173270071071788989e-02 -1.104150854224155570e-02 5.894784030213278542e-02 -7.350951149681775876e-01 5.837943002434080597e-01 6.947594242569993250e-02 4.723179266024972733e-01 6.520453467792224345e-01 -2.313670393586451102e-01 -3.557690931571415027e-01 5.254979987419957643e-01 4.661306666834397205e-03 3.269825593728400981e-01 6.520030258274317481e-01 6.018220497802618391e-02 -9.692177953394655043e-01 1.262797436482981928e-01 3.031976613002375087e-01 6.617625408182792324e-01 1.153346191666653892e-01 8.147555716793593028e-01 2.142437406320394921e-01 2.000478431291999037e-01 2.584056665094796035e-01 -3.331397725789355668e-01 -5.830827439166370585e-01 -3.384151086392463842e-02 1.155054294562135597e+00 3.718658415895980673e-01 -1.489873149137254001e-02 2.195072181222434693e-01 2.792606063472990747e-03 -1.758574633472428234e-02 5.182472144359530075e-01 2.336946938195671175e-01 1.842496064122553234e-01 6.310805078643296762e-01 6.139283340843307846e-01 -8.962538333443443861e-01 -2.600270784534035040e-01 7.808343962575778896e-01 -2.939029805720579369e-01 7.269054478372606320e-01 -2.919794390622863778e-02 -3.177537562313949571e-01
-1.244686126542661952e+01 -6.642182214266958873e+00 -9.032480069425503633e-01 2.421985957453962612e+00 1.462394942385326324e+01 5.105092279401037381e+00 6.019014732985782601e+00 -1.922910266404799629e+01 -1.473376999559170386e+01 -5.808934630163516966e-01 3.402280489367312644e+00 -1.816373163747672992e+00 -1.898652760603802392e+01 -4.281869283462946818e-01 -1.369077228552729286e+00 1.401499679526015463e+01 -2.165388410213858350e+01 -1.958355431162243576e+01 -2.253049087815236007e+01 1.372200908771767836e+01 6.771726078189526099e+00 6.113788024386921371e+00 3.231814575358418207e+00 5.823459854474686281e+00 -2.056536867533068857e+01 -5.487069458361999885e+00 1.822518468862748975e+01 1.279985761611756923e+00 8.518784778614941766e-01 -1.039863699268141595e+01 5.894814590466935122e+00 -5.302726944116932906e+00 -8.725523011347060987e+00 2.653467438713635573e+01 -6.413897328820584498e+00 1.714271413981273540e+01 -4.311710164257194222e+00 -4.855456009941185869e+00 2.516681885438514144e+01 -1.826637525247069860e+01 -5.870116904913949440e+00 1.983505186144143906e+01 -5.567770162874326800e+00 1.160941899634102192e+01 4.156153690291927383e+00 -1.663983570615035035e+01 1.624433643944403816e+00 -7.104432290840931863e+00 1.370650407788100011e+01 -1.523306882885439917e+00 -1.721312980280784188e+01 -2.481387062259024745e+01 6.038871577304217197e+00 -8.176376306948732520e+00 1.147617141196137069e+01 -1.584150864850541218e+01 -7.241402089691786337e+00 -5.434813979681889506e+00 -1.574340141697123308e+01 1.820448008233116965e+01 -7.486282017114110232e+00 6.136828218970849846e+00 1.726231408885613883e+00 -1.026207251484042082e+01 1.929794518043048512e+01 -5.624820629358425750e-01 2.541445336261992693e+01 -6.620332086747119149e+00 -9.265865555381717300e+00 1.054584823368729296e+01 -9.905496053079877683e+00 1.977696531362234111e+01 1.430096855102987163e+01 -1.464055308400604183e+01 -1.726667862534390308e+00 7.171354812907541287e+00 1.687436303080841782e+01 7.564148922878810133e+00 7.714908782377664309e+00 -2.083116711463139126e+01 -6.508155633672845219e+00 -9.445919439983399002e+00 1.175369280767633384e+01 -8.032415021551875256e+00 -1.724250536490724528e+01 2.574489715258728939e+00 2.228190293013172507e+01 -2.519958289236488014e+01 1.092581360675455393e+01 -1.173070514133809716e+01 -1.956436269624547142e-01 1.652937765733547115e+00 -4.728118508064930836e+00 2.207243997170097671e+00 -2.675454882028293824e+01 -1.026893363692407668e+01 -1.483389606418143103e+01 1.062635113933597353e+01 1.175227423426119522e+01 -1.408544165534031301e+01
-3.075669273034226658e-01 3.373461418094122338e-02 -5.802185198547283873e-01 4.825583631254612427e-01 -2.672567703382060511e-01 1.118197015992848237e-01 -5.687933188265106299e-01 2.000606819881239895e-01 5.907653570530988496e-01 -7.283181354153892006e-02 5.708041726743176003e-01 -2.871427598208761145e-01 2.556596442377952472e-01 7.623544506834140089e-03 1.346247548701120234e-01 3.883826759755011904e-01 4.768303509033427479e-01 2.820786220682585110e-01 8.228558690946852217e-01 3.508319734152312575e-02 -3.041969456398386784e-01 -5.333007450572224001e-02 -2.156419742248635585e-01 8.457477517853428939e-02 4.970594056277722328e-01 -7.805202956742297860e-02 -6.202707047241086125e-01 4.498453779475980463e-02 -2.262128087306126689e-01 -3.941708312690293536e-01 6.421604133946556825e-02 -1.160667409212114143e-01 7.272944283907652185e-02 5.152780442952664686e-01 -1.337648306886594363e-01 -1.770365309781047891e-01 -7.432162996328041116e-01 -2.276947571389721092e-01 -3.953252907380524483e-01 7.535054404382685034e-01 1.673839849090665299e-01 -1.093201395498504036e+00 3.317038206734200245e-01 2.082221267542790077e-02 -1.777436628808329588e-01 -2.624977289345398757e-01 1.060394909406199737e+00 -1.989701160934769508e-01 3.453845960805544402e-01 -6.179473125515785314e-01 2.286828557360613412e-01 -4.909860973187936684e-01 -3.316321272735882064e-01 1.185278684950536454e-01 9.849966209244123139e-01 -8.438665808720713368e-03 -7.428276719250211102e-02 4.694439048238989443e-02 -6.728199156367197231e-01 5.399519300500287278e-01 -1.364668740031979794e-03 4.747387320673738254e-01 5.525957364055577026e-01 -1.993806394264591997e-01 -3.816263853147393581e-01 5.204948374544309253e-01 1.432558986760705533e-02 3.035854877384965844e-01 5.808304557003288737e-01 2.855295387755498945e-02 -9.297218680681794689e-01 7.382165254039405045e-02 2.665893219582959883e-01 5.917169226025501549e-01 1.071490263356293937e-01 6.904706322122502460e-01 1.460232257195201444e-01 1.388449286539714111e-01 2.911044080736263084e-01 -2.938623219441606205e-01 -4.584920420834842636e-01 -9.355495818738907010e-02 1.134008173673368036e+00 4.184941314958680048e-01 -5.175049458461774415e-02 2.244349201986967079e-01 2.425485453702308850e-02 -7.341081548306829796e-02 5.036727869081452091e-01 2.580813829040451424e-01 1.591217554178361859e-01 6.097717048961381892e-01 5.262702603370121857e-01 -8.567496692925323787e-01 -2.320786013194573449e-01 7.594392822237815421e-01 -3.339433044592512445e-01 6.511732795615620129e-01 -7.143547504225185307e-02 -3.156485073017364362e-01
-2.799355233031218582e+00 -9.909761831612653449e-01 -1.321227111636581464e+00 1.607281988008266715e+00 1.818639272493693060e+00 1.981877913740248132e-01 9.422006330292657106e-01 -3.292042477377350451e-01 -9.072303582313403503e-01 -1.356009752006560598e+00 -8.293841825077438168e-01 -1.926435384964485797e-01 -1.191125870197423664e-01 -1.163921903619668186e+00 3.136945774627412642e-01 2.060213828209208398e+00 -3.067436419484325771e+00 -1.278581966440515805e+00 -2.630128588593001471e+00 1.655290300906646417e+00 1.060534734205282437e+00 -5.785852161027440488e-01 1.373086465732536121e+00 1.494948277779271306e+00 -6.859279313901722741e-01 -2.105506478021414163e-01 2.402080826057567897e+00 2.081067762518824082e+00 -6.499907452606906721e-01 5.907368162642170351e-01 1.095972621609026643e+00 -1.142555179476156813e-01 -4.639634775072847273e-01 2.869260832343636825e+00 1.349796167353983500e-01 3.709667052595778891e+00 -1.791276057804703337e+00 -2.005002421515977018e-01 1.829425366547883236e+00 -1.018776954023931314e+00 -1.998047924325975444e+00 7.533353733823464626e-01 1.433614103113950433e-01 -5.388950387418448007e-02 3.024621940780080828e-02 -2.296364028436995941e+00 2.627472061694598793e+00 -1.241380462611954227e+00 9.613916575952859978e-01 -6.986093621914623020e-01 -3.125167187715947925e+00 -5.785448761158614950e+00 6.234509055559619428e-01 8.511206850537585133e-02 1.989843037203124165e+00 -1.750761416857348207e+00 -8.287913146979769552e-01 -1.421132454531231160e+00 -1.988029051014106985e+00 3.259856236650425565e+00 -1.850521311579383710e+00 1.912108973920214616e-01 1.820203038885517710e+00 2.466642503504001549e-01 6.815264687771409591e-01 6.474565520966147902e-01 3.817907006241786139e+00 1.669243127091322387e+00 -8.977971573863874344e-01 5.666059633842454035e-01 -2.553649307101057087e+00 2.976787960825280965e+00 2.163062875641441174e+00 -2.742897919262472062e+00 -5.467678292107326365e-01 1.887760532055699603e+00 1.182573337358121535e+00 9.709196192842262096e-02 1.777391375311538346e-01 -7.957179829543011840e-01 -1.140406869799582612e+00 -1.045696445765112115e+00 3.059939190991514124e+00 1.333052450436926994e+00 -5.734989726455269610e-01 1.011985472256629270e+00 2.977589421755006516e+00 -3.691215091005836779e+00 3.044118979730990215e+00 -6.902975843131239353e-01 6.767356163037300254e-01 2.640951895120408621e-01 -2.668965510111518391e-01 -7.595282578619030334e-01 -2.040410587443399315e+00 -1.499319171783490612e+00 -1.718638775755904957e+00 8.984512845476002596e-01 -3.047836342906913298e-01 -2.306328922066413600e+00
-3.622323363587742207e-01 -7.124093005587452121e-02 -6.775242865566362127e-01 4.688800354753990263e-01 -3.117083599996319232e-01 -4.836882820828877771e-02 -4.898596374685267874e-01 1.692450656996474789e-01 3.043101760561326419e-01 -2.106648029909601594e-01 6.781183340591669939e-01 -3.619290769135242725e-01 1.217013269162388611e-01 1.351396372356699349e-01 8.597439332384014532e-02 5.269453466053251045e-01 3.509151171292985150e-01 1.977137294231808839e-01 8.084301142827980957e-01 6.356000196592008489e-02 -4.610965051850031693e-01 -6.688472011009917451e-02 -1.111817330971958673e-01 -2.168408594805687484e-01 4.594161354301031785e-01 -8.221353121056468316e-02 -5.285416475367723521e-01 2.313165452289002999e-01 -3.705353263364446481e-01 -4.120544799305058681e-01 -1.586150031081955403e-01 -9.443597548093564387e-02 1.913799633729001415e-01 6.422115068935427828e-01 -5.846400411091482591e-02 -1.633534502482955064e-01 -9.007179721842059061e-01 -2.168992717471777132e-01 -3.895602322987661292e-01 7.395660739429232855e-01 2.045381436327717295e-01 -1.212676333467982426e+00 3.106951707004428909e-01 -1.055192917139067821e-01 -1.949838291787132638e-01 -2.719716325493869991e-01 1.066130785169071782e+00 -3.776813821783557290e-01 5.832133481595281888e-01 -6.670607366283866080e-01 1.238896811280454646e-01 -5.543599292986323146e-01 -4.248237473487863625e-01 3.567039099016319770e-01 1.162136255963058806e+00 -1.368756004470427778e-01 -1.330805346336662864e-01 -1.267472062978571568e-01 -7.462072257359725347e-01 4.999507503868372282e-01 -9.488448424238585255e-02 5.337750502797223850e-01 5.021187978771673999e-01 -1.383607593869103092e-01 -6.534753873686862669e-01 4.983926825962053386e-01 5.250481703759516533e-02 3.010874238518031487e-01 5.993448158544364412e-01 -1.406351694070078484e-01 -1.069223872320281599e+00 -3.750171881394872425e-02 1.764655440049461843e-01 4.601880185102281140e-01 -4.266748840014867455e-02 6.449683577324849537e-01 -5.366840603388926129e-02 2.544714228512763299e-01 4.857327208564030108e-01 -2.713240962143410040e-01 -3.299719984441050191e-01 -1.023433205320731232e-01 1.170280241025385193e+00 4.414486607260648676e-01 -1.427370695857344274e-01 3.519449419835113946e-01 4.387720431995233844e-02 -1.049410090989148503e-01 7.070004257381606871e-01 3.055688973588708279e-01 2.566016830162218820e-01 6.030858286478210095e-01 4.376952527291446682e-01 -1.043506205861872482e+00 -2.519993239648321559e-01 8.499017721255724966e-01 -4.567407802683752793e-01 7.266213055418984101e-01 -1.824780354437909036e-01 -4.442292618117523739e-01
-1.324201855794991900e+01 -7.766902544816485232e+00 6.818646593192378980e+00 -4.503838026302993569e+00 1.986935946393141350e+01 3.283872826071166262e+00 5.502163829631634862e+00 -2.714358248811820218e+01 -1.374244976887650793e+01 7.822240812324821047e-01 1.086248787884972167e+01 -1.900183147577914955e+00 -2.887892190753610322e+01 -3.851192637539502250e-01 -4.403227875017488024e+00 2.234948305255209178e+01 -2.876584354959400613e+01 -2.582051145320657071e+01 -2.077621479107081015e+01 1.670405222336059481e+01 1.072916750993950075e+01 1.132051063338979979e+01 4.888908178887579226e+00 5.613128260427640015e+00 -2.807190775630562385e+01 -6.125583201054705995e+00 2.534400404731461975e+01 1.350507321050345766e+00 2.478464357357341719e+00 -1.480603233242840133e+01 8.094664399687317768e+00 -9.450553255515266926e+00 -1.027454146241618460e+01 3.673098594280532581e+01 -1.186793161345059211e+01 2.209590185091031600e+01 -2.435507504599572215e+00 -4.651979442384344132e+00 3.039612399925193742e+01 -2.455824065237404952e+01 -4.613196586335078564e+00 2.342095311420374060e+01 -4.163437934748844604e+00 1.797250253851718327e+01 5.295555635506723924e+00 -1.825717284085540371e+01 -3.305397301767953877e+00 -1.230715433262018266e+01 2.454182176670123638e+01 -4.555442302247596942e+00 -2.332684751626841546e+01 -2.491313710086690492e+01 5.540488478554673968e+00 -1.704904492948626071e+01 1.510114506616448260e+01 -2.463140351859452792e+01 -1.224675938909012451e+01 -4.458592388556628094e+00 -1.628608748918219362e+01 1.526424571671488728e+01 -4.991929527281370405e+00 4.965959837608082239e+00 -4.636722193460959929e+00 -1.290408907052322185e+01 2.282797763404959213e+01 2.981314528049530121e+00 2.908805168883401393e+01 -7.482072824387835830e+00 -1.169585849619885209e+01 1.807871548636778769e+01 -1.820219252019693812e+01 2.001280133278955375e+01 1.834192788285705689e+01 -1.406316168925263632e+01 -1.726826981021190255e+00 6.767430129113721549e+00 1.971812421617550015e+01 8.159259002175867082e+00 1.555504123959548757e+01 -3.168109796213349938e+01 -6.314663413053341223e+00 -8.142248956477162736e+00 6.724113595538661059e+00 -1.282586238502889664e+01 -2.653834316985438591e+01 1.233835015030143900e+01 2.745198985698434058e+01 -3.095832954625280564e+01 6.576783111020404249e+00 -1.229037634294840586e+01 3.500061454879054512e+00 5.132764720862061480e+00 -6.363146810009872922e+00 3.909111357384875696e+00 -3.269159085739472204e+01 -7.058245100815227602e+00 -1.843661504683216990e+01 1.286402218988750690e+01 1.775282735937638634e+01 -1.514493168262147726e+01
-6.992960118733412500e+00 -2.263088907276449291e+00 -2.816834686115806452e+00 3.545233920315500331e+00 5.635710594484940827e+00 2.715601955144764545e+00 3.546165783169664465e+00 -3.008871619350198312e+00 -4.759276789054163181e+00 -1.775279147556138026e+00 -2.592806723657504975e+00 -9.952766361238649662e-01 -2.505744609982921922e+00 -3.291705227727468763e+00 2.339959863406259055e-01 5.284957008135205747e+00 -8.447495500883569264e+00 -5.798097566269912129e+00 -9.538183198460510326e+00 4.908939829564528345e+00 3.372204296668160683e+00 -8.200202573959917141e-01 3.363697162567193644e+00 4.041393892276159860e+00 -4.148075493492210164e+00 -1.539085088578033167e+00 6.790918571651082480e+00 3.921887900611773503e+00 -6.846147819634172960e-01 8.122452113578956800e-02 2.867126044678558028e+00 -1.699720730893395093e-01 -2.258856078020643476e+00 7.996148391534262601e+00 8.950479042701638133e-02 9.590113990384351084e+00 -3.249697528719646566e+00 -6.411569789792108676e-01 8.040350113094939744e+00 -4.792167758797218013e+00 -6.058618126967219908e+00 5.641689757140630590e+00 -2.518415567989676696e+00 1.977739125188005653e+00 8.502938769785699513e-01 -6.009688039901711853e+00 4.442321545873240574e+00 -2.284919308241978086e+00 2.070661438167165969e+00 2.906981076395498409e-01 -7.488137790631270718e+00 -1.382269498059088164e+01 2.196840190905863466e+00 -2.857127417173133677e-01 3.455681215432958364e+00 -4.627342764345613979e+00 -1.169468491031626423e+00 -4.079525539628429343e+00 -4.897651398830815239e+00 8.602860778027734412e+00 -4.375035399289290972e+00 3.800286110159366570e-01 3.559523173038527499e+00 -1.528389272966286017e+00 5.185817839236348092e+00 -5.973775271906007350e-02 1.098341470436226253e+01 1.779520989060201730e+00 -3.240314708818162970e+00 2.622671944056516047e+00 -4.286268269325113955e+00 8.264084178920770185e+00 5.861204080694935925e+00 -7.614266200573933219e+00 -1.346610622828961601e+00 4.328823281544031509e+00 5.209820070644266110e+00 1.482992099200747926e+00 8.409526427057358866e-01 -3.566112751529116220e+00 -3.525054018393516841e+00 -3.266171733369572117e+00 6.571716186845881325e+00 3.323254329921661587e-01 -3.702717803623782888e+00 5.568568291544159221e-01 8.500033655869678739e+00 -1.002025326430279506e+01 7.559650280022641944e+00 -3.642038704406056482e+00 1.549764854205501363e+00 1.981953329430567734e-02 -1.983368835125731700e+00 -2.371363607103537940e-01 -8.126766339705685738e+00 -6.000863182741608348e+00 -5.328764883150526543e+00 2.453045747874604388e+00 1.249214940456346401e+00 -6.160234431001356370e+00
-5.506010633129292842e+00 -1.780807663228287208e+00 -2.202051500579173648e+00 2.870100744772357881e+00 4.253967317989130414e+00 1.605646945437169570e+00 2.671702167833633013e+00 -1.699169292830399858e+00 -3.130895133336603298e+00 -1.765385036888772685e+00 -2.161295636895221861e+00 -5.504268684660880151e-01 -1.279976598837133217e+00 -2.722908122444726242e+00 3.060995225051256208e-01 4.006461697629159602e+00 -6.464387623692449125e+00 -3.888288981384049769e+00 -6.891397287129017890e+00 3.609358629091397042e+00 2.624598541589409084e+00 -9.208743332616626809e-01 2.755857428516689023e+00 3.232441822039706647e+00 -2.547992157298872851e+00 -9.241259716707284078e-01 5.223362244757867145e+00 3.494104104831291746e+00 -7.384469275514358166e-01 5.936248241904935607e-01 2.322979444531472204e+00 -7.020803222186924875e-02 -1.451983409000083158e+00 5.879080579105202986e+00 2.781224024588949129e-01 7.561599202893598992e+00 -2.676633544056117309e+00 -3.242894599731186989e-01 5.453913653518519311e+00 -3.303660813780819883e+00 -4.674338951952063503e+00 3.678822766090897201e+00 -1.375805477573948110e+00 9.465983975939035178e-01 4.901140504435055334e-01 -4.588962208682190180e+00 3.878374320654958574e+00 -1.908787358427891823e+00 1.472412806098757576e+00 -8.641956550569250550e-02 -6.014587060470311997e+00 -1.102528778896858341e+01 1.602111741722187732e+00 -1.075371658121760804e-01 2.763609705923315119e+00 -3.525059007277246081e+00 -1.094986205597583639e+00 -3.130973951587311621e+00 -3.609490748388935355e+00 6.554492762329510391e+00 -3.438007859892356688e+00 7.546042727582874532e-02 3.023851259929011714e+00 -6.056720243996739361e-01 3.253191926125190481e+00 3.215990449585997002e-01 8.248315593358896081e+00 2.133499806132086452e+00 -2.362651289200584426e+00 1.803513735970804888e+00 -3.743292738588353430e+00 6.238240379355368681e+00 4.519592171896082533e+00 -5.873332580533944025e+00 -1.142777904180171111e+00 3.451348455604977161e+00 3.524535737442394456e+00 7.796895170367289518e-01 4.109534409545092526e-01 -2.224770813611658848e+00 -2.619949260406325919e+00 -2.373405082002570943e+00 5.111253270550724537e+00 9.859007729119342311e-01 -2.242165392429165571e+00 9.197198023369559383e-01 6.381669420538537807e+00 -7.638727787974198158e+00 5.863620351401681141e+00 -2.364480591754044791e+00 1.293507908639264903e+00 1.701498945910922059e-02 -1.318186334919680291e+00 -4.266779203452446545e-01 -5.493339537441107367e+00 -4.335371274520740670e+00 -3.837128282513088795e+00 1.648352985725449749e+00 4.253962812779006342e-01 -4.650533749740450418e+00
-3.051036646286388043e-01 5.554602349585678611e-02 -5.815963214935292447e-01 5.030154941067424001e-01 -2.743039851951199481e-01 1.375282874123130994e-01 -5.740835277248240720e-01 2.006408193552809416e-01 6.336766153881741026e-01 -2.860688096450059864e-02 5.845321022875045180e-01 -2.786311481706501558e-01 2.993190048376936918e-01 -4.582190667590760325e-02 1.471801326913249330e-01 3.748863157710841110e-01 5.544405008525786771e-01 2.704905292275338047e-01 8.736595784426400835e-01 2.208625533777780481e-02 -2.964394702717294550e-01 -6.005779418613707565e-02 -2.166444619744720135e-01 1.229246233584682657e-01 5.333338235053385334e-01 -1.073685580301006748e-01 -6.883144538816785563e-01 9.689562097100963209e-03 -1.868189860858925633e-01 -4.325382184556008092e-01 7.629559228080820543e-02 -1.177111933173291686e-01 6.861725548230000749e-02 5.221434285573148815e-01 -1.246152716246023973e-01 -2.285265641264818126e-01 -7.345442034236998596e-01 -2.500431207438596481e-01 -3.945518809084830325e-01 7.704403670282756744e-01 1.815616754225292673e-01 -1.137287373444791694e+00 2.871240140734134250e-01 3.037899506442208117e-02 -1.904383864074041532e-01 -2.488294609989193107e-01 1.057696269891839735e+00 -1.929278821998443583e-01 3.234663386009442587e-01 -6.151783766665231967e-01 2.805531631843147800e-01 -4.426099163950613646e-01 -3.012898554130537532e-01 9.274556100737350872e-02 9.619295847072877326e-01 2.459628772987285106e-02 -3.572439938487490668e-02 5.575937861910025550e-02 -6.737958389773627266e-01 5.250259183191068324e-01 5.118745266965471497e-02 4.687458546538450510e-01 5.945077580484011692e-01 -2.363516608695669652e-01 -3.762602185173259950e-01 5.041695138267768828e-01 -1.399199170826613027e-02 2.961184334666474571e-01 6.172735866774925473e-01 4.118421033902504302e-02 -9.243773173559630685e-01 7.085652692966265542e-02 2.688878848456910942e-01 6.407067979137051061e-01 1.068228256533218651e-01 7.332273271127814906e-01 1.716868884772599635e-01 1.690941648045062862e-01 2.875129490783714936e-01 -2.984720912326603304e-01 -5.163735634151145337e-01 -5.866787724506519058e-02 1.104072576436629260e+00 3.781576588677552087e-01 -3.919054501285907516e-02 2.243407900652525377e-01 -2.116665958662902313e-03 -2.816912401990703113e-02 4.925445429242842899e-01 2.541940495922171417e-01 1.695946916838058371e-01 6.113753040582365905e-01 5.581377418867579099e-01 -8.593117740791055281e-01 -2.437754385755721009e-01 7.803358377452799255e-01 -3.190050578276613646e-01 6.837223626696377066e-01 -3.564457770239241180e-02 -3.136579100540701215e-01
-1.339748751153921447e+01 -7.723187502266649851e+00 9.098298489366898778e+00 -6.577323801291235839e+00 2.123654014566031378e+01 3.065375804658857728e+00 4.962024004215142448e+00 -2.874744832474611300e+01 -1.281328848646286467e+01 1.106208741250463756e+00 1.259101057896632625e+01 -2.203657707475353167e+00 -3.119819932916614036e+01 -8.783577698764850616e-01 -5.288006473763344317e+00 2.480114212018876430e+01 -3.043526253258694680e+01 -2.760209667832242175e+01 -1.949620070831415219e+01 1.745104127311308417e+01 1.192084731185433988e+01 1.260012385167182636e+01 5.887081963757439418e+00 5.407975657117929380e+00 -2.966884310092951438e+01 -6.300678339541163631e+00 2.688335356855147396e+01 1.761180041686958964e+00 2.931492330979826200e+00 -1.540023955932830546e+01 8.684625896199962725e+00 -1.040249000435627380e+01 -1.059957160776117568e+01 3.910432389685074384e+01 -1.324091080258472530e+01 2.379410061506706242e+01 -1.983572578660922181e+00 -4.287100057117574359e+00 3.163901964550787582e+01 -2.573314018657040947e+01 -4.548127380917828866e+00 2.373010065961807413e+01 -3.746038240953051712e+00 2.005228199392156796e+01 5.448293713863519905e+00 -1.812205989336947809e+01 -4.572759080113346641e+00 -1.380592411599773683e+01 2.749241599155671523e+01 -5.393630260444699509e+00 -2.482287902255919221e+01 -2.448410782222307347e+01 5.200573183641297170e+00 -1.949344293175611043e+01 1.590475380043055331e+01 -2.674407587687874965e+01 -1.315854526095368904e+01 -4.172636307053663174e+00 -1.592881292142886451e+01 1.391466682652750464e+01 -4.300769538933534974e+00 4.152983156544414634e+00 -6.530153671607957122e+00 -1.320486206993536804e+01 2.345294432508025650e+01 3.935185690300518235e+00 2.992104354379066322e+01 -6.947181644129381439e+00 -1.240100024697335002e+01 2.011004259411731354e+01 -2.058526174645709261e+01 1.950685417483513007e+01 1.899024632899002540e+01 -1.368523496905212866e+01 -1.492045539690056932e+00 6.505259757452761527e+00 2.015154575753072308e+01 7.691763683730623136e+00 1.786785164278701288e+01 -3.426614663710253694e+01 -6.269824770195276287e+00 -7.162082433212681565e+00 4.987952958655888835e+00 -1.411401817349656973e+01 -2.876283946552372939e+01 1.513658577908884340e+01 2.817000748227678386e+01 -3.223772061886200646e+01 5.162590477906721098e+00 -1.215929442591478882e+01 5.031667771572187142e+00 6.210564732862233761e+00 -7.039166065245457737e+00 4.294077515176405235e+00 -3.377509750334274230e+01 -6.113562648305868485e+00 -1.932415468007378934e+01 1.326780064732576747e+01 1.913983096653164395e+01 -1.495200757341565989e+01
-6.005374865116555050e-01 5.980539262735373729e-01 -1.001540681167727875e+00 1.370538020489195041e+00 -2.873014389834159521e-02 4.952892863949545643e-01 -8.736213836453294856e-01 3.957904976978163236e-01 1.805074941924533771e+00 3.956267260065517433e-01 9.190047020809626321e-01 -1.164306778049778862e-01 1.120330856231431360e+00 -5.480183725015954632e-01 1.003482541338770906e+00 4.916227760365489696e-01 1.355640960647986004e+00 4.417314291167499518e-01 1.520763781743470044e+00 8.424529302004271636e-02 2.089570533311359002e-01 -2.718756956453260432e-01 1.191412370599974069e-01 1.406234559607732804e+00 9.079028580548709204e-01 -5.747801771426940265e-01 -1.174746487980888876e+00 -5.108696521459412665e-01 1.955746554527905134e-01 -6.302001241705761370e-01 6.400296403017463609e-01 -7.237413584205145689e-01 -2.138531282938408717e-01 8.834357022504917278e-01 -1.259639287671046326e-01 3.440056609200357191e-02 -1.045078097032079212e+00 -8.464604318730742927e-01 -1.564720932643373918e-01 1.345232688891951245e+00 1.099042468777594872e-01 -1.986266170250834628e+00 3.543789597688314363e-01 2.486514908753117425e-01 -4.975113974356150104e-01 -5.250409934442151760e-01 2.463718709255109829e+00 -4.518403712636167580e-01 1.473995089882915166e-01 -1.287965420728835131e+00 5.550112925782710871e-01 -8.793802217503393637e-01 1.447902421791637251e-01 -4.405843495974787749e-01 1.323071073212109372e+00 2.958851556922253434e-01 4.814295811819981896e-01 4.136977289043505812e-01 -1.476416927902726162e+00 1.354174483639458249e+00 1.780833721019413340e-01 5.691376058149321127e-01 1.595405986429285772e+00 -1.941938975496541320e-01 -1.153167368308480045e-01 9.226108617479025220e-01 3.118843803643945312e-01 8.091079397161071718e-01 1.069399960292406471e+00 3.042706249587906475e-01 -1.652050733358668477e+00 1.242849712606485690e+00 7.260499812009804099e-01 9.411267873888454760e-01 5.419037792230936290e-01 1.999034579316732563e+00 7.669599238642156314e-01 3.751086875181727787e-01 -1.409562465188203551e-01 -7.409581909672697808e-01 -1.676308948230652129e+00 6.152125082475190521e-01 1.990777424164604570e+00 3.863419052125902087e-01 4.983646051260037235e-01 2.713226630663914674e-01 1.011621166966179819e-02 1.926538063520920330e-01 9.367271164925161653e-01 3.286236207300249901e-02 3.987065678599071572e-01 9.921253777498614257e-01 1.435749662533402082e+00 -1.433208152812841307e+00 -4.210856898850927621e-01 8.050247707723346968e-01 2.883056218586326769e-01 1.218415910545921799e+00 1.902897671072402153e-01 -2.879031309957726381e-01
-4.552655139375233473e-01 -1.520009476394708348e-01 -5.998259303871763537e-01 6.114717769352054910e-01 -4.998117405677027225e-02 -2.981640229004471343e-01 -9.161795817663109798e-01 3.606168609287521143e-01 1.510963239359908838e+00 -7.763732670570462346e-01 7.841047901764902628e-01 -2.052080863339150740e-01 7.845587045962992834e-01 3.082398677809072840e-01 4.154299147992063790e-01 9.599418261319617729e-01 -2.168977789706904857e-01 8.554456214587947693e-01 5.701030293759536960e-01 -7.141196220789326754e-02 -2.301242831545556589e-02 -4.113414498684689335e-02 -1.107810544548936127e-01 8.746782870565761314e-01 3.907563268150011648e-01 5.565869468266247955e-01 7.986207335912599847e-02 3.333561399133078695e-01 -2.480604050905155233e-01 1.230632536088736018e-01 1.627172717074913399e-01 -4.033613506675415850e-01 -7.024374822306483912e-02 9.134300199398085462e-01 -8.103055451533722753e-01 9.520451704399123249e-01 -8.176656116255420770e-01 -4.670781455655633185e-01 -4.308622140662435318e-01 7.506024897349508063e-01 -3.961798102287174272e-02 -9.256108230164914463e-01 1.267850894804542827e+00 1.254595342264872293e-01 -5.946650954080216767e-02 -5.817754963091943399e-01 1.990631442803165285e+00 -3.543371742968722260e-01 6.052825677789129832e-01 -1.289156714383120628e+00 -6.613532763163575412e-01 -1.698937276756847803e+00 -1.564594124028646505e-01 -2.097583437891273328e-01 1.729435977759758547e+00 -1.085069869003755794e-01 -4.442384437587121315e-01 3.253288913379890346e-01 -1.363016643669185513e+00 1.111810351458416779e+00 -9.228074190886851325e-01 7.828079215150592907e-01 1.006237598212257112e+00 2.181260037379977312e-01 -4.520109958151400931e-01 1.164468485969868627e+00 9.517834818153011467e-01 8.946667225571284243e-01 1.195264800039858716e-01 -3.820378695418863990e-01 -1.519082194875333025e+00 1.227739548019188387e+00 6.197045753979716354e-01 9.796241928981071212e-02 5.595074833251926227e-01 1.024560822877325084e+00 -1.496647177000597073e-01 -4.448105394400631019e-01 -1.013030243470238595e-01 -4.655585011201839873e-01 -1.308734699945036384e-01 6.061059806804869332e-02 2.648045882198246215e+00 1.536470015762777308e+00 2.151797648747510450e-01 2.057552084471531706e-01 9.326587010512495945e-01 -9.828229622017399247e-01 7.751171791194356731e-01 2.460605938234136647e-01 -2.260083612917692386e-01 1.256698485801877485e+00 6.898465736621531841e-01 -8.913735819395020021e-01 -2.661463340817825651e-01 5.809097104422380475e-01 -1.007531270504231635e-01 4.226307763771361969e-01 -3.871627165508343404e-01 -5.721195143621967683e-01
-3.097328981989029284e+00 -1.088587516989407478e+00 -1.402558999734143219e+00 1.750055079620244092e+00 2.089806493006959975e+00 3.054020181125176037e-01 1.135715225751424695e+00 -4.364482323592866475e-01 -1.101594995239950636e+00 -1.433981967592825590e+00 -1.010848313242549645e+00 -1.973582462819558625e-01 -1.868688396159821907e-01 -1.354250674197836180e+00 3.225931916610648709e-01 2.249985633381000660e+00 -3.455583522195369017e+00 -1.520662121605655726e+00 -3.082332158215537632e+00 1.855636817150045470e+00 1.250273807089897771e+00 -6.362222818658216372e-01 1.534902058933629521e+00 1.709961311425162167e+00 -8.549453514352344241e-01 -2.624604002429156702e-01 2.731944597715651568e+00 2.271435188971188790e+00 -6.646675783633742007e-01 6.586087078519252680e-01 1.255781331944106460e+00 -1.057208832372850682e-01 -5.648979310658854835e-01 3.162710629481864988e+00 1.582471895967055842e-01 4.154284922078351983e+00 -1.877872027091715079e+00 -1.985737757942944992e-01 2.170362190129950797e+00 -1.258560395453492298e+00 -2.294794339470916267e+00 1.045789913753759626e+00 2.975028825988657033e-02 1.000000000000000083e-30 6.596006623485278775e-02 -2.546131350769921919e+00 2.776448908708229801e+00 -1.318456794675455290e+00 9.875865539843174945e-01 -6.468171854660353937e-01 -3.475676235572151107e+00 -6.394068030220016574e+00 7.485593549996560903e-01 4.645935906750858074e-02 2.052507361344946712e+00 -1.941492839678744087e+00 -8.812889212986576570e-01 -1.597540639245031757e+00 -2.141196559123986987e+00 3.608103071596900691e+00 -2.032958556095404656e+00 1.458910198575540385e-01 1.974280676443963545e+00 2.077494615898247687e-01 9.292176193327743583e-01 6.282496973464661849e-01 4.290754956625693950e+00 1.775522879383585773e+00 -1.073286200754397290e+00 6.954202503506247135e-01 -2.703078553998723432e+00 3.337551074651563088e+00 2.422093706807713076e+00 -3.104809904436375501e+00 -6.172116236056399696e-01 2.051216962443503267e+00 1.405949172572597883e+00 1.288157006283996986e-01 1.571131910813222676e-01 -9.054570388779413781e-01 -1.285532467465980488e+00 -1.179373774410193310e+00 3.261833791915663028e+00 1.359257977402819284e+00 -6.856367464816736090e-01 1.043810131704316024e+00 3.342449019069985816e+00 -4.129765519992938394e+00 3.328198477581206571e+00 -8.549859657565463955e-01 7.377790828546175739e-01 2.176456895970682592e-01 -3.701583058723113551e-01 -7.074657217225576167e-01 -2.348056727147882938e+00 -1.816609215583541159e+00 -1.911876673471021526e+00 9.436206767326791311e-01 -2.613055923449372764e-01 -2.550890529580770227e+00
-8.619488474853508109e+00 -2.940220197564689553e+00 -3.511700081899839621e+00 4.230148500975200676e+00 7.278913738639922748e+00 4.086726664647828855e+00 4.385988962504566935e+00 -5.192230617749674870e+00 -6.978392366231463306e+00 -1.655585949892773634e+00 -2.724540493160992227e+00 -1.626930939819708266e+00 -4.637783791642639208e+00 -3.474115667002629859e+00 1.291523303457281779e-01 6.880241866724544408e+00 -1.094820660930460221e+01 -8.442775074838202443e+00 -1.281900698965805496e+01 6.663122728141968487e+00 4.075860653244186338e+00 -2.790207321989580103e-01 3.821198905604675566e+00 4.787469377013121807e+00 -6.691983720855375850e+00 -2.424402932094973373e+00 8.691531739233745668e+00 3.987166304846801346e+00 -4.939309887988877490e-01 -1.074275427410877892e+00 3.430102206448690794e+00 -5.313018619793259401e-01 -3.492112908524386050e+00 1.094320168368922985e+01 -5.264126681157335064e-01 1.174197058379680669e+01 -3.950707393025404190e+00 -1.282916555443436524e+00 1.154369609446572653e+01 -6.832760320568102230e+00 -7.297176869450860970e+00 8.259893231534956470e+00 -3.867785597414553855e+00 3.613028429971404165e+00 1.380964529658191831e+00 -7.901562051856939384e+00 4.872324046032820988e+00 -2.783533157732582364e+00 3.194999923772557704e+00 6.132888596898604661e-01 -9.187032927510761837e+00 -1.690379630159127089e+01 3.040659620343842739e+00 -7.563571753608773207e-01 4.621307545002075301e+00 -6.089579706771859335e+00 -1.367143614546360020e+00 -5.001767556226756284e+00 -6.846477180408672147e+00 1.115815781086756253e+01 -5.517678239598864387e+00 1.185918424363203272e+00 4.002253398419500563e+00 -2.969848713877389912e+00 7.932960115476471508e+00 -6.540987381155655145e-01 1.438034957282538073e+01 7.097810495590316515e-01 -4.391946548185263310e+00 3.704009782688586938e+00 -4.856553391416627008e+00 1.087262437115790448e+01 7.432049972288480078e+00 -9.627743169462489092e+00 -1.413569334719688486e+00 5.254242410407591990e+00 7.510827028250352200e+00 2.539103140969121597e+00 1.617358000019294417e+00 -5.785459448801462123e+00 -4.528905383021721853e+00 -4.498497642194752011e+00 8.501466210799261347e+00 -8.416524591250058585e-01 -5.804920093938840786e+00 -4.527563414725602892e-02 1.116649056866540235e+01 -1.302899588834832301e+01 9.450048179683779637e+00 -5.449410423633038292e+00 1.584218903603522133e+00 1.227826329507773068e-01 -2.743746229227792988e+00 6.673994170178386420e-02 -1.178218507743294907e+01 -7.912129903229208949e+00 -7.279920833488850995e+00 3.797490839152253272e+00 2.648915544234725417e+00 -8.035010705126063968e+00
-2.930451064962135699e-01 2.465437158792925521e-02 -5.412487400342195221e-01 4.486540999639171412e-01 -2.493956572157105256e-01 9.218660271218363789e-02 -5.772450727310953766e-01 2.149220652546010024e-01 6.154227476088531823e-01 -1.265454118079752666e-01 5.848649067195476059e-01 -3.048945347422143959e-01 2.393322870905578714e-01 3.523801123978222843e-02 1.169089131425951056e-01 4.093948587840292030e-01 4.053488436592644906e-01 3.419380391666103636e-01 7.704625905270733321e-01 1.648256028639280904e-02 -2.799094836305127121e-01 -4.790608954330618369e-02 -2.247490890648447259e-01 9.659061681615195571e-02 4.829550979095689756e-01 1.703794638767146610e-03 -5.763228760235988846e-01 6.222116461660491538e-02 -2.513651011301977212e-01 -3.767330484080030351e-01 4.454393948625363919e-02 -8.738546980028288891e-02 8.863803914837393993e-02 5.250536689034663862e-01 -1.840828728673384318e-01 -1.282186187197700833e-01 -7.404562483707967102e-01 -2.052781363221730659e-01 -4.082311681549803395e-01 7.304303410630696991e-01 1.499374052882018749e-01 -1.019311737971682508e+00 3.872315685415954056e-01 4.973329675484072787e-02 -1.396028901413476908e-01 -2.595689298140942958e-01 1.051532480768511357e+00 -1.586910795820986320e-01 3.604818380758937346e-01 -6.201521283417058550e-01 1.624367574112428880e-01 -5.294380952489163850e-01 -3.664661198749730175e-01 1.211287862011497657e-01 1.016027058090109847e+00 -2.782413989298258838e-02 -1.055208803204646523e-01 6.129798786730424748e-02 -6.682839878719567528e-01 5.414442900163967121e-01 -5.153224184481682013e-02 4.933723853095769440e-01 5.128003773425238165e-01 -1.878088449949156524e-01 -3.736344911042591144e-01 5.596045757955839806e-01 6.361013408139486180e-02 3.358167113672956838e-01 5.334776330759304352e-01 -2.091561071596488575e-02 -9.059541703089246667e-01 7.711372601096186385e-02 2.822455346149078670e-01 5.715385893270314988e-01 1.245621773988753594e-01 6.533189963439478554e-01 1.056723368471641916e-01 8.269668455706787047e-02 2.773070548954904568e-01 -2.821176154158552829e-01 -3.916188450180476122e-01 -1.174055465947659582e-01 1.213150219720575240e+00 4.907215988510326143e-01 -6.807763149486802112e-02 1.720547993245091500e-01 9.174611695189521798e-02 -1.397430370363834107e-01 4.867879266772436320e-01 2.858219649413947794e-01 1.030204481024863256e-01 6.544710875788046778e-01 4.945864473276304629e-01 -8.224595204634215229e-01 -2.285339082398679389e-01 7.521977360688618663e-01 -3.729561596995175088e-01 6.081267010505236881e-01 -1.051611485831765169e-01 -3.149836330326156730e-01
-3.621196335354722184e-01 -8.024407101166879108e-02 -7.352426624620238549e-01 5.027847152363618122e-01 -3.432422473604941904e-01 -9.771964733207867682e-02 -5.306794876032744357e-01 1.597159998469141196e-01 3.363145226767466633e-01 -2.611017554681537844e-01 7.423294805048863410e-01 -3.599298181891451565e-01 1.251756494046568635e-01 1.835136749694850911e-01 1.400427260248193195e-01 5.739399516789113198e-01 3.550629968347148169e-01 2.015365442176117738e-01 8.320794891866153398e-01 7.213086575472389683e-02 -4.817266952774743594e-01 -8.869665357812293871e-02 -1.017925468503123043e-01 -1.973087582856005162e-01 4.720821207973219802e-01 -6.681889326521740780e-02 -5.135831970605908570e-01 2.631363437679324901e-01 -3.863307263768784861e-01 -3.881593105365314100e-01 -1.799154045722465567e-01 -1.353069542069496867e-01 1.744943930644953234e-01 6.838153854781443552e-01 -1.083772351772478576e-01 -1.312587381539633002e-01 -9.677684598642720681e-01 -2.466046391634449664e-01 -4.105735233824579500e-01 7.727276145313094480e-01 2.171188167548384063e-01 -1.300180500443165243e+00 3.777453553258212637e-01 -1.687343227473419582e-01 -2.646200865603871577e-01 -2.914998698816562706e-01 1.155902849744789407e+00 -4.501596739130910851e-01 6.146410743660558618e-01 -7.092678129382689045e-01 1.022138215647253323e-01 -6.351694919803173578e-01 -4.127324168005975236e-01 3.598050364809792234e-01 1.251639848282930734e+00 -1.584628536680373900e-01 -1.822383895471072768e-01 -1.477515306152365759e-01 -8.500128535024344956e-01 5.424990159221333430e-01 -1.432097921331245416e-01 5.575766418569978455e-01 5.700954652849865578e-01 -7.297307069220708431e-02 -7.202597859016200976e-01 5.322737159494870252e-01 9.008835551861520130e-02 3.172995950843723323e-01 5.877761118209975377e-01 -1.811619708969615383e-01 -1.175748576724345851e+00 2.006360317415803105e-02 1.747672047147471042e-01 4.638045621289117459e-01 -5.940990985794391416e-02 6.743491357184082657e-01 -7.322224002146060506e-02 2.775717033768868580e-01 4.723150780947197869e-01 -3.068490667805147676e-01 -3.212797356477903876e-01 -8.729966354147837559e-02 1.254344528818577054e+00 4.900917534513964946e-01 -9.459264778063078416e-02 4.036008790437105587e-01 8.371365872884110881e-02 -1.629049275842633371e-01 7.563146955807090732e-01 2.817302831090860438e-01 2.685251657782676826e-01 6.455276231380576712e-01 4.782986330371407080e-01 -1.104894480971811754e+00 -2.278893101210471284e-01 8.715893178839249078e-01 -4.317079887634246438e-01 7.853894046359271019e-01 -2.118956941291143536e-01 -4.715861817113275456e-01
-3.086948709706742178e-01 -1.122165752114786114e-01 -7.303062249047191923e-01 4.841473300179716666e-01 -4.611601392707440628e-01 -2.097310833940241315e-01 -6.487477942329170633e-01 1.942089413969956546e-01 4.571533607386389919e-01 -4.396393076236769781e-01 8.981862438298345852e-01 -3.752888364974660274e-01 2.472470579716359584e-01 2.991037659831974338e-01 1.324071288068255636e-01 7.409157546913726078e-01 1.944776775491701415e-01 3.101286919085340377e-01 8.613946595402071083e-01 2.586928315286288194e-02 -5.123792324398697140e-01 8.819827620371653923e-03 -1.039895760582776885e-01 -1.790049647846981284e-01 4.237352337736284280e-01 1.061662567353526404e-01 -3.318124498090741503e-01 2.938970964117184614e-01 -4.162814297146932296e-01 -2.822926901410949818e-01 -2.859202812053021625e-01 -2.251709978548339930e-01 1.634080878270426640e-01 7.197298566929863917e-01 -2.283028797425937229e-01 9.086455289683603720e-02 -1.014663527876948912e+00 -3.168659677575420552e-01 -5.082718225309958981e-01 8.471696655613387694e-01 2.766184025585641248e-01 -1.416269825630908752e+00 5.475748655315305635e-01 -2.027491953514262701e-01 -2.473581952181966859e-01 -2.601417581982523042e-01 1.347805431232301343e+00 -5.781403965389086963e-01 7.793582550062804204e-01 -8.757052226988144561e-01 -3.510291711796884734e-02 -8.200262474654900213e-01 -4.308545361662873274e-01 3.378177906067522662e-01 1.453342966788757185e+00 -2.097341493444476734e-01 -2.782405658382802738e-01 -1.317988703325272959e-01 -9.792534963689490946e-01 5.472707774219578436e-01 -3.966415464152834858e-01 6.968104982816233361e-01 6.551064699556080617e-01 -1.975314593086011442e-02 -8.401737712093577670e-01 6.461322399116115056e-01 1.623042247750198230e-01 3.834095499145047103e-01 5.142742987383835951e-01 -3.257770968300577885e-01 -1.233452866818676386e+00 1.689716862330657710e-01 1.168774159528578327e-01 4.515144424219301178e-01 5.350747210375240287e-02 7.068416941132980025e-01 -2.150144415449756763e-01 1.441772262966664053e-01 4.847138589408144238e-01 -3.231573718346845703e-01 -2.384737952744670209e-01 6.213550199610111402e-03 1.602673834331643787e+00 7.286082850485635642e-01 -7.235748994043098015e-02 4.166713247599908021e-01 2.303492072383446221e-01 -2.657881962606282178e-01 8.760796113008316732e-01 3.167405332507609028e-01 1.974630146654775542e-01 8.383323574504046860e-01 5.111762352060456038e-01 -1.205446651808339098e+00 -2.268262943259770070e-01 9.553582559367473914e-01 -3.852058257115962281e-01 7.936984534450416406e-01 -2.534922486884492732e-01 -5.173512808430398291e-01
-1.318294563612258408e+01 -7.712619546490262046e+00 5.652882395022828632e+00 -3.421940567867130856e+00 1.919983850945375892e+01 3.446969391590620546e+00 5.701940909075631225e+00 -2.633267212149700143e+01 -1.415464433550785195e+01 5.608476539647917480e-01 9.961040198135442836e+00 -1.683752406302271742e+00 -2.766257939785433351e+01 -2.444205232537362549e-01 -3.996426919993201210e+00 2.106836405151303282e+01 -2.773886311357373202e+01 -2.500082263389636239e+01 -2.136069831262550167e+01 1.634277767528024583e+01 1.018364906190991448e+01 1.063374795909731851e+01 4.456852983241436306e+00 5.625034776935445180e+00 -2.718086511844139608e+01 -6.117326750789575662e+00 2.450351258968823842e+01 1.126299903676539538e+00 2.199436130663138478e+00 -1.446033825711974075e+01 7.767344732076183256e+00 -8.904735394070806720e+00 -1.015192829647420503e+01 3.553988123446534786e+01 -1.104725596807678833e+01 2.119112419770568323e+01 -2.732857656091932874e+00 -4.967262328163517537e+00 2.977008096928664216e+01 -2.389310485317023236e+01 -4.605507674961773823e+00 2.323206266014958388e+01 -4.399092528858719042e+00 1.702078912509455222e+01 5.191136045176039993e+00 -1.828207896483783301e+01 -2.687194892508048660e+00 -1.159567640697805757e+01 2.306974147347474613e+01 -4.242248232182360468e+00 -2.254621928716201040e+01 -2.511183948320358539e+01 5.660386163106580604e+00 -1.583502851379803289e+01 1.465635149344134014e+01 -2.357136421856061403e+01 -1.178799659924858467e+01 -4.614891223977887869e+00 -1.656239009832924935e+01 1.592054616016574897e+01 -5.446001604636938609e+00 5.443777074074271027e+00 -3.636250863775065678e+00 -1.267013572482992068e+01 2.250911419368305033e+01 2.494276792257963393e+00 2.865592730820401002e+01 -7.659253756361643184e+00 -1.143042547570124690e+01 1.700992598519402321e+01 -1.694400989038499361e+01 2.021729723608796547e+01 1.792109485281742209e+01 -1.429146131517086360e+01 -1.854358634093121294e+00 6.906067804334421467e+00 1.950251406891792172e+01 8.317179475743497363e+00 1.433053307404918364e+01 -3.035543309907777143e+01 -6.358724361436553174e+00 -8.550172142114661256e+00 7.597670225130615407e+00 -1.221306745642649361e+01 -2.527675746485487807e+01 1.086556453599681227e+01 2.696757526252544324e+01 -3.033001396868939281e+01 7.193556838895173833e+00 -1.232991944283338270e+01 2.731754188794715432e+00 4.556486664720736712e+00 -6.102321725685770915e+00 3.667785986750233818e+00 -3.204350595054540918e+01 -7.526618593732695039e+00 -1.800447033231546001e+01 1.270340116914642437e+01 1.699886294048923219e+01 -1.525551540688834251e+01
-2.752185889856595957e-01 5.224409630130620596e-02 -5.407105675149864732e-01 4.495826174935305675e-01 -3.065959228819797322e-01 1.223588195517766736e-01 -5.654836030682611758e-01 1.939683761852046828e-01 5.752931881198402042e-01 -5.524793019044934445e-02 5.837895250496083488e-01 -2.889080444018011229e-01 2.575304056894487381e-01 -1.039095330717460311e-02 1.031403417376904608e-01 4.002837207290876886e-01 4.794079951632445602e-01 2.767871794956354159e-01 8.234827333766550073e-01 2.290532718463737447e-02 -3.188359401925380254e-01 -3.440936606585561636e-02 -2.375404108704805006e-01 7.016901686021066731e-02 5.021173547724995245e-01 -4.997940851197603396e-02 -6.347341835767916773e-01 2.429190716072669384e-02 -2.174943377638907382e-01 -4.198492246332926614e-01 6.649748473004538085e-02 -1.026839081370097412e-01 7.351641749140935822e-02 4.885269904882197922e-01 -1.306075749663523355e-01 -1.948524099286971789e-01 -7.060566709986048073e-01 -2.049515613221995214e-01 -3.970621117907031650e-01 7.486040213639171270e-01 1.792459143996170678e-01 -1.076234463902006500e+00 3.035648684756966365e-01 4.037821658172206785e-02 -1.601018107225930243e-01 -2.223076109276046208e-01 1.033434928128202923e+00 -1.642698273701285461e-01 3.412256799375085192e-01 -5.824358151751174439e-01 2.607553870289044951e-01 -4.484770610490034226e-01 -3.616919181831804719e-01 1.119047118252555068e-01 9.387735652581878920e-01 1.583089088747197809e-02 -4.816105987912387004e-02 6.184986821002221025e-02 -6.328875271576419603e-01 4.975471224964006511e-01 1.217482524976785246e-02 4.648761817913211192e-01 5.373470978612157056e-01 -2.522218213585117885e-01 -3.752970677665757870e-01 5.137122439643341254e-01 -6.089501993447982500e-03 2.910448669532922361e-01 5.831328218901390414e-01 1.702302423968224745e-02 -9.062511384253952862e-01 3.726227305917231836e-02 2.491622423434693978e-01 6.557576574273707992e-01 1.124856739303723568e-01 6.758013587017904777e-01 1.453180356277637697e-01 1.172948988189067704e-01 3.031340533781913815e-01 -2.929773284246674492e-01 -4.687303674265654863e-01 -8.379519174693306205e-02 1.082897252047584802e+00 3.772576370674280422e-01 -5.951842147093950458e-02 2.049306773463846765e-01 8.841235096529934459e-03 -7.100365895530275084e-02 4.738192905108296604e-01 2.682264035371551558e-01 1.519816870297983069e-01 6.316354265649840594e-01 5.192067148459696968e-01 -8.271045427347771817e-01 -2.355770896939094194e-01 7.873849885498427348e-01 -3.429998708616625036e-01 6.338640927806444836e-01 -5.198606982646644670e-02 -2.949146590605062901e-01
-1.332606905307242684e+01 -7.756754705867707322e+00 8.156337016749789726e+00 -5.709328307339231579e+00 2.064746140543861230e+01 3.157610880818991106e+00 5.246485559872257731e+00 -2.810481924077589255e+01 -1.317158252349785386e+01 9.869880226377607535e-01 1.185412900441640005e+01 -2.095191386743903372e+00 -3.023801826310492658e+01 -6.793324252876721259e-01 -4.902182069067664294e+00 2.386303680301393015e+01 -2.980626724291683871e+01 -2.686986986234608921e+01 -1.999468568299869631e+01 1.713338676733416932e+01 1.140592715880159602e+01 1.208566765024618839e+01 5.485324372119794845e+00 5.487636272540115989e+00 -2.900355863290767289e+01 -6.224125223358395687e+00 2.622803857209663647e+01 1.587826274249735103e+00 2.752618218407893558e+00 -1.511800425153126248e+01 8.496916654283326764e+00 -1.004800648370592953e+01 -1.043864485130924180e+01 3.813414350079379744e+01 -1.270994114123100971e+01 2.308132580139422885e+01 -2.136647108595945088e+00 -4.419475225382960559e+00 3.110822876668065362e+01 -2.526562000387094287e+01 -4.629614770385204636e+00 2.359518898758167182e+01 -3.921455717698905108e+00 1.916695632694715101e+01 5.416281914964014454e+00 -1.817775723115427411e+01 -4.044148357114393910e+00 -1.314031899164207928e+01 2.625819736160162776e+01 -4.988948324702627168e+00 -2.424290013092089424e+01 -2.468531853725830061e+01 5.324155210305079322e+00 -1.850867998717030716e+01 1.561961460059047901e+01 -2.581561648660274955e+01 -1.275746994243407606e+01 -4.252372202599771889e+00 -1.603975448356327860e+01 1.445418616115212807e+01 -4.554824819686849935e+00 4.479820936355489280e+00 -5.800736711009127688e+00 -1.308133039009326382e+01 2.319093952151635207e+01 3.537585557503012179e+00 2.954812459348804410e+01 -7.214384158366144995e+00 -1.204564651067306968e+01 1.927192969958837310e+01 -1.961661233514751501e+01 1.971501218054224580e+01 1.870615035166376927e+01 -1.384505763411572232e+01 -1.612328646002318511e+00 6.626377382076890754e+00 1.997623523425065883e+01 7.917324988394856433e+00 1.696185585377217819e+01 -3.321799864409994285e+01 -6.275910208751612096e+00 -7.625589297721597326e+00 5.706125734912872893e+00 -1.359250171891571490e+01 -2.788841109485641212e+01 1.403178665499839006e+01 2.790266447578740383e+01 -3.170014277819571191e+01 5.792997034178782201e+00 -1.224533671999130746e+01 4.399593562875582897e+00 5.785847202899446984e+00 -6.701985054740447367e+00 4.146964512067751407e+00 -3.331284580448102872e+01 -6.549321311679861424e+00 -1.899089564482403247e+01 1.308303394596119595e+01 1.857816802550199142e+01 -1.505741852034142347e+01
-3.055166521215449404e-01 -2.719970731964112959e-02 -5.029112400390466364e-01 4.128260472383399882e-01 -1.583638885110820183e-01 1.140947728660008376e-01 -5.612971116012381856e-01 2.104036697611953166e-01 6.204246095629395441e-01 -1.438872342714426489e-01 4.894054204001204722e-01 -3.071248365441994754e-01 1.849950642699974002e-01 4.412570822511383689e-02 7.483546675492792899e-02 3.319697368038500573e-01 3.487597622808833453e-01 3.634359226441210566e-01 6.610783867282546966e-01 1.653599149342344435e-02 -2.207516017921901108e-01 -8.657305174454661689e-02 -2.636796001993104155e-01 1.146378220949205023e-01 4.610104173052391729e-01 3.627819332683839687e-02 -5.668847984714541210e-01 9.390646179751543920e-02 -2.567123746132432549e-01 -3.410464322214688537e-01 6.665472990085129223e-02 5.803605962943309167e-03 8.176985565829933411e-02 5.262702993210900404e-01 -2.466460889196984141e-01 -1.438656024561564550e-01 -6.919984269587200476e-01 -1.787457522221718165e-01 -4.115480517363880320e-01 6.500706401984092109e-01 9.817175469909648899e-02 -8.622722203190650303e-01 4.256367340113632047e-01 6.284023480272589446e-02 -1.291991621821702574e-01 -2.953964066489161433e-01 9.042191234666955291e-01 -5.266170912300491280e-02 2.762327620517044946e-01 -5.507254275614230643e-01 1.075101038139827797e-01 -5.304749811504072543e-01 -3.207393226322690638e-01 1.002615870867417380e-01 9.627886329067895099e-01 -5.785664487491090635e-02 -1.669976467995863689e-01 5.806049851209908047e-02 -6.255896670898660750e-01 5.318555628776144850e-01 -2.810951427393912350e-02 4.608991552056372898e-01 4.317370437135855665e-01 -1.544600555565809608e-01 -2.960361370757385591e-01 5.139663869633831483e-01 8.224952786750470979e-02 3.127118273514980507e-01 4.595950320324311278e-01 2.025946226394147870e-02 -8.144800331656988357e-01 3.763163650715155295e-02 3.254773641824923458e-01 4.752054840070848440e-01 1.034711420464286546e-01 5.525436132943891687e-01 1.174517981795233507e-01 6.042203049035882456e-02 2.285543455525788359e-01 -2.503852181999887128e-01 -2.813301503414868399e-01 -2.304707794098009577e-01 1.175002956664529030e+00 5.418073238110971968e-01 -8.635570614260928979e-02 1.204626395770750230e-01 1.393263826013942386e-01 -2.037757299413418544e-01 3.838492465080384219e-01 2.758294766231711437e-01 3.326714011356300682e-02 5.870478398705815115e-01 4.169967997564590911e-01 -6.964335481470668165e-01 -2.039901243671191355e-01 6.513727280675065678e-01 -4.284346803325279063e-01 5.509702567734982015e-01 -1.107229464790114998e-01 -3.316628267499885929e-01
-3.039747960945726191e-01 6.496009682574984886e-03 -6.127919077221586353e-01 4.713783879368511065e-01 -3.611049661285861689e-01 1.360711859209408001e-02 -5.822978413107179341e-01 1.951837483564385634e-01 5.450014789984481967e-01 -1.455583647810438364e-01 6.949880180067163904e-01 -3.084486013470144061e-01 2.837809629329597350e-01 4.803955010629252370e-02 1.189912071103398639e-01 5.314857162256235723e-01 4.510189306662681918e-01 2.386835369120048345e-01 8.846016588274384640e-01 1.594244015961360228e-02 -4.116482445506593479e-01 -3.144742725944631861e-02 -1.917539513208853241e-01 -8.454119695201843532e-03 5.336907697896002833e-01 -2.951307525591195108e-02 -5.913323570475440549e-01 1.081466345749328845e-01 -2.545230852660193555e-01 -4.184643425952718210e-01 -5.203985812039316206e-02 -1.471892866972502878e-01 1.198701178477746682e-01 5.900007700647107445e-01 -1.379280331392657433e-01 -1.324970940460065416e-01 -7.890191228229905818e-01 -2.497127562508878740e-01 -4.166882049393642595e-01 7.877058391929420145e-01 2.174947479117757820e-01 -1.235844668817405179e+00 3.171553493221219711e-01 -4.803251694690373330e-02 -2.007554414332634873e-01 -2.283129262236060775e-01 1.156560491019861248e+00 -3.281898432767398899e-01 5.002104468150646577e-01 -6.780622598299619330e-01 1.907003756361175251e-01 -5.632887002005033672e-01 -3.639565053703090469e-01 1.945246399522560510e-01 1.100431679918462136e+00 -3.175091227652282466e-02 -9.192631485615830600e-02 -2.262309568439532445e-02 -7.616033365395167287e-01 5.101311682409509496e-01 -8.305519096473197582e-02 5.321620516279410573e-01 6.193605151430416900e-01 -2.142030855440108517e-01 -5.618772192871096527e-01 5.389015910278558419e-01 4.378882437705892278e-02 3.227286391738657390e-01 6.094132654345733036e-01 -9.985213643022156083e-02 -1.057953319465413822e+00 8.332557969201724590e-02 2.053810988257702141e-01 6.236123372570631096e-01 5.985756129121726915e-02 7.383126541102379425e-01 3.398380946664066732e-02 1.705071233085477256e-01 3.915524798738062029e-01 -3.143018044147240508e-01 -4.329379774051856922e-01 -3.485705283182236047e-02 1.208139605279501483e+00 4.425088418081775110e-01 -7.443404950712299850e-02 3.051981991209685718e-01 6.196941835244818009e-02 -1.024994250536215429e-01 6.262636941340375962e-01 2.801832506155946256e-01 2.017830234648108345e-01 7.055909413039271882e-01 5.267662002820414635e-01 -9.737886705389492414e-01 -2.544037401919522767e-01 8.813485525667652531e-01 -3.660378015737826840e-01 7.144715416617085646e-01 -1.046062941427657877e-01 -3.860821402126660695e-01
