-1.336067148663691917e+01 -7.770237841375792875e+00 8.642949078173495892e+00 -6.137523455570947917e+00 2.090585173121208840e+01 3.113209636480768872e+00 5.116738333134367878e+00 -2.839542115461451388e+01 -1.295436969728709542e+01 1.075026719942292930e+00 1.218780645174964583e+01 -2.230074392964050745e+00 -3.068801486417037339e+01 -7.863625734685767421e-01 -5.070797163506354899e+00 2.443062860029911576e+01 -3.026237607756459980e+01 -2.720660466424360280e+01 -1.968934768265880919e+01 1.727433620225292188e+01 1.160413324700987658e+01 1.234701959892109357e+01 5.715154633250287830e+00 5.485591218697816629e+00 -2.935555037695968394e+01 -6.210210021253023349e+00 2.651291320700573451e+01 1.735523791984822761e+00 2.866237686314312860e+00 -1.520009103673517359e+01 8.656543689211936510e+00 -1.024513502018492161e+01 -1.050940272473126846e+01 3.856398833940028936e+01 -1.305589289565784128e+01 2.350959381936477044e+01 -1.990561971697619281e+00 -4.216604180856881712e+00 3.138440283742227876e+01 -2.548863097866173533e+01 -4.650029147892345449e+00 2.361767326937300737e+01 -3.788380948973512297e+00 1.957462918803993901e+01 5.451225029818402845e+00 -1.812587992063538778e+01 -4.276722236502672914e+00 -1.342398861309287561e+01 2.683224686012426119e+01 -5.083325606882858061e+00 -2.452249755236006123e+01 -2.455965559448887348e+01 5.267157272733599349e+00 -1.901075202460080504e+01 1.581610288106721285e+01 -2.616772691428268516e+01 -1.289144344920634744e+01 -4.187776719706941542e+00 -1.589192997325490886e+01 1.416307686571279589e+01 -4.355301694201395790e+00 4.221444964990424431e+00 -6.243601277805375993e+00 -1.316965603660543138e+01 2.329618462531679057e+01 3.719674547127417963e+00 2.969659358352343403e+01 -7.054376430923703367e+00 -1.216225314725752860e+01 1.971878007099492081e+01 -2.013802196484324369e+01 1.959518949475468830e+01 1.883654710140847399e+01 -1.371894593027703380e+01 -1.521413972784216861e+00 6.572667693780427811e+00 2.003029894676170741e+01 7.813719981488185695e+00 1.750805991900681136e+01 -3.372099707291300774e+01 -6.258280408354671920e+00 -7.427562787153070722e+00 5.330046616151654426e+00 -1.383830372199867931e+01 -2.841095453203989152e+01 1.463857181478631553e+01 2.805308627974076074e+01 -3.192210081381628228e+01 5.545847077088722266e+00 -1.220978125047809293e+01 4.723762207929523171e+00 6.023263532818862842e+00 -6.818745038825975158e+00 4.269514723342506812e+00 -3.352481494068128853e+01 -6.386411305139950478e+00 -1.917046772639689323e+01 1.312652689067805767e+01 1.888480793386806056e+01 -1.494898552704244921e+01
-3.013917305598224350e-01 4.882605677738079673e-04 -6.036923477616994438e-01 4.016387163260364268e-01 -3.316499824212744696e-01 1.931453281812600675e-02 -5.776003526123056897e-01 2.023241372210618227e-01 5.701541184710963162e-01 -1.754573630423472974e-01 6.495100814059185934e-01 -3.204025774496408463e-01 2.549610147867085730e-01 1.456952111061917132e-01 1.136186123559747851e-01 4.936561408842798371e-01 3.531708909919616945e-01 2.603218525804237848e-01 8.605171086621974386e-01 4.189950519427915882e-02 -3.549246479227334272e-01 -6.201686691569399494e-03 -2.024148065152443499e-01 -1.643189147082519883e-02 4.675070387119004134e-01 -2.622944035418422332e-02 -5.355183829005359941e-01 1.536366792153145144e-01 -3.215697744572320049e-01 -3.224609183176312954e-01 -7.352023729704654231e-02 -1.491904655833975746e-01 9.374187714738527188e-02 5.322425568394983930e-01 -1.140877799186902353e-01 -3.543552545861421155e-02 -8.061240593878270522e-01 -2.680594569881880607e-01 -4.335438829714561848e-01 7.881680181049749434e-01 1.764013400272174126e-01 -1.143548947327754028e+00 3.900434276610435513e-01 -4.267627102483895207e-02 -1.577440366008270312e-01 -2.673986041677525738e-01 1.169288818187684154e+00 -3.130077700256549411e-01 4.968051960576795878e-01 -6.746022329281929908e-01 1.876846144882456380e-01 -5.765525981065698913e-01 -3.888567712766785034e-01 2.272209378362009813e-01 1.098706481487810915e+00 -6.626325735633706304e-02 -1.946884024411902614e-01 2.026358022284959620e-02 -7.201393979873691453e-01 5.438522797657081576e-01 -1.087281689457414713e-01 5.538912074604810387e-01 5.186689010770823005e-01 -1.210856184271613678e-01 -4.958003385405815866e-01 5.925068560185792199e-01 3.559167025703464243e-02 3.033927585912213343e-01 5.762197276198830487e-01 -5.765718480504112425e-02 -9.884860380612323638e-01 8.892734826130793691e-02 1.995041311956110841e-01 5.301972268948836886e-01 1.237959138778681467e-01 6.582518253890621285e-01 -8.231345230016867687e-03 4.094959896460644705e-02 3.441249490816770673e-01 -2.522338563790375021e-01 -3.745222610941078001e-01 -6.387068080067453968e-02 1.297310579381939721e+00 5.522628890653160649e-01 -1.176344107492000857e-01 2.212762954677670868e-01 3.468172265073110605e-02 -1.262303799671783411e-01 6.099580980662184793e-01 3.147544172819172759e-01 1.505302310353090478e-01 6.705497179717517797e-01 5.113391215443879867e-01 -9.449755752113214724e-01 -2.445188848121535308e-01 7.925056729727103511e-01 -3.592711262286482632e-01 6.434084816674328078e-01 -1.394305140069800331e-01 -3.269567307012544166e-01
-1.245296213805358221e+01 -6.652958421940067701e+00 -8.729724779579509653e-01 2.397411863841047985e+00 1.465083115808442926e+01 5.093863051971021072e+00 6.023173207446808064e+00 -1.927919967347735763e+01 -1.474457840327395886e+01 -5.750179170556924957e-01 3.441137847055504295e+00 -1.810423884270941031e+00 -1.903982418938684873e+01 -4.184161239393521248e-01 -1.381577429236616084e+00 1.404783391337628551e+01 -2.168804591449135799e+01 -1.961480957738028508e+01 -2.254225797212618332e+01 1.373951565666132879e+01 6.787918392904657594e+00 6.141316575639968356e+00 3.229344152891425512e+00 5.824199262300728819e+00 -2.061102828397372022e+01 -5.493722971195721172e+00 1.826598807780620248e+01 1.270304993691063089e+00 8.575667046914402514e-01 -1.043189937099646869e+01 5.904940127891397772e+00 -5.324340168794226891e+00 -8.736720821697870676e+00 2.659315601373906190e+01 -6.439747717027004548e+00 1.715744147473383308e+01 -4.304192308279144008e+00 -4.864336483153629764e+00 2.519891704248270159e+01 -1.830694759259959881e+01 -5.857199804193355952e+00 1.986770577821638284e+01 -5.562947604291883508e+00 1.163455684502556942e+01 4.164775176240128829e+00 -1.666181092990322554e+01 1.600173745350691235e+00 -7.127656388900541984e+00 1.375579615270343936e+01 -1.539944000288834491e+00 -1.724500545650982630e+01 -2.482585780246977691e+01 6.041803683857308371e+00 -8.216476113144148385e+00 1.149792379312991386e+01 -1.588715337497285240e+01 -7.274189113666639450e+00 -5.430972025034400019e+00 -1.576177833377881932e+01 1.820608024690176308e+01 -7.479775543704362484e+00 6.145107130081197688e+00 1.703392315058547046e+00 -1.028243970426674103e+01 1.932514587225475111e+01 -5.479340308904067092e-01 2.543841605788309579e+01 -6.640754298014867274e+00 -9.279285366400079837e+00 1.057935710412677999e+01 -9.938550032771892973e+00 1.979253441830383764e+01 1.432667019250577845e+01 -1.464575167243403619e+01 -1.731732426985396422e+00 7.173790862108552879e+00 1.689837667573297963e+01 7.578700881255662658e+00 7.744501734702651241e+00 -2.089040868483678892e+01 -6.508590598007489625e+00 -9.454034251712529979e+00 1.174192027862665988e+01 -8.056864804892921228e+00 -1.728820379766267834e+01 2.611365014712367483e+00 2.231842554845686877e+01 -2.523493465981712092e+01 1.090967252944967392e+01 -1.174150360773336033e+01 -1.927788834413675656e-01 1.664027320214946482e+00 -4.733217104795594210e+00 2.215073285978437223e+00 -2.679530000701335268e+01 -1.025829778791501390e+01 -1.485452307894097324e+01 1.064358586538809526e+01 1.178588926948168591e+01 -1.410207923797081087e+01
-3.562169677321951333e-01 1.926856159324972506e-01 -4.695550247916125408e-01 5.576986634495693096e-01 -1.277163408770997377e-01 4.051335647351858582e-01 -5.550827077887314775e-01 2.083835133850675814e-01 8.910272696952490357e-01 2.020831806770632399e-01 3.213165373496122412e-01 -1.508587846214301531e-01 4.467072915729711768e-01 -3.249438080610628221e-01 2.228241843377291587e-01 2.032444586306880463e-01 6.289618002435900523e-01 2.551797990424301554e-01 7.734748615916352543e-01 8.127013986623980724e-02 -3.350810539535735433e-02 -7.582670559375211117e-02 -2.838986234622770666e-01 5.553355338591141610e-01 5.558402826335286928e-01 -1.889396335465904631e-01 -7.532590244944741276e-01 -1.636190013177895031e-01 5.388366764182533344e-04 -4.051154387698560622e-01 4.756927757591330463e-01 -1.295648424883069083e-01 -1.076039186631526090e-01 4.130798851386567327e-01 -1.131901713468954351e-01 -1.454986793193974448e-01 -5.375716623179703779e-01 -2.152630401866320597e-01 -2.728412707495013190e-01 6.959841142265629221e-01 1.784752926772284476e-02 -8.725471379935730853e-01 2.088014652125897708e-01 1.930288582490984617e-01 -1.562248202010577680e-01 -3.088803234429746136e-01 1.061401655067720773e+00 2.769795609659993912e-02 -1.793437847134409652e-02 -4.823342090133910243e-01 3.630681949511086470e-01 -4.931600115704553589e-01 -1.678584039531316741e-01 -2.183520066548316207e-01 6.452224143039224646e-01 1.599467282299140980e-01 9.457297146863000159e-02 2.340809442045720112e-01 -5.526287289826056215e-01 6.770668086422225729e-01 1.981314608926926790e-01 3.047152871005057162e-01 6.907424996731873490e-01 -3.543446018964027666e-01 8.427685823714003988e-02 4.958043419716032241e-01 3.690672440668707477e-02 3.480817200514516596e-01 5.829332937321441976e-01 3.468734451797275686e-01 -7.954540102506088006e-01 2.649744097875684767e-01 4.661219395639069618e-01 7.250572513644036876e-01 2.495761495949660458e-01 8.550277344608291363e-01 5.245409448618613135e-01 3.749016016452808714e-02 2.613473062536855046e-02 -3.417727160386297980e-01 -7.887448574987480088e-01 -8.697327490920089832e-02 9.492013007820434556e-01 2.477105764510071362e-01 5.904951357599926703e-02 9.106329031832743892e-02 -3.494633508690108293e-03 -8.337758948206998311e-02 2.842058916849073413e-01 1.379793065632670124e-01 1.123970425591772904e-01 5.411666784846549394e-01 6.559771385476508287e-01 -5.722360215045083631e-01 -3.008787046283000199e-01 5.584106217088394830e-01 -2.068989465583224441e-01 5.711109981308868377e-01 1.233291218900364333e-01 -1.861637666905605337e-01
-2.015868587217326091e+00 -7.610251351859977920e-01 -1.126773347777691781e+00 1.245698800188877131e+00 1.117747298604275574e+00 -3.380254651339570371e-02 4.436968671271919740e-01 -1.076684253385332968e-01 -4.289749363893404777e-01 -1.125411023784075315e+00 -3.406381246159533860e-01 -1.989262170641073746e-01 4.247216076120961803e-02 -6.750775084264732939e-01 2.683031987623414327e-01 1.582493491257534135e+00 -2.066847525034667843e+00 -7.072669320999218634e-01 -1.497439352710322691e+00 1.139428874002249792e+00 5.689362585523303206e-01 -4.139786296232026985e-01 9.273600569974357333e-01 9.442031549323329775e-01 -3.058188774197006521e-01 -9.587505843308302689e-02 1.557163518411208925e+00 1.567702416783623987e+00 -5.947260483427523337e-01 4.103665182811528367e-01 6.730888552399603153e-01 -1.407506150996771788e-01 -2.502046555738064448e-01 2.141730349223190721e+00 3.451044091303472061e-02 2.552880893971050558e+00 -1.549319362306929238e+00 -2.332942281953793717e-01 9.973918323340186243e-01 -4.205624115731321222e-01 -1.247185688059341269e+00 2.053307416876683222e-02 3.840530307963206380e-01 -1.860115202394803380e-01 -7.515393697277211738e-02 -1.661660861870236872e+00 2.209996803993357961e+00 -1.038707507942873143e+00 8.860968406013580712e-01 -8.063790966109253278e-01 -2.199281372423137260e+00 -4.222447474915138166e+00 3.314686245305141776e-01 1.595981652596779876e-01 1.812245129174715919e+00 -1.265427995061137345e+00 -6.988966478840676899e-01 -9.787674491547216915e-01 -1.629739946446733700e+00 2.371995991385280611e+00 -1.389402167429916846e+00 3.182368993987862993e-01 1.440520437964631695e+00 2.864757544913028031e-01 1.171984068534930173e-01 6.526590218677025268e-01 2.621594692841380247e+00 1.316859257831672458e+00 -4.709466153790446419e-01 2.671788416762770901e-01 -2.158679102383171067e+00 2.072859136615381459e+00 1.498062908985314801e+00 -1.812178932175394053e+00 -3.667888679244640793e-01 1.462220011394592234e+00 6.582579405523287797e-01 5.587338332023605164e-02 2.245615511538880116e-01 -5.601508238848482701e-01 -7.816622529762923266e-01 -7.091810142449489485e-01 2.547998656434995457e+00 1.237747546809411014e+00 -3.110466580310988771e-01 9.106829489641870001e-01 2.064515588877454899e+00 -2.587818784306414877e+00 2.306697284756093147e+00 -3.338834347612025244e-01 5.122678581786648255e-01 3.822200023896177856e-01 -1.455896485847403034e-02 -8.743333684545894213e-01 -1.331507771346290614e+00 -7.295733578917795725e-01 -1.240371446270679634e+00 8.157980626569190097e-01 -3.561498202507715760e-01 -1.720515540242414376e+00
-3.709520684746563934e-01 -4.852163241364927659e-02 -6.832089142307909979e-01 5.006095988297419863e-01 -2.898652769191022438e-01 -1.230459823449173151e-02 -5.227761407977922214e-01 1.823118991357891294e-01 4.289550022699166743e-01 -2.110122532487049007e-01 6.747389680801767486e-01 -3.354382934825675955e-01 1.987009086968222205e-01 9.792720129825427389e-02 1.292673117938108462e-01 5.216270330784626985e-01 3.653944840090964097e-01 2.233882209492672188e-01 8.119329525435897699e-01 6.122145656443582495e-02 -4.022578244912455303e-01 -7.012093562917717793e-02 -1.207045389305304306e-01 -8.258899481713695423e-02 4.734015718552440632e-01 -7.044491584925485772e-02 -5.214082000204018907e-01 2.008393631309061955e-01 -3.299231499711763327e-01 -3.789549638536561238e-01 -1.121711318704226995e-01 -1.263004178167313751e-01 1.498664640835137007e-01 6.580087524616790029e-01 -1.091050455579849893e-01 -9.967022202658598617e-02 -8.965128949694487481e-01 -2.485039758174564239e-01 -3.905421513196412064e-01 7.530521208149683066e-01 1.854398270265509574e-01 -1.216830991915553994e+00 3.406055416809019576e-01 -8.078534732562189791e-02 -2.069242074744251092e-01 -3.004997553920976672e-01 1.129319766906108136e+00 -3.820772878229990455e-01 5.504827159339471532e-01 -7.010450237395504658e-01 1.146093914863779289e-01 -6.273052501394502656e-01 -3.668416991368793068e-01 2.793087842828597123e-01 1.179474761877333355e+00 -1.245456198416896865e-01 -1.398291068067957221e-01 -9.838507213092517745e-02 -7.969528161527772436e-01 5.569252847024744879e-01 -1.176011827301741419e-01 5.480713122907528989e-01 5.785218622211786288e-01 -1.232269337793542585e-01 -6.008165985023050659e-01 5.277845607971921593e-01 9.727728034938862289e-02 3.316370815862164090e-01 5.808148528164048807e-01 -1.172788975773199627e-01 -1.072417286030574068e+00 6.777182436333611948e-02 2.180754921689791181e-01 4.604948602235633959e-01 2.367619470814803870e-03 7.105641176967459893e-01 -4.791532611080247424e-03 2.218451243502370662e-01 4.180209503349887612e-01 -2.903587382190093713e-01 -3.803244292130376070e-01 -7.584732838782337616e-02 1.260913155663004215e+00 4.921040643096739609e-01 -9.992590612242605030e-02 3.375679007237563090e-01 9.537625665294548194e-02 -1.390578503548874079e-01 7.074477740178023444e-01 2.809530614776816204e-01 2.300550989928507040e-01 6.402012796646004977e-01 4.836416570850505248e-01 -1.028088864429067772e+00 -2.607220718418579164e-01 8.178986368287217701e-01 -4.135885491848662610e-01 7.413091821938553316e-01 -1.637326295638365514e-01 -4.404780795020115658e-01
-1.290624307208314292e+01 -7.392344464653994862e+00 2.335876412626873844e+00 -4.239510435513412778e-01 1.711045483545719392e+01 4.135199329151392433e+00 6.036758695820406473e+00 -2.339847130926055030e+01 -1.495126843197101785e+01 -3.737601657805504195e-03 7.022873883037798137e+00 -1.494625484279781480e+00 -2.379384183548389231e+01 -6.894523977913995932e-03 -2.695637795626783628e+00 1.747544267959660402e+01 -2.487968898682752439e+01 -2.248259616891421331e+01 -2.256023253854103672e+01 1.520789090145113853e+01 8.501590433232212973e+00 8.581543053037504976e+00 3.536983445759489975e+00 5.769230036719762644e+00 -2.434594748061502401e+01 -5.892653476485460118e+00 2.175824838983814757e+01 8.808774494116914378e-01 1.494779863399554820e+00 -1.296984335001475053e+01 6.839021898362872776e+00 -7.268337512284503532e+00 -9.604005937494589418e+00 3.157224310533809941e+01 -8.814902129812121956e+00 1.900361833473190387e+01 -3.510514832629251902e+00 -5.277466826425108337e+00 2.781391399642568629e+01 -2.157365912781724759e+01 -4.933230266850167745e+00 2.213967951864296069e+01 -5.017481406710886382e+00 1.431873379231578447e+01 4.795292780770348706e+00 -1.796322529855602923e+01 -6.779993523368151864e-01 -9.439935158717688068e+00 1.862418745927353569e+01 -3.029691306427531927e+00 -2.011760859717350058e+01 -2.533725377269702506e+01 5.971438303593646246e+00 -1.216874666444903497e+01 1.327590151438361943e+01 -2.007458427853174143e+01 -9.943530414194178491e+00 -5.034909307175417403e+00 -1.669654041605083705e+01 1.750212563333890969e+01 -6.565955853444274126e+00 6.250980002271600000e+00 -8.498159188168611378e-01 -1.179179379132302330e+01 2.129149630714404751e+01 9.930528642387479454e-01 2.731015539733546049e+01 -7.668689661634650712e+00 -1.047621423052993350e+01 1.387698199361740592e+01 -1.337965075715688990e+01 2.044667542960202411e+01 1.643530536499586248e+01 -1.469391372093945058e+01 -1.958023381160772347e+00 7.163434700287616863e+00 1.856841267033302501e+01 8.342453043614819208e+00 1.097221811716893392e+01 -2.610445796690100906e+01 -6.472838643892687038e+00 -9.400667575370995621e+00 9.918692358053762703e+00 -1.029695197931119566e+01 -2.155209423455310258e+01 6.661472475177096619e+00 2.511668769737480389e+01 -2.817176025191780653e+01 9.111331514912592411e+00 -1.227456509565831411e+01 8.959471040236097750e-01 3.015532825826636287e+00 -5.371856028024943441e+00 2.993594297359339240e+00 -2.992018535939442359e+01 -8.892677507384856739e+00 -1.663443518888644945e+01 1.194617057475626432e+01 1.468294409925352362e+01 -1.501385976609526196e+01
-3.042149455632448540e-01 2.229912442053160956e-02 -6.247344335728519660e-01 4.897547142861062852e-01 -3.168802644601619867e-01 6.193420781475002246e-02 -5.687039168244979459e-01 1.944513988362762402e-01 5.358937867630191310e-01 -9.293715606054030187e-02 6.577768436731386004e-01 -3.172843834769737414e-01 2.415240831260697940e-01 4.356886096640619210e-02 1.359933800874198462e-01 4.359545677972875843e-01 5.113590192396196832e-01 2.601784770399228619e-01 8.936659856850113215e-01 2.291673273787896495e-02 -3.739041718626013866e-01 -5.702042900804558251e-02 -1.900662496680913249e-01 -1.116892204471734915e-02 5.210207825358555978e-01 -9.190449207552089939e-02 -6.540040441366770096e-01 7.798815395807454087e-02 -2.568885136012081793e-01 -4.326377129455850068e-01 -3.130089249448474858e-02 -1.223705644275198678e-01 1.178758561507827346e-01 5.613406735750285925e-01 -1.125462566424560718e-01 -2.235177640396825149e-01 -8.036876908035717193e-01 -2.480099227559496577e-01 -4.138785345312412933e-01 7.899039670255398882e-01 2.123926329476178432e-01 -1.206180682024939221e+00 3.088089373914813529e-01 -2.768974847463886307e-02 -2.053002003285470389e-01 -2.430677946977764514e-01 1.082299761948343653e+00 -2.718217938537738632e-01 4.306804238970861620e-01 -6.501145377301649209e-01 2.497361816469650664e-01 -4.578455475073501812e-01 -3.578586114517340877e-01 1.972466206717186366e-01 1.055697615009034473e+00 -2.709721770861702600e-02 -7.139460449011157672e-02 -3.393624874040029622e-03 -7.195870503403838381e-01 5.050511278798226478e-01 -3.173418002177944355e-03 5.088388364217332205e-01 5.635497150334551897e-01 -1.989815336706489413e-01 -5.029878763351536275e-01 5.142171264482966464e-01 -1.140256925048502117e-02 2.946361752920495514e-01 6.282942704504843601e-01 -4.251395737066935437e-02 -9.904892254298229837e-01 2.359821023939235457e-02 2.173937761698026272e-01 6.098046486943016209e-01 5.998756807458647394e-02 7.065385779719507431e-01 7.355994915179239757e-02 2.043939688120043618e-01 3.641142796404468474e-01 -2.972255301604939670e-01 -4.439737163331963776e-01 -5.859985434227339002e-02 1.149227583798386076e+00 4.077970457820588313e-01 -7.013451789203621611e-02 2.677953977557558929e-01 -1.340059912773868369e-04 -3.363443036688414794e-02 5.705557153824045713e-01 2.793672117604616423e-01 1.997710647340870671e-01 6.321272937510480361e-01 5.328397005808487297e-01 -9.520070418179242822e-01 -2.360033840826858964e-01 8.371531043686247786e-01 -3.553517280263932543e-01 7.136756693468293555e-01 -9.352324492969593672e-02 -3.536954611759922651e-01
-5.765129390100877105e-01 -1.589986168715524784e-01 -7.485697553600647591e-01 6.051237217883498332e-01 -1.269334883437871764e-01 -6.947400664318947872e-02 -4.211773179059454253e-01 1.598963197430735006e-01 3.418724835387791372e-01 -3.588604014837378786e-01 5.664466799172297451e-01 -3.140585563238117439e-01 1.988532852501362636e-01 2.758987978186260709e-02 1.569221424796281850e-01 6.749057126661508477e-01 3.942081765813346822e-02 1.325337291406329110e-01 5.430359919995138007e-01 1.976289663417060416e-01 -2.879257540899818335e-01 -1.074408268309265252e-01 2.425060947345129489e-02 3.202627656048231269e-02 3.788327623599981875e-01 -5.953971874304671286e-02 -2.473469210016654707e-01 3.914919841861591587e-01 -3.736757487601508054e-01 -2.550034143420834565e-01 -2.003924486931641519e-02 -1.430905037480043884e-01 9.737988501941674535e-02 8.468510469184510336e-01 -9.758235401020719235e-02 2.432072065117027448e-01 -9.972202777527385820e-01 -2.686823143691254301e-01 -2.473354093826878874e-01 6.270748096335000410e-01 3.009389908639898900e-02 -1.113036504850269282e+00 4.037350483735087092e-01 -1.343226798280947876e-01 -2.067861219776381265e-01 -4.689637828363411032e-01 1.309751587111808169e+00 -4.872880086608558647e-01 6.128386143855043544e-01 -7.558372840743686760e-01 -2.039758502629045733e-01 -1.102228597262731258e+00 -2.650366123563084320e-01 2.679123049774366772e-01 1.291677728351408705e+00 -2.746235201380600732e-01 -2.297297698066582683e-01 -1.948433002687095239e-01 -9.227291181227792460e-01 7.815529229869861982e-01 -3.031502877541573659e-01 5.265336618997321638e-01 6.990869050065655621e-01 -3.329296439896314158e-02 -5.604688904863704968e-01 5.580873624815774203e-01 4.123984330842314638e-01 4.774686459526277238e-01 4.455487955442198333e-01 -8.914472492486244515e-02 -1.252548164154959398e+00 3.405970669803238260e-01 3.673766106039010326e-01 1.584183906979065026e-01 -3.468325352749753593e-02 7.986297828455549697e-01 4.139847278924908835e-02 1.825068244739404821e-01 3.909514879321516201e-01 -3.115876388096903149e-01 -4.062392957863699139e-01 -1.423335959641522375e-01 1.452671850039953583e+00 6.341562148817697642e-01 -9.311701015613606247e-02 4.471377240684544230e-01 3.411967238851134065e-01 -4.500254599940945455e-01 9.195251921621373503e-01 2.149522178528720240e-01 2.617338500367905607e-01 6.132989687567451664e-01 4.350162612336212486e-01 -1.026694311764321688e+00 -3.597910451458599113e-01 6.413039480590206898e-01 -4.991144102448352160e-01 7.553557945743147872e-01 -2.060067009142215466e-01 -6.137618264697655146e-01
-4.083988915133791031e-01 -5.830099383338389896e-02 -6.805394823313684061e-01 5.333158769866822579e-01 -2.472366890374576021e-01 -1.243654500621232950e-02 -5.140119369893777490e-01 1.822763250449843109e-01 4.503610596691115520e-01 -2.189560200531087131e-01 6.391414792710919945e-01 -3.235508887081921525e-01 2.182397508291077370e-01 5.885297337547642366e-02 1.431709475316248759e-01 5.440975230202066415e-01 3.115840535498112795e-01 2.197428280069577688e-01 7.560913634059195365e-01 8.946609359765993197e-02 -3.528572463692367100e-01 -7.468113131331734211e-02 -1.002512993266690688e-01 -1.588066565801612984e-02 4.598019279926315872e-01 -6.780124197957958232e-02 -4.815251061999819560e-01 2.146451347748447036e-01 -3.173464285583688649e-01 -3.573722340715690393e-01 -5.021910011388360656e-02 -1.327452710883361975e-01 1.196366346181653162e-01 6.814577949021778380e-01 -1.129716225308683569e-01 -3.399430661106678936e-02 -8.939438276125113436e-01 -2.586250857107377787e-01 -3.581711815607193650e-01 7.297463201467544458e-01 1.492040430992875588e-01 -1.181968421392305846e+00 3.639204437995848807e-01 -7.917322813607220733e-02 -2.063982480089377181e-01 -3.315401674220764816e-01 1.180427383910961137e+00 -3.707255580137269191e-01 5.270062823459199519e-01 -7.062231734584217824e-01 5.622197373711876334e-02 -7.201970096001674149e-01 -3.305475304756138599e-01 2.435346703708789751e-01 1.175079100849188540e+00 -1.361558987566191259e-01 -1.447075670707350381e-01 -8.687186413900410686e-02 -8.130643796986403160e-01 6.104460166326906023e-01 -1.396691327803328553e-01 5.277760318074200541e-01 6.106268401764829434e-01 -1.205170363080440565e-01 -5.535955939208918597e-01 5.398885805423142559e-01 1.608293218630504617e-01 3.686949961655899277e-01 5.525202058446899711e-01 -8.365595899325702078e-02 -1.105730098779747372e+00 1.448022056134029845e-01 2.670432623899101632e-01 4.202658551980386625e-01 1.937197334206647997e-02 7.351603591333880638e-01 3.742737828172912340e-02 1.952206171932002188e-01 3.852328791707714251e-01 -3.010378627426876230e-01 -4.074425019193473330e-01 -9.050102116947440767e-02 1.291600967927204024e+00 5.189532693381264661e-01 -8.203994771542855169e-02 3.444989904829693361e-01 1.417273579308504228e-01 -2.031408562149360775e-01 7.228596898318297992e-01 2.613963900645648875e-01 2.232202858246713217e-01 6.332483036494009898e-01 4.896892943518015850e-01 -9.987419871675375926e-01 -2.789580691810050195e-01 7.724725073953190302e-01 -4.177394846475827594e-01 7.331500462450863953e-01 -1.534139619937562593e-01 -4.632148337767232338e-01
-3.246160837060216298e-01 -1.186878395303364413e-04 -6.350679604860911542e-01 4.928345960208120879e-01 -3.045399986359062505e-01 4.277319354398369938e-02 -5.555292228682117139e-01 1.903510931638340009e-01 5.101216606801007858e-01 -1.234528189031871420e-01 6.518290002082184342e-01 -3.190623044427802202e-01 2.323246685094955133e-01 5.218059293276167132e-02 1.317533339618948418e-01 4.585869044944214101e-01 4.625305459078042913e-01 2.487186351780146243e-01 8.610617733036892707e-01 3.715523976462577205e-02 -3.736282325638039525e-01 -5.937620865952776550e-02 -1.728474303340364615e-01 -2.154358057298390999e-02 5.047835607206987429e-01 -8.436707194227929807e-02 -6.132422459074542420e-01 1.121070443081093465e-01 -2.730889105870873967e-01 -4.130381152797171773e-01 -4.008257886115118573e-02 -1.213916524825575521e-01 1.186780096054610989e-01 5.846537091557816312e-01 -1.127205106127541490e-01 -1.834966462393522457e-01 -8.216457253259737969e-01 -2.484263162282872028e-01 -4.042127210107474555e-01 7.741440882358331388e-01 1.997425867585843340e-01 -1.198356882125256817e+00 3.211455751365540623e-01 -4.266142219450431289e-02 -2.051366516273224749e-01 -2.610644246904847976e-01 1.095306425776362502e+00 -2.934752059508733413e-01 4.529784802552848655e-01 -6.588471728152860418e-01 2.070832233437375491e-01 -5.122210674789108298e-01 -3.532452333367784858e-01 2.104193535527152659e-01 1.079642722806726240e+00 -5.285786630161463939e-02 -9.259902205322685653e-02 -2.366506582072332165e-02 -7.357154518734605464e-01 5.223671611040786589e-01 -3.422878013130142144e-02 5.133666173544022548e-01 5.681991361163836185e-01 -1.801762212203500135e-01 -5.172158592059622473e-01 5.159118409164578090e-01 2.268360202687920782e-02 3.063448288983333656e-01 6.088915807177203154e-01 -5.244530539047118078e-02 -1.011834622504920622e+00 4.359901063972391327e-02 2.235172908284598636e-01 5.650983705201593210e-01 4.811367400352654228e-02 7.041286731163933776e-01 6.051905989590607160e-02 2.011044824638148210e-01 3.713255627145799487e-01 -2.943083285866250898e-01 -4.276007240897624628e-01 -6.937560112708041071e-02 1.174652819124812009e+00 4.331943258621852033e-01 -7.495739521193325872e-02 2.865829179936876803e-01 2.905607546358425497e-02 -7.096458703034515259e-02 6.010602868931116394e-01 2.764654925369567362e-01 2.040241680008930691e-01 6.291388331701389669e-01 5.176990225827730052e-01 -9.592624110984780961e-01 -2.430527804687866167e-01 8.215952423294914375e-01 -3.712354892821230767e-01 7.157295898271057721e-01 -1.077027270630735029e-01 -3.785341605258654152e-01
-6.726035653602836284e+00 -2.169584038999561759e+00 -2.701159076589874530e+00 3.426337633522081205e+00 5.382444830590773499e+00 2.503218604361243660e+00 3.395560725873589814e+00 -2.734115531838571922e+00 -4.441770623012014418e+00 -1.782244042650188653e+00 -2.534065829873435760e+00 -9.041797766696041405e-01 -2.243766728109423791e+00 -3.213394549982269144e+00 2.491966743428228048e-01 5.043562259898176414e+00 -8.075952917628821837e+00 -5.424356233865855081e+00 -9.041902328074581163e+00 4.657876033919070125e+00 3.245403455417034344e+00 -8.603644626074608004e-01 3.265257885482625522e+00 3.905174749109014520e+00 -3.818539387750987224e+00 -1.415959046444739577e+00 6.501842328634990231e+00 3.867545712147083314e+00 -7.014904601651448246e-01 2.054171065526270157e-01 2.774444288201270759e+00 -1.400603964878147367e-01 -2.094848631819405504e+00 7.582889988078037824e+00 1.446973490837364928e-01 9.230039038484333602e+00 -3.140687449901447881e+00 -5.671671400629765269e-01 7.538394151282543199e+00 -4.505378791185251863e+00 -5.822157261976642850e+00 5.265069365356481512e+00 -2.303385448719227124e+00 1.763484049421697009e+00 7.784383556198609666e-01 -5.739139445201558942e+00 4.349760031890291145e+00 -2.213570656540181592e+00 1.938500321539444515e+00 2.257974708750718484e-01 -7.222957398844190635e+00 -1.332109281320252236e+01 2.081380984461993044e+00 -2.426836457737010788e-01 3.309475142891424859e+00 -4.417637752688256647e+00 -1.153951902269297447e+00 -3.913113700199957634e+00 -4.637320798468477889e+00 8.217769555123540570e+00 -4.199921495687511275e+00 2.988766851704966476e-01 3.471038100404546078e+00 -1.338177867709933189e+00 4.804760993572363859e+00 1.924708728480574102e-02 1.047020941350813139e+01 1.881995535683735232e+00 -3.073528590777479419e+00 2.466774903989956247e+00 -4.192339339378320595e+00 7.880341420536710828e+00 5.616405418145012263e+00 -7.296072784379087572e+00 -1.319095089673376631e+00 4.172625863131092849e+00 4.882665922965272465e+00 1.339154224479356170e+00 7.458960545640462847e-01 -3.286081783611825902e+00 -3.360865250340003385e+00 -3.093339496973367186e+00 6.287969338259045138e+00 4.759763125039370157e-01 -3.410583738885546001e+00 6.368076099389125000e-01 8.101273446480073304e+00 -9.572757710111368112e+00 7.249575837512379550e+00 -3.389325384422002152e+00 1.514113569510655122e+00 1.248327348041760633e-02 -1.860762778074559254e+00 -2.745562240758264716e-01 -7.609586338676604278e+00 -5.695772666852430000e+00 -5.042244289436697002e+00 2.282492267308816825e+00 1.074573926043254746e+00 -5.875604476252282105e+00
-1.197445480452546640e+01 -5.867089133454707728e+00 -2.565108204513967483e+00 3.792779687846036918e+00 1.288167663495580406e+01 5.655275636888121404e+00 5.822018370051105229e+00 -1.590959690154976158e+01 -1.376335099560586706e+01 -9.041035685088506524e-01 1.053354208120457436e+00 -2.172234961647551810e+00 -1.548114957002122161e+01 -1.127808819902784254e+00 -6.820697277359578647e-01 1.208330626911895145e+01 -1.935157209259071820e+01 -1.741409939077184887e+01 -2.147050562834582266e+01 1.245486859146614123e+01 5.857826179681882017e+00 4.378893793855688443e+00 3.400739249269129072e+00 5.777097710811356812e+00 -1.756947556887585549e+01 -5.063732486464147975e+00 1.575929363372776493e+01 1.904411067942549440e+00 5.102402348987085112e-01 -8.163612982845741328e+00 5.291453299657469245e+00 -3.935471145085199574e+00 -7.846434717636951994e+00 2.284283868066956558e+01 -4.851472679448527003e+00 1.613629771738271756e+01 -4.708898416881272198e+00 -4.189159962294530359e+00 2.280817322412021753e+01 -1.560065493326605690e+01 -6.748206356118297222e+00 1.757212254355404113e+01 -5.768092135449220947e+00 9.861371798534475985e+00 3.583833059054407411e+00 -1.505106531983288320e+01 3.052888815635529163e+00 -5.689961454122004270e+00 1.057424262553354133e+01 -5.582380712535002232e-01 -1.522509646870105549e+01 -2.385414307195180328e+01 5.770624791101679030e+00 -5.713485160879549163e+00 1.001079676240416916e+01 -1.302947488179276547e+01 -5.245376927638895737e+00 -5.645162174724889681e+00 -1.428771664483556947e+01 1.772671136185363494e+01 -7.713112003560376628e+00 5.393655182079629462e+00 3.000935654606081027e+00 -8.815172107389564360e+00 1.735977965849331284e+01 -1.295436251073564637e+00 2.369507045279334179e+01 -5.247239820244804065e+00 -8.302003618323364975e+00 8.520282858605504828e+00 -8.029357333700270161e+00 1.857053859303753995e+01 1.266919142697779499e+01 -1.417390205204519660e+01 -1.495971285728631583e+00 6.988313131429063851e+00 1.521903777309936601e+01 6.583707650951649448e+00 5.866628441431186225e+00 -1.703323024390581253e+01 -6.387834965795359032e+00 -8.817440536703058385e+00 1.223803295568957772e+01 -6.373462907302518410e+00 -1.432038881964966492e+01 5.923854139771853600e-01 1.993855812916005021e+01 -2.278529367760868141e+01 1.168770553923047295e+01 -1.090998906657939926e+01 -1.823709228977904717e-01 1.017008195453418029e+00 -4.357937303609912938e+00 1.660094199840761675e+00 -2.399141357941759622e+01 -1.079110104005535575e+01 -1.339056231824412890e+01 9.346387766884333814e+00 9.551547291637652037e+00 -1.309064840587714862e+01
-3.232145572053854998e-01 8.836305305287429912e-03 -6.348247566577481793e-01 4.963535132458282706e-01 -3.021929236513317130e-01 4.868730973247346883e-02 -5.570104413503833563e-01 1.936971941079074777e-01 5.164430146024164836e-01 -1.154208504691946469e-01 6.558144934710218310e-01 -3.216474650052117967e-01 2.303517933195559642e-01 4.901924118103664907e-02 1.372281467077469397e-01 4.550197241746142263e-01 4.762450171197668558e-01 2.560722398508780140e-01 8.692593628894818014e-01 3.387714082112482789e-02 -3.712072898262427922e-01 -6.131862925272437564e-02 -1.719058928076462045e-01 -1.748427558455188310e-02 5.108912574004729201e-01 -8.801413954116951710e-02 -6.252709034057364335e-01 1.031031617868320149e-01 -2.714539506528790835e-01 -4.229244983079076259e-01 -3.782000126347258295e-02 -1.220350900610504968e-01 1.233278978606766607e-01 5.834066259210448635e-01 -1.104005403507649780e-01 -1.937287433400666781e-01 -8.222623410027338764e-01 -2.468395074844227655e-01 -4.031163926724554147e-01 7.787198719821093462e-01 2.010586123594955976e-01 -1.198584084878535405e+00 3.181833087609562960e-01 -3.391295497452991720e-02 -2.018615484092993462e-01 -2.574679032748362073e-01 1.097500419850302000e+00 -2.874456643004067447e-01 4.505280017877654197e-01 -6.604268508560665607e-01 2.145487095212793294e-01 -5.001991420862371696e-01 -3.586928894387748645e-01 2.123404514641646368e-01 1.079882187476964406e+00 -4.776503888404531883e-02 -8.220982005377241997e-02 -1.869516465409751249e-02 -7.340821765316968284e-01 5.233893577611158365e-01 -2.667435080703408831e-02 5.130476943452312311e-01 5.646295704794320747e-01 -1.842374205475777182e-01 -5.146321342428700207e-01 5.206051211185693806e-01 1.907665772916462485e-02 3.091544914043746206e-01 6.167525823957314968e-01 -5.403189726979566732e-02 -1.009716178883664384e+00 3.942072356143377226e-02 2.261715873125611509e-01 5.753288164543818306e-01 5.069208610316989355e-02 7.090103236185245628e-01 6.307352124607053245e-02 2.046985658718250556e-01 3.713246945182231418e-01 -2.968032233186941871e-01 -4.335221507926253492e-01 -6.563157610143444121e-02 1.175173938510116090e+00 4.258830095355581880e-01 -7.621449876219132946e-02 2.782687856123213788e-01 2.381791497932554680e-02 -6.081124296432003501e-02 5.982125833736200438e-01 2.796842475185978283e-01 2.040126612468076694e-01 6.324986496360368582e-01 5.222448011178377758e-01 -9.624562490267088988e-01 -2.436219934548636279e-01 8.276462984007884049e-01 -3.705321990145026279e-01 7.154232927719703650e-01 -1.081469626247187205e-01 -3.720354785874786518e-01
-3.416281223558856328e-01 1.000000000000000083e-30 -6.408484467195628698e-01 5.062858886865813091e-01 -2.806485566910648100e-01 5.090084641525394887e-02 -5.495984703166358898e-01 1.863950613655242228e-01 5.234047600236139131e-01 -1.240729530565859856e-01 6.345646298148501785e-01 -3.064224020984385177e-01 2.429469291237642825e-01 3.398889758734614103e-02 1.400511618541621095e-01 4.636904700078851582e-01 4.405308798526229586e-01 2.432797689310436662e-01 8.360888074211104692e-01 5.199922744001455460e-02 -3.468432710221514004e-01 -6.323896811483521729e-02 -1.620547813608098631e-01 2.029181631041554468e-02 4.989036219222086621e-01 -8.682921450121221241e-02 -5.913011317019630786e-01 1.170429962315729655e-01 -2.651835949222089983e-01 -3.989447881876126978e-01 -9.446040442839958445e-03 -1.261324107891560742e-01 1.028097229881680258e-01 5.980961700375507784e-01 -1.150546346224721600e-01 -1.490525487196985577e-01 -8.283817264691102356e-01 -2.520433216259208020e-01 -3.843983671849434125e-01 7.600914445336784953e-01 1.795934012362983556e-01 -1.180233881825456299e+00 3.231426715301284891e-01 -3.782650799216194515e-02 -2.027459952044534941e-01 -2.777920308353578616e-01 1.116120300149685773e+00 -2.952465398591662682e-01 4.475249217710083882e-01 -6.588570633219582584e-01 1.857121841638256221e-01 -5.570537339565083679e-01 -3.330992147029011585e-01 1.928319725862701894e-01 1.081105430749390806e+00 -5.965303925038252519e-02 -9.285217433667096454e-02 -2.171783890955367863e-02 -7.484310105673221969e-01 5.577550962481344632e-01 -4.440246664185606290e-02 5.057261771217318458e-01 5.869102252257012431e-01 -1.760184432366343199e-01 -4.902741351343398168e-01 5.231107544144190102e-01 5.587144894462087175e-02 3.245310475431554820e-01 5.951479823026291083e-01 -3.979214088152702167e-02 -1.022965098052781796e+00 8.140446385932169349e-02 2.435606799558977520e-01 5.431953053188345315e-01 5.715905621128182512e-02 7.260649686659917945e-01 8.353145963397558271e-02 1.930556265157118423e-01 3.559092980845453558e-01 -3.005648486854669565e-01 -4.437698444987709379e-01 -7.111826202406527908e-02 1.193527920245158747e+00 4.409083334057815051e-01 -6.555244349897973444e-02 2.860273570911229246e-01 5.210142486647936083e-02 -1.017679936130125168e-01 6.135526504592679897e-01 2.656420479745051355e-01 2.041604460123561116e-01 6.273079583913077073e-01 5.223652047077319560e-01 -9.464850354959697398e-01 -2.546190614697753096e-01 7.960118165927468903e-01 -3.675604171269604703e-01 7.152791739084618516e-01 -1.031149884008746437e-01 -3.900100157389408406e-01
-9.586318514683114245e+00 -3.479596920033583007e+00 -3.836408328295094261e+00 4.560889688425304733e+00 8.406953627643964921e+00 4.892119598658102753e+00 4.821665787349096455e+00 -7.066754258186638715e+00 -8.583150211612446512e+00 -1.527887777709370898e+00 -2.524301074211753093e+00 -2.015401016373402854e+00 -6.512971554895321091e+00 -3.268547383306239951e+00 5.631525497856651463e-02 7.956330013233880116e+00 -1.272059966020064792e+01 -1.039478613445250410e+01 -1.502429736692282702e+01 7.945027119106912394e+00 4.443814603857962453e+00 3.748977445235352479e-01 3.940202919950667848e+00 5.152892084001090112e+00 -8.779076381748929236e+00 -3.073258810479886360e+00 1.002430144101612264e+01 3.764075760363817746e+00 -3.014991514206969425e-01 -2.210466251923989933e+00 3.797794005289186980e+00 -9.716806509181049600e-01 -4.449846550887593288e+00 1.319644430317571704e+01 -1.196982739229154102e+00 1.297791992441119469e+01 -4.372190241453005832e+00 -1.847849469846590598e+00 1.408105626473700767e+01 -8.421818951707452428e+00 -7.762130368470921304e+00 1.018286812754947412e+01 -4.646999847515852267e+00 4.903588719956557540e+00 1.804391925867105728e+00 -9.336871748044888619e+00 4.941156984433574983e+00 -3.187574303251349939e+00 4.259020757047198735e+00 6.842704946244639874e-01 -1.035705189668054516e+01 -1.878458373772236811e+01 3.692708175591489450e+00 -1.320622763675055156e+00 5.621826734587688001e+00 -7.217234397394361345e+00 -1.689218483628719847e+00 -5.428465190917940220e+00 -8.393460528991608882e+00 1.288880658807433477e+01 -6.253245783796013590e+00 1.984765045040219000e+00 4.146195270067154048e+00 -4.121525567807673873e+00 1.000267751679506034e+01 -1.067028140565117411e+00 1.667390017255906542e+01 -3.670838507325637767e-01 -5.229519161159113416e+00 4.511990082129918811e+00 -5.256904857756010685e+00 1.270735072095847862e+01 8.487766558169671072e+00 -1.089850776829894308e+01 -1.381447014203694978e+00 5.776358822755230271e+00 9.198317838564653570e+00 3.350146735655501029e+00 2.294054663729943488e+00 -7.696277312361996970e+00 -5.114508431726537907e+00 -5.437080966131530246e+00 9.782765694868382766e+00 -1.853382701997911441e+00 -7.393750731919501717e+00 -4.344791189378701124e-01 1.302475207754671338e+01 -1.514654964576125273e+01 1.051559041441985975e+01 -6.770333547893260473e+00 1.376813045935378899e+00 2.306432471053068978e-01 -3.193523688074867639e+00 3.367895044317721909e-01 -1.446324706304819507e+01 -9.052179408639959846e+00 -8.650256270152548055e+00 4.911890437582838942e+00 3.849289188816594542e+00 -9.278903159427642322e+00
-3.915006582467734475e+00 -1.326113484736418435e+00 -1.645600205938403615e+00 2.130840032836959885e+00 2.819534399844308314e+00 6.643956252609277691e-01 1.664062372234251574e+00 -7.717207344975598460e-01 -1.718431630571006341e+00 -1.600628488197795241e+00 -1.456215245040320738e+00 -2.638396294636410899e-01 -4.634268527201407251e-01 -1.852469197314853933e+00 3.327470637326189751e-01 2.807024256697889353e+00 -4.475980104851499775e+00 -2.236796777030838346e+00 -4.323973827124175884e+00 2.418167680547483211e+00 1.732860537113442678e+00 -7.756299955924468303e-01 1.976232213634483870e+00 2.249244365005832691e+00 -1.339317473035625206e+00 -4.429638938804564829e-01 3.591808920436088570e+00 2.749383963450638735e+00 -7.080564029975965346e-01 7.313895228248508129e-01 1.644123253930097173e+00 -8.025983454033404352e-02 -8.216057943491548166e-01 4.008801375786611665e+00 2.374127586066335227e-01 5.330901758572078819e+00 -2.138307199841869899e+00 -2.004133538671867831e-01 3.174466139677512899e+00 -1.919312384292865437e+00 -3.101715735555385489e+00 1.877019927711590652e+00 -3.656387394198866159e-01 2.310883871458740413e-01 1.919084954382456465e-01 -3.220929670135715739e+00 3.172282429833987560e+00 -1.526117944204906651e+00 1.107460314671866675e+00 -4.802010747131547075e-01 -4.378556062169368879e+00 -7.989942222071654498e+00 1.037985808694848133e+00 -2.391530062503709891e-03 2.263750043014299163e+00 -2.464374163134997797e+00 -9.832318543050975190e-01 -2.106476769956830086e+00 -2.576110510344497229e+00 4.568926648054995709e+00 -2.508417043436923510e+00 6.453174690602106467e-02 2.351325269850029098e+00 2.904091899767533361e-02 1.619730612751433041e+00 5.644421645251518349e-01 5.585169356620077963e+00 2.005907659776029917e+00 -1.508455557682061521e+00 1.042058891189448389e+00 -3.082488985002413084e+00 4.290379856376596024e+00 3.124904884218269618e+00 -4.055583505834198910e+00 -8.138402671616778994e-01 2.514625946139745327e+00 2.045103283191706200e+00 2.828768251169856973e-01 1.893309487532640889e-01 -1.259279462489354406e+00 -1.706486259673711814e+00 -1.560395785302471694e+00 3.835595398195304817e+00 1.325088703406838819e+00 -1.106520502149360707e+00 1.070145976853687619e+00 4.334797285405948664e+00 -5.295306148386200285e+00 4.157501441390188290e+00 -1.301751314066705634e+00 9.304424404348144995e-01 1.205698851980404052e-01 -6.722744588528992704e-01 -6.098343587651126052e-01 -3.274120209032082229e+00 -2.648762447960393729e+00 -2.501208945312335175e+00 1.113926993509530394e+00 -1.074527413398844028e-01 -3.222465406339229510e+00
-1.330204011821172827e+01 -7.757906765778962210e+00 7.584373189169163254e+00 -5.178569764149642651e+00 2.031521085556956052e+01 3.217959988580142650e+00 5.341510173861393262e+00 -2.771145358993842223e+01 -1.341755114161385443e+01 8.922314452648372196e-01 1.143475237187759674e+01 -2.002862823865666275e+00 -2.965171696766289600e+01 -5.659544699485993258e-01 -4.694122645621539469e+00 2.322742351408493278e+01 -2.936238040657759285e+01 -2.643315091689546747e+01 -2.032577961263230293e+01 1.695149401309664583e+01 1.111633653366175345e+01 1.175862882422145184e+01 5.241567480125309153e+00 5.536203048382035696e+00 -2.861145101130557222e+01 -6.183888437870428412e+00 2.583996086638973111e+01 1.487953103538995681e+00 2.627576361764451640e+00 -1.498172899448652551e+01 8.336700598802899265e+00 -9.785227036081735719e+00 -1.038402096551346609e+01 3.753617169927086650e+01 -1.234288592438758414e+01 2.266643378659771813e+01 -2.253156241441123697e+00 -4.530244606081751613e+00 3.081882389564035307e+01 -2.495426070047374267e+01 -4.608864203778845869e+00 2.352394536930435009e+01 -4.012873354849451069e+00 1.866677866557002829e+01 5.365889520645590771e+00 -1.821507293775842840e+01 -3.727762257795506962e+00 -1.278534767269442973e+01 2.552239937570546502e+01 -4.805336317868694529e+00 -2.385104428211314698e+01 -2.478211970857617530e+01 5.406440259988257502e+00 -1.790032813424383207e+01 1.541117819232112929e+01 -2.528857839009360475e+01 -1.253895883945574141e+01 -4.337358670352998047e+00 -1.616626626277163226e+01 1.480766270266282802e+01 -4.744690979102948347e+00 4.698921591930232289e+00 -5.308406115475158948e+00 -1.300808821647950353e+01 2.303681374414466987e+01 3.299321008811645140e+00 2.934346337138532590e+01 -7.311994879056449292e+00 -1.190672308048064210e+01 1.876343341507099538e+01 -1.899681593899253684e+01 1.984110844115375727e+01 1.853659772318395937e+01 -1.393938167435217856e+01 -1.663869817034862919e+00 6.700135199002706266e+00 1.987134124389115541e+01 8.020907680583889032e+00 1.637053180404297592e+01 -3.256840618837028245e+01 -6.295293683447353850e+00 -7.852209295918552101e+00 6.144435935255083692e+00 -1.327155361632090624e+01 -2.731596523579317548e+01 1.330706109273854487e+01 2.769923700471487393e+01 -3.138741555931503413e+01 6.127088847080882417e+00 -1.226555524173956613e+01 4.001296718487830084e+00 5.496956467900008469e+00 -6.557399621918152732e+00 4.056685088979012477e+00 -3.303531986330638404e+01 -6.771523092827221646e+00 -1.877459594047790858e+01 1.299167027225800553e+01 1.823510000095761896e+01 -1.508632141855458819e+01
-4.121195020484441085e-01 -7.359920627536405136e-02 -6.917192826298823594e-01 5.283202595521673262e-01 -2.560417718986505164e-01 -2.948065380884022646e-02 -5.091260626238820475e-01 1.790731667283345374e-01 4.212337212341087933e-01 -2.360245640508616682e-01 6.493431996625569358e-01 -3.297919232419181390e-01 2.041680831277269681e-01 7.729412630649018512e-02 1.354787189915696299e-01 5.560729507629494917e-01 2.971693992838025933e-01 2.085582462552627581e-01 7.567621768469622312e-01 9.162089961900692081e-02 -3.705944478203979653e-01 -7.501540743844986592e-02 -9.299143135860141185e-02 -5.031736349112950202e-02 4.544301773755093365e-01 -6.832982088973861556e-02 -4.711012204819556293e-01 2.355206260904236237e-01 -3.321648846429046120e-01 -3.536372125545599321e-01 -7.707832440069088686e-02 -1.307572818464677322e-01 1.293095412610060224e-01 6.924278108865946635e-01 -1.062301951012655232e-01 -3.322006833081504046e-02 -9.104673422297439034e-01 -2.598961846605753467e-01 -3.605740916730742485e-01 7.309932369149908515e-01 1.551693349730110250e-01 -1.198578095430938628e+00 3.636523423556155543e-01 -9.774422149478592670e-02 -2.111970454181751888e-01 -3.324119690984467246e-01 1.177754470530411046e+00 -3.920726244536599792e-01 5.503571950650623101e-01 -7.114118245349699832e-01 4.761610377400627564e-02 -7.250278076914087322e-01 -3.357300926313291356e-01 2.657396837313338867e-01 1.193359664092810801e+00 -1.505668811460119938e-01 -1.585384823585422598e-01 -1.041436038695884581e-01 -8.193783068288552629e-01 6.030017924212367486e-01 -1.504749849914463755e-01 5.359762143711742644e-01 6.053996524270544022e-01 -1.088181454312764779e-01 -5.842823588946743918e-01 5.327424420923139170e-01 1.603114801713929893e-01 3.645351906469287417e-01 5.526769362973690258e-01 -9.813963373421114023e-02 -1.117235488850396585e+00 1.328813999136758128e-01 2.529923589216740987e-01 4.045841041515896852e-01 2.460291064362544241e-03 7.255974251606632786e-01 1.334836153378388991e-02 2.066752362665287834e-01 4.055283096486609895e-01 -2.957475675792332059e-01 -3.887744083444841237e-01 -9.216862169171514962e-02 1.294605816928702025e+00 5.243964153566466058e-01 -8.972862227094804966e-02 3.627996025826957793e-01 1.422435565108595423e-01 -2.047314166846493644e-01 7.414681799442756072e-01 2.655285090067015519e-01 2.316579885375205095e-01 6.303757456152363492e-01 4.790852765815307168e-01 -1.016468090244321942e+00 -2.778491366716825950e-01 7.783071829039750478e-01 -4.281408547445878510e-01 7.418958025009919632e-01 -1.631330447318857790e-01 -4.779979721489352462e-01
-3.393337120906914639e-01 -4.423116612013511858e-04 -6.424317095757229312e-01 5.075742053903308237e-01 -2.931837761510311391e-01 4.486053824620390290e-02 -5.532435552717460681e-01 1.912231110349519592e-01 5.186540815821347739e-01 -1.273104535545331595e-01 6.466580928220775348e-01 -3.150360213964010780e-01 2.426545276214071567e-01 4.053624768639606246e-02 1.411510266845754369e-01 4.671212831292501089e-01 4.524260513583095444e-01 2.449367453640914627e-01 8.516967175143401736e-01 4.574708707194315160e-02 -3.608719167287075535e-01 -6.302815173605171017e-02 -1.632630091617054691e-01 1.127697475274902538e-03 5.038985150658757961e-01 -8.820071475667651262e-02 -6.010649516037773754e-01 1.167009333476160954e-01 -2.692226316215735604e-01 -4.063404116948171052e-01 -2.736557450424084367e-02 -1.290737173723619513e-01 1.116308815342712257e-01 5.987573868087110451e-01 -1.133593502953979121e-01 -1.598397487505846537e-01 -8.285437528928848439e-01 -2.550315830639264814e-01 -3.944013745762735001e-01 7.720372298078230777e-01 1.896642243280294848e-01 -1.198988548893729966e+00 3.246036098546592474e-01 -4.278089913118207632e-02 -2.082854019070262130e-01 -2.736793530014169917e-01 1.117801923062266889e+00 -3.017806555015974390e-01 4.528783307161331484e-01 -6.681191361173551835e-01 1.917348049419664857e-01 -5.451874291173478548e-01 -3.404583344430959224e-01 2.018579174583816360e-01 1.087827992337091709e+00 -5.828919045798958837e-02 -9.372403494234188281e-02 -2.570904932646172689e-02 -7.498958647962411517e-01 5.432572156267844177e-01 -4.356259812214507976e-02 5.116830390085871372e-01 5.867911164956344239e-01 -1.750576338560277667e-01 -5.100257720738853306e-01 5.213009853764237755e-01 4.335293521040917836e-02 3.193038137392987807e-01 6.045161508528283933e-01 -4.624843211342612170e-02 -1.027001511517357635e+00 7.195390547089321187e-02 2.373878353441912503e-01 5.507849983340521449e-01 5.127582167439358879e-02 7.231384019094347915e-01 7.169384300299962154e-02 1.995635109556067599e-01 3.637256505317035815e-01 -3.002532596860029157e-01 -4.421257690697791842e-01 -6.647164225370202906e-02 1.193679475326270722e+00 4.403897281808142883e-01 -6.858063621834881163e-02 2.930481952667253753e-01 4.425627600266329037e-02 -8.780110615838944421e-02 6.161645814404461685e-01 2.690018085945014570e-01 2.071222654901535842e-01 6.309515334045230350e-01 5.243913170697506176e-01 -9.625069644848878170e-01 -2.508294033991134708e-01 8.109769903092827192e-01 -3.688645518636749498e-01 7.207613875663417824e-01 -1.061331978432354523e-01 -3.870023979458334096e-01
-7.368097469283499734e+00 -2.401172850190700814e+00 -2.980119360681873442e+00 3.710676782108411231e+00 5.997501912220862152e+00 3.022712640940408146e+00 3.751766190928393474e+00 -3.430042967953259136e+00 -5.225656491478992471e+00 -1.758856453731261427e+00 -2.660468586334763685e+00 -1.130593015553132075e+00 -2.910031014706103925e+00 -3.381676769880576305e+00 2.114368344517663090e-01 5.633465263940460765e+00 -8.985428675201692528e+00 -6.349623447791389985e+00 -1.025467037640833112e+01 5.277400182713618548e+00 3.545626452989647959e+00 -7.431002681926766051e-01 3.491766452677328658e+00 4.227599358494874338e+00 -4.649072308187509606e+00 -1.722217588201083283e+00 7.205652681983944596e+00 3.978598258595422710e+00 -6.542086791287626824e-01 -1.193880572745096985e-01 2.997037518337942963e+00 -2.237897931954971609e-01 -2.507070503926645877e+00 8.605805224666035258e+00 -6.654146721190347565e-03 1.009390964751159636e+01 -3.405479006402425846e+00 -7.591327992587514339e-01 8.777997532373422729e+00 -5.214030581825190858e+00 -6.378885316835663843e+00 6.193951337316792483e+00 -2.825428078580251245e+00 2.303337170150339563e+00 9.574946330000996264e-01 -6.405538785043551009e+00 4.564302633807013621e+00 -2.388160691520284207e+00 2.276429222360346394e+00 3.783027615656706644e-01 -7.864461403991159116e+00 -1.452916045845349480e+01 2.369002487171741667e+00 -3.597517628017383728e-01 3.679096927701827280e+00 -4.933127198577230921e+00 -1.195922730722921434e+00 -4.307363577648121833e+00 -5.288853032993657166e+00 9.158962271609400574e+00 -4.627071667406188027e+00 5.156547073712325346e-01 3.677661941108599564e+00 -1.816239081836967140e+00 5.752587161433991625e+00 -1.811769518318612771e-01 1.172410212660346751e+01 1.603315878269022887e+00 -3.484164396536646002e+00 2.851298070428400333e+00 -4.416376745518389768e+00 8.823270007473590582e+00 6.210100151121066503e+00 -8.066485504942582097e+00 -1.376775480274291974e+00 4.546780196494244919e+00 5.692466275560640554e+00 1.697487823084187220e+00 9.879036864924006789e-01 -3.994714271907542358e+00 -3.757170143183073741e+00 -3.521190262770017565e+00 6.986568569629483250e+00 1.090204706762658710e-01 -4.136375913329266574e+00 4.335814937078236730e-01 9.076668068945169310e+00 -1.066844489133876372e+01 7.996677899643837684e+00 -4.017526943905822989e+00 1.587881705906666108e+00 3.471490753037613508e-02 -2.157250614001977596e+00 -1.784557976334665286e-01 -8.890368817812971614e+00 -6.435304787002428917e+00 -5.745951273179024987e+00 2.713924793871321572e+00 1.518751895064557988e+00 -6.570422894115573342e+00
-3.173069336902764603e-01 -1.331204857430537680e-01 -6.511656227615029158e-01 3.893438959722309023e-01 -3.548949980940079851e-01 1.821779191909433590e-02 -5.260047785142137888e-01 1.206874773371485188e-01 4.030916054201693632e-01 -1.382186337978653368e-01 5.273735759185660399e-01 -2.742630793360631980e-01 2.421856096383787627e-01 1.001038928418078872e-01 2.375063113864605419e-02 3.938291314902125362e-01 3.810567233200361503e-01 6.794580943949944662e-02 8.301527796696580586e-01 8.438718791810145836e-02 -4.529244173108755156e-01 -3.075541103808301924e-02 -2.444326778232642494e-01 -1.529544064590645513e-01 4.480708396594036413e-01 -1.283156562833270842e-01 -5.481206897604398165e-01 2.198755335025702473e-01 -2.776207987178614944e-01 -2.800910071940435619e-01 -8.535259740357566127e-02 -8.587967621869897761e-02 3.806615746609118972e-02 5.345931090943262243e-01 -9.363845535763302974e-02 -1.745889710913374748e-01 -7.636255430764892216e-01 -2.797031683259672552e-01 -4.573126542385961835e-01 7.134921247183012571e-01 2.058500818751461681e-01 -1.211539298404886500e+00 2.777542276909011343e-01 -2.083686834834670987e-01 -2.770079677265165907e-01 -2.974719308756514913e-01 9.220755394449534625e-01 -3.670390287486373637e-01 4.368020787698833618e-01 -5.702430865135293958e-01 2.442716477333049530e-01 -5.216184761371929213e-01 -2.354349544464122423e-01 1.988398725025564140e-01 9.729447763987946196e-01 -9.883653641423807701e-02 -2.411023158125419896e-01 -1.040874677708906737e-01 -6.897533060001854732e-01 4.291724917794184635e-01 -1.933811149432148116e-02 5.027014010006067846e-01 5.652812273300900081e-01 -1.306301893974372852e-01 -5.384225155760135051e-01 3.559332028096235390e-01 -7.781505668490752703e-02 1.582327244396648513e-01 5.475113979686641041e-01 4.603280663722273541e-02 -9.498188160053899765e-01 -1.121765784751294244e-02 1.216450925324019522e-01 4.318456786629240596e-01 -2.515000498367684148e-02 5.738392208506628567e-01 3.898372399751437456e-02 1.928626674831656618e-01 3.721869732873095971e-01 -2.171992352691902717e-01 -3.245552882538023654e-01 -1.484582344719018177e-01 9.884581631655707801e-01 4.569246101526609483e-01 -8.137460328585317815e-02 4.122415119492761071e-01 -3.563730320267596841e-02 -7.984288366310084151e-02 5.546981963354439271e-01 2.178548310167624513e-01 2.241385533817583930e-01 4.761062673416516233e-01 4.353787622813919955e-01 -8.743826455030881961e-01 -2.145754781578294579e-01 7.109165117269797829e-01 -3.643544451099980930e-01 7.380006054455098274e-01 -6.195616347099310028e-02 -4.352517781495116589e-01
-1.335401695580508985e+01 -7.769965740697298173e+00 8.516577600454622754e+00 -6.022180278316810131e+00 2.083410189480806096e+01 3.124656213957467177e+00 5.143162974510929963e+00 -2.831458176933325177e+01 -1.301292421354401085e+01 1.054805041530704646e+00 1.209920996838530449e+01 -2.203764356130506030e+00 -3.056332209566890157e+01 -7.570001194652177245e-01 -5.024747081374369984e+00 2.428818413768114937e+01 -3.015909655520593446e+01 -2.711093898827812509e+01 -1.976800192133377720e+01 1.723456999376311671e+01 1.154387369050950696e+01 1.227783341616589041e+01 5.657066888744679112e+00 5.495188561573423947e+00 -2.927022294673592739e+01 -6.203747340138680677e+00 2.643415024882441955e+01 1.707015325086746360e+00 2.838080724687717549e+00 -1.517540377810084529e+01 8.619708355785526521e+00 -1.018988399856196914e+01 -1.049427301802461798e+01 3.843930935411154337e+01 -1.297425085876963102e+01 2.341172497070222036e+01 -2.018197562315789728e+00 -4.251063040466598331e+00 3.131804742102436023e+01 -2.542439974335797004e+01 -4.644447301733807265e+00 2.360778342898418813e+01 -3.812643654684156669e+00 1.946254714058745705e+01 5.441376860060209708e+00 -1.813792609995543970e+01 -4.209439914817588502e+00 -1.334628637848467925e+01 2.667280872749640608e+01 -5.046232494660343626e+00 -2.444154632844788821e+01 -2.458644351598411149e+01 5.284483707080644521e+00 -1.887760306273118971e+01 1.576911313705451612e+01 -2.605908645335638951e+01 -1.284886364568997585e+01 -4.205367567550646335e+00 -1.592352773420643075e+01 1.424174458868326454e+01 -4.398546812349713342e+00 4.277035433844693202e+00 -6.131931899363921801e+00 -1.315297354131770113e+01 2.326398400562960234e+01 3.669056955691769595e+00 2.965369722049548784e+01 -7.085408026851752084e+00 -1.212956253471115353e+01 1.960551976651608186e+01 -1.999997553301133379e+01 1.962649655551840766e+01 1.880212389170193177e+01 -1.374383878462290731e+01 -1.538245049396490316e+00 6.589202892934904909e+00 2.001136134557353330e+01 7.840174441307958375e+00 1.737400560461642840e+01 -3.358296733516109356e+01 -6.261800701772523681e+00 -7.481973865947587399e+00 5.428176919731320105e+00 -1.376869647159441712e+01 -2.828350555593979720e+01 1.448109275695468057e+01 2.801215272726108907e+01 -3.185728660813617807e+01 5.618617414459773585e+00 -1.221693043602168061e+01 4.635503475805794693e+00 5.960053692331474195e+00 -6.784614223190413185e+00 4.247593858560184898e+00 -3.346817501035449993e+01 -6.431852792397324770e+00 -1.912455068626374199e+01 1.310884169220052620e+01 1.880928671783445694e+01 -1.496259179668182426e+01
-2.769297121879345625e+00 -9.973715660448356779e-01 -1.317508844246095823e+00 1.595335044290824511e+00 1.791968953479979643e+00 1.790432186232652767e-01 9.236113875668801043e-01 -3.232849644276734047e-01 -8.909056826322918621e-01 -1.359891006683884962e+00 -8.129559795114044141e-01 -1.885715571175033967e-01 -1.063822311272169391e-01 -1.141703807504018009e+00 3.077237634922851406e-01 2.046164994506603829e+00 -3.044928007346677123e+00 -1.259154537475922986e+00 -2.595347145788930998e+00 1.636421899332530794e+00 1.040528804303788579e+00 -5.722323075946026405e-01 1.357472818260025305e+00 1.474311237952172560e+00 -6.801860562698860413e-01 -2.021989605074374363e-01 2.388803835034725154e+00 2.072297677965146967e+00 -6.494855790886318037e-01 6.029205532634600573e-01 1.075736698705087147e+00 -1.178205445112776861e-01 -4.620191835034825889e-01 2.845387529351357081e+00 1.230155145727381549e-01 3.677434490265390377e+00 -1.782950814032236098e+00 -2.066509441628236743e-01 1.794075097348966308e+00 -1.000159756723377980e+00 -1.971356220746940169e+00 7.209953743948189775e-01 1.608884787497322777e-01 -7.481436204024836945e-02 1.975224047794343213e-02 -2.277703402075315964e+00 2.610989304912383346e+00 -1.243257036665549986e+00 9.600676012466669018e-01 -7.081676785925857809e-01 -3.104600176794820143e+00 -5.745999623796117284e+00 6.235824131239439128e-01 8.416544715884349825e-02 1.988748954966907290e+00 -1.739312450629855622e+00 -8.394704184181605022e-01 -1.408134774135801015e+00 -1.981697429942421262e+00 3.228184635918478040e+00 -1.847570056953706796e+00 1.954603831927583524e-01 1.815226175560592292e+00 2.571690750441069651e-01 6.569375947647059233e-01 6.434422228788473364e-01 3.779513390633832515e+00 1.651927003543750549e+00 -8.950601624682175128e-01 5.540599201833293908e-01 -2.546784849885034507e+00 2.952861428909131725e+00 2.136644911694391968e+00 -2.725498277421237070e+00 -5.437103482829770407e-01 1.866121852135786074e+00 1.156387710938641789e+00 9.481054659367862958e-02 1.731135786285243339e-01 -7.863509281528900940e-01 -1.117106056960747384e+00 -1.033310595146902822e+00 3.046495690444103843e+00 1.344321569562165974e+00 -5.540282352212825279e-01 1.021774309649289725e+00 2.952375312804913943e+00 -3.663280038700430730e+00 3.019208928298104944e+00 -6.851966086672977019e-01 6.691163879825671179e-01 2.635716411772996981e-01 -2.604840969631647130e-01 -7.622642514069302155e-01 -2.014028834229715681e+00 -1.481149935019251629e+00 -1.697034403443824280e+00 8.961411813435509188e-01 -3.066828614961336630e-01 -2.295633997481230537e+00
-1.047021453980783967e+01 -4.128222060322300990e+00 -3.933419485521732817e+00 4.722264540939370647e+00 9.643215338795091185e+00 5.515189952120161720e+00 5.187747913396839827e+00 -9.385896766340655617e+00 -1.029472867751767495e+01 -1.371283574552613294e+00 -1.984932018141740251e+00 -2.300416931967600664e+00 -8.852773420126515802e+00 -2.795653504730926997e+00 -4.058396336457535669e-02 9.089611561135637174e+00 -1.465385019448601156e+01 -1.252877055440315779e+01 -1.725725714994396043e+01 9.339556393290065373e+00 4.784390997581096983e+00 1.319940199834911398e+00 3.903562066756543381e+00 5.433141812948464988e+00 -1.124464691188207865e+01 -3.752335794321613349e+00 1.152286285616189510e+01 3.335025458521692077e+00 -6.883177332915242641e-02 -3.712870674988145048e+00 4.204210759360535121e+00 -1.632843321256178371e+00 -5.511450251028506386e+00 1.580853800527698638e+01 -2.105949768290944935e+00 1.408615017267074165e+01 -4.700562474462461005e+00 -2.521210121339777732e+00 1.681465296498166850e+01 -1.032104204510797629e+01 -7.874239521413653797e+00 1.233202920201458319e+01 -5.273523098282868915e+00 6.358164620338957462e+00 2.303889977100323172e+00 -1.099443211180918745e+01 4.757259545374278531e+00 -3.718027390371380303e+00 5.695418631113057906e+00 5.799394629307861315e-01 -1.166427407845026920e+01 -2.057675825621463517e+01 4.410996319571304447e+00 -2.200600575964813732e+00 6.836962760622444790e+00 -8.597445339572082901e+00 -2.308297098559001004e+00 -5.684672544858953458e+00 -1.017125911475516631e+01 1.464069702989634969e+01 -6.934496868278024806e+00 2.988984661600424086e+00 4.122593620131871361e+00 -5.463643039226724341e+00 1.228745470129673656e+01 -1.417931165260538640e+00 1.900960919767752344e+01 -1.738978968889385524e+00 -6.148277342506515808e+00 5.472346266340548659e+00 -5.780431201057687929e+00 1.464122467789035476e+01 9.632783399159841053e+00 -1.211283953563536819e+01 -1.335938114660510712e+00 6.235616137095099987e+00 1.104484653222702484e+01 4.271297955565931836e+00 3.143586330272194473e+00 -1.008220377516473043e+01 -5.632353351706547606e+00 -6.497823564695095477e+00 1.096706005058492650e+01 -3.079806354686374981e+00 -9.217103882978987528e+00 -6.697117417447816523e-01 1.503087123040018902e+01 -1.743185988536282238e+01 1.135154566352471228e+01 -8.165360962106904097e+00 9.573827806867268864e-01 3.752937802432981806e-01 -3.598358508951745804e+00 6.771775420037537963e-01 -1.738000775188550762e+01 -1.002165691023748728e+01 -1.010468885191890465e+01 6.215105117700283621e+00 5.334935394320646118e+00 -1.052669164385725331e+01
-4.924083440975409509e+00 -1.610914195846630204e+00 -1.984199537624295129e+00 2.601266214516297470e+00 3.727324112286325875e+00 1.228484557373930031e+00 2.308885948969739754e+00 -1.311976097717190148e+00 -2.576903195565699800e+00 -1.724878944912334289e+00 -1.931048905029089102e+00 -4.215962239198054462e-01 -9.313156924147510951e-01 -2.428562478709637151e+00 3.232213819910475516e-01 3.546773765106647325e+00 -5.728297122062311786e+00 -3.241169450387265449e+00 -5.925328737111279054e+00 3.154168460066653967e+00 2.309215656182787235e+00 -8.918004429101429320e-01 2.483196721359903769e+00 2.886548786988536008e+00 -2.056575234208207537e+00 -7.282597514703869068e-01 4.625884686626003273e+00 3.251035167066453013e+00 -7.356411334444427075e-01 6.880621847815888703e-01 2.089230910450737611e+00 -6.396605431775369277e-02 -1.198443421213030158e+00 5.154567371417226873e+00 2.855933602517876646e-01 6.751880269512150257e+00 -2.471279271414819068e+00 -2.564465580357749297e-01 4.567199109348846875e+00 -2.778656757710793457e+00 -4.103866025649553606e+00 2.990067348119708424e+00 -9.751238308290345325e-01 6.427481409370103815e-01 3.723374469728444880e-01 -4.076303828534276086e+00 3.629417921736606711e+00 -1.767532196717117143e+00 1.310905861506347581e+00 -2.358309873229494646e-01 -5.429155064799786601e+00 -9.921612491150392898e+00 1.392494868577504707e+00 -6.621721411594455597e-02 2.557783546800337149e+00 -3.126436492232917086e+00 -1.062260754705707910e+00 -2.752509295768693409e+00 -3.196507335319471732e+00 5.807384957165968586e+00 -3.091501396696835879e+00 3.909623056696940463e-02 2.788078185936422759e+00 -3.320496568585357133e-01 2.611849019709089781e+00 4.292476148247597600e-01 7.247572785186151556e+00 2.141275198956011927e+00 -2.044783138840211123e+00 1.513450331044202679e+00 -3.511239453241857156e+00 5.505891300531003729e+00 4.006494694286782732e+00 -5.206994398588789430e+00 -1.032513577873994004e+00 3.106035989313910228e+00 2.948746087071176802e+00 5.674556582080887424e-01 3.021662539999311892e-01 -1.823892740492059517e+00 -2.276482713200417063e+00 -2.063038661758791914e+00 4.613541624080668591e+00 1.151186215191350559e+00 -1.776596848263798378e+00 1.003047918446848596e+00 5.611183665703999068e+00 -6.763895427561719131e+00 5.222945016168544896e+00 -1.943731469878937634e+00 1.164772361534720524e+00 4.124609851647337982e-02 -1.072544142545818424e+00 -4.921635370905558804e-01 -4.614841275707328272e+00 -3.708235788972382263e+00 -3.318661483404809598e+00 1.417654002992792650e+00 1.931622365752260206e-01 -4.106876066821379290e+00
-7.902846453263674853e+00 -2.614850075659963302e+00 -3.213173541548035139e+00 3.940035900178923356e+00 6.528308957687261049e+00 3.472571100747473771e+00 4.032738150452667369e+00 -4.109016910938763090e+00 -5.935322786175613707e+00 -1.723732495464605385e+00 -2.721388796805897403e+00 -1.336131456875008006e+00 -3.570077930930723120e+00 -3.463329324458162883e+00 1.772688445003345326e-01 6.149500408567835308e+00 -9.788443441540804812e+00 -7.192756159576162212e+00 -1.131534167939151558e+01 5.837554467870828212e+00 3.780998556655458032e+00 -5.878934919442003748e-01 3.652729331686944025e+00 4.478398874629808901e+00 -5.445877303763969834e+00 -2.004318562055803721e+00 7.817757595076846755e+00 4.018661491645776351e+00 -5.972752745680741659e-01 -4.694073620063489161e-01 3.179952735729531188e+00 -3.276448735322186057e-01 -2.896411236792525656e+00 9.541463014262843600e+00 -1.886319230731465513e-01 1.080449902591384514e+01 -3.634891440633809090e+00 -9.573321088221778963e-01 9.898153596186254788e+00 -5.860414676401300760e+00 -6.803801134372210235e+00 7.030084323395737300e+00 -3.269793966838924426e+00 2.818427382799899572e+00 1.124665848481121833e+00 -7.007053055419550702e+00 4.717439650954168506e+00 -2.545669337265014764e+00 2.620318705925149150e+00 4.919364887494691030e-01 -8.413264567311477649e+00 -1.553899910582908639e+01 2.635764845583501437e+00 -4.960367994285948545e-01 4.041676453253558954e+00 -5.397699637068638090e+00 -1.249028605987193785e+00 -4.618955197365655074e+00 -5.902943162388247345e+00 9.984117820454109449e+00 -4.998228128145900229e+00 7.585455312818703000e-01 3.830768926050393652e+00 -2.270054056490865779e+00 6.625059067571462457e+00 -3.712502016623203116e-01 1.282170163879045610e+01 1.282473825789901545e+00 -3.852275833999201371e+00 3.196170454541888084e+00 -4.600999087443182312e+00 9.660909202898308124e+00 6.719040747656008783e+00 -8.723277114194049275e+00 -1.404757731878530702e+00 4.853084052598672926e+00 6.426698113390876266e+00 2.032603617578806698e+00 1.228865233682716163e+00 -4.684747432433528758e+00 -4.087642282007364791e+00 -3.912375170417689674e+00 7.610332011989354051e+00 -2.544413487541389851e-01 -4.805025218493616634e+00 2.393376356911119107e-01 9.935340734558193887e+00 -1.163545547560782367e+01 8.621192424117451125e+00 -4.593798548701804485e+00 1.614614151690189292e+00 6.532879763194164580e-02 -2.407471296684270179e+00 -8.437916159947261852e-02 -1.005699916698634766e+01 -7.062130818807609955e+00 -6.373085156082454183e+00 3.134143108121596910e+00 1.954038273828784922e+00 -7.177904970263363715e+00
-4.170235082641477464e-01 -7.887150005908116768e-02 -6.864308316934149001e-01 5.267626023225865373e-01 -2.464169355760540414e-01 -3.298902148347943042e-02 -5.085594205998780204e-01 1.809477108271093093e-01 4.275189075217597501e-01 -2.499643209514466613e-01 6.440337761919192605e-01 -3.291519739993320481e-01 2.040150400430957855e-01 8.161855752909705219e-02 1.355744339808324928e-01 5.623668413886137030e-01 2.722387137034407156e-01 2.178955401028954686e-01 7.371204227792450547e-01 9.392879526508556010e-02 -3.608585395915429039e-01 -7.395081028334904438e-02 -8.960182176592404457e-02 -3.988964369695768841e-02 4.460548406866099436e-01 -5.489889384609841771e-02 -4.511585783152061158e-01 2.430929197036291178e-01 -3.368678360593806431e-01 -3.422845076421104915e-01 -7.126367531578260694e-02 -1.289595164718032316e-01 1.270576149269639910e-01 6.961760901371704113e-01 -1.164478272984067336e-01 -9.731021779494229001e-03 -9.107213396479202361e-01 -2.574861628044097239e-01 -3.582767072826250621e-01 7.213734515278240611e-01 1.462968851906290835e-01 -1.178818848095149585e+00 3.796706114360709483e-01 -9.289877350943598344e-02 -2.039747915098812092e-01 -3.386738001709119206e-01 1.183834618423394103e+00 -3.882400235891173002e-01 5.511466154175865828e-01 -7.152954865802217954e-01 2.488960225691251929e-02 -7.501044135698127224e-01 -3.366418312647329047e-01 2.614991851381425203e-01 1.200861021451659294e+00 -1.566360636326251388e-01 -1.660931782562758696e-01 -1.018713138361950626e-01 -8.230395821813896173e-01 6.143175803636363730e-01 -1.683829777724246690e-01 5.381652083534935738e-01 6.037956442539245128e-01 -1.012161943035045780e-01 -5.768521008801330563e-01 5.423580859769805418e-01 1.796443755151534150e-01 3.749622915919444410e-01 5.376798622277938478e-01 -1.029102055275831623e-01 -1.117206919402918608e+00 1.479704412909764732e-01 2.629404075497532856e-01 3.890841596956293724e-01 8.867754940601936878e-03 7.213232459829006515e-01 1.086701242072382612e-02 1.918704743370789612e-01 3.979452575044541418e-01 -2.942391534701080946e-01 -3.787774605973641684e-01 -9.895580186324386129e-02 1.316022727506755752e+00 5.428289843936207060e-01 -8.982193708916859365e-02 3.571936682438299204e-01 1.620700235884673934e-01 -2.260253767427323479e-01 7.433253826320989077e-01 2.661986536692668714e-01 2.229823358518204235e-01 6.356632749068150678e-01 4.733846183273464070e-01 -1.008258390611310062e+00 -2.787575368945214849e-01 7.675310463815879780e-01 -4.310815025185477101e-01 7.323025169624669539e-01 -1.705133781157665285e-01 -4.812089162841980960e-01
-3.263316864431979880e-01 1.260185355552598530e-01 -5.565654912779492980e-01 5.334089569214853777e-01 -2.288750479354427492e-01 2.264671191700163011e-01 -5.569474243564990212e-01 2.064967438532163135e-01 6.755657113222074406e-01 6.704571756358768120e-02 5.264841051222715063e-01 -2.586040251586730343e-01 3.062547293818782546e-01 -1.301301656833198928e-01 1.835897517728300732e-01 3.217099092372701641e-01 6.170590456578165517e-01 2.703695199674929217e-01 8.683381540380142871e-01 3.819581362460028329e-02 -2.298231697543928476e-01 -8.053086086624704210e-02 -2.222744346713605434e-01 2.239190975472482581e-01 5.600012940561482910e-01 -1.541212772690834232e-01 -7.490592888303546637e-01 -5.349052860871350568e-02 -1.438170988917271964e-01 -4.748323913381090056e-01 1.865346694406022909e-01 -1.146068304631427809e-01 5.066419011964238411e-02 4.981839437147758676e-01 -8.962477023702164480e-02 -2.488676850626311554e-01 -6.920303916942386335e-01 -2.199541778100452261e-01 -3.419757287317451433e-01 7.603702874753911489e-01 1.347459102341186099e-01 -1.063690007494121792e+00 2.367905462600310151e-01 9.560708858741459593e-02 -1.753475720582108044e-01 -2.538554148664071142e-01 1.060131615668614247e+00 -1.186490203821120443e-01 2.302732912160914136e-01 -5.689822876792672846e-01 3.294792474712859853e-01 -4.120095700032520569e-01 -3.049539023076316968e-01 4.041434937811961420e-02 8.697062277845570843e-01 7.141409410558788307e-02 4.478424207624981390e-02 1.010057206430890614e-01 -6.321390339068685416e-01 5.707197395574205023e-01 1.260109501817245625e-01 4.088100631509422600e-01 5.960278346092440227e-01 -2.889904125363068066e-01 -2.513373270561977679e-01 5.094479068583873671e-01 -1.287671972017058117e-02 3.215536639417054809e-01 6.439382291793134261e-01 1.177561309402787304e-01 -9.006433334720692629e-01 8.340531951643070929e-02 3.304958110590488496e-01 6.984249159438924437e-01 1.331506211819868390e-01 7.822797476468755784e-01 2.734605304510694390e-01 1.673540683068647505e-01 2.371730014767115258e-01 -3.260118831445978915e-01 -6.130214509949696300e-01 -6.436883292349683539e-02 1.032046653483046361e+00 2.866708893411136772e-01 -2.831325047002578379e-02 1.672261216075245083e-01 -3.010201493376282386e-02 -1.383324687309221354e-02 4.384713867216754046e-01 2.316033305001460318e-01 1.740194394561980218e-01 5.930598600266783205e-01 5.943895465809670986e-01 -8.060733427747566182e-01 -2.658331260267507434e-01 7.487867202764297847e-01 -3.016918561764517781e-01 6.525783329704055724e-01 -1.438262331198138190e-03 -2.625079016936677778e-01
-1.244665181220643113e+01 -6.642132376977297525e+00 -9.040050005625904772e-01 2.423782744477728457e+00 1.462313863688466142e+01 5.104331919641303728e+00 6.021031702368638605e+00 -1.922877927823460809e+01 -1.473464207788732772e+01 -5.807457832775219098e-01 3.401584354575736491e+00 -1.815916187252081926e+00 -1.898498270123055320e+01 -4.271289971720294565e-01 -1.368777293586596722e+00 1.401395881321750814e+01 -2.165191424689711042e+01 -1.958192214064169434e+01 -2.253247535517984090e+01 1.372130082706358856e+01 6.771219779591932664e+00 6.113699015273219572e+00 3.230008345761251842e+00 5.823966009914760100e+00 -2.056574456311676968e+01 -5.488194604913290142e+00 1.822618302122891620e+01 1.278277128581090327e+00 8.515356623532597258e-01 -1.039878193870652190e+01 5.895013864068776144e+00 -5.302445779129508097e+00 -8.724722734662478274e+00 2.653538838766757024e+01 -6.414131740923449954e+00 1.714001172194828371e+01 -4.312029096778494441e+00 -4.855931119927493711e+00 2.516546599268722417e+01 -1.826665952865548448e+01 -5.870346437080610436e+00 1.983583870003288396e+01 -5.567751040252226780e+00 1.160641392448293452e+01 4.156510738889216405e+00 -1.664091750956697879e+01 1.624608495052535240e+00 -7.103487751149333285e+00 1.370368153845569736e+01 -1.523630552995813403e+00 -1.721297482728897421e+01 -2.481477818697206317e+01 6.039940575128348144e+00 -8.174731767942349236e+00 1.147618426814359971e+01 -1.584084262579694169e+01 -7.242257070122279927e+00 -5.434825709264998750e+00 -1.574390343635936595e+01 1.820539098857732796e+01 -7.486693264177001872e+00 6.137590941505241204e+00 1.727477782421474206e+00 -1.026188283791536371e+01 1.929841084350832858e+01 -5.626069565069126144e-01 2.541435200771411118e+01 -6.622972662348799666e+00 -9.264903882129546631e+00 1.054486052669309082e+01 -9.904768695231593867e+00 1.977849633743155877e+01 1.430124631836383919e+01 -1.464153436271922892e+01 -1.728081070991959178e+00 7.172095903205481626e+00 1.687537882400156519e+01 7.565575639440998756e+00 7.712279822460810230e+00 -2.083049241240490090e+01 -6.507880897919068097e+00 -9.448351790348795021e+00 1.175554498328851238e+01 -8.031197552015939323e+00 -1.724083203203691284e+01 2.573132464754358750e+00 2.228322650701869989e+01 -2.519895395442008734e+01 1.092580265660584971e+01 -1.173173000671419963e+01 -1.976831369012672646e-01 1.651806926244926643e+00 -4.727014394622270466e+00 2.206218580533203966e+00 -2.675535459806951621e+01 -1.027034610659705116e+01 -1.483302505658774706e+01 1.062578996280316623e+01 1.175177156768863362e+01 -1.408841707081195516e+01
-3.289442512574209387e-01 1.973404564341451825e-03 -6.401405414120878712e-01 4.990353788937220703e-01 -3.024699232290929962e-01 4.423393017352450496e-02 -5.562882774691584320e-01 1.902989071058912296e-01 5.168475741020375214e-01 -1.208493863003668317e-01 6.524841228487660016e-01 -3.166281739884097002e-01 2.390982933878556815e-01 4.773517967473690782e-02 1.382066896857646054e-01 4.603715075170670690e-01 4.663418779454290286e-01 2.459097875846343317e-01 8.649463305708571248e-01 3.945920523590221163e-02 -3.696472750531227258e-01 -6.104600978651741894e-02 -1.699478596638199224e-01 -1.165697053952230097e-02 5.063477728862573191e-01 -8.968578499441738627e-02 -6.153427921175054216e-01 1.115475585818246074e-01 -2.700519171960230058e-01 -4.129117210386739623e-01 -3.639632131264800702e-02 -1.260915530470052281e-01 1.154922289578737549e-01 5.889616204667917909e-01 -1.112416550406667842e-01 -1.796792268461997466e-01 -8.250143957331783628e-01 -2.538061097197943372e-01 -4.019169787258521920e-01 7.773402442070929119e-01 1.980039731127809510e-01 -1.205511018941699986e+00 3.198880983301271574e-01 -4.462976836504959494e-02 -2.088136730370060146e-01 -2.645243703750661535e-01 1.104595089783098505e+00 -2.989132480856685481e-01 4.530963674920302497e-01 -6.636735869073548955e-01 2.078926605919550752e-01 -5.192812323872428859e-01 -3.481234827242244978e-01 2.062317906870856643e-01 1.081349642070264183e+00 -5.235589512356501884e-02 -9.037420089573414139e-02 -2.309786444894222981e-02 -7.425372637089928674e-01 5.286681567161279904e-01 -3.340220155608719654e-02 5.130808614930094658e-01 5.780069686630167070e-01 -1.789458895046844300e-01 -5.155456807447045264e-01 5.172226543158677803e-01 2.561307517119569208e-02 3.090092246658034392e-01 6.115241118533766285e-01 -4.930113471829655758e-02 -1.019170823640541679e+00 5.267365858552240654e-02 2.260172970040790208e-01 5.644581672601102218e-01 5.024828252653254501e-02 7.138924603512846190e-01 6.509402988595940076e-02 2.034076331559236117e-01 3.679957705358736231e-01 -2.970634278618416446e-01 -4.369807461823242423e-01 -6.420887155989486728e-02 1.179917572368485157e+00 4.335219296004325096e-01 -7.130741439730305109e-02 2.896566731581358134e-01 2.971522384457044377e-02 -7.154151852242587872e-02 6.059375605083617833e-01 2.731791960712416922e-01 2.067172594273273545e-01 6.304375830206410125e-01 5.243097072219539134e-01 -9.637409622966199851e-01 -2.451205820664466295e-01 8.202762861082152357e-01 -3.668997126936941466e-01 7.201362844446518308e-01 -1.057718130561251663e-01 -3.803294110658960725e-01
-2.794677524011676351e+00 -1.004871909031445298e+00 -1.324458530699796910e+00 1.607045512863682690e+00 1.814615667437647906e+00 1.878642062697133408e-01 9.400473199291403681e-01 -3.314399419434367333e-01 -9.078336900015212541e-01 -1.366727106141660375e+00 -8.281508528271839253e-01 -1.891137130155470247e-01 -1.125745136597881974e-01 -1.157467043530212791e+00 3.087557557458822100e-01 2.062241764067184846e+00 -3.077074417446370891e+00 -1.279167912723570666e+00 -2.632639319662874122e+00 1.653366966028835483e+00 1.055914316722063706e+00 -5.772963767342098595e-01 1.371584950844841222e+00 1.491625510485127259e+00 -6.933742554862167840e-01 -2.066593108218720554e-01 2.416185007367399162e+00 2.088628777403522818e+00 -6.512211127734068850e-01 6.078917161346920617e-01 1.088617400886628506e+00 -1.170683925078428167e-01 -4.692212762190444142e-01 2.869941980592249475e+00 1.260033722571183845e-01 3.714830772451949592e+00 -1.790814893368525285e+00 -2.058978946583354119e-01 1.822364459835104977e+00 -1.019916383827163209e+00 -1.996026373469953930e+00 7.453115882605805265e-01 1.513770743096016502e-01 -6.979328927349132128e-02 2.330266330272282721e-02 -2.298534693937734907e+00 2.623985825603852184e+00 -1.250161426783563678e+00 9.630470338922717533e-01 -7.041156035779899680e-01 -3.133859627226661004e+00 -5.796549117344200752e+00 6.329725683618786514e-01 8.233380711444385214e-02 1.994819602043732765e+00 -1.755363455006600848e+00 -8.435519878427809592e-01 -1.423330922704608925e+00 -1.994030894554624123e+00 3.257252963453735717e+00 -1.862616543213330145e+00 1.918458662959381944e-01 1.827425450755870040e+00 2.546012342752398405e-01 6.760193527863262997e-01 6.425437434792021785e-01 3.818783140142168797e+00 1.661843727821171512e+00 -9.088112547330461366e-01 5.640972044747585290e-01 -2.559263354392195655e+00 2.982141112796127480e+00 2.158158926831535762e+00 -2.755741713814446214e+00 -5.499303672590875047e-01 1.880184159569307178e+00 1.174203024870817957e+00 9.746544133577648983e-02 1.724717730858724707e-01 -7.950665802566175833e-01 -1.129131052239038757e+00 -1.044529304556351734e+00 3.063413533864606020e+00 1.346042521894045052e+00 -5.640264569766901825e-01 1.024381515837381906e+00 2.982395889995502980e+00 -3.699193194489477587e+00 3.043897854374387091e+00 -6.976514293446447468e-01 6.748340391207480193e-01 2.599399839022263348e-01 -2.692100198528153410e-01 -7.590326748654975253e-01 -2.039031246431135092e+00 -1.506556654532487327e+00 -1.713395030898579474e+00 8.996376986340944848e-01 -3.040501259802944611e-01 -2.315397055766323486e+00
-3.536144125954972517e-01 -4.045689870167751973e-02 -6.589894371427044151e-01 5.122080242191143773e-01 -2.862973883108327344e-01 9.445904954130491388e-03 -5.492560734932294686e-01 1.864661852624760752e-01 4.986251820079560804e-01 -1.755026028223048706e-01 6.605743120517187927e-01 -3.266523257718298989e-01 2.368673608907913841e-01 5.374950255511120462e-02 1.250220068541939011e-01 4.973614889743172007e-01 4.170276101813253922e-01 2.374908374422503576e-01 8.340204983120366178e-01 4.381823878568868319e-02 -3.763872699031866609e-01 -6.505125664992751633e-02 -1.492664036869992272e-01 -2.861681162864681063e-02 4.978937776901316559e-01 -7.181438444870968940e-02 -5.721782722705659463e-01 1.548497754453672381e-01 -2.844193043282155497e-01 -3.973504525397577036e-01 -6.955978936218658315e-02 -1.185087905144011217e-01 1.254404882198589533e-01 6.365626939172899235e-01 -1.286749420924704346e-01 -1.455767920503448498e-01 -8.551810319848989206e-01 -2.689036449859762423e-01 -4.034984453708273522e-01 7.627294567009528237e-01 1.993251083706448490e-01 -1.224376578674867933e+00 3.380321636591027690e-01 -6.793358036255776888e-02 -2.127129237850399479e-01 -2.850084332159468770e-01 1.114805838977997565e+00 -3.342838416269388047e-01 4.951449997019908289e-01 -6.881621291102747451e-01 1.432708256407574099e-01 -5.872806752557235832e-01 -3.194455262169046961e-01 2.268625080891464862e-01 1.137492626348280966e+00 -8.979336944143641308e-02 -1.284069492541167479e-01 -6.497795045425480698e-02 -7.774850358357290325e-01 5.341682102381428709e-01 -7.488019741143578378e-02 5.381381217442706699e-01 5.957143086258284148e-01 -1.548425003948583623e-01 -5.634117650669000499e-01 5.106485500342965445e-01 6.859942515588680900e-02 3.184707723871796903e-01 5.888638430836704574e-01 -7.753204919134219775e-02 -1.041000440321636855e+00 7.628463695983113413e-02 2.305373149993493187e-01 5.039403714299350856e-01 2.525274582085748967e-02 7.124619685713211581e-01 3.655551719116226228e-02 2.122947780742743262e-01 3.913431376310049781e-01 -2.864703600402951911e-01 -4.039045843231100497e-01 -7.462000366370372118e-02 1.233532569451767369e+00 4.868315149210616921e-01 -8.280680927539452174e-02 3.222501098577708611e-01 8.198390544477053565e-02 -1.088611258005353771e-01 6.553514206309191126e-01 2.763625667848713108e-01 2.054502971504512943e-01 6.344522741247601294e-01 5.001299685979421206e-01 -9.842174403056287435e-01 -2.564657829128810240e-01 8.161228263038456943e-01 -3.988372469162466127e-01 7.458685822029634815e-01 -1.184145631511290681e-01 -4.344106836222327295e-01
-1.325604952429501182e+01 -7.742232869229997760e+00 6.812422995550140747e+00 -4.476716660400908765e+00 1.987390378798592039e+01 3.305801803936871064e+00 5.491159998583894364e+00 -2.718344707154153284e+01 -1.373239410475306777e+01 7.620894786290969281e-01 1.086305885709438535e+01 -1.861975901719475246e+00 -2.886989336793739014e+01 -4.199526575528525485e-01 -4.412863692388296677e+00 2.236261951945423476e+01 -2.871651461193920341e+01 -2.586098541514958882e+01 -2.076067168987144029e+01 1.670981173315548673e+01 1.074781114476733102e+01 1.132263622002566450e+01 4.917597157652168427e+00 5.578252657911606072e+00 -2.805654213471559899e+01 -6.155114910713223253e+00 2.532613686312478052e+01 1.330532449752785951e+00 2.455724973417759749e+00 -1.478964409777245059e+01 8.110125554960399441e+00 -9.442081887633690940e+00 -1.028699935292671341e+01 3.675407829121786563e+01 -1.183137783587711489e+01 2.207442193301849187e+01 -2.436581281257950593e+00 -4.722988854353484811e+00 3.040372536206194098e+01 -2.454055816458845385e+01 -4.598244968495247775e+00 2.342605527190595893e+01 -4.167439059703733406e+00 1.800396505606633113e+01 5.300755214868544840e+00 -1.825967138097943732e+01 -3.313121749231916269e+00 -1.231029893683431276e+01 2.454773757359946273e+01 -4.580580068295369678e+00 -2.334597728944455142e+01 -2.492664874832900068e+01 5.505133176594195987e+00 -1.708352103977456338e+01 1.511681058033046909e+01 -2.460796414040435209e+01 -1.225059598775097136e+01 -4.444810056235143136e+00 -1.633540540836322563e+01 1.526350771054888078e+01 -5.019209791400563780e+00 5.014711705774699269e+00 -4.633938864413313929e+00 -1.288097328224521654e+01 2.283089929449880984e+01 2.983410112752342247e+00 2.907544949244450194e+01 -7.469734989858627827e+00 -1.171117050553545624e+01 1.806359052319836422e+01 -1.816498839755743688e+01 2.000317543909779872e+01 1.829782632582878321e+01 -1.408601801456050140e+01 -1.752530156137691586e+00 6.790297433458556853e+00 1.973711228166699527e+01 8.151818848291584985e+00 1.555502459503758139e+01 -3.170283959000255436e+01 -6.319585303878397120e+00 -8.149803508050625922e+00 6.730806105751661939e+00 -1.285070851104201317e+01 -2.651272418873422509e+01 1.233764244226346740e+01 2.741680365934239205e+01 -3.097733798027651986e+01 6.561152961426358843e+00 -1.229887657768236053e+01 3.486871156685802831e+00 5.117083072665102428e+00 -6.366006474067470222e+00 3.907423418979077745e+00 -3.265809113982851386e+01 -7.062550065768689045e+00 -1.848375536551991516e+01 1.287871796882913955e+01 1.775414661384659709e+01 -1.515633144734796645e+01
-6.992834248369040218e+00 -2.262876399113012305e+00 -2.816296529277165561e+00 3.545340238345508155e+00 5.635544772313505923e+00 2.715756646342589509e+00 3.545835724917051124e+00 -3.008865443235054560e+00 -4.758833531927047389e+00 -1.775039151168153140e+00 -2.592998891836099773e+00 -9.952695677598124568e-01 -2.505295977280303177e+00 -3.291893970423151572e+00 2.339492374209391212e-01 5.284937010202431118e+00 -8.447584236346045827e+00 -5.797932044694904086e+00 -9.538358593868498048e+00 4.908817884931509390e+00 3.372564309479535449e+00 -8.199002825939114558e-01 3.363407125868355330e+00 4.042105182498540117e+00 -4.148307509017874040e+00 -1.538805138163645170e+00 6.790747251575701249e+00 3.921603736637967241e+00 -6.844641488176567146e-01 8.130984674706856485e-02 2.867864810117529917e+00 -1.700138620896766706e-01 -2.259305882560825207e+00 7.995773594087459912e+00 8.916380601374253312e-02 9.590425780972926972e+00 -3.249132820712489433e+00 -6.410729631235265735e-01 8.040393637355997214e+00 -4.792097710531506571e+00 -6.058633696307565764e+00 5.642028595672411662e+00 -2.518130871882378496e+00 1.977962395823476438e+00 8.501854533185861929e-01 -6.009612384154782383e+00 4.442521807899525221e+00 -2.284375022158124047e+00 2.069952262535027732e+00 2.909189965576740033e-01 -7.487992315390195941e+00 -1.382275068422593201e+01 2.197178978949490880e+00 -2.862482401948884259e-01 3.455069907004360452e+00 -4.627123787026462765e+00 -1.169424700223445690e+00 -4.079046438769343474e+00 -4.897637676358500336e+00 8.602789380060753999e+00 -4.375050095626464852e+00 3.796815173892880702e-01 3.559492338320919824e+00 -1.528587262097101274e+00 5.186412033846480085e+00 -5.967415684364103801e-02 1.098343766455912096e+01 1.779673449706461019e+00 -3.240487501139757143e+00 2.623140333122234047e+00 -4.286147504056788016e+00 8.264639889851428833e+00 5.861347469509024855e+00 -7.613924785604011980e+00 -1.346197603523581421e+00 4.328898283565595584e+00 5.210448476739442114e+00 1.482395764544560013e+00 8.405746826810780448e-01 -3.566154427993327936e+00 -3.525283907866749722e+00 -3.266287892618200850e+00 6.571606776855918319e+00 3.324453272444696794e-01 -3.702380307210111354e+00 5.565815906004955016e-01 8.499950913047241485e+00 -1.002032460192017105e+01 7.559153029867113460e+00 -3.642245174713333089e+00 1.549382744870402062e+00 1.990704799893628849e-02 -1.983197672140081913e+00 -2.364463691043180993e-01 -8.126620296449805991e+00 -6.001237721969078009e+00 -5.328471667643619014e+00 2.452830978635646808e+00 1.249630854711753836e+00 -6.159916257175666487e+00
-5.506226615619166154e+00 -1.781023962697607210e+00 -2.201296812012491610e+00 2.870757878513716665e+00 4.254923041514800275e+00 1.605944400918806192e+00 2.671461827391971244e+00 -1.699019512040297331e+00 -3.130004160904954258e+00 -1.764732874625071446e+00 -2.162209622210427895e+00 -5.503865977767729012e-01 -1.279557281492947896e+00 -2.723562319894195394e+00 3.061268378227368081e-01 4.005249916076947692e+00 -6.463580243920993951e+00 -3.887351881898453154e+00 -6.891751175194435142e+00 3.608559576228765220e+00 2.625758091802105731e+00 -9.210318291843944127e-01 2.755559095472599029e+00 3.233314066344504578e+00 -2.548263205057677894e+00 -9.244316146699464998e-01 5.222789705122853121e+00 3.493402505865359053e+00 -7.381085602426118442e-01 5.933090606910098597e-01 2.324139012730815246e+00 -6.955781877108586919e-02 -1.452006761017281322e+00 5.878602959921932936e+00 2.780165975237852694e-01 7.560560992303116734e+00 -2.675843204239021667e+00 -3.238441513221848589e-01 5.453824654319060272e+00 -3.303848833842455424e+00 -4.674934871495318944e+00 3.679766545414998369e+00 -1.375817108775899689e+00 9.468603833011701720e-01 4.903624161719615793e-01 -4.589042762036075196e+00 3.877328373236357706e+00 -1.907519086433641764e+00 1.470696012490252169e+00 -8.600069521883527135e-02 -6.015031671561411386e+00 -1.102430669660099305e+01 1.602415878706289432e+00 -1.084048478747230287e-01 2.762609812543618482e+00 -3.524591428415259298e+00 -1.094777810044163191e+00 -3.130448684578916119e+00 -3.608753149955809647e+00 6.554251158771322139e+00 -3.437332157426763235e+00 7.442978823889143114e-02 3.023478831331524841e+00 -6.060778087657739954e-01 3.255079355435482658e+00 3.213621567092804221e-01 8.247857064726110465e+00 2.133602659936931101e+00 -2.362722455905672980e+00 1.804404421664600022e+00 -3.742069354748316368e+00 6.237900527962754182e+00 4.520423892123946352e+00 -5.873486084657065120e+00 -1.142447794855705245e+00 3.451208085298613337e+00 3.525288834688071749e+00 7.798194459515024324e-01 4.101787536170230508e-01 -2.224649521478558878e+00 -2.620040627530012767e+00 -2.373956252626941321e+00 5.110737336846125523e+00 9.858856781397711266e-01 -2.242022135270601346e+00 9.187494127004534050e-01 6.381804101238722993e+00 -7.638255338511070747e+00 5.862373679494753631e+00 -2.364705822525942303e+00 1.292516340131605546e+00 1.640632713682519880e-02 -1.318006481382340445e+00 -4.259025364131003855e-01 -5.493472474248741300e+00 -4.336178884349454421e+00 -3.837310614848920665e+00 1.647578962968297311e+00 4.259246984334665864e-01 -4.650308468263796513e+00
-3.167120711255714260e-01 -4.492338813801591280e-02 -6.795254617010092479e-01 4.821431666570056840e-01 -3.504310504829585837e-01 -4.547204528686431269e-02 -5.566299813508646110e-01 1.860812137312106429e-01 4.214671526737755469e-01 -1.973099607746187367e-01 7.373997520186086341e-01 -3.594959555807775708e-01 1.858912035247668737e-01 1.412612466093145780e-01 1.140736940093496216e-01 5.197025249374661593e-01 4.354337598858082914e-01 2.470090994641672144e-01 8.955554418174013209e-01 2.445401579211754425e-02 -4.592262212758937423e-01 -5.420371134826267728e-02 -1.424131306537722019e-01 -1.641908926626791942e-01 4.955225389496110133e-01 -6.787141228145564253e-02 -5.898011068087301023e-01 1.737979373988708665e-01 -3.361599922180092959e-01 -4.212812817040014757e-01 -1.676361449389936753e-01 -1.236127072863674042e-01 1.759599818900029755e-01 6.257401991924609330e-01 -1.062513455469642626e-01 -2.041430631552932640e-01 -8.939788369106571597e-01 -2.616712686628543394e-01 -4.370723327480942610e-01 7.997423256545503900e-01 2.511335690555264732e-01 -1.292263103482631958e+00 3.431661670163101419e-01 -1.007854893758822340e-01 -2.179845161810856080e-01 -2.461875015264831101e-01 1.106637350034183287e+00 -3.770105860855567648e-01 5.701893227076213488e-01 -7.073284779755127927e-01 1.780215187269552357e-01 -5.054980705995201218e-01 -3.964327585402693255e-01 3.151440313517362979e-01 1.186268469989354424e+00 -9.927158930682862537e-02 -1.296036013246022744e-01 -8.541267567508341318e-02 -7.815454959586252137e-01 4.812465540955532250e-01 -8.407504262043566379e-02 5.664298796818741932e-01 5.438470851067290779e-01 -1.408917786502713321e-01 -6.693393296622380806e-01 5.188132084919258036e-01 1.198827343921576166e-02 2.940676638879586857e-01 6.242475415232698888e-01 -1.500399191254950804e-01 -1.065137555321808538e+00 -1.256155493328091691e-02 1.612520683527447207e-01 5.331541198339948551e-01 -6.556765462946615277e-04 6.732285684516327029e-01 -5.248215490523799182e-02 2.472444206867518424e-01 4.593908395836751590e-01 -2.817738599767662389e-01 -3.477914824849981934e-01 -5.625177396522152568e-02 1.226195109847073583e+00 4.728671237848071085e-01 -1.065146118199909314e-01 3.383295588499790618e-01 2.889468690169002055e-02 -5.296972711422240354e-02 6.811072926285154372e-01 3.112757610794093521e-01 2.311354990877945437e-01 6.497573222463796094e-01 4.905124408678596115e-01 -1.061328354332217838e+00 -2.298259211756509823e-01 8.930738186948643520e-01 -4.061037882439744173e-01 7.575565946182566401e-01 -1.609374734566942078e-01 -4.252441138383685204e-01
-1.339024069784206006e+01 -7.767854824435839411e+00 9.172164006458489283e+00 -6.613989036264902310e+00 2.119380754896824470e+01 3.078568465431539725e+00 4.981095566996669000e+00 -2.871450437715672166e+01 -1.270598090074303776e+01 1.167135152727483360e+00 1.254464165758310301e+01 -2.365833276509984096e+00 -3.118411015547588505e+01 -9.113611123245718426e-01 -5.252774354694176751e+00 2.503905311370692743e+01 -3.071912849126828959e+01 -2.759515218551145566e+01 -1.934901916113180675e+01 1.743600561138254790e+01 1.183881143995589191e+01 1.263533779062566254e+01 5.973541056125126758e+00 5.461443869586821265e+00 -2.971752105890919893e+01 -6.213762628235072860e+00 2.682192399493683510e+01 1.883204309318574854e+00 2.985264294820748621e+00 -1.528707831172117793e+01 8.821881425585987202e+00 -1.046568794573299144e+01 -1.057545595361971813e+01 3.905009021967545380e+01 -1.341414749991801614e+01 2.395979620430096801e+01 -1.853584983929306151e+00 -4.029855372058896990e+00 3.167515180511425399e+01 -2.573367778154434049e+01 -4.678918156855723431e+00 2.364164803862709263e+01 -3.668974633513951922e+00 2.003981332698378282e+01 5.488187587529909095e+00 -1.806270679459859352e+01 -4.540456489384614436e+00 -1.373978029620682051e+01 2.747632622852813356e+01 -5.207943113312279770e+00 -2.484285660836636467e+01 -2.443040530168019231e+01 5.195164481917739607e+00 -1.956078093935923690e+01 1.601886265505764584e+01 -2.657742683894556990e+01 -1.304111005561639480e+01 -4.109628208576562969e+00 -1.573612818970706151e+01 1.383360499441765690e+01 -4.158560762651545062e+00 3.958016035266263000e+00 -6.718262502728372887e+00 -1.324427655873268961e+01 2.341692330668694666e+01 3.917494459253932693e+00 2.986865674436022999e+01 -6.888973675006650588e+00 -1.228894139681856501e+01 2.019441052317342411e+01 -2.070715947008600821e+01 1.945755390481592784e+01 1.896783992617828929e+01 -1.359681144940779340e+01 -1.431853061136431293e+00 6.505197934039595786e+00 2.009822514724633180e+01 7.684440866515886981e+00 1.808910139592591904e+01 -3.427562761863121921e+01 -6.245390764137450645e+00 -7.200135590574667788e+00 4.918170720655747452e+00 -1.411969018126079511e+01 -2.895436019184166554e+01 1.529769173871500776e+01 2.820119877780537365e+01 -3.217434078219248050e+01 5.261238110769656195e+00 -1.217565909368373234e+01 5.092739386345086494e+00 6.289571682200137737e+00 -6.956041104762229033e+00 4.381593255772187945e+00 -3.375145606315643931e+01 -6.201072981951782026e+00 -1.936620394624630848e+01 1.318525607828327395e+01 1.920796286051564650e+01 -1.484615573344128236e+01
-3.805911203660498621e-01 -4.510671856092975801e-02 -6.668921479421080489e-01 5.206593636132718084e-01 -2.749070473342759557e-01 -1.619134362974999561e-02 -5.248272194588698980e-01 1.846336858297516759e-01 4.360929141009593502e-01 -1.973488069764038622e-01 6.616152053773712849e-01 -3.320901827813155238e-01 1.942485392603247596e-01 7.901983325449264683e-02 1.354793633269799069e-01 5.197304812348604308e-01 3.592877993390613534e-01 2.403502647907639067e-01 7.911599168898855172e-01 6.677718442602403881e-02 -3.820426048551789910e-01 -7.450589034213192519e-02 -1.124880797692944800e-01 -6.319239386809440140e-02 4.736834630082271680e-01 -7.140612567557096113e-02 -5.312486329254868522e-01 1.873065701352310264e-01 -3.168009454988209295e-01 -3.947941330411768313e-01 -7.012903503458745025e-02 -1.185735664660720889e-01 1.471069864077934886e-01 6.556911000031434567e-01 -1.050338067316384100e-01 -1.137712908491296943e-01 -8.861756571326393495e-01 -2.423820845129763257e-01 -3.779657339239826386e-01 7.432522856151252411e-01 1.783799202018023222e-01 -1.195601593366934168e+00 3.540685730027718914e-01 -7.237835238676894323e-02 -2.049320478698930803e-01 -2.927129354305758602e-01 1.134482704511976525e+00 -3.484907056254665791e-01 5.215250455280188158e-01 -6.926092001338268744e-01 9.725869248156386593e-02 -6.276254412225759083e-01 -3.641628653751426414e-01 2.604926795693368602e-01 1.158707677700146377e+00 -1.119502219430109635e-01 -1.150185846638391157e-01 -7.694515290783214556e-02 -7.830531024391205186e-01 5.663727766273189967e-01 -1.068003300770419134e-01 5.202477321350191808e-01 5.737850417040595286e-01 -1.352848309238958158e-01 -5.756896750563176290e-01 5.267580183734162924e-01 1.044868660511498182e-01 3.468007454060697548e-01 5.775029476944820717e-01 -1.025127002965913608e-01 -1.079885523628951294e+00 6.976645472042712626e-02 2.395678365626109640e-01 4.736848685197863618e-01 1.098746192676279022e-02 7.059033018865499276e-01 1.465197993616508890e-02 2.207743419015118502e-01 4.072894574017255631e-01 -2.995177537528371237e-01 -3.883488885799612489e-01 -8.646805744234158098e-02 1.238546833322593299e+00 4.737958841602388782e-01 -8.742376170620132225e-02 3.315027133620366828e-01 9.992208796831986151e-02 -1.525228809276362729e-01 6.844768324188447162e-01 2.748063718557445800e-01 2.240518500217318076e-01 6.315578929285124987e-01 4.873811562649311702e-01 -1.003757039734407552e+00 -2.584271377312750695e-01 8.146744735623961953e-01 -4.148456311599825752e-01 7.266314913940405962e-01 -1.550367048616775600e-01 -4.415827673526768749e-01
-6.000769193030078830e-01 -1.588600228156508420e-01 -8.000621438971970978e-01 6.390958973213093364e-01 -1.388640601286123821e-01 -8.350513184571929648e-02 -4.023271667189923795e-01 1.517910179575754914e-01 2.898766570541831955e-01 -3.445465784281852017e-01 5.995044383910913544e-01 -3.261734852048580047e-01 1.910632268497062802e-01 2.193992678043395553e-02 1.730865673059357179e-01 6.925796223544899988e-01 8.878181619577310557e-02 8.644332808711484295e-02 5.954062215303117522e-01 2.055669404261749600e-01 -3.277248588357669079e-01 -1.236560245543156106e-01 5.506805491808747927e-02 -2.114897642016150617e-02 4.012690808636701356e-01 -1.157484513939093934e-01 -2.843996154111902430e-01 4.103206054640831657e-01 -3.832735306492213168e-01 -2.892175607976459339e-01 -5.890630893932882750e-02 -1.589040535494006257e-01 1.204341543053480956e-01 8.846662831800129467e-01 -5.273845333556906323e-02 2.015687122970645784e-01 -1.042133716654186637e+00 -2.886558403806595563e-01 -2.347868507321636544e-01 6.520978804475219270e-01 5.041925251470690678e-02 -1.201745368493867039e+00 3.574185543994717884e-01 -1.683153090570007338e-01 -2.360327850553157469e-01 -4.737193672173453662e-01 1.335771136148315996e+00 -5.492130663392782441e-01 6.552085277896306792e-01 -7.739748526152393504e-01 -1.741073786726529127e-01 -1.084216840739760768e+00 -2.589067255004591228e-01 3.194723670534570514e-01 1.322093745730019476e+00 -2.855004722138184126e-01 -2.115495091550797235e-01 -2.417345327326160809e-01 -9.573482750372839245e-01 7.801427263697634507e-01 -2.768256007961100718e-01 5.335447530411510098e-01 7.243738040035631043e-01 -3.532132872090263526e-02 -6.257042026899152232e-01 5.391228018041009928e-01 3.944455688184361764e-01 4.700528465290867430e-01 4.976889009638639783e-01 -9.907091273403280385e-02 -1.307497258522991812e+00 3.201383676193593208e-01 3.491841087968675095e-01 1.581267848963177070e-01 -7.898905806958980702e-02 8.399847337030527106e-01 3.016932158871353173e-02 2.552398041911110860e-01 4.406687200199783661e-01 -3.223646966859527452e-01 -4.391941869566943213e-01 -1.174346203932975091e-01 1.431687679301097749e+00 5.932758434036600192e-01 -1.011059015899854335e-01 4.953720031972693727e-01 3.043118439660086882e-01 -4.041193155904198586e-01 9.805436483289986516e-01 2.115760570719497913e-01 3.181792275016126492e-01 5.966200597746474932e-01 4.502531699922835973e-01 -1.101963167917093367e+00 -3.735492776805683923e-01 6.784067519717782435e-01 -5.054843053882789317e-01 8.115194876126395895e-01 -2.098349879021134401e-01 -6.427031820420076036e-01
-3.097488960567502669e+00 -1.093585394156813884e+00 -1.406022311438570815e+00 1.748766468233908578e+00 2.086418359106202658e+00 2.999444516432455687e-01 1.135374780363827441e+00 -4.357696200242192064e-01 -1.112244196757341763e+00 -1.441112961713138407e+00 -1.007693610297368814e+00 -1.987736978575322389e-01 -1.915948388389493162e-01 -1.348287047920000647e+00 3.191916740172441314e-01 2.256035881658400299e+00 -3.458796794062977575e+00 -1.522180309777295459e+00 -3.082335756707689889e+00 1.856236170395831664e+00 1.242570088844649812e+00 -6.362582754341521429e-01 1.539001619258905995e+00 1.701358830986424264e+00 -8.555085143805289949e-01 -2.622524141224526484e-01 2.738606408060721975e+00 2.276904056625867145e+00 -6.688156026137284105e-01 6.590827866501567378e-01 1.245259059148057235e+00 -1.063921579146011737e-01 -5.595576140951251665e-01 3.165781715308544353e+00 1.599606195139456066e-01 4.156528947065548429e+00 -1.883345208356791645e+00 -1.991068198326554906e-01 2.168701701399283532e+00 -1.258333427030362328e+00 -2.292637911503628168e+00 1.041191564245478762e+00 3.058033246622879689e-02 -3.414374723125823512e-03 6.567404292068970695e-02 -2.546210275122135158e+00 2.776912522972084574e+00 -1.326347024853253620e+00 9.955113809779395639e-01 -6.505381788499630114e-01 -3.480090945759222620e+00 -6.395969240072657769e+00 7.453914377383561440e-01 5.616210695171365563e-02 2.063903766967897013e+00 -1.945134485113854561e+00 -8.876948212825229723e-01 -1.602997520392372977e+00 -2.142610538882161464e+00 3.606656438336030668e+00 -2.038715129384239155e+00 1.490594283044866242e-01 1.973048534153118094e+00 2.129106968540596667e-01 9.159902220476646706e-01 6.286456071032051618e-01 4.289835566931692767e+00 1.773426897792596213e+00 -1.073066810414296857e+00 6.885793727314371004e-01 -2.705964453764742927e+00 3.334203075956926998e+00 2.418277869025977189e+00 -3.111324088124069132e+00 -6.218772119057313086e-01 2.048601103812240254e+00 1.396219883726705246e+00 1.334517598900774593e-01 1.658431898061629162e-01 -9.052750733610727130e-01 -1.278217900352269565e+00 -1.180006877362516748e+00 3.265444056018385055e+00 1.358925468924860880e+00 -6.896272570311644534e-01 1.049607945046096447e+00 3.342905496814010391e+00 -4.129277125976358320e+00 3.337553357546174659e+00 -8.510508921023001161e-01 7.420277414501450508e-01 2.171961840041044256e-01 -3.735962340682563720e-01 -7.159932137686989551e-01 -2.347473674118982334e+00 -1.812400798184202744e+00 -1.913805814101452452e+00 9.459283796799923261e-01 -2.644941302161655239e-01 -2.553504935135932019e+00
-8.619527011198469424e+00 -2.940309880306486434e+00 -3.512222047654272927e+00 4.230201789146488700e+00 7.279261537433341367e+00 4.086685451180254169e+00 4.386341575554384420e+00 -5.192214387799369391e+00 -6.978485999861770317e+00 -1.655768603704339537e+00 -2.724449569071921040e+00 -1.626806964511140263e+00 -4.638014128452820017e+00 -3.474038737100293428e+00 1.292635575816928339e-01 6.879982673707842444e+00 -1.094789061176001077e+01 -8.442865792012371529e+00 -1.281881378464274768e+01 6.663233420559310893e+00 4.075635378779873363e+00 -2.791488204946137031e-01 3.821336791745290284e+00 4.787046028086458627e+00 -6.691593079535074651e+00 -2.424774400384286377e+00 8.691798710656792437e+00 3.987217924183321660e+00 -4.939500604742377843e-01 -1.074167866764270451e+00 3.429490930174502239e+00 -5.314264038444649341e-01 -3.491775096941705403e+00 1.094356270941306519e+01 -5.261071889905009069e-01 1.174152489778688846e+01 -3.951211303526271479e+00 -1.283158315592019205e+00 1.154353283681544262e+01 -6.832813056221853643e+00 -7.297231372335442501e+00 8.259711624237899841e+00 -3.868055436580151163e+00 3.612830054238453492e+00 1.381111228506416211e+00 -7.901756777113719821e+00 4.872097553073925447e+00 -2.784004887844250486e+00 3.195464894993763849e+00 6.130441883350057353e-01 -9.187121838043470490e+00 -1.690385153966221310e+01 3.040489063693073923e+00 -7.560196464898816249e-01 4.621798663345049185e+00 -6.089667233426376391e+00 -1.367280703085265392e+00 -5.002175536430576663e+00 -6.846498800668370244e+00 1.115837285013576263e+01 -5.517744719894837502e+00 1.186285794660546511e+00 4.002530947210303225e+00 -2.969543692809405666e+00 7.932634040746915360e+00 -6.541813358979302606e-01 1.438037001942451987e+01 7.095113168993743002e-01 -4.391872580546867688e+00 3.703622122322870691e+00 -4.856491994579852367e+00 1.087223698467580846e+01 7.432014040028654733e+00 -9.628245601948872689e+00 -1.413929069436248742e+00 5.254265672844423918e+00 7.510388965627466717e+00 2.539652591004830651e+00 1.617367887011390781e+00 -5.785476247514520054e+00 -4.528722883095790408e+00 -4.498338962051183110e+00 8.501669246701062832e+00 -8.417627677681429610e-01 -5.804984477422991951e+00 -4.512560068419625703e-02 1.116668736818790464e+01 -1.302901279177543081e+01 9.450335374494747143e+00 -5.449327062654561793e+00 1.584489418574200670e+00 1.225609781168015278e-01 -2.743878982497612196e+00 6.608201318989674611e-02 -1.178238384052618315e+01 -7.911852210982314837e+00 -7.280128248595937102e+00 3.797645818483429192e+00 2.648491940963059399e+00 -8.035301720152149940e+00
-3.367529904665254592e-01 7.382528637042726043e-03 -6.486379378211465374e-01 5.202872085514445022e-01 -2.960196009494968084e-01 5.104660046335364465e-02 -5.693527656274884885e-01 1.948248576450729852e-01 5.703236844760067870e-01 -1.224389293244402405e-01 6.571409194890290850e-01 -3.064395833291216897e-01 2.760368545623363978e-01 3.175963256817800062e-02 1.603427242506397232e-01 4.721051794904235765e-01 4.661237730143088509e-01 2.529780091891928873e-01 8.682688940671130506e-01 4.403463531457914304e-02 -3.464235776546475964e-01 -6.021174896243311481e-02 -1.684229723181196459e-01 4.155762132849096652e-02 5.110155459228812314e-01 -8.783166668469856442e-02 -6.099819706482507709e-01 1.030397867304230497e-01 -2.545072767009695092e-01 -3.957693015056679697e-01 -1.088609613399461711e-02 -1.470824465507434842e-01 9.127598412108692272e-02 6.001945499886692792e-01 -1.301986446971513667e-01 -1.466059730352589630e-01 -8.259895174509122029e-01 -2.764580092680328227e-01 -3.989541446064608921e-01 7.886403242129359503e-01 1.939653649380602696e-01 -1.221845033864892516e+00 3.392285076717279635e-01 -4.322232829825226746e-02 -2.187540605018337969e-01 -2.787471104464487870e-01 1.153887969174085981e+00 -3.054390373077204845e-01 4.448315647205284273e-01 -6.876170185587107131e-01 2.015573653702820711e-01 -5.620303135175738207e-01 -3.157077581632780072e-01 1.735096913198157231e-01 1.091643047524465837e+00 -4.858833947548643617e-02 -9.081846602968704496e-02 -7.905779008815352893e-03 -7.736342719180605565e-01 5.577053037917817369e-01 -4.772300287421014919e-02 5.208287337382214721e-01 6.191590736128279593e-01 -1.730499276064521585e-01 -5.008327607770356460e-01 5.310123223517101421e-01 5.133519054054110770e-02 3.265707306768665941e-01 6.058096714438232500e-01 -3.781179345071151304e-02 -1.041050376194161409e+00 1.125774875306278094e-01 2.458301260789733655e-01 5.619673436837751002e-01 7.228481624773486214e-02 7.473162504171705356e-01 8.778596333516615335e-02 1.879422111263299444e-01 3.392917589119237021e-01 -3.063585190766333621e-01 -4.654422733729988160e-01 -4.791934364106061744e-02 1.222213638687693615e+00 4.600303974167351817e-01 -4.564342448299849031e-02 2.960898087108528309e-01 5.005444329409879795e-02 -8.877736293995237837e-02 6.150453361021057663e-01 2.587446209555322452e-01 2.012839494552553510e-01 6.462719445481348579e-01 5.480281152951986812e-01 -9.616592904705598688e-01 -2.490714287305309249e-01 8.081975134202303845e-01 -3.448063254216224838e-01 7.332802897183898772e-01 -9.547031335697817034e-02 -3.869945259876204635e-01
-3.623599382637269217e-01 -5.794303199431067447e-02 -6.893447914766532847e-01 5.063182525837327530e-01 -3.089956384925081068e-01 -3.869962751077946767e-02 -5.356799421295841412e-01 1.821116880302117158e-01 4.230487530429337117e-01 -2.143851198049722406e-01 6.994128980732927658e-01 -3.449789605341939680e-01 1.975077253582927239e-01 1.115337428638227824e-01 1.271188101751842270e-01 5.386790624441518682e-01 3.749349182723521468e-01 2.263450066737701383e-01 8.359997883827798848e-01 5.653272524698212814e-02 -4.199994441285460622e-01 -6.405139452546690371e-02 -1.179136653746271635e-01 -1.104909001076930103e-01 4.785310238503388547e-01 -7.124672782814622796e-02 -5.365505262197521885e-01 2.035125068894964029e-01 -3.339411268910345010e-01 -3.895596575800153727e-01 -1.259319024049079250e-01 -1.302250926067944903e-01 1.528636940456686300e-01 6.590055721755687657e-01 -1.058090458696591268e-01 -1.241851233228341705e-01 -9.044544233361503371e-01 -2.643177965090918735e-01 -4.019799904232144172e-01 7.702278904698968143e-01 2.076750337199469998e-01 -1.256930393370904842e+00 3.521804114590498247e-01 -1.031059388620724215e-01 -2.189002091905171143e-01 -2.872536079728354452e-01 1.145557692969959573e+00 -3.900327020108187437e-01 5.626647858645558165e-01 -7.123159135075124437e-01 1.197950560884727955e-01 -6.097415035174186260e-01 -3.657642805609795378e-01 2.928227083805043929e-01 1.192820103406186050e+00 -1.230569091842147883e-01 -1.428344353598293148e-01 -9.575364022782434370e-02 -8.045844414639675701e-01 5.398359218145420968e-01 -1.152989460847928943e-01 5.536315840181272874e-01 5.781373903846017681e-01 -1.248710592370571720e-01 -6.332165741901777389e-01 5.256017921790817615e-01 8.016097253987637672e-02 3.269622152271534077e-01 5.940615041955988884e-01 -1.260224959317473026e-01 -1.095050770455225475e+00 5.883747045886200677e-02 2.029626326543520765e-01 4.740944659523412263e-01 1.977836856657958831e-04 7.024426254823080695e-01 -2.175287392281547577e-02 2.312717441360085946e-01 4.347493937308212764e-01 -2.897096494397051192e-01 -3.704232011341833108e-01 -6.983396625930786417e-02 1.260172262140211163e+00 4.961266487372136824e-01 -9.663025227844272702e-02 3.539229070515322872e-01 7.983921329802039224e-02 -1.215837812995646944e-01 7.133494567431557520e-01 2.884231315869989487e-01 2.349221731029284277e-01 6.413929146963758265e-01 4.887279150297287322e-01 -1.045580088543486719e+00 -2.526588010573401766e-01 8.412072130247137958e-01 -4.130965869450827221e-01 7.555290043312309356e-01 -1.615015190576957749e-01 -4.518731960666388381e-01
-3.460972343798829343e-01 -3.513489110073882843e-02 -6.574851403022762275e-01 5.059189894654356756e-01 -3.044754951569785817e-01 -8.766361084772387319e-03 -5.606034763071358062e-01 1.926816761853140658e-01 5.149987432374836249e-01 -1.937355913252615247e-01 6.787766601246156828e-01 -3.227932702950011556e-01 2.419294202628566037e-01 8.621065078296222262e-02 1.414006637373136643e-01 5.217087751980221677e-01 3.853499067688000990e-01 2.652401736584729663e-01 8.273283787223831842e-01 4.753875957865925928e-02 -3.750552448857352728e-01 -5.472826229355765015e-02 -1.485421536186193880e-01 -1.623282764018128821e-02 4.886448072149272570e-01 -4.618027145941953210e-02 -5.437933063540644207e-01 1.639555127554094549e-01 -3.030427893150747232e-01 -3.683905053941286534e-01 -6.650932144381503652e-02 -1.349230913878210480e-01 1.217797745215097038e-01 6.306014862521924780e-01 -1.451241533434826370e-01 -1.025726858848912681e-01 -8.605926527356327904e-01 -2.679582121520843185e-01 -4.056766031636900860e-01 7.700683471100018274e-01 1.882616470348303928e-01 -1.216619058859418789e+00 3.783040645462429352e-01 -6.389465384647685653e-02 -2.119308630666358884e-01 -2.926658247654910228e-01 1.162555686686032708e+00 -3.391475365365191896e-01 5.117380982817699708e-01 -7.134519005672944614e-01 1.294825101393687616e-01 -6.201235548163817057e-01 -3.338808585803272333e-01 2.227877421685918458e-01 1.158142401520306120e+00 -9.737727734895075538e-02 -1.379959400178551732e-01 -3.985414784001533456e-02 -7.941051821155524770e-01 5.579318582543484339e-01 -1.145465006611521425e-01 5.440305483099190376e-01 6.000470010915135433e-01 -1.342841778848125334e-01 -5.643838786665522633e-01 5.450807114375403328e-01 9.110812333293832888e-02 3.390353005151320875e-01 5.782725011168067253e-01 -9.199823641183177414e-02 -1.068927189633021024e+00 1.141641009796707656e-01 2.302829157918964975e-01 5.008887913741058018e-01 5.196696970975064889e-02 7.216706496922069558e-01 2.485852838785784433e-02 1.769149846553039196e-01 3.710327558569822548e-01 -2.964040911973104264e-01 -3.928487145643501099e-01 -6.275359074128503134e-02 1.286642171713686222e+00 5.174586030168423223e-01 -6.274699349374769641e-02 3.194774563053485728e-01 8.968546777205188558e-02 -1.356994171461992915e-01 6.593615329712063655e-01 2.758715884260720674e-01 1.971781412984119075e-01 6.652911874955470539e-01 5.121187189329331479e-01 -9.894059803838426426e-01 -2.461161295529616655e-01 8.199272672861701583e-01 -3.774701798995979685e-01 7.211213448537353576e-01 -1.431853950083702143e-01 -4.225617783286518825e-01
-1.318109237750589280e+01 -7.697763421144817819e+00 5.659095293111660929e+00 -3.429771520041553057e+00 1.920225513432785291e+01 3.466089157930943188e+00 5.686907651036615441e+00 -2.633994941152936065e+01 -1.415347217775971522e+01 5.644074143974067148e-01 9.966615685850747752e+00 -1.687786787928942767e+00 -2.766315047322068921e+01 -2.384765934002449350e-01 -3.985555984652297212e+00 2.107938379216439273e+01 -2.774304809349990464e+01 -2.500992615293773724e+01 -2.135334649017482533e+01 1.634575491538267045e+01 1.018974322115625952e+01 1.065536930107784030e+01 4.476251035644710718e+00 5.633428794259538464e+00 -2.718859964285781317e+01 -6.108613277435610556e+00 2.451005319431942198e+01 1.131201109930685567e+00 2.200867174572335383e+00 -1.444751840291304390e+01 7.774283919679469967e+00 -8.916161767773475688e+00 -1.013540492911132596e+01 3.553948106680245900e+01 -1.106063625132134653e+01 2.121937623403944073e+01 -2.714983417695032930e+00 -4.968348186152700130e+00 2.977485382171953887e+01 -2.388128929145437240e+01 -4.612054931110950662e+00 2.322509600312020339e+01 -4.397029201903353446e+00 1.703475132994855556e+01 5.193572913112514122e+00 -1.828432779845245548e+01 -2.677586657775649748e+00 -1.159469988054782519e+01 2.307643880536278758e+01 -4.229989092944725471e+00 -2.256932114309778470e+01 -2.510990296108442976e+01 5.644700853520481232e+00 -1.585151278698875821e+01 1.466828441634061697e+01 -2.354910814691260867e+01 -1.177065812671636458e+01 -4.603050682458377452e+00 -1.654345403202697184e+01 1.591525331990665393e+01 -5.431261796474779580e+00 5.441925817915080010e+00 -3.636056069636368626e+00 -1.266270881770643975e+01 2.250161535959254167e+01 2.497485616870584568e+00 2.866326405447909309e+01 -7.648004218759252737e+00 -1.141601414802373249e+01 1.700785849362691948e+01 -1.692743003359996834e+01 2.020639721339573924e+01 1.790201407868000416e+01 -1.428886474375597082e+01 -1.858955792063617940e+00 6.911758438619230560e+00 1.950894839792338686e+01 8.299723234943122918e+00 1.434795147757562184e+01 -3.036799681233562609e+01 -6.359848210304424931e+00 -8.553536107697700785e+00 7.591114008118054812e+00 -1.221852472116887434e+01 -2.528829643376948511e+01 1.088104836480838244e+01 2.694109232190053049e+01 -3.033554059615899234e+01 7.209533979118730507e+00 -1.233296730189790935e+01 2.749295719635644453e+00 4.557540662502961304e+00 -6.094883408054823981e+00 3.677514302122596224e+00 -3.205334745917387096e+01 -7.510513417549661952e+00 -1.803767022272061382e+01 1.269250827517466362e+01 1.701519019869436633e+01 -1.521785223047633195e+01
-3.273431662853130697e-01 -1.449658928050196194e-01 -7.691992094410905478e-01 4.656134954449680508e-01 -4.187455517615487621e-01 -2.264128635834742609e-01 -5.396219281658819478e-01 1.734085822562110857e-01 2.172771916266221237e-01 -3.659561935267192090e-01 8.852516640755984101e-01 -4.393039865439641312e-01 7.977657556466703770e-02 3.177983157549529869e-01 7.620346198374433611e-02 6.569378760267617912e-01 3.182027505369988130e-01 2.242144243178953444e-01 9.046100441650939405e-01 2.233487916911861687e-02 -6.129818141592698888e-01 -5.523215234475477992e-02 -6.968130910358144581e-02 -4.340280873127118633e-01 4.586820379799345648e-01 -2.371727659308167993e-02 -4.897895987125251427e-01 3.370697416666584845e-01 -4.771561307359851734e-01 -4.101708110640599481e-01 -4.055269805502201286e-01 -1.222188815115638066e-01 2.801513116237999146e-01 7.297904141596219807e-01 -9.821377021245561445e-02 -1.816303284016409503e-01 -1.044655685898143060e+00 -2.788234960235312365e-01 -4.810359859085430734e-01 8.245283445050490823e-01 3.152157950636650385e-01 -1.442463199969707288e+00 3.982869949874155435e-01 -2.235421686561130661e-01 -2.473805791366102125e-01 -2.442007217580427214e-01 1.148480035435382129e+00 -5.486229081823068565e-01 8.071857479171884453e-01 -7.971747047409103448e-01 7.202910767743467280e-02 -5.724462862640952165e-01 -4.787777485328967852e-01 5.215922992054199403e-01 1.403946316284484963e+00 -2.214806520126761380e-01 -2.287923066840274744e-01 -2.254493205515828991e-01 -8.836918389834336196e-01 4.398100899403035724e-01 -2.168871894214949303e-01 6.583424472990148102e-01 5.003742685761435327e-01 -4.363908667396996371e-02 -9.524271569544925375e-01 5.315757487255297065e-01 3.559386908750120093e-02 2.907303592762262578e-01 6.254794006549141416e-01 -3.353457574326706436e-01 -1.197697166544015479e+00 -9.265005316552621384e-02 5.669122058053313595e-02 4.214349680521104480e-01 -1.040950393796245266e-01 6.179239691032210047e-01 -2.666976432879567538e-01 3.279823043706270314e-01 6.197075064568708935e-01 -2.648308992627591008e-01 -1.828907238597957674e-01 -5.416869304548652814e-02 1.352362306608321907e+00 5.670891600274273747e-01 -1.653247143523268736e-01 4.446214010770746516e-01 6.556802512404698302e-02 -8.381593788326871519e-02 8.591424324054411921e-01 3.672093787860069569e-01 2.860644082871001137e-01 6.851778668325342325e-01 4.175285127442727728e-01 -1.254737564962573826e+00 -2.118182873650375497e-01 9.988046093548597071e-01 -4.952791933221671328e-01 8.292412260011341463e-01 -2.809700215764466269e-01 -5.364173273320717028e-01
-1.333460406413330901e+01 -7.768565445257815227e+00 8.171935165856963224e+00 -5.708011240635553207e+00 2.064257544664773647e+01 3.153978295421334010e+00 5.221059181696712237e+00 -2.809897864712456794e+01 -1.316915260368684315e+01 9.970634996118387106e-01 1.185977982989781587e+01 -2.124853522621247937e+00 -3.022760138418058773e+01 -6.802371915856312290e-01 -4.902045084837862277e+00 2.389737923857023461e+01 -2.986858693838536283e+01 -2.685595563447958156e+01 -1.998057902297135868e+01 1.712745127988038973e+01 1.138428629125134606e+01 1.208924616822433684e+01 5.498879176402172497e+00 5.514361594363633046e+00 -2.903477026586066145e+01 -6.195833061897046079e+00 2.622361269326259503e+01 1.620023863508021522e+00 2.759074054047151225e+00 -1.510687046570255987e+01 8.516142360367922493e+00 -1.004176605411345946e+01 -1.045071617814655163e+01 3.810862583154001726e+01 -1.274582302223273977e+01 2.313338507703572589e+01 -2.099868762967157743e+00 -4.358014883892240121e+00 3.113273852002139108e+01 -2.525391247409121931e+01 -4.629408410112172412e+00 2.358377566266568692e+01 -3.884274223386029234e+00 1.916024244550648348e+01 5.416809091168888202e+00 -1.817321075658535179e+01 -4.031217132316652574e+00 -1.313677713791862089e+01 2.624468559069677909e+01 -4.954667517823262202e+00 -2.422672826231761078e+01 -2.466407604975606560e+01 5.328533076529140544e+00 -1.851884894866720899e+01 1.563980347025984408e+01 -2.577058628717452748e+01 -1.273812763693141470e+01 -4.254954193322414646e+00 -1.601633184117724085e+01 1.445299183761865081e+01 -4.520415314228908521e+00 4.437309904463073273e+00 -5.825765133831500187e+00 -1.310277385876005063e+01 2.317991980184626044e+01 3.534399214555568935e+00 2.953803017626316318e+01 -7.178125378389111688e+00 -1.204372684143242545e+01 1.929482487123989998e+01 -1.962555297776985341e+01 1.971096278655277700e+01 1.870602895302467417e+01 -1.381660511752622611e+01 -1.589683625591127081e+00 6.634972469394855743e+00 1.996162271180148551e+01 7.915312512900921860e+00 1.700428317727896044e+01 -3.321280705345646567e+01 -6.271433840766369450e+00 -7.627726426091209433e+00 5.694988444006384931e+00 -1.358300460902621509e+01 -2.792961928557335227e+01 1.405110819541503098e+01 2.790310309920578646e+01 -3.168690301099222850e+01 5.809909070718897617e+00 -1.223747320691237839e+01 4.397366459374075554e+00 5.786829778919218015e+00 -6.695668830885098899e+00 4.181749780334295785e+00 -3.331378473165212739e+01 -6.556167038177288298e+00 -1.900051618104776097e+01 1.306529520902003227e+01 1.860111075487803589e+01 -1.501117744394458065e+01
-3.885489248149627817e-01 -3.074166084339129135e-02 -7.160612228244277455e-01 5.551696443996491093e-01 -2.997204248048360720e-01 1.738289271954832202e-03 -5.382032074741862626e-01 1.800841313352490036e-01 4.732145964004539351e-01 -1.653120440433787919e-01 6.896288770295203596e-01 -3.230292810398237013e-01 2.476174803367208188e-01 5.273979513082210219e-02 1.674546350489649060e-01 5.310050758056997777e-01 4.328002146171178177e-01 1.954054963875983264e-01 8.712448866264023151e-01 7.282563498903360522e-02 -3.923439405586231499e-01 -7.596168417653595406e-02 -1.076057900674654566e-01 -3.594192135499376523e-02 5.045672189328049839e-01 -1.251933181802585004e-01 -5.767008618324358515e-01 1.766290053178968533e-01 -2.944698249829120762e-01 -4.007114589560587525e-01 -7.489133409673794095e-02 -1.604925209569260935e-01 1.226453554470270380e-01 6.746451049149169155e-01 -8.781640423093679815e-02 -1.232153816427472293e-01 -9.064963855905781021e-01 -2.951118840359231443e-01 -3.787847473324850722e-01 7.909360119477664153e-01 1.988673699130228401e-01 -1.301339003769803826e+00 3.188150007069386893e-01 -1.044538312966655919e-01 -2.479417202963812017e-01 -3.057717049408245624e-01 1.198016886121782587e+00 -4.078546494498761499e-01 5.300361019735198020e-01 -7.234670073061053586e-01 1.586123847579219703e-01 -6.255903617697425867e-01 -3.151446897490444710e-01 2.532821654677219203e-01 1.174531259855632781e+00 -1.004950110832636551e-01 -1.079598700360972635e-01 -8.600508729632172500e-02 -8.343083645890840838e-01 5.779805956871030270e-01 -8.144678309310517117e-02 5.393755653777573267e-01 6.495701377697736811e-01 -1.402641435451540963e-01 -6.001911573863965010e-01 5.186257150846578234e-01 8.114708786332834600e-02 3.363971727774597298e-01 6.260930042238495030e-01 -7.903000489533670847e-02 -1.126463943550305657e+00 1.161796151770896901e-01 2.285177536459546133e-01 4.949381622874028386e-01 1.141472342023109633e-02 7.766836384883829547e-01 3.906288029335291262e-02 2.547100103005384142e-01 4.079758542961589574e-01 -3.118159480841632969e-01 -4.607024964568277592e-01 -3.872325333538704367e-02 1.251825725380837362e+00 4.595432721779571517e-01 -6.597377925203995463e-02 3.727803308321148146e-01 6.193684311240525708e-02 -1.009025406815413917e-01 7.284403628355556881e-01 2.582751935465423254e-01 2.615966440061863185e-01 6.330954498799158392e-01 5.398685964928885417e-01 -1.056071616091792009e+00 -2.720800209072135600e-01 8.291638743010242285e-01 -3.767049762406421420e-01 7.939836990934918681e-01 -1.251026561981599394e-01 -4.544673805596151639e-01
-3.130231321207505024e-01 5.049401093064204149e-04 -6.379653025248066545e-01 4.869779223896963383e-01 -3.162871040961336977e-01 3.560323596713559774e-02 -5.621078420126914832e-01 1.920966652311045242e-01 5.086671026200099144e-01 -1.231164588897701723e-01 6.672755214015733127e-01 -3.249428232119812576e-01 2.286186642880465303e-01 6.750444097155176848e-02 1.310858592481134732e-01 4.556184443039292820e-01 4.781599351094280581e-01 2.551394260437342409e-01 8.815589381606558916e-01 2.842186489600840096e-02 -3.866404949298270499e-01 -5.739311964509489356e-02 -1.767235527950453411e-01 -4.171819327298995767e-02 5.085437352610899797e-01 -8.515212535452479359e-02 -6.264598208397015311e-01 1.085971346952303157e-01 -2.780563240079270138e-01 -4.186636082748321219e-01 -5.884405732624988644e-02 -1.221425127021616430e-01 1.267038569297155026e-01 5.789188271491216842e-01 -1.124933781108933828e-01 -2.039174724547299089e-01 -8.255136897373148708e-01 -2.521869532860392393e-01 -4.160546958243201421e-01 7.854142665741193907e-01 2.129186259982950580e-01 -1.215535938193795573e+00 3.228830776848652384e-01 -4.729753566859184327e-02 -2.074876397328936917e-01 -2.523187590336187780e-01 1.090173800256755365e+00 -2.974411698216075650e-01 4.614614367095731806e-01 -6.636843094681877941e-01 2.214617155848733476e-01 -4.861551875736020434e-01 -3.619613065765159843e-01 2.212773338532969813e-01 1.086686253999110896e+00 -5.008062028718712755e-02 -9.394778134750265963e-02 -2.317298926104243220e-02 -7.356509719319379581e-01 5.083913469614232961e-01 -2.902117826522816399e-02 5.209293883126567826e-01 5.595192904392104483e-01 -1.777939010724399749e-01 -5.345370910294884315e-01 5.166984595515502487e-01 4.243505590447972479e-03 2.983317855624682546e-01 6.184497711432264122e-01 -6.248771469541723050e-02 -1.009401908803840175e+00 2.573751651838383434e-02 2.098150249134554390e-01 5.752819296820854689e-01 4.664757325694448425e-02 6.966617459880428687e-01 4.599645653374789811e-02 2.076606978831376238e-01 3.799952055250184757e-01 -2.916097627762985200e-01 -4.174998998692026064e-01 -6.407703517003328353e-02 1.174269009273182229e+00 4.335914414465082967e-01 -7.745273278229307390e-02 2.857835055866124740e-01 1.456371428710121277e-02 -5.076427249878799619e-02 5.984660441592619673e-01 2.837976281084619856e-01 2.046774943522779999e-01 6.313496130722587862e-01 5.193632569982193914e-01 -9.715439052578597190e-01 -2.354574603894731000e-01 8.368543358163246237e-01 -3.684503871009954246e-01 7.194307304189175856e-01 -1.121892897443829556e-01 -3.734753902319297159e-01
