-1.165321307261095463e+01 -1.035103473512610783e+01 9.358061181412068663e+00 -1.051511186800516384e+01 2.469971008806362534e+01 3.444464000536853199e+00 4.219137597150067087e+00 -3.097091923539446157e+01 -1.077678498935718565e+01 2.492817326799592781e+00 1.507304340738063075e+01 -4.725398988226863217e+00 -3.502514322493338028e+01 -2.140762066574339872e+00 -5.306090640074101472e+00 2.894343564425180659e+01 -3.502200023131644713e+01 -2.991600941221125964e+01 -1.717719698193867828e+01 1.961005103654849790e+01 9.993761685472929202e+00 1.568727130089136956e+01 9.747285314733332484e+00 7.189593886355842400e+00 -3.001885587363203456e+01 -7.241998839661893506e+00 2.978664055245040387e+01 6.700150954526463698e-01 3.591048787015335808e+00 -1.305678953606681425e+01 9.156858909614856046e+00 -1.543313206119534620e+01 -8.180891129697970499e+00 4.115964248695074446e+01 -1.509628704506907759e+01 2.552716872747349086e+01 1.279348075317634281e+00 -1.622779448439112038e+00 3.357239994475908418e+01 -2.878869136178902366e+01 -5.786174284248972732e+00 2.362070428736847560e+01 -2.110625575783788843e+00 2.362744176915050787e+01 6.243734689163182416e+00 -1.971149898455954030e+01 -4.021580127855853171e+00 -1.550814468755223530e+01 3.063897035065942376e+01 -2.546734080508367803e+00 -2.823110956734001675e+01 -2.562926679254200124e+01 1.194805969280044344e+00 -2.551308739413512328e+01 1.984136398783931554e+01 -2.486906907331029615e+01 -1.083131623331429161e+01 -3.257956180444177008e+00 -1.063396469357614649e+01 1.417071617010383555e+01 -2.573104116182936441e+00 1.428584036791613832e+00 -5.252471698914107812e+00 -1.333195785860626970e+01 2.257550232115764999e+01 6.491884004473641667e+00 3.097043746735215208e+01 -6.763848458602246261e+00 -1.137839225609991800e+01 1.917505005273254426e+01 -2.180918301454730113e+01 1.815250013213580615e+01 1.997067792973464861e+01 -1.425258282012785571e+01 -1.005214904817161470e+00 8.425747574800899642e+00 1.970568965700933362e+01 6.980638543438483445e+00 2.304646281157402044e+01 -3.880490732472232907e+01 -4.000523937241498018e+00 -6.606766278791917024e+00 4.964299936791852774e-01 -1.798033935315246978e+01 -3.601518635376100264e+01 2.184054259915320984e+01 2.982615045008632393e+01 -3.658820317417875856e+01 6.788908296824798683e+00 -1.326475463272782207e+01 9.566054752471034206e+00 8.078518996865843960e+00 -8.362995562841382124e+00 4.799112196895245042e+00 -3.560763956986970413e+01 -3.626861329643666476e+00 -2.738741271489351448e+01 1.374545752881948424e+01 2.195081012835222012e+01 -1.153640910213875159e+01
-1.237164986757675855e+01 -1.220628998715245217e+01 5.831204081158737118e+00 -6.629849993459989044e+00 1.955570358419472399e+01 -3.001629243807160119e+00 1.270642333437668725e+01 -2.730893187014013535e+01 -1.733397833348447747e+01 1.649960649369975815e-02 1.500283415699922784e+01 2.152552845195537579e+00 -3.246306916008165189e+01 3.648384831175798926e+00 -4.892138447941034585e+00 1.543799716517284182e+01 -2.212648142031725840e+01 -2.468710875840380226e+01 -2.750649582000434279e+01 1.903037185246753182e+01 1.216112339841037837e+01 1.060808452331695584e+01 -3.302952960377008917e+00 6.247413183830853534e+00 -2.605022461896346186e+01 -1.043198022863039576e+01 2.893872753242137819e+01 -3.179563134416471648e+00 4.108501800085258893e+00 -1.927158248622150083e+01 7.222892763046750986e+00 -1.268771638919466760e+01 -8.034777306666891050e+00 4.221908924203457047e+01 -4.891872512209062940e+00 9.778824284251594889e+00 -8.301273034607985934e+00 -6.712499231165673486e+00 2.466164868769135410e+01 -2.728061150110028521e+01 -4.681252492402222742e+00 2.891134134852074666e+01 -6.583112768215677590e+00 1.427214384074964038e+01 5.088296911283145540e+00 -1.850548099088495135e+01 -7.862897767396549220e+00 -1.555256730012032307e+01 2.438700034118132010e+01 -1.082480084823848010e+01 -2.192946823941631962e+01 -2.784677933888328738e+01 1.019855906945105062e+01 -1.094968100472101646e+01 1.251299122944874931e+01 -3.243459186344144740e+01 -1.571098280057682217e+01 -7.344506087059798460e+00 -1.681566924066975588e+01 2.090127671902706652e+01 -8.650102233594569867e+00 2.119487387657951860e+00 2.863036712663208139e+00 -1.338010242057594645e+01 2.701058447397413431e+01 4.460782670444431552e+00 3.229773572631403766e+01 -1.765027553688478790e+01 -1.191782290103384945e+01 1.405429281537660025e+01 -1.950921597221843129e+01 2.258327209055111595e+01 2.912420043538475056e+01 -1.944597058066102946e+01 -3.414029583250213662e+00 6.595367235940412520e+00 2.210546403394994996e+01 1.059448125224783332e+01 6.476535687301813837e+00 -3.304786427375320557e+01 -8.400178865073991474e+00 -4.575011953372348117e+00 8.767880031043572941e+00 -1.051241898827491106e+01 -2.511120667008079010e+01 8.169205914376226119e+00 3.713937379923010695e+01 -3.102291815645904194e+01 1.713712787175693419e+00 -1.225225811083289962e+01 7.630990920132191269e-01 5.112704602238588691e+00 -8.503243479114949821e+00 -9.796420668655978492e-01 -3.921193685620676916e+01 -5.732655320327447512e+00 -1.436026279540228678e+01 1.346080537029382285e+01 1.622287718134161238e+01 -2.523676188970571488e+01
-1.230518312958389693e+01 -9.876317398387467250e+00 9.221510980757010145e+00 -1.036186108277296114e+01 2.079274270960893034e+01 5.312852467806262746e-01 6.004168615705953727e+00 -3.008113426163589921e+01 -1.521870942879670174e+01 -1.786484850965163185e+00 1.670733839771772011e+01 9.422568872062721257e-02 -3.153815939150507575e+01 -3.231288259537279828e+00 -4.380539331329302399e+00 2.518308253181010059e+01 -3.142395819627585851e+01 -3.306056213415104850e+01 -1.752777925602593712e+01 1.997683379882071719e+01 1.376619606565530773e+01 1.074799120822813059e+01 3.911503198535802639e+00 5.674005174804320539e+00 -2.818707744118165337e+01 -2.347971684549222893e+00 2.096387847039108721e+01 2.081500803505097696e+00 1.399187382294493798e+00 -2.060274001882881123e+01 1.287096217143225907e+01 -1.259531629019674703e+01 -1.418279564453243502e+01 4.322011562967359311e+01 -1.055383073956014961e+01 2.519645086844840165e+01 -5.119095196920190993e+00 -8.182227419895177434e+00 3.876835164032957692e+01 -2.789830222348787103e+01 -4.262169037739842459e+00 2.692625653731544588e+01 -7.544483261459037138e+00 2.298511281142784313e+01 3.462324090621751616e+00 -1.470792925469586621e+01 -7.950121327031118845e+00 -1.557162038464277387e+01 3.779273152767643040e+01 -8.184937341711647107e+00 -2.009430594876756260e+01 -2.478395440436501929e+01 3.620808446913425627e+00 -2.104773811190802846e+01 1.662536646027261256e+01 -3.229965533282544499e+01 -1.847908716532860396e+01 -1.249821939997604270e+00 -2.569561408428592131e+01 1.729613465076232259e+01 -6.132544196634804656e+00 9.324616621257110438e+00 -1.071724403420376959e+01 -1.603888924853960063e+01 2.110377716817476923e+01 4.777120071746266738e+00 3.009274629956897584e+01 -4.675018848729353138e+00 -1.553412088460434504e+01 2.367696878222260537e+01 -2.282101267631238173e+01 2.047280007608188157e+01 1.845408772815124721e+01 -1.221678452710714069e+01 -5.088089585386684099e+00 3.167402209895807452e+00 2.288821721775486395e+01 6.794894566500432553e+00 2.112669709702699805e+01 -3.434757874745758244e+01 -9.325258099581507309e+00 -8.161518531945397115e+00 -5.511677208122447436e-01 -1.683842857701199947e+01 -3.045880792900260658e+01 1.694220901297773452e+01 2.743518484056730600e+01 -3.102205552523819421e+01 6.912614957057820142e+00 -1.077689659178662751e+01 6.888818243526176666e+00 1.018729914530067937e+01 -1.052656327615614984e+01 7.176679982349454257e+00 -2.751826135320702704e+01 -4.692469652154155568e+00 -2.117996590234951526e+01 1.649165107683099407e+01 1.733675416352296494e+01 -2.098065195459414412e+01
-1.310042320457780285e+01 -9.288967206961080691e+00 1.072803393942876582e+01 -9.550148066024444660e+00 2.302390958453109349e+01 2.618742597578624931e+00 5.178237586578894991e+00 -3.205641555136320164e+01 -1.243027388533729649e+01 1.426348714437577492e+00 1.670333508861418892e+01 -2.930340407621238707e+00 -3.347718030930679589e+01 -2.631735994712988802e+00 -5.515827084867573227e+00 3.218453499718292221e+01 -3.476293781965404861e+01 -3.139902503075709106e+01 -1.541400269877538243e+01 1.831872661222136500e+01 1.096177608154384231e+01 1.572617754851443372e+01 7.913101801394163637e+00 7.334583313317382114e+00 -3.273630785716346736e+01 -3.973943407086088175e+00 2.875721776295701204e+01 2.022495560003439330e+00 4.563298271969778774e+00 -1.349412909146558803e+01 1.253490979336063127e+01 -1.267417423578854851e+01 -9.710251050761446123e+00 4.334548431515272426e+01 -1.575970459043951699e+01 2.818042758257258384e+01 1.921152528587335873e+00 -3.119071742639134115e+00 3.478471003335634748e+01 -2.722351037686301112e+01 -6.575452714472963756e+00 2.321749162654904808e+01 -3.232967297023747300e+00 2.368398518470230130e+01 5.698135771969583097e+00 -1.630822968076507351e+01 -8.087169721511347831e+00 -1.660262914020478320e+01 3.091596330535222492e+01 -3.890807043048203351e+00 -2.608252019039760938e+01 -2.419452897095344213e+01 1.835708569754591624e+00 -2.471310779936711555e+01 2.043810680122117063e+01 -2.617304373381248084e+01 -1.342878879977480011e+01 -3.080226913386388876e+00 -1.489184158468421515e+01 1.216057544369602894e+01 -1.765204085145277935e+00 2.523903354336465732e+00 -9.103465660438210705e+00 -1.403535967724888067e+01 2.164428324702227258e+01 4.401459979126338240e+00 2.925294702355702015e+01 -5.647981926654259688e+00 -1.288074917860238244e+01 2.386483592959434930e+01 -2.270409820126755918e+01 1.625403280545506846e+01 1.877320128474828564e+01 -1.334807888244301566e+01 -2.055218357133535179e+00 6.272645007327260380e+00 2.004394869156796943e+01 3.564363740409215442e+00 2.461570699691882780e+01 -4.033814734821854131e+01 -4.742139514196098915e+00 -6.035969503199704711e+00 1.329170914097404843e+00 -1.430061290649910077e+01 -3.414850593540208479e+01 2.115036363442137812e+01 2.844335328344342528e+01 -3.267291096561218211e+01 3.647225073018589114e+00 -1.396557875489621736e+01 7.031589164498930344e+00 8.993702271356061928e+00 -6.992567959314588855e+00 6.166442399308553313e+00 -3.296395416079700169e+01 -4.412013631574969175e+00 -2.464622162427112428e+01 1.207260806050114077e+01 2.123208920228796970e+01 -1.365119694748016954e+01
-1.301964301111001987e+01 -9.874429845741603984e+00 9.022499091836246876e+00 -2.327228159087628256e+00 1.825243062224503987e+01 -1.686272689847904571e+00 6.004560489565964332e+00 -2.053715520488171720e+01 -1.274694138153408396e+01 4.582716120556892925e+00 1.035097928077053986e+01 -4.479511682807962636e+00 -2.459725450076980025e+01 2.494718836630863912e+00 8.938140936241520951e-01 1.810825725697575805e+01 -3.552064107544255478e+01 -2.051977740116177173e+01 -2.170578772136854795e+01 1.651175294780366443e+01 1.181620785516627414e+00 9.044948454051860764e+00 1.979523215312304352e+00 1.078680830585975770e+01 -3.146732243498984971e+01 -5.571369529536256415e+00 2.623756312876988517e+01 5.305082315587275943e+00 -2.988813047781772703e+00 -1.592176786780757602e+01 7.327791083584415333e+00 -7.922364736044270828e+00 -1.547534854615203592e+01 3.721733757613210969e+01 -1.229241906033325371e+01 2.576039634334559025e+01 -6.517740326377952087e+00 4.431429182668452427e+00 3.222657215384511886e+01 -2.484357800496426449e+01 -6.102427841138535314e+00 2.692618894728177636e+01 -8.504161166933675853e-01 1.160573619804214474e+01 8.558206130507770126e+00 -1.901706912649892089e+01 -3.033354086134252281e+00 -8.697998146459330115e+00 1.953862400967373958e+01 -1.205199500676014557e+00 -1.587800412778094561e+01 -2.760345091623970148e+01 5.806108110728384730e+00 -1.269121563986431589e+01 1.518708632959086735e+01 -1.502104201945583206e+01 -1.368585900521383358e+01 -7.026806058970743507e+00 -1.091971168747499377e+01 1.925971728592797660e+01 7.537743107764811601e-01 -3.793909069070295903e+00 -3.436265638388519505e+00 -1.613351261943493853e+01 2.311723574928396374e+01 2.719775369556648670e+00 3.034825648268754605e+01 -8.713660565438907213e+00 -4.302288726000862873e+00 1.540612572506053191e+01 -2.129624290014988475e+01 2.288604207123116296e+01 2.413188500655822111e+01 -1.504072104210008298e+01 5.195585044257787777e-01 9.738418286279157954e+00 1.887591862254293673e+01 1.205405825702716527e+01 1.861272000987405661e+01 -2.706669873856989739e+01 -9.594305747901559656e+00 -1.331013659163707175e+01 8.850023947647855493e+00 -1.393800222821534796e+01 -2.826346194710221482e+01 1.154212143648733857e+01 3.454607789936193996e+01 -2.902070725050252875e+01 1.242183782637252243e+01 -1.178814072130936985e+01 4.831265534543562334e-01 9.284910085059882690e+00 -7.474778074418802376e+00 6.451770163276920655e+00 -3.618505470215881559e+01 -8.947948423795857309e+00 -1.371166022694250053e+01 1.352787567115358414e+01 1.983433119909884468e+01 -1.082789884627032428e+01
-1.340679585110206595e+01 -1.002635530523378016e+01 1.087158379708701972e+01 -1.106338000771853558e+01 2.256896750194399814e+01 -6.021877208650927571e-01 1.104731395126152549e+01 -3.178001207057697286e+01 -1.405001073480362450e+01 1.941968564462208002e+00 1.868290106551906504e+01 -1.135315961198150481e+00 -3.776258050296454627e+01 -5.189752936853314624e-01 -7.590017043439420519e+00 3.072448075928559419e+01 -3.238390728849793732e+01 -2.745081759499627339e+01 -1.966211335035708174e+01 1.702966227424950674e+01 1.477198458852779339e+01 1.436077058958750463e+01 3.254225024495515317e+00 6.532055154724231372e+00 -2.977565780748163604e+01 -5.790641834991255621e+00 3.192728840831417614e+01 8.875297313027130652e-01 7.456613359589518097e+00 -1.873022067680697589e+01 1.058304362852193670e+01 -1.380492703630631190e+01 -8.907392284259497472e+00 4.419646599900882933e+01 -1.569137734358747238e+01 2.017893842947633587e+01 -2.291846814096254459e+00 -8.024562688400664001e+00 2.974354101977525389e+01 -2.890379378691375578e+01 -7.597556260879336776e+00 2.311037132904540314e+01 -4.526962118243846867e+00 1.818117773856247155e+01 5.083351569534757530e+00 -1.729681915537541670e+01 -6.969115247005252201e+00 -1.571713642907074338e+01 3.144137494953492862e+01 -4.811525414711500304e+00 -2.765972930202785918e+01 -2.602501405954510361e+01 5.769178448392526803e+00 -2.111347003198114081e+01 1.684334175679773438e+01 -3.339510233970150210e+01 -1.681419060505827900e+01 -2.702804609756048748e+00 -1.438176549329842580e+01 1.309276912819643712e+01 -2.469022046410267901e+00 4.587475479526768041e+00 -6.944195637098364848e+00 -1.437051945140441411e+01 2.269466805453793157e+01 7.238683228015003301e+00 2.864012727079214571e+01 -1.075777325890160085e+01 -1.203163909666582576e+01 2.251417995666461991e+01 -2.281627656493192902e+01 1.868957123795038555e+01 2.426593025729676967e+01 -1.526524798523178816e+01 -3.435601275085973683e+00 5.428249079900417939e+00 2.040218589780093339e+01 1.113167791285417252e+01 1.966039056484111924e+01 -3.957401724765914253e+01 -1.221242652187957356e+00 -8.240370321563281308e+00 1.283548244730859933e+00 -1.305418355673394615e+01 -3.319453872982978027e+01 2.374937803387441804e+01 3.526607916595265380e+01 -3.282524771796661156e+01 3.856067687573058400e+00 -1.273643644927970797e+01 7.935182712496715141e+00 8.124598596659650340e+00 -3.873828234996397502e+00 4.387239297885774825e+00 -3.610219245987451586e+01 -3.053503168481353836e+00 -2.136741721703674557e+01 1.231001452185354061e+01 1.691622606551921493e+01 -2.267404020421378874e+01
-1.056362791567164905e+01 -8.566135291221179671e+00 8.913383166329618135e+00 -1.029655396145112434e+01 2.321714890738742909e+01 9.024770496740397441e-01 9.303227025660143923e+00 -2.942450591860600184e+01 -1.488334320441728309e+01 3.897919326049442912e+00 1.798325476832117431e+01 -1.509837758507886152e+00 -3.056662081186145485e+01 3.705916510586550583e+00 -3.873987915180365338e+00 2.700381557279525779e+01 -3.318261790422832291e+01 -2.799679799963185900e+01 -2.278726101943978932e+01 1.654533485046207986e+01 1.371535869933832252e+01 1.595077326130669348e+01 3.871531267529790821e+00 6.853800991266369991e+00 -3.520251613051943451e+01 -3.969125173942629203e+00 3.297829304850464638e+01 -1.817353291530757087e+00 3.845680543828821740e+00 -1.788784327438952815e+01 9.897222562556013514e+00 -1.217149097140226033e+01 -5.822508891321825253e+00 4.150950830456806528e+01 -1.767758401286842229e+01 2.348791807255467745e+01 1.976060384316310481e-01 -2.338166943881352378e+00 2.858875887442484753e+01 -3.160976038049843950e+01 -4.901540123984427844e+00 2.655702238515405611e+01 -6.381204379281005146e+00 1.678454172058891558e+01 5.705365751947383934e+00 -1.795934974764438508e+01 -6.883393579132835782e+00 -1.523979207081977094e+01 2.886443732410080543e+01 -4.905975219456853331e+00 -2.563784993458162020e+01 -2.423971199857728109e+01 4.748378703774205789e+00 -2.085759601050206058e+01 1.874732967054843158e+01 -3.046729261523351084e+01 -1.802007815802947377e+01 -4.399177957461139599e+00 -1.491133713996113208e+01 1.218901656886887430e+01 5.385275153018481697e-02 3.904453717935032042e+00 -7.342696560018549867e+00 -1.375140412687884428e+01 2.265985708056819092e+01 3.882965440874863727e+00 2.910745095364378088e+01 -1.064688586349939925e+01 -1.096919125395607253e+01 2.259436154501694816e+01 -2.304971078931470174e+01 2.011789509244582774e+01 2.174126370006880293e+01 -1.255572756282800384e+01 -5.134911263980546536e+00 4.474463986017261696e+00 2.094464755817194401e+01 7.438160372924988550e+00 2.012270942598096113e+01 -3.725792483728805138e+01 -6.774627997882942232e+00 -1.068420437192227546e+01 4.151716821662305712e+00 -1.164233343030266354e+01 -3.233124317750914400e+01 2.049079751176255471e+01 3.309118075596897768e+01 -3.316145195667450452e+01 4.116752638679008314e+00 -1.286502799511518980e+01 6.814144104516087985e+00 6.723915119919426253e+00 -5.438423568444370026e+00 4.687040247368246426e+00 -3.688304676088043976e+01 -2.555410477825899473e+00 -1.833693393406450411e+01 1.133069838289918252e+01 2.062493664224881940e+01 -1.860787475368279686e+01
-1.247651639527369660e+01 -7.516937224117691052e+00 2.654455087231907484e+00 -2.044856119271677652e+00 2.095377886445199067e+01 1.305374922805061733e+00 8.520939102979260937e+00 -3.028835367403923939e+01 -1.782638072952554964e+01 7.232541409032235968e-01 1.554301137233716901e+01 2.725336505216161331e+00 -2.903936070423195659e+01 2.570578839718651754e+00 -4.499889410958181735e+00 1.677516709727856181e+01 -2.446058829482670305e+01 -2.235633271350605256e+01 -2.788309154993575945e+01 1.537593813253473307e+01 1.040826737413181746e+01 1.166774899939423982e+01 1.549968450228927486e+00 6.710552412852808679e+00 -2.887685060243741120e+01 -6.128853319811017109e+00 3.065764678235121465e+01 -5.307115478437779643e+00 3.004386532500698870e+00 -1.720594397056751035e+01 5.600888365086616361e+00 -9.572267501699414538e+00 -9.166344232767089650e+00 3.726230894025141538e+01 -1.023053967393037489e+01 1.599809230185716302e+01 -1.998129091681964509e+00 -1.121930971915391062e+01 2.670398369626550661e+01 -2.822712311046164047e+01 -3.247900545833531383e-01 2.799467642241922505e+01 -5.349703380414522869e+00 1.351693601221579932e+01 5.467032738475700704e+00 -2.250841211785611407e+01 -2.914409088512026624e+00 -1.288443550560075934e+01 2.092934287317947195e+01 -5.044904616356659766e+00 -2.390937361903083769e+01 -2.901587099028554562e+01 4.582688869733345882e+00 -1.786759815277624597e+01 1.409664084316904287e+01 -2.583665370222548674e+01 -1.832549545394932622e+01 -6.105006719553466965e+00 -2.081939435459401011e+01 1.759092917330893258e+01 -6.019504393665815911e+00 1.324898851553665935e+01 3.191539974993406581e+00 -1.250289311672380954e+01 2.155052676965949487e+01 3.910981109079986417e+00 2.820272375089414396e+01 -1.297950171301157418e+01 -1.205041870353548994e+01 1.472583938715532348e+01 -1.340632980802286056e+01 2.403791335242117455e+01 2.078060437092958068e+01 -1.622012724442902964e+01 -7.588117837581651592e+00 8.332928323903921353e+00 2.164020840644445798e+01 1.268887766383005733e+01 9.837468079832941470e+00 -3.285098201199313905e+01 -3.777580574609867625e+00 -1.435083534297631758e+01 1.021236191593003895e+01 -8.567310773617784037e+00 -2.482686319355929072e+01 1.092941247302714913e+01 3.116837630790564617e+01 -3.281462020706076999e+01 6.073344571329972297e+00 -1.357490464031686983e+01 1.643487351560287968e-01 2.663350762064664590e+00 -5.158824815473651348e+00 1.801503350805851333e+00 -3.428161066833639126e+01 -4.310184491985506128e+00 -1.853633379863786601e+01 1.426473693290768097e+01 1.686428979981470633e+01 -2.142854180743660919e+01
-1.261861700414008425e+01 -1.036506427587382362e+01 2.316961163955088665e+00 -2.566944072462244542e+00 2.087957306778978150e+01 -2.050090760120315991e+00 9.747164496761135055e+00 -2.839007148250504642e+01 -1.917924227962884132e+01 6.709575747407572344e-01 1.459936610915392130e+01 2.973538245011222880e+00 -2.999531060201267962e+01 3.557072535980281835e-01 -4.899238770556232581e+00 1.576228724916335899e+01 -2.113240544420914802e+01 -2.160375227296032818e+01 -2.666614350844073300e+01 1.548791231527938983e+01 1.011205331451349743e+01 1.005994252969560421e+01 2.145311844693283954e-01 6.772201044291439764e+00 -2.650253731344330177e+01 -9.954482579205196302e+00 3.075645391109601690e+01 -6.000295351734061811e+00 1.974748436992751044e+00 -1.799506231258697042e+01 4.402701596514186910e+00 -9.177614635153586775e+00 -9.375089711519928315e+00 3.678267904098316166e+01 -8.563011490626506017e+00 1.139298865917471204e+01 -5.421500425514648391e+00 -1.314939779355115412e+01 2.760184773041130768e+01 -2.780274043838721809e+01 -3.326875410233414154e+00 2.689417484673984049e+01 -4.863604294155713603e+00 1.272379306102025431e+01 4.627086164043761940e+00 -2.335131703621508592e+01 -3.136477297937275477e+00 -1.333380043201714393e+01 2.112061555496378062e+01 -6.911587161026814918e+00 -2.205072433537607779e+01 -2.995621539424216451e+01 6.070427370499144715e+00 -1.428333101765742263e+01 1.209778478913586497e+01 -2.856141679588380811e+01 -1.581159174375278731e+01 -6.007867514357832839e+00 -2.164552790660700410e+01 1.845401707547597780e+01 -8.376893863723168465e+00 1.017634126964495778e+01 5.667927324395234834e+00 -1.226413663318862923e+01 2.339951439856573145e+01 4.073691516725991058e+00 2.808087324622567138e+01 -1.512966685433997860e+01 -1.394064371476779129e+01 1.316432066361339892e+01 -1.249860038815719854e+01 2.316117207545328682e+01 2.190717277923716466e+01 -1.867189479774183525e+01 -5.878450834192613605e+00 8.424700730573649210e+00 1.988157807783842301e+01 1.410900622358130363e+01 6.262114922828368790e+00 -3.144587108875970571e+01 -2.377688636717024906e+00 -1.071581732927805319e+01 7.776878464683849579e+00 -9.551067226914828012e+00 -2.205185881141741433e+01 9.119802932446187782e+00 3.168782218899907122e+01 -3.282991598096360519e+01 5.251299604331273407e+00 -1.445693028032833105e+01 -4.147032166152202493e-01 2.911441691604721438e+00 -7.395776230512338678e+00 1.213659826917578233e+00 -3.383792996478370441e+01 -6.761079475772085345e+00 -1.845847582975751067e+01 1.753822769954280858e+01 1.372591554379879497e+01 -2.420616580661128481e+01
-1.538151537856838225e+01 -8.949178407768416221e+00 1.221042298817748772e+01 -6.074666887812353089e+00 2.281669901893350527e+01 -2.021354264880909746e+00 1.126528901259844240e+01 -3.332256449006715116e+01 -1.161668913097487810e+01 1.889396452061835319e-01 1.691652699057453546e+01 2.085620326076615072e+00 -3.421301606568388820e+01 -5.071000410121190072e+00 -8.357073205654245385e+00 2.673139227791059369e+01 -2.604650204915848732e+01 -2.876164461148384532e+01 -1.804108405340567600e+01 1.815397161268028370e+01 1.549284241130798989e+01 1.116344557339693822e+01 3.247095236086572356e+00 2.611686777500826562e+00 -2.963775450583131388e+01 -1.060472061525896947e+01 2.867404656266265306e+01 -2.805127070007254364e+00 4.425562977210999449e+00 -1.840943696509591376e+01 1.234993504945475173e+01 -1.007261777073229858e+01 -1.453540610946391176e+01 4.709152685225573975e+01 -1.066130305405053136e+01 1.606716501314974721e+01 -6.570239358030831589e+00 -1.243643069911831134e+01 3.130282048502872172e+01 -2.965337197707906824e+01 -4.332304727944743306e+00 2.606597252110109864e+01 -6.587577416787484097e+00 1.946053258041004241e+01 4.408916117162287485e+00 -1.591149028714585079e+01 -1.152988814667832784e+01 -1.862579126528130402e+01 3.081520030706277069e+01 -1.267257424860500770e+01 -2.551734435528969058e+01 -2.625076535916359433e+01 4.609229885178747210e+00 -2.136648552824598468e+01 1.475636515673831362e+01 -3.348921601671894877e+01 -2.167497032802371493e+01 -3.239920827455743169e+00 -2.541876128798595147e+01 1.351054649797198337e+01 -7.168001976135442987e+00 9.544411188370331089e+00 -6.201747058449487149e+00 -1.216348670465018245e+01 2.532316608796397617e+01 7.034541293562681652e+00 2.952499272829556176e+01 -1.161248295426906907e+01 -1.552838608610183435e+01 2.261826790553753597e+01 -2.470604305202855855e+01 2.095764158074064909e+01 2.010058765479328713e+01 -1.664084680692349494e+01 -5.907310951805939681e+00 6.805678755467844177e+00 2.476885285390228830e+01 9.667992941123220163e+00 1.497112227307256838e+01 -3.894365768418519025e+01 -3.804770958074793707e+00 -7.469939115170552313e+00 1.811688503857838084e+00 -1.350292418873234546e+01 -2.630169374172635699e+01 1.696993582939459344e+01 3.346364753678002302e+01 -3.335412505651652282e+01 -3.249884219243918348e+00 -1.354235677425472595e+01 3.898852581132620010e+00 8.152977087012700963e+00 -8.367914503950535376e+00 1.694819926225797468e+00 -3.265670712550843291e+01 -8.007886671708153159e+00 -1.966216894103820678e+01 1.630202555770071982e+01 1.532862859500041530e+01 -2.955361672818688490e+01
-8.714095007991444319e+00 -6.402372088126455196e+00 6.321534075619840820e+00 -1.016122586935029304e+01 2.391480737123275802e+01 7.490175133248832218e+00 8.045991426974548943e+00 -2.806686837636191001e+01 -1.049979019590716689e+01 4.847577146321882857e+00 1.753577484672979381e+01 -3.095251298957139241e+00 -2.712820786649638194e+01 3.372456515759603590e+00 -3.478827838499610525e+00 2.960631146015865411e+01 -3.189553486232834700e+01 -3.339769575960757919e+01 -2.314385869463043122e+01 1.782949291315204121e+01 1.421161873700635425e+01 1.618354507671114817e+01 7.426863903531825351e+00 3.629868898440556713e+00 -3.416699406956124108e+01 -3.008942233485420559e+00 3.032449391947534778e+01 -1.040054013081610496e+00 5.058893142853153613e+00 -1.417800723149975362e+01 1.266057313602877521e+01 -1.124131318571499882e+01 -4.372096381180956115e+00 4.011074173801246445e+01 -1.635387185794938958e+01 2.473707238774578343e+01 2.417636004263370886e+00 5.510420413058711997e-01 2.510324735027763055e+01 -3.181859958386379361e+01 -4.614092612342313160e+00 2.427247674014969192e+01 -7.792939117313758324e+00 1.976446410340216531e+01 5.190707046389377410e+00 -1.510237556092851285e+01 -7.841792047634399410e+00 -1.646723076735975155e+01 2.760823890039828399e+01 -3.105222176679570012e+00 -2.562332329068329528e+01 -2.301630716821018652e+01 1.662145029655871742e+00 -2.159207468334249569e+01 2.320113264708765044e+01 -2.771492007529080226e+01 -1.662493142649021749e+01 -3.743398936422425827e+00 -1.071642547485925867e+01 1.116055294334969972e+01 -1.272857301096590010e+00 2.607074050802099752e+00 -8.629206472701003605e+00 -1.146216639627587419e+01 2.356004316016485589e+01 -1.294516609800122620e-01 2.676180721289667730e+01 -4.573180406679341559e+00 -1.087409867669508934e+01 2.125144422570290459e+01 -2.264686420429699609e+01 1.595909452474225887e+01 2.068212564594746183e+01 -1.229531612019959219e+01 -4.137467098239786978e+00 3.650457669023374763e+00 1.988609980193447413e+01 3.077163862260776650e+00 2.231474373836120151e+01 -3.678157078409211778e+01 -9.199360069650092342e+00 -9.459754633418743452e+00 6.777620186437382621e+00 -1.220713101270329659e+01 -3.383715314970883981e+01 2.233741747681750667e+01 3.255724011061138157e+01 -3.250788573504155465e+01 1.194790436730046590e+00 -1.321239626149166035e+01 5.516775066262241012e+00 6.535521005462530120e+00 -5.255322156128565680e+00 2.679495589845022341e+00 -3.466898747121184243e+01 -1.582770077406964404e+00 -1.836975021671511499e+01 8.572027547803831027e+00 2.101412054713414435e+01 -1.620463072215557077e+01
-1.367053453224085580e+01 -8.836090035497001338e+00 1.707398598529345390e+00 -1.801254172229816986e+00 1.724143737171413449e+01 1.002815768026423804e-01 1.000239966329379371e+01 -2.897606368922411590e+01 -1.947366399157454708e+01 -1.354421334946886990e+00 1.367132272427529749e+01 4.316877928501224204e+00 -2.626468418192388654e+01 1.500258378791024638e+00 -5.433159431474678058e+00 1.573164055553345086e+01 -1.941854856531288576e+01 -2.180390848573791374e+01 -2.864354038776185618e+01 1.303486017901560423e+01 1.310090871358919884e+01 8.980228642839190201e+00 -1.899171134206828704e+00 6.139199247529123937e+00 -2.623025863582833850e+01 -5.421316834912152771e+00 2.611980795631126639e+01 -6.371647023863786785e+00 1.467978768809687251e+00 -1.997423444670139858e+01 6.942979382405813915e+00 -7.917589501012828102e+00 -1.164036940742095538e+01 3.723917400753607154e+01 -5.770142860666521933e+00 1.172989842620228451e+01 -5.434456576359200319e+00 -1.434936892079674564e+01 2.728525524915201927e+01 -2.688640175819968903e+01 -2.076776832948764306e-01 2.754350056242133959e+01 -8.769622505579457439e+00 1.305197642383512679e+01 3.170098524473467627e+00 -1.738991091499946862e+01 -5.916907126818975016e+00 -1.170060501068183179e+01 1.967967572596412040e+01 -8.087293539717631319e+00 -2.198656886293664314e+01 -2.761097184973629481e+01 3.843774091816080318e+00 -1.468561151419674182e+01 9.982219789839597013e+00 -2.996061914942689342e+01 -2.063394036342126014e+01 -3.443405468058251540e+00 -2.618440103172022049e+01 1.764049803992614684e+01 -8.884221850084761840e+00 1.508720228190878565e+01 1.288556348337583479e+00 -1.274287601207483434e+01 2.104858882426442790e+01 3.808419100000806523e+00 2.616812499877920217e+01 -1.286857293883676334e+01 -1.278759625145933221e+01 1.407608138979588830e+01 -1.376499328232225139e+01 2.479409728353089548e+01 2.010874341200264226e+01 -1.669925930605423758e+01 -8.784299173773632674e+00 6.763148842391251137e+00 2.397798017288688399e+01 1.098733327999598508e+01 7.830682426213435576e+00 -2.941814347978900201e+01 -6.690229797863866068e+00 -1.468332593528172048e+01 9.366613878107093782e+00 -9.002114642673916478e+00 -2.195979027576394316e+01 8.359205226153255452e+00 2.956478080281059917e+01 -2.977466900798028604e+01 5.126134450558240907e+00 -1.438345752635899899e+01 -1.446989920469839097e+00 4.592292098410979406e+00 -4.214925426732149205e+00 2.523417875259901688e+00 -2.856849003062731640e+01 -4.740299887866103568e+00 -1.676815465712497399e+01 1.521332084340792967e+01 1.425382930797625569e+01 -2.505661695409562739e+01
-1.326579692693083778e+01 -1.018943525640162129e+01 1.545754572718558961e+01 -8.317615333411460199e+00 2.189328582312083782e+01 2.736527861022589381e+00 -6.191673489947274733e-01 -2.791707272008105178e+01 -1.038191032747787013e+01 2.990431708469817096e+00 1.497687328438281718e+01 -9.930634787358313176e+00 -3.025985132720772697e+01 -1.042496665525708188e+00 -3.519860036945556381e+00 2.938018856778120380e+01 -4.271428312725612386e+01 -2.547439198274715721e+01 -1.610000693564175478e+01 1.763862632553177434e+01 6.540249861594962688e+00 1.299731095753146448e+01 8.575706383459630544e+00 1.059670971359820157e+01 -3.516643977307893465e+01 -1.239098574555925092e+00 2.643578705375457361e+01 6.790422599451506613e+00 1.992582783440544292e+00 -1.380256977082146364e+01 1.146862456998068502e+01 -8.568521915574986991e+00 -1.523231232318261696e+01 3.552588448078336825e+01 -1.954671294493331857e+01 3.534321271608929038e+01 2.921486770518377352e+00 1.167185388474007013e+01 3.784894637749955848e+01 -2.773942870134823124e+01 -2.601239901633483065e+00 2.511238741297605515e+01 2.473345406562599269e+00 2.105048849917292131e+01 5.501601712441125613e+00 -1.719759373923658430e+01 -5.312105199447844761e+00 -1.622138666255001382e+01 2.649400790261500660e+01 -4.213585034973784116e-01 -1.986742321497654729e+01 -2.048084042734608090e+01 6.692695613181665948e+00 -2.206439219051220846e+01 1.846724832074957590e+01 -2.284838064742924857e+01 -1.324288231764073487e+01 -6.169572565114398444e+00 -9.934851558849429054e+00 1.263876295921598825e+01 1.621949042601590896e-01 -6.314005845249949900e+00 -1.210228653712298375e+01 -1.777267659677933764e+01 2.287589281442441447e+01 1.276885517179726426e+00 3.106064476927907592e+01 -7.091653855728892175e-01 -1.135190918522366132e+01 2.462598813210527027e+01 -2.937170302308405567e+01 2.079158680773669587e+01 2.287470767191369347e+01 -7.955184178709775011e+00 3.997415075548915286e+00 5.485871073514765328e+00 1.835449055237657845e+01 6.276128366498293865e+00 2.598191085138917344e+01 -3.351355323722651036e+01 -8.128308097816329791e+00 -5.036623653551850488e+00 3.695558430373506731e+00 -1.345399232373921627e+01 -3.843967261936799673e+01 1.941235108604035631e+01 3.153687251579757245e+01 -3.125063727006461889e+01 5.255648127772250433e+00 -9.233348456236521784e+00 5.646431433679651057e+00 1.009933836620472114e+01 -9.441536157365430171e+00 1.082328743708165675e+01 -3.499973431642846577e+01 -6.534379451079050050e+00 -1.637504915896718316e+01 1.221881143912222356e+01 2.507885940685969217e+01 -4.265575895263615358e+00
-1.289152362512705174e+01 -8.687158134307450652e+00 7.144924101693384877e+00 -4.473241112039858969e+00 2.253895805618510906e+01 -5.326817685026916660e-01 1.298730465874268170e+01 -3.213327736861938178e+01 -1.495194177075004660e+01 8.974670182627941806e-02 1.301545177562814004e+01 3.900213795696930053e+00 -3.412578686813195361e+01 1.081685801655351664e+00 -7.639474311177984589e+00 1.962264453608363723e+01 -2.248940581106391789e+01 -2.330651785889238425e+01 -2.298435134080990139e+01 1.549817097266794086e+01 1.475975944077133661e+01 1.283798512316999840e+01 1.420934473117212216e+00 4.204970011200148683e+00 -2.772796037264032876e+01 -1.299599104792772231e+01 3.361936006896210216e+01 -7.727670786895754595e+00 2.650078099150632305e+00 -1.613970115477420109e+01 4.407110483727811889e+00 -1.219094391781390740e+01 -6.109213456773479933e+00 4.591382830302146090e+01 -1.035995563555574783e+01 1.061615739701911387e+01 -5.418946590894388571e+00 -1.591862693421730590e+01 2.493573655034272463e+01 -2.811351654703617342e+01 -4.676431069693586018e+00 2.578412034412376386e+01 -7.408403208814815954e+00 1.510142553278879696e+01 7.557889026451512393e+00 -2.149813426394158355e+01 -5.295562142340391354e+00 -1.281300786758492727e+01 2.680446358304853050e+01 -9.961848250301516217e+00 -3.205922318410412686e+01 -3.069066326549205215e+01 3.200413732165116265e+00 -2.052095222553059983e+01 1.301552675051307340e+01 -3.102158478379058693e+01 -1.734145199046793451e+01 -4.552178319714500709e+00 -1.872726407502674206e+01 1.375388099911695505e+01 -5.789218195875633910e+00 1.434465061987432755e+01 5.725370451183243725e-01 -1.061805173045136286e+01 2.316171522101894809e+01 1.076993215403336279e+01 3.097822517185383262e+01 -1.928138177796878239e+01 -1.079023917961575663e+01 1.566723406122317108e+01 -1.805721720008619613e+01 2.269234237064769744e+01 1.814293867027374318e+01 -1.821063113151451773e+01 -9.452184605298285192e+00 1.038981661092805453e+01 2.365156341740972223e+01 1.387325436186399230e+01 1.038158024267489843e+01 -3.711852653147328596e+01 -2.208598319955747513e+00 -1.114995397369838592e+01 6.707861960451411143e+00 -1.540189923700382657e+01 -2.377649760991418049e+01 1.457395344117225022e+01 3.221667588252069692e+01 -3.626532621914015664e+01 4.275832169497315149e+00 -1.538751930413391023e+01 5.575358876284749243e+00 4.219000320266590442e+00 -3.877101472164750540e+00 -6.963247132698338060e-01 -3.586643011828614647e+01 -5.419809699551334070e+00 -2.287868155288733973e+01 1.447873630572627590e+01 1.605537898962646182e+01 -2.598034936713862564e+01
-1.413527185263061980e+01 -7.466041266715993885e+00 2.559578771776135131e+00 1.229349014979393750e+00 1.970702637211910258e+01 2.390020221054482974e+00 6.687780839823677326e+00 -3.027272714827008215e+01 -1.717390277087368133e+01 -2.342353974237049830e+00 1.385647487474985873e+01 2.568068207914676382e+00 -2.438314436827648635e+01 -2.726114617136119467e-01 -3.079362786060016344e+00 1.681508797390495857e+01 -2.329083353743366303e+01 -2.669304178680311068e+01 -2.470311575994901787e+01 1.795050003059003174e+01 9.834794103237545215e+00 9.246950249521804110e+00 3.857811806438651736e+00 5.444623661652317814e+00 -2.992335739615446855e+01 -7.411350349480954058e+00 2.371867262091025808e+01 -3.842314611843951511e+00 6.298015285879376979e-01 -1.464624042542680549e+01 9.677028741604443596e+00 -6.389123176767406598e+00 -1.122904529645330207e+01 3.737839615139402838e+01 -8.116245290622261521e+00 2.035695364096904925e+01 -3.012739810532052864e+00 -8.845534772382981359e+00 3.171953947188243106e+01 -2.318300257334975001e+01 -4.665962612074591176e-01 2.823797224638508041e+01 -4.779303714923781143e+00 1.539501656143005093e+01 5.561534031111126986e+00 -1.913618054578510552e+01 -4.592184772816759519e+00 -1.485106855947493010e+01 2.269766158440843995e+01 -8.543414328066859298e+00 -1.807902378118225784e+01 -2.678289447751181385e+01 5.625050621725773858e+00 -1.635745812724728410e+01 1.573645701516965723e+01 -1.864087439859638451e+01 -1.627006291570679153e+01 -7.966089518287923887e+00 -2.699258489843145270e+01 2.135216646464829537e+01 -5.482426346397897277e+00 1.189972320113381876e+01 1.128228567282876460e+00 -1.321498345859578727e+01 2.268427398871502376e+01 2.244494811767703712e+00 2.914743377506927047e+01 -8.373585222434961395e+00 -1.413954612747555117e+01 1.675392424306045314e+01 -1.378626767710961332e+01 2.323633779955346412e+01 1.473622280042297383e+01 -1.460396378467225276e+01 -4.318052663719406326e+00 8.649749403052439334e+00 2.350404354891056968e+01 7.191863172840820440e+00 1.172955751732590457e+01 -3.158139812704427030e+01 -7.708561162417589152e+00 -1.007876393685145011e+01 9.890470585688962757e+00 -9.958611637601377353e+00 -1.999036892141393551e+01 5.422419264766961788e+00 2.606600439171733186e+01 -3.069853689064701641e+01 4.725818614743421797e+00 -1.191617131237412330e+01 -3.493823517913395293e-01 2.047787898682075891e+00 -9.500813371917832484e+00 5.126461157731697860e+00 -3.228461045924550632e+01 -7.163492691212612229e+00 -2.046535232796270520e+01 1.372145564474435808e+01 1.780805664626305429e+01 -1.879773139592753495e+01
-1.377006394127906219e+01 -8.841911969055239240e+00 2.430598257529680062e+00 1.846163464674383636e+00 1.729689238994852829e+01 1.448136187800551422e+00 9.170799341938021598e+00 -2.823484953137086251e+01 -1.800033570250372605e+01 3.586921415501016508e-01 1.204787365864899051e+01 1.566561539847825202e+00 -2.426570916074244622e+01 3.022049181769241422e+00 -3.861973485367321768e+00 1.492602463707364002e+01 -2.155461461720910066e+01 -1.963366529043363329e+01 -2.941278196127757738e+01 1.444764556437622360e+01 9.185605028739407985e+00 9.559247874761574337e+00 -5.837158329969650561e-01 7.300215290744310970e+00 -2.822269921142591187e+01 -8.410971546681553335e+00 2.718311290148756143e+01 -5.411291398103304395e+00 5.429789818527827050e-01 -1.692467875528614130e+01 7.428743335917538104e+00 -6.759509069879094945e+00 -1.027366626792472992e+01 3.707029522135741217e+01 -7.487850678402364402e+00 1.356861077371587143e+01 -3.142726664443066475e+00 -9.270802909930990765e+00 2.710533877904132183e+01 -2.498372836110303297e+01 -7.365547303811669222e-01 2.825260730727623582e+01 -4.435677778185747933e+00 1.001892874574357784e+01 6.027796489456440199e+00 -2.002041205103656907e+01 -4.401593321018157923e+00 -1.154596730525840620e+01 1.590851963994619389e+01 -6.563663150348603814e+00 -2.147968765096910815e+01 -2.881054722041973193e+01 5.421910500932549226e+00 -1.310083660316512066e+01 1.259236665378009334e+01 -2.151824150724322493e+01 -1.663666792836815489e+01 -5.678689114535342419e+00 -2.155891180138067753e+01 2.066649590596309949e+01 -6.538178400984281602e+00 1.060857036178285639e+01 4.161957768150991832e+00 -1.262472217862489821e+01 2.371818529697997135e+01 3.372557639284588404e+00 2.761539829328738094e+01 -1.344276806676987057e+01 -9.406740883546163445e+00 1.204695517249400893e+01 -1.360600247587555423e+01 2.529148696247185057e+01 1.952655834210408159e+01 -1.738235566437365165e+01 -6.307497305239345486e+00 1.011150167781929810e+01 2.382394062306072513e+01 1.129712903907682886e+01 7.593306447609883492e+00 -2.852615285583956961e+01 -7.270260046009705768e+00 -1.423636933655470393e+01 1.253625511913655544e+01 -9.429360199793656250e+00 -2.092320702717755054e+01 6.495641781011507909e+00 3.012471297151992289e+01 -3.011216462988701181e+01 5.515476639814226978e+00 -1.507437569514493703e+01 -2.696905590156337240e+00 2.734828743336529477e+00 -4.761626899985331285e+00 2.945957305141702509e+00 -3.319607446041977994e+01 -7.840537447660546277e+00 -1.828459856993522692e+01 1.335763441931942452e+01 1.643055591381523683e+01 -2.117501293031552123e+01
-1.891467018011721635e+01 -2.414491455956745636e+00 1.915432833540225488e+01 -8.535341605158535572e+00 2.595258328604724696e+01 1.011511630908062465e+01 -1.079133014023476278e+01 -3.349234502687753690e+01 -3.797874121213574039e+00 2.474871972829164157e+00 1.767241559361652037e+01 -7.277237922638059686e+00 -3.052040803958390569e+01 -8.158654831061603829e+00 -7.699641000944517089e+00 3.743500456962305378e+01 -4.049907192315144755e+01 -3.962031352610034673e+01 -1.047679935214420688e+01 2.219636305165795775e+01 1.378423450459523281e+01 1.575563940482814296e+01 1.992391807965734785e+01 2.974220882099971153e+00 -3.816998605205540684e+01 -2.964999891683984146e+00 2.235477105495188255e+01 1.288529959350223741e+01 1.777362887651610990e+00 -1.397643673602490288e+01 1.662869166341230454e+01 -6.457865042083211549e+00 -2.034217166121102949e+01 4.213596223199499491e+01 -1.686444044472713344e+01 4.427818593787877433e+01 5.257493018960595954e+00 5.639656104897239786e+00 4.417721222653906210e+01 -2.184256892537284145e+01 2.325915351515752238e+00 2.332672281118858137e+01 4.642864764610556527e+00 3.424539873688465974e+01 5.761929582216347434e+00 -1.183109652136887924e+01 -9.348462539851396969e+00 -2.177470543855341845e+01 3.390434064818997939e+01 -6.231357694858322915e+00 -2.266731091617226213e+01 -1.716097090192754138e+01 5.951067947159116578e-01 -3.157274335940314458e+01 2.239323815624296543e+01 -1.890328570194573388e+01 -1.253924144960326181e+01 -3.961781333277845540e+00 -1.567652991738630952e+01 1.082205400586609123e+01 1.042521644387680579e-01 -5.905402251308006889e+00 -1.691621075658409623e+01 -1.355236420864607361e+01 2.705546045303745828e+01 2.636338866291148442e+00 3.058411295769827021e+01 1.330025485625411186e+01 -1.713271318374684071e+01 2.835387226545000416e+01 -2.638238376258887641e+01 1.324292477517114186e+01 1.549202140948925788e+01 -1.026323527299940430e+01 6.326289459644303115e+00 8.531253237777047360e+00 2.244495746005021530e+01 -3.640602292405040519e+00 3.434836965590236701e+01 -4.133329073317153046e+01 -1.197493097905945980e+01 -3.163792132637736065e-01 1.041209869979433433e+00 -2.082853363557253701e+01 -3.869011840796908075e+01 2.277338245313782039e+01 2.173467109889925553e+01 -3.289565826519994829e+01 -1.565520361577165565e+00 -1.102757939300378176e+01 6.761259660882755540e+00 8.783850516396144670e+00 -1.276886679225387589e+01 1.090123746907304003e+01 -3.168946299862522764e+01 -3.429754513436610086e+00 -2.513428711812970917e+01 1.458570369735669736e+01 3.083077367341352470e+01 2.439770362327552622e+00
-1.360493043197041985e+01 -1.024878135409960400e+01 5.185190252613399053e+00 -2.580255206221041764e+00 1.920656617710907099e+01 2.173648608200365206e+00 6.583657690905297954e+00 -3.403449249692323519e+01 -1.285200315397167081e+01 -1.728983435419263470e+00 1.207812254014459796e+01 -9.441864401202484935e-02 -3.287194276585923092e+01 3.988507202075864400e-01 -9.089573442999739683e+00 1.470273307344409730e+01 -2.440543151191576143e+01 -2.013210975491922738e+01 -2.665673007077845469e+01 1.610310090541336336e+01 8.996153636613341220e+00 8.212040889801219379e+00 8.959848002218148144e-01 6.972177433961729065e+00 -1.959525533101128758e+01 -1.013856367190475183e+01 2.639268649398799127e+01 -5.832309295748918210e+00 -1.956944981222433211e-01 -1.885679865936629795e+01 3.837748538966362144e+00 -1.217965317886211274e+01 -1.318969062270818604e+01 4.139813260488540436e+01 -3.135048662855522306e+00 1.151263459444315629e+01 -2.953595074954589617e+00 -1.050028067847398283e+01 2.844374592083383391e+01 -2.769943310431292716e+01 3.537718302166463769e+00 3.034757037007173253e+01 -2.474903180067591801e+00 1.634184945762801888e+01 5.583796332976215915e+00 -2.035472977358204716e+01 -4.085213294349959945e+00 -1.272135939951496120e+01 2.152912184819424013e+01 -6.120325429992923283e+00 -2.687080333524986386e+01 -2.857946000186916891e+01 1.990075587710918859e+00 -2.048068729227957618e+01 1.120454917954087470e+01 -2.865451952330496610e+01 -1.857504458096622457e+01 -4.869533246488379596e+00 -1.685718023318699110e+01 2.036022142183714934e+01 -1.167437475622730325e+01 1.189915110370483831e+01 1.114200903522345021e+00 -1.326262521797293914e+01 2.312328454610646844e+01 9.519351377373840961e+00 2.914880769525692017e+01 -1.360308999125656904e+01 -9.240014900150569588e+00 1.106870607880361135e+01 -2.164108934372395510e+01 2.717862773915009100e+01 2.652441022880052657e+01 -1.814164997406570734e+01 -5.451966019797375829e+00 1.124712750271983630e+01 2.364206067728470373e+01 1.520863997445397864e+01 1.023064269390636838e+01 -3.107506407358255274e+01 -5.688639551735501065e+00 -1.225270079462238826e+01 9.474096840691842658e+00 -1.724781303860935822e+01 -3.040639037013269075e+01 1.323069464854407506e+01 3.405617002730271281e+01 -3.543821583806277431e+01 6.371124907010853988e+00 -1.242335876105922310e+01 1.534515805612478800e+00 6.506179859383605546e+00 -5.279899763570981897e+00 1.837100101344482095e+00 -3.001180113807814820e+01 -3.153711404181936739e+00 -2.065272005241844155e+01 1.668885617975344005e+01 1.878101045071080222e+01 -1.915024044825743843e+01
-1.295083028447656126e+01 -7.940163564187292522e+00 6.189926935117159523e+00 -4.885228458570463950e+00 2.257423738420201786e+01 2.835959984921019306e+00 4.774610759725752551e+00 -3.039531718858137310e+01 -1.452329909126385310e+01 2.497394974069721760e-02 1.528108768828072606e+01 1.280486718886315822e+00 -3.062669372672191770e+01 -1.902404160339159711e+00 -6.865428134030961971e+00 2.125323121210825050e+01 -2.422951002310369617e+01 -2.893783648880132731e+01 -2.276639580495279347e+01 1.826763517746070065e+01 1.298931778728962350e+01 1.184926732401189753e+01 5.909597610432300918e+00 4.378829018914538906e+00 -2.950954098830534633e+01 -1.011583607772833204e+01 2.858390315919448810e+01 -3.230070840018224754e+00 1.624896790748299624e+00 -1.625950380442000665e+01 6.717531575445367054e+00 -8.684909226813278593e+00 -1.088423179729050716e+01 4.047971624512246080e+01 -7.728613242986554610e+00 1.828115103479381531e+01 -3.735259854082202402e+00 -9.359419645995481929e+00 3.066617890409414926e+01 -2.686719092747462412e+01 -1.070565505181389598e+00 2.647703079266000259e+01 -4.688817739319410371e+00 2.097866796452313309e+01 4.771620313582955575e+00 -1.863256385015793271e+01 -6.136784849940603692e+00 -1.603024013205655862e+01 2.735077128453408335e+01 -9.561315348429101135e+00 -2.367637687537946434e+01 -2.607237167424948510e+01 3.838543119034008466e+00 -1.991385906976299580e+01 1.484642603623363044e+01 -2.854249310513625204e+01 -1.580166249002248158e+01 -6.061493553762319131e+00 -2.141962559474019656e+01 1.570147508144720128e+01 -7.523684906779695147e+00 8.575883680143489229e+00 -5.625653548747368005e-01 -1.185208692600477320e+01 2.470473899471962298e+01 4.339331659981298550e+00 2.973127228222845631e+01 -7.220111104889254783e+00 -1.681657494770846739e+01 1.669545783490595525e+01 -1.795428648478413436e+01 2.055443989520060555e+01 1.931363849638018593e+01 -1.604336808058453556e+01 -3.245219138525494706e+00 7.844652729658003310e+00 2.099672893700522636e+01 7.300648002742473608e+00 1.406071928567608786e+01 -3.400881850276147844e+01 -7.683167301874145316e+00 -5.813494537345714974e+00 6.108860563897367868e+00 -1.405473625566269114e+01 -2.486049069366615782e+01 1.229233047219955210e+01 2.827208194761180238e+01 -3.519817446585534526e+01 8.364367106046316502e-01 -1.225220615729361562e+01 3.177111376561363887e+00 4.827011590666969276e+00 -1.075869383281837521e+01 3.083034008531362336e+00 -3.336594628462258783e+01 -5.327652794450267848e+00 -2.083565506002073064e+01 1.524427954206470837e+01 1.790470954171109597e+01 -1.862987993814103049e+01
-1.633399686927723593e+01 -4.590765078899572416e+00 1.814340410584785346e+01 -7.526290175056250753e+00 2.376579158515989576e+01 7.449484520152545031e+00 -5.857181342824039127e+00 -3.505063104118154627e+01 -7.789776322066336967e+00 1.621897422606272565e+00 1.952806786689329144e+01 -6.328082922454662196e+00 -3.167228485720422526e+01 -6.957500059244924984e+00 -5.321826539661795863e+00 3.701628073620618409e+01 -4.026594165441908046e+01 -3.571392705785435595e+01 -1.121873760374127116e+01 2.091656466084657140e+01 1.189564671941541896e+01 1.681420280912721665e+01 1.798734357962131014e+01 7.278379020050076420e+00 -3.815971111717552589e+01 -1.188843315968344694e+00 2.378797124949467090e+01 8.019473330188294113e+00 3.935495717758991319e+00 -1.186372940016554978e+01 1.812976837660982099e+01 -9.697089651797124787e+00 -1.596088191320957783e+01 3.975714737944156241e+01 -1.890065627551586047e+01 4.155723084253676802e+01 6.184894853511833546e+00 4.708313909961581167e+00 4.285195547445244557e+01 -2.297113011345039268e+01 -9.855981977207579625e-01 2.476912200942380338e+01 3.142407224346810857e+00 3.077518955874812789e+01 5.448314630921026414e+00 -1.436842570864994073e+01 -7.558071884617550751e+00 -2.027188942679789108e+01 3.235374799368294418e+01 -2.739477238856930619e+00 -2.274982606858458922e+01 -2.013504149891590700e+01 2.923597822477556729e+00 -3.021290404659123396e+01 2.201656841176543011e+01 -1.728671169616410452e+01 -1.192807943775228985e+01 -4.202089424694083419e+00 -1.749930251197151776e+01 1.108811870182151971e+01 1.354307285796350513e+00 -2.406436132138197959e+00 -1.390208569709078112e+01 -1.517203670102032298e+01 2.427884493249277398e+01 1.283309450922061279e+00 3.114850480755818296e+01 7.024716339696506218e+00 -1.557004100851274053e+01 2.705400263935644745e+01 -2.454357767746761354e+01 1.683005090227971223e+01 1.471282055644152464e+01 -9.061357897305656550e+00 3.549890441779531614e+00 7.464820408212847980e+00 2.286625392342781282e+01 -1.330895617818140808e-01 3.185167861091770547e+01 -4.125373717481456026e+01 -8.845698738547040918e+00 -2.651653336539246286e+00 1.086406824143576033e+00 -1.483035670871274192e+01 -3.769763342071912149e+01 2.200102915589671682e+01 2.325333145459737239e+01 -3.283586658962558857e+01 1.026194283824078068e+00 -1.011478048752674042e+01 6.735652392308714376e+00 9.138826624813004784e+00 -1.193759922423714315e+01 1.345804659040958384e+01 -3.430702782037570131e+01 -4.874386924344376482e+00 -2.608827952685891205e+01 1.268981858668259655e+01 2.925777873923567896e+01 -1.697564799155946824e+00
-1.516795686796997167e+01 -6.027112705935314452e+00 2.071616630612709287e-01 -6.923257470902345112e+00 2.010487722968295898e+01 1.192559178823093591e+00 8.162767622066738227e+00 -3.052495750988093448e+01 -1.743038972686644072e+01 -7.694546646393891631e-01 1.735471521322884314e+01 8.887552024225800484e-02 -3.428944242430605271e+01 -3.527042620654402549e-01 -9.223664204839007397e+00 1.898297551659097593e+01 -2.358879782984523388e+01 -2.034552948659385407e+01 -2.408522458889177287e+01 1.433532910237573255e+01 1.363432884268225820e+01 1.108805592688048414e+01 3.478271582425030317e+00 1.204901680538642061e+01 -2.542931063164303396e+01 -5.226822502646973234e+00 3.161943195361824976e+01 -3.424798337299079343e+00 8.110408697743702433e+00 -1.690814965565892081e+01 -8.644890113909362017e-02 -1.105637765421406193e+01 -6.684882600668654362e+00 4.077839248296948682e+01 -6.662232735591273602e+00 1.892522964045337375e+01 -3.799761701457411878e+00 -1.396760164762140199e+01 2.897489420307315555e+01 -2.056694921756241001e+01 -4.774800646269036442e+00 1.975228294325778933e+01 -6.571387412135106132e+00 2.013551850346193106e+01 4.583074764322471184e-01 -1.736932655759930810e+01 -3.895297579023936585e+00 -1.408918626674126706e+01 2.675426076877517900e+01 -4.102854613242126192e+00 -2.679066606733594469e+01 -2.162270780625574673e+01 -6.567813906205768881e-02 -2.006065461847875042e+01 1.263762735199301623e+01 -3.272635709690329975e+01 -1.445800741762807462e+01 -3.433233281890534005e+00 -1.626323249831088447e+01 1.596761905584991581e+01 -6.127496877153244981e+00 1.315883816716520194e+01 2.741431995188503556e+00 -1.303102852707956671e+01 2.019462744826843803e+01 1.137397486829271287e+01 2.892657565001529463e+01 -5.591019416281787002e+00 -1.797662676971767226e+01 1.444018044597226158e+01 -1.522292246289919504e+01 1.703753094298623338e+01 2.079539420599104105e+01 -1.276508684489723500e+01 -4.510117972806678033e+00 7.001738916012371305e+00 1.810937569558879545e+01 9.615701885970070251e+00 1.657545115091204480e+01 -3.198758245038789028e+01 -3.085312886341669891e+00 -4.450332221423506596e+00 2.023785843951971142e+00 -1.062795531903819679e+01 -2.847276148520758099e+01 1.489807426607127461e+01 2.658058952165025701e+01 -3.262781740948641840e+01 8.452313945849818211e+00 -1.045770817488836535e+01 1.001665710440286716e+01 5.672621964171534081e+00 -5.293042038590919596e+00 4.458866379626555521e+00 -3.003875940771595054e+01 4.108972411468220898e+00 -2.494907517899740412e+01 1.351529666531613394e+01 1.544613817882656548e+01 -1.595466086940336226e+01
-1.520286273904302554e+01 -1.129338180784507628e+01 7.156579737157469090e+00 -5.772945751251971735e+00 2.413624337731768676e+01 -2.970372881616903937e-01 9.159773399900792867e+00 -3.221723840614165368e+01 -1.451860435618015899e+01 -1.416239710516140615e+00 1.469128106554349955e+01 3.799579216006374049e-02 -3.500291751230384563e+01 3.819166345418788744e+00 -7.331794661647980327e+00 2.001718071922239162e+01 -3.247834600590977772e+01 -2.302345440817896005e+01 -2.185486323192955993e+01 1.716581193411868256e+01 1.138474298817439667e+01 1.009739965896463154e+01 9.849216889244224449e-01 6.117276896603977221e+00 -2.804572670307716464e+01 -7.386132054754264153e+00 3.052343113152192444e+01 -1.154142442788368639e+00 4.128820399050357359e+00 -1.565754220531291097e+01 5.523104208103133850e+00 -1.108515357902125587e+01 -9.468243741207869490e+00 4.217420920675976959e+01 -1.198730037574243745e+01 1.982527288477144012e+01 -2.190291681436936422e+00 -4.759043232792207867e+00 2.804736651753450971e+01 -2.577577050255901980e+01 -2.043313069624296485e+00 2.620745899772267506e+01 -3.082925219489992319e+00 1.561873466600770399e+01 8.019919094042807117e+00 -1.977706285675991893e+01 -4.092914426599989497e+00 -1.528714004848093033e+01 2.711362826178618590e+01 -6.448893787556336576e+00 -2.445365008226761461e+01 -2.508886537274976192e+01 6.161518525706047633e+00 -1.985849841220058565e+01 1.610031041541691366e+01 -2.516568416469815617e+01 -1.661600035707833101e+01 -9.967249060289001150e+00 -1.499097018634642176e+01 1.875237384835904209e+01 -1.956826053756457240e+00 7.861312215292340255e+00 -2.190971649118915288e+00 -1.665196094913913782e+01 2.175686503484785916e+01 8.512000916746863766e+00 3.167843375712726939e+01 -1.399762562090371532e+01 -1.155498678533455958e+01 2.057693092120433320e+01 -2.271862673988605508e+01 2.224716566970020182e+01 2.316181460871501230e+01 -1.306586047185732369e+01 -1.839987856819792489e+00 8.669489112800585318e+00 2.076376882967738524e+01 1.215875538223483687e+01 1.754841998191368191e+01 -3.727085729900167621e+01 -2.024306699655655795e+00 -6.089463165083799367e+00 6.931576729422979533e+00 -1.374844059834863330e+01 -2.960960625555389925e+01 1.605508452790692431e+01 3.690726076404199318e+01 -3.273643987864053173e+01 6.112352421323666185e+00 -8.736837853787228880e+00 7.675572241578715094e+00 2.623532474942538606e+00 -4.576656516079644632e+00 3.360011779118527997e+00 -3.747206604184241030e+01 -2.093423840833437133e+00 -2.113963320984638017e+01 1.070920494135714662e+01 1.835051308993940111e+01 -1.778351743293548992e+01
-1.406700934610698184e+01 -8.285834731985334045e+00 9.895826456635100854e+00 -5.753642771094650499e+00 1.851980414981677114e+01 1.693334029980743671e-01 6.913333094505341947e+00 -3.146136340549578847e+01 -1.303763103485876229e+01 9.926358950693330296e-01 1.460585358156729363e+01 -1.022575678160548840e+00 -3.238037211156763817e+01 -1.993229527700164816e+00 -6.484752873558885078e+00 2.127637655839012609e+01 -2.572620174891216749e+01 -2.296540219945146077e+01 -2.359844042470319536e+01 1.543365766007060458e+01 9.698518858969858769e+00 1.152262346934613113e+01 2.782765235255470593e+00 6.865877425552771030e+00 -2.835872904010417628e+01 -9.793761292433210031e+00 3.093768809051531576e+01 -1.814970451541232599e+00 2.275166758617622076e+00 -1.714384753527081173e+01 7.878684101415109886e+00 -1.012558765913037107e+01 -1.107313933637169079e+01 4.180529706519418198e+01 -9.602490741514637662e+00 1.864267967286922811e+01 -3.141506641870092320e+00 -8.292631545661887316e+00 3.032416152115474617e+01 -2.476316240900237631e+01 -2.530530414783063620e+00 2.828333785659249600e+01 -1.710558310693208073e+00 1.582093669389812085e+01 5.535214196680314558e+00 -2.040705169310894007e+01 -6.051880283192351051e+00 -1.370942393014301430e+01 2.410889759797797538e+01 -7.635234042372532670e+00 -2.634876382736849720e+01 -2.704204240756196853e+01 3.923958509482737611e+00 -1.907813960736181258e+01 1.175961587387570084e+01 -2.797533135622244416e+01 -1.590376072671463348e+01 -4.964991204412074310e+00 -1.729196984408362781e+01 1.516888167861881520e+01 -6.087444096509657676e+00 6.726934065751096092e+00 -1.656447832716452462e+00 -1.238694498336394823e+01 2.483123100807367933e+01 7.410610374766169350e+00 3.013019646553248876e+01 -9.728416932854456078e+00 -1.010343481191816295e+01 1.648938531162912824e+01 -1.998827281204195216e+01 2.468466284731900373e+01 2.439555611604253471e+01 -1.499317548253170074e+01 -3.857537836930075681e+00 8.760639012585599517e+00 2.153260883248263724e+01 1.279616189443780172e+01 1.362582946571339804e+01 -3.285067456606208225e+01 -5.542606697786420789e+00 -1.021120689952139315e+01 5.469509106128048970e+00 -1.312216623641747049e+01 -2.789610740325074900e+01 1.522876558053186358e+01 3.095269689962638182e+01 -3.372941955774654588e+01 4.833051870891880597e+00 -1.306009474204819654e+01 3.374261772607002552e+00 9.561362157439781129e+00 -8.473099556701251700e+00 4.505712182802117383e+00 -3.422368227595906376e+01 -4.938084959394752005e+00 -1.883121196489948446e+01 1.696334308915959355e+01 1.936385881553601607e+01 -1.930563051586540979e+01
-1.705096720519804165e+01 -8.204222877779743683e+00 1.497872519781126144e+01 -8.258434213941910684e+00 2.250606645190492117e+01 3.288814710347081061e+00 -1.064893312202531472e+00 -3.471982713980756330e+01 -8.206064129077185854e+00 9.599545538142615353e-01 1.619329213660292766e+01 -5.355619503095902623e+00 -3.539330780830400158e+01 -9.141623695353882084e+00 -1.033370737692808206e+01 3.077961202170660115e+01 -3.313282232223402701e+01 -2.889460689143509597e+01 -1.465142221078617446e+01 1.979311908240578077e+01 1.254622455181905494e+01 1.340400353824081847e+01 1.065582214734336830e+01 6.586156930508540341e+00 -3.067760501933307893e+01 -6.627549972772222908e+00 2.626314337319643499e+01 3.244206484207926788e+00 2.727374348604842069e+00 -1.777044440551748039e+01 1.117361580728064929e+01 -1.015425637210292820e+01 -1.840198157680679003e+01 4.395171215423314237e+01 -1.315528453368558992e+01 2.887325039890737699e+01 -1.631529616698614571e-01 -5.767863637542258282e+00 4.197077722624278096e+01 -2.739646497585223983e+01 -4.667028499695198840e-01 2.393417683427478337e+01 1.465312757104017205e+00 2.603313506172800729e+01 3.708831297881503009e+00 -1.723480242909777616e+01 -9.956273361451700055e+00 -1.915742298126151155e+01 3.253797257142224453e+01 -7.241138900097528364e+00 -2.826849216306813162e+01 -2.374275790543284970e+01 -1.317379311367354866e-01 -2.834500007920371800e+01 1.538748803384188513e+01 -2.977725156600333278e+01 -1.628061681925986193e+01 -1.059062438420386165e+00 -1.864919087455734115e+01 1.289629281922104198e+01 -6.663632093630350361e+00 3.671515050915069356e+00 -9.495554522648596674e+00 -1.328036996210931342e+01 2.428233167595329789e+01 8.278947607644399298e+00 3.064072987035656581e+01 -6.933783535948664367e-01 -1.476440843327998209e+01 2.263202789997345832e+01 -2.686704003781543904e+01 1.859330227663882695e+01 1.813468261977670792e+01 -1.342641711601788757e+01 -1.192004489827390268e+00 8.959355134355037720e+00 2.428914516193572126e+01 6.150200412072389433e+00 2.260067589028537327e+01 -3.853900332938154349e+01 -4.943503172051379124e+00 -5.540165403607885786e+00 -2.210313168663357697e+00 -2.060033872699089130e+01 -3.492012079805940061e+01 1.989401131026589553e+01 2.480417543095519761e+01 -3.539561035155094260e+01 4.056586550293915516e-02 -1.537553909893066262e+01 6.299137053324155744e+00 1.190761448993440474e+01 -1.216311050635917113e+01 6.393643037803799167e+00 -3.015468654040705943e+01 -5.632442866348247534e+00 -2.661282161064468710e+01 1.915420673783826544e+01 2.213475007767759095e+01 -1.173158720596789806e+01
-1.431181594760953857e+01 -8.515912604795374818e+00 6.524711679132428443e+00 -2.623212064324342396e+00 2.077074247088340542e+01 -5.765025039577437171e-01 7.301774916030264961e+00 -3.093493192314322471e+01 -1.333717317237910471e+01 4.180175945909383906e+00 1.225695464486023489e+01 -1.124124540120885252e+00 -2.787830238590602150e+01 -8.354752608156990057e-01 -5.902576469556791494e+00 2.298628021411833444e+01 -2.837176560169612571e+01 -2.126714869473494574e+01 -2.320107867994784812e+01 1.774502491213252853e+01 1.079992346962402294e+01 9.678995018784078752e+00 5.388527336163503101e+00 7.985118505312875037e+00 -3.318446139984537524e+01 -7.430574211051418132e+00 2.776285887100994287e+01 5.135768810756203839e-01 4.689296823704755646e+00 -1.859408958399020051e+01 7.216450077269023211e+00 -5.741304517262127760e+00 -1.062144455734878079e+01 3.941332893829878969e+01 -1.641935062870294360e+01 2.414177706947971913e+01 -1.357622244171136305e+00 -6.933659398931436790e+00 3.327850916906034939e+01 -2.378766656113210232e+01 -5.086908860686643052e+00 2.446046224300160787e+01 -2.802752176703394493e+00 1.352402803070265769e+01 4.674649282373421144e+00 -1.935836441434435429e+01 -5.374921002122758473e+00 -1.489425808067362489e+01 2.344857673453280356e+01 -3.446919647605674264e+00 -2.151552493296738078e+01 -2.588676281023941073e+01 5.625294877469378285e+00 -1.866481418852763596e+01 1.271048207422769138e+01 -2.474534661641510525e+01 -1.369976171046191915e+01 -4.811538771483249377e+00 -1.932357453068385311e+01 1.652117168023464444e+01 -1.391092875382883953e+00 3.467213632111138644e+00 -2.692256312345711944e+00 -1.202373957790331716e+01 2.298207208844268479e+01 8.318729099969456087e+00 2.878934993593616198e+01 -7.869032808040500981e+00 -1.231685451702002077e+01 2.100983567267887153e+01 -1.807782106224869878e+01 2.161632328224033373e+01 1.722641807850436280e+01 -1.393041618628735279e+01 -3.362745277437313440e-01 1.026468781292639854e+01 2.165068297845288825e+01 9.077184802204687486e+00 1.586677577028288866e+01 -3.239018935275915112e+01 -2.380077976498676140e+00 -1.114277870543438631e+01 2.977856213549881392e+00 -1.518974692222617762e+01 -2.537621879408098735e+01 1.245077430403955887e+01 2.410072968618604605e+01 -3.140508283313928217e+01 6.688142514444445297e+00 -1.779097585501553525e+01 2.167030088582951652e+00 6.895976176610099095e+00 -5.868264928438215122e+00 5.339493161570762148e+00 -3.281670379845042618e+01 -5.205390394143883270e+00 -2.266545657717017193e+01 1.743625250446612895e+01 1.828204908310674526e+01 -1.503110373789153975e+01
-1.231535151721528898e+01 -5.412730003065492568e+00 9.679607185598472441e+00 -2.596590401177062191e+00 1.870466337169447968e+01 2.536069223810220041e+00 2.217902239481494675e+00 -2.949909283999702581e+01 -1.564125479295669230e+01 1.593495037003401338e+00 1.538444266560117235e+01 3.066305519582546601e+00 -2.378688587954171751e+01 7.775949684819620789e-01 -6.967369780766787812e+00 1.908600856820265435e+01 -2.279962148126900345e+01 -2.677529920395262053e+01 -2.462894436035131562e+01 1.326818217610232331e+01 1.338613299305090187e+01 1.243095703011352526e+01 4.170107681006265388e+00 5.838117512923195029e+00 -3.373724185724045554e+01 -1.063087234359498545e+01 3.121433782828581727e+01 -4.792093429427501050e+00 -3.726050608523654439e+00 -1.613454001212108579e+01 6.712712163059468828e+00 -5.621668264695055761e+00 -1.002033355697475869e+01 3.899988986080953168e+01 -8.086464552178222576e+00 1.823961997277280744e+01 -2.772672789551833716e+00 -8.268429780726798128e+00 2.729156042909441382e+01 -2.307816724180370471e+01 1.558662201984011508e+00 2.977974391871375914e+01 -3.127282721912042707e+00 1.676210216914019213e+01 5.462484708099157871e+00 -1.733023822838447003e+01 -4.898363079433242007e+00 -1.186197957872661135e+01 2.184201155104400982e+01 -9.814143108579532537e+00 -2.387688763767086897e+01 -2.443227675559974799e+01 3.156212102097589511e+00 -1.814197490591688577e+01 1.261187781341129188e+01 -2.524286913618600892e+01 -1.682989848237505726e+01 -6.689953737619456220e+00 -2.101265201201580979e+01 1.049817847964919970e+01 -3.725855195212591564e+00 8.222637669426623219e+00 -3.375786060690835200e+00 -1.175824974617952634e+01 2.486700762813866206e+01 3.186915928293275968e+00 2.780694905815846241e+01 -5.900513102961704170e+00 -1.511584928453944165e+01 1.603783498172979805e+01 -1.561443814920889395e+01 2.339026460926360684e+01 2.036882529489647808e+01 -1.334421722166604241e+01 -6.429082711582825738e+00 1.019594425239555591e+01 2.058326960453844379e+01 9.320777937645519984e+00 1.428991157724286687e+01 -2.914129849251196802e+01 -1.335248661533939796e+01 -8.752370395181554130e+00 1.017912927158344338e+01 -1.247014996665638797e+01 -2.415949016239894576e+01 1.171453178018902719e+01 2.772831362940648958e+01 -3.435032585413879502e+01 2.815760152750998113e+00 -1.064624529333412006e+01 -4.314723274869311509e-01 4.436488991449621722e+00 -9.391850451487121276e+00 7.803926495376587447e+00 -3.232669246456411116e+01 -4.873441724915640094e+00 -1.598931001954129094e+01 1.358589070259931297e+01 2.217284310567344008e+01 -1.603905057118159760e+01
-1.249934201158342795e+01 -8.446074312951147078e+00 1.605551458683517652e+01 -1.374174413752900925e+01 2.511096657019759704e+01 1.145873018683242206e+00 4.193842280066648165e+00 -3.131681679612854552e+01 -8.283325694528409500e+00 2.803608722977010359e+00 1.580643798217107232e+01 -5.936403981113833161e+00 -3.723983681351406716e+01 -4.644040948458807883e+00 -8.605230838273081773e+00 3.302943410110624711e+01 -3.963145512477603916e+01 -3.133164244578379964e+01 -1.477307243919980451e+01 1.973274814618576301e+01 1.387760562457949298e+01 1.635942509223104935e+01 7.494052726105338458e+00 5.926040266754504238e+00 -3.420846883461678800e+01 -4.527365777828182836e+00 2.935304857624447550e+01 6.325550993295897761e+00 5.366295772546434861e+00 -1.502386518094467505e+01 9.783568148342387971e+00 -1.481353267100727678e+01 -1.386329198053531186e+01 4.352913428787320527e+01 -1.944104453233758889e+01 3.113491048189896304e+01 7.583124273473178523e-01 2.294725242520691655e+00 3.613945626954242840e+01 -2.877807963551613923e+01 -5.475188780477722617e+00 2.195214909380869273e+01 -2.075200409279854608e+00 2.462420953161067061e+01 5.862237109221592135e+00 -1.466356780036869978e+01 -7.805462315484040126e+00 -1.847146439283501351e+01 3.676054236456077717e+01 -6.078194927534254610e+00 -2.782177414706038121e+01 -2.152972060428385248e+01 5.486961601107512188e+00 -2.743209175478166628e+01 1.753632179793606483e+01 -3.283104953529092995e+01 -1.315805969495558081e+01 -4.212118443156517067e+00 -1.033849129540612921e+01 7.642841430617399290e+00 -2.145286376878979162e+00 -5.738129271143691312e+00 -1.411400445200629861e+01 -1.414002044864603569e+01 2.416752906119666733e+01 5.490643867661131772e+00 3.189469840477303819e+01 -3.770088853136896567e+00 -1.360666671273098416e+01 2.686353046569533731e+01 -3.029545579499462349e+01 1.804897908502410786e+01 2.283369571269138731e+01 -9.528115782964379221e+00 4.526997320801570690e-01 3.851935286327479613e+00 1.966741014326171921e+01 4.595686478034638256e+00 2.601943709736394084e+01 -4.072857016762382898e+01 -6.009801950239796575e+00 -2.559935862390772865e+00 -4.484892859294543621e-01 -1.939452100180153948e+01 -3.641333367336859084e+01 2.327609202048152071e+01 2.978805732016455110e+01 -3.531355638917192152e+01 2.297610270707625357e+00 -1.163535652912539398e+01 1.338630967839987740e+01 1.169858809435874214e+01 -9.993290419300242533e+00 7.025795393402977318e+00 -3.761333247524995471e+01 -3.405555002815178867e+00 -2.058875918621884438e+01 1.098481694693832900e+01 2.262163141393992660e+01 -1.154158941958567475e+01
-1.379318734041529382e+01 -7.614822342688010615e+00 5.131339206531145614e+00 -4.126249794467159226e+00 2.021410333851330421e+01 1.839427417698962453e+00 9.522573036427839810e+00 -3.265077390707917715e+01 -1.643211481096077620e+01 1.609211241814525739e-01 1.490033545258467207e+01 2.584060996433825252e+00 -3.239014956708964377e+01 -1.221671453585489120e+00 -6.057685322527523120e+00 2.312248650738597533e+01 -2.383780317511156355e+01 -2.443833352300211104e+01 -2.276459634009867727e+01 1.529381369970522009e+01 1.318538996901022564e+01 1.230693007065757527e+01 2.866083038524660065e+00 5.886174815642484681e+00 -2.556791378891891497e+01 -7.338494138271621559e+00 2.834775057971252821e+01 -3.960571183409876017e+00 3.873637542048942617e+00 -1.759524349820741307e+01 7.921509962880357136e+00 -1.171947140166995105e+01 -9.448951471155051962e+00 4.004947365497815781e+01 -9.662645078031967927e+00 1.481771553712365730e+01 -1.051642163913255823e+00 -1.630688704928789434e+01 2.920100689681234840e+01 -2.606385740444878962e+01 -4.068710739707695367e+00 2.529210972797125123e+01 -5.888859460672285273e+00 1.700017167469924928e+01 4.807653577251906007e+00 -2.046356550633633020e+01 -4.779892118892425934e+00 -1.206336520264349055e+01 2.464675797005226698e+01 -5.047014623930481392e+00 -2.829354211212888970e+01 -2.861762478520284603e+01 1.768042344083351258e+00 -2.000417260774380779e+01 1.385887889333539569e+01 -2.909680217493963639e+01 -1.548077365412314599e+01 -1.705665130443234201e+00 -1.981369966970073193e+01 1.492585701840104662e+01 -7.195887745612602693e+00 1.267112364598169982e+01 -1.307166524981409061e+00 -1.171264063274045775e+01 2.294396402178466587e+01 5.624407800044644468e+00 2.759679346642460729e+01 -1.225373983842996140e+01 -1.190097857987060692e+01 1.621770686406953033e+01 -1.434664372460885495e+01 2.090671267541010536e+01 1.992301093270633316e+01 -1.796302430700765385e+01 -6.008913868776276423e+00 8.230286351598460115e+00 2.198258314075143005e+01 1.240342669573386125e+01 1.368395573181616598e+01 -3.577475993536538823e+01 -2.154295162356164806e+00 -1.171232260115169410e+01 5.442551458238836126e+00 -1.284670724200133840e+01 -2.753414311592397112e+01 1.633109402021698742e+01 2.875514811405130899e+01 -3.272958329842624181e+01 6.048630472822405402e+00 -1.550252129831642023e+01 3.110541301109823742e+00 5.085643745519558223e+00 -3.059476826023984852e+00 3.407559168921816539e+00 -3.086390036532509029e+01 -4.175076266418441762e+00 -2.428141559927334114e+01 1.556913263541816761e+01 1.673909972247413336e+01 -2.149304982586747670e+01
-1.505784534276331854e+01 -8.687270513685803053e+00 7.633861605680604789e+00 -5.959110897667547757e-01 1.968734237266189524e+01 7.033245026346889972e+00 1.783930656623593514e+00 -3.011698803638137178e+01 -1.679749436696666010e+01 -3.176856759351061488e+00 1.142430651185034662e+01 1.223223669957770765e+00 -3.031447415685849478e+01 -1.416941536658619660e-01 -9.213867719523285871e+00 1.786009538406471009e+01 -2.159068079884792368e+01 -2.579924057580064911e+01 -2.483784646232365745e+01 1.665843104760050863e+01 1.499765317161594780e+01 9.362136522725538867e+00 2.196464904903626003e+00 4.322999175057635313e+00 -2.533207399972076246e+01 -9.555435854650667693e+00 2.427445317239273237e+01 -3.577224792862788938e+00 -2.216055099776634632e-02 -1.887653227325220584e+01 6.927479602139374748e+00 -7.980797076469650086e+00 -1.487125063891293664e+01 4.173613201115499294e+01 -3.014285878518940809e+00 1.568128176282794861e+01 -1.083154875167611886e+00 -9.594781994858907481e+00 3.076914604727484814e+01 -2.226046556599582260e+01 6.085941414085946910e+00 2.742606008021358122e+01 -4.009842527973008330e+00 2.127558057377903467e+01 4.968189749830628443e+00 -1.432474363808708517e+01 -4.469599489676156168e+00 -1.459517575541185508e+01 2.486273003802980952e+01 -1.197116944262681137e+01 -2.498693128286618048e+01 -2.535414426460950210e+01 2.563318376215896865e+00 -1.813318190945747688e+01 1.078680919112990111e+01 -2.645252425192787271e+01 -1.583414863061017641e+01 -6.535536016731252396e+00 -2.410886059120099389e+01 1.878119291800076596e+01 -9.209376299782698894e+00 1.425983118923779180e+01 8.787211591184925785e-01 -1.436881557920525232e+01 2.390206593042942274e+01 5.962013907081834319e+00 3.038104516575613445e+01 -6.275851353345724526e+00 -1.437745129064158256e+01 1.364990766595615490e+01 -1.753575243515769699e+01 2.451816887750174700e+01 1.885949879939069618e+01 -1.518688624361753448e+01 -2.356611632297691106e+00 1.066971046185064154e+01 2.579738420537798405e+01 7.050286392939161040e+00 1.275379239315599378e+01 -3.034045035018342062e+01 -1.021833331521025912e+01 -6.081021187702694064e+00 9.445090195138739375e+00 -1.498655530853748807e+01 -2.489856121179694526e+01 1.047418596714413042e+01 2.833483393852316468e+01 -3.412200030477215051e+01 2.240288339877128110e-01 -1.071018988169347708e+01 2.894248126814311650e+00 2.686194053565159834e+00 -6.940922725349214062e+00 4.621096804108923983e+00 -3.214581211943052352e+01 -4.998927020877004246e+00 -2.370303507939464183e+01 1.173937471392278376e+01 1.819481788606136874e+01 -1.759373523656462623e+01
-1.422158818541262804e+01 -5.464956774011582752e+00 3.522894094121202357e+00 -2.436401056468664006e+00 2.067341506082058800e+01 1.634676732168975244e+00 9.564453239054802935e+00 -2.849963155176827811e+01 -1.485879104332354572e+01 -2.436746434690946650e+00 1.270274904231781576e+01 4.974519531931367311e+00 -3.032047503160632829e+01 -4.065069647672991948e-01 -6.560361449285101010e+00 1.241365137273998620e+01 -1.596633526879621812e+01 -2.649324353142544197e+01 -2.580717281732900759e+01 1.732172239104670908e+01 1.420906736248215374e+01 8.699295837264266140e+00 1.200772091058983415e+00 9.980677182495610866e-01 -2.291295280951867142e+01 -1.286149981180331459e+01 2.767581677922979111e+01 -5.843325367520677105e+00 1.471824164816296410e+00 -1.787663922783444903e+01 3.535599174589528992e+00 -8.657488957986970490e+00 -1.048917028976531007e+01 4.275945342562507534e+01 -2.670582954062202585e+00 1.078298836351479828e+01 -1.027628417358874202e+01 -1.666791493447988870e+01 2.480819686819689096e+01 -2.537495754597238928e+01 -1.082425437419002323e+00 2.751963630277973394e+01 -7.593729207483840504e+00 1.679552966896765298e+01 5.786505890565665666e+00 -1.951409788174995441e+01 -5.887268925844355572e+00 -1.484269292156535158e+01 2.523736688858278399e+01 -1.320482802229851416e+01 -2.355595783946845856e+01 -2.869487869299500460e+01 6.249038256860037777e+00 -1.547606663690257278e+01 1.033417306982425288e+01 -3.087774068249805026e+01 -1.823809426344249474e+01 -7.496963776434439453e+00 -2.288871222119756155e+01 1.801244683187694662e+01 -1.070366060481352477e+01 1.471525306890440810e+01 4.512257653244264866e+00 -9.682488138166396752e+00 2.503658665183067100e+01 5.956882778847341520e+00 3.082143967978031895e+01 -1.426945062949583765e+01 -1.371755375392396381e+01 1.280389644928413873e+01 -1.576001493447212987e+01 2.265205473639873546e+01 2.113608365835409231e+01 -1.946078350104470189e+01 -7.060042531459857607e+00 7.703622446447051075e+00 2.299695701819342020e+01 1.072985036998392694e+01 4.869519215293713899e+00 -3.236495275339773769e+01 -6.437289129961948575e+00 -7.928041278673680026e+00 1.067307719430957924e+01 -1.251139380969099157e+01 -1.753357627372303540e+01 6.756244644304994829e+00 3.063982027994400426e+01 -3.271752217243514593e+01 1.884364872748331976e+00 -1.244209811513448116e+01 1.564627983606786676e+00 2.934300281106791974e+00 -9.486133961274031634e+00 -3.150951448857844728e+00 -3.330302506334014367e+01 -4.926232988112400513e+00 -1.501212443926899809e+01 1.641403910055650783e+01 1.390590194180632722e+01 -2.587813701768888208e+01
-1.251479019800862957e+01 -1.355563342024402118e+01 5.929402274643548409e+00 -3.794490793255198557e+00 2.013661819330823732e+01 -1.354679084020887103e+00 1.063923981122339413e+01 -3.155119739772409915e+01 -1.858750119040845661e+01 2.500990982413624053e+00 1.429860298980242739e+01 -1.703642743176428276e+00 -3.030982734571828274e+01 3.550739556954515042e+00 -3.541100091682687356e+00 2.407193901707038464e+01 -3.191382010656171175e+01 -1.950267519162590801e+01 -2.403085507284886901e+01 1.482276225947845383e+01 7.790065776313213064e+00 1.319870246252468249e+01 2.073302528347361895e-01 9.937183549279957617e+00 -3.318072331384520623e+01 -5.735887840829971829e+00 3.222691505959591751e+01 -2.974057159129851691e+00 3.144044091496639659e+00 -1.493873598586429097e+01 8.849492454281154608e+00 -9.606208482970069795e+00 -6.718629897292036190e+00 3.683350796355861689e+01 -1.711031353811696576e+01 2.057568393069436397e+01 2.334481087828637058e+00 -3.013539968569962202e+00 3.126993243886897744e+01 -2.732920537531615324e+01 -5.083502240989309584e+00 2.616474606557439131e+01 -2.528817068705794480e+00 1.075449381862818754e+01 6.725425623704363254e+00 -2.333633603610485352e+01 -4.650009510431697635e+00 -1.306411344948324960e+01 2.087188291586656774e+01 -2.471645300543792168e+00 -2.409346263317412351e+01 -2.717598498377583383e+01 5.561980174032071567e+00 -1.574816351303473994e+01 1.755757331003092858e+01 -2.225228403224637219e+01 -1.369302092680190697e+01 -6.790437771119004928e+00 -1.692208146427522664e+01 1.767191748199014256e+01 -1.322257322563312743e+00 4.539234728440836975e+00 -2.939717967062495330e+00 -1.589662198521195258e+01 2.214207181255631340e+01 3.108512443014929350e+00 2.805334714864485690e+01 -1.484373996706758803e+01 -8.443922949381132526e+00 1.965040685099279116e+01 -1.799715347025419376e+01 2.227142303935690393e+01 1.930896812867950629e+01 -1.317977420432677604e+01 -3.171618725462406196e+00 8.399780461471497262e+00 1.969098770525337727e+01 1.290434283532947823e+01 1.601165691937429614e+01 -3.421840994727094198e+01 -2.741156304999538218e+00 -1.121424390084485978e+01 6.380893856625043270e+00 -9.552203199267397693e+00 -2.966726044701273679e+01 1.441439396813542295e+01 3.213051197113674817e+01 -3.239490192449085981e+01 6.952984990538814358e+00 -1.409871120760012531e+01 2.887874689542050177e+00 4.417857827302201557e+00 -3.735722533463251338e+00 7.123974168069803881e+00 -3.686334945227243054e+01 -7.246149449429876377e+00 -2.303778598073171580e+01 1.199571698313985024e+01 1.802845634563675503e+01 -1.722794874288310396e+01
-1.127782916074129460e+01 -8.322556979931443166e+00 1.026824069859899602e+01 -1.295226141412063825e+01 2.205912594889795386e+01 -4.767129329230137547e-01 7.188284438107141128e+00 -3.157512260115341718e+01 -7.990082635825942248e+00 1.740519252641523851e+00 1.768805871995995815e+01 -4.485037999890595373e+00 -3.389205285344652196e+01 -1.699800979253766053e+00 -6.240850050574787922e+00 2.710191381050774240e+01 -3.394913969162139011e+01 -3.141035959759577167e+01 -1.937356807630344591e+01 1.930905096375440166e+01 7.508177667193778326e+00 1.339279659288866142e+01 5.740057844160793010e+00 6.130691763779807957e+00 -2.955194477215093940e+01 -9.096092261242002763e+00 3.286077960217189542e+01 1.073137813495608661e+00 3.208896869723485423e+00 -1.576250787627777328e+01 1.059324834509510715e+01 -1.395149621643547277e+01 -9.655880476864187045e+00 4.272771583454117206e+01 -1.407324911813011958e+01 2.473008230425206833e+01 -3.103942086199456440e+00 -2.151784910904469772e+00 2.976609390863502114e+01 -3.067467843051723264e+01 -5.711774331971689378e+00 2.729368118550020839e+01 -1.497191317655624854e+00 1.984110990079917158e+01 4.840263714326108690e+00 -2.020177507514496185e+01 -8.469853257303281424e+00 -1.793666212541544880e+01 3.045339438522773534e+01 -6.406082518405789905e+00 -2.401941700074200980e+01 -2.300507767667345149e+01 4.889690658484140862e+00 -2.101222942590520049e+01 1.776050552225888168e+01 -3.104290901298172756e+01 -1.665738637571383762e+01 -5.936118121089193345e+00 -1.215858369353482260e+01 1.342779222298081621e+01 -4.324952907287334725e+00 -1.269200868515685254e+00 -9.041379422268912336e+00 -1.169018389363652055e+01 2.540224280784947197e+01 5.162336284000216047e+00 2.959230122856485679e+01 -7.275873228658728209e+00 -1.116547591156825980e+01 2.327098055291491363e+01 -2.802991461382676164e+01 1.963602093616315614e+01 2.773133460540459083e+01 -1.414807256698229843e+01 -8.887724913692267581e-01 2.872923881471216578e+00 1.710050793293632054e+01 7.921343078826263095e+00 1.886934191946455996e+01 -3.753664172667836851e+01 -6.153974889644693747e+00 -6.142920500465886668e+00 2.081797788728288356e+00 -1.372426215858532750e+01 -3.340704596940437199e+01 1.966441433303796060e+01 3.375034044607460260e+01 -3.446039305297554733e+01 2.638932083524992755e+00 -1.024249056277654724e+01 7.893047295198598157e+00 1.064624961971580852e+01 -1.172195874394661708e+01 3.416832183920358812e+00 -3.626598901947758691e+01 -3.555857722261742460e+00 -1.483155979684062764e+01 1.629878446886965193e+01 2.047421055344912588e+01 -1.855714357822269633e+01
-1.113039127373074066e+01 -8.479998040770045264e+00 3.902362965216936264e+00 -5.021432019676064229e+00 2.450992327938431359e+01 2.859067347146124760e+00 7.471573462486411188e+00 -3.155406858069332543e+01 -1.361705348655280190e+01 -1.193777513683539793e+00 1.391677524757735362e+01 3.221655740505335874e+00 -2.737189261569272603e+01 2.677251728394337782e+00 -5.417773271187938278e+00 1.780929630655906948e+01 -2.559165238363103256e+01 -2.927652884994694560e+01 -2.374895018936367208e+01 1.813542001525460989e+01 1.203336075181770504e+01 1.058283700624535228e+01 3.516743196242987590e+00 2.430473941842565377e+00 -2.718796406088447171e+01 -9.913787416921650220e+00 2.812349209580076703e+01 -5.598715009632695860e+00 -2.091427774022427410e+00 -1.546258133848500727e+01 5.604100036103461413e+00 -8.939106184392274557e+00 -7.059093106442587029e+00 4.159007166104517950e+01 -6.712661219407278779e+00 1.632286876641427753e+01 -3.688191350386739398e+00 -8.812309363771113624e+00 2.695615639118835816e+01 -2.781378109783888419e+01 7.045049061402014479e-01 2.876837478578459084e+01 -8.074010388121553916e+00 1.794908109569822230e+01 6.456007503363820454e+00 -1.783164443865455695e+01 -6.505632042035412788e+00 -1.529155130286263820e+01 2.688534343543414451e+01 -1.049837276989049073e+01 -2.430618963379028941e+01 -2.627739078079045854e+01 1.006004218943471251e+00 -2.014668040454075282e+01 1.778168319741821435e+01 -2.645368054000164193e+01 -1.889664052495939117e+01 -7.732010039484410235e+00 -1.978896924084722642e+01 1.761359361692866088e+01 -6.317276699517872629e+00 1.021526762771305386e+01 -2.401146271484459582e+00 -1.198689325675754347e+01 2.285870022969319848e+01 5.218453676700966604e+00 2.929453787826987465e+01 -1.086986166743523619e+01 -1.447353678168187407e+01 1.716861011744307319e+01 -1.995240283138528525e+01 2.107621045438494889e+01 1.912015164072558093e+01 -1.537615291871133572e+01 -5.510391790466996120e+00 7.957541605237941518e+00 2.110915804525424022e+01 7.104775330385790788e+00 1.530856552738239706e+01 -3.460502518553563078e+01 -8.769078654400381367e+00 -6.919236505264133363e+00 8.606502167998673514e+00 -1.661514768576369150e+01 -2.576576778378317556e+01 1.311928548479072809e+01 3.169117969439382776e+01 -3.655568268215237282e+01 2.582820798251896477e+00 -1.076920221155930157e+01 5.412238433566429308e+00 2.399614701425052843e+00 -8.345284666453840927e+00 2.363943764593301466e+00 -3.256469944390426718e+01 -2.343706514222466453e+00 -2.039861207609245142e+01 1.307238469314582119e+01 1.896166621792398033e+01 -1.905124486400815798e+01
-1.260358885673316642e+01 -7.192441515808235764e+00 4.171034308416996517e+00 -4.554718448095022687e+00 2.182965198378334293e+01 2.354353631027760851e+00 1.112094244271935750e+01 -2.822454563864603472e+01 -1.349465403451577750e+01 2.678926275695002523e+00 1.310114008676157304e+01 4.923073315133948968e-01 -2.920475354442823601e+01 1.396627046559755225e+00 -4.936605931987357643e+00 2.001161251184742440e+01 -2.194898245528577263e+01 -2.428945132809271357e+01 -2.608940486812016246e+01 1.600700174624466499e+01 1.307398822611314237e+01 1.380435094422711195e+01 3.509328851429180496e+00 4.599258074479554814e+00 -2.840049092224257166e+01 -9.770532125810570179e+00 3.181302941567021847e+01 -4.214498393092668493e+00 4.246643080175307006e+00 -1.544580844497496308e+01 6.506355420876771767e+00 -1.051438000837460329e+01 -6.855577799031013164e+00 4.180822715001386314e+01 -9.729119963029376095e+00 1.372122452835930950e+01 -6.622431268433460083e+00 -1.074426012870759450e+01 2.481379659432051454e+01 -2.918312228908849804e+01 -5.678380497563673579e+00 2.365100250002543802e+01 -8.010685938752905244e+00 1.495215382264002990e+01 5.853547811182017391e+00 -1.834538365333298060e+01 -6.713476700848027612e+00 -1.438834510259479593e+01 2.187709106448200913e+01 -7.420077201552870427e+00 -2.737002358176728833e+01 -2.902673687008259407e+01 3.525421351443768003e+00 -1.738840250400315313e+01 1.466747669036745449e+01 -2.787763345614540711e+01 -1.725093140407428649e+01 -2.773666650636269715e+00 -1.620572214064928573e+01 1.627770550117889670e+01 -6.469106344663428487e+00 8.716566227348415907e+00 3.724331924909158431e+00 -8.808905867436699566e+00 2.273126000102941902e+01 6.123248084111599709e+00 2.930764561449869987e+01 -1.409090608737573724e+01 -9.359252340080862709e+00 1.288455044552146411e+01 -1.620758679510549527e+01 2.030271138397984387e+01 1.871555498587775901e+01 -1.919526225037375866e+01 -7.826451251731927350e+00 8.130089098009428028e+00 2.353303612995240712e+01 7.934000660043790454e+00 9.744266536257253364e+00 -3.393035879440206770e+01 -4.563614111346921298e+00 -1.231971469585477763e+01 7.984089428784369780e+00 -1.280237557110772251e+01 -2.272386877256854021e+01 1.271579877363060973e+01 3.017109939531234630e+01 -3.341863848720034014e+01 3.215178400378025270e+00 -1.694763258532684347e+01 3.368775644951888637e+00 5.110429935389232625e+00 -4.770033277060178101e+00 -2.161376588122605913e+00 -3.577350793474510482e+01 -5.123776167930843783e+00 -1.998119844751104424e+01 1.309868522708812577e+01 1.426963182014836562e+01 -2.218870925777551051e+01
-1.419484132866449677e+01 -6.729332680402809075e+00 2.714451964658552985e+00 -6.523727312359068886e-01 1.840873811657180781e+01 4.007427036327399605e+00 1.994779201787202805e+00 -3.102467259419887213e+01 -1.656299516608311961e+01 -9.180577490658400341e-01 1.375257777490234368e+01 2.231268519564219288e-01 -2.400437226209534458e+01 1.768756066561075091e+00 -3.834764609738822383e+00 1.699056883297982523e+01 -2.558700375653340231e+01 -2.592290614141706229e+01 -2.817910154467566741e+01 1.699012244214905820e+01 8.011754247625340497e+00 1.051779520171494475e+01 3.466742719954280627e+00 7.636320243629604931e+00 -2.930097087021509594e+01 -6.090038176660498515e+00 2.550862677025238412e+01 -8.689958781312054903e-01 3.245822556789467739e-01 -1.649194920117034613e+01 9.456891115097967315e+00 -7.087484715143292036e+00 -1.089243618190921836e+01 3.613877077632362500e+01 -7.882043020930662891e+00 2.287859576774523873e+01 6.995636952873637293e-01 -7.771465340691348089e+00 3.305960450110358551e+01 -2.183637299593470260e+01 1.553685598379948463e+00 2.887452559882852299e+01 -1.273314086000747469e+00 1.612775641976164209e+01 5.372913518075674411e+00 -2.069762358280594938e+01 -4.481033049823182068e+00 -1.330101877190797666e+01 2.040475953964282496e+01 -6.836093359323524687e+00 -2.013843195509144479e+01 -2.552991698819363364e+01 3.732635699516281491e+00 -1.635449610842423951e+01 1.557361326827014025e+01 -1.870263836085859310e+01 -1.444320332168430276e+01 -6.012639558943456919e+00 -2.315924273806423983e+01 2.232723519659088751e+01 -5.982434943256512483e+00 8.406394138046636044e+00 9.442954081451755410e-01 -1.216889286713517748e+01 2.414789583610349410e+01 2.986071949326626118e+00 2.808728730920357464e+01 -4.329450569967045581e+00 -1.335401901244365597e+01 1.550468043512350036e+01 -1.204248233864886330e+01 2.289271356689997461e+01 1.779909124641130092e+01 -1.448108179173333454e+01 -2.506579149077707402e+00 8.737263380337761731e+00 2.218044764737400243e+01 6.486536311225931328e+00 1.249539191462551457e+01 -3.041670891218768347e+01 -9.098922466587005431e+00 -1.087875696814448467e+01 1.018835350697986541e+01 -1.075705756977396454e+01 -2.364125901692588627e+01 6.606881820083191137e+00 2.361973567166837640e+01 -3.055294270168859683e+01 5.895926338251086030e+00 -1.348169399875865793e+01 -8.760974043490902252e-01 2.211937495016732758e+00 -8.848584264177999259e+00 5.741021295327453089e+00 -3.216128848984146060e+01 -5.529305524067704702e+00 -2.131471520468624448e+01 1.484506064945124848e+01 2.028222914957596856e+01 -1.321804097270024236e+01
-1.442857538574368270e+01 -8.550535733395271620e+00 1.080979246196478094e+01 -8.328862839445724475e+00 2.382253806509460503e+01 3.532254852740393858e+00 3.066447358555835834e+00 -2.827225830213058799e+01 -1.186005413521842655e+01 1.769559981470104848e+00 1.436849166456258509e+01 -4.570351105121996049e+00 -3.312117027269738401e+01 -1.081089199006809887e+00 -5.674518852037184757e+00 2.610481040647655959e+01 -3.344544991268268319e+01 -2.844107379318551310e+01 -1.759430709430141349e+01 1.895225238661453560e+01 1.300253665272106218e+01 1.239473242824578314e+01 7.501420650727641970e+00 5.520702584270591018e+00 -3.166239592440011918e+01 -4.365555988442531010e+00 2.636311820773958914e+01 4.423895292752265007e+00 4.611405291167026022e+00 -1.559722450539900329e+01 9.042334136774803355e+00 -8.568136425157764080e+00 -1.293896792784940430e+01 3.846061989066291176e+01 -1.465576672845722328e+01 2.775895172553903834e+01 -2.087295429836280469e+00 -1.985391539337885702e-01 3.428251659744326929e+01 -2.674377725467151024e+01 -4.359051939269051879e+00 2.265192803555956402e+01 -3.275820522890119602e+00 2.248667239183560795e+01 4.973728073503540514e+00 -1.557767591508930316e+01 -6.115186199210997486e+00 -1.697172068642878529e+01 2.962868740794168687e+01 -5.621875522545707327e+00 -2.267606762016082556e+01 -2.311502860959173589e+01 6.050079330459779747e+00 -2.027000212077346220e+01 1.642273360373750535e+01 -2.806402885297283234e+01 -1.426055718014519158e+01 -5.004796538354216118e+00 -1.499006615681690491e+01 1.368293471169229925e+01 -3.597233706769647377e+00 8.218374305185170980e-01 -6.861555682895759567e+00 -1.481196318571983461e+01 2.392676796032538178e+01 2.809505881975371100e+00 3.162057578840750693e+01 -3.854352951283064321e+00 -1.517669158228485671e+01 2.303446789751142632e+01 -2.447327032858799001e+01 1.798247220819907355e+01 1.968350451333579443e+01 -1.213012007689050797e+01 1.599745874615015273e+00 5.038560940842482516e+00 1.999982388567165259e+01 4.897338117237133304e+00 2.098350916364992358e+01 -3.534598932733468502e+01 -5.890112300603579598e+00 -2.954969958863208124e+00 3.139608397570859744e+00 -1.460441453471834627e+01 -3.029840455134886312e+01 1.680881951132080943e+01 2.909919264695350094e+01 -3.160486206440586443e+01 2.033714266951910599e+00 -1.117257670727346941e+01 6.616805498542341901e+00 7.770008033430303662e+00 -8.627999167377556233e+00 4.993232360728842245e+00 -3.475475926158517836e+01 -5.252781371095665897e+00 -1.921910782663007922e+01 1.325414502494004054e+01 1.934551571653839375e+01 -1.256364928565714933e+01
-1.283833827346219358e+01 -1.055344588158801500e+01 8.122362416365891846e+00 -4.845471906177795773e+00 2.148204269935748556e+01 -7.283626773973992385e-01 4.560965357865202741e+00 -3.284510595282672085e+01 -1.582053962974239170e+01 1.549946063495237558e+00 1.785306634818154592e+01 6.368800489585713098e-02 -3.045226062380365661e+01 6.153710650952722849e-01 -6.608639538217956577e+00 2.115543148210996804e+01 -2.908298538749848916e+01 -2.165714828984318530e+01 -2.509381221057536848e+01 1.472663868848185054e+01 8.659998022138724494e+00 1.303360408861696307e+01 3.688223688335754868e+00 9.349510971207992682e+00 -3.337575913587192389e+01 -7.132494602951084950e+00 3.370160157343776319e+01 -3.842262307322748427e+00 1.840331948182952759e+00 -1.578397650583416478e+01 7.298354720562234554e+00 -9.561463805785086478e+00 -1.028496847475709686e+01 3.794654333636233901e+01 -1.304578811392312687e+01 2.090405012290537101e+01 3.784114196919991513e-01 -6.713827918134282591e+00 3.094887746482391577e+01 -2.774165484671427606e+01 -9.168335209376163308e-02 2.889113258413810925e+01 -1.087015546470277982e+00 1.484085175703691917e+01 5.534221721982630626e+00 -2.272770182121494287e+01 -5.372199227593420723e+00 -1.532221935108615440e+01 2.212523200887886787e+01 -5.363918737433154504e+00 -2.459752453020290375e+01 -2.738921400224133151e+01 2.919638566886256115e+00 -2.126746856745283054e+01 1.523147823049215610e+01 -2.383052408194230409e+01 -1.748487917317378404e+01 -6.566960467376809163e+00 -1.880063402127002803e+01 1.567685063514196031e+01 -3.565058330608473103e+00 8.253502262589046623e+00 2.649486785037210024e-01 -1.401777415225524948e+01 2.215443608417356458e+01 5.478166645631396214e+00 2.828982258174951880e+01 -9.407913797703162828e+00 -1.259458609773326465e+01 1.770497315525339133e+01 -1.766750061048609410e+01 2.458465586510476442e+01 2.095644007817146459e+01 -1.393582479691521847e+01 -5.083785108013490373e+00 9.638695667987496662e+00 2.075590014724766519e+01 1.253909682236838208e+01 1.537891711219476676e+01 -3.436754856385596213e+01 -4.347703391789914384e+00 -1.163900118790988536e+01 6.564189892194117526e+00 -1.086513287660526039e+01 -2.927280595598689672e+01 1.560834101123365869e+01 3.128801451791650834e+01 -3.549915872201775358e+01 4.366088011277240888e+00 -1.216525233850976839e+01 2.254765635140674185e+00 5.301417334526972169e+00 -8.227428408251078906e+00 6.778489381065321062e+00 -3.573215777722690234e+01 -3.841446509049528668e+00 -2.151450844577802002e+01 1.507414082109096043e+01 2.092632366828232549e+01 -1.736721706791740871e+01
-1.114719403963301403e+01 -1.070361969435049687e+01 4.265304666285898882e+00 -3.382702622753522181e+00 2.147405598563115703e+01 -3.353982122834352708e+00 1.162683725123532952e+01 -3.083104520478497790e+01 -1.848551909894906942e+01 -4.067297922513881114e-01 1.392289792104701540e+01 4.984403270761335492e+00 -3.085135888001546789e+01 1.137268997068889620e+00 -4.311397663142735759e+00 1.636729114014586628e+01 -2.304346981193525323e+01 -2.312030041413657599e+01 -2.456285972690452724e+01 1.588994986976736179e+01 9.457119064107452289e+00 1.096379629575468861e+01 -1.249309703819102141e-01 5.728486019121609374e+00 -2.878461300857518168e+01 -1.183886352794730534e+01 3.253422631459630310e+01 -6.999800622216736379e+00 -3.373873468334803172e-01 -1.671964470053379515e+01 4.080408103273096110e+00 -1.032597517215636529e+01 -7.787700372141142857e+00 3.958994106924184564e+01 -9.537773038347740595e+00 1.226823970802240638e+01 -7.003609966894307703e+00 -1.394576633820288514e+01 2.676167330364608432e+01 -2.835335333244728773e+01 -4.368865043457780928e+00 2.882201596305446856e+01 -6.093360398760527374e+00 1.254201732773817746e+01 6.403946533100160821e+00 -2.536595269222437921e+01 -3.652865139557611940e+00 -1.172431848090511863e+01 2.481161376654916495e+01 -8.331909986230302323e+00 -2.403792780899231474e+01 -3.062321033402582060e+01 6.107114096728176733e+00 -1.572380657409268245e+01 1.303767838552817793e+01 -2.862647838829585822e+01 -1.703200979785983904e+01 -7.674676275712760898e+00 -2.226481046060758828e+01 1.651025297180757789e+01 -6.425756694102830124e+00 1.237769896588066310e+01 8.715904041381876688e-01 -1.242269670762930467e+01 2.265962919821819810e+01 5.824433741952978139e+00 2.984905458982261095e+01 -1.795264298011944959e+01 -1.237600370921149562e+01 1.600000800680037827e+01 -1.465872033838981103e+01 2.411675238450421688e+01 2.053098938652169636e+01 -1.758527685969299625e+01 -7.282401190780767308e+00 8.309420672138188024e+00 1.944294675159250474e+01 1.546355870545865230e+01 8.043078024633006251e+00 -3.317221540728441198e+01 -3.825169965774852354e+00 -1.134810916362553357e+01 8.131253499161841702e+00 -1.203302359609288352e+01 -2.206810660309167105e+01 9.629868569716970583e+00 3.212427015299588362e+01 -3.568135102828605909e+01 6.926404534395236290e+00 -1.240394788773731349e+01 1.727605207118439790e+00 3.351219853171357510e+00 -7.873865222569086164e+00 2.216962417064157531e+00 -3.551407742593638517e+01 -7.132840626410963836e+00 -1.771616487908026016e+01 1.646431777276079700e+01 1.518889840061290109e+01 -2.426767037183635622e+01
-1.082645917776873290e+01 -1.280674945228697759e+01 7.667267260276747542e+00 -9.982634680006029271e+00 2.452774290171462823e+01 -1.121136199475345208e-01 8.910802163147875987e+00 -2.549321060236543346e+01 -1.368685937615849113e+01 3.653667223634511352e-01 9.944001777654159824e+00 -2.501782023841833347e+00 -3.414250644525512968e+01 1.330207974508620938e-01 -5.831583209131602885e+00 1.835406182301653999e+01 -2.865109103576786609e+01 -2.771254954042823115e+01 -1.996007588997652604e+01 1.895896253285104649e+01 1.227221631171515526e+01 1.108429827378836130e+01 4.990083342113526554e-01 3.105485411698716725e+00 -2.582948479158651978e+01 -9.289454650849023665e+00 2.662646753154226076e+01 2.654890160242617259e-01 2.589774133930965672e+00 -1.769700476361547814e+01 5.052064374029532345e+00 -1.235961980157300566e+01 -1.130289232518982878e+01 4.352931030285743219e+01 -9.845802715927272075e+00 1.613218613248393751e+01 -8.982423520090106805e+00 -3.814353742149624082e+00 3.100707277573084752e+01 -3.239685965788888211e+01 -4.636465082314541242e+00 2.297700995328074214e+01 -9.025029534171721934e+00 2.152550175973397018e+01 4.770161229745025544e+00 -1.758690657953319914e+01 -8.275832451357187480e+00 -1.608887027145760484e+01 3.287332104983652670e+01 -1.102138293606057040e+01 -2.271213050947952894e+01 -2.702307386746394968e+01 7.038561047500071943e+00 -1.663431069520576955e+01 1.397474563553905114e+01 -3.746558530176209700e+01 -1.710524142377499857e+01 -4.548713464532530892e+00 -1.795698013050763109e+01 1.617935418590694141e+01 -1.028907922239315731e+01 6.868367095724328131e+00 -4.956085364953582761e+00 -1.449347853848500201e+01 2.420037814723981384e+01 5.156946183320512134e+00 3.350304329427660122e+01 -1.200600726787462413e+01 -1.469008754776908887e+01 1.991998618639532737e+01 -2.592059157355178201e+01 2.037208599672812781e+01 2.197325645230950286e+01 -1.543943252716819892e+01 -2.779697279760056094e+00 3.427772707631043136e+00 2.095623253262742125e+01 7.390177106712697785e+00 1.272681671917628599e+01 -3.319738470450739953e+01 -6.892930592545463142e+00 -3.661591114483317089e+00 5.302335189003136939e+00 -1.816667465267669357e+01 -2.771022003214672935e+01 1.165656642635053331e+01 3.358933339163387899e+01 -3.381857235428341824e+01 2.422939924654145205e+00 -1.254548749065488344e+01 6.677914226390355701e+00 6.807266865767660491e+00 -8.835969137389636074e+00 -2.298495147657181548e+00 -3.389606668180216786e+01 -7.907785601586579283e+00 -1.517282780630859662e+01 1.452029930251089240e+01 1.343810304628949481e+01 -2.365041252483386813e+01
-1.228751361558231636e+01 -1.012504065387522800e+01 6.376246037362089503e+00 -6.394861716653808870e+00 2.372745719030536193e+01 5.862416162693558919e-01 9.581484496417791874e+00 -3.161124005779805657e+01 -1.535696557595573353e+01 -1.267964532446506087e+00 1.441571207465242033e+01 3.125575403015468101e+00 -3.563466716398915679e+01 -1.393259103714255542e-01 -7.530205152779306133e+00 2.349049790266982640e+01 -2.730891100648376124e+01 -2.785130021286643043e+01 -2.030968516936598789e+01 1.641139167472897498e+01 1.371267775308575843e+01 1.119890386520951431e+01 2.539736145456472638e+00 3.185207698989676928e+00 -2.784507916661578619e+01 -9.787425648510696519e+00 3.151494829959366228e+01 -3.126302838945937967e+00 2.778328270649686349e+00 -1.558693683218976567e+01 4.953176745997447838e+00 -1.173769097722784416e+01 -7.985299935246094272e+00 4.193613995211334355e+01 -1.031224176678952453e+01 1.554646571166778912e+01 -3.065552501653655781e+00 -1.059150447657693661e+01 2.646103699547506949e+01 -2.675902306427413890e+01 -3.929730730333788724e+00 2.480454037764052799e+01 -5.614310095009410695e+00 1.908814491350143072e+01 6.027933331536843298e+00 -2.190220345766731924e+01 -3.684916654537373049e+00 -1.323275109176293718e+01 3.012796760129146278e+01 -7.553001976982667287e+00 -2.708023314838417051e+01 -2.575968104001167447e+01 4.404890499270399218e+00 -1.994103234376486000e+01 1.689636292612717483e+01 -3.191653812147668035e+01 -1.497547554022716021e+01 -7.587481008862525300e+00 -1.763902569759905248e+01 1.296595148774930983e+01 -5.822087219994960705e+00 1.021813427707910904e+01 -5.481571825661186281e+00 -1.398477019779745945e+01 2.318192876693597526e+01 5.893619761466744933e+00 2.885938575773831261e+01 -1.256460568740064865e+01 -1.556162718210072171e+01 1.982862468831697811e+01 -1.919913345130774829e+01 1.907682004688533794e+01 2.160525900598117843e+01 -1.458023962124887341e+01 -3.733207727271421916e+00 6.870411604427943963e+00 1.711679807826989830e+01 1.388261078531870218e+01 1.584478616967807874e+01 -3.651013356672110888e+01 -3.885018781536218935e+00 -5.258852763899927396e+00 5.730212555364238014e+00 -1.356323092217998116e+01 -2.842638282067077427e+01 1.654273799645963550e+01 3.386766311054936551e+01 -3.551149463490443736e+01 4.117387713821639927e+00 -9.188169498686791670e+00 5.820556956920041713e+00 2.539891906646116748e+00 -6.005979756885126974e+00 2.553403463040142096e+00 -3.424139181446071234e+01 -4.820494863264203289e+00 -1.992687607630458757e+01 1.295363298078438063e+01 1.650276955427859349e+01 -2.168898640400556488e+01
-1.129011039137144579e+01 -1.290734132028006442e+01 1.044281336089173884e+01 -5.174113862071970438e+00 2.135685597422230941e+01 -8.941652873252224909e-01 8.384109053117544619e+00 -3.057288594190642428e+01 -1.485747106953855301e+01 8.876892874394343158e-01 1.322543805247584991e+01 -2.543030682725727409e+00 -3.065712522586263944e+01 1.721765641068949693e-01 -4.622597558934256057e+00 2.588163308932768913e+01 -3.529319667490050705e+01 -2.337345905180412231e+01 -1.787179251210520903e+01 1.628778226338864954e+01 8.633708994837272499e+00 1.125423667469707567e+01 4.615044743045967124e+00 9.128109373072069488e+00 -3.058264353905933675e+01 -3.804216491035528058e+00 2.531082367137869937e+01 -3.307526127373934810e-01 2.487452006196057663e+00 -1.437838708821144351e+01 9.971911616118232402e+00 -1.086475614401846990e+01 -9.822860786546023348e+00 3.642158784905664248e+01 -1.533207424749362424e+01 2.214700849540922079e+01 -6.754608231669773089e-01 1.291135419004034945e+00 3.049078379708605269e+01 -2.751271754557356886e+01 -4.398233216671084023e+00 2.525124027804801230e+01 -3.431637704233406527e+00 1.675047593112232747e+01 5.450951712120609471e+00 -1.738019121983420234e+01 -3.526131915990092569e+00 -1.287504225660835111e+01 2.589600065437482002e+01 -1.389714872839720616e+00 -2.271608642958644353e+01 -2.572953187201742864e+01 6.750115627427629938e+00 -1.959677384186291249e+01 1.635010067278163604e+01 -2.526925420944597533e+01 -1.373742853554285759e+01 -5.880334931760359929e+00 -1.502792013203061749e+01 1.394965857124148023e+01 -2.159627306383136602e+00 2.704504998611987787e+00 -8.966054904689571003e+00 -1.723329453028395974e+01 2.122258671185241852e+01 4.313171653289493257e+00 2.992803955793078785e+01 -1.039288035348791617e+01 -1.213694280862872610e+01 2.101314038855566935e+01 -2.310324668484790323e+01 2.198809360265760304e+01 2.028417857645336753e+01 -1.167739280285223558e+01 -1.276445648627346996e+00 7.674725035956871722e+00 1.974781574237273318e+01 1.103047401396210958e+01 1.885519687013822931e+01 -3.420472755873927184e+01 -5.307629487397098167e+00 -7.783388611390947176e+00 6.718484462924674716e+00 -1.324944957205495477e+01 -3.373301662880705010e+01 1.605928942737814680e+01 3.417541222158324388e+01 -3.200855125795776246e+01 7.425719025845243237e+00 -1.052782547214690290e+01 4.140630780257186672e+00 6.042475002493612912e+00 -4.147126630359582400e+00 7.779815989669681464e+00 -3.313223375700497542e+01 -7.444155099735197290e+00 -1.797774616292899452e+01 1.035669563634748513e+01 2.110316493469098020e+01 -1.420085607998063004e+01
-1.454975078237150576e+01 -1.028519666000464561e+01 1.182526078115188994e+01 -3.999373717454325572e+00 1.848828584288711241e+01 -3.175625935630956853e+00 9.592373546530112094e+00 -3.015931046599832044e+01 -2.059123102277047224e+01 -4.980611311173614442e-01 1.199807646204936162e+01 3.256382135856132454e+00 -3.485416132534541589e+01 -1.803465353911596569e+00 -8.950283062827606884e+00 1.860613014948311772e+01 -1.947701563252503121e+01 -1.749241383654323556e+01 -2.089604681383266538e+01 1.478577605114478644e+01 1.858461437417137674e+01 1.237132792235134282e+01 1.779093960372885030e-01 9.781158428416434347e+00 -2.873457048508246459e+01 -1.167281999471939002e+01 2.980933814766697409e+01 -7.146540096131746900e+00 2.628792642170913574e+00 -2.121518531589964240e+01 5.227267746953923933e+00 -1.140667175944689404e+01 -1.051204496870075467e+01 4.429047377095258753e+01 -1.133529467118482081e+01 1.119188268253790142e+01 -7.185499421070428383e+00 -1.768521339636338396e+01 3.200993937928744515e+01 -2.467142221027839710e+01 -4.511148615165295972e+00 2.441721414446517358e+01 -6.418912431614886671e+00 1.490740056457317486e+01 4.310197410732099499e+00 -1.802537135905764742e+01 -3.920511793727830874e+00 -1.208071991943043955e+01 2.868057926659126622e+01 -1.115687147498598542e+01 -3.168752046070428108e+01 -3.160229497029866508e+01 5.895970735607863666e+00 -1.890172834712352312e+01 4.485214872680117537e+00 -3.354596826794624320e+01 -1.594583074631428232e+01 -8.798662882034531396e-01 -2.547070562255711224e+01 1.315831171617929485e+01 -6.235068570922222442e+00 1.644245532477624394e+01 2.532421849752874987e+00 -1.273039854118382053e+01 2.083539501665203275e+01 1.354270945365003520e+01 3.416645476599536835e+01 -1.905637843440192469e+01 -1.217231205424320173e+01 1.513519654607912912e+01 -1.665844163412306145e+01 2.710709149021099051e+01 1.440683476248367434e+01 -1.777282719214997897e+01 -1.022644458923368305e+01 1.226975213671181386e+01 2.930876340463146335e+01 1.311368810862465217e+01 7.443039409784740990e+00 -3.295462944329042188e+01 -1.658292649170151734e+00 -1.144179884566648298e+01 1.939746208739175914e+00 -1.545956436500302367e+01 -2.057619129054839746e+01 1.153856464816912641e+01 2.595386252872226152e+01 -3.423102490518849805e+01 5.445223365739464860e+00 -1.728097375628886923e+01 5.662154786882731550e+00 7.548705297037429318e+00 -4.978614952251679604e+00 3.485465516621439885e+00 -3.508793074955825375e+01 -7.580609282516058478e+00 -2.660201371950255833e+01 1.670669390630522599e+01 1.475695473934676372e+01 -2.733288386124906921e+01
-1.405618658300479673e+01 -6.079056433308013041e+00 8.037514287986452288e+00 -6.162254396294385650e+00 2.543266902203201951e+01 6.509796602363840945e-01 7.939011612505875171e+00 -3.384973998112329241e+01 -1.091801620446283216e+01 8.893936126100053796e-01 1.441840140161306927e+01 2.824236425966187181e+00 -3.213705698318507586e+01 -3.248351233553002704e+00 -6.933665350406982952e+00 2.662584340350701950e+01 -2.353757889347859589e+01 -3.499392804622102204e+01 -1.790265614462094490e+01 2.190890329428934535e+01 1.756540669247256403e+01 1.052154205627294026e+01 7.527767916701181505e+00 1.029040970036715075e-01 -3.179636688132952216e+01 -1.241626488291609576e+01 2.837167096573660885e+01 1.193119698881354163e-01 2.783536592775870844e+00 -1.611653755138177502e+01 9.415315185511897056e+00 -5.817984486002834466e+00 -9.125099615931331343e+00 4.450356630367124211e+01 -1.180989277607498522e+01 2.211185865286372376e+01 -5.493637880248972927e+00 -1.196249306031945991e+01 3.300752950625983573e+01 -2.261707700765507667e+01 -6.742807969227215814e+00 2.458210529020087520e+01 -5.646100544286031919e+00 2.154996942273002958e+01 4.982196731303787374e+00 -1.750940495286594256e+01 -8.918536410067694931e+00 -1.836111786816483971e+01 3.304497026909680812e+01 -1.294476767153900099e+01 -2.317047737950740682e+01 -2.403717008681481815e+01 4.961265536523555397e+00 -2.021067125902003525e+01 1.724587733301321180e+01 -2.990245521964267894e+01 -1.460892071500099831e+01 -6.095383908608720702e+00 -2.283691955125878081e+01 1.451371217803330893e+01 -4.947022301122523835e+00 2.507762787128636983e+00 -6.045092740198125369e+00 -9.566597004328219356e+00 2.746301481069916051e+01 6.613023983722337462e+00 3.056978983104199443e+01 -6.396542354864314106e+00 -2.009573990797630927e+01 2.454908012981145049e+01 -2.011682558171489887e+01 1.507277061357871695e+01 1.585238065365907900e+01 -1.541443895913466555e+01 4.801215714660613254e-01 7.221443130834794388e+00 2.102189956647159974e+01 3.730996500145518535e+00 1.723677983075398501e+01 -3.913979602543491865e+01 -5.510504125041157941e+00 -5.039061299275193750e-01 1.558463369172781388e+00 -1.833609548025854608e+01 -2.204243349772801608e+01 1.410542314522940721e+01 2.462002383553793550e+01 -3.364318465864541707e+01 -1.881331361161887150e+00 -1.424439143926513118e+01 4.629068227901708354e+00 4.528277970525400598e+00 -1.114708628831291826e+01 2.322169426331440523e+00 -3.330076082975521956e+01 -4.917294868723347534e+00 -2.257549512987921858e+01 1.762568010518458550e+01 1.743729917229702764e+01 -1.830318508963891944e+01
-1.523892343052982312e+01 -1.012452901228877522e+01 4.655341379637996102e-01 3.137946626058698424e-02 2.219525036068528578e+01 -5.815858349938018979e-01 7.954846609958382331e+00 -2.990961500279451002e+01 -1.729637560077843972e+01 -1.906147633072191816e+00 1.071692609284716724e+01 5.096479447990724942e+00 -2.943777508761510475e+01 1.225963222802240127e+00 -7.655990486568333253e+00 5.943185168196522206e+00 -1.630575208166342804e+01 -1.885170336081721487e+01 -2.995189346412670162e+01 1.657375855214889526e+01 1.168866587205953245e+01 6.165099399447832695e+00 -1.602753513475919211e+00 2.907895476572746940e+00 -2.356788596755595577e+01 -1.160849270298601787e+01 2.652765614753802126e+01 -7.349418728836186965e+00 3.965345301050219318e-01 -2.012585735677302878e+01 2.905381856420674591e-02 -4.430825262505332596e+00 -1.359320456752811346e+01 3.893041825137275680e+01 -2.862093610720023218e+00 9.228593780644374078e+00 -9.011815927169076090e+00 -1.784114100616107379e+01 2.994897657052906226e+01 -2.794653933177572469e+01 4.139208542406911384e+00 2.881776680605908325e+01 -8.041036169938703182e+00 1.436461862846131332e+01 4.317223813651878572e+00 -2.260286088040642127e+01 -6.115073637269447637e+00 -1.631643249973095777e+01 2.116507903248595923e+01 -1.404574628815565340e+01 -2.232150709421019741e+01 -3.073685273179727062e+01 4.206993051277675200e+00 -1.528287067325329751e+01 7.851357959888694893e+00 -3.131886957937629390e+01 -2.174614133155267481e+01 -7.614976459324401148e+00 -2.767522361298374634e+01 2.291783706893984274e+01 -1.416205689157413339e+01 1.824979801183535244e+01 8.736102712525140035e+00 -1.160378445865871910e+01 2.349702941809591294e+01 7.953133926484797556e+00 3.114339061328958280e+01 -1.509361969972435169e+01 -1.646405018636332329e+01 1.237869690783528753e+01 -1.465711755948480643e+01 2.658887940222346202e+01 1.866505727507871271e+01 -1.917556227747557074e+01 -7.291416920372212118e+00 1.010092385374396429e+01 2.486331705665263669e+01 1.238014357329072901e+01 1.675361117084054996e+00 -3.016949049139355310e+01 -3.124478640010538655e+00 -1.037625381669112379e+01 1.058323379861440827e+01 -1.514054738958184210e+01 -1.740122333236040930e+01 2.104104823118039036e+00 2.839208285559241673e+01 -3.424778733842904188e+01 1.810718780782911042e+00 -1.501311697716314875e+01 -1.186609831797908354e+00 2.311457907808492696e+00 -9.131011645796830223e+00 -3.730198158912422013e+00 -3.111064882794184072e+01 -5.076500450518055985e+00 -1.868513261413812998e+01 2.016881735536896159e+01 1.263885480191678745e+01 -2.543853782058996060e+01
-1.215763751459452990e+01 -1.329910701021338326e+01 8.153600486272383208e+00 -7.318391398725413666e+00 2.380060225985150879e+01 6.776093780564080848e-01 9.052281070730716195e+00 -2.790376795708202806e+01 -1.576949336169664306e+01 2.887086333689885986e+00 1.230181828081622797e+01 -3.639781318423104040e+00 -3.629618691126233898e+01 3.283305525551473814e+00 -7.651667383370271303e+00 1.995549832755252240e+01 -3.084356051469954352e+01 -2.104238444633210037e+01 -2.351511211292978842e+01 1.712763133951396100e+01 1.320610392084763873e+01 1.099118292414790332e+01 4.229333888050334500e-01 7.202681313882549397e+00 -2.892340751638314345e+01 -7.080599186743424589e+00 2.957932967816775260e+01 -2.023498130829889607e+00 4.806648405290912862e+00 -1.980314764418792350e+01 3.505062973252001779e+00 -1.099333925037903548e+01 -1.117690723175389600e+01 4.176784832506269396e+01 -1.326624294476213883e+01 1.686165085002136621e+01 -3.260153595434490903e+00 -2.049417982689725637e+00 3.027201815569908661e+01 -3.155306714293032044e+01 -2.439021850752550957e+00 2.517730375540322285e+01 -5.740538435742788437e+00 1.731606501564390754e+01 5.813501587983425090e+00 -1.835883995180524053e+01 -4.784949787640610630e+00 -1.461493166415801426e+01 2.756418666815566709e+01 -5.795584473611836707e+00 -2.554651414568160561e+01 -2.746836023756123879e+01 6.967606509581811380e+00 -1.870242997730861845e+01 1.297103104707186461e+01 -3.515289044781893324e+01 -1.729701962536584503e+01 -4.722248545979242706e+00 -1.422706987413515378e+01 1.550196998357943201e+01 -5.977958043355521056e+00 6.877121796395460507e+00 -1.968230481777004659e+00 -1.693907248682439715e+01 2.358688583420445539e+01 6.804114755444767404e+00 3.246171463951225888e+01 -1.383547027711442468e+01 -1.304755940326751862e+01 1.855474752723113951e+01 -2.596006644971419064e+01 2.318037254183019158e+01 2.446746066712251633e+01 -1.420033483385260986e+01 -2.230952344758955874e+00 7.789853992283038764e+00 2.198296854458558514e+01 1.216656729784071977e+01 1.475120546528464160e+01 -3.268114841814776383e+01 -4.153129889246320872e+00 -7.827472361371520471e+00 5.378338085516952916e+00 -1.617637990749959087e+01 -3.120782443393095207e+01 1.627100840606451371e+01 3.651078349244232868e+01 -3.332929590165924338e+01 3.720843631785338168e+00 -1.369619804377839145e+01 4.889760108321311805e+00 7.745464593210825477e+00 -4.244606215949289663e+00 1.114428132311668040e+00 -3.581707420246946327e+01 -5.211603797553890693e+00 -1.880925381048859180e+01 1.410783645776057327e+01 1.713648703064470524e+01 -2.036565645682658143e+01
-1.370956365722491199e+01 -1.288010617270038516e+01 5.240484880486145691e+00 -3.918096921461676096e+00 2.140758195820435361e+01 5.134282354369108098e-02 6.232937635743152960e+00 -2.690268935691788599e+01 -1.685225547897196563e+01 -2.009724109232440270e-01 1.124511160439810808e+01 -7.207007235398913414e-01 -2.856410585642929334e+01 8.766331191653748967e-01 -5.287079536077620823e+00 1.706708105341982673e+01 -2.811858846181400295e+01 -2.238681918575992214e+01 -2.204604465715647166e+01 1.761514239197786225e+01 1.011469822080041858e+01 8.918280721208089901e+00 1.001452118770760791e+00 6.854164164104092016e+00 -2.743115078696184028e+01 -6.146364164613503434e+00 2.392786529807605334e+01 -1.092592630792963648e+00 1.715212119897360221e+00 -1.728579820513332876e+01 6.651238142334849002e+00 -8.558337157857684119e+00 -1.230869107016303587e+01 3.637455467356260641e+01 -8.879710793070913155e+00 1.749228020104328252e+01 -4.235316781803155628e+00 -2.487391309657704941e+00 3.073036548174478355e+01 -2.734724685700227909e+01 -1.260089244996152935e+00 2.541656914835380832e+01 -4.578176218265719299e+00 1.572173426652672745e+01 4.481531110676465701e+00 -1.744073750501960873e+01 -4.065135995460307683e+00 -1.432148486532639176e+01 2.444339374311573820e+01 -6.770997326732631549e+00 -2.094126784399815833e+01 -2.554554801189189206e+01 6.109766373545511442e+00 -1.503960071940703180e+01 1.375413121534710648e+01 -2.664992815524881919e+01 -1.486791953826915424e+01 -6.604476371871309759e+00 -1.954146392168080126e+01 1.983623155244542957e+01 -6.960496623030253183e+00 6.495802798090969610e+00 -1.851059626110381773e+00 -1.598764050107907231e+01 2.145511419431207045e+01 4.194409642324899323e+00 3.170629023599359897e+01 -1.107815706984195003e+01 -1.379724029460594359e+01 1.762525604689933090e+01 -1.959300974596714440e+01 2.232154345765110648e+01 2.080904262335832655e+01 -1.428155688727010286e+01 -2.727012635668379925e+00 8.774527293377627046e+00 2.129392700140005701e+01 9.382526500630406829e+00 1.141179807953992942e+01 -3.046522367953484078e+01 -5.702796968758847562e+00 -6.924162432896048713e+00 6.410038019582471769e+00 -1.382016200590842736e+01 -2.772848686479366265e+01 8.724359329378884809e+00 3.146017135046804114e+01 -3.080360521712002964e+01 5.073193394810574297e+00 -1.194904859504736550e+01 1.903657273084444546e+00 4.834770073127060641e+00 -7.726712038070266075e+00 1.849266939049357683e+00 -3.246254586015823662e+01 -7.378963110432161798e+00 -1.930267017250478645e+01 1.344176344425693159e+01 1.647922486124942054e+01 -1.826942931436149209e+01
-1.047153639322352703e+01 -1.004637037589061777e+01 1.117999146220901574e+00 -2.350429256109160647e+00 2.261997930306955240e+01 -3.410065618757493588e+00 1.154971360956626114e+01 -3.048130469920572239e+01 -2.035147648651436469e+01 2.700851223835017967e-01 1.672815904584252777e+01 7.612138615436806255e+00 -2.781376369670271842e+01 3.844271947165772918e+00 -4.772144913294301460e+00 1.374659649362078717e+01 -2.058624303287156820e+01 -2.353061150900986931e+01 -2.937672736391086303e+01 1.450564746517264325e+01 1.014551666543029995e+01 1.063952392513699685e+01 -1.792944078224188997e+00 5.038439321194243981e+00 -3.007196773253195943e+01 -1.252180693499406416e+01 3.583533198346459869e+01 -1.034027998058842357e+01 -1.928296255756836386e+00 -1.806840942909563807e+01 2.984812426365537785e+00 -8.400517239966525551e+00 -6.552169850884717484e+00 3.997989076620437743e+01 -6.785912174681494768e+00 8.402413048116192940e+00 -5.671265507347155399e+00 -1.565176455151875601e+01 2.323590479413950760e+01 -2.967502259793920771e+01 -5.720681663656747018e-01 3.166714093200252123e+01 -6.708957734911995985e+00 1.041071258697923518e+01 6.800580684257417019e+00 -2.511808127653291933e+01 -4.691114462527766982e+00 -1.228216091716183911e+01 2.181431462454982295e+01 -1.020288951450158699e+01 -2.299129172377067221e+01 -3.105827909153476796e+01 3.476485877737634400e+00 -1.581176563771255239e+01 1.440963069505313854e+01 -2.882451568594144575e+01 -2.037009306079718129e+01 -9.104256798468354006e+00 -2.370417534716176888e+01 1.711853965458868743e+01 -6.457660024685228706e+00 1.443162776623389476e+01 4.910765628136531724e+00 -1.162900307867746719e+01 2.317611020016719436e+01 5.078303530725550630e+00 2.733642304614459917e+01 -1.811798329038195021e+01 -1.432107542953623458e+01 1.368697127628439070e+01 -1.213728277337723327e+01 2.440316314505874118e+01 2.276196386660360460e+01 -1.838985035142513169e+01 -9.909494104345281329e+00 9.079877145463280286e+00 1.908318031892492783e+01 1.575404842537819228e+01 6.842470988109423224e+00 -3.253512232464173337e+01 -5.821261923181983100e+00 -1.260333284326771697e+01 1.085540283519892846e+01 -1.027949306845537691e+01 -2.116220098256414062e+01 9.961590472188060374e+00 3.494129858456587101e+01 -3.632014285227518968e+01 4.193140730530590332e+00 -1.284234239389752119e+01 -4.743393545649426946e-01 8.942185247590542785e-01 -7.738230537080713844e+00 1.249004546159064200e+00 -3.511475553947787631e+01 -4.970756202755158171e+00 -1.718910799665167488e+01 1.679258601642588289e+01 1.556251825549900580e+01 -2.691199647817708396e+01
-1.187812746548384446e+01 -5.595269798784760162e+00 1.469320157731734433e+01 -1.083605174453306219e+01 2.265067106799510199e+01 2.846009012723289988e+00 4.946321309352583739e+00 -3.157865063491690805e+01 -1.254605498719523204e+01 2.523184598578661397e+00 1.971974311659263179e+01 6.946306650687509299e-01 -3.198554460483891049e+01 -3.646535815771790645e+00 -7.504383157798756976e+00 3.005036247138545136e+01 -2.665217255246357553e+01 -3.552797824571594276e+01 -1.956003210731632080e+01 1.993079712762265387e+01 1.947193122966026380e+01 1.438160744957295911e+01 6.567417815130431435e+00 2.263370784846224559e+00 -3.558949987679012139e+01 -7.976698208952302416e+00 2.885482191825000342e+01 -1.244886313136941869e+00 2.274693981618440830e+00 -2.223930318122202010e+01 1.334154282881627829e+01 -8.478784436646586542e+00 -1.378872881858600685e+01 4.647820623117953431e+01 -1.364505721888233580e+01 2.401469416980264526e+01 -3.511730517586579836e+00 -9.362517589895984926e+00 3.478366463083371940e+01 -3.049241638496366491e+01 -1.363463763092114256e+00 2.818321353917491479e+01 -7.350924181425817494e+00 2.416440370131005722e+01 3.124557458671099575e+00 -1.342887781780721745e+01 -1.286726294465670684e+01 -2.002317258534656474e+01 3.611397972599608863e+01 -1.398310640663666682e+01 -2.506412247391109815e+01 -2.501794201988836264e+01 3.650704343748820691e+00 -2.311221933195224665e+01 1.437926431505666791e+01 -3.839331405771704908e+01 -2.197403432290746750e+01 -2.056336884766100770e+00 -2.559595195808718771e+01 8.716439772055743163e+00 -5.531500192873937571e+00 7.031401403944775197e+00 -1.038051485439898514e+01 -1.135449494800293024e+01 2.703007207963112180e+01 3.459344489494085018e+00 2.993214748000202619e+01 -3.689043189990627525e+00 -1.733284340671471924e+01 2.508438220921796002e+01 -2.589088049907437394e+01 2.002431272058178280e+01 1.965948883979303830e+01 -1.419695821385499990e+01 -4.692797961294290943e+00 3.887465676450826635e+00 2.483191398161988772e+01 3.442885731260869608e+00 1.929154812991604118e+01 -3.749089366100033516e+01 -1.123971276036767364e+01 -6.403569579403846745e+00 1.005974839995742665e+00 -1.585562423242411789e+01 -2.817413719055251775e+01 1.985871136345165056e+01 2.782474340528601431e+01 -3.504966386594927741e+01 -5.941146559253361659e+00 -1.463594366451686746e+01 5.214010178060494383e+00 1.149333638958223425e+01 -1.195881668560503108e+01 5.611300761769406620e+00 -3.333051394638155784e+01 -4.587783913008821379e+00 -1.803850577272988431e+01 1.793598120231563442e+01 2.008580152532015717e+01 -2.377649814586801469e+01
-6.437528353010452342e+00 -9.452874437415086817e+00 -8.830352539762169606e-01 -2.705384549637027902e+00 1.981110083293573254e+01 -5.529977002916041107e-01 9.168924090485063516e+00 -2.871646764278458619e+01 -2.092574810086009407e+01 -1.568783851972136711e-01 1.714898245850664082e+01 7.902679712016604796e+00 -2.399995422515769405e+01 1.331032698084054111e+00 -2.584103587970701277e+00 1.321228489017052610e+01 -1.542663840643057327e+01 -2.681365482855435189e+01 -3.044532939481311118e+01 1.568308898512535343e+01 1.046585259134424994e+01 9.772817961804500797e+00 1.870252124461228849e-01 4.609349070402728010e+00 -2.784479903482040442e+01 -1.085419446638568530e+01 3.012263442210954878e+01 -9.397511470516246135e+00 -1.609884058767677484e+00 -1.923206053391204406e+01 5.536106379709406333e+00 -9.005295711947947979e+00 -6.356633511585777718e+00 3.664032278114878238e+01 -3.389922269037950020e+00 8.492520253957861698e+00 -6.610455568420555039e+00 -1.695563747922469133e+01 2.225730012985257744e+01 -2.908446852993225207e+01 -1.332093109827874100e+00 3.222772336334824672e+01 -9.352073857250857714e+00 1.190224685901253032e+01 4.605038035354284354e+00 -2.211060853672689674e+01 -6.185676997879665073e+00 -1.278408651149372410e+01 2.307955207327452030e+01 -8.475370563458540119e+00 -1.898772887429455736e+01 -3.162925393798710161e+01 3.605864160583372779e+00 -1.401077086544993300e+01 1.246019302665419559e+01 -3.022923098933724262e+01 -1.685277242992822622e+01 -6.424753472839277002e+00 -2.566116507923299750e+01 1.744693129919579633e+01 -9.000655771955061724e+00 1.423580743883603894e+01 4.763154084498299135e+00 -8.950811665601468903e+00 2.314341211592482139e+01 7.777943706658961842e-01 2.491061505067184711e+01 -1.326842544028201765e+01 -1.367295380427131946e+01 1.149213242975296367e+01 -9.623627208500511898e+00 2.413345944705435642e+01 2.114676744926373431e+01 -2.045867116618943626e+01 -8.387512721164236851e+00 5.789632913939896319e+00 1.863893664377194170e+01 1.182790207626990409e+01 4.901412201172697714e+00 -2.836173519841578283e+01 -1.053047392510534586e+01 -1.244350373324049919e+01 1.165305217873288157e+01 -8.948871628003541190e+00 -1.867870828501110836e+01 8.288962380474979241e+00 3.060829678267890586e+01 -3.549956966104317502e+01 3.903712775369489130e+00 -1.312486236495267633e+01 -1.098355608432080022e+00 2.291493674640025180e+00 -9.247356099704189702e+00 3.096474720285787630e+00 -3.127221125254887468e+01 -4.275836621838246643e+00 -1.481682609729442035e+01 1.801573122877934807e+01 1.568492627030534514e+01 -2.603314917118754224e+01
-1.262316142494420568e+01 -9.209692974370447871e+00 2.587879958089104981e+00 -1.202935110398327900e+00 2.029095189219229667e+01 -3.398083142220296171e+00 1.532889792401510398e+01 -2.809793851278530141e+01 -2.067535575140644255e+01 5.594244079220489496e-01 1.337410948248225573e+01 8.159016831866944486e+00 -2.739648039096239884e+01 3.765779973817741322e+00 -4.671461267104520587e+00 1.309705055702594123e+01 -1.631270529983370210e+01 -2.057641019267197890e+01 -2.627120886126770216e+01 1.417123379505610359e+01 1.468075365609789884e+01 1.039622743322109599e+01 -1.843606654170697023e+00 3.389434121929221444e+00 -2.892577153514155341e+01 -1.213968976743177031e+01 3.169198933441229826e+01 -1.072302403669960391e+01 -9.494173853673192331e-01 -1.799986869042056981e+01 2.497197540869472210e+00 -6.098193706121400659e+00 -5.864568925262699572e+00 3.909541528005677691e+01 -8.355128157229527730e+00 7.646365823208556733e+00 -9.486074641236900362e+00 -1.637044707241533459e+01 2.232023604536514583e+01 -2.752137108547960054e+01 -4.150076078544669755e+00 2.818449867362151551e+01 -1.049527866080495109e+01 8.861516759595289727e+00 6.541957897771102814e+00 -2.028467475817992138e+01 -4.819317374469682669e+00 -1.220977266858404953e+01 2.037434048493126326e+01 -1.075373650394409175e+01 -2.266211718335726033e+01 -3.091862910745144077e+01 7.600437531987975781e+00 -1.209068260551775609e+01 9.240143001333210648e+00 -2.853446219516101579e+01 -1.901190192761288600e+01 -9.172716671396406340e+00 -2.385583584364938758e+01 1.514239336663750812e+01 -5.024024378345656849e+00 1.369114753504195647e+01 3.990856281740251532e+00 -1.186036911883873657e+01 2.283401597140163730e+01 4.025620621380199715e+00 2.846263964198982421e+01 -2.272500982178720719e+01 -1.096327904786117280e+01 1.457195836038061998e+01 -1.441275677588929938e+01 2.466981543620183714e+01 1.871845022749314325e+01 -1.940782792682210811e+01 -9.609108850720371464e+00 8.876363451942900440e+00 2.225002944087433576e+01 1.284182415500299435e+01 5.324712680394344311e+00 -3.257319917002052279e+01 -4.172751973015884630e+00 -1.179242378458977392e+01 1.121466267910215286e+01 -1.019488490198188657e+01 -1.554068745182758882e+01 7.399690881924336772e+00 3.333375741457637531e+01 -3.346900609792190551e+01 4.090447830637388371e+00 -1.378464238185895852e+01 3.280367249811901864e-01 2.242483135228913405e+00 -4.843024996077105904e+00 1.066624571333787630e+00 -3.588495968331623942e+01 -5.088647934606722600e+00 -1.555515366892297102e+01 1.408937615697958101e+01 1.309787129407319028e+01 -2.835124807771981637e+01
