-1.354800203020973193e+01 -7.576700008273333786e+00 1.214268396275105211e+01 -9.354476011932822743e+00 2.299779451233798966e+01 3.058490206730476224e+00 3.946037414325371362e+00 -3.062168255089013158e+01 -1.089124396888213475e+01 1.433920703843035049e+00 1.433903557535954398e+01 -3.038517906336995811e+00 -3.405967770455757915e+01 -1.822167130925867795e+00 -6.215454553535134430e+00 2.837040864358129610e+01 -3.310509675870735435e+01 -3.002011008520039681e+01 -1.705832068470555285e+01 1.849013004983251207e+01 1.306683746343373898e+01 1.416536444209202728e+01 7.709016545179283142e+00 5.063308382638648020e+00 -3.126193040552352898e+01 -6.428145809700000157e+00 2.843966455206415844e+01 2.862082441497726837e+00 3.410036922912307755e+00 -1.544656909751314444e+01 9.573649919413959708e+00 -1.181593678394501623e+01 -1.092811414602743447e+01 4.167016573319371986e+01 -1.517293313644274200e+01 2.653876199737665331e+01 -1.272295935480109774e+00 -3.209401204486047376e+00 3.319888389414985141e+01 -2.692267526950664092e+01 -4.917602388628666610e+00 2.361027382912830674e+01 -2.965511933206490092e+00 2.295255429170264350e+01 5.706277477758532335e+00 -1.796319653302192876e+01 -5.881996321791753246e+00 -1.545854944689348898e+01 3.125304625642711542e+01 -5.899263755341648263e+00 -2.689184614172085830e+01 -2.364684606988333115e+01 4.515500928840634920e+00 -2.284332481453181884e+01 1.729462000633954943e+01 -2.874283681024390802e+01 -1.367876644723835433e+01 -3.699032007072830197e+00 -1.451368887786860817e+01 1.190548404800654048e+01 -3.287847414402691015e+00 2.384959402022011954e+00 -9.541790840453007405e+00 -1.343113174019172718e+01 2.404924880517607022e+01 5.090266798757031808e+00 3.087397985251312349e+01 -5.859998577915181528e+00 -1.300378722131974563e+01 2.280808660195890525e+01 -2.389578856746519264e+01 1.841324204208809689e+01 1.957759307258804071e+01 -1.302638242070977803e+01 -8.000953888938278080e-01 6.123647764191005649e+00 2.023433259438835563e+01 6.986423456192424553e+00 2.139708360838914913e+01 -3.753242420379872613e+01 -6.089574428844231946e+00 -5.611652780880577396e+00 2.557394104157080239e+00 -1.602459515385305266e+01 -3.197690752872323117e+01 1.902494970702447574e+01 2.883209485233755487e+01 -3.379469735176299139e+01 3.752155283383977746e+00 -1.174596232254388006e+01 7.395370802321841630e+00 7.638590377549742350e+00 -7.894081572694600091e+00 4.832066450021765824e+00 -3.489158697017443700e+01 -5.073848966440114516e+00 -2.051869843725576459e+01 1.362694686074035388e+01 2.104325158051021916e+01 -1.386781693000829030e+01
-1.358442145269225954e+01 -7.419226422213179184e+00 1.111485740344557094e+01 -8.122068044517920526e+00 2.203073415465556906e+01 3.808692136535070993e+00 3.230925196617808748e+00 -2.926042583296536748e+01 -1.118671318649236746e+01 1.519970887724430675e+00 1.322666774437537640e+01 -3.965500040194123166e+00 -3.202010515191415863e+01 -1.606868738996902524e+00 -5.553146092250274890e+00 2.758664538158255652e+01 -3.353633101654141768e+01 -2.908240055802967561e+01 -1.753880721529359832e+01 1.811546300959270894e+01 1.199256939152112267e+01 1.351857965621441693e+01 7.853770639142987342e+00 5.600850837060372456e+00 -3.120893441694166981e+01 -5.349832250979495107e+00 2.685820818378644148e+01 3.611303530854315991e+00 3.400077882710867527e+00 -1.483839774495221420e+01 9.802280767191859923e+00 -1.076687607515269285e+01 -1.113473012525850869e+01 3.965659747388122724e+01 -1.518126670424129898e+01 2.761071308323315066e+01 -5.748858282421889232e-01 -1.506258334633319595e+00 3.345050629557194810e+01 -2.590167270961995172e+01 -4.602762340456392209e+00 2.319537450364896358e+01 -2.653016236006987771e+00 2.208019457477335479e+01 5.539640007254394760e+00 -1.729037476104713278e+01 -5.077661587724541903e+00 -1.484311944664738725e+01 2.939769253436836749e+01 -4.836945493203733903e+00 -2.525191402247848771e+01 -2.314014140838384748e+01 4.804261760968032924e+00 -2.165748585852196229e+01 1.719618217038648567e+01 -2.641322283195911425e+01 -1.278095216937789935e+01 -3.910654639653129205e+00 -1.447758560408925987e+01 1.271749706292156290e+01 -3.017332170321376239e+00 2.054853238596274778e+00 -9.038339808179834733e+00 -1.363040338626049675e+01 2.347515563109707415e+01 4.078518934647667571e+00 3.036567766042492522e+01 -4.478861676811375148e+00 -1.261259402069656232e+01 2.224396515311081757e+01 -2.296693470881044163e+01 1.863580639265205363e+01 1.872700268054163431e+01 -1.225940597954476630e+01 -2.302101442691294186e-01 6.089380492360762176e+00 1.999713728553102143e+01 6.208768592794707608e+00 2.121814287913452191e+01 -3.556613859273117129e+01 -6.611707902633424006e+00 -6.079822452819732881e+00 3.483840401433354383e+00 -1.511172654641821822e+01 -3.135803608366958528e+01 1.751624138551952470e+01 2.768647070731423199e+01 -3.256288220347602191e+01 4.700603371809200404e+00 -1.173773367198974249e+01 6.593367368145172769e+00 7.336515744738333566e+00 -7.686002608836756345e+00 5.402688271045253288e+00 -3.406590460273615406e+01 -5.652863002468560438e+00 -2.001004709093283651e+01 1.296689117969866700e+01 2.090620624621440982e+01 -1.245436843477334143e+01
-1.344655590635088060e+01 -7.877712621990005104e+00 1.228188706718788303e+01 -8.994492741306062911e+00 2.217401860441356476e+01 2.813655731266276216e+00 4.149686229999969278e+00 -3.045874977660112037e+01 -1.143135847662530047e+01 1.700169089641492048e+00 1.436487682726808224e+01 -3.335220624761291663e+00 -3.369358899260117113e+01 -1.792796988025628702e+00 -6.183043782106528496e+00 2.884345158168301282e+01 -3.344740489647837478e+01 -2.921850357133204312e+01 -1.719696190455618279e+01 1.804000961289823124e+01 1.280373266998920201e+01 1.419712905179198081e+01 7.396932774507171793e+00 5.794371789888914215e+00 -3.166620757060314872e+01 -5.790889844450474833e+00 2.818262810511700422e+01 2.906881080433911801e+00 3.760988537806241983e+00 -1.548539612793708464e+01 1.017167429179318461e+01 -1.174484654305262765e+01 -1.090276025690594786e+01 4.094531564216716646e+01 -1.556420314172066810e+01 2.651271778590476913e+01 -6.777965216063565057e-01 -2.436409759032889699e+00 3.313138944795965557e+01 -2.662276803303306139e+01 -5.031701219060567887e+00 2.363061757848558031e+01 -2.697107431740369599e+00 2.229814731569597086e+01 5.417834396991880297e+00 -1.763724079305983139e+01 -5.690985839586024220e+00 -1.512639563641285534e+01 3.042595604956429156e+01 -5.182209601996413006e+00 -2.651894612214720226e+01 -2.351413275935756531e+01 4.997048852967554744e+00 -2.230123717120426718e+01 1.708581262962100311e+01 -2.847286783013988298e+01 -1.331315687118396518e+01 -3.510536260891666149e+00 -1.461074546845858357e+01 1.164769037790644468e+01 -3.041953810248140488e+00 2.089859583418493205e+00 -9.833172435148902935e+00 -1.378187924335242087e+01 2.387465532021489878e+01 4.641087507614630958e+00 3.047817550903726413e+01 -5.801058646822776055e+00 -1.279307157443832210e+01 2.283881800096672521e+01 -2.369516231168952558e+01 1.876538586979751244e+01 1.982230658958074798e+01 -1.265755997613363171e+01 -8.200735748892492571e-01 6.107895490546225936e+00 2.012673440050351914e+01 7.199819443722098811e+00 2.126509204515160434e+01 -3.686261998433601406e+01 -6.185831446273846623e+00 -5.917152136972144483e+00 2.717211437658990203e+00 -1.500568357276706166e+01 -3.234005126953800158e+01 1.891069722460841973e+01 2.898154813124888918e+01 -3.322778865187687103e+01 3.938646632420220950e+00 -1.176186788297905572e+01 6.785909224932845873e+00 7.877506178985351326e+00 -7.395804611971812825e+00 5.548303777206977649e+00 -3.473299845330847546e+01 -5.515780058430672206e+00 -2.009906192393719948e+01 1.320768383284867120e+01 2.112986085934300817e+01 -1.397927652516435870e+01
-1.344391881409837985e+01 -7.705942505788413222e+00 1.242474835842968339e+01 -9.714057975967016034e+00 2.302903098901969159e+01 3.074339795184570789e+00 4.183568287244996853e+00 -3.058422555339666715e+01 -1.084976724588169361e+01 1.670448553227490862e+00 1.474672579741526057e+01 -3.307949350550052792e+00 -3.439805866175993998e+01 -1.969926866328274295e+00 -6.408146568649263131e+00 2.909557533865379497e+01 -3.349121172307326333e+01 -3.041691627547736232e+01 -1.698519783775175540e+01 1.857822838762941231e+01 1.339051131181664545e+01 1.438616785125342545e+01 7.769804480891863818e+00 5.069671148592027166e+00 -3.166801081109765548e+01 -6.302133776437641721e+00 2.853213542343798892e+01 2.924941093918770108e+00 3.852026105802059508e+00 -1.568237729176603068e+01 1.000381722195892564e+01 -1.207279645544311819e+01 -1.100992364592050876e+01 4.217690989505475585e+01 -1.552089108498755365e+01 2.671351828443913945e+01 -1.057614971597218290e+00 -2.877280894614082207e+00 3.342942889404774576e+01 -2.731946237370566877e+01 -5.041728259578106552e+00 2.362665406343088748e+01 -2.994119962708623905e+00 2.320961087691234681e+01 5.704468930527600179e+00 -1.755133804755300275e+01 -6.220505668644283226e+00 -1.579640659521478518e+01 3.179720095646540301e+01 -5.987261899685925925e+00 -2.680226249846376874e+01 -2.354406247840799793e+01 4.708642838834451894e+00 -2.306900142610207283e+01 1.748573972758591921e+01 -2.918597052447513107e+01 -1.385623012910897423e+01 -3.555235396670550330e+00 -1.466288773432418502e+01 1.172701303661996697e+01 -3.104085771602398403e+00 2.271937413700065189e+00 -9.802149176318406987e+00 -1.355783673131293376e+01 2.419129923301293061e+01 5.020433930287479640e+00 3.083404034183394771e+01 -5.661242326666705793e+00 -1.308308644609920179e+01 2.314493958913711324e+01 -2.439078379673649977e+01 1.833282642225042380e+01 1.976656381188082534e+01 -1.290515068049646707e+01 -8.035583947771196556e-01 5.919938681709797201e+00 2.041739032505088502e+01 6.812206194324200048e+00 2.182885613041021955e+01 -3.776067759148386216e+01 -6.179255755866021715e+00 -5.649539127693207874e+00 2.191725757425771803e+00 -1.591988174992885519e+01 -3.236043957922720438e+01 1.961746529599725264e+01 2.909182590909961874e+01 -3.369840465184972089e+01 3.331699870732236501e+00 -1.187600250548507930e+01 7.537756048187915781e+00 7.972802433429206026e+00 -7.961791246522178511e+00 4.878226932856098763e+00 -3.499443351850992912e+01 -5.123072028667595035e+00 -2.061953200965654531e+01 1.353052601732221660e+01 2.102411545744152122e+01 -1.444395927485989972e+01
-1.305129337590198446e+01 -7.580131270191484916e+00 6.735237331149877882e+00 -4.667499667758510995e+00 2.025887664278253553e+01 3.653510126843085182e+00 5.259004840154775984e+00 -2.769980214686067654e+01 -1.336677466010480231e+01 2.532144693422561654e-01 1.076508281007157564e+01 -1.641845463018366313e+00 -2.943780799570089712e+01 -5.425830435192585677e-01 -4.618583374255308627e+00 2.235355105710164736e+01 -2.814962158677804638e+01 -2.654583443436082391e+01 -2.071590035502854121e+01 1.733540031919019597e+01 1.110465729207245289e+01 1.131257608669633363e+01 5.206668045007171841e+00 5.294566369791877669e+00 -2.810347114756383391e+01 -6.323724303379281153e+00 2.523477943877641749e+01 1.087548378893208989e+00 2.552909051941454344e+00 -1.474247747151253130e+01 7.791566259363154501e+00 -9.575698600790838455e+00 -1.032368514239996493e+01 3.709253796542975579e+01 -1.132907104473221338e+01 2.218448148066878289e+01 -2.661054030427171035e+00 -4.636542634709870825e+00 3.046982244052218647e+01 -2.470433054940192363e+01 -4.165707560580522717e+00 2.339184373863210098e+01 -4.544097013055902856e+00 1.912226344886059337e+01 4.813152628953308643e+00 -1.831143392039446738e+01 -3.674933437558919103e+00 -1.281665072296716268e+01 2.531660335774749271e+01 -5.237112274483910035e+00 -2.379955768445084274e+01 -2.466852409485413133e+01 5.387919139588324136e+00 -1.747001565164049808e+01 1.527310762694765067e+01 -2.556185019853262830e+01 -1.267723990874019258e+01 -4.628742550556705915e+00 -1.666726021196278396e+01 1.504084816301686978e+01 -5.788553017019612668e+00 5.242315007487728273e+00 -5.018143118741289044e+00 -1.272205760881817405e+01 2.296496110659488465e+01 3.039307131967855291e+00 2.964338898018622359e+01 -7.237481472542539152e+00 -1.262826390315433756e+01 1.836538564609027802e+01 -1.899283911826838178e+01 1.982463415457312195e+01 1.821620211394028388e+01 -1.405402925429028649e+01 -1.460227976965278174e+00 6.584449482874397575e+00 1.980071993676078179e+01 7.469625365385873295e+00 1.542135474735517597e+01 -3.212193895935111243e+01 -6.639655633622164821e+00 -7.327219512628316167e+00 6.650417170078315898e+00 -1.315054716934869106e+01 -2.665570292455008428e+01 1.187757569775685873e+01 2.699029912438669498e+01 -3.156979410099097194e+01 5.442245076853412300e+00 -1.207976159420575435e+01 3.450013683985317492e+00 5.207824117059748126e+00 -7.006824239383363739e+00 3.322662685083367595e+00 -3.298475511283905348e+01 -6.886442697983575556e+00 -1.840712781494824313e+01 1.294649194670804881e+01 1.801657752591595596e+01 -1.517274733394816977e+01
-1.379854858464833711e+01 -7.389363657311799116e+00 1.338300042577931670e+01 -1.007704228772593780e+01 2.321524167123268967e+01 3.364117240962618549e+00 3.147348403693295715e+00 -3.085633027152731600e+01 -1.026808597570289194e+01 1.750039880820440041e+00 1.491444762398698742e+01 -3.755868188900358007e+00 -3.474061181265881260e+01 -2.626214903726919125e+00 -6.736295346836442377e+00 3.019833225661166409e+01 -3.432500719716447435e+01 -3.115352496437326835e+01 -1.601367444667963724e+01 1.885242507849853766e+01 1.363965083513671495e+01 1.465478849226859026e+01 8.681625229790780551e+00 4.960849271224713419e+00 -3.209660111504437907e+01 -6.002142157166855618e+00 2.822714785949809269e+01 3.793372994637387752e+00 3.999733055698714512e+00 -1.553698239069257347e+01 1.049610737517141246e+01 -1.193525578255610142e+01 -1.157231731528673535e+01 4.233361962837344095e+01 -1.599061347831534796e+01 2.806859072974273417e+01 -5.550025890414435059e-01 -2.326780898646056972e+00 3.440989977730119165e+01 -2.702680989011626167e+01 -4.864602225362718357e+00 2.329194944295065994e+01 -2.526691692180873083e+00 2.435132374741293404e+01 5.556073957025908783e+00 -1.711775563077768325e+01 -6.466306437841773835e+00 -1.627825349757308615e+01 3.246353782045442671e+01 -6.037530873429663103e+00 -2.695767576622808903e+01 -2.301207196501648866e+01 4.480697086534061846e+00 -2.384402636813479148e+01 1.775263357169139766e+01 -2.914261407494964473e+01 -1.361715178944582227e+01 -3.342986653346435411e+00 -1.458272048841488733e+01 1.119530291645000553e+01 -2.940486203177762548e+00 1.523143049784883241e+00 -1.083964610758760116e+01 -1.361908684857784735e+01 2.434850827967908415e+01 4.990834705846861397e+00 3.089805251599816671e+01 -4.320151256716489030e+00 -1.360055154071372918e+01 2.399247288834178349e+01 -2.493748071384581522e+01 1.783752964888886083e+01 1.944704418477072139e+01 -1.246557448763277698e+01 -2.498008495976662968e-01 5.841813814276862082e+00 2.040542393122924025e+01 6.143204581871301251e+00 2.294105577262624251e+01 -3.830408901884466388e+01 -6.319307859376793068e+00 -4.926178464604866747e+00 1.561142167522006741e+00 -1.638845710712831760e+01 -3.318508111837106611e+01 2.027891199733660699e+01 2.846224141728295010e+01 -3.377884705507333507e+01 2.918468454150385138e+00 -1.179267755590450939e+01 7.807475341851524142e+00 8.306792071280280965e+00 -8.210533954939821299e+00 5.381307816780080522e+00 -3.479708071902614819e+01 -5.065046302218423335e+00 -2.101659388607193790e+01 1.365379586119651734e+01 2.165901960859957498e+01 -1.340206788196870313e+01
-1.351548138701042490e+01 -7.315620675180102950e+00 1.274385304669900343e+01 -9.804764353250208231e+00 2.298288627648972238e+01 3.409079785153402486e+00 3.495296949343090098e+00 -3.039614461415212077e+01 -1.052583728847044320e+01 1.762549918239698421e+00 1.463953634829858252e+01 -3.671170409380664523e+00 -3.385687543770674779e+01 -2.055224246536476063e+00 -6.220332439046021733e+00 2.918432378056603582e+01 -3.366900938117090192e+01 -3.070856306527558743e+01 -1.679292612556137954e+01 1.867594770547284355e+01 1.334669184276488707e+01 1.454723667439854751e+01 8.240940244148847071e+00 5.076813751173610001e+00 -3.203386764378863916e+01 -6.043714076872136687e+00 2.821625477723717523e+01 3.343492815541606156e+00 3.703522183898723785e+00 -1.551195173947884065e+01 1.024274947923560042e+01 -1.173529597933340085e+01 -1.115867053200026682e+01 4.186417497863178738e+01 -1.564580731528745616e+01 2.762723503645856482e+01 -9.565178560433094113e-01 -2.152393832151122677e+00 3.374463589173946332e+01 -2.717761702856549988e+01 -4.872555950315247131e+00 2.356358163353053570e+01 -2.936253156487918847e+00 2.362278516486488655e+01 5.546414416648934420e+00 -1.717902834971921422e+01 -6.418477547622146950e+00 -1.599758642613928039e+01 3.168860411786709363e+01 -6.048541693433313604e+00 -2.659464502090072102e+01 -2.307731958579789833e+01 4.673348112567635937e+00 -2.311328341343244830e+01 1.752431031280201523e+01 -2.899140923686799454e+01 -1.377047075769350926e+01 -3.460658794147098316e+00 -1.454675987770643530e+01 1.150104710438585265e+01 -3.045943246706775298e+00 1.660834105784349424e+00 -1.024471944621744335e+01 -1.342914205111928005e+01 2.431959150753396059e+01 4.689139412668271056e+00 3.093666274185047982e+01 -4.826230776816798240e+00 -1.318740195338680898e+01 2.340441147168189318e+01 -2.466776904911853308e+01 1.819611910132347177e+01 1.949728367954764963e+01 -1.262528362429561746e+01 -5.282070627357806636e-01 5.682171653591297833e+00 2.047544705290358635e+01 5.988775945003263601e+00 2.212542566367118368e+01 -3.760091481779321754e+01 -6.777668112439801718e+00 -5.340741961205067057e+00 2.240487397190118024e+00 -1.593066924952757368e+01 -3.243422429641177729e+01 1.939697448777605970e+01 2.851593545757134862e+01 -3.358325591013486644e+01 3.122225308162744017e+00 -1.180050935121618139e+01 7.552635364757957603e+00 8.168011775789718598e+00 -8.256042735090007412e+00 5.101383301253836322e+00 -3.489718253578053009e+01 -5.099993469674400259e+00 -2.023732132991253607e+01 1.347664865128934153e+01 2.150056828951002430e+01 -1.352773638162699399e+01
-1.350591609316248665e+01 -7.626170133869410783e+00 8.678403406887467142e+00 -5.943932291212790098e+00 2.059718260682079816e+01 3.462560258595171359e+00 4.346051343040260306e+00 -2.798182362618637953e+01 -1.293903776867289146e+01 1.219021304897485392e+00 1.186883895276569056e+01 -2.629131707698687315e+00 -3.003396258916421147e+01 -7.400346265671113866e-01 -4.777305395533594456e+00 2.457025105756024530e+01 -3.071803063774971321e+01 -2.715756310724493972e+01 -1.955478759544602596e+01 1.725013221278287645e+01 1.135912764231827587e+01 1.227705875254809165e+01 5.929151107889359729e+00 5.737038145639360209e+00 -2.949779445312609027e+01 -5.654305537412600557e+00 2.586340546110370653e+01 2.585488816815341373e+00 2.713737851363271503e+00 -1.508655044512584098e+01 8.930542846293846537e+00 -9.904071267571964654e+00 -1.070877153175079499e+01 3.780267130893033567e+01 -1.315206259881188267e+01 2.446252274330749898e+01 -1.590939664634555051e+00 -3.386326516174393841e+00 3.178711750445406992e+01 -2.476091865991593721e+01 -4.667191165532123875e+00 2.336757931733738758e+01 -3.429467518791044167e+00 1.956773422862393019e+01 5.340867837876482227e+00 -1.780974169704944998e+01 -4.076460499038997654e+00 -1.320881121198581631e+01 2.642652684487069692e+01 -4.604447283895794385e+00 -2.406218435519749121e+01 -2.402169220720450227e+01 5.245912682677579930e+00 -1.865006021462890118e+01 1.599461850031751986e+01 -2.526529926398475823e+01 -1.219327518027227697e+01 -4.088226208275197671e+00 -1.552502510019841075e+01 1.435364574849822183e+01 -4.058435835756500687e+00 3.278494600233960554e+00 -6.637086908873929048e+00 -1.326834835859466288e+01 2.327883448499299135e+01 3.278855591617960918e+00 2.953874312476759911e+01 -6.099322901727916246e+00 -1.202332879373564722e+01 1.982785314535193422e+01 -1.985850635160717204e+01 1.926217040986073314e+01 1.860307140857952746e+01 -1.339052989262070703e+01 -9.013694542851433678e-01 6.548258369573632720e+00 1.978024955064826429e+01 7.314267565740536270e+00 1.799789193859669467e+01 -3.319274899023694303e+01 -6.692445144807649626e+00 -7.152803810600688372e+00 5.316273149470371884e+00 -1.376184768409530612e+01 -2.856509848099362614e+01 1.439521556035109384e+01 2.738114491283811347e+01 -3.143939974751070210e+01 5.908517443168014083e+00 -1.207293309483336152e+01 4.584495450924393367e+00 5.955229755283221849e+00 -6.806953776795478639e+00 4.826164162886771081e+00 -3.326852964712523431e+01 -6.453902409287970876e+00 -1.917081417126594900e+01 1.285377534378486430e+01 1.917870842936259024e+01 -1.361463348049963251e+01
-1.338820378807165490e+01 -7.716061972093100074e+00 8.192289508703561651e+00 -5.689243113505496829e+00 2.036291288775758446e+01 3.616742798247412516e+00 4.130169420836201866e+00 -2.737907042510162370e+01 -1.290640280133417406e+01 1.212023728884413121e+00 1.119499041544062123e+01 -3.059572574899733333e+00 -2.967415171281380282e+01 -1.079487865870082164e+00 -4.724582458542212038e+00 2.424930423870944907e+01 -3.065123432498829814e+01 -2.675538501008655246e+01 -1.939765453223491321e+01 1.712143007741235223e+01 1.085447578369291399e+01 1.193523803867632616e+01 6.123082344188915727e+00 5.794197626776124821e+00 -2.891907528758387258e+01 -5.644378287179743658e+00 2.539440384641583748e+01 2.718415368499710105e+00 2.710902503632675931e+00 -1.476167486320741951e+01 8.643114237613501061e+00 -9.729688051436138352e+00 -1.079076674122587320e+01 3.697151686247586611e+01 -1.303893653898212435e+01 2.440984250016802193e+01 -1.659436869151833305e+00 -3.139265111646298401e+00 3.179970397152448669e+01 -2.462934219122572088e+01 -4.788274929889114517e+00 2.290874564381443435e+01 -3.352880802125712822e+00 1.947070888708500647e+01 5.211218125017659908e+00 -1.782921387646365474e+01 -3.502095122639088398e+00 -1.285965911561984854e+01 2.594183152846975204e+01 -4.143818210321223994e+00 -2.366968204323992708e+01 -2.404970248494886675e+01 5.256523843267193463e+00 -1.830885790265290325e+01 1.567589179832923207e+01 -2.492534354238289040e+01 -1.164567024180172083e+01 -4.036788327886986494e+00 -1.535931185888767558e+01 1.438100426748485638e+01 -4.365607461340539786e+00 3.381595486103053272e+00 -6.274473870433403100e+00 -1.319531622092808121e+01 2.298194939835370221e+01 3.117185919989383436e+00 2.930316976548802188e+01 -5.770918265793461899e+00 -1.200755857223138356e+01 1.937620478065896279e+01 -1.951221212345223677e+01 1.929930835381535914e+01 1.828994940276049874e+01 -1.329790957654475925e+01 -7.145203530012855797e-01 6.484980086690799617e+00 1.941077348334834696e+01 7.323185456389962766e+00 1.764329398735083032e+01 -3.237600868577289503e+01 -6.502178692150907047e+00 -7.241326720700049790e+00 5.415238251046811335e+00 -1.366164543519774455e+01 -2.826209289200673425e+01 1.394329598453430030e+01 2.698564329559910746e+01 -3.124423771131407435e+01 6.379539258994410211e+00 -1.213660751754841449e+01 4.486459862877935301e+00 5.941427604216251268e+00 -6.826758119384510159e+00 4.692097693284415172e+00 -3.270775122936354506e+01 -6.833350811378708478e+00 -1.896624816523765134e+01 1.301913662208443156e+01 1.873189060626174296e+01 -1.341349784083508112e+01
-1.385572553359550874e+01 -7.664662835041247568e+00 1.454786733387013697e+01 -1.070077009910999521e+01 2.329345697951293204e+01 3.202655135682155318e+00 2.997040612050116959e+00 -3.099263291638622064e+01 -9.705869474826085863e+00 2.318935575524093462e+00 1.514363483526346421e+01 -4.870818033912845735e+00 -3.499252284662698287e+01 -2.549417997098256450e+00 -6.813378567701364297e+00 3.184672579201908960e+01 -3.634944440388046871e+01 -3.094404134239099946e+01 -1.520134872450510244e+01 1.881613658308589265e+01 1.355526525976878638e+01 1.510817167767089408e+01 9.103279862504894737e+00 5.683008733094672138e+00 -3.323478631534726446e+01 -5.431543124191144933e+00 2.849956165267865771e+01 4.546090772453688977e+00 4.301290807876068101e+00 -1.539604202934536481e+01 1.122594710931119977e+01 -1.216325264383199567e+01 -1.158864130066615239e+01 4.252361116721398560e+01 -1.757467325753520271e+01 2.961621920229062255e+01 2.707533619067712394e-01 -3.587689194433197892e-01 3.504599135659935882e+01 -2.716697839433162898e+01 -5.356245855175848725e+00 2.299395538278683659e+01 -1.797933382064937913e+00 2.434811899144203906e+01 5.697320286784730570e+00 -1.664702166387789362e+01 -6.580259966680182870e+00 -1.631033756296437076e+01 3.282963720944071184e+01 -5.243736585091848923e+00 -2.723316210938829940e+01 -2.238960771322286547e+01 4.641135323662356704e+00 -2.460770487304496967e+01 1.829959845989614209e+01 -2.882899223295386903e+01 -1.341973844232599333e+01 -3.054820421054693202e+00 -1.345644408932225211e+01 1.045313846904204347e+01 -1.699022518798522841e+00 2.582786618718195884e-02 -1.222707450034091181e+01 -1.414190498851012201e+01 2.428101920240773737e+01 5.313900985611128114e+00 3.101476663513936671e+01 -3.901682026443978213e+00 -1.323252512064394892e+01 2.508184488605765239e+01 -2.639407867601428137e+01 1.775937333123786743e+01 1.961001288079020810e+01 -1.162289110116686786e+01 2.331062371363162300e-01 5.921586357758123143e+00 2.040275777868244234e+01 5.951956332407171146e+00 2.466411604681565350e+01 -3.868576551361047677e+01 -6.229745283086529639e+00 -4.907706031574892158e+00 7.745206437109427577e-01 -1.655846261826021859e+01 -3.467756196500697996e+01 2.168885118106848253e+01 2.890294901369618685e+01 -3.359044009895264082e+01 3.049806202414681255e+00 -1.179067865791726710e+01 8.432439912969210027e+00 8.996394812758930826e+00 -7.934204545883615900e+00 6.210293982145953962e+00 -3.517690341348117045e+01 -5.176951284655529228e+00 -2.119910480509515338e+01 1.317924995656743015e+01 2.250240418880402160e+01 -1.254754029354375788e+01
-1.332754941108307989e+01 -7.592664598957628463e+00 1.132570565196994750e+01 -8.685370455091131703e+00 2.253282247516666814e+01 3.251659918236945668e+00 4.253015905948481112e+00 -2.989206793765492876e+01 -1.124123965884672849e+01 1.597908148775163628e+00 1.402700262019194888e+01 -3.015526909638028386e+00 -3.300659112052809263e+01 -1.588608474335715171e+00 -6.042749772616405224e+00 2.771204166915437739e+01 -3.263561510362252704e+01 -2.987396761040861648e+01 -1.783059013129053838e+01 1.828583842803075399e+01 1.280037878237580529e+01 1.385889141747931319e+01 7.339885110199065643e+00 4.958277606943396698e+00 -3.128643471955724920e+01 -6.331616903493801907e+00 2.795735773282391534e+01 2.584423675297577105e+00 3.401771662707182120e+00 -1.541890344118655953e+01 9.686182856458922075e+00 -1.127898337043183652e+01 -1.086922388094473746e+01 4.115222581637419808e+01 -1.474781701540580947e+01 2.593998694467997268e+01 -1.307334846773459569e+00 -3.003786914312890577e+00 3.280120673764572103e+01 -2.696300952749915680e+01 -4.692164409673126535e+00 2.372310477508343496e+01 -3.271414052535401407e+00 2.238219064100092126e+01 5.635183151658819334e+00 -1.765267795296978193e+01 -5.915679175073433882e+00 -1.529826697319252915e+01 3.033091983634103528e+01 -5.975601395626399359e+00 -2.598210691679905437e+01 -2.373746689199755266e+01 4.743964127756925109e+00 -2.192579038097329303e+01 1.719637136208155326e+01 -2.827033638814928906e+01 -1.374741833296319804e+01 -3.895665007918818645e+00 -1.506176615380613448e+01 1.235910059023538388e+01 -3.537464806582900412e+00 2.715794619007064536e+00 -8.956642718733492714e+00 -1.331426959860935710e+01 2.411247799532454650e+01 4.429143255471930551e+00 3.046486473977449094e+01 -5.676300856101139658e+00 -1.299456158174054821e+01 2.227228592376570049e+01 -2.328243155359943017e+01 1.857796986946330264e+01 1.940395294995954600e+01 -1.303775038664465491e+01 -9.969158019360350176e-01 6.010052139356719891e+00 2.024345483067148166e+01 6.712298071283229639e+00 2.063307687059570128e+01 -3.664714774966601851e+01 -6.527973461145555767e+00 -6.023997040217909493e+00 3.324230802367015958e+00 -1.542503111907530489e+01 -3.124214920970903009e+01 1.805838284952730888e+01 2.877017504367311673e+01 -3.327954696593311468e+01 3.602725289048416712e+00 -1.197778623212318649e+01 6.565665367291661170e+00 7.359825594111286229e+00 -7.830606195712516815e+00 4.587819886821763227e+00 -3.452556237907690218e+01 -5.467873425456312830e+00 -1.990545985940442719e+01 1.343262802126883138e+01 2.057413299372093363e+01 -1.443661341851439062e+01
-1.358826927402070872e+01 -7.526362612416287234e+00 7.785213933008806819e+00 -4.941244834453395463e+00 1.977004610979907540e+01 3.606291785160325780e+00 4.598607170492504004e+00 -2.716202301005505149e+01 -1.316261296643862444e+01 1.053674374629874899e+00 1.102057979867267790e+01 -2.734708639711497913e+00 -2.896396520610566228e+01 -7.952839741520981720e-01 -4.418710274876979760e+00 2.375340797238992963e+01 -3.005477482403996348e+01 -2.630793067482303371e+01 -1.993360816523957268e+01 1.687123907665648304e+01 1.079623539236091467e+01 1.166077575100987751e+01 5.632921408631401228e+00 5.890013675050454367e+00 -2.872851038570374271e+01 -5.348159495310468081e+00 2.493905782705022389e+01 2.570944695097546084e+00 2.776295216372015595e+00 -1.469248526572392066e+01 8.935996413679191619e+00 -9.436362427778670181e+00 -1.080287355160280427e+01 3.656304254023489619e+01 -1.269119740528347329e+01 2.389787871852161061e+01 -1.747890566788393496e+00 -3.365602535501875714e+00 3.132218392320534051e+01 -2.421954177292731814e+01 -4.821991814081209249e+00 2.294590437878162703e+01 -3.518900720902411461e+00 1.876797431470214761e+01 5.098938387345754997e+00 -1.772484497912701329e+01 -3.460121149772448668e+00 -1.249241043624756742e+01 2.490553348958983904e+01 -4.009026103687883591e+00 -2.332809533236750354e+01 -2.407659081991328520e+01 5.533662691782540222e+00 -1.760407112738435842e+01 1.556500741717178649e+01 -2.432383508997767052e+01 -1.179742554035589919e+01 -4.024262793663918814e+00 -1.569861439531459268e+01 1.475079431956902454e+01 -4.427913463498579283e+00 3.568579375162628242e+00 -5.957872998933095410e+00 -1.315333315475947629e+01 2.295749238822651961e+01 2.746925809093291981e+00 2.902714619252222050e+01 -6.111778198602611845e+00 -1.178236882173865219e+01 1.903756268725181400e+01 -1.890264971185160192e+01 1.947147818808684860e+01 1.827948732157403100e+01 -1.342851925834935756e+01 -9.680260213832376781e-01 6.565637469529249870e+00 1.963925494386871762e+01 7.450446033444150018e+00 1.699229745824635529e+01 -3.198429007822475256e+01 -6.545200772676123435e+00 -7.709012838782214772e+00 6.020489224637884718e+00 -1.288738043282189416e+01 -2.764869453914615249e+01 1.310409772759340719e+01 2.696757459595482587e+01 -3.054672433821356492e+01 6.479392543078714262e+00 -1.219549280664067048e+01 3.660632474772608447e+00 5.641734614062165143e+00 -6.425253522357836644e+00 4.599578467952541772e+00 -3.257991260790546306e+01 -7.104128050969685582e+00 -1.853642914141224907e+01 1.265135658855112410e+01 1.847966864240292395e+01 -1.379901954879281689e+01
-1.352193237193676012e+01 -7.612574974860318200e+00 1.248569273451138173e+01 -1.005413740378000220e+01 2.348770324396842923e+01 2.812827959399411437e+00 4.221220869193447633e+00 -3.091403204940730731e+01 -1.083082232166541559e+01 1.552451911674025187e+00 1.505984685404571444e+01 -2.829807506805499528e+00 -3.474556191665859473e+01 -1.832832452560960279e+00 -6.735348729706269744e+00 2.865226596155630290e+01 -3.289563042900223877e+01 -3.069074461221218186e+01 -1.719184776220064492e+01 1.873673784590663871e+01 1.389560626677655009e+01 1.439697360695818773e+01 7.611658514421163702e+00 4.785877376690646834e+00 -3.187200309576177304e+01 -6.751124572271270274e+00 2.909670863984431932e+01 2.532217780149851105e+00 3.759633666121014350e+00 -1.609702993908984681e+01 9.586172990387760606e+00 -1.190623111599248496e+01 -1.094775525918968384e+01 4.285522384833210907e+01 -1.517985093193219548e+01 2.634355845122719586e+01 -1.558327373712546926e+00 -3.482940336578319585e+00 3.327011822808333363e+01 -2.760493572119458960e+01 -4.683604350063544253e+00 2.393028749666965282e+01 -3.293035768865761881e+00 2.344778058516797969e+01 5.648375359782220606e+00 -1.754099527500995137e+01 -6.711638223911550405e+00 -1.625564345684097134e+01 3.234274576612470042e+01 -6.893572534923197992e+00 -2.708916515617858778e+01 -2.357195150330451483e+01 4.613020214487500326e+00 -2.327273786667476685e+01 1.718008818058380172e+01 -3.027748342996313013e+01 -1.451991531710129379e+01 -3.792264446887354534e+00 -1.510538413672619740e+01 1.160455701134713813e+01 -3.338555785748443583e+00 2.617156736022320906e+00 -9.628964919333446559e+00 -1.340641851224503966e+01 2.442494521931310203e+01 5.487460852051164295e+00 3.119664835878188214e+01 -5.953676516717354872e+00 -1.365612774562326770e+01 2.335972310698955567e+01 -2.473254218165913798e+01 1.835300688836533922e+01 2.002558392434480083e+01 -1.311137487801122781e+01 -1.034182449301028761e+00 5.877558850303255866e+00 2.063207259832645946e+01 6.614963319678887288e+00 2.148413600310546556e+01 -3.814616259130777109e+01 -6.325569457867806555e+00 -5.204480323441351253e+00 2.102588610100959876e+00 -1.625111523937068014e+01 -3.204738090644265469e+01 1.946829540808984049e+01 2.923009427421411743e+01 -3.411569325828398291e+01 2.663317232949360847e+00 -1.189087342530071112e+01 7.731849687039192176e+00 8.041038804609980772e+00 -8.345269344151697410e+00 4.462487448169131454e+00 -3.524506508908217484e+01 -4.725250186352285553e+00 -2.044827396603497860e+01 1.388236306488634320e+01 2.106259229557242207e+01 -1.488795067707241415e+01
-1.364465611462517636e+01 -7.543615026226023978e+00 1.207754502331981250e+01 -8.778431072247769862e+00 2.231022694239852910e+01 3.448306894644150411e+00 3.409289721481958857e+00 -2.981770863594362808e+01 -1.094050824655933951e+01 1.646349250141831977e+00 1.352154468343541183e+01 -3.925212907620236003e+00 -3.301748603558450412e+01 -1.939016576039308326e+00 -5.764839652589924590e+00 2.856663103203193899e+01 -3.381038076549992866e+01 -2.962926319987663604e+01 -1.670445347272165648e+01 1.840351159681976512e+01 1.248493831162253542e+01 1.403700985487597030e+01 8.066462306579076369e+00 5.599315128318835377e+00 -3.138051276554543989e+01 -5.718809399255839310e+00 2.719990615912257681e+01 3.676055332011576748e+00 3.430412229914410638e+00 -1.491843774815653845e+01 1.014924335575817338e+01 -1.143897374875281159e+01 -1.111438327066293219e+01 4.049763899615453511e+01 -1.560343018938688253e+01 2.757686247469242602e+01 -7.329202762123319115e-01 -1.766709278211847645e+00 3.384834989202983735e+01 -2.614514994786906854e+01 -5.235266584118869027e+00 2.311161424073883097e+01 -2.541774880265834646e+00 2.272779177440077447e+01 5.612297030915685880e+00 -1.737721317679417865e+01 -5.344131126420404776e+00 -1.498514966474926702e+01 3.038309393646403933e+01 -5.027552389453993520e+00 -2.609559818122076891e+01 -2.325772482184224543e+01 4.872331798070216990e+00 -2.225558830538785315e+01 1.736621931388072326e+01 -2.715739457770047949e+01 -1.261626689324443795e+01 -3.438581067236861522e+00 -1.424638999500573711e+01 1.217381689865094430e+01 -2.926487316001380901e+00 1.478462402981257195e+00 -9.794714483226396595e+00 -1.366392254002148121e+01 2.383548014556893690e+01 4.451609964228327776e+00 3.075489517107889270e+01 -4.978735204344888032e+00 -1.268302277854159676e+01 2.275816928584135468e+01 -2.354181073956929282e+01 1.836388235422432658e+01 1.887434053331483241e+01 -1.251036016417459784e+01 -2.178513012619385514e-01 6.203614745605340985e+00 2.018919929719044504e+01 6.329329847131281106e+00 2.172590028294475673e+01 -3.657246807873823258e+01 -6.357328019093609228e+00 -5.666746651829345893e+00 2.668837638278138247e+00 -1.570123887324907486e+01 -3.192558127298595494e+01 1.836368569210315727e+01 2.793130711474362471e+01 -3.289940548549834176e+01 4.479524591908752740e+00 -1.186767173185854318e+01 7.000317547642677773e+00 7.724633354856623058e+00 -7.720075543482733060e+00 5.458030859771387355e+00 -3.444496521299885927e+01 -5.754191348932059746e+00 -2.052716539196116585e+01 1.317103062106156131e+01 2.118737418219868118e+01 -1.264272367365416372e+01
-1.338861382493494112e+01 -7.747604468361286578e+00 7.519615720808643822e+00 -4.798086642299400850e+00 2.001481455931275377e+01 3.433816988613964227e+00 4.884574525476472751e+00 -2.732103531618477277e+01 -1.338040931865413263e+01 8.996765999058895513e-01 1.102442558936035866e+01 -2.350834787403569770e+00 -2.893534927095038967e+01 -4.949002885786385475e-01 -4.544632794729350778e+00 2.305962609664051755e+01 -2.962176528886780602e+01 -2.607774923574469383e+01 -2.028718641398949174e+01 1.680173420850510269e+01 1.079011066728239854e+01 1.152203642594288446e+01 5.351748385579736755e+00 5.740894464977727374e+00 -2.872606027938302375e+01 -5.942608254448169092e+00 2.537837988968325931e+01 1.870293044887141543e+00 2.387879185936142346e+00 -1.470265215823667226e+01 8.383132471078589276e+00 -9.312831501150371949e+00 -1.047651425659023339e+01 3.682321758995613692e+01 -1.238171715905971304e+01 2.315708199044295412e+01 -2.035157901875593645e+00 -3.673809287128069645e+00 3.087230486374758698e+01 -2.445583651541602066e+01 -4.502416435320688137e+00 2.335486388807462177e+01 -3.695693069528090291e+00 1.836796436010286726e+01 5.341629821562836611e+00 -1.800530497096560367e+01 -3.440354113339141318e+00 -1.251972836664256050e+01 2.488210581194571347e+01 -4.438692381093735762e+00 -2.340332700662186483e+01 -2.441290194399947211e+01 5.480985144009768995e+00 -1.758841180922170366e+01 1.546122138599810114e+01 -2.447277395369468778e+01 -1.213155759486957130e+01 -4.470400726613399378e+00 -1.586611254323543108e+01 1.488282434617229022e+01 -4.535811503924038313e+00 4.177713348662221549e+00 -5.473414970344288477e+00 -1.315440297135807413e+01 2.294117885858378969e+01 3.002891565729654211e+00 2.918817166109340278e+01 -6.789845850937501481e+00 -1.184211969603593140e+01 1.873783689021600196e+01 -1.893102551976190995e+01 1.984580271001208729e+01 1.830239941885071175e+01 -1.355933015656624718e+01 -1.346807393964762234e+00 6.795096328172684608e+00 1.967696755240681483e+01 7.832129757815397220e+00 1.653305401935702790e+01 -3.189973706266708575e+01 -6.628797390288626801e+00 -7.747104811693680482e+00 6.418863291333703813e+00 -1.311067823928259557e+01 -2.719763141407053553e+01 1.286714520469494438e+01 2.740691594725850067e+01 -3.102643863060755081e+01 6.392385571829284352e+00 -1.206220129990673584e+01 3.778717747536872729e+00 5.350375530099428012e+00 -6.551386390598102238e+00 4.420271639677213926e+00 -3.280396475184974037e+01 -7.001065130249105373e+00 -1.851401569162045746e+01 1.270376692363825910e+01 1.841367557849810765e+01 -1.430770791843784018e+01
-1.334723514331205152e+01 -7.588710419774079341e+00 6.559249009580205403e+00 -3.982424667830632092e+00 1.945711886018371928e+01 3.562193782133218800e+00 4.957994146677817682e+00 -2.660684543005006830e+01 -1.381300554345462039e+01 7.296049482064849157e-01 1.041484844974659296e+01 -2.149010005145249647e+00 -2.788488725854225692e+01 -4.161313170931535965e-01 -4.063655403640331620e+00 2.218045826520699038e+01 -2.892320527281227882e+01 -2.550048321207622948e+01 -2.065440635611181364e+01 1.651054501212487935e+01 1.035708954359934708e+01 1.098830584812011146e+01 5.089869601749537509e+00 5.796228873205865995e+00 -2.807540532426907376e+01 -5.591803827159286477e+00 2.459863226173537853e+01 1.881983460626132976e+00 2.262456393391112375e+00 -1.446432958365019061e+01 8.229311821598306764e+00 -8.821722719231278376e+00 -1.043575069118860199e+01 3.563135192007393215e+01 -1.193151492750800458e+01 2.280827285900711487e+01 -2.198818370594504579e+00 -4.017443492803464800e+00 3.055448934810499040e+01 -2.384266830780758184e+01 -4.586147219340010572e+00 2.309893722556681084e+01 -3.941034225992303242e+00 1.764654119205331639e+01 5.151836215586841128e+00 -1.802046813749930010e+01 -2.905794654013692746e+00 -1.196267155678925143e+01 2.379890185072580167e+01 -4.030314604809512424e+00 -2.260159157036452626e+01 -2.453147279535435388e+01 5.572662808734849982e+00 -1.657970567600220235e+01 1.512709150628303867e+01 -2.353016681263057919e+01 -1.176792428941441138e+01 -4.542874341454926856e+00 -1.623179202550269196e+01 1.536757797630976796e+01 -4.778033058816316014e+00 4.581861238688527571e+00 -4.779358679359066997e+00 -1.297310271966883732e+01 2.250679808827932149e+01 2.460862120955672250e+00 2.876166567702928134e+01 -6.687829946114578483e+00 -1.167082020689854893e+01 1.805327938832923351e+01 -1.773709620429158207e+01 1.987457486230844950e+01 1.779950458915152822e+01 -1.363350842770020677e+01 -1.384507897129296783e+00 6.736790356454350537e+00 1.942010167915405461e+01 7.863850635656316257e+00 1.568096514124424701e+01 -3.086772840327881795e+01 -6.551011483191668816e+00 -8.121591351081425714e+00 7.001905551355609880e+00 -1.244988771395567539e+01 -2.621217352496278963e+01 1.174565503413957046e+01 2.675587935061529521e+01 -3.038150855594078337e+01 7.015568594901973043e+00 -1.207890685392153074e+01 3.182661275119416988e+00 4.897354364982827057e+00 -6.325800527209120006e+00 4.390023101495821756e+00 -3.219325492267927302e+01 -7.314675060915190485e+00 -1.815526500121952580e+01 1.258684906011619731e+01 1.774307165427523714e+01 -1.422903070172165307e+01
-1.343823504323803597e+01 -7.914238731831664708e+00 1.852578102298031482e+01 -1.574969932906872749e+01 2.636825521380833948e+01 2.626607787705321329e+00 3.136904164308388143e+00 -3.364831609863823303e+01 -7.342350981463767745e+00 2.823998891140587109e+00 1.828933262083109668e+01 -5.728976521978258241e+00 -4.030533273503743885e+01 -3.248589967678366275e+00 -8.447446914005835694e+00 3.622935493469295665e+01 -3.908972832016770838e+01 -3.417674413271200251e+01 -1.248839030037683884e+01 2.025058030288023403e+01 1.588092247929053968e+01 1.773655939986064212e+01 1.074240341469663207e+01 5.051572597483044547e+00 -3.534185141916039896e+01 -6.277033781408761115e+00 3.235476581959166253e+01 4.767252677204253608e+00 5.808303695052518201e+00 -1.581812122105927543e+01 1.158000488915380011e+01 -1.497090723618720887e+01 -1.088320606968783189e+01 4.743556787621056259e+01 -2.018583929268793398e+01 3.187222728282891282e+01 4.609255190744996900e-01 3.311686031898292137e-01 3.608126686767706559e+01 -3.021084894691822242e+01 -6.269982494267869022e+00 2.301985363717965427e+01 -1.843817827186833291e+00 2.823398859397156002e+01 6.124826392102662886e+00 -1.657873262933236091e+01 -9.092846230195137380e+00 -1.935551670274832503e+01 3.897977575222282809e+01 -6.968955860214351539e+00 -3.081505122019249399e+01 -2.175585192290922976e+01 4.033391317880788307e+00 -2.910293087398645540e+01 1.970267215280206585e+01 -3.397921637416724394e+01 -1.508645439892793583e+01 -2.775998917479626016e+00 -1.135566545957723683e+01 7.442078827395880225e+00 -6.412628811391933858e-01 -1.499665307277632476e+00 -1.531217459414452797e+01 -1.420635703708058095e+01 2.511810916961352902e+01 7.502815132305272527e+00 3.294699172320620306e+01 -4.199006835235385537e+00 -1.398763075317652493e+01 2.868448061793127124e+01 -3.184374525842821768e+01 1.645721228194480545e+01 2.125950957386433160e+01 -1.117170432473063180e+01 4.320404814125472504e-01 4.718455466106373564e+00 2.072342816976541613e+01 5.119259637744522529e+00 2.852440602521620505e+01 -4.391882953359100838e+01 -5.485772971524171204e+00 -2.553255070105459268e+00 -2.815410026365055440e+00 -1.890455075345279212e+01 -3.875886942955783354e+01 2.755494915845282478e+01 3.105266861685777613e+01 -3.638524583510013599e+01 1.494745929596374701e-01 -1.130835491465684584e+01 1.277966852788707186e+01 1.133507638531173178e+01 -9.225435729841166221e+00 5.726488410915515637e+00 -3.782673394575432724e+01 -2.995325133990888844e+00 -2.253603979999956763e+01 1.360985984732987397e+01 2.428547644434760500e+01 -1.320917031018669796e+01
-1.337474375312403652e+01 -7.624500067684612858e+00 1.007853768681935414e+01 -7.411240590745681978e+00 2.126811800473749869e+01 3.728159367792352352e+00 4.073885035680672395e+00 -2.863752491697611546e+01 -1.184929167805987227e+01 1.381610174957263348e+00 1.232342718981197116e+01 -3.407219541157274101e+00 -3.169060883192915412e+01 -1.394276739830348388e+00 -5.447644843714896545e+00 2.609022982413215885e+01 -3.179477716717234514e+01 -2.834589042746349463e+01 -1.853248813950079921e+01 1.777851366923262333e+01 1.191189894669732219e+01 1.314638727336319235e+01 6.938138256397655468e+00 5.518897525401481374e+00 -2.989410742350779415e+01 -5.897811397870174055e+00 2.634236769098126985e+01 2.672082893379800872e+00 3.192755583896880633e+00 -1.507962856527213091e+01 9.257714648566320648e+00 -1.101160210847708143e+01 -1.086165614978914817e+01 3.926324844385883495e+01 -1.392244005707397569e+01 2.534991118205513771e+01 -1.341935497385311482e+00 -2.799686048620238843e+00 3.253454761606181478e+01 -2.594984839401152144e+01 -4.729213412467389688e+00 2.329730232916473653e+01 -3.314375193757124194e+00 2.145863109200452001e+01 5.430564536428350131e+00 -1.755826672393601839e+01 -4.628023747129801357e+00 -1.399834214265437105e+01 2.825734190354539166e+01 -4.938338661068426561e+00 -2.533750236536628009e+01 -2.395397561703396860e+01 5.039496490374435922e+00 -2.046069124204847967e+01 1.622859487505312615e+01 -2.679264565828080080e+01 -1.249438424160897476e+01 -3.563671995009216165e+00 -1.480225852727617841e+01 1.329308407653394752e+01 -4.122288117737584301e+00 2.995792006757191928e+00 -7.765828984247162836e+00 -1.329163477163728224e+01 2.358168515127555409e+01 3.980085254866450928e+00 3.024337604544485814e+01 -5.764325184753911202e+00 -1.216916462098003926e+01 2.061326143788027920e+01 -2.172698295188160955e+01 1.919422982553810897e+01 1.889663312295354558e+01 -1.322182840113427815e+01 -8.396650352259890093e-01 6.323323850376556976e+00 2.026261187084273274e+01 6.828076502765836331e+00 1.925488385803000568e+01 -3.462771718842461866e+01 -6.637216482442079624e+00 -6.789085462786652592e+00 4.276440551366446741e+00 -1.490133061434855577e+01 -3.021073028747306566e+01 1.613419037345122575e+01 2.767900890681258375e+01 -3.235740567906398724e+01 5.246761567417880023e+00 -1.219247562327156942e+01 5.774490333186069080e+00 7.030197729870632628e+00 -7.197801548201815613e+00 4.571947136722082305e+00 -3.370147420105396918e+01 -6.141678992522527913e+00 -1.968611765826957694e+01 1.313243160543195209e+01 2.003411498335297836e+01 -1.357855674289953996e+01
-1.350786794897152276e+01 -7.714811957807019560e+00 9.878833485832279493e+00 -6.955841877684841634e+00 2.146461937951733390e+01 3.082801216742026007e+00 4.410788995024832460e+00 -2.905343964862484896e+01 -1.236323230635623105e+01 1.259318193029583366e+00 1.283988833764604820e+01 -2.677441131964853671e+00 -3.136245804545970017e+01 -1.037979459519410064e+00 -5.326067590255683548e+00 2.576949767941740532e+01 -3.160153232464142548e+01 -2.789429370670593400e+01 -1.883629468049490896e+01 1.758358020873103200e+01 1.186130085540160906e+01 1.290117554732212923e+01 6.451402216700709680e+00 5.606683302675476988e+00 -3.038937308267282944e+01 -5.978112944444031740e+00 2.697790161286728861e+01 2.339082760166574904e+00 2.931628763937921267e+00 -1.522136591904055436e+01 9.099551285773761933e+00 -1.042521362505741145e+01 -1.080214414237131670e+01 3.917496654855335692e+01 -1.406347067509981663e+01 2.506317720746602618e+01 -1.490876590194720741e+00 -3.360167091892008351e+00 3.226043642144684753e+01 -2.576725060561586744e+01 -4.616106251492418266e+00 2.363408405518633160e+01 -3.263572004350840938e+00 2.046259691770951505e+01 5.517266831152880968e+00 -1.802587466327221577e+01 -4.700949771602563665e+00 -1.401197787533085304e+01 2.795051697726864859e+01 -5.100485685514785317e+00 -2.494151272958007226e+01 -2.404307052274990397e+01 5.121060736322049500e+00 -2.019883550453314669e+01 1.636091444176478404e+01 -2.646338945371758200e+01 -1.307388499887992417e+01 -4.132126353692875398e+00 -1.550750001745412732e+01 1.347092598033179911e+01 -3.694058533340582873e+00 3.314163195224256064e+00 -7.524712405628959822e+00 -1.343117669162040428e+01 2.344487134259045646e+01 4.014782077239095415e+00 2.999768395063281190e+01 -6.293363305244273675e+00 -1.244686761716026524e+01 2.094363026948819595e+01 -2.132889313813555177e+01 1.930769458815073847e+01 1.885718386421817527e+01 -1.315433044558086806e+01 -1.088681496827885953e+00 6.464461026558668166e+00 2.006788456452048663e+01 7.417596438908913292e+00 1.903019459483042297e+01 -3.473562815989983221e+01 -6.322072695201531367e+00 -6.932404236507100137e+00 4.504239839922110633e+00 -1.440914210294430298e+01 -2.961235481142606929e+01 1.589316127022650704e+01 2.806550213667736315e+01 -3.233319104502049868e+01 5.137507793350236440e+00 -1.200134930593954152e+01 5.396095990636796458e+00 6.474142962902809550e+00 -7.153382307824460717e+00 4.890936459032946715e+00 -3.391367072691291895e+01 -6.065735046407700892e+00 -1.951817429160657724e+01 1.316210479951451617e+01 1.982648819760725090e+01 -1.401035495816236143e+01
-1.343380639473368987e+01 -7.921968606633468468e+00 1.662041235640892012e+01 -1.410049848085183655e+01 2.527047802811523525e+01 2.537639184496865763e+00 3.714988209821226572e+00 -3.246563310026198224e+01 -8.482615709446900354e+00 2.472704748868123747e+00 1.692521625345223768e+01 -4.778943421420996707e+00 -3.862008175331683191e+01 -2.662481619608323857e+00 -7.930281684976505652e+00 3.365362446522690476e+01 -3.707364692795918870e+01 -3.306617380504198422e+01 -1.403179780775090180e+01 1.974899108469030296e+01 1.532891049017661977e+01 1.658929432712097096e+01 9.349160500046792777e+00 4.792830481149998434e+00 -3.398244567975712727e+01 -6.637033282746547691e+00 3.129134832436847091e+01 4.211265762800241674e+00 4.992545483167078579e+00 -1.619778414201365990e+01 1.079204240146398064e+01 -1.410158933622805399e+01 -1.088702218440381486e+01 4.621017733614236533e+01 -1.842735043587963872e+01 2.976876269043526335e+01 -5.201947629300023301e-01 -1.096416993714506960e+00 3.499725799469830179e+01 -2.937536842557789640e+01 -5.984857748249508447e+00 2.322622500914333088e+01 -2.437323376392044327e+00 2.656744919168171748e+01 6.042064468918815656e+00 -1.685814487670680961e+01 -8.282109993751657129e+00 -1.803408027234758748e+01 3.703650719694752524e+01 -7.120042780054032683e+00 -2.975116047971755151e+01 -2.233254628302373845e+01 4.305950353734910863e+00 -2.694716921223496442e+01 1.866150989253591774e+01 -3.320296072675466803e+01 -1.477474127568314621e+01 -2.943071727453824060e+00 -1.234360258690250234e+01 8.828148654793773531e+00 -1.505352704179140133e+00 -2.867890716505872573e-01 -1.369351288649794895e+01 -1.391188587886482075e+01 2.500003274971525613e+01 7.123374163580776575e+00 3.236005154330281641e+01 -5.037819063344197268e+00 -1.359962082044314968e+01 2.697135382816533777e+01 -2.962264978410324545e+01 1.706736023770670130e+01 2.104208820096862453e+01 -1.193740052775777194e+01 -4.250806686102184123e-02 5.048271418224059559e+00 2.062977594184015473e+01 5.690071922530468562e+00 2.615850532016310126e+01 -4.193330006660706033e+01 -5.851430518707224415e+00 -3.502757843989336095e+00 -1.340086358388092425e+00 -1.836412594576340140e+01 -3.652898394944573823e+01 2.497488644969534377e+01 3.059732692430157286e+01 -3.563960962817598954e+01 1.228466684304523104e+00 -1.153206956404903849e+01 1.129761380499439483e+01 1.029670548520660667e+01 -8.744924190207006731e+00 5.109585003903231559e+00 -3.693084164190057805e+01 -3.581511084135968748e+00 -2.165809972333797973e+01 1.370862104187031427e+01 2.304134014825659804e+01 -1.397049603442678922e+01
-1.365019094414358136e+01 -7.594862467469931211e+00 7.684811101648310050e+00 -4.981340127318589772e+00 2.012172719435530510e+01 3.105526612717056434e+00 5.020201867361892667e+00 -2.734697398559147175e+01 -1.391373974004977576e+01 1.371066563556137430e+00 1.132063890111564497e+01 -1.964997812551336986e+00 -2.994166505992870242e+01 -2.269088301153713017e-01 -4.279551830308061078e+00 2.327009069141966435e+01 -3.027917891670707107e+01 -2.623236515314619055e+01 -1.965543961516550198e+01 1.715097788370285414e+01 1.084463475481724792e+01 1.177519539634534063e+01 5.298211905278952472e+00 5.764833785740249184e+00 -2.827852933893254672e+01 -5.531747426532776402e+00 2.544949575367456518e+01 2.252027423391922412e+00 2.318962312462574893e+00 -1.521071657450711356e+01 8.397508977034553013e+00 -9.909473374182281802e+00 -1.109843926278801973e+01 3.658538006732609205e+01 -1.251931530724271902e+01 2.298256782073791271e+01 -2.130130793694080538e+00 -4.489509150852733832e+00 3.129745984106062551e+01 -2.457465686744887279e+01 -4.668832956930249800e+00 2.331220302259507449e+01 -3.336301995138776899e+00 1.887939223336149652e+01 5.406274700156820323e+00 -1.869247800591609376e+01 -2.965776202322546240e+00 -1.222558253934486672e+01 2.551758581234196654e+01 -4.195318796602800937e+00 -2.376976268597874764e+01 -2.524145118609757432e+01 5.608474038964551767e+00 -1.741686983379894116e+01 1.535297424214572892e+01 -2.449444738799640575e+01 -1.167285729915007408e+01 -3.924735283744799297e+00 -1.603753370100545084e+01 1.505741024896397917e+01 -4.498570132601418692e+00 4.336250827099412675e+00 -5.450408715590489450e+00 -1.333637201804444317e+01 2.311032205202443990e+01 2.635978373044770784e+00 2.970316735800331998e+01 -7.660793775780293302e+00 -1.161523031399814876e+01 1.849663519748903084e+01 -1.845733218957243338e+01 1.932989658970812386e+01 1.863876676494679785e+01 -1.436176604198503703e+01 -1.211688556984901632e+00 7.181306194676904120e+00 1.945019985689132724e+01 8.316334354202135515e+00 1.615805957539077298e+01 -3.265547276952347033e+01 -5.710387289886536877e+00 -7.507236965717858368e+00 6.040693819014990140e+00 -1.298288911775887478e+01 -2.799960790919560338e+01 1.313694762519165948e+01 2.796364134891204500e+01 -3.108670426659855934e+01 6.396810645220638136e+00 -1.225660144907151405e+01 3.604013219226454012e+00 5.332487381660100390e+00 -6.201637792545833250e+00 4.026125618436932285e+00 -3.341687440954285648e+01 -7.305509503585048137e+00 -1.900230803331712082e+01 1.320546030065128917e+01 1.811005734456273686e+01 -1.436226927918766449e+01
-1.377209423034376634e+01 -7.679661903934681177e+00 1.175652540556667525e+01 -8.736002407526553881e+00 2.255636267602419309e+01 3.162892212754898846e+00 3.589748925630260601e+00 -3.004595640029335257e+01 -1.112007021175425514e+01 1.494519817265146600e+00 1.393753641047121405e+01 -3.415884604381737244e+00 -3.326921176943952219e+01 -1.778077379365073707e+00 -6.073802448679214372e+00 2.785808195660490938e+01 -3.317565763068238027e+01 -2.946187064818628087e+01 -1.732103564890448411e+01 1.841938579019538480e+01 1.268642455985014372e+01 1.372226738244537714e+01 7.600891592419808163e+00 5.422592259814914328e+00 -3.114594366539571624e+01 -6.104223097578220347e+00 2.765961898460207280e+01 3.273583530265811170e+00 3.507590311233962588e+00 -1.532536853198871185e+01 9.673238073473489962e+00 -1.125556942237453306e+01 -1.126726327907532088e+01 4.075834283383608181e+01 -1.495591809021251528e+01 2.677035069907040210e+01 -1.132106604809601791e+00 -2.458572457281394730e+00 3.343260841789435744e+01 -2.629751466396742998e+01 -4.779350452864355780e+00 2.342306147087468560e+01 -2.706738388128341555e+00 2.256871028894082798e+01 5.530393639586532295e+00 -1.755205199768901636e+01 -5.626023978247363999e+00 -1.535855774673056828e+01 3.033631671080391712e+01 -5.606870217566286563e+00 -2.593553062274051513e+01 -2.332724350065922891e+01 4.876762116892725984e+00 -2.204443246698012615e+01 1.707346202788406941e+01 -2.779688114252606823e+01 -1.322320794683683864e+01 -3.861691346287166926e+00 -1.468889948093359976e+01 1.251292051773650016e+01 -3.304882643169152701e+00 1.896874912352624731e+00 -9.069408043318031076e+00 -1.360982967282562583e+01 2.403325552504714224e+01 4.667792054533655310e+00 3.070396875967233186e+01 -5.269615346544453516e+00 -1.311746111735281417e+01 2.249296827383512110e+01 -2.345195530364567560e+01 1.849078467313468011e+01 1.945959492474128538e+01 -1.280494228307670035e+01 -3.170488028541022518e-01 6.209492537381736454e+00 2.015952867411175475e+01 6.685250352612343683e+00 2.110685704412734509e+01 -3.659028466157163706e+01 -6.319821863952844510e+00 -5.424547613854173278e+00 2.851070915651348514e+00 -1.554102345034488941e+01 -3.158556976334117294e+01 1.809448195979001994e+01 2.845428156029629818e+01 -3.310320010570236349e+01 3.933016952492935481e+00 -1.171167027276050909e+01 6.857811328269742823e+00 7.459565819895262351e+00 -7.937683998323029400e+00 5.108799742509825492e+00 -3.461634432914541293e+01 -5.414247706593746656e+00 -2.030906304413974084e+01 1.346443425268869909e+01 2.085005982124839363e+01 -1.335752076488881457e+01
-1.351070976464967188e+01 -7.696656646705461569e+00 1.015837760999057160e+01 -7.329588697371065109e+00 2.138084120806414745e+01 3.408706146052058461e+00 4.124364115986309365e+00 -2.888391959498828143e+01 -1.202203702508070293e+01 1.393404369921055430e+00 1.270359681154444687e+01 -3.149717783790482173e+00 -3.187107220821537013e+01 -1.494334417871705956e+00 -5.515065953683140343e+00 2.613658898410926668e+01 -3.174896424604408907e+01 -2.822975228416045113e+01 -1.853088608799194859e+01 1.777169732072277597e+01 1.199134162293868222e+01 1.311583346320123411e+01 6.849044787133295564e+00 5.536205479839060750e+00 -3.011545817356354959e+01 -6.018073428558444071e+00 2.661783199380462150e+01 2.662171164113748212e+00 3.158364175332114776e+00 -1.525133995519284191e+01 9.217277256526244855e+00 -1.082816860557183603e+01 -1.100078248350255272e+01 3.931049257183885004e+01 -1.385033174418800606e+01 2.512137433697333222e+01 -1.517491972674814393e+00 -3.047221861366915530e+00 3.261089387967160746e+01 -2.585381084453347356e+01 -4.713661569185480182e+00 2.340191109021123950e+01 -3.147496369600627730e+00 2.122871930611938396e+01 5.385038847280808838e+00 -1.769112014787770448e+01 -4.694332766181112504e+00 -1.407968955995206528e+01 2.832170165680591367e+01 -5.104448932467720468e+00 -2.528082025632833663e+01 -2.400128528092610125e+01 5.120243507110785686e+00 -2.043807489795559817e+01 1.620777931356514401e+01 -2.679937287785402589e+01 -1.272044077625240099e+01 -3.718328794609860211e+00 -1.515706188366909224e+01 1.334858928425223823e+01 -4.014042360776571172e+00 2.968579161172820502e+00 -7.598595083697808228e+00 -1.335177503173904512e+01 2.365074401960468009e+01 4.073205066351105685e+00 3.020665970469215367e+01 -5.886134891531042079e+00 -1.246202170932484421e+01 2.076778376544018911e+01 -2.160217353064283685e+01 1.919285783856321714e+01 1.909052704465793227e+01 -1.325582456292123901e+01 -8.667914482852272506e-01 6.464685204369004623e+00 2.017041649423634198e+01 7.085613389056281797e+00 1.916624350924820419e+01 -3.480029456286926148e+01 -6.381400198649138211e+00 -6.671386982597551807e+00 4.073495424889310712e+00 -1.474303309013375696e+01 -3.010054697910264565e+01 1.616261752389466366e+01 2.791970637380731901e+01 -3.241200531342685309e+01 4.974550724538803870e+00 -1.217787754520887233e+01 5.580162933814652781e+00 6.983814070522345041e+00 -7.388153947664767962e+00 4.653325502033546002e+00 -3.383996931255394713e+01 -6.123041266671940264e+00 -1.967715720562975790e+01 1.331253311635266101e+01 1.990620764292170364e+01 -1.389252567622361845e+01
-1.344223467142703932e+01 -8.010926076159945453e+00 1.460263065516256731e+01 -1.165634709447941653e+01 2.389293129001059768e+01 2.669289525095574156e+00 3.663051063719249711e+00 -3.134266902594221804e+01 -9.797962064348611833e+00 2.441051287824222982e+00 1.548373760816583378e+01 -4.601384421703937910e+00 -3.635115804901499104e+01 -2.267586384865491134e+00 -7.028723097403301701e+00 3.116495079927609169e+01 -3.585427972744223268e+01 -3.085764413073934520e+01 -1.563177397879667119e+01 1.900776795475407255e+01 1.378210653760339532e+01 1.557046686906952893e+01 8.659965638315183512e+00 5.704611885542652416e+00 -3.297034831224238616e+01 -6.126296799311431229e+00 2.970339842169991940e+01 3.635564357786894352e+00 4.474260065520148544e+00 -1.585623501558007931e+01 1.042714227442710850e+01 -1.313514193659909246e+01 -1.112552685212585857e+01 4.354104664996192753e+01 -1.742223400782221887e+01 2.848100276782275131e+01 -3.487175133130870353e-01 -1.308204574737639847e+00 3.473364973946404177e+01 -2.845790701822791391e+01 -5.463358780189436104e+00 2.347675654147271018e+01 -2.263688556299159771e+00 2.460554190781983408e+01 5.811102082884801234e+00 -1.739360066739166299e+01 -6.884669555104623306e+00 -1.666992475831335341e+01 3.366159741832133534e+01 -5.871259577636796401e+00 -2.826353371658805003e+01 -2.316375776166043821e+01 4.627107238229927866e+00 -2.497291269011381942e+01 1.779995165470361584e+01 -3.061315178353764921e+01 -1.396069274811743277e+01 -3.005283324778193155e+00 -1.316494814007132952e+01 1.044940341353782998e+01 -2.282413221382131763e+00 5.844145158541439455e-01 -1.142269095557511704e+01 -1.389764708935114079e+01 2.445504049876800678e+01 6.057300981116154226e+00 3.178561810123495235e+01 -5.445733776725215414e+00 -1.298932648266496237e+01 2.469387483211983181e+01 -2.686320710795147804e+01 1.817837206925788962e+01 2.041487021921329514e+01 -1.237294713031958615e+01 -3.168436389224747463e-01 5.804723061658685346e+00 2.071770950370537889e+01 6.388807336095066347e+00 2.381954250101237136e+01 -3.948451959938530820e+01 -5.675392999683204209e+00 -5.027191137771798601e+00 4.005329584832869605e-01 -1.711687998607354544e+01 -3.481819263247626139e+01 2.206899508979074653e+01 2.960665693930727116e+01 -3.455720037645708942e+01 2.863137945986021560e+00 -1.207946395433161690e+01 9.099594204753197246e+00 9.462468247230495066e+00 -8.164390326566968170e+00 5.249524807710061580e+00 -3.604065112459461062e+01 -4.640976278286244039e+00 -2.141615753919106524e+01 1.379410143681892542e+01 2.229869701998201847e+01 -1.344474118852698652e+01
-1.356985916285165317e+01 -7.817583188307462905e+00 8.621689753349830454e+00 -5.776249575953770865e+00 2.066802080623465798e+01 3.147949822080144511e+00 4.831746055267358564e+00 -2.780653005707583247e+01 -1.311689560614212446e+01 1.159653357114261096e+00 1.164300557707412587e+01 -2.481941881552352847e+00 -3.052732670737085741e+01 -8.748234629003219798e-01 -5.107984230263695302e+00 2.395633778197668917e+01 -3.000185218698207734e+01 -2.662174210420199927e+01 -1.973456475107130359e+01 1.718920867330748337e+01 1.164086197809703194e+01 1.215868773030096683e+01 5.603410576404235677e+00 5.568372918760335466e+00 -2.918829586134529563e+01 -6.244256883874966135e+00 2.618337340205768982e+01 1.981123422439367010e+00 2.866502242672038125e+00 -1.525950441572333816e+01 8.368338212833011269e+00 -9.841715974054375593e+00 -1.089715603660498822e+01 3.807767664595044010e+01 -1.296100648115950271e+01 2.326501646975714266e+01 -2.312700849980505513e+00 -4.280275492335185561e+00 3.170999229418087495e+01 -2.532796143494633867e+01 -4.729729541871169118e+00 2.318733596636145933e+01 -3.718659074424632394e+00 1.942579927343799895e+01 5.340439543715421067e+00 -1.804972439986444854e+01 -4.069946255340275876e+00 -1.323588638412578433e+01 2.634062468955590219e+01 -5.148520115271154829e+00 -2.443353263381124663e+01 -2.474084803630111296e+01 5.436645424208210287e+00 -1.852483365138268212e+01 1.525819114900065010e+01 -2.609718907434742619e+01 -1.266542138607655588e+01 -3.898851918843866837e+00 -1.602597626929834007e+01 1.433151657483603714e+01 -4.610862335199647610e+00 4.167407584999472725e+00 -5.656404119380218809e+00 -1.310416525802512133e+01 2.325990283799099245e+01 3.660583817718029209e+00 2.981858365217192741e+01 -7.017777349461074898e+00 -1.233726672506388411e+01 1.939668188285909878e+01 -1.980480910332257594e+01 1.964198638470374547e+01 1.840768928249729086e+01 -1.375790720473403894e+01 -1.426235972204596969e+00 6.742046137247950099e+00 2.014683586005880755e+01 7.762482717468306426e+00 1.691854171493399051e+01 -3.318228905218868618e+01 -6.034967342014322611e+00 -7.373416896725641934e+00 5.210119112523603491e+00 -1.389085115289184280e+01 -2.780348757573778329e+01 1.392724259451284929e+01 2.748475374115899683e+01 -3.162688751623347727e+01 5.489940724044349629e+00 -1.263008530143023656e+01 4.432907814615825615e+00 5.949047289508992975e+00 -6.812130788095956291e+00 4.003363038725920475e+00 -3.341387874938219937e+01 -6.876373832011466014e+00 -1.923162955837437593e+01 1.339613987819781116e+01 1.839986438943233793e+01 -1.493083396970201093e+01
-1.307249384441931639e+01 -7.709204551611446909e+00 8.952641570011108385e+00 -6.449338215701709842e+00 2.080374572280300427e+01 3.296342687676783179e+00 4.676652849330278805e+00 -2.794153392829148075e+01 -1.269500567410687886e+01 1.424070532938143785e+00 1.198522944309724103e+01 -2.946469587512871247e+00 -3.041612424042560292e+01 -7.326270091391582362e-01 -4.838778802832430337e+00 2.475586344480693057e+01 -3.100206901950796023e+01 -2.734183050142127058e+01 -1.940514632253089644e+01 1.743072753953000387e+01 1.138081909082551135e+01 1.254159563302122571e+01 6.069054094096615337e+00 5.784943017657383280e+00 -2.978384772247376588e+01 -5.776728616148604445e+00 2.625119860023921703e+01 2.287419700990262594e+00 2.907180299450415006e+00 -1.504779660938614683e+01 8.902591294358098040e+00 -1.025384727023903153e+01 -1.046039711112692672e+01 3.807690289534877337e+01 -1.367345254195259940e+01 2.450006112948054948e+01 -1.790809255229228292e+00 -2.990994130682926411e+00 3.177514194018144522e+01 -2.551993516458230005e+01 -4.862721581573434371e+00 2.344107612947265551e+01 -3.603194102559173384e+00 1.973419442921755262e+01 5.295615858552797484e+00 -1.786205888587295831e+01 -4.141920404341925099e+00 -1.338701780121989771e+01 2.692936845378480726e+01 -4.687517510532387632e+00 -2.425495577609704512e+01 -2.419290480131239107e+01 5.554855067825765325e+00 -1.890104262056308571e+01 1.596376400480690627e+01 -2.597371012146085789e+01 -1.254172443731028608e+01 -4.053111883244338465e+00 -1.535417643882269445e+01 1.388844934237387108e+01 -4.050492928464481501e+00 3.355865815216646730e+00 -6.846645565483714613e+00 -1.325665693308070914e+01 2.329169330797227744e+01 3.379415575550440920e+00 2.984877733292120539e+01 -6.375416651131201817e+00 -1.211742887825257853e+01 2.011157911915906027e+01 -2.055585523841677187e+01 1.946523050803846644e+01 1.881306639991731089e+01 -1.323961196475123536e+01 -1.108825129769233309e+00 6.320481074523200071e+00 1.983021917699289105e+01 7.297095447189800410e+00 1.794159145469415861e+01 -3.338305463644427817e+01 -6.570980167320785270e+00 -7.256960120927185010e+00 5.112797967881713923e+00 -1.386749742115634554e+01 -2.885092265149435775e+01 1.469208309558794845e+01 2.768305180762214945e+01 -3.173640071915282235e+01 5.707139838853707126e+00 -1.215147030398275341e+01 4.763462524322738645e+00 6.383471015286651173e+00 -7.043766503567758797e+00 4.504907901782634561e+00 -3.361353253955928011e+01 -6.523679751636060509e+00 -1.878091367579313342e+01 1.297322738651158858e+01 1.922054312234149265e+01 -1.410441866479814976e+01
-1.354077552068994983e+01 -7.391338821896749955e+00 1.574771952256120322e+01 -1.281535034473358436e+01 2.500366191291665174e+01 3.013438677172334490e+00 2.956527741717656976e+00 -3.221326804855942783e+01 -9.118332220425163115e+00 2.226610516410361118e+00 1.661416896680312405e+01 -4.563367758951021536e+00 -3.717517218558531056e+01 -3.022673348469749222e+00 -7.784603593572785307e+00 3.298506302204820173e+01 -3.608491309823127580e+01 -3.311261390167589269e+01 -1.428115627630871209e+01 1.931653040725666415e+01 1.454813591578178134e+01 1.611208528796625572e+01 9.815538688078380147e+00 5.035973843678713813e+00 -3.427891636994045399e+01 -6.264799977507969686e+00 3.055050360618395544e+01 4.062596912907099345e+00 4.322595588340449879e+00 -1.554136034270472067e+01 1.101417854156234100e+01 -1.347618522068900937e+01 -1.160537062702618272e+01 4.475664812319836727e+01 -1.824140491599658276e+01 3.022639930831204680e+01 -9.822262039090443042e-02 -9.836494513109529381e-01 3.559480156657215133e+01 -2.836754401939704806e+01 -5.295482941420210921e+00 2.329350013162941480e+01 -1.827916912537162153e+00 2.618108331878906014e+01 5.907827012761478258e+00 -1.652212703038269836e+01 -7.472592595960135142e+00 -1.768028261372016985e+01 3.566436824573023756e+01 -6.916375678285191952e+00 -2.871484519182416406e+01 -2.247850499013241432e+01 4.021021579795945655e+00 -2.666667044469689429e+01 1.852385795365596621e+01 -3.104412602717450298e+01 -1.421074367741760902e+01 -2.735064202151381796e+00 -1.324397983421324554e+01 9.466849328649075801e+00 -1.693724066450045695e+00 -4.092159006489057976e-02 -1.307127872213193420e+01 -1.405160286516998447e+01 2.477801460598796979e+01 6.155202209078899145e+00 3.205532607908030229e+01 -3.856581594802312107e+00 -1.390136601436213049e+01 2.624153454624002180e+01 -2.808006073046300699e+01 1.707824944649199850e+01 1.997980889955354300e+01 -1.190489862696650469e+01 1.844363072163040518e-01 5.430750653467233846e+00 2.074567615457613456e+01 5.307495374957300172e+00 2.567305275416105559e+01 -4.098217303496026176e+01 -5.873279689016224658e+00 -4.037015181595479341e+00 -5.316465707587840761e-01 -1.787369145175571816e+01 -3.587220607776553294e+01 2.397475721927543191e+01 2.955034415048507057e+01 -3.530582159746660409e+01 1.597449802016745135e+00 -1.153436947647707100e+01 1.030471201078834120e+01 9.756022414899836903e+00 -8.550041960721578960e+00 5.822440416612916003e+00 -3.629889938171846353e+01 -3.900794657983862379e+00 -2.193788914969956849e+01 1.373968764261439368e+01 2.360620389696825683e+01 -1.306871624576610635e+01
-1.363751436750802348e+01 -7.584199718406895663e+00 9.329052211437701914e+00 -6.539744424357217589e+00 2.090522780049074569e+01 3.347067614798286961e+00 4.569479130304790360e+00 -2.852658174846766315e+01 -1.251273659645777059e+01 1.189365938530940303e+00 1.225357942420536439e+01 -2.729009733120362213e+00 -3.098711702935027290e+01 -1.127454028618084525e+00 -5.122997346544686081e+00 2.551275976252421529e+01 -3.124845496492753227e+01 -2.760834854757454337e+01 -1.889139355798263153e+01 1.737133832445085702e+01 1.169819690502924736e+01 1.262657904468712111e+01 6.241036668599168280e+00 5.572007885262745930e+00 -2.945775874749557133e+01 -5.728012345933350069e+00 2.621567233003113273e+01 2.608278961024130815e+00 3.081112482266400665e+00 -1.505402339411498858e+01 9.218201395051510261e+00 -1.048857523887682675e+01 -1.076719953541065244e+01 3.859156553008276802e+01 -1.360761201093054673e+01 2.460388703623131690e+01 -1.503853155008598286e+00 -3.603949963345443486e+00 3.196930180926320375e+01 -2.518164272063222953e+01 -4.925710849358270416e+00 2.318657759806463758e+01 -3.361109992115870693e+00 2.020108452896709750e+01 5.430169126388584289e+00 -1.781306441462504253e+01 -4.273530419592113994e+00 -1.346749699436876035e+01 2.725939237475941113e+01 -4.652167146777471451e+00 -2.479635578362345072e+01 -2.410200494788011838e+01 5.134686028462803975e+00 -1.952959272127525026e+01 1.623139100817625646e+01 -2.592132505985916779e+01 -1.248518232453958987e+01 -3.798233001450935120e+00 -1.533381250951249264e+01 1.378616332608250872e+01 -3.995747756879578283e+00 3.415599187614157373e+00 -7.186253470473555893e+00 -1.329792796652589892e+01 2.327584275749822140e+01 3.719762967763518891e+00 2.963108201630051042e+01 -6.302787446636312296e+00 -1.209299091119125968e+01 2.032331735555509056e+01 -2.050336324901153517e+01 1.912105909264394654e+01 1.879255685315586533e+01 -1.337495266658794613e+01 -1.141256237334813406e+00 6.499848773837108240e+00 1.991154882697734152e+01 7.510862979113963611e+00 1.855114496801425261e+01 -3.413399480904399752e+01 -6.183039922855484427e+00 -7.146094051069824538e+00 4.762022722774976735e+00 -1.402398492175191436e+01 -2.930245227693174215e+01 1.544196971835384780e+01 2.782095331301417573e+01 -3.168582886844790281e+01 5.686984864400822737e+00 -1.214992112506521948e+01 5.078283582967583420e+00 6.325718016109922459e+00 -6.679880957448959933e+00 4.662843247930780421e+00 -3.338286044336755509e+01 -6.356401673128876162e+00 -1.946788799223836008e+01 1.300674849403603517e+01 1.928687526787770423e+01 -1.415116682876763399e+01
-1.360425415790752979e+01 -7.854491830383838469e+00 9.541330525303683530e+00 -6.679971320957953651e+00 2.114271140337767463e+01 3.072217455829190147e+00 4.623414139118563249e+00 -2.856332458854289769e+01 -1.233955294315466489e+01 1.394006259183497409e+00 1.233977524561108297e+01 -3.150343556211125939e+00 -3.114791381519053459e+01 -7.400845904845628764e-01 -5.037001733497446843e+00 2.546350523029826007e+01 -3.203976143633374818e+01 -2.723646177761554910e+01 -1.891032860773362501e+01 1.760394137362583677e+01 1.142786653195622648e+01 1.255774563858560455e+01 6.240328859672976236e+00 5.988035738305957700e+00 -2.996645464693945016e+01 -5.497922688069207808e+00 2.638497240850789538e+01 2.770108466862311491e+00 3.329420739165038778e+00 -1.505080532346631017e+01 9.214966928810570224e+00 -1.046113148412331384e+01 -1.079217705601601196e+01 3.850206953439736424e+01 -1.433813373712674810e+01 2.530142702151891498e+01 -1.306773696233174853e+00 -2.658311013095390418e+00 3.222477702425515389e+01 -2.537517532318690527e+01 -4.942258158751200448e+00 2.332883458044504366e+01 -3.078931450310262719e+00 1.990644331312341109e+01 5.483502881603900647e+00 -1.791043137419522679e+01 -4.177014593205206516e+00 -1.369733949864951583e+01 2.729702943981581242e+01 -4.365564196659044605e+00 -2.453422159400330216e+01 -2.398356773011185084e+01 5.532346311199881406e+00 -1.960865962617965863e+01 1.624036245399105738e+01 -2.560871610433058265e+01 -1.256810730438348145e+01 -4.143699596165923538e+00 -1.494541622294782002e+01 1.398301702443173333e+01 -3.440594183683371554e+00 2.827660791256607187e+00 -7.250993920436938467e+00 -1.364937806170350676e+01 2.322335268502507333e+01 3.931238851830874292e+00 3.004452358416333624e+01 -6.408130705651692516e+00 -1.197742620137803016e+01 2.080131217279382483e+01 -2.116403234901794761e+01 1.940514831277765850e+01 1.904888533405036810e+01 -1.301387477781664792e+01 -6.899260817265112644e-01 6.581598960862316439e+00 1.999760435129157443e+01 7.490835925423603214e+00 1.889698741949113980e+01 -3.426111896167690674e+01 -5.877154716875185869e+00 -7.117135002067645821e+00 4.588463440739008803e+00 -1.409534998620786261e+01 -2.968563453596246404e+01 1.554013825904689305e+01 2.807460256775616969e+01 -3.165496997850011596e+01 5.848387968023264882e+00 -1.205488359311622659e+01 5.196956267689466280e+00 6.510067058051219213e+00 -6.761014923429794266e+00 4.847670286881005985e+00 -3.395512537901723960e+01 -6.238545793850911458e+00 -1.947107525247875870e+01 1.287623975715910696e+01 1.960281356562402166e+01 -1.365193530156316370e+01
-1.342038538666215786e+01 -7.925118261371587813e+00 9.611553957875718979e+00 -6.665721483257035729e+00 2.101551781315048473e+01 3.508063655897403876e+00 3.934444879448447008e+00 -2.824237546896825890e+01 -1.233905239344375993e+01 1.486043239702968366e+00 1.200614994098538268e+01 -3.621409320078396110e+00 -3.064354784964194067e+01 -9.649071190877719362e-01 -4.911348255337894209e+00 2.594478558684119562e+01 -3.243193550390103042e+01 -2.740356798804584315e+01 -1.848243393481556041e+01 1.747030379133973454e+01 1.122628827498135884e+01 1.275034640218378179e+01 6.667053733778710800e+00 6.070381470614937491e+00 -3.024607765981544816e+01 -5.209241233944702287e+00 2.604541404860549392e+01 3.205924015110412029e+00 3.040705885696453503e+00 -1.466391570069476202e+01 9.370126376418918213e+00 -1.029236180795423827e+01 -1.073777749303423512e+01 3.793833919544317723e+01 -1.446196246104849692e+01 2.594687862284077440e+01 -8.641851563634211919e-01 -1.787953090212534235e+00 3.256347040099503687e+01 -2.518958649546019757e+01 -4.976239927717498013e+00 2.303178338143285586e+01 -2.868913753006988365e+00 2.016815202516698236e+01 5.437290961261834532e+00 -1.770325525939512801e+01 -4.088647582016425197e+00 -1.355324192215973156e+01 2.722877889536639273e+01 -4.037964544961821112e+00 -2.440347970195901084e+01 -2.360888227488958435e+01 5.257007075117710926e+00 -1.958729380601734249e+01 1.661426114901854234e+01 -2.518116787979164428e+01 -1.188972325088561632e+01 -3.938765499666611269e+00 -1.461403675780888811e+01 1.375147519400111840e+01 -3.410873922150375215e+00 2.316243054711285332e+00 -7.822725137809460882e+00 -1.368382622779303048e+01 2.311392331061319538e+01 3.427791036333852404e+00 2.986529047919561464e+01 -5.590411269487555401e+00 -1.196002112936847084e+01 2.086990813159633973e+01 -2.119031359919001645e+01 1.900706172585659104e+01 1.848217296165833545e+01 -1.266574684377144067e+01 -4.437020378271994137e-01 6.452402008489537266e+00 1.966200792210731407e+01 7.010721396160712438e+00 1.937487948224285006e+01 -3.382453761278192417e+01 -6.466149600277045550e+00 -6.780804512500766101e+00 4.572249068282135731e+00 -1.421854909777174392e+01 -3.002031885375353326e+01 1.556807096056307671e+01 2.751107427733444055e+01 -3.162782743407821329e+01 5.937405074184272991e+00 -1.198255144867214028e+01 5.299037161704966969e+00 6.480672000435591329e+00 -6.856540439329461556e+00 5.272443755871075055e+00 -3.354925716933134794e+01 -6.536395594239795770e+00 -1.958138702925965191e+01 1.261935095413496022e+01 1.984697002532991661e+01 -1.270249141147897021e+01
-1.368174744671324561e+01 -7.279886525773308747e+00 9.782414188318350412e+00 -7.316429744807095403e+00 2.144308973165452770e+01 3.674868207405625586e+00 4.084531501749075311e+00 -2.866808610522406653e+01 -1.189847452856658627e+01 9.642254958230135342e-01 1.250306079762892786e+01 -2.749991510894594704e+00 -3.158631456231434242e+01 -1.521311106991693807e+00 -5.607379411858462781e+00 2.548221753761445285e+01 -3.095289191728225120e+01 -2.876323346119083624e+01 -1.855642154356496221e+01 1.796350628212591971e+01 1.230306857833651435e+01 1.274646049773180145e+01 6.863838795286998362e+00 4.923070533318551156e+00 -2.959083230275717824e+01 -6.315280601202386102e+00 2.620052515003499849e+01 2.580633591866881904e+00 2.970708893611773149e+00 -1.524156242874191136e+01 8.950610899093748074e+00 -1.044351397048409602e+01 -1.106457793694808345e+01 3.936581449885329675e+01 -1.331630517968715566e+01 2.503920499709176184e+01 -2.055050907781644121e+00 -3.730985801004007563e+00 3.239667509024267389e+01 -2.557288079977418604e+01 -4.485790755503484384e+00 2.332410771551997541e+01 -3.563364325843440650e+00 2.157653432930007398e+01 5.390433355711510721e+00 -1.749460663062207644e+01 -4.803283080891373125e+00 -1.426301396044341807e+01 2.851170077584098195e+01 -5.712597381031844890e+00 -2.493074596267376819e+01 -2.400268141968548363e+01 5.178966125785277264e+00 -2.024795789228649312e+01 1.596651475776575424e+01 -2.709575079709842171e+01 -1.293730604723496924e+01 -4.000685188105087775e+00 -1.557030768718052904e+01 1.336734228248103307e+01 -4.416937802944626235e+00 3.541093886367811638e+00 -7.424309280595234206e+00 -1.312948996002486446e+01 2.376908299415424608e+01 3.951946809289318185e+00 3.022012229323846810e+01 -5.742625413142133262e+00 -1.288524477149815439e+01 2.071445634649711209e+01 -2.141312833856197884e+01 1.904239785293071563e+01 1.884974889337605930e+01 -1.345356554902943813e+01 -9.586185585340406545e-01 6.240306470914352310e+00 2.019158457270707174e+01 6.734970084834086990e+00 1.880663586583197500e+01 -3.466553360355450053e+01 -6.676242010696439522e+00 -6.282152493950166061e+00 4.524632947247627435e+00 -1.489683730034044018e+01 -2.921177212961491421e+01 1.551289063974736671e+01 2.761308605982146247e+01 -3.227061552167736380e+01 4.761110778064242766e+00 -1.197999420636071655e+01 5.639460712431011657e+00 6.740168403569186673e+00 -7.685564003931202315e+00 4.243945231971466114e+00 -3.356738565780428729e+01 -5.972204190662494305e+00 -1.924443194449134964e+01 1.349351537253502009e+01 1.965614708420756429e+01 -1.426156606137331018e+01
-1.359199492691019273e+01 -7.376637642142466866e+00 1.350718304590858310e+01 -1.050683132611968418e+01 2.357463119277824504e+01 3.368212697212939588e+00 3.241246401062078064e+00 -3.109630833298157171e+01 -1.028350724898722390e+01 1.975210370728984532e+00 1.545599492893200377e+01 -3.673779775554885330e+00 -3.495002088001391627e+01 -2.334874669052329210e+00 -6.526905356939614933e+00 3.035876552759150115e+01 -3.449788239525069855e+01 -3.146232718341336465e+01 -1.621588365706190871e+01 1.886818973509420516e+01 1.361280602506806048e+01 1.517345231386901361e+01 8.802315542549528971e+00 5.087531328893662774e+00 -3.256529084858471634e+01 -6.054414626110535380e+00 2.892756803202319560e+01 3.482666375246493917e+00 3.892900834248942399e+00 -1.555092582486160779e+01 1.052373068901307107e+01 -1.232244459164465411e+01 -1.123406239832806008e+01 4.270751979622878736e+01 -1.622784216732612705e+01 2.819735985774144638e+01 -4.927170193206263371e-01 -2.279388598079525874e+00 3.426120389043163783e+01 -2.760111697328236602e+01 -4.913725939201359694e+00 2.364938285790398353e+01 -2.547467575645577131e+00 2.451179371470423263e+01 5.772025662275586555e+00 -1.740856242057701664e+01 -6.611628255015572719e+00 -1.640074559285336875e+01 3.273442011236642202e+01 -5.983155383916094472e+00 -2.730834687185133802e+01 -2.324796640995673158e+01 4.271265659307228901e+00 -2.425220915740127481e+01 1.805811090332676372e+01 -2.928540749790098729e+01 -1.380297742698851415e+01 -3.335435524236594951e+00 -1.424868924224819544e+01 1.107873182315389116e+01 -2.652979667146257992e+00 1.449306256366370338e+00 -1.075792597535019013e+01 -1.360743817050357585e+01 2.444029471215888094e+01 5.019793990016029106e+00 3.114440083647404123e+01 -4.641586453441915339e+00 -1.330300824249802716e+01 2.390145103002828364e+01 -2.498991879014424100e+01 1.785720857241211590e+01 1.970448846300723744e+01 -1.264692964372250295e+01 -4.691992441120621526e-01 5.850297520114212446e+00 2.050320530275603659e+01 6.138867727267750318e+00 2.322133693599509030e+01 -3.883419944735810247e+01 -6.396517700868420420e+00 -5.157975258231292770e+00 1.539717997329545396e+00 -1.643841767759878536e+01 -3.352397848599333940e+01 2.080133233919615421e+01 2.889852217182207283e+01 -3.418111619916453492e+01 2.933524497733225544e+00 -1.181718431095199584e+01 8.149505069395866386e+00 8.449035604297979063e+00 -8.305036422391795625e+00 5.386584620871959217e+00 -3.532904623095124208e+01 -4.717969792677784824e+00 -2.118875335596104392e+01 1.361012501459674695e+01 2.203095992590825958e+01 -1.321851065313142115e+01
-1.338096491820250300e+01 -7.572570154143025256e+00 1.003695286331291392e+01 -7.122030880603674063e+00 2.151013347107759799e+01 3.259621990528801749e+00 4.148020582504074127e+00 -2.900887174244133959e+01 -1.190038952600382238e+01 1.375482857996035646e+00 1.288026438442527066e+01 -3.137729738017325243e+00 -3.132881439329190343e+01 -1.139323132457426002e+00 -5.125550771935911243e+00 2.604292409970948086e+01 -3.211675675126246432e+01 -2.820352162055150558e+01 -1.853878986142286323e+01 1.785505925732405075e+01 1.144022677270633537e+01 1.309494726312471258e+01 6.894477888339441307e+00 5.715226842683395425e+00 -3.038052625071103563e+01 -5.892532110758879504e+00 2.691300453060586051e+01 2.700979986708886393e+00 3.019743955791484247e+00 -1.473109510955256241e+01 9.414500626948784756e+00 -1.071862326151860678e+01 -1.069166528659940241e+01 3.900177965546466652e+01 -1.425195761750453904e+01 2.563659513096582998e+01 -1.258222968042101986e+00 -2.610458872088587068e+00 3.236734694836462012e+01 -2.571889948029914308e+01 -4.780504520287461645e+00 2.358294916345763781e+01 -2.967528043416416850e+00 2.070709562180893570e+01 5.523644540295022942e+00 -1.806266989492421615e+01 -4.629633509118288082e+00 -1.417143525256073389e+01 2.792481480873919608e+01 -4.818638906917456666e+00 -2.490477261505129647e+01 -2.389006851573810764e+01 5.127372595995772109e+00 -2.033073350652318823e+01 1.684977955612489708e+01 -2.581955130096680406e+01 -1.273703862740092241e+01 -4.098391938828290115e+00 -1.493595785867283254e+01 1.352623890752557756e+01 -3.594997371302680378e+00 2.633065631533881401e+00 -7.685470538279727926e+00 -1.333903281290533727e+01 2.355322256661564850e+01 3.740382574013349615e+00 3.006518437117103559e+01 -5.928974770529239713e+00 -1.229555569138317672e+01 2.101504683730028233e+01 -2.157961533527571163e+01 1.909472672854271735e+01 1.896952858167952982e+01 -1.306565777930698324e+01 -8.395839050880210541e-01 6.405653236438274334e+00 1.986576381330463192e+01 7.142810542586609301e+00 1.935622268253247924e+01 -3.484663388330237410e+01 -6.413965407651482487e+00 -6.697151537568440283e+00 4.434108456710742274e+00 -1.431506973920847869e+01 -3.004039518788831842e+01 1.604456399981716430e+01 2.807143070121769313e+01 -3.236888829711235616e+01 5.141919924557472044e+00 -1.184358621207461582e+01 5.475509151520753015e+00 6.599813239426087996e+00 -7.409597142816386039e+00 4.912513586700529622e+00 -3.417379556932633022e+01 -6.140527173358089286e+00 -1.951088649780396977e+01 1.304612715574937276e+01 2.013505667169052771e+01 -1.354563956081797294e+01
-1.336135692526454477e+01 -7.529210498112815841e+00 8.152847307577090419e+00 -5.631191914364716666e+00 2.049178771632898233e+01 3.735065843551232057e+00 4.803801296822685529e+00 -2.749099884404733274e+01 -1.269659441164839286e+01 1.488990151348101199e+00 1.146233388245533824e+01 -2.942308920535675831e+00 -2.982525196009094159e+01 -8.213101999032846878e-01 -4.876768865561150967e+00 2.441315307599493067e+01 -3.024247686018648906e+01 -2.694654741273631871e+01 -1.994362817013450950e+01 1.720836411961921897e+01 1.127250116113219036e+01 1.224829262271789077e+01 6.063157958413412985e+00 5.449031278466888395e+00 -2.934453389193649997e+01 -5.999242642562877315e+00 2.595434454419644865e+01 2.102320336359158937e+00 3.075238797386884215e+00 -1.472745687819333682e+01 8.824036467944429418e+00 -9.766646998782714917e+00 -1.050935161057918954e+01 3.774209916871025428e+01 -1.318404309099572913e+01 2.382162454886154634e+01 -1.525991796277449408e+00 -3.388644625520375264e+00 3.142568802228345604e+01 -2.522190094866531140e+01 -4.710145610999203925e+00 2.311743383632883209e+01 -3.579827995289825093e+00 1.937035596090116840e+01 5.416460215142413936e+00 -1.781013562407751749e+01 -4.061771904855267401e+00 -1.323767453208717804e+01 2.570269556785909160e+01 -4.644237258710226968e+00 -2.412259337127969161e+01 -2.448759287576881150e+01 5.232347346628944962e+00 -1.854747922846847175e+01 1.585932741505405197e+01 -2.509035645492377498e+01 -1.225040869402359434e+01 -3.958287874990947142e+00 -1.540767842209089444e+01 1.429923439600471191e+01 -4.402561419247390972e+00 3.674955652753065571e+00 -5.740291681274082514e+00 -1.288421306959690149e+01 2.332665056992025043e+01 3.095954915462119761e+00 2.938982179794983196e+01 -6.365093543550660371e+00 -1.191926051051031443e+01 1.921122722929227322e+01 -1.978680416743186044e+01 1.940957201859767522e+01 1.832685935256188259e+01 -1.362215159278558119e+01 -1.233444361138243739e+00 6.682333443505421577e+00 1.998392546896756983e+01 7.218790884713563116e+00 1.735687351663478495e+01 -3.296109800920610411e+01 -6.366603980264889273e+00 -7.646785376596336725e+00 5.647238754074547451e+00 -1.359504925946389342e+01 -2.811945423472717920e+01 1.415374324560776742e+01 2.734693968533755992e+01 -3.142440463476837920e+01 5.492881922393650918e+00 -1.275963753058457684e+01 4.250476817364896576e+00 5.993644590214144863e+00 -6.702726673920353484e+00 4.016552788175449251e+00 -3.330593388719346137e+01 -6.928722839249003229e+00 -1.922721362107969867e+01 1.296514537757637164e+01 1.872541829642205968e+01 -1.451485550673845282e+01
-1.313566385046590668e+01 -7.943388625600944941e+00 7.171877813145356662e+00 -5.004973860761543492e+00 2.002444878771760983e+01 3.424501014791471842e+00 5.285757118252080389e+00 -2.694709390694929851e+01 -1.341932490706662584e+01 9.139413633609632104e-01 1.082382335172740362e+01 -2.395893503537179114e+00 -2.918095524493273984e+01 -3.327672096845553651e-01 -4.268455548246607556e+00 2.246725261972580867e+01 -2.940782065969906967e+01 -2.592331134705618823e+01 -2.041149418014527583e+01 1.696299605595251592e+01 1.059007854406462457e+01 1.145921832683445274e+01 5.110381132496665479e+00 5.709973723086941177e+00 -2.800127861732973500e+01 -5.889866831892216936e+00 2.508928039404263544e+01 1.795660796699129813e+00 2.604463620012849479e+00 -1.468970029314253978e+01 8.157444189048257854e+00 -9.699397172399821798e+00 -1.036099221120973901e+01 3.668281378712266161e+01 -1.209319503281170149e+01 2.267324642486812891e+01 -2.428562020064641835e+00 -3.743538056659083235e+00 3.060406414823748378e+01 -2.481717573094014284e+01 -4.739880167842268399e+00 2.331150321805011671e+01 -4.166463634506286873e+00 1.841990229440122206e+01 5.277987447203578597e+00 -1.806079010379744076e+01 -3.375475251378397878e+00 -1.254993669193640748e+01 2.490111510685654039e+01 -4.359922028878770561e+00 -2.330276246952371366e+01 -2.472410246998884986e+01 5.672652837129254166e+00 -1.716442277511051273e+01 1.524019428658979436e+01 -2.481521301654295186e+01 -1.205086005124634241e+01 -4.408718926043628805e+00 -1.556930765584683662e+01 1.522661599669178401e+01 -4.985224506646621201e+00 4.271196180493442185e+00 -5.053694307955542975e+00 -1.309107284615646094e+01 2.291871236218814900e+01 2.828972747736421933e+00 2.935949389295964451e+01 -7.292326235941654744e+00 -1.152713086252048846e+01 1.830483113431238351e+01 -1.894574137403937897e+01 1.987570554705119008e+01 1.864899165942151882e+01 -1.396259742961941619e+01 -1.371143052688650998e+00 6.535682236418421276e+00 1.963940502454488168e+01 7.860519578053802192e+00 1.594624877763782322e+01 -3.180518872686469578e+01 -6.454989945986704392e+00 -7.723257721000046594e+00 6.575851918451308897e+00 -1.307160466273917443e+01 -2.717225861465208325e+01 1.261042661928667741e+01 2.770260721206467380e+01 -3.095695010235848343e+01 6.597549875053657864e+00 -1.211532782460859892e+01 3.861478565090815440e+00 5.530149899176532990e+00 -6.481036753261437688e+00 3.895383474524335199e+00 -3.289188008340570946e+01 -6.979503881921374386e+00 -1.825992803515753238e+01 1.273862202604307825e+01 1.800468057944656408e+01 -1.462854773362766458e+01
-1.354147794033571373e+01 -7.780033380933055298e+00 1.101823289076479639e+01 -8.226091506635608397e+00 2.213679268256174026e+01 2.905757241301277993e+00 4.410573057814162645e+00 -2.966454662857167790e+01 -1.190770635779084330e+01 1.393808403397959195e+00 1.379104976652305403e+01 -2.808656113029224244e+00 -3.287142179518409080e+01 -1.282415738250581194e+00 -5.879448648653232468e+00 2.680796580185728928e+01 -3.213422313724699819e+01 -2.874683545653627803e+01 -1.829561940235622330e+01 1.793487746469494581e+01 1.266251272404389816e+01 1.337403163487688218e+01 6.695162936730303826e+00 5.424337585053373267e+00 -3.079294371541162434e+01 -6.167415010509176732e+00 2.773604423010519682e+01 2.459214802119719323e+00 3.330393720005416558e+00 -1.576662498926449629e+01 9.253636850384452828e+00 -1.101139765733779363e+01 -1.106307844539065677e+01 4.053308365002841640e+01 -1.442286295186805134e+01 2.539219375844468374e+01 -1.650458665819089621e+00 -3.366694150214230685e+00 3.265388610885069198e+01 -2.655997270425098478e+01 -4.646726356951305981e+00 2.380259597971297580e+01 -3.311015283920035746e+00 2.159527051024852540e+01 5.520472393888169904e+00 -1.770795715008479476e+01 -5.499742934401687044e+00 -1.487529171015134999e+01 2.956162045518173898e+01 -5.715079693139781369e+00 -2.566251570316829600e+01 -2.393921577482250029e+01 5.113553307898014211e+00 -2.123416602943146358e+01 1.640060621513214301e+01 -2.828631934420434391e+01 -1.375392153419810448e+01 -3.923500589205788813e+00 -1.525444522639413591e+01 1.271997530170373913e+01 -3.651603040613406570e+00 2.972816373964687564e+00 -8.219769537772471324e+00 -1.359268018468424799e+01 2.388036712718631449e+01 4.485061639482067264e+00 3.046915956220241384e+01 -6.278493946099372280e+00 -1.289250589514900369e+01 2.175229504750667076e+01 -2.279391329848417058e+01 1.912193551416007509e+01 1.973010994708032584e+01 -1.318580801336070429e+01 -9.773005551009522618e-01 6.142396658426154232e+00 2.028229170253919023e+01 7.307272737093596149e+00 1.992408327016999792e+01 -3.592325478676220740e+01 -6.301834950373964794e+00 -6.216431751309999143e+00 3.620036960133687032e+00 -1.497902842886341368e+01 -3.063923422721835266e+01 1.735822812751619537e+01 2.886603971394082180e+01 -3.288792949926040166e+01 4.160859120720497017e+00 -1.190410289990887982e+01 6.261569889517167198e+00 7.265467290938130596e+00 -7.509172443819559284e+00 4.795355115738612284e+00 -3.445146280237623415e+01 -5.523237415869667544e+00 -1.958528728531139507e+01 1.352148311749302323e+01 2.021066170802469486e+01 -1.448229407490461718e+01
-1.336084966030364285e+01 -7.757456378776454997e+00 1.036118573884581551e+01 -7.813908135672262389e+00 2.197809060808748782e+01 3.287303138527088997e+00 4.069494017764489158e+00 -2.909196500129091234e+01 -1.186264837976864506e+01 1.502458591714390446e+00 1.299955331595129593e+01 -2.966659553587319031e+00 -3.223948195424708274e+01 -1.328864779702991994e+00 -5.635414453351685005e+00 2.626340194745631962e+01 -3.191536668424518552e+01 -2.878266032435535138e+01 -1.837528511944491783e+01 1.807434407319497183e+01 1.232437371692656569e+01 1.315508723389211099e+01 6.848606265804884963e+00 5.312135239590071834e+00 -3.037713230579524648e+01 -6.116598537768869193e+00 2.692954372455941581e+01 2.756876661302456011e+00 3.139681770517210424e+00 -1.549360263607910682e+01 9.132883875826667719e+00 -1.085726791892641607e+01 -1.096456536875070320e+01 3.978726924080149985e+01 -1.409149496596855755e+01 2.539603141856323631e+01 -1.615322044328321160e+00 -3.153632829715044661e+00 3.274058421461164414e+01 -2.613159080562490999e+01 -4.700553465277422127e+00 2.352087635545300870e+01 -3.324568887228767089e+00 2.159393660507163304e+01 5.426490361859996447e+00 -1.773246971281488626e+01 -5.041776410798550323e+00 -1.452144997183615871e+01 2.915005903296080092e+01 -5.455569664274689146e+00 -2.530749659499668169e+01 -2.390212344558674573e+01 5.055314435333005285e+00 -2.073042201444520316e+01 1.650722647761765671e+01 -2.746278989836886808e+01 -1.298375155832484928e+01 -3.861677908317503238e+00 -1.515464037605752878e+01 1.319127524821555575e+01 -3.936862498643803221e+00 2.777617468807602297e+00 -7.991785629568747495e+00 -1.337428226868004089e+01 2.385245399021033563e+01 4.176642470334895663e+00 3.038999316186584210e+01 -5.820506533000590288e+00 -1.287780397283679079e+01 2.134782913167626006e+01 -2.203670571939038680e+01 1.885848329477207130e+01 1.921001270144014228e+01 -1.327116595564228518e+01 -6.959204649274737253e-01 6.294103957755486256e+00 2.006712190293820086e+01 6.936606175612474168e+00 1.958468407069548078e+01 -3.528180481558474213e+01 -6.428782469192053206e+00 -6.201238831787745376e+00 3.805721515579244763e+00 -1.517146463089345509e+01 -3.026724433615266463e+01 1.656322418131948737e+01 2.806645686159481556e+01 -3.266022927838746170e+01 4.609052913195087697e+00 -1.204905453409073779e+01 5.875631400102715673e+00 6.954526973491593544e+00 -7.611073842574799464e+00 4.526935805899880094e+00 -3.402690354308433029e+01 -5.800129212589041572e+00 -1.974773967110785833e+01 1.347887931436665099e+01 2.002762560050625495e+01 -1.391100894729937565e+01
-1.345993031504933235e+01 -7.828431054797138522e+00 1.026485489753412672e+01 -7.250023974451791808e+00 2.150823389431904431e+01 3.413744034595272758e+00 3.774808000544951359e+00 -2.872692133116156654e+01 -1.193021230100256425e+01 1.489867151588901484e+00 1.252363540978432610e+01 -3.476384024123643002e+00 -3.131644707233258274e+01 -1.353647059560270094e+00 -5.351866616820759148e+00 2.642917298015314742e+01 -3.244036952168254828e+01 -2.816202405379481277e+01 -1.815730963449264479e+01 1.773855127705781598e+01 1.164658292502671877e+01 1.301409252937464167e+01 7.114670809035865240e+00 5.773618618671721769e+00 -3.061492094527849162e+01 -5.833830012828264522e+00 2.659620381239406939e+01 2.983913579782268233e+00 2.929584675308149144e+00 -1.486521956145355006e+01 9.309332752153339996e+00 -1.044922177023467391e+01 -1.091372944500325914e+01 3.890789449604085348e+01 -1.448129568435326853e+01 2.607484211312337408e+01 -1.156003620999955128e+00 -2.122129292756699481e+00 3.279743230738918669e+01 -2.557091659691695895e+01 -4.798045025530140784e+00 2.323625402701306442e+01 -2.865316507504352739e+00 2.102786226739327802e+01 5.520683916165719296e+00 -1.759477635365024994e+01 -4.528518364817944786e+00 -1.403176891431008855e+01 2.817824241588207812e+01 -4.694423068838253776e+00 -2.481495703202990200e+01 -2.365521615681516465e+01 5.099161051797032940e+00 -2.047352386857684436e+01 1.657909345394965328e+01 -2.603457197648958754e+01 -1.238108234792014350e+01 -4.009926812236442650e+00 -1.480675646408276158e+01 1.316229998800246648e+01 -3.394302640764255141e+00 2.380341770577540039e+00 -8.078831145056780016e+00 -1.359363453838162883e+01 2.345071317945443568e+01 3.922982329365610532e+00 3.010192493981356776e+01 -5.429955579625088014e+00 -1.248494992297084494e+01 2.120060686995136479e+01 -2.181021687737747783e+01 1.901499942316569758e+01 1.868520854933518649e+01 -1.277000858806244921e+01 -4.669515473591897559e-01 6.501650181786644112e+00 1.984218607969705772e+01 6.871527176671452075e+00 1.987868226349687717e+01 -3.454191194419755817e+01 -6.582895307588525036e+00 -6.449281679257977018e+00 4.145717936076207977e+00 -1.480812462431515897e+01 -3.020818969522637687e+01 1.623431722507211106e+01 2.775034930893020402e+01 -3.230735537398916080e+01 5.278546327445695852e+00 -1.192282929126623614e+01 5.759439670562710667e+00 6.837818842436512945e+00 -7.394658237370757448e+00 5.231102567971030126e+00 -3.381575739247141144e+01 -6.257425958706180680e+00 -1.969398775114909483e+01 1.301310146292763470e+01 2.022081512245061674e+01 -1.300909234393416725e+01
-1.347060208256565517e+01 -7.672156634198143976e+00 1.158955557902670819e+01 -8.497048189214073233e+00 2.224170535194504694e+01 3.271149830515807988e+00 3.804626539179386757e+00 -3.021705719696960557e+01 -1.141220449375700063e+01 1.775336514193992521e+00 1.407749412440492875e+01 -3.509672400441666618e+00 -3.277374843072492183e+01 -1.532340829885957323e+00 -5.849114547034580447e+00 2.835501783851389845e+01 -3.349970311796207767e+01 -2.921438644371641047e+01 -1.757590721526001687e+01 1.810917561547944388e+01 1.248652650063143810e+01 1.408627315695377469e+01 7.719509027150668778e+00 5.842866325190760435e+00 -3.175055620404027223e+01 -5.667529743427369482e+00 2.779227822199431941e+01 2.906784041451649259e+00 3.451492529639229812e+00 -1.520414010563746210e+01 1.007482231036195053e+01 -1.133352893578860332e+01 -1.081603408710036085e+01 4.054570658224682234e+01 -1.566113862994076200e+01 2.712768251949540499e+01 -2.998657791203276912e-01 -2.232608597599214040e+00 3.354878930512595048e+01 -2.640701823246897462e+01 -4.784263714170754689e+00 2.360780104488196685e+01 -2.577164751725435909e+00 2.209860006133778398e+01 5.624447603111490501e+00 -1.768700062365354952e+01 -5.433508092176761117e+00 -1.504824754891616223e+01 2.989905879069183214e+01 -4.931189326566484787e+00 -2.602147890813181874e+01 -2.352042623468947724e+01 4.668740425620542922e+00 -2.232185077099561354e+01 1.730869466481007279e+01 -2.700696334581015279e+01 -1.310342273624374165e+01 -3.651044207278583809e+00 -1.467760927492972201e+01 1.235783084145261945e+01 -2.692942393025995695e+00 2.137077681696535780e+00 -9.181669404733098006e+00 -1.369529476321241290e+01 2.367312357128992062e+01 4.519493324768085074e+00 3.040425185383471174e+01 -5.351652175631245179e+00 -1.256034737553128799e+01 2.246739530778706140e+01 -2.311365589358999983e+01 1.880788621112071723e+01 1.900265533201800494e+01 -1.252009416984159529e+01 -6.700361508888069695e-01 6.436582968346955091e+00 2.036215772142971403e+01 6.683941924755454345e+00 2.152980120649038298e+01 -3.660908587921033330e+01 -6.209791189714005455e+00 -6.386361733594084100e+00 2.969518063481427550e+00 -1.532510876824381718e+01 -3.191265400554267373e+01 1.847974572150621597e+01 2.815665084833974419e+01 -3.310013040957917241e+01 4.437264957237296414e+00 -1.206245537197321127e+01 6.706575121580867105e+00 7.521564317043156755e+00 -7.497277916449429647e+00 5.659888522037583414e+00 -3.454982868565540599e+01 -5.379556721404863850e+00 -2.085815336082595906e+01 1.314266520457652554e+01 2.119835523699797264e+01 -1.309781073081710190e+01
-1.367427799121574061e+01 -7.749042720209116553e+00 1.161457495163972098e+01 -8.609057396367758130e+00 2.223320916821736049e+01 3.138735971647150791e+00 3.808840596942287604e+00 -2.984097175226471776e+01 -1.118817981768959768e+01 1.624995218528644925e+00 1.376045806500884439e+01 -3.639876804592398596e+00 -3.300757767268369491e+01 -1.773681533065761817e+00 -5.848969402972934439e+00 2.807447200141705679e+01 -3.349320286786725376e+01 -2.927509951644218589e+01 -1.737902715171120605e+01 1.825110032680257532e+01 1.229634101889990205e+01 1.379636161975598085e+01 7.587882630226007841e+00 5.619119856133301560e+00 -3.121851858377657862e+01 -5.861922800042901116e+00 2.753439084501541601e+01 3.258753851840178406e+00 3.513932641218671993e+00 -1.524358433251733658e+01 9.906136633536110736e+00 -1.138664133662466149e+01 -1.118254042829998340e+01 4.060258382493231011e+01 -1.527074568761072193e+01 2.692421443308704809e+01 -8.539534211433429389e-01 -2.234118963095450106e+00 3.351752168594844505e+01 -2.643858609898500234e+01 -4.971773507765571587e+00 2.344144595234327966e+01 -2.608535069860876909e+00 2.224276529135481084e+01 5.631368013451717225e+00 -1.762015790860747089e+01 -5.453415414411926676e+00 -1.502762367653313724e+01 2.998845780790458448e+01 -5.146013128583034835e+00 -2.584028532586793503e+01 -2.349904130116021861e+01 4.868144967258671407e+00 -2.201942423249584735e+01 1.712911902861090496e+01 -2.735162548890631129e+01 -1.306780248090599983e+01 -3.679809771984660305e+00 -1.456392131601955242e+01 1.256074625689181801e+01 -3.070485058841206261e+00 1.901877494452191675e+00 -9.136637122860301830e+00 -1.366087022810821594e+01 2.381649366251313182e+01 4.574759018679036338e+00 3.052226954286167171e+01 -5.392559482101483503e+00 -1.262920362641852101e+01 2.240297671147826009e+01 -2.331173716877392010e+01 1.867871556834936797e+01 1.935749536269406690e+01 -1.276022278463965698e+01 -4.605491566209451992e-01 6.246925871711556333e+00 2.018855707486097373e+01 6.776174218791328308e+00 2.120677632769101351e+01 -3.643962153987172314e+01 -6.202175715423773106e+00 -6.103793889951457885e+00 2.883190909627366239e+00 -1.541497342256156244e+01 -3.173245348976515601e+01 1.816132432567114208e+01 2.836170153845052155e+01 -3.292878234725827724e+01 4.445207101314589515e+00 -1.198856666277167982e+01 6.731536497871968727e+00 7.629505402773232525e+00 -7.677381269124611940e+00 5.239276332514360313e+00 -3.447202646838282902e+01 -5.653554791255008816e+00 -2.038239780725555050e+01 1.338159921148928966e+01 2.087552740079177838e+01 -1.333568695443746144e+01
-1.343233913954418313e+01 -7.575911381631338593e+00 9.586373279375930423e+00 -7.018687885214560218e+00 2.133425385032930777e+01 3.300580357973371459e+00 4.671503433478102707e+00 -2.900785343617851098e+01 -1.227517923846783177e+01 9.041140571352961341e-01 1.276207598390826270e+01 -2.383676090373318956e+00 -3.164082391005297978e+01 -1.219617507821283420e+00 -5.552290860637603132e+00 2.529430134106993222e+01 -3.074033467694535560e+01 -2.838248385969295740e+01 -1.901688965906097195e+01 1.777859763767295931e+01 1.223049140230784992e+01 1.271316211298736754e+01 6.250870253294541712e+00 5.115909085798356237e+00 -2.955594542099091981e+01 -6.341466932332599171e+00 2.670401509739629020e+01 2.070823675082390736e+00 2.973918687555844098e+00 -1.540557053073972682e+01 8.909588767920292085e+00 -1.070956253925770518e+01 -1.083203557609077095e+01 3.966850833372765806e+01 -1.319992030378387327e+01 2.431493429186619082e+01 -1.961960521158077064e+00 -4.228437638172417579e+00 3.205239112221233455e+01 -2.575004047944880980e+01 -4.489770944657696106e+00 2.368612917242046123e+01 -3.702602022228841161e+00 2.088219034534229834e+01 5.458272820919786383e+00 -1.786496672034147437e+01 -4.882080627982716692e+00 -1.409866193126806699e+01 2.843528077030907397e+01 -5.740160135184029677e+00 -2.501766045886002843e+01 -2.427990259236395332e+01 5.074227000846056157e+00 -2.001268875029290228e+01 1.609788432613726528e+01 -2.708951558115745684e+01 -1.320173261775055629e+01 -4.050162047460912795e+00 -1.592658615695045476e+01 1.378695435801580693e+01 -4.407093255376349106e+00 4.055317746815523705e+00 -7.177903187166778665e+00 -1.315441882580572397e+01 2.361087968790725711e+01 4.139812930648505862e+00 3.006414331663613382e+01 -6.344406870671585708e+00 -1.258114701479030018e+01 2.051042832989588405e+01 -2.124056260733419066e+01 1.927332142093090184e+01 1.888068832270376518e+01 -1.349042734827333767e+01 -1.291317451307717468e+00 6.287091047950424283e+00 2.029367782523063468e+01 7.385029270768185938e+00 1.844724239463028681e+01 -3.469910686919656939e+01 -6.534381271531766622e+00 -6.747790530933007958e+00 4.607500835887787360e+00 -1.464794956473742893e+01 -2.922136812045529197e+01 1.558198936135649326e+01 2.795941428235920867e+01 -3.240168668982671818e+01 4.823217788305989906e+00 -1.198090549830031115e+01 5.448114613151870067e+00 6.443700583971227580e+00 -7.379365764725456245e+00 4.325346631248694784e+00 -3.363848830798292511e+01 -5.942237595227004121e+00 -1.950183660684648856e+01 1.334895671074595747e+01 1.941126778798558661e+01 -1.486327937998891713e+01
-1.376650556514210066e+01 -7.753501018316651283e+00 1.239019403569829336e+01 -8.541093117549580782e+00 2.176474201258609753e+01 3.346046550119760266e+00 3.172244458274469991e+00 -2.926628319118762533e+01 -1.113425596879459256e+01 1.760087289540825717e+00 1.286233532894792830e+01 -4.452888844342909991e+00 -3.317220428499325635e+01 -2.319805894829566117e+00 -6.104565287844681443e+00 2.856601904362305433e+01 -3.379316663543587396e+01 -2.883096945062704108e+01 -1.647653922022494655e+01 1.827711141311077725e+01 1.265854868182595006e+01 1.375511632364766967e+01 8.036128072621753660e+00 6.049984474769844134e+00 -3.141284939319133329e+01 -5.616995051053612187e+00 2.663910886627842700e+01 3.994187565063747503e+00 3.713015582387325875e+00 -1.516046636105356349e+01 1.001916673916786493e+01 -1.118175935879529703e+01 -1.156100162605163284e+01 4.010471234814919939e+01 -1.580359594160798409e+01 2.765704995692482981e+01 -8.784118538224426898e-01 -1.417453331614964007e+00 3.444987919523486397e+01 -2.573145325818515516e+01 -5.414393066786940878e+00 2.258552881072025187e+01 -2.368005232978023678e+00 2.269237029815233342e+01 5.287906922056973436e+00 -1.696104534865273905e+01 -5.065668186088180036e+00 -1.477017897530593515e+01 3.025414622065636649e+01 -4.903600123145382739e+00 -2.598342760234528370e+01 -2.320634956317443809e+01 5.302392703407841523e+00 -2.190729127669240128e+01 1.649853204213781410e+01 -2.740931062517995542e+01 -1.216980235394089505e+01 -3.099614181939692958e+00 -1.441483615207235403e+01 1.196498671041803874e+01 -3.070360332951326932e+00 1.365392126638952819e+00 -9.723016982286020848e+00 -1.385430797939951475e+01 2.372117947253310888e+01 4.690938334743458782e+00 3.093386968630788303e+01 -4.667819674813324937e+00 -1.285353350596575694e+01 2.268422604964709421e+01 -2.369640022966102677e+01 1.867373653464171213e+01 1.846922887372809186e+01 -1.219137021801424936e+01 7.552693615286930340e-02 6.329607549802446442e+00 2.041190281184123734e+01 6.317736098011013546e+00 2.148920901569234942e+01 -3.579003529742396950e+01 -6.240573594479087660e+00 -5.545928252337375852e+00 2.282775643076882410e+00 -1.575893695411687467e+01 -3.166262303718630022e+01 1.793608605369986009e+01 2.728344907880499193e+01 -3.256699951231362888e+01 4.590871148200017515e+00 -1.213110166025827219e+01 6.890007681989823496e+00 8.101842929345124844e+00 -7.673491735742041797e+00 5.660460987350862894e+00 -3.420601734968585816e+01 -6.271170401463087352e+00 -2.055044063162577572e+01 1.331151595245150965e+01 2.088929698371362420e+01 -1.261581657205272222e+01
-1.357503729820788863e+01 -7.863679076102753740e+00 1.250675386610202189e+01 -9.987989993988620085e+00 2.314440716024311229e+01 2.526296272618768768e+00 4.659380854957655416e+00 -3.018060904580914539e+01 -1.106406245963898805e+01 2.233515847790708442e+00 1.476406241644952289e+01 -3.468850211410148265e+00 -3.460430308095597240e+01 -1.483019821857228138e+00 -6.226807517345369192e+00 2.957973463264623959e+01 -3.421294356511160828e+01 -3.009326449874184206e+01 -1.684080617676710645e+01 1.853015584423845752e+01 1.343545568973158133e+01 1.462172215140739340e+01 7.562235795406826888e+00 5.414678222592967494e+00 -3.236477673644434816e+01 -6.095542454956732747e+00 2.909695228830045721e+01 3.391077588971035173e+00 4.300225917750244875e+00 -1.564928637523878763e+01 1.000209136761003670e+01 -1.196196267463263752e+01 -1.053328993599741104e+01 4.211990314729727203e+01 -1.645681227242423716e+01 2.714609170524887816e+01 -9.633095350645839439e-01 -2.443981378254274528e+00 3.345490940865889939e+01 -2.705442438532591964e+01 -5.968141409021372468e+00 2.318643257272630720e+01 -2.888432006627818627e+00 2.270139714277041776e+01 5.910241517788598742e+00 -1.757222498146370526e+01 -6.172188631209592380e+00 -1.567615852748518890e+01 3.170132199150979346e+01 -5.666376583403363476e+00 -2.669822278091098866e+01 -2.351153067528859708e+01 5.067957425010411576e+00 -2.256966358277312779e+01 1.760216428502919683e+01 -2.884998024582503717e+01 -1.338977369792252148e+01 -3.689583474639264171e+00 -1.398219858905464541e+01 1.166197483012347114e+01 -2.171305791543366670e+00 1.215764222096121117e+00 -9.766056227090871289e+00 -1.368677926775592368e+01 2.418821159755947647e+01 5.141291381577143049e+00 3.096394026645644004e+01 -6.018502942158512781e+00 -1.290793473052047347e+01 2.359523539362449540e+01 -2.424243250870463129e+01 1.787864528103213857e+01 1.979746079601793696e+01 -1.279899552070123114e+01 -4.081607697626130071e-01 5.943732624269304488e+00 2.006329505319027717e+01 6.731583716054327482e+00 2.220303355406306522e+01 -3.808359004286572258e+01 -5.597851034231003275e+00 -5.434136481722982914e+00 1.777244851899975053e+00 -1.575900445063942179e+01 -3.241264506310533733e+01 1.997529372329678310e+01 2.924433519567454454e+01 -3.332610253085832852e+01 3.626632138942584405e+00 -1.215712560256249830e+01 7.876075677454323021e+00 8.006187890992881862e+00 -7.552291068440951882e+00 4.974969838938616107e+00 -3.574100670275731062e+01 -5.095119315582397057e+00 -2.087703391021663535e+01 1.329124899875920640e+01 2.085327685006367915e+01 -1.417714728133997504e+01
-1.344302991150219917e+01 -8.142186380759381947e+00 1.009371960628711662e+01 -7.109225264097563723e+00 2.119507643381358619e+01 3.491949696959984806e+00 3.895579218766113350e+00 -2.835423903768517206e+01 -1.189094339201552231e+01 1.750300985239448881e+00 1.192172873815195011e+01 -4.005692639832971302e+00 -3.179584688460136022e+01 -1.235662013034097839e+00 -5.364948809597348323e+00 2.636645163609935949e+01 -3.278663981228969959e+01 -2.746035369629266754e+01 -1.834223358929805769e+01 1.768347835187059758e+01 1.135169486355051838e+01 1.298424803547070105e+01 6.905849555007399942e+00 6.041556351749712839e+00 -3.021388595889974482e+01 -5.500835634894953863e+00 2.632211501068264425e+01 3.302295150656840317e+00 3.394201052726852907e+00 -1.478675807859557700e+01 9.202086256508000162e+00 -1.081393568458553212e+01 -1.099701021066468165e+01 3.851170140799376185e+01 -1.461326538206879100e+01 2.582939182138361645e+01 -9.238883699348413581e-01 -1.810108672829789267e+00 3.297306956967248226e+01 -2.564081257266674285e+01 -5.062119935846507879e+00 2.286657564747642724e+01 -2.663888335482682557e+00 2.088062800325313262e+01 5.460194946048434694e+00 -1.783767388250565844e+01 -4.129535987752907644e+00 -1.372759067600464178e+01 2.770965525047220979e+01 -4.118428973107538305e+00 -2.511995841308839417e+01 -2.385632601570972611e+01 5.249616222589867043e+00 -2.018585671454759733e+01 1.641357320981438050e+01 -2.578946088592551789e+01 -1.181965891994943618e+01 -3.630985605373386438e+00 -1.415383186678680438e+01 1.358625989005365753e+01 -3.611801500303724488e+00 2.101289985562021290e+00 -7.731388952122381752e+00 -1.368062206987047880e+01 2.331199615586438867e+01 3.958227746107664036e+00 3.020595232966445209e+01 -5.673453749511835120e+00 -1.198985506388434175e+01 2.079892967592747155e+01 -2.171688947277197457e+01 1.911143012098997573e+01 1.876152699635763810e+01 -1.281291026064799787e+01 -1.827178745527273385e-01 6.671444549411950753e+00 1.983029395661639072e+01 7.170923491212312761e+00 1.964504729767028124e+01 -3.434073230079484773e+01 -5.963026636558257820e+00 -6.713194764007554660e+00 3.934067363458539468e+00 -1.482898905055035144e+01 -3.062012198186325662e+01 1.619203940936484898e+01 2.764428284568650795e+01 -3.214308506105289354e+01 5.709998529791504573e+00 -1.222194079028624536e+01 5.595357273150487032e+00 6.919369371734277685e+00 -6.939220349428745216e+00 4.899757473781460426e+00 -3.392084159777719776e+01 -6.527406661203880134e+00 -2.007927080339801051e+01 1.289916667932954653e+01 1.991014475453523858e+01 -1.273587587834100709e+01
-1.382913629648050247e+01 -7.301448513030096343e+00 1.199264369202891345e+01 -8.892647069194193676e+00 2.246568370075307186e+01 3.766594959087711469e+00 3.099933321385586193e+00 -3.029083116638829409e+01 -1.069835583124022804e+01 1.467721488226984894e+00 1.382880322396970030e+01 -3.636137559826414289e+00 -3.312754747501219299e+01 -2.253862739208667421e+00 -6.272649940870429042e+00 2.865009393929286929e+01 -3.328095618405241396e+01 -3.013640157635868988e+01 -1.697645555133767559e+01 1.852426565962066007e+01 1.288457976843339381e+01 1.422555996420879687e+01 8.337223380792028848e+00 5.205420286618184456e+00 -3.138444316562813441e+01 -6.025507447854330678e+00 2.738851113911551849e+01 3.304747767017094606e+00 3.443877265365418161e+00 -1.519589936280384279e+01 1.011120751152579444e+01 -1.141693861032138102e+01 -1.126762331472181344e+01 4.102434208764619683e+01 -1.513042207115930893e+01 2.743590610972898958e+01 -6.385421378644717816e-01 -2.495556882576220215e+00 3.392251285706527142e+01 -2.633542705576077481e+01 -4.573656738991507709e+00 2.326411988936547814e+01 -2.595731419638873660e+00 2.333474623568950079e+01 5.473206632800594384e+00 -1.730193042076820475e+01 -5.814401486355010640e+00 -1.545406242177422484e+01 3.064335109649322320e+01 -5.664370045564108835e+00 -2.649354755390430327e+01 -2.315858407500288152e+01 4.396688205842512076e+00 -2.283158379071861788e+01 1.721854555359589511e+01 -2.762584755960568117e+01 -1.308529786700469977e+01 -3.432403199136965455e+00 -1.481663974198058575e+01 1.211871257372147959e+01 -3.266776321210861589e+00 2.121737315860396489e+00 -9.612917053477817220e+00 -1.331013016532902959e+01 2.394313915200028120e+01 4.820118384630050379e+00 3.066428307992434910e+01 -4.542157049942138869e+00 -1.300337161291537491e+01 2.266010257044191434e+01 -2.346729402020330113e+01 1.828697687448812914e+01 1.875537214189549573e+01 -1.268397261390293984e+01 -5.032263852420282291e-01 6.288205091937139279e+00 2.055754162061663592e+01 5.865453341535049603e+00 2.161459298351849156e+01 -3.694985926019571565e+01 -6.536781467539467982e+00 -5.702123288925601052e+00 2.559615581959758135e+00 -1.602475941814587301e+01 -3.193496783707011843e+01 1.841136444233377034e+01 2.748838295045300129e+01 -3.332981541064830111e+01 3.833005225143372385e+00 -1.213651345625110700e+01 7.070700202209835084e+00 7.714639899291097613e+00 -8.071383823792597667e+00 5.180074172602041394e+00 -3.424976427352086006e+01 -5.375660886945060390e+00 -2.095350187227719374e+01 1.343565318311811829e+01 2.131548974342099001e+01 -1.283481946484893399e+01
-1.327298840276691827e+01 -7.784417574772816373e+00 7.443120683981099717e+00 -5.079835117333420413e+00 2.019536984366036236e+01 3.567205619368757574e+00 5.153064675908979986e+00 -2.765072636679266438e+01 -1.342667326975235653e+01 8.865363967673121071e-01 1.119936311915334493e+01 -2.294705083005657009e+00 -2.956853337541593518e+01 -5.932185058363754759e-01 -4.615955103534853166e+00 2.320351236499227809e+01 -2.949670167562419110e+01 -2.639776036913695378e+01 -2.030222700796391422e+01 1.701156331500981267e+01 1.096657535074140100e+01 1.176163472909706087e+01 5.396287738290211244e+00 5.661139127120551784e+00 -2.846990483464950472e+01 -6.015619629541311575e+00 2.539695788285781219e+01 1.591666516825387623e+00 2.629942171034322929e+00 -1.485323841628396480e+01 8.386759332304086101e+00 -9.797078298802686547e+00 -1.037991271442388808e+01 3.734845292443346665e+01 -1.228586717139428330e+01 2.291796600531675310e+01 -2.031201163104793928e+00 -4.226480026623677944e+00 3.110904366862641623e+01 -2.481003967356806328e+01 -4.568644335481582885e+00 2.342435481056388369e+01 -3.979504843114731294e+00 1.885462614791164171e+01 5.349185538543197893e+00 -1.805688708245659058e+01 -3.564750617458004367e+00 -1.275387426107023181e+01 2.546034605967722086e+01 -4.593437340044962625e+00 -2.381452611745686099e+01 -2.475721760046959830e+01 5.318804367017755830e+00 -1.789848482004709496e+01 1.543602970532684715e+01 -2.492053369395010165e+01 -1.221172781666906992e+01 -4.221609633878726342e+00 -1.608306802516867862e+01 1.509005052141035286e+01 -4.796024114180730713e+00 4.680749199237944858e+00 -5.256554798183579180e+00 -1.309636045882841948e+01 2.296168285145968468e+01 3.218160870274681784e+00 2.945988529350088925e+01 -7.032592799506405257e+00 -1.176621550128409766e+01 1.862388809347194751e+01 -1.892907779685381442e+01 1.987710822355117202e+01 1.827599673647891976e+01 -1.379847889674462280e+01 -1.452363449364363568e+00 6.767562882623542997e+00 1.996455927347885861e+01 7.746043076514622427e+00 1.653474352101516587e+01 -3.241186683787085343e+01 -6.330936024182650890e+00 -7.834933886419981341e+00 6.082011455246231435e+00 -1.340798169442570931e+01 -2.739650024826500285e+01 1.319508227988953486e+01 2.737506129001700117e+01 -3.131531539546496035e+01 6.326690455146270153e+00 -1.231362028372445216e+01 4.122958631924215744e+00 5.587128449611461711e+00 -6.534168575998198669e+00 4.179362852273646567e+00 -3.286795818816061399e+01 -6.736844197325713601e+00 -1.912867987841378792e+01 1.288828045654386401e+01 1.828501774196817209e+01 -1.463188335301376775e+01
-1.350596094225677035e+01 -7.639180551662170693e+00 1.111618801394824096e+01 -7.961923311770455314e+00 2.183879570440904416e+01 3.481365687459593072e+00 3.197025277191290371e+00 -2.907760210560331871e+01 -1.136934339871993238e+01 1.577208997925430678e+00 1.291995310989886647e+01 -3.940980022109594305e+00 -3.175073061705288069e+01 -1.559089197825544559e+00 -5.301244922279318317e+00 2.728940433637555429e+01 -3.343412214727202780e+01 -2.880193336194798093e+01 -1.745281007273557705e+01 1.809454863297725424e+01 1.169138318059604842e+01 1.341453107381180843e+01 7.630269299411087225e+00 5.851058503746254580e+00 -3.106549488898775380e+01 -5.458424991900601597e+00 2.666291865976798547e+01 3.663062121206411614e+00 3.080142235694995012e+00 -1.478127692611513488e+01 9.795310455544056438e+00 -1.075164507871829933e+01 -1.113326686940942878e+01 3.922677429890681111e+01 -1.510580408126686436e+01 2.735054275788191092e+01 -7.426916404099350721e-01 -1.374939971753520451e+00 3.349499766213994434e+01 -2.576944968657950241e+01 -4.895160858522219272e+00 2.324116733824137881e+01 -2.549051038999459617e+00 2.180001019629015602e+01 5.479365149015728242e+00 -1.750949604640750934e+01 -4.915255589496672961e+00 -1.452591771170860824e+01 2.901685422559235050e+01 -4.680621489902967447e+00 -2.505296724090012006e+01 -2.318765631834698837e+01 4.992307885426277458e+00 -2.118479957718204076e+01 1.709715710035658276e+01 -2.623156327386285724e+01 -1.241588653286581945e+01 -3.834142605902658207e+00 -1.438414584799983231e+01 1.281945641155292392e+01 -3.151207527539646058e+00 1.500119921998804839e+00 -9.065437652676413549e+00 -1.364240787348042971e+01 2.357854593753766181e+01 3.889072141338587585e+00 3.037933517010631590e+01 -4.800097669270019907e+00 -1.257100085957979374e+01 2.211065380880748066e+01 -2.273922678484574433e+01 1.868144696377327207e+01 1.881504553107008704e+01 -1.242429162425525924e+01 -1.051432933815009685e-01 6.170831973397436165e+00 1.980558215238155739e+01 6.380612069523913021e+00 2.086996288646882292e+01 -3.527645936962188244e+01 -6.677526891277572041e+00 -5.993447931667410522e+00 3.496865460115716306e+00 -1.508678235470874540e+01 -3.118901150781203668e+01 1.705326603185899970e+01 2.759833406222562147e+01 -3.240279495747549277e+01 4.983590201164500577e+00 -1.177297282101910803e+01 6.243115554680227497e+00 7.278540503967717790e+00 -7.709373634543126741e+00 5.490652399832995023e+00 -3.401236019266428912e+01 -6.042415981999561758e+00 -1.982280000839402945e+01 1.311329653905209547e+01 2.087453917310487128e+01 -1.227431499538041670e+01
-1.369613256002196700e+01 -7.554147428316388968e+00 1.654576682904176721e+01 -1.277715198437087096e+01 2.450055222498196628e+01 3.047417712012166380e+00 2.415539814066191227e+00 -3.197117007226267660e+01 -8.774230474945213132e+00 2.801646401958867827e+00 1.675367087417017586e+01 -5.437276854870222387e+00 -3.655517266845959767e+01 -2.814010058774827350e+00 -7.203871472477336724e+00 3.403619103442793659e+01 -3.794287220156689244e+01 -3.237851108396547772e+01 -1.405957791853693806e+01 1.929723805173690465e+01 1.433690825468391239e+01 1.642150128627833894e+01 1.018512680712483132e+01 5.665974435008046761e+00 -3.492708288418533158e+01 -5.377273185480133222e+00 3.016110239713087182e+01 4.956509515562945722e+00 4.671836389894902908e+00 -1.562614011618970800e+01 1.175755034975203017e+01 -1.291168071722709243e+01 -1.150219611633838213e+01 4.410843119178875327e+01 -1.918128154517858874e+01 3.156039204221935535e+01 7.772040431647172509e-01 5.976234034875665957e-01 3.588541508358720478e+01 -2.837080780166823146e+01 -5.473291249953732063e+00 2.323129460955103909e+01 -1.442076287596731232e+00 2.589221359096315211e+01 5.861354967891756473e+00 -1.649050899635408385e+01 -7.680243095028396638e+00 -1.761917293659632477e+01 3.512024023903524750e+01 -5.732678015420519024e+00 -2.830625057528877164e+01 -2.192389534458282441e+01 4.351003003088407262e+00 -2.657693586889163484e+01 1.902083502830398487e+01 -3.040005977326883624e+01 -1.416252064415529155e+01 -2.948579441943075086e+00 -1.265946068559329518e+01 8.920498430541398349e+00 -7.423604021685933363e-01 -1.117371116291918876e+00 -1.381305296330910259e+01 -1.421992705704335513e+01 2.460665494998754710e+01 5.829230918314905807e+00 3.168589724759437942e+01 -3.287792456198861846e+00 -1.356465005204105090e+01 2.685825087557284974e+01 -2.857874273164607359e+01 1.725531056023272924e+01 2.014980795354853882e+01 -1.116050152825689956e+01 4.489784428707889741e-01 5.403016035381055460e+00 2.051154322915550310e+01 5.261916106306971486e+00 2.672162478316950640e+01 -4.069616614730584558e+01 -6.319420597579318510e+00 -4.158341560114992674e+00 -6.483557077478129260e-01 -1.731463356962164823e+01 -3.659449706030856930e+01 2.425225890434652598e+01 2.941467374626227382e+01 -3.462171263791562126e+01 1.823662353288081572e+00 -1.163799447474603355e+01 1.000579361780958898e+01 1.011656866091453999e+01 -8.685652099742316778e+00 6.610812960511140091e+00 -3.631710384425553428e+01 -4.333053235458007357e+00 -2.157911627454909009e+01 1.339114016868982127e+01 2.380125258426338775e+01 -1.206800704268617253e+01
-1.316580726171507365e+01 -7.631256925997202956e+00 8.562080280293978163e+00 -5.910498960897114351e+00 2.043957196393671438e+01 3.822287294811823610e+00 3.801934421751104853e+00 -2.741517258399273516e+01 -1.264189512027032336e+01 1.288108980057286246e+00 1.137371796194934959e+01 -3.379814248758341577e+00 -2.942694767733538086e+01 -9.536234126306787351e-01 -4.378771160385880989e+00 2.466374843265388606e+01 -3.128737562374032777e+01 -2.704664732322555665e+01 -1.921723472805234323e+01 1.728607878712267976e+01 1.069372421451839372e+01 1.226504370785875508e+01 6.420901823336266467e+00 5.876410625863307757e+00 -2.947698835396826311e+01 -5.188960388757754671e+00 2.530222765366636750e+01 3.093718736624501364e+00 2.619196713932596676e+00 -1.459751796196118612e+01 9.116371077365615250e+00 -9.832132856623216455e+00 -1.070328101162791867e+01 3.676558186304276887e+01 -1.359491099010680415e+01 2.526110774833283656e+01 -1.347977826977646343e+00 -2.290694353998906863e+00 3.193928475107997400e+01 -2.490858525436971860e+01 -4.840288055116369392e+00 2.301859900973808948e+01 -3.171320473179781718e+00 1.950323179810632013e+01 5.212145971328971505e+00 -1.793325735170633095e+01 -3.657195574924279491e+00 -1.299572879287674709e+01 2.606594658563111366e+01 -3.845936470651372563e+00 -2.368017369047018761e+01 -2.382234311224233281e+01 5.327022477355051855e+00 -1.864220994266451470e+01 1.624416827568134636e+01 -2.465585188380159565e+01 -1.167029465902409768e+01 -3.914144614757684604e+00 -1.492508545827278077e+01 1.421155489379513170e+01 -4.071664767641502536e+00 2.759898057836420726e+00 -6.932470117198662685e+00 -1.318292828922676918e+01 2.298298872347215038e+01 2.772725988833900868e+00 2.932924661264628696e+01 -5.511589126242295578e+00 -1.174328692391056705e+01 1.989402977353501001e+01 -1.999473309945960864e+01 1.920431103713662324e+01 1.815651244586656432e+01 -1.306759004167284566e+01 -6.901291018953416012e-01 6.236857661701312061e+00 1.943493767374507897e+01 6.956424076891761565e+00 1.809600380770649508e+01 -3.264856347498763256e+01 -6.771686153151840415e+00 -7.370406819321212666e+00 5.447189405706526877e+00 -1.352460337220971276e+01 -2.871916943917620557e+01 1.416858573761868811e+01 2.695968475276263376e+01 -3.119735135111161028e+01 6.308385690449012984e+00 -1.207077560384450976e+01 4.455775157306637091e+00 5.985011440782124659e+00 -6.964123994685322394e+00 4.860740754523614093e+00 -3.288648356355869140e+01 -6.875357253770433275e+00 -1.859683231714945961e+01 1.277766245226515984e+01 1.928507215585273116e+01 -1.289589271796909209e+01
-1.342541196235461420e+01 -7.445909800460765560e+00 9.995811008540945508e+00 -6.866597740790187920e+00 2.081957048218407280e+01 3.933881159669617933e+00 3.426197515181542474e+00 -2.797146428381626038e+01 -1.183817508605464397e+01 1.454681533836054808e+00 1.171970985546744792e+01 -4.062575375228987262e+00 -3.068608667505254317e+01 -1.464302879504268073e+00 -5.005997748575675921e+00 2.634768000618184658e+01 -3.243438207874604728e+01 -2.808228160778295290e+01 -1.813984752319105098e+01 1.774074576008566595e+01 1.136229071094749976e+01 1.294179199082195986e+01 7.258886283749075297e+00 5.881960549222053913e+00 -3.032511100639920087e+01 -5.370606006894169226e+00 2.572980778794617862e+01 3.666200694029753127e+00 3.161026643649518242e+00 -1.448458516345154123e+01 9.618558932264958727e+00 -1.043301654492470476e+01 -1.091471284544254239e+01 3.811553275931355245e+01 -1.447449682567621210e+01 2.658637148919336823e+01 -1.029850688669836867e+00 -1.580972956686268693e+00 3.294775883798899940e+01 -2.494883278142796001e+01 -5.132477801606564860e+00 2.265838539872808255e+01 -2.810735824019401807e+00 2.098060170547687164e+01 5.307117722993013764e+00 -1.738290490327852211e+01 -4.087684370372258513e+00 -1.357061686721098503e+01 2.766958961573796927e+01 -4.269100824325748889e+00 -2.453352200242767367e+01 -2.334014706744921241e+01 5.352026158534656908e+00 -1.981428349963199409e+01 1.657813972748628473e+01 -2.523386825524934451e+01 -1.160921363095258485e+01 -3.611739892061834212e+00 -1.465771619480600663e+01 1.340483790581186518e+01 -3.532176255539974274e+00 2.116924137664168981e+00 -8.186135046774060342e+00 -1.338428555136017195e+01 2.332472634390562405e+01 3.436193515705150414e+00 2.998572821645015907e+01 -4.716669293352309111e+00 -1.217305465737340953e+01 2.100472277989055669e+01 -2.136214778486434440e+01 1.884877288156151565e+01 1.802716380287021281e+01 -1.248842016433682289e+01 -1.853457984945685588e-01 6.220011437962208234e+00 1.977532654996463535e+01 6.370951947962190332e+00 1.964809283471769419e+01 -3.372494457569204940e+01 -6.868410221417407868e+00 -6.594411745545260217e+00 4.295691263802326354e+00 -1.436409532690684010e+01 -2.982189152360617612e+01 1.547165091022770866e+01 2.674662843246546018e+01 -3.164299429162856114e+01 5.725227982287674600e+00 -1.196029896245561019e+01 5.484242681916754236e+00 6.718726700828502096e+00 -7.271847500228899364e+00 5.189329895745627752e+00 -3.351241206654481886e+01 -6.767087171231747966e+00 -1.941274949417435991e+01 1.267077394398833512e+01 2.000706238750969845e+01 -1.248369842987030687e+01
