-1.350399746641828358e+01 -7.023404566903998614e+00 1.287110724651033777e+01 -9.242896461323260482e+00 2.234968432578493136e+01 2.794176892597481920e+00 4.437092319001532559e+00 -3.048789431974291375e+01 -1.122475848981146207e+01 1.678821357672564130e+00 1.407611512519513042e+01 -2.953942839050743618e+00 -3.377246403631245641e+01 -9.261545027438742306e-01 -5.872281101489402744e+00 2.860109625363525510e+01 -3.351158601651069802e+01 -2.944166083724164906e+01 -1.700034612108908050e+01 1.783654671390236857e+01 1.337694276560984719e+01 1.451089271864631414e+01 7.254547879331672888e+00 5.441033321539842760e+00 -3.215911966635108143e+01 -5.912808993971546911e+00 2.890302125336891237e+01 3.094470637391032675e+00 3.383232209334464002e+00 -1.541497193168036794e+01 9.803447426302836831e+00 -1.173686933396426468e+01 -1.033270732424939808e+01 4.158736613436609275e+01 -1.637657746898302236e+01 2.707719118951040116e+01 -1.138244660497099048e+00 -3.145577778552815840e+00 3.270947317488546702e+01 -2.639674505645678693e+01 -5.580409889584734273e+00 2.353320863280395869e+01 -3.003774633535397420e+00 2.203282234334493594e+01 5.966881708165998610e+00 -1.810094185031518066e+01 -5.634771855348103209e+00 -1.470315659749756954e+01 3.096553956413174902e+01 -5.579552088924309317e+00 -2.738299198774004850e+01 -2.362380015661518229e+01 5.024798434898921862e+00 -2.232448811593670612e+01 1.718708729729544515e+01 -2.844457490230975694e+01 -1.362747115307314516e+01 -3.535487777038991641e+00 -1.411366537651947972e+01 1.112169941169210574e+01 -2.284598810482380671e+00 2.260373824424000588e+00 -1.048516772946034692e+01 -1.345515208040923127e+01 2.390255297186992678e+01 4.999194290029727483e+00 3.101569120360084852e+01 -6.615377094040223227e+00 -1.215772986231036157e+01 2.353172675261173197e+01 -2.387573623521681299e+01 1.861205566283554091e+01 1.906535554532304388e+01 -1.257646219049562220e+01 -1.174223310421999011e+00 5.966422858230902904e+00 2.036111808063496298e+01 7.370684231583305213e+00 2.143516993201629361e+01 -3.757256277963415414e+01 -6.075876262714828613e+00 -6.239940540255494383e+00 2.963488793716702485e+00 -1.541895152371323618e+01 -3.163844022613360352e+01 1.911533936360326535e+01 2.868972563410322962e+01 -3.320866404229319357e+01 4.359119983765861406e+00 -1.159553048909632089e+01 7.466794105720149233e+00 7.510605078096043385e+00 -6.934811428035772884e+00 5.276638420888816405e+00 -3.549979471081007887e+01 -5.183676724562272575e+00 -1.975987578230003194e+01 1.290793166891550037e+01 2.131072412581968578e+01 -1.376888376957366411e+01
-1.267655438804691848e+01 -8.027608295044270648e+00 7.803677057927822958e+00 -6.847726931701207498e+00 2.214209761273605181e+01 1.143819575574192449e+00 8.703994079651154792e+00 -2.980938704184400478e+01 -1.416118076546154114e+01 3.705265878803468693e-01 1.310104548730887863e+01 6.752282258738667720e-01 -3.347596661721866695e+01 9.632522825045622961e-01 -6.422016275278112474e+00 2.141738119431680687e+01 -2.751798132887654447e+01 -2.615543785311902525e+01 -2.215549986031071938e+01 1.675906817427319240e+01 1.351575137841912522e+01 1.178769403385235393e+01 2.308366909752746832e+00 3.799617299648617053e+00 -2.861347587502936918e+01 -7.948830807431821910e+00 3.000165393092362365e+01 -1.576235417612884993e+00 3.050324286295004406e+00 -1.780672655088946144e+01 5.377943839120455927e+00 -1.054731585289034079e+01 -9.936495166720101579e+00 4.157908089440108057e+01 -1.224191542593896820e+01 1.865770929949220758e+01 -4.692737965531360800e+00 -9.322504696162150495e+00 2.868957128835591064e+01 -2.845562107811672092e+01 -3.630260019548420036e+00 2.531038155792787947e+01 -6.345589508239144472e+00 1.790610725802072167e+01 5.718118359079287671e+00 -2.030131240320465835e+01 -5.179371836963553299e+00 -1.371322809996553360e+01 2.860010220977402184e+01 -8.094186734402146755e+00 -2.611788449644472365e+01 -2.641586404318309178e+01 5.893057556949393927e+00 -1.881819059333230726e+01 1.381760887305938112e+01 -3.252259791752361906e+01 -1.741757353693334309e+01 -5.446272267171049286e+00 -1.814269582162170025e+01 1.374814642735222847e+01 -5.932667989052915480e+00 9.270985089103037424e+00 -4.813220574174971844e+00 -1.289229273178228929e+01 2.336037926851613022e+01 5.734259927151777347e+00 3.036851604349178402e+01 -1.206130046822687163e+01 -1.273429698549381506e+01 1.999023521554297744e+01 -2.135273135194259808e+01 2.142217057188275220e+01 2.066234508281081617e+01 -1.472168861738016155e+01 -4.093821527428146645e+00 5.661769991812680480e+00 2.049123806825919658e+01 1.112647561360548565e+01 1.408994081171041657e+01 -3.502062375717044773e+01 -4.639157974004922025e+00 -8.854402693946836322e+00 6.165435574228476767e+00 -1.392315202581547240e+01 -2.660711826524313750e+01 1.465873958593671134e+01 3.113159055673063591e+01 -3.369787180121131343e+01 4.097807403031804796e+00 -1.215901388066219013e+01 4.998869573669119326e+00 5.296768357211432132e+00 -6.195531546362274433e+00 1.429837684248427276e+00 -3.463167662777895828e+01 -4.990834021551046717e+00 -1.667659835959653947e+01 1.447495037478324242e+01 1.666412385092816351e+01 -2.111094669001418467e+01
-1.445888179278478169e+01 -6.695306994775446441e+00 1.202414149685015410e+01 -7.968911242036210929e+00 2.262905950692823964e+01 3.624761933860814356e+00 3.711688760419671329e+00 -3.109584008497555985e+01 -1.026293042850471871e+01 1.526390853574045803e+00 1.364486756926377531e+01 -2.013661865540624429e+00 -3.436518090329931141e+01 -1.803370039407826697e+00 -7.903752907917785286e+00 2.790858336611990609e+01 -3.044064941260392132e+01 -2.944965852675070295e+01 -1.836343556727971915e+01 1.758881914497028731e+01 1.423537555938402832e+01 1.376534109929043659e+01 7.888270846320565965e+00 3.634548637241492131e+00 -3.131389495997681038e+01 -7.667382836466440033e+00 2.946394502715589425e+01 2.418315821357121642e+00 4.199873848205577076e+00 -1.507418027865086252e+01 8.901043972158346307e+00 -1.039474488748519043e+01 -1.123906792015387701e+01 4.151497963016426240e+01 -1.381684598449070123e+01 2.409860983695221393e+01 -1.773759811489626026e+00 -4.717467942543741799e+00 3.085510166753940808e+01 -2.619022723250929019e+01 -3.788086148804084008e+00 2.342287972847367072e+01 -2.702179548656129082e+00 2.281031999555121459e+01 5.516651174413949477e+00 -1.802357854686557204e+01 -6.511490501590611935e+00 -1.607872155190763763e+01 2.864818004795091966e+01 -6.885299863076639326e+00 -2.763233401062183958e+01 -2.381668137252124140e+01 4.726256321788803838e+00 -2.210760080514055659e+01 1.626847544146539448e+01 -2.923178227900361392e+01 -1.397693269278828154e+01 -4.263336034214782799e+00 -1.469845252000563285e+01 1.107596738734109998e+01 -4.760082705343351428e+00 2.793101785075081889e+00 -7.940483512711106862e+00 -1.219940312986270392e+01 2.508174431944605587e+01 4.698537527637906663e+00 3.031151804513760695e+01 -6.358591344207582985e+00 -1.366813717375500659e+01 2.175032813819311173e+01 -2.320593754453328117e+01 1.842842906620348131e+01 1.986331073596964814e+01 -1.398092379625192727e+01 -8.490865837123613424e-01 6.715276867503905400e+00 2.022271758466788327e+01 7.477712166100126012e+00 1.915287156324735562e+01 -3.740862445802352454e+01 -5.922994679455459099e+00 -4.660033268266827733e+00 4.383613104065039678e+00 -1.512605908382419173e+01 -3.048509209642754669e+01 1.781789795412973731e+01 2.903257516808211491e+01 -3.391881376335527420e+01 1.179646435726253273e+00 -1.209565905566685018e+01 5.409278763058390282e+00 6.656973406116800440e+00 -7.276728730957803926e+00 3.342368304263215961e+00 -3.547067856687377230e+01 -5.603708673970053233e+00 -1.920823427252602400e+01 1.369377952469288928e+01 2.037287539774095180e+01 -1.497877288060261947e+01
-1.371660158146488406e+01 -7.146493414982756143e+00 1.283955145044473944e+01 -9.518633544669011570e+00 2.280380818884481187e+01 3.517599139186776025e+00 3.948285503681054465e+00 -3.093332861235603204e+01 -1.067752890280577738e+01 2.106439423932186195e+00 1.490855927325266883e+01 -3.478041186670279838e+00 -3.396246761524408697e+01 -1.851185549230683680e+00 -6.112132868271501707e+00 3.012365212047658147e+01 -3.432180814191735863e+01 -3.024491739164464121e+01 -1.706354597348820334e+01 1.831712147249547584e+01 1.355179722912463625e+01 1.488426998147512137e+01 8.436912782357245177e+00 5.133409554039080724e+00 -3.199559856525650758e+01 -5.779703614877783835e+00 2.846024892282723329e+01 3.355752703321374320e+00 3.947765601865622198e+00 -1.560523333656305311e+01 1.078638969202862086e+01 -1.224127386094943759e+01 -1.075290775256959286e+01 4.157902653754166522e+01 -1.648710144487242246e+01 2.748268595063043662e+01 3.978360494070363323e-02 -2.660409052466996105e+00 3.351116564337706905e+01 -2.687874484040285239e+01 -4.962696845838213022e+00 2.354426857712133625e+01 -2.495309319658417735e+00 2.285572400679346927e+01 5.904046400952084106e+00 -1.779749487221224769e+01 -5.536803761744786279e+00 -1.528589465635156763e+01 3.137324672428269423e+01 -5.091816887786396073e+00 -2.741645919897002415e+01 -2.346159692618337544e+01 4.470283117677322338e+00 -2.345070755349018654e+01 1.801092342383014255e+01 -2.774373201276051049e+01 -1.329051646310563228e+01 -3.015844395060142791e+00 -1.430767407817154790e+01 1.170638069725267094e+01 -2.264317649785322573e+00 2.024589420972664922e+00 -1.043618130207556405e+01 -1.356676644214675242e+01 2.420472243275345647e+01 4.934380163546894238e+00 3.046934928967062461e+01 -5.079072028532648275e+00 -1.221955075363513288e+01 2.303459653173386101e+01 -2.369262647898024454e+01 1.841010450578418656e+01 1.919690807615207007e+01 -1.258446849842669124e+01 -7.740185467549606235e-01 6.316102610703661746e+00 2.069394446565637224e+01 7.362488586608808561e+00 2.262729484896760468e+01 -3.788241537510338475e+01 -6.012571017396478368e+00 -6.635112254284990740e+00 2.193331367555220623e+00 -1.584512937852290548e+01 -3.318210048321624583e+01 2.062934629016902832e+01 2.887797152781643106e+01 -3.373154189303027550e+01 4.166105259786978543e+00 -1.182914294380441333e+01 7.745936590198110316e+00 7.665747744916669326e+00 -7.131724017483459299e+00 5.779237419426081601e+00 -3.523734434809766469e+01 -5.065893646502763303e+00 -2.151845655061373108e+01 1.309392969412649954e+01 2.168874566261836989e+01 -1.356438365949000868e+01
-1.238532276228484008e+01 -9.798573433746517125e+00 6.366107845941150423e+00 -4.521869681963371690e+00 1.962016805275724352e+01 2.153473209315651449e+00 6.367016860506541143e+00 -2.839358354048911792e+01 -1.457559773049092122e+01 1.040600511995472877e+00 1.082501852290800493e+01 -3.091871864945799686e+00 -2.884268985224047910e+01 9.387587799085692630e-01 -5.073834838691462679e+00 2.394508321310675214e+01 -3.173466196661338756e+01 -2.404800475111128222e+01 -2.142458777852748142e+01 1.573819906825277037e+01 1.010607897656895027e+01 1.148810539180295720e+01 4.485925980988606732e+00 7.028428459699095576e+00 -3.048656166870532758e+01 -5.341712332115823969e+00 2.658070044874517279e+01 5.548781773418222096e-01 3.494915009683025264e+00 -1.377910381965045339e+01 8.500748043720305347e+00 -9.226431141586148854e+00 -8.486944625311515722e+00 3.459760878171875476e+01 -1.489918875295022893e+01 2.237696342199150479e+01 5.844103633795655339e-01 -1.407338014057247566e+00 3.013665021859839399e+01 -2.526539563563848034e+01 -4.589870893977884947e+00 2.362646486296296189e+01 -2.649522728338560285e+00 1.594876741911356177e+01 5.195000671948293736e+00 -1.938936432923414799e+01 -2.397009788536842212e+00 -1.210253808471306058e+01 2.312943448172175209e+01 -2.997530983775391622e+00 -2.310379120615299797e+01 -2.399597867232665394e+01 7.015604505669307933e+00 -1.725394827427223632e+01 1.610483213347828624e+01 -2.410604767346207922e+01 -1.174274952981325804e+01 -5.533809294774084009e+00 -1.576852329617455162e+01 1.462882363132164443e+01 -3.716113190937049726e+00 3.628680361579722291e+00 -5.670463511780136301e+00 -1.396085979621956952e+01 2.212197944108212511e+01 2.978989476661490166e+00 2.840296104908304287e+01 -8.521506857055632267e+00 -1.250136990996418440e+01 2.003398269358830319e+01 -1.912986499650059358e+01 2.110552221053084665e+01 1.851262871657867493e+01 -1.187742685360455930e+01 -1.130754902210511448e+00 6.770668719087823639e+00 1.848650638013968717e+01 9.037031298084526654e+00 1.589352949468729648e+01 -3.157728331148923218e+01 -4.924837140511880484e+00 -8.253480408566117532e+00 6.667113744230613648e+00 -1.133836248761042853e+01 -2.839215172134832343e+01 1.269809353415495146e+01 2.815509683096963300e+01 -3.095851627902770176e+01 6.656964477803890112e+00 -1.192645533620355280e+01 3.201412870494373841e+00 4.232688042143657015e+00 -5.499758987203894556e+00 5.252786889741408949e+00 -3.338491224197564833e+01 -7.939052571433467875e+00 -1.828191567461601608e+01 1.162991189667889635e+01 1.841578389938946358e+01 -1.505768745985510471e+01
-1.331630822288204463e+01 -8.021863321626380383e+00 1.248443487034250765e+01 -1.008077815410785050e+01 2.276220061824389518e+01 1.886300883636919723e+00 5.968007929244809162e+00 -3.089795732908687498e+01 -1.176487382142438776e+01 2.183501410869587378e+00 1.483898501289234595e+01 -2.626537885192204325e+00 -3.558875507156277251e+01 -1.769658215906677323e-01 -6.322293060638830120e+00 2.843496430980714962e+01 -3.376936784777372935e+01 -2.879531501470085431e+01 -1.803450966664365751e+01 1.784190288787034717e+01 1.345284834771973870e+01 1.478537702891364169e+01 5.745612493026014178e+00 5.635469785665435438e+00 -3.176509577151709607e+01 -6.110587193993059607e+00 3.035604708152911613e+01 2.163869150997670410e+00 4.355361166521269034e+00 -1.646765860180475016e+01 9.288877752569359103e+00 -1.317765325240296193e+01 -1.026852753643559168e+01 4.305457009400907964e+01 -1.633668964022751879e+01 2.522044220857560148e+01 -6.099049469438138082e-01 -3.466940403333955700e+00 3.196651222222926592e+01 -2.828569915262315959e+01 -5.398911588109069015e+00 2.430971255999768488e+01 -3.180128054276297966e+00 2.177599012385543276e+01 6.233368478009023939e+00 -1.882890305425163646e+01 -5.898816826244322797e+00 -1.482550563593829196e+01 3.126969313276912743e+01 -5.591713867458940612e+00 -2.810146175443775718e+01 -2.424469761298189852e+01 5.350588171470837651e+00 -2.261939610270506762e+01 1.699185934931351127e+01 -3.055111705389147048e+01 -1.429246227593946372e+01 -3.504929894360889087e+00 -1.378890572462525199e+01 1.146774553047468359e+01 -2.653817563401166701e+00 2.817829486071429468e+00 -9.795028490069519478e+00 -1.392084299801206804e+01 2.412969208079565675e+01 5.567692148179529177e+00 3.114067686277870450e+01 -8.872955393821266412e+00 -1.162472708369317864e+01 2.322677679402469408e+01 -2.474060387652726689e+01 1.933946118009686543e+01 2.153173609092645435e+01 -1.347485338736000671e+01 -1.752341502942445617e+00 6.116860086602469160e+00 2.035453219175485273e+01 8.683858466895840067e+00 2.096337449182273360e+01 -3.838192722174809290e+01 -5.156606765762540512e+00 -7.215322845066094004e+00 2.692825931902263825e+00 -1.510899065031248156e+01 -3.316575713360090560e+01 2.025104967449500037e+01 3.095602427525620826e+01 -3.358142130849868323e+01 4.156535038654432412e+00 -1.223446660434638744e+01 7.206421129822597749e+00 8.022346428025278087e+00 -6.050873984573049036e+00 4.103264765238002987e+00 -3.624880129616538937e+01 -4.856501977954990501e+00 -2.009888972425887488e+01 1.331865927280236761e+01 2.097113497199754661e+01 -1.603672946742260308e+01
-1.280081897587411532e+01 -8.019829773268293494e+00 1.162850787025357491e+01 -9.326567129469191642e+00 2.244928896604138657e+01 1.749959660957323138e+00 6.437151388654624107e+00 -3.101161817444592117e+01 -1.282027738692074692e+01 2.467027291446292292e+00 1.590729605006571212e+01 -2.043667734579958761e+00 -3.400045356161633947e+01 5.766161495166026718e-01 -5.803382254820999897e+00 2.795917617573618230e+01 -3.286286007314176061e+01 -2.840144314735926301e+01 -1.977352833587040237e+01 1.752155275853731098e+01 1.305819758007265996e+01 1.503062322275227558e+01 5.469428006498284311e+00 6.173451644698812579e+00 -3.283901728563316169e+01 -5.890369222383892378e+00 3.113639856527235139e+01 1.187513823676263458e+00 4.071221368376746419e+00 -1.677330410926570181e+01 9.578687105234378052e+00 -1.238610478121749203e+01 -9.223204996549029033e+00 4.254363088896860035e+01 -1.629173303909403714e+01 2.478316816019229307e+01 -7.328008657120208547e-01 -3.991577790926425173e+00 3.132007709963884778e+01 -2.811356503886931080e+01 -4.985075173000004689e+00 2.506168402932962636e+01 -3.505910508549769045e+00 1.996262407591811439e+01 6.130778915803797524e+00 -1.893068566327514191e+01 -6.187744740968896373e+00 -1.493243827670672275e+01 3.002074903800328798e+01 -5.506037967416338219e+00 -2.736904846437692029e+01 -2.510360342470253059e+01 5.160762747903222092e+00 -2.171281510386952363e+01 1.726081102905296305e+01 -2.948158882289989080e+01 -1.511002064013110946e+01 -3.858479134268014032e+00 -1.461788141175374811e+01 1.220158076755678245e+01 -2.043060201013814137e+00 3.466107510054895258e+00 -8.427357060083069840e+00 -1.375200553222426691e+01 2.401273585811356170e+01 5.166886848337531646e+00 3.058894891142859507e+01 -8.756766692130860008e+00 -1.147689379898526063e+01 2.240987582088884977e+01 -2.310352224563566637e+01 1.956600264440923809e+01 2.112864865051703234e+01 -1.353088815704265890e+01 -2.523339633675489413e+00 6.291378935927842697e+00 2.071542624308419178e+01 8.723963852439343469e+00 2.001532363006522175e+01 -3.779305765921746740e+01 -5.737338863253196308e+00 -8.092271025194756717e+00 3.785763724329812341e+00 -1.411139972557086253e+01 -3.207418141840965831e+01 1.948834056383232394e+01 3.109584430104233022e+01 -3.369051270308261081e+01 4.003091807115198186e+00 -1.263074061228034140e+01 6.369503811581876285e+00 7.502970677879834405e+00 -6.240778541029484927e+00 4.819396555409352523e+00 -3.679948744951759210e+01 -4.510438359433722511e+00 -1.977811311929669458e+01 1.288968409003483906e+01 2.096419241703110004e+01 -1.629080549550004875e+01
-1.334449828032652619e+01 -8.329569258862289161e+00 7.022165244818331153e+00 -4.493994412289965545e+00 2.027316519115399984e+01 1.553716942377994625e+00 7.542844031969744734e+00 -2.905630622000043317e+01 -1.513309709698406813e+01 5.941073036566214549e-01 1.220396075752654852e+01 6.607699196904254224e-01 -2.999119210981241679e+01 9.246703117767006708e-01 -4.971481739264347333e+00 2.155413116862715484e+01 -2.674764018004408328e+01 -2.575164622718381224e+01 -2.210426226304789665e+01 1.637313809960799205e+01 1.215122577880146792e+01 1.149223265229516855e+01 2.780130598504587436e+00 5.167568612751775703e+00 -2.848745579159275820e+01 -7.832465541567769307e+00 2.783526931298666085e+01 -7.130060622064577913e-01 1.787424654568581239e+00 -1.647574380774817371e+01 7.634686444991380938e+00 -9.746835234686271221e+00 -9.446452004383417034e+00 3.948471347051324187e+01 -1.111224586165396744e+01 1.887956467895424950e+01 -3.513054713275944874e+00 -8.206920309073042930e+00 2.911659607071168665e+01 -2.519416894986798994e+01 -4.545732095737703204e+00 2.501377388151672676e+01 -4.843689451827366099e+00 1.662842924006706369e+01 5.908495949592434293e+00 -1.955432660084822416e+01 -4.466945532863539903e+00 -1.231877839250969231e+01 2.539154127083723012e+01 -6.490344176023516098e+00 -2.460702038768071276e+01 -2.610391903757889054e+01 5.479631133632300255e+00 -1.663311058629041739e+01 1.487004191573929290e+01 -2.683400912664446381e+01 -1.388114700707297011e+01 -4.794058931829656700e+00 -1.796171819273201109e+01 1.567818578616376257e+01 -4.968686106848519302e+00 6.639832608506573308e+00 -4.339477536909707389e+00 -1.290149336063065455e+01 2.384666810384597113e+01 4.194863230045999813e+00 2.922356301812623514e+01 -1.084206403095430460e+01 -1.165260678179930487e+01 1.814101106326859281e+01 -1.792507853355819591e+01 2.047105118819933622e+01 1.926892451780495463e+01 -1.544655366054759682e+01 -3.127502384289467585e+00 7.370941522385713540e+00 2.051232476473199640e+01 1.009997022691085711e+01 1.416182553061698712e+01 -3.324970450698945967e+01 -6.177902575388033668e+00 -8.541936806718517516e+00 7.085393194985244669e+00 -1.323687091438765329e+01 -2.553484833794622588e+01 1.263103317340589982e+01 2.936432746111064418e+01 -3.183672377148345234e+01 5.697208667258681025e+00 -1.256567247380066732e+01 3.000032782579347579e+00 4.256795982463782657e+00 -5.594390118973689319e+00 3.472317906556913858e+00 -3.389935258462515577e+01 -6.500206525941146118e+00 -1.886898958268716342e+01 1.341618154548950415e+01 1.738900747473648423e+01 -1.801152607603149036e+01
-1.312454503324710231e+01 -7.626907154528475452e+00 5.598114930734953809e+00 -3.243332223607305220e+00 1.994843681051218809e+01 2.277791988866067818e+00 8.244530885348124727e+00 -2.853799794567598269e+01 -1.520483290534506260e+01 -2.653866954626122876e-01 1.104368657804124254e+01 1.240528984376330968e+00 -2.913802381610643621e+01 1.612172677182623248e+00 -4.721456145446787822e+00 1.944465640861455213e+01 -2.544697265738080105e+01 -2.522070109966751872e+01 -2.326541608998021360e+01 1.603514321630009221e+01 1.177596188051239601e+01 1.072206650847141240e+01 1.962006704283074443e+00 4.369310617242409656e+00 -2.717804390592253938e+01 -7.834433227531209631e+00 2.704244050902402208e+01 -1.564820994296085566e+00 1.415066113418507854e+00 -1.637826048506565613e+01 6.472929780906913955e+00 -9.465956965870619300e+00 -9.399180007290466321e+00 3.916181505364868798e+01 -1.002734098785835393e+01 1.766785236349782906e+01 -4.125870413240828150e+00 -8.887705704536113416e+00 2.768430738568951099e+01 -2.526928993618967567e+01 -3.514645847694606751e+00 2.524358830353818917e+01 -5.789138642629172438e+00 1.590170926765315151e+01 6.017599183606987090e+00 -1.972059414087482310e+01 -3.736068037012547194e+00 -1.163550832053857320e+01 2.434604516796452245e+01 -6.792529388089993958e+00 -2.433839877251502415e+01 -2.647972600613775640e+01 5.697020629626445398e+00 -1.592702929712827320e+01 1.425347621820682598e+01 -2.688177732095896388e+01 -1.463746875739214204e+01 -5.264833350342003726e+00 -1.861320248987899362e+01 1.632892951973347806e+01 -5.898781204090390418e+00 8.937027566201697582e+00 -3.548012599540061096e+00 -1.269019503545933603e+01 2.335821760749403353e+01 4.077670107267231003e+00 2.922161198279900063e+01 -1.157575597252696653e+01 -1.130960033299857237e+01 1.728616592842349320e+01 -1.735725776573752555e+01 2.135024378817922042e+01 1.905857654645579302e+01 -1.544836202835764993e+01 -3.891920375418986833e+00 7.257142633346202132e+00 2.063040320985710352e+01 1.054473283030085362e+01 1.240946985031881766e+01 -3.219789226614958011e+01 -6.414697332176410249e+00 -9.658615759545924107e+00 8.873524739011545037e+00 -1.284797366820308717e+01 -2.426412715945365406e+01 1.083020964316170343e+01 2.943464953941442985e+01 -3.172889456741312841e+01 6.219423887230897563e+00 -1.229394807752952268e+01 2.533889309509687049e+00 3.342927744279784896e+00 -4.985484358911759450e+00 2.388939113231085987e+00 -3.330386193954903007e+01 -6.538668375292984614e+00 -1.736668501108083262e+01 1.291058514144955893e+01 1.671824960182901876e+01 -1.889953370948875744e+01
-1.365099742411810446e+01 -7.757278681989378200e+00 1.158518231527226661e+01 -9.279256915284239682e+00 2.343113151583519382e+01 1.963426390608744132e+00 6.614772799930436875e+00 -3.246019676485030203e+01 -1.173342636149463480e+01 4.687903216483185198e-01 1.540151906936741177e+01 2.100629673398070885e-01 -3.591944959320044006e+01 -1.651625778874292516e+00 -8.176114895575036456e+00 2.722417283136174504e+01 -2.953108881003986497e+01 -3.119307482057715930e+01 -1.887548761445423651e+01 1.828402268000423092e+01 1.547887784302584180e+01 1.364397570445471430e+01 5.644813734129863647e+00 2.642904820512274711e+00 -3.094565119326014013e+01 -9.035955838300830933e+00 3.014359264027496721e+01 -1.088082459406415348e-01 3.000700917634854914e+00 -1.749028322511141553e+01 8.196046680875433310e+00 -1.169080497764851678e+01 -1.109573363767438181e+01 4.523744123841967024e+01 -1.279164887224816027e+01 2.153235785174106809e+01 -3.389128011041569799e+00 -8.140853919985095999e+00 3.132714902958419501e+01 -2.863304213835342438e+01 -3.639774760712054302e+00 2.538741451808583349e+01 -4.597116497044877903e+00 2.288503030106007330e+01 6.175569610516153496e+00 -1.872319193587412656e+01 -7.535823017276739755e+00 -1.586996106941932361e+01 3.284306836966639054e+01 -9.511608039521506797e+00 -2.805245095914678899e+01 -2.525450600096154830e+01 4.794876393595431274e+00 -2.317247912436580393e+01 1.621065013764412654e+01 -3.373517072369699576e+01 -1.684991251228236919e+01 -4.282323782942025758e+00 -1.786488028378419557e+01 1.146591091682929964e+01 -5.290640047629167952e+00 6.338199941608069210e+00 -9.082375180632393352e+00 -1.308705306418431924e+01 2.547127436799286571e+01 6.194858427447436533e+00 3.071865334407817372e+01 -9.076172095608233903e+00 -1.461468512571970457e+01 2.266780159802917183e+01 -2.446208600651628728e+01 1.934439508180021505e+01 2.088063233686158426e+01 -1.473596821747204189e+01 -2.915286627900386396e+00 6.282685352988282013e+00 2.111234104882633034e+01 9.114458747363661573e+00 1.887395967151260123e+01 -3.883600219280658905e+01 -6.443130883708708012e+00 -6.029652849809867377e+00 3.686541976395722564e+00 -1.669606826210488748e+01 -2.996423475578603401e+01 1.852268043870179071e+01 3.114885003500404181e+01 -3.519284790155074916e+01 1.018571007054847710e+00 -1.205088216031864512e+01 6.297780244100700919e+00 7.017193267933384604e+00 -7.924851200436077825e+00 2.818126328146091986e+00 -3.489948395297837180e+01 -4.917390196487589016e+00 -1.918164859688674184e+01 1.485548965896229134e+01 1.987525468591309519e+01 -1.973310693563582419e+01
-1.308614294220092233e+01 -6.877602570777518132e+00 1.051830760198094872e+01 -9.053760458564982017e+00 2.204418715708534293e+01 3.545206410538001229e+00 5.498048358731153051e+00 -2.968772529795442239e+01 -1.186295575099475030e+01 2.143576906541950322e+00 1.459046158117794079e+01 -3.004485466755913325e+00 -3.248076413313527411e+01 2.234883106853235470e-03 -4.763473944142218919e+00 2.809888029895223127e+01 -3.304572430509218606e+01 -2.960138092174173252e+01 -1.946327999121500696e+01 1.778956815606094466e+01 1.237398529437433403e+01 1.510457833662626115e+01 6.718768868561757479e+00 5.190576107096146252e+00 -3.142944513839417198e+01 -5.112876777892299884e+00 2.887925586429853908e+01 2.611593430057939536e+00 4.142829108566203011e+00 -1.582094710929284531e+01 1.008668780715951208e+01 -1.242278687249859637e+01 -9.359015827234291152e+00 4.128196408785888849e+01 -1.538825913521046296e+01 2.607844576334777287e+01 -4.033552557221064538e-01 -2.818424318722829724e+00 3.145050258134872578e+01 -2.778451046265882241e+01 -5.059860563116057364e+00 2.422059626025429324e+01 -3.929153605140586869e+00 2.111663691887354588e+01 6.152352494179448072e+00 -1.796683545403042359e+01 -5.954222772790144447e+00 -1.460692120270480210e+01 2.920683162753548245e+01 -4.914515258328765235e+00 -2.663793151191360309e+01 -2.407152416641219261e+01 4.954943996681135943e+00 -2.137692603295979765e+01 1.803128225523129302e+01 -2.801872169249273270e+01 -1.393654430304886027e+01 -3.173658153739155718e+00 -1.394094139380247022e+01 1.275690098326175992e+01 -2.734533365081947665e+00 2.659245856473388514e+00 -8.925614140517408757e+00 -1.303634711955102787e+01 2.403338492014843197e+01 3.621776512321724706e+00 3.003546794423792221e+01 -6.933562770360756744e+00 -1.090975136432976456e+01 2.174685289321582715e+01 -2.279787469579166981e+01 1.854097386265743097e+01 2.032954006409512715e+01 -1.378718954431254851e+01 -1.854651105134208056e+00 5.307444288986282288e+00 2.035290616123526775e+01 6.794901732606754230e+00 2.044854876450778036e+01 -3.691950964335429575e+01 -6.985797480836065887e+00 -8.128079161921563767e+00 4.501196534082346545e+00 -1.386009751740005314e+01 -3.191744430393598364e+01 1.855673742328492537e+01 2.946465496042677756e+01 -3.281871405240608652e+01 4.552850277008949398e+00 -1.264338189127975021e+01 6.503689946544069400e+00 7.285835712871873149e+00 -6.236320993793225576e+00 4.220555798405907666e+00 -3.559355924848951247e+01 -5.128772195789971455e+00 -1.925561809413033743e+01 1.232152736098823098e+01 2.106932245137602777e+01 -1.476173649516579189e+01
-1.329422660338979512e+01 -7.631659940761130301e+00 5.091754529779753291e+00 -3.076316516535158030e+00 1.999054631616849420e+01 2.191700217435731624e+00 7.657137184721428902e+00 -2.815638395592001686e+01 -1.501989544684519728e+01 1.746119441980387987e-01 1.103603405115311098e+01 1.117767347157663016e+00 -2.964224160511823314e+01 1.013512769609722808e+00 -4.702670682657685397e+00 1.937893942259757196e+01 -2.493795255702830715e+01 -2.551810339346523548e+01 -2.336883964480396614e+01 1.649725730613063845e+01 1.152550450367599133e+01 1.048180605241731733e+01 2.551175741151267218e+00 4.225377774551509091e+00 -2.709313824877689569e+01 -7.853986992212225182e+00 2.702494930437671172e+01 -6.029767781647725755e-01 2.359076434097763020e+00 -1.555807763081663175e+01 6.613918663757527128e+00 -9.393504180449946617e+00 -9.703985724048891370e+00 3.797042441305891458e+01 -9.743772587367569571e+00 1.756725629848705594e+01 -4.310243503154263855e+00 -9.025239046663356746e+00 2.784992757576449307e+01 -2.441976235533234529e+01 -3.989830530151897037e+00 2.484004847733912413e+01 -5.220178574451959541e+00 1.604952541793891996e+01 5.847073690398884693e+00 -2.028781555379792678e+01 -3.366643305361724181e+00 -1.210059562086200202e+01 2.363071292335057194e+01 -6.480907814762966623e+00 -2.380690802042024856e+01 -2.695133360529326794e+01 6.005739416775008443e+00 -1.540806985575350296e+01 1.459536570115084508e+01 -2.561967229647050814e+01 -1.345584366573851476e+01 -5.353575649715105911e+00 -1.831962768126394181e+01 1.696624961274791232e+01 -6.484803304971682003e+00 7.679147189620686653e+00 -2.123245876089436379e+00 -1.209931806447896108e+01 2.369311094811821405e+01 3.145740591135224307e+00 2.922207345931692402e+01 -1.105884576973892841e+01 -1.182312011742503266e+01 1.668015160183948353e+01 -1.598337816961937285e+01 2.056536607011781470e+01 1.905790476613191942e+01 -1.616694767230071150e+01 -3.105494822757449036e+00 7.469556538026766113e+00 2.012315234994986213e+01 1.075773993815725582e+01 1.164465431754746128e+01 -3.214443891008139076e+01 -5.625006141952488825e+00 -8.770917082419268596e+00 8.719530112870886640e+00 -1.217448496547414827e+01 -2.372931389921271972e+01 1.017035385312684070e+01 2.904595443942641353e+01 -3.141100899836648352e+01 5.832218025383576254e+00 -1.235779640290498982e+01 1.617547676374552212e+00 3.153613406652800766e+00 -5.681510341611109460e+00 1.811500054500838175e+00 -3.395234302469413734e+01 -6.852199113914232420e+00 -1.775897089966673548e+01 1.351097870035041737e+01 1.626938098120852771e+01 -1.859765376359149869e+01
-1.355856177015603059e+01 -8.426066473161846204e+00 1.350005275325045062e+01 -1.010288748149546301e+01 2.270364528994169717e+01 2.494110566005617091e+00 3.121991170310463026e+00 -3.005627242113085629e+01 -1.060423660355259656e+01 3.002639058736641164e+00 1.473745929814142031e+01 -5.504263938994434113e+00 -3.343925393497334397e+01 -1.742062755950562591e+00 -6.440651883494939334e+00 3.193826325989626014e+01 -3.816927721245033922e+01 -2.980264116991457612e+01 -1.592854203205702923e+01 1.847467154521325128e+01 1.224595086129406951e+01 1.466557863402249140e+01 8.794232754763182669e+00 6.762886033675385988e+00 -3.446385433275445820e+01 -4.919936083098547464e+00 2.870793359518323840e+01 5.122762907193474824e+00 4.454063864521057070e+00 -1.498379238451001072e+01 1.100953869721083578e+01 -1.138330550375480676e+01 -1.097624640253109440e+01 4.088367615499659280e+01 -1.878645122200235917e+01 3.052212681430815522e+01 1.437081824778756456e+00 1.463829116578958534e+00 3.503872416790581923e+01 -2.637960755112250055e+01 -5.855387161625153603e+00 2.260699924651968118e+01 -7.955403521183733728e-01 2.258302970328707815e+01 5.900877832315672755e+00 -1.705827905111094367e+01 -5.537540408083192922e+00 -1.535359449668504617e+01 3.139203770602700061e+01 -3.868127559004026939e+00 -2.558019028163614905e+01 -2.205102603750601276e+01 5.286997720943769075e+00 -2.349118312794954733e+01 1.873252044948993600e+01 -2.655762200583149379e+01 -1.220863208135395794e+01 -3.898491041523432621e+00 -1.290208987370491833e+01 1.113802903674561939e+01 -1.154814255601195466e-01 -1.336743960835272915e+00 -1.168239773310429186e+01 -1.457239102790650875e+01 2.362582610277328143e+01 5.208895665990691981e+00 3.026096192077221403e+01 -3.425948919966372852e+00 -1.309475190237113829e+01 2.515627510563496116e+01 -2.515291050111026649e+01 1.781925572017881265e+01 1.934774880416716769e+01 -1.065148813001518846e+01 1.038027760877644479e+00 6.353076643706560667e+00 1.913668502566875063e+01 6.220969497835562301e+00 2.489936484558167606e+01 -3.742017087576797252e+01 -5.850010557322915083e+00 -5.586235141706793250e+00 9.415586318277033850e-01 -1.578598102808336989e+01 -3.486089856282790578e+01 2.116886469824277128e+01 2.859589775034711678e+01 -3.292226479885161439e+01 4.404517320335969544e+00 -1.200703907038538354e+01 7.879864163156481638e+00 8.291316155752380013e+00 -7.583328609318183311e+00 7.117529384037426965e+00 -3.536457198629125998e+01 -5.579073034746188320e+00 -2.132493281962603149e+01 1.266169115887071506e+01 2.237481982996198226e+01 -1.151431281075089963e+01
-1.272835338952851458e+01 -7.924092032446401923e+00 9.040999001882768837e+00 -7.358735357177585534e+00 2.209984890868393848e+01 1.111671588268651867e+00 8.532071174221925958e+00 -3.118393236379288069e+01 -1.408295223410108754e+01 6.076080942612640534e-01 1.486011070981814264e+01 1.354778606231414217e+00 -3.358818885885142436e+01 6.519452882830771845e-01 -5.580444275101518414e+00 2.342232883535229249e+01 -2.766721715779295820e+01 -2.836278804011523036e+01 -2.139191444518577256e+01 1.741676086639044385e+01 1.374097939542617475e+01 1.335216500977593768e+01 3.460253235526954185e+00 4.313032023164360851e+00 -2.955545416923064295e+01 -8.191430598421909792e+00 3.013930721600501528e+01 -1.751988687966124392e+00 2.560618500114537177e+00 -1.710445150725262664e+01 7.767715079284030821e+00 -1.211167788790358912e+01 -9.054470336625685789e+00 4.266239008721989023e+01 -1.221061087065213435e+01 1.911025319281354840e+01 -3.796881172724394293e+00 -9.581171250354486801e+00 2.928842987190462566e+01 -2.807342356780964110e+01 -4.592267160037285301e+00 2.615110573829563734e+01 -5.636165976926213794e+00 1.910699199474388621e+01 6.130621011248069685e+00 -2.036931844643715905e+01 -5.816340834226522816e+00 -1.404215944741147304e+01 2.943142424624942777e+01 -7.904326787957304035e+00 -2.729039628821150387e+01 -2.681878328697839109e+01 5.343313389419908077e+00 -1.984315195865619685e+01 1.563734596073779137e+01 -3.081266934981457695e+01 -1.607031291228394565e+01 -4.415758781670437116e+00 -1.787357477336217570e+01 1.394911590597257600e+01 -5.013980419313918802e+00 7.343085050599530206e+00 -5.666829987733444263e+00 -1.266668471283140640e+01 2.445556211610395181e+01 5.244052724730752679e+00 3.051388568517155164e+01 -1.225524673001859455e+01 -1.226246957272025284e+01 1.988638773981965713e+01 -2.047098802416480012e+01 2.043948120042049865e+01 2.067148102303855595e+01 -1.583073742628206659e+01 -4.316010012893857883e+00 6.571533513797718662e+00 2.115446368459953774e+01 1.046003338616161038e+01 1.538812561485801389e+01 -3.711030502488353022e+01 -5.552079882184512094e+00 -8.334516716327980745e+00 5.415227143978934343e+00 -1.417515453064775777e+01 -2.774373544542059022e+01 1.563710232411258083e+01 3.098724674908405063e+01 -3.408192270325879747e+01 4.014837778729092754e+00 -1.238153072010540967e+01 4.835035166281988595e+00 5.619981789911075332e+00 -6.595278976360702039e+00 2.661477087194386471e+00 -3.565990885601112836e+01 -5.025698545315439247e+00 -1.902915288986739739e+01 1.410243406574334202e+01 1.856058925989193753e+01 -1.986226878159173381e+01
-1.336448460908313685e+01 -7.437973593847342357e+00 6.800923745347918548e+00 -3.864640272489095363e+00 2.009590662067895295e+01 2.924270160626319282e+00 5.554707065555852807e+00 -2.801223345335539605e+01 -1.416564347797136136e+01 7.762821392328973502e-01 1.118885830061179121e+01 -5.596201074314723946e-03 -2.903229419698532610e+01 -1.702686863287922875e-02 -5.370782179578712956e+00 2.141135635229620249e+01 -2.651216811449191013e+01 -2.551903519355186845e+01 -2.196557584555091225e+01 1.590605588782469226e+01 1.188853784066093056e+01 1.120159806997433982e+01 3.994623839242678276e+00 4.675936587486784646e+00 -2.804477312804890232e+01 -7.321690146616472994e+00 2.681093858747681580e+01 1.127780688582948054e-01 1.496331246190399034e+00 -1.573840582564167079e+01 6.926804131553201849e+00 -8.774624132726659198e+00 -1.041355876204138831e+01 3.749539366835670506e+01 -1.062505249557081832e+01 1.940519371834762552e+01 -3.100112292986139551e+00 -7.709395414764928844e+00 2.917761937546215023e+01 -2.469001649073931759e+01 -3.487606781034249703e+00 2.415202603865018105e+01 -4.438313712118948651e+00 1.748882322387203558e+01 5.378104171908299591e+00 -1.930888784480872289e+01 -3.779827767318806764e+00 -1.198007188483568974e+01 2.394872226024942918e+01 -5.812432595304973582e+00 -2.457534149415095825e+01 -2.568780545640671775e+01 4.660089514202899963e+00 -1.713876211348819467e+01 1.450278827590303088e+01 -2.638417298954450985e+01 -1.345391885004957544e+01 -4.398710459303152298e+00 -1.709039386853015685e+01 1.456935923237711883e+01 -6.022167090954392066e+00 6.492104816633146314e+00 -4.052251416246265947e+00 -1.220814242274260053e+01 2.346223353531163625e+01 3.478846817133307567e+00 2.845322485492917863e+01 -8.546573451309598113e+00 -1.234105020831503907e+01 1.727441622554431078e+01 -1.712124787632717826e+01 2.011705352248626966e+01 1.867329121685290261e+01 -1.514349305885822794e+01 -2.949658724015072675e+00 7.487366146717282511e+00 1.978364481648295126e+01 9.781134462045178779e+00 1.411656512724681889e+01 -3.188294226699705902e+01 -6.530070085419670711e+00 -8.477520321179015994e+00 7.667382042604149461e+00 -1.342530852239731587e+01 -2.583098355181948946e+01 1.232735245104165855e+01 2.795485609699906249e+01 -3.194186694280112704e+01 5.583199546337353603e+00 -1.262348356367459346e+01 2.357222047189909464e+00 4.066921159070243874e+00 -5.848192682650934948e+00 3.273966741118147894e+00 -3.239782799511537092e+01 -6.727442785952790771e+00 -1.810449737107999368e+01 1.370986509763409344e+01 1.758015881493187393e+01 -1.638182691505609867e+01
-1.281912452671988589e+01 -7.889819361752987703e+00 4.405927511822934406e+00 -2.770756319999760020e+00 1.972375470033095368e+01 2.098564113912418261e+00 7.567286391505345655e+00 -2.743058054375197941e+01 -1.579049339737322732e+01 1.581069463628723831e-02 1.078182620641039513e+01 1.022242812018173019e+00 -2.824280156597743030e+01 8.346624751261048081e-01 -4.045068205918636473e+00 1.934167696646740353e+01 -2.569451904891014493e+01 -2.464657517087889715e+01 -2.271012815102040250e+01 1.589920839902725191e+01 1.093720152032489779e+01 1.031518925391090491e+01 2.676174584527605926e+00 4.962754702884524249e+00 -2.694663878348286445e+01 -6.988516085694197244e+00 2.617893221757628908e+01 -8.824521274985855923e-01 1.805827198317156546e+00 -1.528879243789467779e+01 6.496602397699976272e+00 -8.963247624590451323e+00 -9.200119871225270529e+00 3.630715889421682618e+01 -1.031824759159643534e+01 1.805073539662996041e+01 -3.770506180091952597e+00 -8.611622622529125692e+00 2.799623854208081042e+01 -2.439286707217320682e+01 -4.380877834177513641e+00 2.432373524715886504e+01 -5.485295834534552384e+00 1.537348149274217590e+01 5.468191794346079604e+00 -2.012420954781821081e+01 -2.510249746221782097e+00 -1.113622550355698770e+01 2.325512492164398992e+01 -5.202259903756827342e+00 -2.306676509205277625e+01 -2.643600495755674373e+01 5.775801135976031730e+00 -1.525436600309186197e+01 1.453233055823051423e+01 -2.504139510572149518e+01 -1.330086321655465120e+01 -5.438787842216569857e+00 -1.831965752062217945e+01 1.620211723758118794e+01 -5.869513439168868807e+00 8.191887736981588120e+00 -2.555796260528961916e+00 -1.241757250302734228e+01 2.235088122525949217e+01 2.963556359942988383e+00 2.843591984532134020e+01 -1.062178274583931703e+01 -1.198194048360654129e+01 1.676453145303281644e+01 -1.525699736385432104e+01 2.066207141708330397e+01 1.832511931575316666e+01 -1.530361960674451716e+01 -3.558707245513636597e+00 7.112361722268080833e+00 1.925772451907793581e+01 1.064217641096742994e+01 1.220622179200528201e+01 -3.112195524259638546e+01 -5.383337785883005822e+00 -9.431494898852976760e+00 8.539334408395481191e+00 -1.165990356186412846e+01 -2.379350147597349974e+01 1.022944412921877699e+01 2.821723767572816755e+01 -3.099469356242528306e+01 7.318894052764362890e+00 -1.216675774806080135e+01 1.897187701117524217e+00 2.993264861234861574e+00 -5.401344577639127564e+00 2.827893168074621766e+00 -3.248901333637616062e+01 -7.048502604017753193e+00 -1.763218222187460071e+01 1.315690088250590861e+01 1.598394649336566076e+01 -1.803321149053498118e+01
-1.442528863887406132e+01 -6.632031226735055185e+00 1.924827866764292494e+01 -1.376077036250120500e+01 2.597275830917117645e+01 5.331586013922738232e+00 -2.494552987690290102e+00 -3.409841882047701489e+01 -6.505531940943749092e+00 2.082657796277066709e+00 1.809379570473540610e+01 -7.462478235994684184e+00 -3.694221140327572073e+01 -6.003189193435631843e+00 -8.403759505060726553e+00 3.869638244192890397e+01 -4.074288972926571262e+01 -3.648967979026880926e+01 -1.063056784945645994e+01 2.061743046138558810e+01 1.489856764170537851e+01 1.737624045695470087e+01 1.468722169842517289e+01 5.312511057635349587e+00 -3.783729306491582633e+01 -4.552757022893089811e+00 2.930591149174092891e+01 7.338817831648751344e+00 4.391256728406979448e+00 -1.367653937559591881e+01 1.380042488774774512e+01 -1.177305748713882316e+01 -1.358292569823626295e+01 4.444553169790525970e+01 -2.068677764014738329e+01 3.813976887960797768e+01 3.626762525133622184e+00 3.180683375072313801e+00 4.110920453679403153e+01 -2.738451731540727963e+01 -4.088869340688097154e+00 2.229647986921671077e+01 7.473592343407429173e-01 3.109224070339924140e+01 5.181203093319115105e+00 -1.543604385255979317e+01 -8.881176717843523249e+00 -2.039510319084151746e+01 3.843261457297144545e+01 -6.518735532997564697e+00 -2.815176687185987703e+01 -1.913675345226791080e+01 2.309653433855757054e+00 -3.086020741344323071e+01 2.180655704340607670e+01 -2.902828255154367909e+01 -1.353052234179843261e+01 -2.660217151467541008e+00 -1.390661315193827363e+01 7.582949435243802938e+00 -4.523291031995376188e-01 -2.979018242589373422e+00 -1.721938334448073249e+01 -1.459919880956952731e+01 2.480591461998684721e+01 5.059858626237620172e+00 3.176257478515364596e+01 3.752992461143429104e+00 -1.710983610220784712e+01 3.019823674175227524e+01 -3.068731692694531077e+01 1.518284484064965767e+01 1.676422754637259516e+01 -8.204022650888417090e+00 2.860960922392558725e+00 4.910780733711769486e+00 2.035965340886182773e+01 1.758349930368560576e+00 3.235661834741762277e+01 -4.255452041499005134e+01 -7.692491891522406533e+00 -7.450689236211610611e-01 -3.617291440845199268e+00 -1.918851343780714558e+01 -3.892482184248421362e+01 2.655235637837159857e+01 2.537245031599156775e+01 -3.595527298501586699e+01 -7.444845612466363116e-01 -1.032882900196349318e+01 1.175574006859835308e+01 1.058727384406868488e+01 -1.176353060752048307e+01 9.675374834255277889e+00 -3.487344296608040395e+01 -3.988986126219048245e+00 -2.494846776627530005e+01 1.372071055475281476e+01 2.638636948343925326e+01 -7.136960352011530340e+00
-1.369831230695156954e+01 -9.133955880954539808e+00 6.298558122190914155e+00 -4.722708246450701530e+00 2.160716769815514837e+01 1.246083570824801479e+00 8.337928073741489143e+00 -3.047234449646020238e+01 -1.521128844217698273e+01 -7.422883567058531640e-02 1.299007171536307048e+01 1.818708823026856658e+00 -3.218489835854958869e+01 6.909829581592196179e-01 -5.932537674025592622e+00 2.045173843835720362e+01 -2.631965590846947478e+01 -2.593131882784393127e+01 -2.335974250741970337e+01 1.672051322134696605e+01 1.217983878891818073e+01 1.127465252038848931e+01 1.937211665064541677e+00 4.216891855267243194e+00 -2.760094389061637798e+01 -8.629053649304278650e+00 2.848876600321880304e+01 -2.093886668344866919e+00 2.395400517761139270e+00 -1.717052839005441456e+01 6.544526543039726363e+00 -1.065887794287659318e+01 -1.049511745741255453e+01 4.078032414804031447e+01 -9.993470040302970148e+00 1.681956900054053605e+01 -3.721536873446678051e+00 -9.994917908905984305e+00 2.877967577028497459e+01 -2.727504623856676957e+01 -2.979355056311770333e+00 2.609467785273935547e+01 -5.154620287098913067e+00 1.765456561088365817e+01 6.171253994593620895e+00 -2.094282234240399632e+01 -4.684041552235820305e+00 -1.320338304608850244e+01 2.600939321153734696e+01 -7.486516485805233323e+00 -2.534198805242566621e+01 -2.710269625691659812e+01 5.562997766832709523e+00 -1.818715314029147478e+01 1.448038028376798003e+01 -2.918278475730528143e+01 -1.553586481438676437e+01 -5.322758841515114803e+00 -1.914564612104603469e+01 1.642644328508167106e+01 -6.640956904566668761e+00 8.962921871718933176e+00 -2.788671870609504388e+00 -1.329851269759827481e+01 2.411761793358423844e+01 5.048641588680769843e+00 2.968469621618795529e+01 -1.245749319122098875e+01 -1.261333410389096166e+01 1.763672796914585561e+01 -1.797306295318308145e+01 2.163604950529953186e+01 2.101036163339530916e+01 -1.644597104107607421e+01 -3.837669580085611098e+00 7.746896442158042184e+00 2.094591081587748249e+01 1.150878052872310953e+01 1.301266080905732458e+01 -3.470858240027823882e+01 -4.900982728479752915e+00 -9.191369188122951783e+00 7.441784105674257077e+00 -1.347473840129821987e+01 -2.609006765198816069e+01 1.250753860882879920e+01 3.125918433446942402e+01 -3.305091278261427590e+01 4.952658071623680769e+00 -1.271283004410986450e+01 2.694194100224208466e+00 3.979683924138341045e+00 -5.894787014253760837e+00 1.767659593133572571e+00 -3.407143322748488856e+01 -6.092570341339897944e+00 -1.899936345853809883e+01 1.440821413678343710e+01 1.705697137444059663e+01 -2.027989235528263734e+01
-1.365942739483758572e+01 -6.969102911763782160e+00 9.078130399891392699e+00 -6.302464372055100128e+00 2.150749931129019288e+01 2.855831217605278027e+00 5.762925979443846991e+00 -2.968696163285239820e+01 -1.288735066762118642e+01 5.120996295975136503e-01 1.264598127920050352e+01 -5.681414166344088690e-01 -3.163247236385961969e+01 -5.985547060154177146e-01 -5.357538850626200500e+00 2.356474390438720334e+01 -2.849661774104300704e+01 -2.796239764624926494e+01 -1.978315154439526324e+01 1.748703352389549792e+01 1.294905904243002226e+01 1.246958464898470176e+01 5.095206327969757254e+00 4.130618645637336606e+00 -2.887914535529950300e+01 -7.060015008017985316e+00 2.717894478492762289e+01 9.626552995924779754e-01 2.362755031490658908e+00 -1.614986475158677948e+01 8.032967034349994151e+00 -1.039555840800544217e+01 -1.065000560798190321e+01 4.039219150608737152e+01 -1.222159127008877988e+01 2.233688217164698386e+01 -3.354178374681353603e+00 -7.113787696547205108e+00 3.096562228156780705e+01 -2.588983887716208088e+01 -4.228212513976012943e+00 2.437226387915512760e+01 -4.692954836354934933e+00 1.998985480264326497e+01 5.606452905550859178e+00 -1.887341261350765365e+01 -5.215104811562190079e+00 -1.383603327531634974e+01 2.829043991218164322e+01 -6.916680791996333788e+00 -2.571612035259078866e+01 -2.509359177079413428e+01 5.138800681442055485e+00 -1.939552253370163726e+01 1.549944870826797505e+01 -2.830578874861202010e+01 -1.443631549248740953e+01 -4.025614418873142419e+00 -1.724713694931674368e+01 1.399083854757783385e+01 -5.211128788516109722e+00 6.216295413403486236e+00 -6.655197063753529818e+00 -1.258917975378851573e+01 2.384389888681605996e+01 4.384117409242715091e+00 3.038607022050651452e+01 -8.477926845631980513e+00 -1.241721724235545921e+01 2.020291527619245642e+01 -2.041701639281242464e+01 1.954278958660990284e+01 1.881721142977708183e+01 -1.459470602433141195e+01 -2.627239807891242229e+00 6.528133675135401326e+00 2.072029166644550813e+01 8.408817847022081793e+00 1.637054393602814528e+01 -3.505315473128396064e+01 -6.238345798659534758e+00 -7.407546340096160087e+00 5.540375095609428868e+00 -1.459322155473338434e+01 -2.758709945474288361e+01 1.446751313850399434e+01 2.820328479960735280e+01 -3.259267163052967931e+01 4.588766215434463724e+00 -1.221470092554280917e+01 4.774970774808444673e+00 5.629660521742847479e+00 -6.917415028363702589e+00 3.076387594792946434e+00 -3.364515674218167618e+01 -5.875949164306569550e+00 -1.871698779722369110e+01 1.382485558006866277e+01 1.864566813916624710e+01 -1.655176358209045517e+01
-1.500327796936512037e+01 -6.844070485844232721e+00 1.738244503227337390e+01 -1.205429187805274793e+01 2.494684995721835463e+01 4.651862620158640382e+00 -1.810880909164023667e+00 -3.293293212485926347e+01 -7.645509952442641755e+00 2.958428493294392503e+00 1.694149601971215446e+01 -6.380086134900427197e+00 -3.441468220735084316e+01 -4.068110548987315056e+00 -7.962932023258016301e+00 3.646761627463957467e+01 -4.050825116484093513e+01 -3.413450489523246034e+01 -1.301042909098151767e+01 1.944590397251302960e+01 1.403316263604806657e+01 1.666378908998919073e+01 1.255037692038602160e+01 5.574382300404457702e+00 -3.743503410768002482e+01 -4.682093687629317991e+00 2.961176931936556755e+01 7.369773222655084943e+00 3.398186388949443693e+00 -1.485624187025548260e+01 1.276509924719164957e+01 -1.070279081276587085e+01 -1.300263633749757908e+01 4.379778586055238065e+01 -1.980089165553002672e+01 3.621265069351768062e+01 3.606056678095133972e+00 2.254505149439335110e+00 3.932883073566005550e+01 -2.631481270657097227e+01 -3.642589343639310417e+00 2.275955343873323855e+01 9.855398080602433275e-01 2.763239363123039993e+01 6.207873817388133375e+00 -1.611035584047910163e+01 -8.146611884579776586e+00 -1.800592252657768100e+01 3.539025489776973643e+01 -5.675944850982444834e+00 -2.764986486669027244e+01 -1.964349736849515082e+01 1.921926154682496612e+00 -2.871972137701319738e+01 2.129314619014984444e+01 -2.702151279443447507e+01 -1.312437909553406179e+01 -3.061476846429760368e+00 -1.341996526080606245e+01 9.074894913684754982e+00 6.973663966184928675e-01 -2.780007342877307774e+00 -1.599436778253770797e+01 -1.448637523665268034e+01 2.474617196213124970e+01 5.764011805048680159e+00 3.062646868432597813e+01 2.281956189474278585e+00 -1.528515851414854687e+01 2.846582404343751804e+01 -2.786465868799747980e+01 1.553027764654901688e+01 1.737302671538953547e+01 -9.025246179493329635e+00 1.939234864849751272e+00 6.353719227001167091e+00 2.003682461559711925e+01 3.451268221274184977e+00 3.092104929390252721e+01 -4.061156057484313919e+01 -8.063015990759641483e+00 -3.144978480208863392e+00 -1.694169644546216658e+00 -1.911097660365112816e+01 -3.787866029099862430e+01 2.503576963364379893e+01 2.596139218626912637e+01 -3.486732358785252472e+01 1.556840836486389490e+00 -1.146083876633053755e+01 1.014134971311402289e+01 9.209384317453135793e+00 -9.983966609524436819e+00 9.183854715777039601e+00 -3.455870203762632542e+01 -4.265557735118311378e+00 -2.469263495604715075e+01 1.352937266598716803e+01 2.583326566665189006e+01 -7.162669118696853410e+00
-1.359107099124531537e+01 -6.447837019120981061e+00 7.784786024365859980e+00 -4.550346019303166401e+00 1.966871480921151871e+01 4.656227019700517111e+00 4.847275294780924781e+00 -2.674208502599956816e+01 -1.372343053269180224e+01 9.550002217422773887e-01 1.083013248007054941e+01 -1.408242016741630520e+00 -2.928282482500287287e+01 5.551401935571170787e-01 -2.820214392608264120e+00 2.172821145086555816e+01 -2.827048089395714925e+01 -2.759954627516813019e+01 -2.042407316026391584e+01 1.771594436864519650e+01 1.174648600462688286e+01 1.203488503708460655e+01 4.854856856023730849e+00 4.095991535996573063e+00 -2.714394603139509954e+01 -5.666416708838431404e+00 2.402663213732413894e+01 2.280158810474175901e+00 2.033540806713068694e+00 -1.583533471969145978e+01 9.123338804200713525e+00 -1.008655157170652394e+01 -1.152200770638580352e+01 3.651001255288784364e+01 -1.182594622083320246e+01 2.243167719637632374e+01 -2.904998541318867922e+00 -6.175411290690408173e+00 3.035793524277632116e+01 -2.491981372141972884e+01 -4.075117770993146316e+00 2.399097568034590466e+01 -4.378982450537310278e+00 1.909640900344863113e+01 5.552266903423902278e+00 -1.907970625765450734e+01 -3.508451851866849047e+00 -1.227024348835442069e+01 2.534087918054017052e+01 -5.253109358477292545e+00 -2.427233263326574786e+01 -2.596672019709317780e+01 5.858446534221920743e+00 -1.628893592926977973e+01 1.501021134734646978e+01 -2.466996313897884718e+01 -1.209673280689740871e+01 -3.538158606323512423e+00 -1.645912429986967496e+01 1.588497310139481478e+01 -5.463709402360772849e+00 5.053156325192500908e+00 -5.150543565942140134e+00 -1.204750089297292170e+01 2.441939943397622059e+01 1.401892117513488634e+00 3.036920746596868526e+01 -8.641416623459921453e+00 -1.024008555750228133e+01 1.820348923643302541e+01 -1.748078946030198111e+01 1.916999491020708746e+01 1.824547990424419908e+01 -1.601278009411803183e+01 -1.417734384470368481e+00 6.626280535733260812e+00 2.105048237511218190e+01 7.648509438448421349e+00 1.380222056120980412e+01 -3.319216620080325697e+01 -6.637480510841480275e+00 -8.028081250257763202e+00 7.612527558337879086e+00 -1.299167067375874218e+01 -2.663279702233472435e+01 1.141669773465271120e+01 2.733944128095478732e+01 -3.044192874659621495e+01 5.659752296252359649e+00 -1.288080868604255080e+01 2.980620173418359276e+00 4.663101305124370377e+00 -6.223846662885637038e+00 2.528839184373835813e+00 -3.398993884042536706e+01 -7.685516866366638666e+00 -1.773329932182754476e+01 1.309281112555177629e+01 1.820215536552599289e+01 -1.469357969695036203e+01
-1.275982647012291338e+01 -8.128268591288801304e+00 1.075991975186388316e+01 -8.325418184018122503e+00 2.191492839149280059e+01 1.210563937151362568e+00 6.404665758476593140e+00 -3.041842619219939436e+01 -1.333462056053201650e+01 2.221523923460912542e+00 1.477027878652900128e+01 -1.267639721301754951e+00 -3.357118799056245706e+01 -3.040504608227281858e-01 -5.948752997272366727e+00 2.651364363271351721e+01 -3.070680432015916850e+01 -2.793844114627570363e+01 -1.996797749903158348e+01 1.723107265218508388e+01 1.301939333715396607e+01 1.418751025345380690e+01 5.134698871612160431e+00 5.849252899499733260e+00 -3.168838487645800228e+01 -7.033551757075710675e+00 3.040112018323770826e+01 5.676557058307974968e-01 3.303702168164958319e+00 -1.696940901806763691e+01 8.831142948556360395e+00 -1.186528249371716370e+01 -9.698668257182839980e+00 4.159252250804394180e+01 -1.484861735805231575e+01 2.258258235694777127e+01 -1.913775951462125979e+00 -5.972742892388320790e+00 3.133428900697903430e+01 -2.771942099043048202e+01 -5.159490592950424670e+00 2.498391891983899171e+01 -3.692674758777309219e+00 1.965165092683869830e+01 5.634764642640283760e+00 -1.950620938401459625e+01 -5.694526594298512379e+00 -1.424160371278902382e+01 2.913243255499206441e+01 -6.014737004363705175e+00 -2.698489721350396664e+01 -2.561331063606608538e+01 5.183261134459761443e+00 -2.063670552550362203e+01 1.620387172598244163e+01 -2.991528864055585757e+01 -1.468230525629717675e+01 -3.552685958067220096e+00 -1.592216524106757980e+01 1.241934502710620691e+01 -3.639120144976546012e+00 4.073897809102608569e+00 -7.269248011788187469e+00 -1.310323289639120503e+01 2.427078757112670004e+01 4.984257226105630600e+00 3.023204211513198914e+01 -9.301517331704074465e+00 -1.238229215832759778e+01 2.132103519499016642e+01 -2.145445721369279113e+01 1.980226414924376854e+01 2.069183898487361262e+01 -1.445077000395506062e+01 -2.765870996675504845e+00 6.604100260134043943e+00 2.047254525925361079e+01 9.479867543049842027e+00 1.799493204950749004e+01 -3.663280662261988851e+01 -5.478839606768656445e+00 -8.063665892915762967e+00 3.695305902874224557e+00 -1.434438924725273168e+01 -3.023578724186700484e+01 1.772258625408992927e+01 2.996829013809630382e+01 -3.368828390870157108e+01 4.169283527343581319e+00 -1.294472239632398924e+01 5.196292150430307011e+00 7.075009682094073327e+00 -6.739268634306483818e+00 4.176429470045176728e+00 -3.567561140812482989e+01 -5.516310865443800004e+00 -1.965394014930400601e+01 1.412519299398327632e+01 1.976999133736039482e+01 -1.730327853528319793e+01
-1.324731229941929023e+01 -8.559376899860534849e+00 8.191573235003783537e+00 -5.986458770130315798e+00 2.172646756245824662e+01 1.700944823304729958e+00 6.695976523036124561e+00 -2.967264412638571258e+01 -1.444412854678644287e+01 1.021081104314787158e+00 1.336354435557467824e+01 -1.837804083351820272e-01 -3.196434600408802140e+01 2.663436477799117630e-01 -5.779128751238757467e+00 2.328391443034822572e+01 -2.909146138609293075e+01 -2.669355069872057840e+01 -2.117895326005913859e+01 1.711738638392499467e+01 1.255781385845672560e+01 1.252368951520622353e+01 4.072200871711901371e+00 5.366412920154900235e+00 -2.976479011105854866e+01 -7.294659369749127542e+00 2.846591176982233762e+01 -3.844380053820496412e-01 2.640334391117817425e+00 -1.665600081025806745e+01 7.520618468249937294e+00 -1.065158893177373223e+01 -1.023552259752614368e+01 4.008604863123218109e+01 -1.260809448361348828e+01 2.045895531105298559e+01 -2.842830879285592527e+00 -6.881232938405444699e+00 3.035761570974479184e+01 -2.706172296150535317e+01 -4.063485340521051370e+00 2.486266159716815594e+01 -4.436388060935176014e+00 1.864664457465845260e+01 5.790513650482627561e+00 -1.948052207877622166e+01 -4.650341778324158071e+00 -1.358829399520309522e+01 2.722076742710386199e+01 -6.283154958612271024e+00 -2.530062025953012750e+01 -2.588056816814549066e+01 5.617998644431013489e+00 -1.919094261322893047e+01 1.542456053160498897e+01 -2.836318230463642820e+01 -1.470931191169629315e+01 -4.627119078953144005e+00 -1.759647661179772626e+01 1.453230872837893628e+01 -4.699209890067417739e+00 6.205661927079175300e+00 -5.027780718731754028e+00 -1.334944896626258348e+01 2.365459731769019669e+01 4.645085335858562203e+00 2.987049449226683961e+01 -1.012657159073170554e+01 -1.280624036023476187e+01 1.945579583218754394e+01 -1.970767417703390834e+01 2.040696537249143105e+01 1.973966245579661560e+01 -1.492434396665395546e+01 -2.933723212541686109e+00 7.167806078313255114e+00 2.056952105279617271e+01 9.641616850586876453e+00 1.589051698737081253e+01 -3.493511889447204766e+01 -5.450336337246458385e+00 -8.262571637510964351e+00 5.697751363026002380e+00 -1.374362310225386175e+01 -2.769733586334715625e+01 1.442583152278699288e+01 2.994576464151505135e+01 -3.294483897749720569e+01 4.817858127365014731e+00 -1.262300779006119278e+01 4.018900272912216742e+00 5.002152313621534674e+00 -6.326675968301105790e+00 3.411424255092310176e+00 -3.457395152249891623e+01 -6.066770046393981985e+00 -1.925238408561381576e+01 1.372681998934686121e+01 1.827294949419048109e+01 -1.779186351249030196e+01
-1.478047544329638896e+01 -7.110780549297733621e+00 1.461765895443906160e+01 -9.954878787610983437e+00 2.421714390090109603e+01 3.668805243547906159e+00 1.788350264512127641e+00 -3.245865504467700191e+01 -9.779679070699224042e+00 1.410878404504459782e+00 1.571632043198921025e+01 -2.947107110983615552e+00 -3.565571402672961199e+01 -4.091766573269365104e+00 -7.845729827183068217e+00 3.130391896600237800e+01 -3.399195341938848713e+01 -3.248756587342793978e+01 -1.533534756848539615e+01 1.913305970687887125e+01 1.484266537823784304e+01 1.474518819809245151e+01 9.835694833041550567e+00 4.107321821476959123e+00 -3.278964547561578513e+01 -6.739363691334759210e+00 2.811234670738192065e+01 3.817760454930539726e+00 3.729389583288864163e+00 -1.610849159433040612e+01 1.079631726647554757e+01 -1.134019177935608091e+01 -1.328644581945567182e+01 4.364440351955533259e+01 -1.551549241508834598e+01 2.850357217673514398e+01 -2.150371683222562780e-01 -3.716228470830452046e+00 3.607151357289417604e+01 -2.700226131054999357e+01 -3.522015548673932628e+00 2.363663096504173922e+01 -2.110433427899361725e+00 2.666356430549950929e+01 5.565173920945630570e+00 -1.691691799092002313e+01 -7.313087983134997749e+00 -1.731054694003842087e+01 3.380569662690054145e+01 -7.454640900195294684e+00 -2.739698802050820703e+01 -2.280609709836057064e+01 3.709691085501345409e+00 -2.591105978100676666e+01 1.767226122851639047e+01 -3.009129274434114976e+01 -1.437208160239380383e+01 -3.133757251815252776e+00 -1.675712298386355315e+01 1.063239403864920085e+01 -3.516611755651151139e+00 2.258687553603537346e+00 -1.137735608402351595e+01 -1.368005547003050637e+01 2.518537332859733624e+01 5.613039982344371737e+00 3.095759508395044080e+01 -2.810641972139461320e+00 -1.556748870267808726e+01 2.461227892758667934e+01 -2.509770147930812456e+01 1.773921203753733877e+01 1.872074810098258624e+01 -1.262409125764462559e+01 1.855007226736237747e-01 6.451447354369972409e+00 2.123779623052510601e+01 5.882692119590990032e+00 2.408654010036062942e+01 -3.960460212810164649e+01 -6.518802720707768117e+00 -4.201398302738875046e+00 8.059988931411972146e-01 -1.746745592515580370e+01 -3.336860446471455077e+01 2.093519949570406880e+01 2.776220580703763119e+01 -3.465458276610628729e+01 1.234109191809658723e+00 -1.187020057415280050e+01 7.738257413955790476e+00 8.243827957164567621e+00 -8.993986864156383376e+00 5.832161131198089876e+00 -3.412617413510885456e+01 -5.080018021733183176e+00 -2.239038880284067901e+01 1.475632700006952902e+01 2.241195024281394765e+01 -1.338180054762854354e+01
-1.354446938354170449e+01 -8.168963085628345056e+00 8.686110223760559634e+00 -5.027958797191102391e+00 2.027906632864774039e+01 2.959064448983993234e+00 4.849587620940070565e+00 -2.820794880028809004e+01 -1.450338145034191051e+01 6.165247226376330270e-01 1.266062618814870611e+01 -1.455182755286916096e+00 -3.013598917146196854e+01 4.554332984090397191e-02 -4.918767816416765193e+00 2.338781209751769197e+01 -3.017548165513804648e+01 -2.617712103917492428e+01 -2.049082434332995817e+01 1.617728252559695434e+01 1.142681585669842548e+01 1.255521884877896355e+01 4.760590333515004602e+00 5.948276051788615071e+00 -2.970096346549852129e+01 -5.879938580156910177e+00 2.718861731839898965e+01 1.064685124849557019e+00 2.078934176859806193e+00 -1.484343205706759328e+01 8.595009402881595761e+00 -9.944557427772151570e+00 -1.066248964071762906e+01 3.751197051548066952e+01 -1.231940530304299131e+01 2.199282055543658032e+01 -1.729200600912057739e+00 -4.733376974947383964e+00 3.089629996108630294e+01 -2.542380873740385638e+01 -3.784898115385598061e+00 2.418326292419210688e+01 -3.291462558162010499e+00 1.859569810446657812e+01 5.988426008888424690e+00 -1.880237777643352004e+01 -3.587445495362934444e+00 -1.232706113093808931e+01 2.535952313514360057e+01 -5.139966289983899372e+00 -2.472488908167806443e+01 -2.537253982220958548e+01 5.246593863188788731e+00 -1.824288434969304262e+01 1.576754879247784302e+01 -2.502646045174925149e+01 -1.323489602629033612e+01 -4.368983594732740450e+00 -1.669083850251132262e+01 1.437472275524924825e+01 -4.201738844763795555e+00 5.454726898328820184e+00 -5.229071676464433160e+00 -1.377119734751398816e+01 2.293705679521123386e+01 2.791622060454380883e+00 2.932358024612666014e+01 -7.961701106041950027e+00 -1.226357641976466084e+01 1.860887819082482153e+01 -1.858470269867716951e+01 2.026027452611056390e+01 1.858561601412431230e+01 -1.366420111990336572e+01 -2.626892543403109403e+00 7.065265798761675597e+00 2.002467293667457682e+01 9.179006652143508305e+00 1.661386262778346179e+01 -3.310263651767989757e+01 -6.530361122482918113e+00 -8.008629206792109656e+00 6.563443137177511488e+00 -1.249137054691619575e+01 -2.792002470573627804e+01 1.375086679320564897e+01 2.881927012294823953e+01 -3.181991839085161899e+01 5.676514244168661349e+00 -1.160162060651040683e+01 3.619122995412035415e+00 4.817822184273223840e+00 -6.270101662060191039e+00 4.885500036789789391e+00 -3.391851255528907672e+01 -7.219089439244918083e+00 -1.916136204364723739e+01 1.249309096822405252e+01 1.874078212265177967e+01 -1.541529398050066391e+01
-1.327449832304964517e+01 -7.724620297763026500e+00 6.887395996824158928e+00 -4.277320971550808260e+00 2.125995725311319973e+01 2.503648716839244504e+00 6.046378102833564583e+00 -2.953884148733406789e+01 -1.466190010550028511e+01 5.702265686066689820e-01 1.283335977596973265e+01 2.020614617415085468e-01 -2.949674151343593209e+01 -1.340628965075000290e-01 -4.735323601978004504e+00 2.209720489266272381e+01 -2.748489909578604085e+01 -2.689905318287325997e+01 -2.212090035676841282e+01 1.724919314158530881e+01 1.158929100144713864e+01 1.185876179899622329e+01 4.678584112496309899e+00 4.880208293505552852e+00 -2.993894857743443083e+01 -7.137834488689288825e+00 2.719037821837716251e+01 -4.333858294419131729e-01 1.937472654733249700e+00 -1.604280605514027869e+01 7.817071134866276694e+00 -8.999600065270310978e+00 -1.042248669549585216e+01 3.883007871881536488e+01 -1.179935489513001201e+01 2.125886682379578119e+01 -2.719054574388317658e+00 -7.316065573381955289e+00 3.096666061885493093e+01 -2.597836678644053521e+01 -3.199857845391284261e+00 2.530563611233531418e+01 -4.520401135853204799e+00 1.810613865521493793e+01 5.637703984968801763e+00 -1.985935439553121640e+01 -4.569302554052717014e+00 -1.364851280274191403e+01 2.592996719481611834e+01 -6.612329989488215709e+00 -2.374922809664092682e+01 -2.618085400716281796e+01 5.265061611872689618e+00 -1.838408369081392024e+01 1.560791842175004973e+01 -2.605399954947590757e+01 -1.447216872201471638e+01 -4.959617180268381276e+00 -1.944846141421790620e+01 1.592041096438930126e+01 -5.317392394060341587e+00 7.051887035618866761e+00 -3.948881439780785652e+00 -1.275288127745485411e+01 2.360239273820601369e+01 3.525811935245727557e+00 2.961174011515828397e+01 -8.657024507092755172e+00 -1.297583464021232658e+01 1.865546968199448585e+01 -1.796215176198974461e+01 2.062146853109885924e+01 1.772031517338545115e+01 -1.490817971121513352e+01 -2.781837358467767807e+00 7.239927687580672178e+00 2.095545490913469067e+01 8.686800124392991762e+00 1.480563834461409911e+01 -3.370691999971106867e+01 -6.215224379729794357e+00 -8.844085624093615650e+00 7.011646871972438966e+00 -1.318086937372036971e+01 -2.563377849944054176e+01 1.212275847893475422e+01 2.783199072897584614e+01 -3.263644342080113603e+01 4.724353286348819125e+00 -1.288482609132232781e+01 2.709542447903110496e+00 4.385517651803515271e+00 -7.254962887251755532e+00 3.713096477780068128e+00 -3.370057255351112246e+01 -6.587779870412107108e+00 -1.920254899970864670e+01 1.399697707827554183e+01 1.824589255796477971e+01 -1.693277548418694067e+01
-1.378340240283093010e+01 -7.946211574105856101e+00 1.611735567060279450e+01 -1.315615837334298810e+01 2.493826023329779318e+01 3.184045244901478888e+00 2.920103685241575597e+00 -3.201429150151632541e+01 -9.296162455712527972e+00 2.249328046441563256e+00 1.647890660972502630e+01 -5.003491494296920195e+00 -3.702511618434448337e+01 -2.426161874615630598e+00 -8.031473242083192687e+00 3.359311068787469168e+01 -3.638861369988109118e+01 -3.268954708535184039e+01 -1.370391221020859618e+01 1.898748102805073401e+01 1.361822075630932005e+01 1.576512138478579494e+01 1.008171089962788791e+01 5.403097794009327437e+00 -3.457058105477222654e+01 -6.001720207268865792e+00 3.089415887649581904e+01 4.513017021702358633e+00 4.330525534407364319e+00 -1.566375883347834197e+01 1.125954580974581276e+01 -1.333567378537352077e+01 -1.161489852776902154e+01 4.423325282902550271e+01 -1.892558038996829950e+01 3.088405269831027056e+01 1.752409936053390405e-01 -1.558730084333001253e-01 3.590583290132201455e+01 -2.861874651146398563e+01 -5.811874856272082113e+00 2.302863374363524329e+01 -1.138457241052810875e+00 2.602697909105422625e+01 6.074315300170422205e+00 -1.615454426921433750e+01 -6.632714641944252421e+00 -1.758858381311350882e+01 3.536210401773693945e+01 -6.559317668345022945e+00 -2.852366918114416805e+01 -2.230793221120669045e+01 4.731393522122750994e+00 -2.643005914003957457e+01 1.876837124947495994e+01 -3.044697830436075492e+01 -1.381516646314406671e+01 -2.135848616507860509e+00 -1.326232814329860155e+01 9.906339250692072440e+00 -9.570940489577524080e-01 -1.490773102896194580e-01 -1.392014781462185447e+01 -1.476380897619793053e+01 2.490292607550131621e+01 6.110932391688969290e+00 3.186960579731622545e+01 -3.344420434472812786e+00 -1.377910135843725570e+01 2.624335165898480682e+01 -2.838817359903671189e+01 1.677522701392745574e+01 2.007915399481852958e+01 -1.184546825622671484e+01 1.162524968470666220e+00 5.458687428294553889e+00 2.029754136114728169e+01 5.603385002137425630e+00 2.626096946329329995e+01 -4.044022116517788845e+01 -5.351361151065183286e+00 -4.092975295824604842e+00 -1.168562925208466385e+00 -1.703745335580496700e+01 -3.647019234139635557e+01 2.478434472164071067e+01 3.004780968545617981e+01 -3.488279736162723310e+01 1.894608711876697216e+00 -1.151694792493201547e+01 9.195290261613658700e+00 9.979393091188180520e+00 -8.003951616044142625e+00 5.751338792978159198e+00 -3.619041315760451027e+01 -4.384448809895527432e+00 -2.157619303052355519e+01 1.425985699009251562e+01 2.390488033753302943e+01 -1.316250091251471765e+01
-1.346009623509816677e+01 -7.156254597904487369e+00 7.844699618178655243e+00 -5.268372650989648243e+00 2.091039493292386098e+01 2.564456602439294297e+00 6.611971038112423926e+00 -2.904536443550637159e+01 -1.396228197404086657e+01 5.508807952511636241e-01 1.289331701878895409e+01 4.271641885334589300e-02 -3.055218623579002468e+01 4.720386024122003032e-01 -5.127957916061562038e+00 2.242969409788713264e+01 -2.788420680906939708e+01 -2.725071728733446719e+01 -2.135362282476929963e+01 1.698129212390569975e+01 1.250317966727513586e+01 1.241755107769293964e+01 4.216319565186849694e+00 4.743765020950048594e+00 -2.920661793806268136e+01 -7.200671604798576375e+00 2.776278806751193429e+01 8.215949736221898891e-02 2.488611200575317817e+00 -1.584972909808192831e+01 8.010365164688259654e+00 -1.033932512794245540e+01 -9.833559834149998125e+00 3.983431685549299317e+01 -1.174814920165275289e+01 2.074112392474036071e+01 -3.191049498519332506e+00 -7.437092480044408482e+00 2.950970790189078841e+01 -2.570940924019188145e+01 -4.061942461243618574e+00 2.478521941839213838e+01 -4.682907038828645341e+00 1.822896421222516494e+01 5.950218068171013286e+00 -1.916403089529620729e+01 -4.591128237565167858e+00 -1.321786332308591838e+01 2.659278125069764442e+01 -6.648235005497205918e+00 -2.523356732298437421e+01 -2.574796064298364584e+01 5.372329908967280687e+00 -1.816201867285822047e+01 1.564241896402010568e+01 -2.667842271662129505e+01 -1.431395286516805676e+01 -4.663780263870116904e+00 -1.737385379281191078e+01 1.503852198815421026e+01 -4.744382390258393478e+00 6.741869814209565881e+00 -4.935974575374465267e+00 -1.260121127317114009e+01 2.369710882069024294e+01 4.023632966950756895e+00 3.000487976990584471e+01 -9.465447849426501747e+00 -1.194632757045110694e+01 1.894600818874242876e+01 -1.865433888650914440e+01 1.996189736264467740e+01 1.894387127829377704e+01 -1.503078897411306691e+01 -3.336139536750318157e+00 7.013876868710462453e+00 2.089232621013530178e+01 9.125654352421715743e+00 1.514627627429865520e+01 -3.435317182342598841e+01 -6.353365523827372741e+00 -8.286186246780040676e+00 6.854795316835865293e+00 -1.338816524010417730e+01 -2.660517043993859332e+01 1.336584550778849056e+01 2.893135484099392940e+01 -3.219989818273588611e+01 5.190517627338266493e+00 -1.216208885606294565e+01 3.874389620108012355e+00 4.532785409192181980e+00 -6.335292770406601548e+00 3.108491025423207432e+00 -3.448300882780774401e+01 -5.947777863270379939e+00 -1.884714032566708397e+01 1.291020836731666677e+01 1.833803098746412630e+01 -1.730198913707308961e+01
-1.408504967818492837e+01 -6.283126450010160013e+00 7.382317756873522541e+00 -5.311278024150602128e+00 2.175993554372402983e+01 2.138373899108934051e+00 6.410667177224904201e+00 -2.987856205634305340e+01 -1.350651717205211355e+01 1.907937175660787410e-01 1.340973885388773112e+01 9.993640026021622935e-01 -3.048802133178680407e+01 -1.177656192470892593e+00 -5.106201514793133001e+00 2.232473992298794130e+01 -2.610167209070078087e+01 -2.842774156006498032e+01 -2.107331317419449590e+01 1.774849684688063789e+01 1.271513124795485972e+01 1.185971128946978048e+01 5.069204721375221823e+00 3.699820397744109535e+00 -2.890419107880636318e+01 -7.410893823761654176e+00 2.719510004722332752e+01 1.095879127697204775e-01 2.273746527501243175e+00 -1.624663922401888883e+01 7.700020642848738994e+00 -9.137643363080629300e+00 -1.070600021360031207e+01 3.997078633853606533e+01 -1.144608516572316503e+01 2.128261209016983813e+01 -4.317835652416579073e+00 -9.497598167149822856e+00 3.086823290915567242e+01 -2.569422878603653970e+01 -4.110518824496719681e+00 2.464322717638910021e+01 -5.130846136641233457e+00 1.940245128455218904e+01 4.996596085917458296e+00 -1.982713294098628154e+01 -5.286668760655148347e+00 -1.457281009719126530e+01 2.721512843198939890e+01 -7.505581092820545308e+00 -2.414526521909526480e+01 -2.564903090616998682e+01 5.316959550372873267e+00 -1.877966895260410851e+01 1.574758149812197594e+01 -2.828631509325018456e+01 -1.528783267411474256e+01 -4.605136345525181696e+00 -1.921189294098608968e+01 1.500585717400286079e+01 -6.368232027319709943e+00 6.865978437161735393e+00 -4.832579514721916603e+00 -1.193773813399070249e+01 2.409737120893050388e+01 3.839726678620499101e+00 2.969895084512630135e+01 -8.485888104057726977e+00 -1.394933216361818573e+01 1.970345702588612369e+01 -1.815206716429920419e+01 1.934652571588327774e+01 1.845715927900644360e+01 -1.554179855774654051e+01 -3.244892154872074386e+00 6.427209840006474550e+00 2.063779332480028472e+01 8.632259362786880885e+00 1.454919311654545488e+01 -3.522849910905060966e+01 -5.466342001235059200e+00 -7.811865022568827754e+00 6.229267630233978004e+00 -1.367023004882159931e+01 -2.535004975688021389e+01 1.261653010998717050e+01 2.759723696308671137e+01 -3.227382477998501997e+01 4.243299485101069024e+00 -1.261995242008144835e+01 2.932787897940997368e+00 4.613212306306516908e+00 -7.709324905468164957e+00 2.416334818204826096e+00 -3.313740880147242507e+01 -5.540647536834938158e+00 -1.807868050421243566e+01 1.496584065561808252e+01 1.779968310285692823e+01 -1.773864548172126732e+01
-1.303444956872164440e+01 -7.992459091448835373e+00 5.827699922639459906e+00 -4.446431052556619967e+00 2.108858936998597500e+01 2.103712193287062604e+00 8.017950445595760200e+00 -2.958167924286857797e+01 -1.555269753639795383e+01 -4.484654339583156180e-01 1.210298441411245385e+01 2.112412469823096384e+00 -3.107764160580739343e+01 4.666042414359521384e-01 -5.384271477212116963e+00 1.955451820831169130e+01 -2.383852165881247132e+01 -2.678368517836839402e+01 -2.316228546449251624e+01 1.707496625345007146e+01 1.328719210992396782e+01 1.111192296584080097e+01 2.133256499928228411e+00 3.328034539538502923e+00 -2.703505038606922284e+01 -8.707858191693910399e+00 2.734607152638198357e+01 -2.293911915301164672e+00 1.797876859310085784e+00 -1.735976452312123541e+01 6.155091344961133082e+00 -9.750188572236524465e+00 -9.938637304708871412e+00 4.017066377127866872e+01 -8.859283882980072633e+00 1.642922661583385846e+01 -5.153512123708233972e+00 -1.107916590089307540e+01 2.869213135948428928e+01 -2.664973531019780495e+01 -3.086050097667460967e+00 2.551450834372354493e+01 -6.851585917914258417e+00 1.806432348517247277e+01 5.245480796506371668e+00 -2.004331820503770700e+01 -5.197295626673313684e+00 -1.322763167096461778e+01 2.655678387867400403e+01 -8.751653808547683155e+00 -2.524323470209545306e+01 -2.679712159513773173e+01 5.446278219963374134e+00 -1.667824472396080893e+01 1.410323829224961045e+01 -3.041567681462978712e+01 -1.582555041985948385e+01 -4.835290452526071370e+00 -2.037008382714648036e+01 1.598524412449208931e+01 -8.014984496792514790e+00 9.762256440477390385e+00 -3.200616744320209595e+00 -1.217669629582833934e+01 2.414066875075890195e+01 3.958526716159184833e+00 2.988079338229108117e+01 -1.168266952954165916e+01 -1.337867540197278338e+01 1.753943122296916712e+01 -1.768615780037056240e+01 2.081700142686469235e+01 1.920815731911373092e+01 -1.641680460664524688e+01 -4.097116667824510117e+00 6.558935151199249525e+00 2.110544288495917087e+01 1.008140118282476649e+01 1.155889070828259868e+01 -3.359650403443240663e+01 -6.295132841209752250e+00 -8.181989265033147163e+00 7.611927700152617327e+00 -1.356219981977236877e+01 -2.414725464798975096e+01 1.087631625027971616e+01 2.912021932190423357e+01 -3.302637339497896818e+01 3.734646783501260447e+00 -1.252247543673078489e+01 2.556964188948369632e+00 3.898685829325199137e+00 -6.636295014139756532e+00 1.143122524435295384e+00 -3.324699742720712692e+01 -6.279461777309318649e+00 -1.789284186232877971e+01 1.446942144273335984e+01 1.624773885683599772e+01 -2.045795346755543065e+01
-1.306236690931655708e+01 -8.239315519789347064e+00 9.088809272558528107e+00 -5.731844499065178233e+00 2.102196721188748896e+01 9.419168022050365963e-01 6.897612120952262060e+00 -2.920140592656711931e+01 -1.400166709274329513e+01 2.000456595123865533e+00 1.389926638372393874e+01 -9.993456113833205645e-01 -3.101505809876517361e+01 1.103255248539354305e+00 -5.090431661608310954e+00 2.422996156191594253e+01 -3.201551636001178025e+01 -2.561913915416689846e+01 -2.121456863319428976e+01 1.611963708947294549e+01 1.143107380333472989e+01 1.258557542402390084e+01 4.358754416884797145e+00 6.846103696874644484e+00 -3.138270465158962352e+01 -6.185009171732213318e+00 2.938368196242026187e+01 5.611520136483818533e-01 2.681681939442157603e+00 -1.615004552386504955e+01 8.502218010791608549e+00 -1.080587228293928703e+01 -9.720145044146097035e+00 3.962863377900207951e+01 -1.462767320015952777e+01 2.213440121675060368e+01 -1.592017024104171341e+00 -4.586041972301269531e+00 2.968164988855034991e+01 -2.620400130363318425e+01 -4.617814609669150805e+00 2.532318019649152774e+01 -2.878836141093232825e+00 1.667446975371327866e+01 6.503687617714127178e+00 -1.947187650711114770e+01 -3.471540171953340082e+00 -1.219378240090332000e+01 2.606802397366070778e+01 -4.161175762049133198e+00 -2.498476794377095800e+01 -2.582954384763727163e+01 5.715077485065134688e+00 -1.970341292416715717e+01 1.603353316485446811e+01 -2.558420999610572366e+01 -1.445086034195613678e+01 -4.715688390387578366e+00 -1.547946874101024939e+01 1.387628480672690046e+01 -1.772337714895750427e+00 4.673964815565150310e+00 -5.623859912588276444e+00 -1.377200163209856321e+01 2.289583683735474295e+01 5.404263105142156576e+00 2.931475695799989367e+01 -9.718383246817904109e+00 -1.132066955211881165e+01 1.974701036080659833e+01 -1.956353426579785548e+01 2.109058236283414445e+01 2.069477462674834101e+01 -1.371484758038639740e+01 -3.247904868142987844e+00 8.015869229233162585e+00 2.016184962608277331e+01 1.083020314138998152e+01 1.751164965458690759e+01 -3.442615176181314496e+01 -5.167590422335864631e+00 -1.009209632468245310e+01 5.930605705128305871e+00 -1.300655050210409058e+01 -2.937889887853201643e+01 1.613436473387245229e+01 3.112179964467117443e+01 -3.215198321550104055e+01 7.095817361683855573e+00 -1.239108749815675026e+01 3.961186437193143561e+00 5.478440718671670595e+00 -5.131360271520216898e+00 5.000028631404917157e+00 -3.513904497291216700e+01 -5.856011461540008511e+00 -1.879897779467124863e+01 1.296199509230234170e+01 1.969248415524410944e+01 -1.638746946386848080e+01
-1.285472430913174691e+01 -9.174222759056011256e+00 1.274632321751584918e+01 -1.058058558051010145e+01 2.419875457191676205e+01 1.941961010264308563e+00 5.530963740417796259e+00 -3.006774316895534938e+01 -1.151862348747324205e+01 2.175625765626592045e+00 1.491467767472285644e+01 -2.866367985814518793e+00 -3.580446071213266634e+01 -9.350370388648906461e-01 -6.451896659763867170e+00 2.878941389000832629e+01 -3.427610556680881615e+01 -2.994905855804695349e+01 -1.751908621317025805e+01 1.842277817212202962e+01 1.375597047714557597e+01 1.455528023223865652e+01 6.564954336826173353e+00 4.637858251588674818e+00 -3.240875070139409786e+01 -6.620418206636033531e+00 2.969807954063276867e+01 2.350096732798475418e+00 4.014137447729414276e+00 -1.632167023660810301e+01 8.757832198104368970e+00 -1.237523918875284146e+01 -1.075588113462802653e+01 4.288534071143640602e+01 -1.594995952713660436e+01 2.516195644658092689e+01 -1.720598377169088700e+00 -2.007440083611909287e+00 3.270437480243769812e+01 -2.939850154941397875e+01 -5.174824129015644480e+00 2.415062223489827176e+01 -3.901839427412236549e+00 2.300601438701680834e+01 6.343108274805500990e+00 -1.811825138979146033e+01 -6.389149181495106689e+00 -1.578303907368867343e+01 3.254471348259119878e+01 -6.569938385017873195e+00 -2.682249437185144814e+01 -2.415010576447616586e+01 5.893007210022611631e+00 -2.294113760768168220e+01 1.735938721693178266e+01 -3.170766427045588287e+01 -1.476886005571624239e+01 -4.242130178199121637e+00 -1.421347491678477581e+01 1.125219545191599835e+01 -3.064041852458646797e+00 2.002928070976260688e+00 -9.785135922063714631e+00 -1.441191430029218878e+01 2.449090352231754508e+01 5.072885678410607113e+00 3.137436962907283444e+01 -7.721761119806290985e+00 -1.357138792519861603e+01 2.342398009078974042e+01 -2.571450137224861621e+01 1.887613004844427422e+01 2.125797363491052749e+01 -1.312257686152514857e+01 -7.644792874285332163e-01 5.628634443232404472e+00 1.991721858126129874e+01 8.045386823676967225e+00 2.161485866902640751e+01 -3.823583650714551396e+01 -5.950015552869401425e+00 -5.536875258132047506e+00 2.459183522523779697e+00 -1.623096806042907758e+01 -3.293405013627113931e+01 2.012258271636745377e+01 3.152132341083877876e+01 -3.438564160732202879e+01 2.906226611924438874e+00 -1.168652099434123670e+01 7.477539878332359002e+00 8.014920245578384339e+00 -7.704836872139258830e+00 4.043640144687612903e+00 -3.608606842276056881e+01 -5.392413016916425050e+00 -1.933381521066201358e+01 1.346952126142207007e+01 2.073426019763086714e+01 -1.587785955639328606e+01
-1.358865319028263130e+01 -7.246396330974588018e+00 9.160804773617321928e+00 -6.125432597945848379e+00 2.105773300557305561e+01 2.101646439620250550e+00 6.300841531230425119e+00 -2.967177394841746363e+01 -1.335296068930086832e+01 7.563489410892357823e-01 1.291028280648542470e+01 -3.628275903501788080e-01 -3.236849370442674001e+01 -1.192151546725119138e+00 -5.697066807431091284e+00 2.375239542711355512e+01 -2.756644702626000054e+01 -2.776399538842695236e+01 -2.042211799394454985e+01 1.734472497530095936e+01 1.276405947967819898e+01 1.272464185820473581e+01 4.930172380284965072e+00 4.489979938929922199e+00 -2.937804082423926388e+01 -7.811758534743723281e+00 2.825874247327327282e+01 2.836991680737808719e-01 3.070973535842282054e+00 -1.592687481329435428e+01 8.051709211461030691e+00 -1.093584828261016995e+01 -1.060195877354689920e+01 4.052710444331878392e+01 -1.236926839466345385e+01 2.114787157477323731e+01 -3.613223078270994648e+00 -7.907595584752747264e+00 3.070369290886782920e+01 -2.620069094051594405e+01 -4.787847180593315599e+00 2.445519764543621832e+01 -4.381089314280157687e+00 1.970148081562712150e+01 5.584933454525978114e+00 -1.975725047936572309e+01 -4.886327310659138057e+00 -1.380428216552552989e+01 2.762425801162347128e+01 -6.910995317472454325e+00 -2.592448110316643195e+01 -2.609835390432975188e+01 5.761368254948806999e+00 -1.909175186374854505e+01 1.505958607857917286e+01 -2.850305382813695232e+01 -1.403457044915488439e+01 -4.007436714497045749e+00 -1.776411847983399994e+01 1.392283906096754009e+01 -5.665155651966730765e+00 6.209766081048074149e+00 -5.265867014193852391e+00 -1.238585120938445705e+01 2.420167957459611330e+01 4.199875411201134057e+00 3.035979742983643348e+01 -9.385635632742188150e+00 -1.257427418415161036e+01 1.938945035179848730e+01 -1.937432536033536934e+01 2.015509320390201253e+01 1.907034087936468580e+01 -1.517455140074660846e+01 -2.892871224593038804e+00 6.798887035020823255e+00 2.086576515915605867e+01 9.484092638082483262e+00 1.517305876380757823e+01 -3.507195105901918453e+01 -5.594143534063081624e+00 -7.915731638987393737e+00 5.462882902785663575e+00 -1.366124303246321858e+01 -2.684040444966503713e+01 1.398151707207649075e+01 2.846648792661600424e+01 -3.286246788149917819e+01 4.405980651304015616e+00 -1.265938907217906184e+01 3.840529649470852291e+00 5.769744938385756861e+00 -7.215143367297579324e+00 2.883581844239305525e+00 -3.460307041288900365e+01 -6.581021676625920414e+00 -1.872743212833502824e+01 1.437395898149513584e+01 1.823731729187294448e+01 -1.791294984960051551e+01
-1.274062194275414583e+01 -7.796555461786979002e+00 6.404471161773917842e+00 -4.797551310561940952e+00 2.001827738821844704e+01 2.411989508214925859e+00 7.229465198930665970e+00 -2.888505566668641578e+01 -1.501604748654881583e+01 -1.163901413759252795e-01 1.137427230749114848e+01 6.536882281230663727e-01 -3.062478088236100504e+01 9.116473799562417879e-01 -4.582522680526516901e+00 2.052887894846752914e+01 -2.650065875151823391e+01 -2.631663245895643044e+01 -2.192036000415423658e+01 1.674433806466155161e+01 1.211364393261123951e+01 1.129743202636894317e+01 2.978256353093241771e+00 4.598444335969705143e+00 -2.706681310330692014e+01 -7.229167202793701286e+00 2.666551636940439707e+01 -5.203453890511681168e-01 1.949110063335457443e+00 -1.583341839860023015e+01 7.135508212791403793e+00 -1.055531670621949480e+01 -9.384979350596289294e+00 3.844472886585987936e+01 -1.080048006502499014e+01 1.915320783240881042e+01 -3.398624117000491385e+00 -8.266758476616775653e+00 2.903941163771319367e+01 -2.519172975154004135e+01 -4.240405602141240848e+00 2.503985363337117676e+01 -5.402932799219589022e+00 1.767760228722786664e+01 5.664300478003647221e+00 -2.003158908316765263e+01 -3.238182052286044943e+00 -1.192871870137296142e+01 2.596390650754879914e+01 -6.198750768328855187e+00 -2.477414920971863310e+01 -2.636026762989119376e+01 5.919023831077646847e+00 -1.683038266209907974e+01 1.466565599881310433e+01 -2.726173531425141050e+01 -1.346890600120871540e+01 -4.770914635349473798e+00 -1.789158003147316478e+01 1.547126562172039854e+01 -6.220343042637257902e+00 7.729458213147164969e+00 -4.410617347727531445e+00 -1.277615341247080849e+01 2.322902068147798360e+01 3.412274701338927407e+00 2.964008778765905916e+01 -1.103794844234517214e+01 -1.170410611174609272e+01 1.794137106445911201e+01 -1.767725906861809548e+01 2.099174990717220624e+01 1.934842213015429735e+01 -1.526127403122032433e+01 -3.468700341666294928e+00 6.746954695625465348e+00 2.003396291647325000e+01 1.016277502831905366e+01 1.352918107925508195e+01 -3.274327214153476007e+01 -6.126481716629911034e+00 -8.610911818672086326e+00 7.553351787990820299e+00 -1.306775525828735063e+01 -2.553180419284402092e+01 1.188703488487298188e+01 2.851803967860114497e+01 -3.201247614169246702e+01 6.564408553094834176e+00 -1.182031926115872267e+01 3.152048244682257305e+00 4.430067455707671797e+00 -5.691671607830961044e+00 2.914025776012817648e+00 -3.355556192922684744e+01 -6.411517009575405268e+00 -1.821802988118239952e+01 1.355435780236694931e+01 1.715779319674816961e+01 -1.802590320976804250e+01
-1.376133136744925700e+01 -7.398632871732437444e+00 6.312803165103438197e+00 -2.709310376931747033e+00 2.027625591403466743e+01 3.313466967769964189e+00 4.981278307709664510e+00 -2.835777991461223380e+01 -1.508599638633154782e+01 6.254364751553719293e-01 1.238494156441959149e+01 4.885152599646349070e-01 -2.795045460888777100e+01 -9.613105676885252970e-03 -4.383127064256783001e+00 2.100207469156262619e+01 -2.688069774173592918e+01 -2.539931665522762927e+01 -2.205617781656465937e+01 1.627330215922231105e+01 1.147599711452977012e+01 1.117191875788813249e+01 4.779313836807093097e+00 5.256694144278210246e+00 -2.920843662381737715e+01 -6.357126658425141130e+00 2.595580440528970811e+01 -8.311108535506853134e-02 1.611791474960079018e+00 -1.536502682427485844e+01 7.640864132397378938e+00 -7.768472936205832902e+00 -1.102966104311603424e+01 3.671636766384040129e+01 -1.084454819326106545e+01 2.108608526843842057e+01 -2.388337137002948918e+00 -7.069357203722597127e+00 2.996269212134670212e+01 -2.427026680435631434e+01 -2.638295725284328430e+00 2.479454941388863176e+01 -4.402682245813481998e+00 1.732990934678214501e+01 5.412924704569507028e+00 -1.900978157082106534e+01 -3.659109634118661081e+00 -1.282072628192192454e+01 2.359652625685103899e+01 -5.390585674132411853e+00 -2.292944696296073914e+01 -2.553689312939618716e+01 4.736239604475116494e+00 -1.739448802721796739e+01 1.502486307544453048e+01 -2.383922055706880982e+01 -1.370669499805379843e+01 -5.320823542155163288e+00 -1.883843398056162854e+01 1.574554882256326849e+01 -4.991724794336687587e+00 7.167331237304954250e+00 -3.331567152923311070e+00 -1.281412462376269623e+01 2.295372030276353570e+01 2.552573198749231942e+00 2.849788850094475734e+01 -7.567369890482851247e+00 -1.260910215381054300e+01 1.740484932679045116e+01 -1.613809874828389468e+01 2.030145257575959050e+01 1.754578837329770735e+01 -1.463625794430120131e+01 -2.875301871998114489e+00 7.848311334909337411e+00 2.041914645751870694e+01 9.033637018089423876e+00 1.463399497580251385e+01 -3.197932406311387155e+01 -6.675460839823246673e+00 -8.699459876334975306e+00 8.067913407236684264e+00 -1.224808526138307307e+01 -2.535596154245376965e+01 1.141675349641058190e+01 2.741050446062727275e+01 -3.161810996837826693e+01 5.696987154571398371e+00 -1.224108908409293228e+01 1.922847139530226235e+00 3.775564460262569089e+00 -6.339773750496442872e+00 4.665150089912320830e+00 -3.256151413011048845e+01 -6.542033987574647824e+00 -1.917110935103106684e+01 1.306039617047517787e+01 1.806868718269126717e+01 -1.515361276883897723e+01
-1.355891821761195537e+01 -7.644902125180480290e+00 1.125337984483604714e+01 -8.427389064484131609e+00 2.169687057854291368e+01 3.133318616659509726e+00 3.778048955894245164e+00 -2.952214108667294212e+01 -1.129996251239321658e+01 1.395934101661915561e+00 1.332087194483673009e+01 -3.371544122412807543e+00 -3.265920448398363618e+01 -1.760260958632638095e+00 -6.195620584352316662e+00 2.744897802648090135e+01 -3.274301332790128072e+01 -2.916939079481318586e+01 -1.790657109488252630e+01 1.804311963091186044e+01 1.240900049455348864e+01 1.344763443718632345e+01 7.195380981198210790e+00 5.403916704830120210e+00 -3.089861234052992955e+01 -6.131142917156406469e+00 2.737646950221982678e+01 3.213165460677193330e+00 3.510901953378144036e+00 -1.553593724536601073e+01 9.640934455684750048e+00 -1.126475073155776307e+01 -1.115960294398816366e+01 4.048428237284031184e+01 -1.455433905645940484e+01 2.620007419544781513e+01 -1.242467123662950979e+00 -2.749086839796547110e+00 3.307506142461409127e+01 -2.616999200598874964e+01 -4.625789402757937374e+00 2.346720329355349932e+01 -2.778156268522554040e+00 2.207763647608898694e+01 5.439485886736293629e+00 -1.760071715183371310e+01 -5.426128191956848923e+00 -1.469589607578207691e+01 2.984299357893143068e+01 -5.563028979439846644e+00 -2.569394328700583685e+01 -2.326998462297984815e+01 5.129040500794793900e+00 -2.134621079010643996e+01 1.656351612284467123e+01 -2.788680408284885814e+01 -1.313357488054270306e+01 -3.801451587327483228e+00 -1.498351510469170300e+01 1.249916196320721617e+01 -3.559699264186822365e+00 2.504622425489363202e+00 -9.189812970526189062e+00 -1.337756757808246455e+01 2.387205655405768212e+01 4.663923544489469108e+00 3.018024208375781825e+01 -5.249927997407922931e+00 -1.272663815550867206e+01 2.207723047591336396e+01 -2.304877355397579208e+01 1.890783062088909716e+01 1.950205284429014796e+01 -1.289197073769793533e+01 -6.008520940333167415e-01 6.046104128222855145e+00 2.003206417689404262e+01 6.932839136948445002e+00 2.040775415514430335e+01 -3.561748335625404849e+01 -6.743786213071405911e+00 -6.209207624909324430e+00 3.407385647768479409e+00 -1.525067489831163670e+01 -3.124269868064747158e+01 1.742257734753511045e+01 2.807277805944494631e+01 -3.284219637963615668e+01 4.452741146485332813e+00 -1.174582272959059104e+01 6.303215475761958508e+00 7.397272136344868798e+00 -7.711491157908317184e+00 4.888013630644402419e+00 -3.414983013754607555e+01 -5.781923140098086833e+00 -1.956448510149435904e+01 1.341054700469165439e+01 2.056718199186862606e+01 -1.384361270814140177e+01
-1.324100296481531736e+01 -8.162443120216332559e+00 9.180317354104399641e+00 -6.435988150611060554e+00 2.184985780410940492e+01 1.603364842327561712e+00 6.668532448218201125e+00 -2.988787219745010049e+01 -1.401195449183655484e+01 1.702870758335093049e+00 1.354474895309780358e+01 -2.104130509621984502e-01 -3.170200241430805477e+01 8.834418744869682039e-01 -5.458397339435192563e+00 2.496768698208299142e+01 -3.052245552861067068e+01 -2.764970834122001975e+01 -2.039603122637492660e+01 1.711644548634365748e+01 1.305748088829696663e+01 1.283927546519438856e+01 4.405856878505330698e+00 5.255391373460258642e+00 -3.125201482734031089e+01 -6.531275205857699717e+00 2.853826444320168676e+01 8.722992085203794543e-01 2.619134685243173610e+00 -1.662227687146161870e+01 8.563777001062655714e+00 -1.042732213423676235e+01 -9.732168668254921329e+00 4.063493539885309502e+01 -1.400456579879789665e+01 2.235125192030697505e+01 -2.029152523999733670e+00 -6.077607423785408081e+00 3.090536744777373457e+01 -2.611442309113634508e+01 -4.841336187398828983e+00 2.500942872417032348e+01 -4.029454372352731184e+00 1.841189536232841562e+01 6.343971648438134103e+00 -1.897921419794937847e+01 -4.889198800681512580e+00 -1.321145716656725888e+01 2.813920110912820505e+01 -6.033751891063581674e+00 -2.539500513736275167e+01 -2.538707383320280542e+01 5.650276617356270847e+00 -1.937623169626452935e+01 1.651941370551163146e+01 -2.731043107244138213e+01 -1.414037279339737552e+01 -4.505530830466737413e+00 -1.693681003516084260e+01 1.411871507953448557e+01 -2.931251404271353778e+00 4.841509498458473892e+00 -6.993846790976149030e+00 -1.361813516844930660e+01 2.387148568561358530e+01 4.658540114193152171e+00 2.993618706004508567e+01 -9.356147810449765956e+00 -1.249034371421003087e+01 2.103667011386334806e+01 -1.998306417237678190e+01 1.952931759763144370e+01 1.943101001839757913e+01 -1.428981921329296334e+01 -2.242588939439072337e+00 7.391856530631161881e+00 2.037000763686058846e+01 9.328369598799554296e+00 1.785317943653073058e+01 -3.560130512686706794e+01 -5.721043517870812778e+00 -8.069583783863592430e+00 5.190157209641597547e+00 -1.440843962438980341e+01 -2.862748099669970969e+01 1.596554931049484161e+01 2.964722050308641599e+01 -3.245422345296225330e+01 5.254162360546922095e+00 -1.253893914694296186e+01 4.128373209067408567e+00 5.269194103495700610e+00 -5.841700443501028239e+00 4.344604754789239465e+00 -3.479148792827918868e+01 -5.735655890533448265e+00 -1.972033934948016309e+01 1.313222678066208893e+01 1.933994719654011618e+01 -1.631110873906388292e+01
-1.312717580213539215e+01 -8.028623618215824820e+00 7.368302218310259555e+00 -5.199876421024058892e+00 2.125576274894140028e+01 1.590567269165925612e+00 8.556471797669637169e+00 -2.996154536993785911e+01 -1.451588959131603218e+01 5.399284965364862243e-01 1.308782855640608389e+01 1.115543691195757470e+00 -3.154256101289121617e+01 9.881284806603032322e-01 -5.908290165553196083e+00 2.178888547927482477e+01 -2.665152715042865239e+01 -2.643051770501949349e+01 -2.258616575576474617e+01 1.671023863049115832e+01 1.320786726032379299e+01 1.198417232167088287e+01 2.812678319240538460e+00 4.350424037202915706e+00 -2.901462441958730665e+01 -8.495613673757707929e+00 2.896899994211514695e+01 -2.061607253687129937e+00 2.250743369082279788e+00 -1.674199233188724989e+01 7.037726375070796792e+00 -1.026895991908635253e+01 -9.365964430622593540e+00 4.125801274932278773e+01 -1.106422056735632253e+01 1.773352706701885850e+01 -3.741087549964289938e+00 -8.861467534337053920e+00 2.849819444591307160e+01 -2.695949658890086553e+01 -3.719648825458472530e+00 2.579973041152930335e+01 -5.376544085565273967e+00 1.732169428768428787e+01 6.180105653493356499e+00 -1.966558679082333683e+01 -5.190451625790598378e+00 -1.320452425560482901e+01 2.651351772080031211e+01 -7.706810644034955970e+00 -2.603735495017277302e+01 -2.676468618078505912e+01 5.388425479977868804e+00 -1.842648610983983914e+01 1.493885668052115712e+01 -2.906945957081407172e+01 -1.579929721269200904e+01 -4.920568483934297355e+00 -1.807225835678101333e+01 1.490709295924374267e+01 -5.521558938209567557e+00 7.987500608254455514e+00 -3.962495865817208696e+00 -1.265973330497804561e+01 2.403577577621508965e+01 5.091766546885305722e+00 2.995883204212021411e+01 -1.201901906566447664e+01 -1.227252793077850512e+01 1.831368978252130475e+01 -1.939773046511652055e+01 2.107699294160210002e+01 2.009419980318577714e+01 -1.564748026225850808e+01 -4.375822659869237796e+00 7.537409530312681127e+00 2.125598459325698641e+01 1.053511336835773271e+01 1.398709805927973093e+01 -3.471958586141739289e+01 -5.787302113532394543e+00 -8.860261237423085134e+00 7.024690376618337950e+00 -1.384899307622675479e+01 -2.625787524511388682e+01 1.374891745450092451e+01 3.076690025886033553e+01 -3.314597756568495868e+01 4.223682816392900108e+00 -1.282984510727119520e+01 3.516975152387928905e+00 4.714341739368547834e+00 -5.904488598371217201e+00 2.245636509618492482e+00 -3.454745783750434640e+01 -5.861423379862971572e+00 -1.873675108259858391e+01 1.370204157788619170e+01 1.772848391142691682e+01 -1.994584047833129858e+01
-1.322085634284520239e+01 -7.489018733030476938e+00 9.919242627952096214e+00 -8.541531620534776437e+00 2.193052577335898690e+01 2.025403977182952175e+00 7.017648761164997140e+00 -3.009346189400645599e+01 -1.155268159261448524e+01 3.003083468425024050e-01 1.315822867218120962e+01 -9.409811292002377980e-01 -3.469504030185044030e+01 -1.214086981476145910e+00 -6.804077408852406528e+00 2.432300994253828819e+01 -2.803464683297444182e+01 -2.904042186116976154e+01 -1.964796340486928017e+01 1.833894001311163535e+01 1.414873772739527524e+01 1.220703516243326625e+01 5.025277537406317663e+00 3.372604481422266876e+00 -2.844681479530009582e+01 -8.897093060431751965e+00 2.864000181340547257e+01 6.071200868682799512e-02 3.449529108120346077e+00 -1.674313686622813790e+01 7.296426426081281669e+00 -1.160486892581550933e+01 -1.048662006859146345e+01 4.201223506833967036e+01 -1.197577084905941902e+01 2.099241383239237990e+01 -4.696963265111666175e+00 -6.706779016927244541e+00 2.984877059079497741e+01 -2.754580817500410461e+01 -4.857212180546134128e+00 2.465656981775034140e+01 -4.911881441746950294e+00 2.127104741371186947e+01 5.223242328099708232e+00 -1.858736329899770823e+01 -6.050844744620548887e+00 -1.505714150098729753e+01 3.018403262132956755e+01 -8.218176022610427012e+00 -2.621700616273337303e+01 -2.468391176497137707e+01 6.628419871854953627e+00 -2.006961251067925289e+01 1.433576893860839796e+01 -3.235758363475253674e+01 -1.540102045354702831e+01 -4.935029007900001652e+00 -1.636584833495159330e+01 1.255028591951966987e+01 -6.155624541195802379e+00 4.807813396582118592e+00 -6.806265188650583831e+00 -1.243075862831859446e+01 2.495101989074445470e+01 5.234169204549188770e+00 3.099090247354450867e+01 -9.786294438307614030e+00 -1.332828241829044025e+01 2.087534294129929435e+01 -2.387782749443696417e+01 2.011364422108175276e+01 2.185923572452095343e+01 -1.492011003934982583e+01 -1.760938202710366163e+00 5.393392010996098662e+00 2.039049070138670672e+01 8.694576838031132127e+00 1.622533781346805526e+01 -3.600067511458485825e+01 -5.900940164534405064e+00 -5.713454767487620600e+00 4.232959352279178411e+00 -1.492496887526904281e+01 -2.798903921388318494e+01 1.576094984602918458e+01 3.021573442678178978e+01 -3.372269223900678270e+01 2.590571226111287206e+00 -1.153533884641060858e+01 5.985281346797470370e+00 7.094287614512889029e+00 -8.374670469291945807e+00 1.897947400828176923e+00 -3.514931054747279404e+01 -5.298562194967514571e+00 -1.692376157960259775e+01 1.472995829238961996e+01 1.825227597019962289e+01 -1.910708841706987826e+01
-1.338376433539337107e+01 -7.621982883473904735e+00 1.056759251201225069e+01 -7.955234542846213230e+00 2.207667538461937085e+01 1.778147036948420023e+00 6.758244491063845061e+00 -3.040514434605921323e+01 -1.224956618015481169e+01 1.362553566609179923e+00 1.423267700227094146e+01 -1.168003153444494346e+00 -3.311302624101016789e+01 -7.418928805399241933e-01 -5.798061851869415584e+00 2.497256278691470044e+01 -2.967799656598362290e+01 -2.839781322212650139e+01 -1.979538308617586040e+01 1.795838769010773817e+01 1.310303712429847245e+01 1.349280926474838616e+01 5.181349679355553128e+00 4.914618350646378531e+00 -3.011988671123344474e+01 -7.654435056657643344e+00 2.882413611779700346e+01 2.455077336627296825e-01 2.875417532135365217e+00 -1.678709779857284090e+01 8.881093163641557098e+00 -1.154601582347456734e+01 -1.058226548319290750e+01 4.246840300534753965e+01 -1.334162546881432299e+01 2.227185043378305451e+01 -3.268324771130490802e+00 -6.645084616555840817e+00 3.165495266463510049e+01 -2.776308270533782974e+01 -4.738661943068976257e+00 2.515120199421307134e+01 -4.316747045915432679e+00 2.043214164146730027e+01 5.880838412590331465e+00 -1.879942852600276026e+01 -6.449173513700312554e+00 -1.485677740075739983e+01 2.949376820951096434e+01 -7.417159814273015961e+00 -2.660192437285854083e+01 -2.577807215112423123e+01 5.140331285207897949e+00 -2.081380396491735496e+01 1.541898510889327589e+01 -2.959827475733159119e+01 -1.554646287437538277e+01 -3.651289617267263310e+00 -1.669030280181707937e+01 1.355113611107829108e+01 -4.528769022738867278e+00 4.979042033718128479e+00 -6.492561183914443923e+00 -1.261800946135813994e+01 2.451794631851216621e+01 5.620040020230483435e+00 3.099419433248130673e+01 -9.501049207897160898e+00 -1.193594089330800578e+01 2.061049990337921045e+01 -2.235941734797122749e+01 2.018332499421577353e+01 2.012707377581666179e+01 -1.505545590054039629e+01 -2.986366431010496036e+00 6.671031030697484709e+00 2.186789276008316207e+01 8.269953111882587748e+00 1.724035096445360082e+01 -3.691448989968970551e+01 -5.655266886128427650e+00 -7.950401491875690674e+00 4.214949603247884369e+00 -1.519102372325120776e+01 -2.904368210351069735e+01 1.652947088219075766e+01 2.979782938009118709e+01 -3.334774198109020915e+01 3.647543593736021439e+00 -1.318564309555110725e+01 5.538237320636009819e+00 7.306775008189483778e+00 -7.503316670139742683e+00 2.985866710975459082e+00 -3.501303735428426478e+01 -5.439894124550971100e+00 -1.939562744886104184e+01 1.450010119155601984e+01 1.936372750479924321e+01 -1.782889021883654124e+01
-1.312130253728263618e+01 -8.000116505599544681e+00 9.567164771470771711e+00 -6.965119578377411358e+00 2.073180279011321758e+01 2.049789870250117385e+00 5.862706546679905983e+00 -2.842024615427379075e+01 -1.252745306595071284e+01 2.090629677522755969e+00 1.289802161001746406e+01 -3.217486725260949587e+00 -3.133251244840938554e+01 -2.632362588206998422e-01 -5.501187157194102006e+00 2.595511726923457729e+01 -3.257151874191826124e+01 -2.696184391089201071e+01 -1.993311395623744886e+01 1.699151169744532197e+01 1.093713462530402225e+01 1.273421073514169599e+01 5.184362159884387644e+00 6.078602149369457308e+00 -3.096600619988527114e+01 -6.241515362896706165e+00 2.846424219666585032e+01 2.344163577679147625e+00 3.267915417970910230e+00 -1.532445603187098548e+01 8.933756205900804659e+00 -1.066079913910761690e+01 -1.037524318847695959e+01 3.933197133889577657e+01 -1.500310895342608219e+01 2.464200023149083663e+01 -9.613168985273912170e-01 -3.056078469093250316e+00 3.181531145507451086e+01 -2.611898687695796184e+01 -5.267557410960105990e+00 2.384963501434295097e+01 -2.337783660812374986e+00 1.855417446042998364e+01 6.278529946242909610e+00 -1.892170434702664039e+01 -4.436857685578130983e+00 -1.325693612170090319e+01 2.701587215726613067e+01 -4.721587924411347004e+00 -2.471888735207241439e+01 -2.431100540319214431e+01 5.510159656027409980e+00 -1.939487718467001187e+01 1.633901057754559005e+01 -2.572139883865520105e+01 -1.303701819535801043e+01 -4.532202912747221646e+00 -1.482135378813143944e+01 1.382076085460118264e+01 -2.474865642253815778e+00 2.567876340198265606e+00 -6.825701164779483854e+00 -1.352781288868679610e+01 2.374434834947625106e+01 4.123214821856286072e+00 2.928915391437070070e+01 -7.469607116748083087e+00 -1.151922038867446396e+01 2.088375547165568591e+01 -2.123239060372711862e+01 1.964171304904580140e+01 1.963803827205262920e+01 -1.288279856767629639e+01 -1.346412174745413859e+00 6.699551581279878043e+00 1.932489502186648522e+01 9.024297807796036963e+00 1.910512972255427400e+01 -3.435751008644270854e+01 -5.888448354170449761e+00 -8.548584374207100822e+00 4.391088390227765537e+00 -1.366952318362033836e+01 -2.964426648850052359e+01 1.648496151295814727e+01 2.891588216124981514e+01 -3.181088524823057639e+01 5.799273864344876017e+00 -1.261004830426908541e+01 5.217089775186076750e+00 6.249655869186027779e+00 -6.698683529596168640e+00 4.605480927529084667e+00 -3.467595782725172882e+01 -6.582781030993111848e+00 -1.941954676132409929e+01 1.322589990840306839e+01 1.927655808568416873e+01 -1.540714776703383215e+01
-1.367869124691892679e+01 -7.787985478618248081e+00 8.255914360978300337e+00 -5.343885251743753173e+00 2.122075266815172867e+01 5.796564406923498947e-01 9.587236736517075641e+00 -3.175286997111519582e+01 -1.633146241387787256e+01 4.757489451688847182e-01 1.352868020495324686e+01 2.860298244747297325e+00 -3.419981831605002753e+01 9.522199430170190659e-01 -6.626457503903284696e+00 2.116362074573905616e+01 -2.427468942430262899e+01 -2.547634376302659476e+01 -2.289001745452775438e+01 1.659872696884808363e+01 1.479252135054975348e+01 1.309425646320490699e+01 1.816045153325704264e+00 4.876714601781000802e+00 -2.914798099702456469e+01 -9.652473518962716881e+00 3.078179618314183941e+01 -3.615287196882926768e+00 2.650102713111397446e+00 -1.817820096069129221e+01 5.837395085056891197e+00 -1.147613849875152070e+01 -9.108005508639763548e+00 4.337157858381801390e+01 -1.123193647656920469e+01 1.616688447933897876e+01 -4.893901508510155374e+00 -1.324213728450176397e+01 2.896627269741222221e+01 -2.679782398088246964e+01 -4.427137706371739867e+00 2.582125818501313574e+01 -6.155414552031774456e+00 1.776848967828741976e+01 6.075560378254046157e+00 -2.104673323020968922e+01 -4.952337740447989134e+00 -1.280922522201968583e+01 2.784420034301063751e+01 -8.834597435603916082e+00 -2.863387889654514495e+01 -2.838427981402239197e+01 5.902525188252472965e+00 -1.880754822023409645e+01 1.298715665916359363e+01 -3.153595634764236877e+01 -1.606894255764402857e+01 -3.785824359546616780e+00 -2.030072974316483325e+01 1.447688736596030878e+01 -5.942456560288379208e+00 1.090856518515405327e+01 -2.875319592981588901e+00 -1.267854185990725213e+01 2.438771220561623565e+01 6.821956162672143442e+00 3.128399136082187226e+01 -1.471851296483587390e+01 -1.225539234830654678e+01 1.809185151668840774e+01 -1.799338084400411120e+01 2.204699933080496521e+01 1.928311928096817596e+01 -1.680103635080491742e+01 -5.594884796297366236e+00 8.316353558485952036e+00 2.279756572388388847e+01 1.178377321029892855e+01 1.242945469307796991e+01 -3.614641199231628832e+01 -4.374747797747004618e+00 -9.764443538252903565e+00 6.132462259543192573e+00 -1.388945228101029628e+01 -2.453937991892587434e+01 1.334973370217530153e+01 3.003341621643907544e+01 -3.423165401259198148e+01 4.524958444733451657e+00 -1.370084929410856489e+01 3.774389175707741906e+00 4.898904773345052810e+00 -5.197163125191759825e+00 1.958226040622602859e+00 -3.585363625148526978e+01 -5.578761806048321503e+00 -2.021107558926044589e+01 1.448618641697968101e+01 1.707128453017320169e+01 -2.193446180989219130e+01
-1.416758124450039169e+01 -6.839164301172266924e+00 1.266579522312280481e+01 -8.644354387520364114e+00 2.305316883034415909e+01 3.998701201031960473e+00 3.103084830361579893e+00 -3.073589482804278106e+01 -1.139081257118998280e+01 -2.003108621618968632e-01 1.475552947708953155e+01 -1.043272040280598389e+00 -3.448273674331581162e+01 -3.088407341953378182e+00 -7.430378124132616335e+00 2.604597284429834048e+01 -2.992116795487577718e+01 -3.096119620381573867e+01 -1.770858049788130728e+01 1.798290348062812072e+01 1.426312295074728986e+01 1.418175453106159445e+01 7.406918370346542879e+00 3.218800661834527954e+00 -3.028650164186921501e+01 -7.892645046098120787e+00 2.851868133843116482e+01 1.088069886240802919e+00 2.168915791797463744e+00 -1.597866462921286868e+01 8.324031461856296943e+00 -1.152786040056885497e+01 -1.310489380493325484e+01 4.329090668292953126e+01 -1.182578315855620943e+01 2.393308719661936834e+01 -3.220361903208010190e+00 -6.505049730651193407e+00 3.284098232558815766e+01 -2.822226050361305738e+01 -2.089984121918568860e+00 2.455456201581917242e+01 -4.175986714998895621e+00 2.509978492877876022e+01 5.777748156292304316e+00 -1.792882905886307299e+01 -6.743336783582453364e+00 -1.621751051420989853e+01 3.198957406565484973e+01 -9.352128105694296423e+00 -2.760639918840019646e+01 -2.468939444249116733e+01 3.810010475636067540e+00 -2.353247468773625428e+01 1.579262144068406215e+01 -3.109103983947594330e+01 -1.610798313732076892e+01 -3.954007943541822279e+00 -1.797644850611567335e+01 1.164426537157461716e+01 -6.118294364465188373e+00 7.054892533671726085e+00 -8.112436681910876857e+00 -1.309922798864110938e+01 2.432638426505425144e+01 4.704862222118944004e+00 3.123551738609005213e+01 -6.010733953353279091e+00 -1.420707773002815877e+01 2.098818451806624807e+01 -2.353042667266416643e+01 1.951002414761274650e+01 1.889076124830519277e+01 -1.416931331876609157e+01 -3.105319594828545249e+00 6.121691932164479155e+00 2.175300567417274777e+01 7.392666308674921360e+00 1.899629347237980070e+01 -3.741530465767290536e+01 -7.677021689711526875e+00 -5.900188584259874247e+00 4.210561786337411405e+00 -1.605835003397897864e+01 -2.986799553636558002e+01 1.717038376121531584e+01 2.896371735086993837e+01 -3.521716419818859833e+01 1.443389007431206128e+00 -1.102902086057411957e+01 6.734261148029514921e+00 7.072443468785916565e+00 -9.249242036468590555e+00 3.433445134571602164e+00 -3.436962434842610747e+01 -5.408331616880828641e+00 -1.957325622437215884e+01 1.427815760553986557e+01 2.021776139427329610e+01 -1.693974055126838607e+01
-1.318446355043987417e+01 -7.330589957543651281e+00 5.478391226737051589e+00 -3.593191925500468287e+00 2.041900100012549402e+01 1.368386705594962782e+00 8.766805238884000318e+00 -2.997552098168617007e+01 -1.651048102271153795e+01 -9.856560768367622627e-01 1.321180393786276497e+01 4.441993733374860476e+00 -3.107354154841929272e+01 1.170050003331525756e+00 -5.762600373989196889e+00 1.825239674744754836e+01 -2.132950207038154389e+01 -2.714768539012731452e+01 -2.474786717515703671e+01 1.654951055206628396e+01 1.410571362474473922e+01 1.080336948477453696e+01 1.074484953652680597e+00 2.871122218766345213e+00 -2.734850422685666871e+01 -9.854069851243600908e+00 2.871829782909514606e+01 -3.512654676435920109e+00 1.378290662884602114e+00 -1.792516966579806237e+01 5.871531925363451698e+00 -9.567736117899933390e+00 -9.748357358411695373e+00 4.107605617341636162e+01 -7.227451821504653928e+00 1.415703505160507447e+01 -6.422688889433387338e+00 -1.369706899645354525e+01 2.663127155604311724e+01 -2.578316534993643572e+01 -2.569373275641656296e+00 2.692601217309365325e+01 -7.005306429276942026e+00 1.700865088269509329e+01 5.555059323263260573e+00 -2.050530273352750754e+01 -5.161378073589631299e+00 -1.291826955098483154e+01 2.611418503619327325e+01 -1.004479053715999726e+01 -2.502879905883167666e+01 -2.753032725208275266e+01 6.015680167390544675e+00 -1.581518967950704102e+01 1.331180823406716840e+01 -3.055019636155243390e+01 -1.653774347395574296e+01 -5.831888598084139730e+00 -2.191367762039013556e+01 1.612142846386470652e+01 -7.875221125226122609e+00 1.114094855619103974e+01 -1.844406614314483495e+00 -1.188610594693856015e+01 2.479268998845187966e+01 4.018144549605784377e+00 2.954569658724695103e+01 -1.301556816307735076e+01 -1.369927464035310649e+01 1.659086313850201577e+01 -1.609261040499913875e+01 2.143792247882803537e+01 2.033199236767597640e+01 -1.736738730517668827e+01 -5.062268317413868068e+00 7.038983680073250149e+00 2.116659948540194236e+01 1.142550836710935336e+01 9.954805935033782305e+00 -3.343499201346212146e+01 -7.149573225982210900e+00 -8.288199430092905828e+00 9.010778282081128410e+00 -1.233515022355326352e+01 -2.197278037768919035e+01 9.827542490779228146e+00 3.012683131472982723e+01 -3.315213258257882245e+01 3.234528792853667234e+00 -1.171637130594974430e+01 1.445610453726307032e+00 2.858082745604389352e+00 -6.754897804796328842e+00 1.257688475053310828e+00 -3.435502359744923240e+01 -5.893539548048129184e+00 -1.670669250992224519e+01 1.431588827721980905e+01 1.597680121667833752e+01 -2.230199236277953290e+01
-1.349752383251724908e+01 -8.897565696904480959e+00 1.005734258555212790e+01 -8.902628553637983444e+00 2.178590408893578712e+01 -1.708063019109419267e-01 7.933829794164689808e+00 -3.060515272525320896e+01 -1.294199215387909874e+01 1.029676218403531296e+00 1.454896091547605330e+01 -7.404124237055114133e-01 -3.435966757503047120e+01 3.292447233898649905e-01 -6.509839494401410853e+00 2.473528312214564195e+01 -3.078249042904231558e+01 -2.685208049958564303e+01 -2.065548538154895297e+01 1.725313351964589614e+01 1.282951637370741338e+01 1.304173715357684493e+01 3.284018596828320202e+00 5.462082283141900696e+00 -3.019528768453733036e+01 -7.857048416293829440e+00 3.065176563196614623e+01 3.799612160762701474e-01 3.888483019243971661e+00 -1.735920307253035588e+01 7.947634365154133462e+00 -1.222816665918255552e+01 -9.778399219989312385e+00 4.183961005691018897e+01 -1.382642800843654918e+01 2.121279552298181059e+01 -3.346741936731598699e+00 -6.168670599372500618e+00 2.978425193172943608e+01 -2.797453313065176417e+01 -5.213500044454256965e+00 2.510701969555903545e+01 -3.838295957220075660e+00 1.871178739307944383e+01 5.711682833606507970e+00 -1.974432128270714415e+01 -5.954897734185015779e+00 -1.459146198124885352e+01 2.911254870837939279e+01 -7.206048919356455862e+00 -2.641200025772560167e+01 -2.455698786471086592e+01 6.733603475867520949e+00 -1.957461207785953761e+01 1.487038752405442565e+01 -3.103629992426079554e+01 -1.548892825487166292e+01 -5.190178014403602269e+00 -1.601119543541551948e+01 1.350934377529710950e+01 -3.950529885156558230e+00 4.003746102116704897e+00 -6.810049138027274296e+00 -1.312718414199343364e+01 2.422029606214993436e+01 6.394661423625332297e+00 3.040098917097608222e+01 -1.136578835940832910e+01 -1.197257312081977787e+01 2.164915963499542073e+01 -2.279291660168560085e+01 2.074270583807576074e+01 2.255759153742435785e+01 -1.466195748993487591e+01 -2.503581183511109476e+00 5.917017898435728895e+00 2.005044449370853599e+01 9.947054661339979731e+00 1.651598946300620341e+01 -3.682959841413644853e+01 -4.674365617280085594e+00 -7.572454113832010059e+00 3.918641875050522749e+00 -1.349181689340072232e+01 -2.950706689245721748e+01 1.640012256876093133e+01 3.156604829330853335e+01 -3.327151571183226508e+01 4.117673397711061334e+00 -1.188115474817919193e+01 6.045931113955870906e+00 6.467862347616370577e+00 -6.985598814608493079e+00 2.808367534709349744e+00 -3.633919324260781991e+01 -5.128889389095154350e+00 -1.772774211937191779e+01 1.395342679640492634e+01 1.853845025259744261e+01 -1.928037194672402066e+01
-1.322590499355946037e+01 -8.436579006396822678e+00 6.212485950819811364e+00 -4.121301867610080549e+00 2.008939679160720004e+01 2.259710766259039882e+00 6.720483453037862098e+00 -2.788477700035141282e+01 -1.434987803619181257e+01 4.521994152001196365e-01 1.110543903662605381e+01 -1.051350989656984813e+00 -2.997649757837072926e+01 1.365681018897469401e-01 -5.183860117588862337e+00 2.100417753211282346e+01 -2.780332967448898884e+01 -2.515322733299921154e+01 -2.228496709034684287e+01 1.654970641232550932e+01 1.074325657513231569e+01 1.049585343156388362e+01 3.410647570069043066e+00 5.320368449301401625e+00 -2.778744259432724206e+01 -7.295832362606656574e+00 2.641397518401272748e+01 1.994550563133540289e-01 2.504813837331434812e+00 -1.576605802052700511e+01 6.920838552298551605e+00 -9.185089328281893728e+00 -1.060585245974287005e+01 3.771420563056538811e+01 -1.107718043476586267e+01 2.007798204012253507e+01 -3.354188260956573853e+00 -6.131132486601967635e+00 2.997261557523428621e+01 -2.520832829324301017e+01 -3.995152970224810751e+00 2.449014791028714910e+01 -4.425552788345836319e+00 1.716630291944654729e+01 5.604154613362841708e+00 -1.911938531108316752e+01 -3.694613008877816185e+00 -1.250197857343883534e+01 2.442509713694238016e+01 -5.698074716405765905e+00 -2.279437298126449107e+01 -2.560866545995728671e+01 6.426469733765987513e+00 -1.657480766844886944e+01 1.418114473032713541e+01 -2.627216324262223068e+01 -1.358810566210448556e+01 -5.444586795148937952e+00 -1.764737243101778574e+01 1.596268894452770581e+01 -5.753191011812159417e+00 6.169484032277498642e+00 -3.415653711649252688e+00 -1.320337545211839547e+01 2.352843307268342699e+01 3.497936086790992771e+00 2.897652157722453481e+01 -9.134585987495608350e+00 -1.232796702042117687e+01 1.780078382460940745e+01 -1.865470826937969662e+01 2.121296215854304279e+01 1.958067636186349247e+01 -1.461961815009778221e+01 -1.705181776829317597e+00 6.676028234911602688e+00 1.972370657058651489e+01 9.633945738324475982e+00 1.436098227397166660e+01 -3.164479886042748902e+01 -5.954783656850580087e+00 -8.322198270790970298e+00 7.450286642956788441e+00 -1.261467254156566575e+01 -2.529878039570957071e+01 1.164856502911031555e+01 2.896838089623176415e+01 -3.146016432001444940e+01 5.890582830522754776e+00 -1.210834870952407627e+01 2.921859012637737951e+00 4.704426551454299776e+00 -6.462566570539203248e+00 3.459941673462545886e+00 -3.318949579059565025e+01 -7.043663538799732393e+00 -1.738150816010472610e+01 1.363579688400337986e+01 1.693617538736206640e+01 -1.731638603077460559e+01
-1.339450044165303844e+01 -7.940893789439789963e+00 7.344227802829737861e+00 -4.643198870691197300e+00 2.110186471820721366e+01 6.213924384006065393e-01 9.462460254431807272e+00 -3.130219727535665086e+01 -1.547374423493061180e+01 4.089644169707671445e-02 1.357912128885021374e+01 2.549985784309677150e+00 -3.220157278358944808e+01 1.261868956988356549e+00 -5.926696250046414427e+00 2.056024277757109076e+01 -2.486327070763420721e+01 -2.595624009427346834e+01 -2.325376980903774538e+01 1.669377539920455078e+01 1.366144501605131722e+01 1.182688442496756309e+01 1.697465167889022686e+00 4.210150620086990259e+00 -2.872265106073868424e+01 -8.951682152691288863e+00 2.959731970368174458e+01 -3.164321091602136704e+00 2.109165057267314847e+00 -1.773993429260038823e+01 6.740372014844380644e+00 -1.045290624510475652e+01 -9.466061935874256150e+00 4.220756583983999377e+01 -1.061892120867278244e+01 1.651714316756037348e+01 -4.655825369977267592e+00 -1.150348831970188002e+01 2.830003190966252191e+01 -2.701205419354426596e+01 -3.452262315013084226e+00 2.667888998210949580e+01 -5.842938932800822549e+00 1.667370071916831620e+01 6.059754591337854990e+00 -2.083046934094158686e+01 -5.512453894727816994e+00 -1.339120046216189941e+01 2.684203752432345524e+01 -8.579900839570850479e+00 -2.643935816870029143e+01 -2.763706304511668321e+01 5.726275377922522836e+00 -1.805779582094566038e+01 1.414076997726545670e+01 -3.010647684400259294e+01 -1.677123014679479951e+01 -4.894211293662299234e+00 -2.002209590286463126e+01 1.558126841067760537e+01 -6.060307135092875441e+00 9.858899486010834323e+00 -3.528189709604832913e+00 -1.258104458329857422e+01 2.429125561386196708e+01 5.619848808405597751e+00 3.033524538623921529e+01 -1.391925735508973361e+01 -1.207883633917661470e+01 1.846089325242515855e+01 -1.888153263561154915e+01 2.180796462900956101e+01 1.994893715283608415e+01 -1.641612791539474969e+01 -5.220154875604157141e+00 7.705722577041200338e+00 2.217660814680645487e+01 1.156016153244505418e+01 1.225984895567913746e+01 -3.542726378396136511e+01 -5.313026587046923765e+00 -9.473449289323045974e+00 7.354863152535782156e+00 -1.343698139345886133e+01 -2.505809807858959459e+01 1.268507602401244405e+01 3.094388450057447315e+01 -3.340195438366490777e+01 4.074314212910564947e+00 -1.291327684720696212e+01 2.889615233684196927e+00 4.260495422343256067e+00 -5.670634882773731178e+00 1.922810452309591689e+00 -3.492964886135524694e+01 -5.718594211957899631e+00 -1.850615540838953521e+01 1.426416519621409762e+01 1.729266657120767903e+01 -2.151331286347607374e+01
-1.467437082859788688e+01 -6.851454345157863557e+00 1.489131182594708669e+01 -1.158075342804199792e+01 2.521587337903790171e+01 2.686136670677534255e+00 3.858823988681106876e+00 -3.360936235960716800e+01 -9.216965078494382624e+00 6.688168300820822587e-01 1.696138899309646675e+01 -1.528403500452116370e+00 -3.791385221383759330e+01 -3.340154261046730522e+00 -8.917373061560256886e+00 3.022591899656698899e+01 -3.220654521687376359e+01 -3.329218802660682286e+01 -1.590786802831347302e+01 1.954249741200924717e+01 1.635269104427657183e+01 1.515048238304012251e+01 8.403048500255703601e+00 2.800902372379885819e+00 -3.234715520497664443e+01 -8.156474079209086625e+00 3.069376271776286913e+01 2.351643596912056822e+00 4.289759396265144353e+00 -1.656107379326262929e+01 9.435981104240376283e+00 -1.246493648687820333e+01 -1.224005889422165794e+01 4.665572153102915820e+01 -1.443684381367257608e+01 2.602971805677058015e+01 -2.688843406858196783e+00 -5.963222196859107704e+00 3.353509326908243793e+01 -2.868603596611778173e+01 -3.773126403959599084e+00 2.402697387089769876e+01 -3.571386368202771777e+00 2.669310734014200648e+01 5.659359254119864957e+00 -1.764799132172251817e+01 -8.832182917061656369e+00 -1.853757700243312811e+01 3.579786497510156096e+01 -9.805044938351006323e+00 -2.939544509226028879e+01 -2.317065106706046507e+01 3.989988097866654648e+00 -2.622204703619390642e+01 1.760037120028720636e+01 -3.419232106050017705e+01 -1.675481718055005231e+01 -3.772768572901972650e+00 -1.624785306983893918e+01 1.013245949482417885e+01 -4.565662808364383984e+00 3.718409604292546522e+00 -1.132946537715400659e+01 -1.302523113253872999e+01 2.557451174050205367e+01 6.929425368812422548e+00 3.197033307393640200e+01 -5.729838751154161081e+00 -1.564038236269768412e+01 2.516514716308768840e+01 -2.714341295230079609e+01 1.746240095139155457e+01 2.038673142516923775e+01 -1.350121182402418185e+01 -1.627695220071565974e+00 5.649176355250997261e+00 2.147523753299172355e+01 6.652242736879804497e+00 2.232288796713126899e+01 -4.161496401861774785e+01 -6.284148279165238549e+00 -3.341925191973625697e+00 1.014584406266344718e+00 -1.776573085686617404e+01 -3.287266570164575796e+01 2.124303710268317502e+01 3.021568174491300240e+01 -3.587355694997573607e+01 -5.995200959489642711e-01 -1.116519612596858657e+01 8.751179695070765874e+00 8.177495602974092392e+00 -9.299508254577631305e+00 3.361886116398564273e+00 -3.574061202513721014e+01 -3.610892858925531357e+00 -2.060123366275295353e+01 1.464602125455287585e+01 2.164586699946614701e+01 -1.652406972076709124e+01
-1.426714951345927318e+01 -7.585900159142872745e+00 5.356451145785396939e+00 -2.424787181432356054e+00 2.007041341442859661e+01 1.918190059164316175e+00 8.392263210202946411e+00 -2.917252532181085911e+01 -1.523997529231636427e+01 -7.235158737691572695e-01 1.101375983365989164e+01 1.916361418840104136e+00 -2.994567402755216889e+01 1.548993006076590628e+00 -5.421684153406781448e+00 1.786006335733636874e+01 -2.419592877653841967e+01 -2.444060657408606829e+01 -2.400650018660416762e+01 1.622357907382021835e+01 1.247904863539333853e+01 1.049372097770986123e+01 1.357648772034259155e+00 3.861982585048188366e+00 -2.679308100896822253e+01 -8.317757280490978289e+00 2.711729257551508709e+01 -1.999279581888734780e+00 2.142872943793260987e+00 -1.610365523726068560e+01 5.861555326951494393e+00 -9.095369537495471945e+00 -1.031136040063522508e+01 3.927262626520906252e+01 -9.272244486733020707e+00 1.626799401315140159e+01 -5.004818606019316718e+00 -1.088151999897833022e+01 2.796349373121091020e+01 -2.551419359333883818e+01 -3.217064026827646028e+00 2.506936996751485580e+01 -5.697489312131377659e+00 1.585657236301537232e+01 6.154269270232663125e+00 -2.069507472205634713e+01 -4.208494177958963078e+00 -1.210721724281597567e+01 2.351294565517305557e+01 -7.797243436948344097e+00 -2.507803580726308823e+01 -2.732081362162319493e+01 6.043219313899912848e+00 -1.599586862715441171e+01 1.369012732243524866e+01 -2.691574082878332774e+01 -1.540743095641716742e+01 -5.101544196672499254e+00 -1.964969728349507960e+01 1.733503469831790866e+01 -6.976514230649040194e+00 1.003563126244272397e+01 -1.823041125170483889e+00 -1.236187066556167125e+01 2.359984693463952254e+01 4.254188746860593007e+00 2.981306660777389794e+01 -1.287220119596980616e+01 -1.202844006145562972e+01 1.682776162110154416e+01 -1.674897873156475470e+01 2.161442324186755926e+01 1.839771893492001809e+01 -1.622045653602966908e+01 -4.531894130934206899e+00 7.971482560159770081e+00 2.164471333661873942e+01 1.123859346027215089e+01 1.063371232555398471e+01 -3.300297502604781386e+01 -5.106735888755676633e+00 -9.718049092405120604e+00 9.077049309017924728e+00 -1.283734240636813873e+01 -2.295417446863307731e+01 9.276972640855991159e+00 2.916175591583190396e+01 -3.162260486322456288e+01 5.290099393920631776e+00 -1.290159811116086530e+01 1.488723628551296807e+00 2.628787632544407504e+00 -5.072051783521586366e+00 9.122478776651763432e-01 -3.383769016862930812e+01 -6.904871495113104274e+00 -1.807582206269286829e+01 1.362122791095016616e+01 1.604602710667488097e+01 -2.002011390633872878e+01
-1.254609837108445269e+01 -8.320017792343255891e+00 5.006434039375093015e+00 -3.619144174648209589e+00 2.048155330483866265e+01 9.007186773937037039e-01 9.518537350123233765e+00 -2.990024614495165878e+01 -1.602550485871325137e+01 -4.085826176461468395e-01 1.208293802015415785e+01 2.317000922303507959e+00 -3.088310556030334553e+01 1.853543596815405703e+00 -5.330510832444342206e+00 1.827823274836527290e+01 -2.397477481431597468e+01 -2.529807593760632400e+01 -2.538816871224951655e+01 1.634249561665468775e+01 1.175532535103134890e+01 1.086629815459834703e+01 3.672632724882952115e-01 4.470489055858026362e+00 -2.721688667597033273e+01 -9.257905935764712879e+00 2.917675032910002741e+01 -3.265585625732682296e+00 2.026823180427224536e+00 -1.726297901542876900e+01 5.967472579215385764e+00 -1.085531274303804317e+01 -9.146728065287883069e+00 4.074354211373450596e+01 -8.976616255177191306e+00 1.461266897928387642e+01 -5.019444021097086761e+00 -1.143787961004465004e+01 2.713209102159263253e+01 -2.693259156517771302e+01 -3.223406124168092912e+00 2.676557078262756662e+01 -5.972875789567869020e+00 1.536657853006616392e+01 5.998883006824893727e+00 -2.178882354790577480e+01 -4.261763500366181567e+00 -1.192182524360441498e+01 2.496758409041284565e+01 -8.233270725894591635e+00 -2.560910239379910180e+01 -2.813932579705514669e+01 5.878554583266625500e+00 -1.614419103248692622e+01 1.427111347518203388e+01 -2.938750778582924994e+01 -1.617379455871382277e+01 -4.890994105534495873e+00 -2.009944156150217864e+01 1.729813254893180030e+01 -7.638040995121887278e+00 1.082342986805922180e+01 -1.521496358787621350e+00 -1.225470187331063521e+01 2.405489282582241373e+01 5.074100493920099098e+00 2.996930684007713452e+01 -1.385652545354074761e+01 -1.215141177515264381e+01 1.635344204377766530e+01 -1.672588922596928995e+01 2.254061416098419102e+01 2.047575034009983952e+01 -1.676603530033756684e+01 -5.340218454630011991e+00 7.500707028250655384e+00 2.116194245816300779e+01 1.249349436415733194e+01 9.959532793076341761e+00 -3.286933034859910663e+01 -5.774635197823030808e+00 -1.062960816514808116e+01 8.838476245121700714e+00 -1.252581128002280941e+01 -2.378142448528204156e+01 1.038602302968178748e+01 3.085752826400573667e+01 -3.294744247571662044e+01 5.288540720257934424e+00 -1.282406210892864706e+01 1.570606544325799936e+00 3.239273129394045103e+00 -5.705916972164748024e+00 7.355118259215910337e-01 -3.440237567926530460e+01 -6.837035602691630132e+00 -1.743086398524015834e+01 1.430703743552524720e+01 1.613903465240319690e+01 -2.228855038106591735e+01
