-1.338631502047950228e+01 -7.768501309959063406e+00 9.109980138320000975e+00 -6.559453012322973287e+00 2.116115356097862943e+01 3.079763070610779252e+00 5.002448267696644635e+00 -2.867984799203831514e+01 -1.273565549546078657e+01 1.155231063360448562e+00 1.250507713827090761e+01 -2.345532888284901585e+00 -3.113087629869180617e+01 -8.952997809603966406e-01 -5.233399441180782929e+00 2.496663704954780627e+01 -3.066195461003841061e+01 -2.755035201899590191e+01 -1.939108799060306154e+01 1.741699540173188865e+01 1.181449073534385441e+01 1.260226435418528901e+01 5.940389144447236092e+00 5.462755075795059589e+00 -2.967415688955605191e+01 -6.216071793987224758e+00 2.678977900663639389e+01 1.861349768033777385e+00 2.972145994881456588e+00 -1.527936509631392248e+01 8.801449213036253383e+00 -1.044246074356693299e+01 -1.056626640356922664e+01 3.899889564631439498e+01 -1.337032205360724291e+01 2.389944108048217331e+01 -1.872152700284341664e+00 -4.058854993958048496e+00 3.163759615674748815e+01 -2.570906329436882132e+01 -4.675598451669747746e+00 2.364134467037158771e+01 -3.685792607747128802e+00 1.998438767099275282e+01 5.484978636329170598e+00 -1.807233366753496639e+01 -4.512038737464649785e+00 -1.370346775992855015e+01 2.740349180406746754e+01 -5.197085522665203072e+00 -2.480899908057135761e+01 -2.444920141277221504e+01 5.203456853756144973e+00 -1.949705617658436196e+01 1.599445534063832142e+01 -2.653624145779738797e+01 -1.302810058556174688e+01 -4.119475428866186562e+00 -1.575686282329086652e+01 1.387251975320977238e+01 -4.183612170423788967e+00 3.993638390024454754e+00 -6.661370852478496474e+00 -1.323462978547428470e+01 2.340397130479531285e+01 3.897196538342214023e+00 2.984883714114527464e+01 -6.915517113584811248e+00 -1.227415294437256676e+01 2.013816663765515358e+01 -2.064133177234686300e+01 1.947483545960198015e+01 1.895482652903788789e+01 -1.361437081518219472e+01 -1.446371718500006454e+00 6.512505545815005625e+00 2.009230843641865505e+01 7.703950556530005045e+00 1.801781782374847651e+01 -3.421483169520878675e+01 -6.245445337807581154e+00 -7.228218975058488205e+00 4.966763044341629296e+00 -1.408785212565283373e+01 -2.889001643882403414e+01 1.522218268859360890e+01 2.818828804300426683e+01 -3.214721152581958563e+01 5.292563409634616356e+00 -1.218058958991643870e+01 5.049609895943340199e+00 6.258131629309942490e+00 -6.938503383609039510e+00 4.365309771613368639e+00 -3.372719634422831092e+01 -6.221485565237606430e+00 -1.934343962297847241e+01 1.317996716232078569e+01 1.916857732374108991e+01 -1.486616197592953625e+01
-3.384536201231772568e-01 -1.642917330033397821e-02 -6.540625406037297029e-01 5.006262820462399343e-01 -3.049105025088623133e-01 1.923909349324766024e-02 -5.497776970636530924e-01 1.880234826625495625e-01 4.865808999489790176e-01 -1.497413574672876724e-01 6.668605457632217348e-01 -3.261807954445810620e-01 2.245524210068294280e-01 6.781216039233763093e-02 1.335881485699472460e-01 4.837434016622143562e-01 4.378922986766210501e-01 2.407385275466703001e-01 8.553351452762349982e-01 4.425998381138187415e-02 -3.860466248410001633e-01 -6.176539855420754010e-02 -1.545283916323720030e-01 -4.427738376194138847e-02 4.981325934835367231e-01 -8.302781846152647305e-02 -5.908473519024524112e-01 1.394819497189872803e-01 -2.901673801114810769e-01 -4.060259924993360192e-01 -6.410155291000028954e-02 -1.264684516854442664e-01 1.278024806438859962e-01 6.097359522590790615e-01 -1.099551562095190949e-01 -1.635137673562162830e-01 -8.487108570226751247e-01 -2.553928007664734157e-01 -4.020873066317566802e-01 7.744083142051348956e-01 2.013914898827561528e-01 -1.219469854171490342e+00 3.298635380693711316e-01 -6.163729504231557632e-02 -2.112456091132826064e-01 -2.709214352849788066e-01 1.115835856898853340e+00 -3.253463881669976243e-01 4.860697949188589884e-01 -6.772355875790982971e-01 1.808191708737142966e-01 -5.453890260308101867e-01 -3.544606398903186184e-01 2.339905470196912973e-01 1.115550331749610047e+00 -7.406569648276532802e-02 -1.065236385943583441e-01 -4.576048600103375941e-02 -7.603156006093769737e-01 5.313953704420785185e-01 -5.871555439281337524e-02 5.254635950095112307e-01 5.758971933129107823e-01 -1.630392500749544560e-01 -5.518222578257361288e-01 5.196575532241308748e-01 4.201303397200143591e-02 3.145432242519452526e-01 6.059101577822776363e-01 -7.337038223779474011e-02 -1.040943572552182506e+00 5.293606545960850146e-02 2.192877053883769134e-01 5.373341028962240751e-01 3.403988040789975023e-02 7.087380609542471843e-01 3.807317573086015094e-02 2.117770934762612245e-01 3.892995463674227552e-01 -2.947278068876948987e-01 -4.149969236647876314e-01 -6.754459491471904997e-02 1.203279046032309729e+00 4.519764947171032166e-01 -7.972738300523164734e-02 3.085358894374384819e-01 4.515563516044118764e-02 -8.664534553554759100e-02 6.380566128904195944e-01 2.784349864153695120e-01 2.151127410568139109e-01 6.333507164610995277e-01 5.121395300931304018e-01 -9.878216429214791150e-01 -2.473492830297779055e-01 8.271549748533454371e-01 -3.822087049486577737e-01 7.306258916915407964e-01 -1.231320897752254256e-01 -4.019052933731723787e-01
-1.292292725223031624e+01 -7.415355310099035258e+00 2.496903385332484682e+00 -5.685305195925173249e-01 1.721900888676789165e+01 4.095308645232345057e+00 6.027688511905166635e+00 -2.356453391790727281e+01 -1.493047682061202508e+01 1.940872716271418302e-02 7.180558654897446047e+00 -1.491746742728387032e+00 -2.399938421485566309e+01 -5.995529262038733903e-03 -2.760148298088597851e+00 1.764743197023230437e+01 -2.502292457872924203e+01 -2.261068189862805511e+01 -2.252318796597607076e+01 1.526826366583533456e+01 8.585895059883128511e+00 8.688750246311185421e+00 3.569429370230805088e+00 5.763528166609982684e+00 -2.449905606976082595e+01 -5.906683272720299804e+00 2.190746601892135459e+01 8.798842293089420563e-01 1.527664304403021145e+00 -1.306202064342610214e+01 6.883992200461508837e+00 -7.354606663206006090e+00 -9.635105231814163673e+00 3.178535465200481269e+01 -8.925079517400957840e+00 1.910244438093372921e+01 -3.472032464336800128e+00 -5.278320412718467303e+00 2.791831635176740534e+01 -2.170361191902609477e+01 -4.905344264557865763e+00 2.221467899535874935e+01 -4.988590911814876350e+00 1.444917158068510865e+01 4.818910744865501528e+00 -1.799667708866503091e+01 -7.820021080377272948e-01 -9.548493557669393894e+00 1.885004914805865894e+01 -3.095748591029380048e+00 -2.024583800980942527e+01 -2.533941469431302806e+01 5.959371308169363779e+00 -1.235407083671928952e+01 1.334945388267203370e+01 -2.025980423442505440e+01 -1.005073504044296939e+01 -5.015322026505058872e+00 -1.670923550279487912e+01 1.743965664732476739e+01 -6.514198690298149685e+00 6.230127177190773580e+00 -9.816436300553008643e-01 -1.184567060846613629e+01 2.136241325673560709e+01 1.069596106753003761e+00 2.738425468194689572e+01 -7.688342989637560798e+00 -1.052659371084259199e+01 1.403312100480234825e+01 -1.355135910841231883e+01 2.045092220519007142e+01 1.651984191297125903e+01 -1.468196374110464220e+01 -1.961061117802333165e+00 7.155234473404789242e+00 1.862713773249148375e+01 8.356410430595703431e+00 1.113303434967392391e+01 -2.633058526229754293e+01 -6.468127861716868487e+00 -9.373105201819292631e+00 9.813406737600985252e+00 -1.039570412854844150e+01 -2.174315703923969068e+01 6.865853564395584918e+00 2.522444765380891596e+01 -2.829087810090701538e+01 9.018544974436583317e+00 -1.228452078079009091e+01 9.737058053141497416e-01 3.086843664373434049e+00 -5.405389611457267485e+00 3.028287447030113988e+00 -3.004149166068886245e+01 -8.823308786152004757e+00 -1.670876553254688801e+01 1.199200317196656052e+01 1.480615037876392748e+01 -1.503899545250403769e+01
-2.880037203053899542e-01 1.897485294879629192e-02 -6.315763727492871293e-01 4.802937888102602471e-01 -3.398286715974187522e-01 4.650775438560399155e-02 -5.769472990537335422e-01 1.940288811005411729e-01 5.234429723530000800e-01 -9.707856058985443737e-02 6.835946887173981468e-01 -3.267200184253919448e-01 2.330536876811349911e-01 6.828419984941787313e-02 1.305750013370346185e-01 4.380725967475433968e-01 5.295615014208457927e-01 2.630235178015821185e-01 9.222474225666370540e-01 1.167423362090455954e-02 -4.014803673240592841e-01 -5.299006385787792539e-02 -1.947059728277005797e-01 -5.044731855328981468e-02 5.258172277599652000e-01 -9.148790300669021325e-02 -6.694685814802457946e-01 7.913569652834825940e-02 -2.666952996592691916e-01 -4.412033407599629253e-01 -6.497375738808411350e-02 -1.229237686728605061e-01 1.311594164225510228e-01 5.566343021938886526e-01 -1.117570150608178520e-01 -2.526823365716794889e-01 -8.121150385564683827e-01 -2.519930349842192663e-01 -4.317194810992573406e-01 8.052629750161155453e-01 2.350913615110876986e-01 -1.237335369620326642e+00 3.090099987832063966e-01 -4.059225476848760117e-02 -2.114268375367114317e-01 -2.289713123046515642e-01 1.073140431203839285e+00 -2.846058846302702006e-01 4.503795100736481261e-01 -6.564086757710763109e-01 2.683721803386848181e-01 -4.231843406962264020e-01 -3.709159634171422804e-01 2.199732612392590048e-01 1.069895001898132136e+00 -2.659595909666804397e-02 -7.497894871523119731e-02 -1.008964663548379305e-02 -7.223801679669324960e-01 4.803757577912601273e-01 2.548638797997557968e-06 5.216130753297383293e-01 5.518453191888570419e-01 -1.961321465347724557e-01 -5.390855470650049996e-01 5.106203830823555778e-01 -3.779823634228346441e-02 2.795930942589023305e-01 6.417926722583585653e-01 -6.266415231655822482e-02 -9.916302436219512906e-01 -6.213507732954522654e-03 1.921112810216852596e-01 6.236301732871034620e-01 5.152396819632942132e-02 6.935742876576973526e-01 4.688267585499449747e-02 2.179809969306535922e-01 3.840587435502020308e-01 -2.931218657192579680e-01 -4.254202053738526113e-01 -5.136110972115518619e-02 1.144782857024537304e+00 4.066033727806577236e-01 -7.586810161732304714e-02 2.742853593727374029e-01 -1.980020593188411629e-02 -7.008666518316998897e-03 5.726703543247274597e-01 2.895618365908138592e-01 2.046432214936046712e-01 6.362178124646269417e-01 5.314809221694689612e-01 -9.740452597351838548e-01 -2.258145383437242804e-01 8.635446335970209386e-01 -3.549701296494384151e-01 7.242175794263407962e-01 -1.002696618115137134e-01 -3.531222183473677889e-01
-7.559091526133725480e+00 -2.475092175742085843e+00 -3.063658252675717453e+00 3.793469449286642092e+00 6.184764089835983469e+00 3.181908983494898369e+00 3.853660188757112248e+00 -3.661196362691550910e+00 -5.472829425490298938e+00 -1.747965911729584487e+00 -2.687238148957190376e+00 -1.202495115031620987e+00 -3.133788831446156831e+00 -3.417410196791483834e+00 1.994031860125155542e-01 5.815103876079938061e+00 -9.267023241422117863e+00 -6.642671508088522359e+00 -1.062792222745413362e+01 5.472494545834948987e+00 3.631255575069114450e+00 -6.941619785021621025e-01 3.552367918847273653e+00 4.319160655115586778e+00 -4.921892949760613867e+00 -1.819905555691376797e+00 7.421107332956966118e+00 3.998804049878002420e+00 -6.356618691625945949e-01 -2.354849407774403658e-01 3.062338958113672849e+00 -2.568591550564411352e-01 -2.641103945677757636e+00 8.930408480460368281e+00 -6.553014864460156297e-02 1.034883338428394595e+01 -3.486461836518719437e+00 -8.258167142070182987e-01 9.168242163401419731e+00 -5.438323182272153389e+00 -6.535264977706904510e+00 6.485511151449349754e+00 -2.983341640550833951e+00 2.480072652518168219e+00 1.015091101473782675e+00 -6.614904847293477275e+00 4.622095414386814483e+00 -2.442850213601430287e+00 2.391893355264641308e+00 4.206338283937371414e-01 -8.058479998306706804e+00 -1.488923254873956559e+01 2.461305267532595487e+00 -4.038176634593144132e-01 3.802554891087969846e+00 -5.094940964918155402e+00 -1.212596255381094723e+00 -4.420661303110372309e+00 -5.500189194580188179e+00 9.449043014714348487e+00 -4.758060474829544084e+00 5.956273540880915318e-01 3.734489152649661747e+00 -1.972159695192717388e+00 6.054886650314585950e+00 -2.467973488977937835e-01 1.211018091060581980e+01 1.498481377961866423e+00 -3.612641941744639595e+00 2.971666473506071604e+00 -4.482162920768588243e+00 9.116608772077054113e+00 6.390129298710506944e+00 -8.299476374140073887e+00 -1.388880810755940054e+00 4.656721871981877925e+00 5.947990454406746785e+00 1.813253341165249610e+00 1.069527198977103355e+00 -4.229753323594461989e+00 -3.875163907433032406e+00 -3.657015795748363995e+00 7.205186145566667477e+00 -1.315469494312521831e-02 -4.368175990945805331e+00 3.665589573882502283e-01 9.378175509187240522e+00 -1.100749330586216779e+01 8.219805795836528262e+00 -4.217455894409544825e+00 1.601411649222755917e+00 4.442655877269084674e-02 -2.246357605430700399e+00 -1.465065287341089928e-01 -9.295976485536277423e+00 -6.658235199234158408e+00 -5.965327855189768158e+00 2.857289753580349423e+00 1.666924660335582731e+00 -6.784415504917686413e+00
-3.212963384234837072e-01 -4.884497843536840869e-03 -6.468702755679301974e-01 4.935720815988887678e-01 -3.171934721821468295e-01 2.756021286638195983e-02 -5.589563578902180252e-01 1.900366186744434083e-01 4.981249312115519357e-01 -1.326569590950414101e-01 6.733598581249606863e-01 -3.267492203864833522e-01 2.269019017773818980e-01 6.891100057618335106e-02 1.323899158485685179e-01 4.688729864049884788e-01 4.686229805491339273e-01 2.482591539932585689e-01 8.783173255307072935e-01 3.311526025633690362e-02 -3.921629263397858889e-01 -5.876256347400666408e-02 -1.678370040833803145e-01 -4.786643180473183767e-02 5.074364877839251387e-01 -8.570792926788038668e-02 -6.172435920599216308e-01 1.197422353431456254e-01 -2.829131954539988447e-01 -4.179720584219197566e-01 -6.568483174749040199e-02 -1.252608745847536842e-01 1.295430611151603961e-01 5.921444094377686929e-01 -1.104833457808458153e-01 -1.938914961545795679e-01 -8.370446378315269387e-01 -2.543022743390060958e-01 -4.124644550520811248e-01 7.850814283662645998e-01 2.132926352935234082e-01 -1.226417373244294895e+00 3.230513181344877860e-01 -5.515441328795948894e-02 -2.114434450105777685e-01 -2.565683674040832862e-01 1.101487236845639650e+00 -3.123965297497134919e-01 4.751531202983051982e-01 -6.706323312070057163e-01 2.101553305250519477e-01 -5.039648376457861456e-01 -3.605272318616771221e-01 2.303590064798311243e-01 1.101145250278483312e+00 -5.849147345680020399e-02 -9.624512753745613491e-02 -3.430818229508152128e-02 -7.478987781801132995e-01 5.137158167262161346e-01 -3.932146605055446970e-02 5.246577402043867133e-01 5.674360242624961748e-01 -1.738034682818249133e-01 -5.490563881491689058e-01 5.166474583069382565e-01 1.486299115107892095e-02 3.026237845547038452e-01 6.182141551335889051e-01 -7.074770271080796369e-02 -1.024815372854835038e+00 3.227304721064586102e-02 2.094537638136101942e-01 5.662172537435770092e-01 3.941887195286879891e-02 7.032417615699688707e-01 3.988709222996005693e-02 2.143105387147234142e-01 3.884085738826992817e-01 -2.940281541626299511e-01 -4.176400097800104794e-01 -6.200005408214594865e-02 1.183916216890642747e+00 4.370248920755374633e-01 -7.873846571596902766e-02 2.974669033864274503e-01 2.311091880363102744e-02 -5.951313363422460617e-02 6.167012270668086327e-01 2.825679901813269446e-01 2.118431281572466518e-01 6.345180923847423271e-01 5.183862267592767026e-01 -9.841455758279631372e-01 -2.398764917441950639e-01 8.401855500502888319e-01 -3.733719474399678773e-01 7.288249045342902743e-01 -1.159932474522671203e-01 -3.858418374427163289e-01
-1.301654616836625600e+01 -7.536992613564325261e+00 3.507299627127180131e+00 -1.479258854068903783e+00 1.788090965091107165e+01 3.862142392044835670e+00 5.951860081498352884e+00 -2.454083741232446414e+01 -1.475357041461780661e+01 1.943490986921955765e-01 8.130558284061304875e+00 -1.506275931927197442e+00 -2.523863574338954407e+01 -3.123246260657988257e-02 -3.160050964595346734e+00 1.873152549513242349e+01 -2.590901520604766972e+01 -2.339497932462001728e+01 -2.223554065843621785e+01 1.563102389067263331e+01 9.109009992844987025e+00 9.344741878749548647e+00 3.805985078831467305e+00 5.726729893691173245e+00 -2.542119486387219496e+01 -5.984519690978894246e+00 2.280497835236550586e+01 9.076591867357548526e-01 1.738080272021203410e+00 -1.358820741172329960e+01 7.165618054926683023e+00 -7.876961994588675964e+00 -9.814346290209670087e+00 3.306539569489517305e+01 -9.615070678825009765e+00 1.974276524322225512e+01 -3.229415612109412415e+00 -5.241920270111831037e+00 2.854546886622241786e+01 -2.247118987443609583e+01 -4.763590183939608202e+00 2.262538200106001796e+01 -4.804821434585146989e+00 1.526668773844823512e+01 4.954832999660599313e+00 -1.815758249891712950e+01 -1.415560998509812762e+00 -1.021836489139109361e+01 2.023777368696380208e+01 -3.487677434010080901e+00 -2.102429173470370216e+01 -2.531797041999385911e+01 5.872990205850345369e+00 -1.349623030801609325e+01 1.379281489575333630e+01 -2.137876489384802881e+01 -1.067361710646870421e+01 -4.886827718770938134e+00 -1.673368600494794478e+01 1.700616146792610905e+01 -6.178100905732300419e+00 6.048076100307626213e+00 -1.816321976998702903e+00 -1.215078676466163010e+01 2.177492076102275576e+01 1.540165332076197657e+00 2.782432737250307753e+01 -7.757084626646754799e+00 -1.082762443578059575e+01 1.500021234209597587e+01 -1.462782220404734090e+01 2.043361508638517776e+01 1.701575792311272650e+01 -1.458715072870966800e+01 -1.960314312916703772e+00 7.094642994975261630e+00 1.895931469215703657e+01 8.402356411392645441e+00 1.214753118347115546e+01 -2.769441856656110801e+01 -6.435422792144090742e+00 -9.166519260796540891e+00 9.130766794196935265e+00 -1.099840261249484996e+01 -2.291584179811514943e+01 8.151135308504835919e+00 2.585008275083735185e+01 -2.900003597968513702e+01 8.437553420556486827e+00 -1.232918465925822105e+01 1.492131126834382648e+00 3.544997800669717147e+00 -5.617116250345611128e+00 3.241445117716915902e+00 -3.075385886711472239e+01 -8.392128308868016973e+00 -1.715700077208373031e+01 1.225369493087761796e+01 1.555089937731031746e+01 -1.515668701061240142e+01
-2.880919103134394477e-01 1.917935583768121816e-02 -6.314230984425702742e-01 4.803212072514868591e-01 -3.395818785475002155e-01 4.691033379428015404e-02 -5.768174014405260674e-01 1.940540805804332747e-01 5.236042852313673723e-01 -9.667249682586707971e-02 6.832648886946877109e-01 -3.265949531254873639e-01 2.331275530106904359e-01 6.781954889053269653e-02 1.306055738706393687e-01 4.378383316986418916e-01 5.298727892694258257e-01 2.628735555137176050e-01 9.221602552540407727e-01 1.168970825217617929e-02 -4.012021405834730881e-01 -5.310924212765506108e-02 -1.948085126603350814e-01 -5.000320047439964222e-02 5.259755667702963322e-01 -9.168582964706768756e-02 -6.697527171527926093e-01 7.892442595711786357e-02 -2.664646286847776602e-01 -4.413469100819239488e-01 -6.457272889900618484e-02 -1.228403858171578794e-01 1.310805166799221544e-01 5.565278141045344462e-01 -1.116405471570079133e-01 -2.527654262125401119e-01 -8.118118453634497467e-01 -2.518901998964681033e-01 -4.315051331159059922e-01 8.051389248088668404e-01 2.348427178258850612e-01 -1.236985174710918844e+00 3.086489413510579150e-01 -4.037128637683207177e-02 -2.113642214384233997e-01 -2.290120563748638538e-01 1.073004850259021259e+00 -2.842911037626701942e-01 4.499494047279167797e-01 -6.561074458154945166e-01 2.685858818862246200e-01 -4.231042626161778397e-01 -3.708005895812841457e-01 2.197253171413306172e-01 1.069413721412628471e+00 -2.642916128159158301e-02 -7.480180288233731489e-02 -9.995382003126551673e-03 -7.221285123780695203e-01 4.804984289912007100e-01 3.900822627873945839e-04 5.213449570556301094e-01 5.518697273478562204e-01 -1.963870635056916003e-01 -5.385427611996448372e-01 5.105690639229376604e-01 -3.782203085068093495e-02 2.796137248687964871e-01 6.418944133640986927e-01 -6.227025490363043148e-02 -9.914347205037973287e-01 -6.190731466093326793e-03 1.923654098874353346e-01 6.237850886768004921e-01 5.153948109595735821e-02 6.937607997049770603e-01 4.737094693864751099e-02 2.179939219069444989e-01 3.838675658553450387e-01 -2.931576492874592987e-01 -4.257815288572097678e-01 -5.146701114650632791e-02 1.144381260520501931e+00 4.062563076099454662e-01 -7.591381629830040723e-02 2.740526418231748473e-01 -1.991479017700609894e-02 -6.916618729201748708e-03 5.724370128030671356e-01 2.894601029003481818e-01 2.046418617270429896e-01 6.360893054064699070e-01 5.315202090140259683e-01 -9.737338936224856356e-01 -2.259412495627268203e-01 8.633456202698663873e-01 -3.549897867432441623e-01 7.240635431109690989e-01 -1.000568007612573640e-01 -3.529472123387836224e-01
-3.177768039007925482e-01 -2.479807017792911780e-03 -6.453508862327128615e-01 4.921415286803806910e-01 -3.196712505663240611e-01 2.934253134154448869e-02 -5.608660985020317291e-01 1.904479330729250963e-01 5.006050664451825449e-01 -1.291116527155031501e-01 6.746123291482165607e-01 -3.268410788383528387e-01 2.274597175608849553e-01 6.907270813229056394e-02 1.321514041063668043e-01 4.657745936900430372e-01 4.749061044726803349e-01 2.498195120634251198e-01 8.829806220456523080e-01 3.083708488347482526e-02 -3.933177021485088631e-01 -5.813797975949005353e-02 -1.706101822355874653e-01 -4.844137803661999198e-02 5.093252769291487514e-01 -8.624030218131743808e-02 -6.226244163045070446e-01 1.156297280993280746e-01 -2.813646969422370359e-01 -4.203869379557328423e-01 -6.588612836373741732e-02 -1.250209302010955037e-01 1.298139466345460125e-01 5.885044555724302517e-01 -1.106338671750895924e-01 -2.000486208981293590e-01 -8.345753331245757689e-01 -2.540946989534419442e-01 -4.145748868426958333e-01 7.872566107796499235e-01 2.156763570172681721e-01 -1.227744543804103028e+00 3.216786317635622616e-01 -5.375370292041613957e-02 -2.114724838166404108e-01 -2.536550271344052976e-01 1.098552826029909335e+00 -3.096565105220705494e-01 4.728108527634792280e-01 -6.692526220347213561e-01 2.161739744998262824e-01 -4.955136185586238584e-01 -3.617079083286298125e-01 2.294813078919473170e-01 1.098103243314966893e+00 -5.526508188125120458e-02 -9.413733229832481342e-02 -3.189341696630118572e-02 -7.453325515895049547e-01 5.101389093071357905e-01 -3.533807944560610897e-02 5.244634979528836061e-01 5.657361692832149069e-01 -1.760361068445097099e-01 -5.483250078610197864e-01 5.160337006241589863e-01 9.319852955890500432e-03 3.001887514045986638e-01 6.206909501530180062e-01 -7.010485211667163985e-02 -1.021448803592292620e+00 2.813507211287397808e-02 2.074939529669781457e-01 5.721420735725585294e-01 4.061414042867940444e-02 7.021489474094873007e-01 4.036229021157512059e-02 2.147506623142931836e-01 3.881169382011356306e-01 -2.939099661045166401e-01 -4.182496734751615652e-01 -6.086701666824215207e-02 1.179975829414733335e+00 4.339729798535403860e-01 -7.849546503163862265e-02 2.951310375742803305e-01 1.862081679307532600e-02 -5.401592888418434157e-02 6.122444969875546761e-01 2.833753907380192616e-01 2.111181729914194116e-01 6.347526908224797593e-01 5.196937311313822860e-01 -9.832947361131223474e-01 -2.383565740637215158e-01 8.427670636763360257e-01 -3.715104182008075462e-01 7.284084682823290802e-01 -1.144764246442784850e-01 -3.825083961784139786e-01
-3.179005470783098919e-01 -2.749434964713001143e-03 -6.455592245440177068e-01 4.921404313867389080e-01 -3.197210979961488952e-01 2.894779991594683202e-02 -5.607772823431267373e-01 1.904152773369440221e-01 5.001705956695949862e-01 -1.295371965066543785e-01 6.748482508785238476e-01 -3.269757430421241229e-01 2.272527562884033847e-01 6.939349786125170727e-02 1.320899353452968661e-01 4.661275906564954497e-01 4.744999485575324694e-01 2.497443158778856476e-01 8.828669294010235147e-01 3.089759000132289227e-02 -3.935681317476723562e-01 -5.814920734543466835e-02 -1.703896732211937770e-01 -4.892338752757052767e-02 5.092020270976780338e-01 -8.613729619818812078e-02 -6.222848477686347968e-01 1.160485731181169211e-01 -2.816673658367350175e-01 -4.202911022995000634e-01 -6.632544744469537346e-02 -1.250281161842904387e-01 1.300036739469542790e-01 5.888014728457382496e-01 -1.106139560685322487e-01 -1.998256985734092050e-01 -8.349292045902474424e-01 -2.541276557468356567e-01 -4.145961440900384765e-01 7.872282846264382350e-01 2.157345576330487458e-01 -1.227974524536363354e+00 3.218270191527825008e-01 -5.402430925247590776e-02 -2.115118767411605094e-01 -2.537319162757719071e-01 1.098710312404178602e+00 -3.100613275750846998e-01 4.733216832618252767e-01 -6.694631774814323588e-01 2.157896271419436907e-01 -4.958838203356118468e-01 -3.618260918164769024e-01 2.298950887735291548e-01 1.098605750241753443e+00 -5.557975379835044388e-02 -9.437786091495682650e-02 -3.221604743760832917e-02 -7.455959159745912945e-01 5.101593950453113813e-01 -3.570454279800994862e-02 5.246475891461223062e-01 5.657004618159676701e-01 -1.757927289447417940e-01 -5.488814511123135675e-01 5.160772682862474481e-01 9.540572196997297583e-03 3.002570150060220877e-01 6.206148512846202392e-01 -7.048237225007543405e-02 -1.021784441481219607e+00 2.811166228908195189e-02 2.073632927281856275e-01 5.717585240858820139e-01 4.038126815289488913e-02 7.020643527434161646e-01 3.993461802172650760e-02 2.148738962979806766e-01 3.884320271727231266e-01 -2.938686928628401751e-01 -4.179122440510916747e-01 -6.089511856567342285e-02 1.180321681329669081e+00 4.342557801466457867e-01 -7.862221706196059756e-02 2.954070230718612855e-01 1.883046235280173841e-02 -5.422933942071891944e-02 6.127091264866938447e-01 2.834612264850810970e-01 2.112356317620867896e-01 6.348172122872631773e-01 5.195212229647484525e-01 -9.836677514371455766e-01 -2.383720827473133630e-01 8.428908014117020286e-01 -3.717287831198644588e-01 7.285511736478379463e-01 -1.147437927038399974e-01 -3.828165864035100729e-01
-2.880000103050531224e-01 1.964099859654569805e-02 -6.310386675274406443e-01 4.803963710596718117e-01 -3.393696857966274627e-01 4.770460189162870068e-02 -5.769409078298987081e-01 1.940870370542825130e-01 5.244574406736128847e-01 -9.592700092937737899e-02 6.827027468659349063e-01 -3.263121839713527539e-01 2.335787268120936844e-01 6.712965867115562590e-02 1.307700058843862811e-01 4.372214539720145066e-01 5.303849352642321380e-01 2.629726331679467233e-01 9.221508776430018539e-01 1.167812149835012470e-02 -4.005859618128125854e-01 -5.308761481106420016e-02 -1.951305460784896750e-01 -4.890848898212370871e-02 5.261089350907031115e-01 -9.187491829482830052e-02 -6.702071839154262189e-01 7.821935998151677283e-02 -2.658975844627526897e-01 -4.414149591974879105e-01 -6.359708620824840175e-02 -1.228309668280718747e-01 1.306213762975647341e-01 5.560661740494219352e-01 -1.116751511235679756e-01 -2.529222758999207787e-01 -8.111835689748934097e-01 -2.518537460110638615e-01 -4.313473329358933905e-01 8.050855660911958589e-01 2.345900498987849303e-01 -1.236403989816414750e+00 3.084398808560888661e-01 -3.983890759022040012e-02 -2.112708883920063896e-01 -2.289835892288721586e-01 1.072827353205539458e+00 -2.835530694462752854e-01 4.489437450935759855e-01 -6.557091426822080349e-01 2.691315325689619398e-01 -4.227300201725541218e-01 -3.704743670955638057e-01 2.188494694435065280e-01 1.068482260948512064e+00 -2.590892213696576948e-02 -7.437726736533001315e-02 -9.401076552316924365e-03 -7.217078107663658093e-01 4.806579950001860224e-01 9.518331550574208070e-04 5.209855596061800931e-01 5.520380475284502042e-01 -1.968106884402675560e-01 -5.373412028188802037e-01 5.104896260081728254e-01 -3.802303253356739687e-02 2.795804816500580547e-01 6.419137535875788503e-01 -6.147498482103188472e-02 -9.908311989400692132e-01 -5.908424535565001863e-03 1.927337025825534289e-01 6.243242936646524743e-01 5.201499830396851681e-02 6.939816693344466048e-01 4.826082455860686987e-02 2.176770041983106252e-01 3.831754496836573542e-01 -2.932546573432874837e-01 -4.264712240207231830e-01 -5.146186511792988361e-02 1.143880095505557248e+00 4.058205050826928506e-01 -7.564737210256515521e-02 2.735521076952269759e-01 -2.012835851878934726e-02 -6.755434019971359033e-03 5.716506078921296252e-01 2.892342171198843959e-01 2.044057429561360051e-01 6.359404578666577601e-01 5.318296780422161474e-01 -9.729418441869349676e-01 -2.259913650537117014e-01 8.629049217087318979e-01 -3.546078801668361424e-01 7.238069280415558859e-01 -9.955494557736561945e-02 -3.524681854951287052e-01
-8.124719878429321085e+00 -2.710251869462079632e+00 -3.308280986032868576e+00 4.032470220608830758e+00 6.755217311215247378e+00 3.662140567535453695e+00 4.145090632732201463e+00 -4.421406293908787255e+00 -6.246399176821067378e+00 -1.705152652711245720e+00 -2.732966677848898129e+00 -1.424770738847097595e+00 -3.876401849950345646e+00 -3.479521282115943581e+00 1.626623634334712076e-01 6.370598231948816803e+00 -1.013612647249432186e+01 -7.564142624490157729e+00 -1.177024096094498873e+01 6.083338551460361288e+00 3.874695196844043732e+00 -5.057378007115670426e-01 3.711114349056200634e+00 4.577435198585100729e+00 -5.808200100303601232e+00 -2.129207534369411903e+00 8.080792354929071664e+00 4.019819874228570455e+00 -5.687663539921259392e-01 -6.386570251865258951e-01 3.256241394452846549e+00 -3.819322599599166979e-01 -3.071281030618160379e+00 9.955746166963670873e+00 -2.807656144029298528e-01 1.109650687338971764e+01 -3.732111950208041318e+00 -1.050512007260127278e+00 1.038891580229576128e+01 -6.146893298219745283e+00 -6.967059457901235930e+00 7.396272334353238165e+00 -3.455354816702119969e+00 3.051073518277176877e+00 1.199740836702517299e+00 -7.271941186721742945e+00 4.772353525628167503e+00 -2.615545231829197181e+00 2.782954314352566350e+00 5.339359545859648781e-01 -8.647119567245891147e+00 -1.595979648038223964e+01 2.754811416236880195e+00 -5.657250635826949203e-01 4.208788503571335049e+00 -5.602170626769528816e+00 -1.278504672287894550e+00 -4.742413687395485411e+00 -6.179294295706657891e+00 1.033883485095118182e+01 -5.156382032833911389e+00 8.777096949356587574e-01 3.888460019885995322e+00 -2.474705364991494072e+00 7.011907768775657246e+00 -4.556645251118985329e-01 1.329294713746857148e+01 1.123474312699537903e+00 -4.013183252478722096e+00 3.347055522622757184e+00 -4.678432661883627830e+00 1.002429796157634456e+01 6.935309370311800947e+00 -9.000245203067223088e+00 -1.410970007690361960e+00 4.978558581661564730e+00 6.749208037161807283e+00 2.182102089869502493e+00 1.340568420757292545e+00 -5.002040199383015917e+00 -4.224570549304034195e+00 -4.085489150821516979e+00 7.879820314778585022e+00 -4.235259426603735777e-01 -5.101063154587071047e+00 1.532124788968281248e-01 1.030578415844883367e+01 -1.205386625242754839e+01 8.879512992120996984e+00 -4.848140477006902316e+00 1.614328783772196241e+00 8.104661565808365942e-02 -2.511692885889458715e+00 -4.079773971428551221e-02 -1.057031652525259524e+01 -7.324403361598018414e+00 -6.645329336778203810e+00 3.326484718130658269e+00 2.154357655385728432e+00 -7.437837152369800364e+00
-1.303973130595756658e+01 -7.564117595309549635e+00 3.780064874432417010e+00 -1.725874455251215966e+00 1.805427209180101045e+01 3.804612538132131849e+00 5.925724901045719584e+00 -2.478804664350512965e+01 -1.469301110415137934e+01 2.414625495763896568e-01 8.376446685718729412e+00 -1.518445507614435419e+00 -2.556057972012911605e+01 -4.673890180439540382e-02 -3.266645772394389358e+00 1.902613033550652588e+01 -2.614465562795450282e+01 -2.360289411023374129e+01 -2.214237982810388417e+01 1.572523558662037857e+01 9.248521297615926784e+00 9.516688138315387846e+00 3.879025474979993060e+00 5.715963383931966568e+00 -2.565848843603512108e+01 -6.003021145320813545e+00 2.303559493221152721e+01 9.244322123621314669e-01 1.795729371852849532e+00 -1.371533217463037424e+01 7.241962321605894815e+00 -8.013650260542069859e+00 -9.858966404854129451e+00 3.339623262789169900e+01 -9.799721224824606836e+00 1.992163772739711902e+01 -3.164076168002505351e+00 -5.221185841547517192e+00 2.870785567292722007e+01 -2.266523167394703364e+01 -4.733920642551024294e+00 2.272030873984886767e+01 -4.754337512397632359e+00 1.548836948291462257e+01 4.988506994621386248e+00 -1.818838456708778395e+01 -1.581610155587240829e+00 -1.039622096127388140e+01 2.060545843616128536e+01 -3.588285229164178691e+00 -2.122791663617830338e+01 -2.530275281716015456e+01 5.846991617980463296e+00 -1.379989711554966192e+01 1.390808993130356441e+01 -2.166887690542118250e+01 -1.082876718845057695e+01 -4.851593123160066412e+00 -1.672619265738058658e+01 1.687914501076462770e+01 -6.085364281878808512e+00 5.986504394307292642e+00 -2.043967140390825943e+00 -1.222505659348920837e+01 2.187709663395979831e+01 1.664923781032934480e+00 2.793706116820181506e+01 -7.761109183284728097e+00 -1.090560595416417478e+01 1.525818762550385799e+01 -1.491867928008260158e+01 2.041783798784189585e+01 1.714002442871991505e+01 -1.455589811610603590e+01 -1.954688580910621143e+00 7.075187794472575398e+00 1.903967193500294641e+01 8.403412183665338375e+00 1.242331588470115555e+01 -2.804896729546990031e+01 -6.426128792616821350e+00 -9.100791530115214911e+00 8.941384609455040433e+00 -1.115706913367260888e+01 -2.322492717307067167e+01 8.497875660381042806e+00 2.600512445403845163e+01 -2.918112707257063576e+01 8.281099645334821346e+00 -1.233574264907211138e+01 1.641029397700149994e+00 3.670793583659984538e+00 -5.675572612125879601e+00 3.297909418235309698e+00 -3.093333004607152859e+01 -8.277432114826204668e+00 -1.727340966714057657e+01 1.231725667792814960e+01 1.574459614182607048e+01 -1.517784577830599346e+01
-3.287628104481594149e-01 -1.006020100258928074e-02 -6.501230648946983992e-01 4.966150602512794388e-01 -3.119514987169185183e-01 2.365439572406243668e-02 -5.549736082191367714e-01 1.891494902579138604e-01 4.928356701505796078e-01 -1.403661416857406308e-01 6.707317001883763563e-01 -3.266106510966070853e-01 2.257362048390950671e-01 6.871574377526071253e-02 1.328455848575628706e-01 4.755520215605407164e-01 4.550704980797968258e-01 2.449789121478501974e-01 8.683232135018790210e-01 3.794081401187102132e-02 -3.897115951653089549e-01 -6.005866105841763808e-02 -1.619706640748650450e-01 -4.667601850410468128e-02 5.033247234439623963e-01 -8.444365014946665637e-02 -6.055757407560214967e-01 1.285352879271134119e-01 -2.862666816407333781e-01 -4.127404981826592878e-01 -6.534074505694922874e-02 -1.258021475499457864e-01 1.289141136281313493e-01 5.999320673237482637e-01 -1.102952495218967183e-01 -1.806087767216019435e-01 -8.423111991143816812e-01 -2.548184111029283549e-01 -4.080469582390450767e-01 7.805014118273595480e-01 2.082125762976999583e-01 -1.223610563807284501e+00 3.261312966066079455e-01 -5.814509498469319637e-02 -2.113985210680719429e-01 -2.628229035383548573e-01 1.107802321914764798e+00 -3.182606373123236243e-01 4.802480269565278514e-01 -6.736717471573301363e-01 1.972102770328592880e-01 -5.220944374277980415e-01 -3.579834675450271342e-01 2.322102758276161361e-01 1.107743155766455434e+00 -6.543760933542799862e-02 -1.008997503782640137e-01 -3.947272346287430955e-02 -7.534542492346342213e-01 5.213272478661915565e-01 -4.798513339814612644e-02 5.251616356790381746e-01 5.710689987072781193e-01 -1.689490384300300074e-01 -5.506662233721676403e-01 5.179962573371514889e-01 2.671341546130144920e-02 3.077886130591999114e-01 6.128516234540222207e-01 -7.214293376015164239e-02 -1.032028260309349799e+00 4.119440009572393480e-02 2.135896080712246792e-01 5.534668951498026290e-01 3.698287442146799830e-02 7.055492951642916566e-01 3.878453666226058111e-02 2.132884103296457112e-01 3.890104278764986434e-01 -2.943083441507867160e-01 -4.162467264812523826e-01 -6.440238631792870316e-02 1.192586975488874046e+00 4.437164095731488400e-01 -7.924218504073965441e-02 3.024242450449707298e-01 3.276815544270210434e-02 -7.136920609493749290e-02 6.262425006423203433e-01 2.808568532374600135e-01 2.133135857081591424e-01 6.340771721362333802e-01 5.155760732534573343e-01 -9.860266738491925143e-01 -2.430770027112569009e-01 8.346770019922927775e-01 -3.773040950299050844e-01 7.296742981030351904e-01 -1.192662912014484100e-01 -3.929700779473362937e-01
-2.898275777633284034e-01 1.791555918334516648e-02 -6.322207749114506781e-01 4.810301300501399480e-01 -3.384037967792716262e-01 4.592118081475585895e-02 -5.759196023513358798e-01 1.938411083744645269e-01 5.223620560733310825e-01 -9.855635047756651501e-02 6.827203210869080552e-01 -3.265852209285833307e-01 2.328524159710383401e-01 6.786480520286135298e-02 1.307377106217903207e-01 4.394329631034969985e-01 5.266363056713943003e-01 2.621438749822760927e-01 9.198531908211308172e-01 1.283014909779611572e-02 -4.006828013108892916e-01 -5.338881806293525878e-02 -1.933881985756605026e-01 -4.980230956638608680e-02 5.249914577454971587e-01 -9.136045421784468046e-02 -6.669848828368710736e-01 8.103320279133235937e-02 -2.672995620537592099e-01 -4.400802396761114843e-01 -6.456301550664761413e-02 -1.229725337165890331e-01 1.309405304307365847e-01 5.583784199737095166e-01 -1.116068104764359054e-01 -2.496492642459074429e-01 -8.131324253245739708e-01 -2.520473494682045623e-01 -4.305123027534567548e-01 8.040888878799251627e-01 2.337144012742732035e-01 -1.236422316849500547e+00 3.094682271753078640e-01 -4.112525463997709907e-02 -2.113694022355589730e-01 -2.304706721332232811e-01 1.074535097696580621e+00 -2.857412111950516920e-01 4.512127104791113785e-01 -6.568858183872574585e-01 2.655200405759111648e-01 -4.273585108297410784e-01 -3.702189728000021551e-01 2.202084056529286515e-01 1.071073369160118638e+00 -2.808685992075133156e-02 -7.591553131823740308e-02 -1.120382906590539594e-02 -7.234881254277887308e-01 4.822734315725211163e-01 -1.665727490640616986e-03 5.215259521194740566e-01 5.527324970299193341e-01 -1.951893656043652558e-01 -5.390404222578509819e-01 5.108886653017900015e-01 -3.504835759218872387e-02 2.808382410910302274e-01 6.406219273647222323e-01 -6.268077957150249013e-02 -9.931614167896747336e-01 -4.093513075241053852e-03 1.932827668807197974e-01 6.207719056869174246e-01 5.096687701398465442e-02 6.942619337956993375e-01 4.700265446709651213e-02 2.177509151705972479e-01 3.840397616980719686e-01 -2.932017208740239633e-01 -4.253724178435062120e-01 -5.200917250420700189e-02 1.146497339742415633e+00 4.079023210376213071e-01 -7.600402872591259518e-02 2.752785036574534328e-01 -1.764093410984465121e-02 -9.701162271420985667e-03 5.747249214525093075e-01 2.890950269956197305e-01 2.049883340813375421e-01 6.359977318804337365e-01 5.308658558248771087e-01 -9.742240885125228456e-01 -2.266544325939668647e-01 8.620754691270461345e-01 -3.559082028054830760e-01 7.243268651689015458e-01 -1.008724533451534622e-01 -3.546709707764670871e-01
-9.884696206227191695e+00 -3.678126098531802946e+00 -3.899979516743750985e+00 4.637261632128478972e+00 8.795525683760493152e+00 5.121366697569065707e+00 4.947729627799618335e+00 -7.771196348040819935e+00 -9.132201577755482802e+00 -1.479760120898110376e+00 -2.392540179042597526e+00 -2.124175640985979108e+00 -7.222364514561052218e+00 -3.143447706626137705e+00 2.876993006515558143e-02 8.317816115050238324e+00 -1.333241966296938230e+01 -1.107223690326107146e+01 -1.575290563543682509e+01 8.388481877074918103e+00 4.555154068571031445e+00 6.495615214778562851e-01 3.945677175700471384e+00 5.253457495199396199e+00 -9.541531647213579603e+00 -3.293332108713763251e+00 1.049036981370852928e+01 3.646160066746975570e+00 -2.292323615424382288e-01 -2.657944489517293007e+00 3.924897364207841299e+00 -1.160598511160535473e+00 -4.786510857998550250e+00 1.400515373834663713e+01 -1.466685492244541367e+00 1.335342468365859681e+01 -4.493120730761869019e+00 -2.056166667195085562e+00 1.495340238819015255e+01 -9.003070175661223473e+00 -7.841196330191593233e+00 1.085762440722172073e+01 -4.871734072755899980e+00 5.361344222615799460e+00 1.958627062329694413e+00 -9.851843680185970342e+00 4.913626237459864932e+00 -3.343127131783459216e+00 4.680901444782803900e+00 6.728859889470092392e-01 -1.076481886705736457e+01 -1.937972832198263262e+01 3.921992062871066054e+00 -1.567434675680644540e+00 5.994251685219506243e+00 -7.633733956169844070e+00 -1.851284985383965243e+00 -5.531888003374056950e+00 -8.949131463645695561e+00 1.346145359736079428e+01 -6.484903149624730467e+00 2.291436011716985632e+00 4.160468899844102175e+00 -4.538088089642227096e+00 1.072678512984983357e+01 -1.193439807697330490e+00 1.743392722886685675e+01 -7.837919587356593221e-01 -5.520413399066337767e+00 4.804600202680072485e+00 -5.408473617073412676e+00 1.332970003520091140e+01 8.848390064720501158e+00 -1.130303554201294247e+01 -1.365305653056763546e+00 5.933070845116601433e+00 9.784082427669824611e+00 3.637802476990960265e+00 2.549853010297286726e+00 -8.417931196944286043e+00 -5.291811777309371578e+00 -5.770381531125086561e+00 1.018690722561826334e+01 -2.229282167383260571e+00 -7.959020612297766029e+00 -5.375371706245077874e-01 1.366076481636463136e+01 -1.587282067569149113e+01 1.081919228559826429e+01 -7.220419909903290190e+00 1.262860305861294385e+00 2.728866636931086553e-01 -3.330627943370904731e+00 4.398995518978447428e-01 -1.539042930107776463e+01 -9.393029745640422590e+00 -9.115686485153839058e+00 5.317235933978005313e+00 4.300334986938463722e+00 -9.686461499156699517e+00
-7.808954894133968594e+00 -2.575726856080397642e+00 -3.172492025540248228e+00 3.900403291877042378e+00 6.433576606503615736e+00 3.392764579077127696e+00 3.984413540468647152e+00 -3.982496397467823357e+00 -5.806691359378813644e+00 -1.730890460287304977e+00 -2.713950521234122615e+00 -1.299152556671280712e+00 -3.446416139082081997e+00 -3.453245984281107628e+00 1.833726041227335957e-01 6.057198885348727302e+00 -9.644042040271841643e+00 -7.039533051408779052e+00 -1.112555866139745753e+01 5.735996575695759603e+00 3.740677242670453762e+00 -6.193576356991645770e-01 3.626455863842161342e+00 4.435647488217163037e+00 -5.298409713532659104e+00 -1.952860542332714999e+00 7.708184001709443400e+00 4.015343346690919191e+00 -6.084376806246984959e-01 -4.022150293182413794e-01 3.147848548195181451e+00 -3.067909870795661464e-01 -2.824862601296232789e+00 9.370976566945317998e+00 -1.527332501709919577e-01 1.068045352264346448e+01 -3.594028489141501748e+00 -9.198903091966391665e-01 9.695231324713125431e+00 -5.742626704746122357e+00 -6.732243606806703973e+00 6.878721018782869123e+00 -3.191362182946286374e+00 2.723420689717358290e+00 1.093947647665731049e+00 -6.897859035447842402e+00 4.692584178097132686e+00 -2.516943398727739645e+00 2.555159630946560956e+00 4.731763526148213828e-01 -8.315535752923537416e+00 -1.536131802267237312e+01 2.586985616614815076e+00 -4.690857968450756754e-01 3.974012186629766852e+00 -5.313401106461631329e+00 -1.238068348935690510e+00 -4.565573409393087090e+00 -5.789976237700355632e+00 9.836282419440584235e+00 -4.932047988274439909e+00 7.114687616141696092e-01 3.805266966846920340e+00 -2.186449899715235734e+00 6.465955476111800770e+00 -3.364794130947441064e-01 1.262519678842561355e+01 1.345063288830114834e+00 -3.785727245714948452e+00 3.133825553358277283e+00 -4.568451416485227234e+00 9.510110289075431211e+00 6.628527545159415446e+00 -8.606896298253801092e+00 -1.401146718774805677e+00 4.799700257751926102e+00 6.293550812763638369e+00 1.971207806900956649e+00 1.183711425200634659e+00 -4.556237258686998359e+00 -4.029657652273536783e+00 -3.841149977252113601e+00 7.498168854297354358e+00 -1.860984374540190778e-01 -4.683121890153572053e+00 2.748584767852469413e-01 9.781217125255132316e+00 -1.146160578389529228e+01 8.511620170498943594e+00 -4.488938580010164436e+00 1.612547031507195250e+00 5.919484635572042075e-02 -2.363405535240355793e+00 -1.019293059024245079e-01 -9.845107316202103220e+00 -6.951527571812978756e+00 -6.260048570193293749e+00 3.056030392411749563e+00 1.872939192289617250e+00 -7.069321036227491639e+00
-1.322880685300212811e+01 -7.728584306734092912e+00 6.383572266871587075e+00 -4.087820962858613072e+00 1.962719316834929373e+01 3.361027740927579277e+00 5.568758126339774961e+00 -2.687875700557178860e+01 -1.389622637865917731e+01 6.884376816668602572e-01 1.053666116481600667e+01 -1.790509742630953971e+00 -2.842841867052667482e+01 -3.470941624316221108e-01 -4.255400876658178788e+00 2.188266049035992467e+01 -2.835359214376438075e+01 -2.554543333685929696e+01 -2.098999606853687183e+01 1.657572124015388226e+01 1.054266177580218056e+01 1.107706536966662370e+01 4.746846107912665147e+00 5.598684125759329611e+00 -2.773907011190475203e+01 -6.140208427860301299e+00 2.503089300021080632e+01 1.249509619686922424e+00 2.360314420137719971e+00 -1.467135789866635065e+01 7.983723118759199266e+00 -9.248932632606184256e+00 -1.023146569404052642e+01 3.631145191570963959e+01 -1.154434676145687710e+01 2.175021668180014700e+01 -2.541223801252869841e+00 -4.823040947056759009e+00 3.017078761969241540e+01 -2.430284118561799644e+01 -4.598409608501368595e+00 2.336039136072141176e+01 -4.254337777068260884e+00 1.764173814299875431e+01 5.262399167275867207e+00 -1.827578125128548692e+01 -3.080246045028199209e+00 -1.204619034891964624e+01 2.400489791093000491e+01 -4.454948916275205839e+00 -2.306151371557042751e+01 -2.500037484422278311e+01 5.558184402614147146e+00 -1.662758466444545746e+01 1.495081640031765424e+01 -2.422352164335188007e+01 -1.208092931138494031e+01 -4.504397185266073578e+00 -1.642075487875834483e+01 1.551027284405090967e+01 -5.173642446517956017e+00 5.181953567585193099e+00 -4.260564011126964701e+00 -1.280328552462161085e+01 2.271279002572388350e+01 2.805472434921207903e+00 2.892505968589092191e+01 -7.545979784019073655e+00 -1.160301935260953243e+01 1.767224520171694380e+01 -1.770458592348066418e+01 2.008463306477445798e+01 1.815682896165558802e+01 -1.416512449257016648e+01 -1.796806354628079916e+00 6.837070300148833546e+00 1.965716189984595985e+01 8.213903352418935100e+00 1.510296434592867243e+01 -3.121395295163354788e+01 -6.334347702544819825e+00 -8.305072725883608342e+00 7.053125578419574992e+00 -1.261720032181251838e+01 -2.605990757294351567e+01 1.179658159582607091e+01 2.724830755046160036e+01 -3.074456236679720789e+01 6.800656464950334268e+00 -1.231395610252528705e+01 3.208485781685395111e+00 4.907714221017307032e+00 -6.264300670585474684e+00 3.821307369070358728e+00 -3.244013405206219147e+01 -7.226644116225189762e+00 -1.831935695559831245e+01 1.281321207431402875e+01 1.748206184761952642e+01 -1.518758103905304857e+01
-5.505527857508100142e-01 -1.489924041542062816e-01 -7.360417230888496309e-01 5.889731782003401195e-01 -1.463756849181961084e-01 -6.412413385819078215e-02 -4.335725093445029210e-01 1.618986373671412182e-01 3.516992205414214423e-01 -3.428641106093339164e-01 5.744791891333966838e-01 -3.155190479100298817e-01 1.981157442269477209e-01 3.648780185303455298e-02 1.494919190286420341e-01 6.562155337313719805e-01 7.112082457032214977e-02 1.435836887162856845e-01 5.688352519383558237e-01 1.821871062021070131e-01 -3.000599054108823993e-01 -1.009225032119501070e-01 4.065797228757747454e-03 1.846287859230393014e-02 3.870745422007649261e-01 -5.684340083540905669e-02 -2.757699119091259754e-01 3.703196799812479290e-01 -3.684524813938155896e-01 -2.658322969660175672e-01 -2.730669503973976592e-02 -1.384721531326988109e-01 1.007564509819552367e-01 8.205822028738433138e-01 -1.006917768927073908e-01 2.053088381415157093e-01 -9.804583191849338686e-01 -2.647976281028859846e-01 -2.650733635280538292e-01 6.382423714598952635e-01 4.681265164051157807e-02 -1.118441680712789488e+00 3.995316535437065664e-01 -1.290887294114891892e-01 -2.055408812575770794e-01 -4.482033128188152027e-01 1.284592229797199003e+00 -4.699879924321402336e-01 6.017182229976836272e-01 -7.454808709972809977e-01 -1.694926308761654787e-01 -1.047777404157618664e+00 -2.761975527349602721e-01 2.660340664145550704e-01 1.273467568416410733e+00 -2.571622474573077022e-01 -2.229274692314833495e-01 -1.810322697293797745e-01 -9.029590744987707751e-01 7.528164805286958750e-01 -2.827072582590646199e-01 5.268416565750299041e-01 6.817553113275088839e-01 -4.428482011942336954e-02 -5.610186602212227092e-01 5.529990218075584441e-01 3.750630665022618992e-01 4.590788098986266497e-01 4.566647753367605866e-01 -8.942683124655496918e-02 -1.227754310870682763e+00 3.084124238449156841e-01 3.497113331436342287e-01 1.923876744382888582e-01 -2.879318345123114270e-02 7.818920698368777567e-01 3.651107773498531855e-02 1.812645460970462030e-01 3.917146386890570930e-01 -3.070791094610163530e-01 -3.985219320438153079e-01 -1.387262486564426467e-01 1.426383311861759928e+00 6.201394919335078137e-01 -9.329050095737988213e-02 4.335941072376103822e-01 3.133642175602120994e-01 -4.177709693225001297e-01 8.890161528322558793e-01 2.224655928927406490e-01 2.544608845108521922e-01 6.142316604545591252e-01 4.376687995948201348e-01 -1.019029865718606542e+00 -3.466431332147646427e-01 6.581073613976201608e-01 -4.897446106689680168e-01 7.488445253708503335e-01 -1.999666821809954476e-01 -5.926491865637806278e-01
-2.938752179019880617e-01 1.498419747736356826e-02 -6.340772459968182506e-01 4.826406897051490064e-01 -3.356457777908452567e-01 4.357808407987424915e-02 -5.737494720349692878e-01 1.933659043775964592e-01 5.193559040456869891e-01 -1.029428875788545583e-01 6.814520605736618108e-01 -3.265386882467535279e-01 2.321225740568973461e-01 6.796174957144385242e-02 1.309801378786712156e-01 4.431889141336449178e-01 5.191562503441837784e-01 2.604071154449705272e-01 9.144747640180147519e-01 1.544926194928776877e-02 -3.995299054950240403e-01 -5.406204977133450412e-02 -1.901280548585465302e-01 -4.944220138291680056e-02 5.227254258027930200e-01 -9.061884054525094767e-02 -6.605783312836366328e-01 8.599792920147281139e-02 -2.692634905316564908e-01 -4.371834270873039552e-01 -6.461373855803484445e-02 -1.232846780975641321e-01 1.307229857066124767e-01 5.626725895042307135e-01 -1.115105687390526151e-01 -2.424381554265990224e-01 -8.161842358825346366e-01 -2.522970859336424176e-01 -4.281999488707232682e-01 8.016166810237950191e-01 2.310668630751993580e-01 -1.235074821292042824e+00 3.112587415508248356e-01 -4.291981861535758974e-02 -2.113647413266015462e-01 -2.338351578326557656e-01 1.078002776742633229e+00 -2.891376866928386802e-01 4.542175557603800318e-01 -6.586529471759834387e-01 2.583673911518617472e-01 -4.372563244757170509e-01 -3.689419426858969175e-01 2.214345506251305662e-01 1.074915850756377633e+00 -3.196349412177897087e-02 -7.851567742324093435e-02 -1.411338972979497841e-02 -7.265993104871636410e-01 4.863468990618395327e-01 -6.527693321676041917e-03 5.219084194984646707e-01 5.546538067529680482e-01 -1.924254009858011316e-01 -5.402430304368249780e-01 5.116519121688946070e-01 -2.857716920003830832e-02 2.836583532308858402e-01 6.377002529412784115e-01 -6.368306744198858060e-02 -9.972069764181835660e-01 6.029677090579894493e-04 1.954142307387654598e-01 6.137740000034210830e-01 4.951437720518282043e-02 6.954054182854246813e-01 4.614360537538875207e-02 2.172329524543552270e-01 3.845268903889221268e-01 -2.932844525575309391e-01 -4.243922893548515707e-01 -5.330788635567693112e-02 1.151296021162945937e+00 4.116884459434219656e-01 -7.630788866117654834e-02 2.781238609823842856e-01 -1.235553591682944305e-02 -1.613282787346014685e-02 5.800605325662061551e-01 2.882367328837331377e-01 2.058273133144355449e-01 6.358192309522880947e-01 5.292950952907424789e-01 -9.754141517751755419e-01 -2.283453610900353925e-01 8.592273211033780722e-01 -3.580986015183851845e-01 7.248583700093629290e-01 -1.028003753206370718e-01 -3.586646921838263502e-01
-7.258688761488127028e+00 -2.360099130614299323e+00 -2.932282325458742900e+00 3.662757476952246183e+00 5.891334461525186583e+00 2.932501768233716000e+00 3.692516829364701270e+00 -3.303009523141407833e+00 -5.087092267815106261e+00 -1.764369833276842936e+00 -2.642739653381750653e+00 -1.090391986018959480e+00 -2.787440059070404264e+00 -3.358059278870834330e+00 2.181191514710311974e-01 5.530846892884986765e+00 -8.826855825447269766e+00 -6.185705298469991398e+00 -1.004390964037462197e+01 5.168068226881506355e+00 3.495839519205067969e+00 -7.680456613015307354e-01 3.455494855564966716e+00 4.174439786853563206e+00 -4.498657374423708610e+00 -1.667429099829235373e+00 7.083837695228744735e+00 3.964387171439282653e+00 -6.638053427898925607e-01 -5.698065302329985427e-02 2.959535782625766664e+00 -2.065813315067285827e-01 -2.432916748002322826e+00 8.424477816443525668e+00 2.260597316752173402e-02 9.947904530935707257e+00 -3.359451376913198839e+00 -7.230206502096035992e-01 8.559244538399660485e+00 -5.088847322719226796e+00 -6.287313091515630781e+00 6.030450412916893654e+00 -2.735388371015209152e+00 2.205584555793707491e+00 9.253841936546971514e-01 -6.288397181343585274e+00 4.529857599383370292e+00 -2.357427832565487158e+00 2.213524456840346932e+00 3.534501099744410957e-01 -7.754282852075385257e+00 -1.432348550063636772e+01 2.317891031364688992e+00 -3.367373675088907725e-01 3.611522863243966874e+00 -4.842628181318524128e+00 -1.187642489320285710e+00 -4.241579367531573830e+00 -5.171859601528180583e+00 8.995110686575587877e+00 -4.553028852389951808e+00 4.733403506223247681e-01 3.644149262013760104e+00 -1.730019141149694129e+00 5.583954965575620655e+00 -1.447941716377534049e-01 1.150612874323593182e+01 1.658561738054173951e+00 -3.412195669005139820e+00 2.783798059547344828e+00 -4.378605225376239751e+00 8.658355430847818113e+00 6.107932518127349830e+00 -7.934044526861846691e+00 -1.368849939858348685e+00 4.483522229995788422e+00 5.549495980132724604e+00 1.633263952387701501e+00 9.431972682525102680e-01 -3.865548486234559267e+00 -3.689446330916382522e+00 -3.445524385461204986e+00 6.863880145803988420e+00 1.768532147018738454e-01 -4.007015136737255290e+00 4.706119581832445276e-01 8.906774389960151694e+00 -1.047743175946974858e+01 7.869107247350744849e+00 -3.905956489946328603e+00 1.578101016085378561e+00 2.995399166297412624e-02 -2.106486196952513712e+00 -1.958913660807884705e-01 -8.663479033484458469e+00 -6.308589747870358089e+00 -5.622480390679702289e+00 2.635232029662108122e+00 1.437502716457646601e+00 -6.449793152301419141e+00
-2.882508991221880978e-01 1.899853399208604673e-02 -6.315381351921786068e-01 4.803798623920186306e-01 -3.395271794532998544e-01 4.672880730858403747e-02 -5.767565701509406173e-01 1.940213994748319903e-01 5.234421936152778843e-01 -9.695816248976017737e-02 6.832818277706462773e-01 -3.266223445867643127e-01 2.330744795908042954e-01 6.793658209367982315e-02 1.306184425787342007e-01 4.380532676939560832e-01 5.294604628361956333e-01 2.628313220231352498e-01 9.219503213129313091e-01 1.180546181473273414e-02 -4.012157248852711855e-01 -5.310194114217494515e-02 -1.946359110018099636e-01 -5.008868824226948846e-02 5.258385604521621515e-01 -9.160517835028962608e-02 -6.694091810338822501e-01 7.919646779458436314e-02 -2.666110595764596969e-01 -4.411839819519012273e-01 -6.466662115505290853e-02 -1.228625464814898233e-01 1.310838396797266991e-01 5.567406880042352624e-01 -1.116591100631414007e-01 -2.524270613090761617e-01 -8.120235308175284272e-01 -2.519215110391720414e-01 -4.314477888316213261e-01 8.050569103388885983e-01 2.347857310550112986e-01 -1.237003623801286478e+00 3.088103150723509605e-01 -4.050008952595726686e-02 -2.113748141626456967e-01 -2.291563660407776593e-01 1.073190012285969441e+00 -2.845175913676466495e-01 4.501751426394418609e-01 -6.562496002377646853e-01 2.682278206475440796e-01 -4.235432407319880133e-01 -3.707721871660050739e-01 2.198401137669627470e-01 1.069699598205057445e+00 -2.663065271819426219e-02 -7.494631417387552508e-02 -1.013612122380267745e-02 -7.223294091727237021e-01 4.806493006605810914e-01 8.074454197498311982e-05 5.214364135800162448e-01 5.519545796188778386e-01 -1.962144363175292450e-01 -5.387153598313175751e-01 5.106060659489320974e-01 -3.752846029268493838e-02 2.797353786847055490e-01 6.417413346313178835e-01 -6.240809332148952726e-02 -9.916509910552657736e-01 -5.981118278529845567e-03 1.924040189514589494e-01 6.234505070079834343e-01 5.147338201755519843e-02 6.937559100874715057e-01 4.720383703016656912e-02 2.179617058518765471e-01 3.839329184306834453e-01 -2.931503953878493163e-01 -4.256531777087817492e-01 -5.150166620578551513e-02 1.144687249978322940e+00 4.065042026300937361e-01 -7.591380965710088635e-02 2.742334507924353293e-01 -1.965052563774641325e-02 -7.217762586125114552e-03 5.727272016572012570e-01 2.894546865618113918e-01 2.046776708432972436e-01 6.361079371635823820e-01 5.314494406843169871e-01 -9.738475193777909045e-01 -2.259933483857968495e-01 8.632549926675043839e-01 -3.550823036337189542e-01 7.241390382153711780e-01 -1.001892660346805353e-01 -3.531740982362485681e-01
-1.330460435463808011e+01 -7.760090163218340997e+00 7.630818347200176710e+00 -5.219831447142607495e+00 2.034009615301954099e+01 3.211246639859769214e+00 5.332397530904569471e+00 -2.774254014891116071e+01 -1.339976790754379898e+01 9.019330994895445874e-01 1.146903471432977994e+01 -2.013280844777429746e+00 -2.969616230298861126e+01 -5.727390536222710660e-01 -4.709940072293295366e+00 2.328182262321065465e+01 -2.940602437983820394e+01 -2.646329474057782960e+01 -2.029988855588187491e+01 1.696407692922718269e+01 1.113544177037107197e+01 1.178544204107157967e+01 5.260590294562358160e+00 5.537256826589862513e+00 -2.864771939778396614e+01 -6.182708691333741235e+00 2.587205990459710492e+01 1.499029259124135871e+00 2.638224302557555578e+00 -1.499168332288350669e+01 8.351875243631944556e+00 -9.805276148386845136e+00 -1.038862032317562445e+01 3.757966113351178450e+01 -1.237793500682784398e+01 2.270487373021802924e+01 -2.238421674145889995e+00 -4.513662485357445853e+00 3.084386451086778891e+01 -2.497776654714813915e+01 -4.610956215914638889e+00 2.352926430973675309e+01 -4.000500372389839576e+00 1.870197575711179994e+01 5.370434837470040357e+00 -1.821271247872750720e+01 -3.750309332106767091e+00 -1.281164893859925513e+01 2.557649838211959192e+01 -4.813744654936850331e+00 -2.387989647150602579e+01 -2.477297800644007353e+01 5.400928712763806594e+00 -1.794879150668625201e+01 1.543040576057208035e+01 -2.532306861487284166e+01 -1.255413423046292110e+01 -4.330828663658332189e+00 -1.615284348406901671e+01 1.478033334095002616e+01 -4.724169904046565449e+00 4.676429149205762137e+00 -5.349444005957289860e+00 -1.301745126665305463e+01 2.304662879214624382e+01 3.317747117198063922e+00 2.935799691038092973e+01 -7.302322000818824321e+00 -1.191540827873280506e+01 1.880616497462587589e+01 -1.904570702570759266e+01 1.983237539814527395e+01 1.855106031583922999e+01 -1.392836169831848991e+01 -1.658151385005067535e+00 6.696203825894215811e+00 1.987774128425559894e+01 8.014326362149073901e+00 1.642211999588240090e+01 -3.261875216600418526e+01 -6.292099885760077171e+00 -7.837547475231896321e+00 6.109360205523841181e+00 -1.329443294773434125e+01 -2.736668827320512065e+01 1.336755340081896648e+01 2.771707610991015258e+01 -3.141010374102798863e+01 6.104724389931250883e+00 -1.226349782570192737e+01 4.031213527067296631e+00 5.519734968681136777e+00 -6.565693740903163267e+00 4.069153053487614358e+00 -3.305849269531974954e+01 -6.754628417106232519e+00 -1.879331823104520538e+01 1.299606634645139813e+01 1.826507082705476748e+01 -1.507890294845525325e+01
-8.144207468219859081e+00 -2.718835821131826425e+00 -3.316547672825829185e+00 4.040489705119710173e+00 6.775351850299618839e+00 3.678852013190298642e+00 4.154821126490195304e+00 -4.449781045974586569e+00 -6.274220120312183013e+00 -1.703407581558203487e+00 -2.733557159892452848e+00 -1.432632097806728622e+00 -3.904294702913746473e+00 -3.480424137515070626e+00 1.613564562166841798e-01 6.390243124626097782e+00 -1.016711995145286274e+01 -7.597416616353196872e+00 -1.181063729150004349e+01 6.105339948466942168e+00 3.882818205831968239e+00 -4.979745461903362647e-01 3.715985320218589294e+00 4.586000505844610053e+00 -5.840979013421269350e+00 -2.140388757212555504e+00 8.104174409209109697e+00 4.019469982302059208e+00 -5.661063226074086741e-01 -6.542662888256577380e-01 3.262985213041903254e+00 -3.870509659048854134e-01 -3.087052476500260934e+00 9.992940297959430396e+00 -2.893787957488854756e-01 1.112209220696373890e+01 -3.740682460108722296e+00 -1.059027206424770995e+00 1.043279866967573888e+01 -6.172635836834542644e+00 -6.980976655904990835e+00 7.429027199576234253e+00 -3.471651472771601910e+00 3.072064835382078307e+00 1.206498987939876644e+00 -7.295681270215262693e+00 4.776915186295399351e+00 -2.621825863193894435e+00 2.797843942483130064e+00 5.374709453388062386e-01 -8.667861551210430449e+00 -1.599682888776955636e+01 2.765546428275371227e+00 -5.722730678769540891e-01 4.223971279057974648e+00 -5.620514803976242924e+00 -1.281365727598882565e+00 -4.753067268006936352e+00 -6.204223887172316765e+00 1.037035525340997744e+01 -5.170393525634076504e+00 8.887267890740818688e-01 3.893342100464651345e+00 -2.493181252702812323e+00 7.046622725118362851e+00 -4.632291154714223147e-01 1.333480877815967247e+01 1.108744975145744105e+00 -4.027571517019692848e+00 3.360574130070018484e+00 -4.685294049725320598e+00 1.005671478720274870e+01 6.954481238336702731e+00 -9.024688806211750958e+00 -1.411368317470307332e+00 4.989530492470588996e+00 6.778085020514811099e+00 2.195530579027594964e+00 1.350743193432985212e+00 -5.030868443465626783e+00 -4.236578408395648587e+00 -4.101045091528230380e+00 7.903777477131725959e+00 -4.389031412170952273e-01 -5.127625683308746574e+00 1.455265632292850331e-01 1.033875801420345830e+01 -1.209114813131542121e+01 8.902151736706338525e+00 -4.870922376736656290e+00 1.613937524670822965e+00 8.251975355172931625e-02 -2.520847302844935189e+00 -3.680961597033257510e-02 -1.061626160418117948e+01 -7.347488050945973903e+00 -6.669592988279605450e+00 3.343920975576054833e+00 2.172562683280585993e+00 -7.460908959896361381e+00
-1.055783688622124572e+01 -4.203872145660991322e+00 -3.924029714145499614e+00 4.724504410692758505e+00 9.782330596811524615e+00 5.565047230121938249e+00 5.223199728911105844e+00 -9.659083948676569165e+00 -1.047896421852411208e+01 -1.353108772486994793e+00 -1.901857349993069324e+00 -2.320630530649060663e+00 -9.128962196291800169e+00 -2.730735652972375860e+00 -5.467914521993236243e-02 9.214718349626851435e+00 -1.486829964071052856e+01 -1.276311124579367018e+01 -1.749120469116192922e+01 9.492165475597474256e+00 4.821486122703526611e+00 1.438029083544821063e+00 3.890458257396239627e+00 5.458002709863370328e+00 -1.152684978254093551e+01 -3.823958574650801356e+00 1.169479858509337866e+01 3.278426415557093243e+00 -4.254379088767537564e-02 -3.894644485187705563e+00 4.250351008036360234e+00 -1.717500157606326461e+00 -5.627880635446279811e+00 1.610844700788092254e+01 -2.216277984394131817e+00 1.419583146604903767e+01 -4.726498972939468857e+00 -2.597960175650796177e+00 1.711217777243528104e+01 -1.054296327414835943e+01 -7.862453792796918250e+00 1.257293480749340731e+01 -5.327570026340994858e+00 6.520002961373980277e+00 2.361201711807525694e+00 -1.118283267845397511e+01 4.718941215129161648e+00 -3.784645336934378435e+00 5.873788386565775177e+00 5.557413601425018612e-01 -1.181333939528798638e+01 -2.075973759267679952e+01 4.488422065881502832e+00 -2.316872077704522859e+00 6.977758802588692078e+00 -8.763291738739425796e+00 -2.397260661212146537e+00 -5.701029722441226966e+00 -1.037074070997104158e+01 1.482303779294917234e+01 -6.999915882790876509e+00 3.105056356710879317e+00 4.106819669886673907e+00 -5.616501787651683841e+00 1.253848536506991884e+01 -1.446487138345041279e+00 1.925576182773481548e+01 -1.899201822540101281e+00 -6.249806868516748715e+00 5.586279363393527042e+00 -5.848199926075910327e+00 1.484846244719801867e+01 9.761590778369180654e+00 -1.223550660452164607e+01 -1.332954444948298844e+00 6.280398770483629711e+00 1.124784847764345841e+01 4.375585478739950851e+00 3.245624692865840544e+00 -1.036536913633645085e+01 -5.682148294528138521e+00 -6.615855889294440573e+00 1.107971331652468727e+01 -3.222075549941938899e+00 -9.426829733527492650e+00 -6.765888213773902926e-01 1.525314493816362571e+01 -1.768324178994594575e+01 1.142111948905050589e+01 -8.313837966223250220e+00 9.018108510819752288e-01 3.937048304439001445e-01 -3.638486915843886838e+00 7.174837670753523300e-01 -1.769974392776031635e+01 -1.010856632100177244e+01 -1.026276784235446726e+01 6.362447056508882426e+00 5.510186114431613547e+00 -1.065790416328399637e+01
-9.066945446967864530e-01 -3.324038276018657090e-01 -8.468424832691199278e-01 7.434525500847762869e-01 1.446176503533797841e-01 -1.294265968157562452e-01 -2.309241329574497070e-01 1.122859131344825234e-01 1.589227726632533588e-01 -5.983613772483633575e-01 3.746895200937858106e-01 -2.842480034160891345e-01 1.671110991492348596e-01 -8.302832839699773870e-02 1.807407305644847251e-01 9.045040666692086839e-01 -4.966288904910582946e-01 -3.441581451582158974e-02 7.697267379821749744e-02 4.148014283391053270e-01 -1.130080625289065499e-01 -1.728726530677186790e-01 2.474213744557951511e-01 1.988471713046134626e-01 2.129724055604254040e-01 -3.794811014433320528e-02 2.121753024974137869e-01 7.059578995349053976e-01 -4.555981692021555673e-01 -5.783905051417834176e-02 1.024492843060862135e-01 -1.495366007756031013e-01 3.054317408694345176e-02 1.150224602708854071e+00 -7.756480424547061714e-02 8.039814489667788111e-01 -1.153457900618780174e+00 -2.678354173145336969e-01 -1.174097542221366796e-03 3.944361309044085995e-01 -2.422316472902431850e-01 -8.903506001974027528e-01 4.637799890451238527e-01 -1.922252121222708943e-01 -1.845488168552457120e-01 -7.458649136629780241e-01 1.539224382571149796e+00 -6.536603036349766249e-01 7.214405248858241082e-01 -8.105853098188156025e-01 -7.118935490917848163e-01 -1.858206788636532769e+00 -1.299989068201906628e-01 2.671398093501628490e-01 1.462066484442281489e+00 -5.284581040046096856e-01 -3.782938515396276347e-01 -3.820644108992799493e-01 -1.104532185159379010e+00 1.137818093559035848e+00 -6.021894474511733097e-01 4.965645623769275319e-01 8.664590197213108969e-01 1.004727864262855291e-01 -4.773808791201467616e-01 5.953390666853868307e-01 9.263780639822415397e-01 6.911190635597352916e-01 2.150209496900343797e-01 -5.224854959288460776e-02 -1.494048112665483208e+00 7.436765353664617217e-01 6.034490740315350266e-01 -3.410455689861443540e-01 -1.162969314682137656e-01 9.267099922408370549e-01 1.156815781166437157e-01 1.300061178948348772e-01 3.604613310376404978e-01 -3.441473835807329906e-01 -4.346370542560314409e-01 -2.670469808620691832e-01 1.745207918762365251e+00 8.411413241913268113e-01 -1.198988554239533016e-01 5.968517802685496809e-01 7.500128471863473090e-01 -9.610994453549862593e-01 1.260906763814544806e+00 1.076140195548596357e-01 3.142416454685870164e-01 5.665187286686491630e-01 3.248624201743963158e-01 -1.016570679386428644e+00 -5.410576374829342283e-01 3.417137046828639391e-01 -6.620875096052611930e-01 7.644024586970545876e-01 -2.831307360315616362e-01 -8.829438408366742097e-01
-9.855144790500542484e+00 -3.657643306103711467e+00 -3.894754929624374640e+00 4.630469717399334328e+00 8.755883308257056186e+00 5.099317363807776893e+00 4.935355333042680037e+00 -7.698221617057351196e+00 -9.076583064394638356e+00 -1.484705744127109650e+00 -2.407525827762244663e+00 -2.113863361726930901e+00 -7.148795957969729109e+00 -3.157309057113559803e+00 3.167796530266989152e-02 8.281257866150808056e+00 -1.327022443744231239e+01 -1.100332427214007325e+01 -1.567964524379291724e+01 8.343387029592209458e+00 4.544073615386737153e+00 6.205525417341208883e-01 3.945880448595869172e+00 5.243792683515922981e+00 -9.463178249530988850e+00 -3.271069073321791532e+00 1.044266216516403212e+01 3.659004505043733868e+00 -2.366782736136006648e-01 -2.611203931405228662e+00 3.911972296159026641e+00 -1.140493135350243659e+00 -4.752249968087463472e+00 1.392207883907664367e+01 -1.438475100937727014e+00 1.331639388824319248e+01 -4.481431583089023896e+00 -2.034680137166277714e+00 1.486489369738732336e+01 -8.943103285202001373e+00 -7.835026417684685995e+00 1.078873159076315424e+01 -4.849939499532180065e+00 5.314615475644734133e+00 1.942741592285833985e+00 -9.798983885218744305e+00 4.917709666585077244e+00 -3.326788972635847497e+00 4.636612238296247135e+00 6.749617706830491892e-01 -1.072313645447176533e+01 -1.932036761184560802e+01 3.898677398850047382e+00 -1.541054358508221256e+00 5.955754294647056746e+00 -7.590591125016571183e+00 -1.833429151232547349e+00 -5.522308834806467281e+00 -8.892201351712275326e+00 1.340384363448466409e+01 -6.461924088306936653e+00 2.259605152989973220e+00 4.159831076255947835e+00 -4.495360973512688041e+00 1.065306581247698681e+01 -1.181120778587825715e+00 1.735741967842879063e+01 -7.404985321180994617e-01 -5.490802527144213130e+00 4.774461698835306578e+00 -5.392586519845981918e+00 1.326676024491765027e+01 8.811678016639108435e+00 -1.126265601355731505e+01 -1.366906531041146566e+00 5.917622978203985085e+00 9.724525731109702420e+00 3.608320875327907018e+00 2.523323598121009148e+00 -8.343069684656411411e+00 -5.274365137626639388e+00 -5.736329068458335456e+00 1.014686691793882645e+01 -2.190464269986590384e+00 -7.901080677590817558e+00 -5.280803426085715069e-01 1.359610810463151509e+01 -1.579903932129914423e+01 1.078988808928463072e+01 -7.174914935746961930e+00 1.275327463946749340e+00 2.684904209074446824e-01 -3.317074649909280470e+00 4.292611218917781746e-01 -1.529616422503398354e+01 -9.359738075122997714e+00 -9.068520249490694241e+00 5.275607983782564681e+00 4.253659373179717207e+00 -9.645490077461449374e+00
-4.246975154158496579e+00 -1.419173164013374011e+00 -1.751683306359081316e+00 2.285933506353286404e+00 3.117637794104127114e+00 8.366576229109756735e-01 1.877791232009639266e+00 -9.328503997442399998e-01 -1.987154813800396047e+00 -1.649734715208801106e+00 -1.622385149524746994e+00 -3.063795485329936508e-01 -5.999873804523471188e-01 -2.049295224936268145e+00 3.327089967929227066e-01 3.042803644561414167e+00 -4.886640540343998751e+00 -2.551835131442767857e+00 -4.841499532386235316e+00 2.654200471556962260e+00 1.926185909067595459e+00 -8.217294876291109107e-01 2.147388768212136867e+00 2.463877616079632293e+00 -1.558656599265172416e+00 -5.293421256125140362e-01 3.933139537021798748e+00 2.924947175113071562e+00 -7.199298127747467690e-01 7.334895769060995052e-01 1.796248186732185115e+00 -7.221169774498684135e-02 -9.380307761684432144e-01 4.371842031502590764e+00 2.603808057485674232e-01 5.801367559182040168e+00 -2.245217801957624104e+00 -2.113362553404458388e-01 3.613486705387746856e+00 -2.195928660089850659e+00 -3.431883330213607142e+00 2.232587700796833552e+00 -5.528544536168029655e-01 3.511907017897246686e-01 2.480974510602949601e-01 -3.498772281007971774e+00 3.326393497035033509e+00 -1.605807054390036015e+00 1.165324213802691800e+00 -4.030320207859519055e-01 -4.730232638006168777e+00 -8.629016745438219615e+00 1.154525629353325478e+00 -2.346457794486176557e-02 2.353358681640012051e+00 -2.678949996913213116e+00 -1.013205741501795432e+00 -2.316802468642268131e+00 -2.768562295572894794e+00 4.969420694185686216e+00 -2.698804950808455505e+00 4.536647524961840566e-02 2.498873270536470237e+00 -7.333354608538618369e-02 1.930195240619125174e+00 5.269816225066434878e-01 6.123284924030905074e+00 2.069975971373930079e+00 -1.683975990555823143e+00 1.192773949384426935e+00 -3.227684739541432979e+00 4.684480125583883492e+00 3.413791114302484608e+00 -4.434977383556729436e+00 -8.888499756584500311e-01 2.707787872795339723e+00 2.329600150627058497e+00 3.646007542729641782e-01 2.161562707967865926e-01 -1.428352549559303686e+00 -1.889775144391351303e+00 -1.721243057879625393e+00 4.081051573461174087e+00 1.283620145093789855e+00 -1.307894479375920627e+00 1.059212409453558656e+00 4.747408848728609243e+00 -5.773501469258317975e+00 4.501592304308559278e+00 -1.501727911092147538e+00 1.008173807614598738e+00 8.941009196398201631e-02 -8.001769956148392371e-01 -5.700303993955906368e-01 -3.690543798934036168e+00 -2.993624676448273458e+00 -2.758824181216433580e+00 1.201480935158085073e+00 -2.196626171057818044e-02 -3.505763878967926850e+00
-3.295500538741826801e-01 -1.054040501286056079e-02 -6.504403649992507308e-01 4.969462003766849656e-01 -3.113780101555529423e-01 2.334323483240373365e-02 -5.545231368575909148e-01 1.890588035352381013e-01 4.923078338473618754e-01 -1.410576145326419006e-01 6.704313589393577910e-01 -3.266135321542078529e-01 2.256297064188388657e-01 6.859591008743140539e-02 1.328962713432753628e-01 4.761948952595931317e-01 4.537417266236751789e-01 2.446073985388793892e-01 8.673286727748665825e-01 3.844994077337569177e-02 -3.894299412704738672e-01 -6.020848019562406728e-02 -1.613707109992836286e-01 -4.651667163472764793e-02 5.029508727705435112e-01 -8.436264860025902146e-02 -6.044569957470385946e-01 1.294036364531700734e-01 -2.865904426290287188e-01 -4.122589959649771152e-01 -6.524142475216516968e-02 -1.258267993762678116e-01 1.288509722596462570e-01 6.007387421667956806e-01 -1.102048395759169658e-01 -1.792966254623678257e-01 -8.428241237669313879e-01 -2.548619958713729261e-01 -4.075415897747262095e-01 7.800186693131925253e-01 2.076687005124129848e-01 -1.223292218880717153e+00 3.263692571995315261e-01 -5.840600003973925314e-02 -2.113714796695340958e-01 -2.634641576649603412e-01 1.108437376832973387e+00 -3.188135508886301706e-01 4.807222400256319639e-01 -6.739234744374248409e-01 1.959506946283315620e-01 -5.239106263499567762e-01 -3.577177763709924463e-01 2.323934379956810736e-01 1.108328897414648795e+00 -6.613179407598114568e-02 -1.013121606342730630e-01 -4.000077659081644615e-02 -7.539866085173596577e-01 5.221232220254096168e-01 -4.877465508537480454e-02 5.251830681178658589e-01 5.714238766419514892e-01 -1.685400061416083006e-01 -5.507539179396695461e-01 5.181068917125221107e-01 2.791252647202367709e-02 3.083431253836217967e-01 6.123388068051369704e-01 -7.222986338098691395e-02 -1.032728470600714488e+00 4.208399231956039266e-02 2.140423750182184892e-01 5.522053949781405846e-01 3.671422957790498182e-02 7.058335376736537548e-01 3.874188032358082817e-02 2.132004819249441741e-01 3.890690484250715619e-01 -2.943398624083844450e-01 -4.161732157224775075e-01 -6.465455682232761070e-02 1.193390824805452555e+00 4.443244769153915641e-01 -7.932026864881575046e-02 3.028946880639312167e-01 3.371676890110954922e-02 -7.255243898797081314e-02 6.271984000525002712e-01 2.806756460764445738e-01 2.134842399530122448e-01 6.340078857527888800e-01 5.152859353821330757e-01 -9.861820838963702984e-01 -2.434539461613207390e-01 8.340826611344890340e-01 -3.777592222457615834e-01 7.297784725000990846e-01 -1.195705867527090543e-01 -3.936952664491876197e-01
-1.232982665144019840e+01 -6.443048730819123548e+00 -1.428404292861479741e+00 2.866820370133494666e+00 1.413345876534513579e+01 5.282519172329966040e+00 5.977092664642605691e+00 -1.832444792765997477e+01 -1.453071327063021023e+01 -6.783978945691737650e-01 2.712088829308945126e+00 -1.917064545091103689e+00 -1.801095993835185638e+01 -5.946232278714606023e-01 -1.151653390891786310e+00 1.343434990579882182e+01 -2.101473814394905304e+01 -1.899377747555807261e+01 -2.232272589162176146e+01 1.338991263099008222e+01 6.486559048659287896e+00 5.625962511441659153e+00 3.254147070777206885e+00 5.818367494650434679e+00 -1.975536126262107572e+01 -5.383673516738896048e+00 1.752490907673078269e+01 1.431136852341152510e+00 7.486753248407294059e-01 -9.799760057490900067e+00 5.722406040559406826e+00 -4.915840350694638872e+00 -8.503242773078204308e+00 2.550893544396291190e+01 -5.967683231596697446e+00 1.684337537135517948e+01 -4.442137896860259616e+00 -4.693205731905742972e+00 2.455624164835446877e+01 -1.754298834897400639e+01 -6.109148739173228648e+00 1.925044548315264592e+01 -5.644400561216834866e+00 1.111253705524198665e+01 4.006091943932505117e+00 -1.624854013076781811e+01 2.049057063909884402e+00 -6.684209068160523515e+00 1.279419764425327521e+01 -1.238000923154344957e+00 -1.664916745183118962e+01 -2.459737507698459069e+01 5.995278434137093271e+00 -7.450433698524556725e+00 1.108451115466654358e+01 -1.502864181934136489e+01 -6.676128622180074856e+00 -5.500440579107703343e+00 -1.539967280632411395e+01 1.815741250152803943e+01 -7.591023708569158757e+00 5.980275459936750693e+00 2.132169413007161118e+00 -9.886787976883280038e+00 1.880613028462572700e+01 -8.076549668529527937e-01 2.497374141013805371e+01 -6.285962021686684942e+00 -9.006178306500686404e+00 9.947996556775851928e+00 -9.328869567941328711e+00 1.950427518726257503e+01 1.384828969553421274e+01 -1.454986794765105884e+01 -1.661302305380176314e+00 7.135864735381201029e+00 1.645222471017968147e+01 7.319709564213061626e+00 7.160115290851363667e+00 -1.976907035605558960e+01 -6.489545802239589989e+00 -9.325336437211523943e+00 1.196629635782482914e+01 -7.573849223900625205e+00 -1.640978931564011845e+01 1.931431433315853985e+00 2.165020383937126169e+01 -2.455105177780847470e+01 1.119220287304957928e+01 -1.154308383461644105e+01 -2.567512851772381088e-01 1.447448290987548125e+00 -4.619467240994294066e+00 2.052170616691627369e+00 -2.603006308330921215e+01 -1.046640599338635802e+01 -1.444640083089914917e+01 1.029775190621334424e+01 1.114537200904776881e+01 -1.383413789889367251e+01
-2.882997114533226712e-01 1.893356917766038719e-02 -6.315938176914638325e-01 4.803989435394263041e-01 -3.395273257745654027e-01 4.664982185640336593e-02 -5.767381233437248733e-01 1.940044136578893130e-01 5.233334848004653761e-01 -9.706479191830806597e-02 6.833386994476406961e-01 -3.266673079231372512e-01 2.330393488185157624e-01 6.800290872700082145e-02 1.306046328873154416e-01 4.381509663840146840e-01 5.293328796967083916e-01 2.628005785460620913e-01 9.218868930963327601e-01 1.182809268779828372e-02 -4.012574013892709623e-01 -5.310521199301086737e-02 -1.945688477203845190e-01 -5.018519481958235579e-02 5.257862917147314574e-01 -9.158544149206651608e-02 -6.693061653070606631e-01 7.930250860060837625e-02 -2.666919907300389081e-01 -4.411550604451314195e-01 -6.476114315786088427e-02 -1.228669628742735109e-01 1.311122418613106522e-01 5.568344181458012576e-01 -1.116493854800550689e-01 -2.523406275361187445e-01 -8.121152064267479487e-01 -2.519509861341036605e-01 -4.314343665237467818e-01 8.050450710713231706e-01 2.347756387119915855e-01 -1.237047691457874743e+00 3.088589416468895399e-01 -4.055659878052618461e-02 -2.113860546983276634e-01 -2.291841915836182464e-01 1.073250773025699267e+00 -2.846186616280936277e-01 4.502966359737571311e-01 -6.562953563790900890e-01 2.681246982657440325e-01 -4.236790665310142256e-01 -3.707842620418998481e-01 2.199293199133169896e-01 1.069821408293859299e+00 -2.672811520050924830e-02 -7.501698682431380549e-02 -1.023058516893607210e-02 -7.224138034868219371e-01 4.806842223981839801e-01 1.000000000000000083e-30 5.214868395375634735e-01 5.519552199175974394e-01 -1.961535076633429131e-01 -5.388289854533366841e-01 5.106153552279022456e-01 -3.745864277775918377e-02 2.797559830321976748e-01 6.417126015158807206e-01 -6.248230391824842467e-02 -9.917250357999067845e-01 -5.958203563291699333e-03 1.923774608384996587e-01 6.233306766455138925e-01 5.142830660586635710e-02 6.937528751659299830e-01 4.712150135656320571e-02 2.179907087120892539e-01 3.840002142160391929e-01 -2.931504226393332191e-01 -4.255809617460487582e-01 -5.151442560640080714e-02 1.144811975439424145e+00 4.065850167993575459e-01 -7.595514931577260209e-02 2.742878841668247580e-01 -1.958265829198656618e-02 -7.299705705015285817e-03 5.728630368949096940e-01 2.894637453437133856e-01 2.047054025913674080e-01 6.361241313844890888e-01 5.313988286452636656e-01 -9.739396799380765080e-01 -2.260113071549014196e-01 8.632536073346791516e-01 -3.551483400105965860e-01 7.241841848585975905e-01 -1.002546287913472223e-01 -3.532613625893354925e-01
-7.148708834437086601e+00 -2.319275330823394654e+00 -2.884151772394628388e+00 3.614327151115670489e+00 5.784944412234021449e+00 2.842224570463558031e+00 3.632143149007533989e+00 -3.178677817670270578e+00 -4.949712887514426285e+00 -1.769127821180174420e+00 -2.623224429119508372e+00 -1.050546046160568903e+00 -2.667962441261498618e+00 -3.332244515401564744e+00 2.246847401588846493e-01 5.428459916268661978e+00 -8.668718700654682863e+00 -6.023259481741329857e+00 -9.833300197364193806e+00 5.059633061331283876e+00 3.445287266036916485e+00 -7.909545672749550560e-01 3.418135062423179882e+00 4.120138154343857551e+00 -4.350868670891480328e+00 -1.613404904830851416e+00 6.961705857849825207e+00 3.948094366160973756e+00 -6.728011083675008441e-01 1.408259035500012898e-03 2.921758834871162502e+00 -1.905313991266076867e-01 -2.359844428745095257e+00 8.244840649057895376e+00 5.160925541116024445e-02 9.800060050021075497e+00 -3.313519665136354764e+00 -6.880762880161428452e-01 8.342190603900910162e+00 -4.964612342614446838e+00 -6.193524532147566042e+00 5.868072793262345321e+00 -2.645130273361100848e+00 2.109678446191520340e+00 8.937618559924552786e-01 -6.171747730962257705e+00 4.494389901242580976e+00 -2.326802786134478662e+00 2.152538822874813906e+00 3.279438435877010116e-01 -7.643748751313714784e+00 -1.411601733423529481e+01 2.267263162385703357e+00 -3.149233387269160245e-01 3.545268545500572355e+00 -4.752592440417415354e+00 -1.179629925791872092e+00 -4.174721101906290421e+00 -5.056495750791649257e+00 8.831620167525013443e+00 -4.478885480511300088e+00 4.328817463085423700e-01 3.609444922585688609e+00 -1.645246274697877320e+00 5.417231911633292540e+00 -1.089122522256480707e-01 1.128831762507564207e+01 1.711116464601124099e+00 -3.340361890374186071e+00 2.716708045291823748e+00 -4.340432236396695842e+00 8.493958934172649577e+00 6.005581597696415308e+00 -7.801118798770845686e+00 -1.360044146580433155e+00 4.419692999277836876e+00 5.407612827082694196e+00 1.569851521233118774e+00 8.997233961771506916e-01 -3.739072408643449918e+00 -3.621505498598367900e+00 -3.370481183862233721e+00 6.741670909620812502e+00 2.427695280101726250e-01 -3.879266635387644158e+00 5.069291746381880959e-01 8.737180963604473050e+00 -1.028677448794853788e+01 7.740642959770313247e+00 -3.795335782366075605e+00 1.567052514299355659e+00 2.552350984994306363e-02 -2.055312770917169019e+00 -2.130205618315740290e-01 -8.438531242518463316e+00 -6.180918250256399737e+00 -5.499769342690970397e+00 2.558213789396089233e+00 1.358079184668672168e+00 -6.329004393339364931e+00
-2.888699912951159798e-01 1.853667516305849278e-02 -6.318519362443215659e-01 4.806207838121880904e-01 -3.391296557751257712e-01 4.633483246518784598e-02 -5.764020447390262314e-01 1.939344061571992295e-01 5.228640866436781165e-01 -9.763120837049309164e-02 6.831846829245441510e-01 -3.266953721355215778e-01 2.329255430613146605e-01 6.799887865134744691e-02 1.306407210404848251e-01 4.386398341869708339e-01 5.283296693133294752e-01 2.625286335005098115e-01 9.211615844401521702e-01 1.218847700920164950e-02 -4.011136105524557016e-01 -5.322340467938958125e-02 -1.940970920580991355e-01 -5.019045789818295938e-02 5.254941450580146167e-01 -9.151535551070653918e-02 -6.684714841152702425e-01 7.999369129654251842e-02 -2.669766596673652237e-01 -4.407912279014296608e-01 -6.479640725299450066e-02 -1.228735598290338626e-01 1.311110994273866071e-01 5.574496679142213473e-01 -1.115825186132015923e-01 -2.514070005134571018e-01 -8.125493941543330267e-01 -2.519948772107346024e-01 -4.310904139394620693e-01 8.046945276940228320e-01 2.344117202966560509e-01 -1.236877081923778876e+00 3.090605632720004881e-01 -4.079759025098569913e-02 -2.113840988544334332e-01 -2.296419998124920592e-01 1.073708718884200275e+00 -2.850886751580651302e-01 4.507165063014986206e-01 -6.565048309147083483e-01 2.671748811175243543e-01 -4.249993616430290944e-01 -3.706247931066053436e-01 2.201380833815599625e-01 1.070328490424382162e+00 -2.728071606349444234e-02 -7.535744589825466022e-02 -1.066889849382091603e-02 -7.228286582287580808e-01 4.812472699385855202e-01 -5.917231213351659266e-04 5.215285848090235321e-01 5.521906648482554081e-01 -1.958048800220739127e-01 -5.390067608269171195e-01 5.106899395836529409e-01 -3.659853351790544329e-02 2.801495531119529980e-01 6.413458266208771352e-01 -6.260782953268977102e-02 -9.922686266936311394e-01 -5.364956974553311032e-03 1.926565459635990185e-01 6.223702930220048612e-01 5.118810508633946793e-02 6.939264856372844292e-01 4.700684803459289490e-02 2.179725044237785792e-01 3.841043523805702797e-01 -2.931594085557382989e-01 -4.254443358540239695e-01 -5.170914908535868826e-02 1.145432736692376885e+00 4.070654392437292879e-01 -7.602949974528674937e-02 2.746710541996333910e-01 -1.889351020164805814e-02 -8.160506744777435567e-03 5.736110679314594396e-01 2.893571688986693591e-01 2.048490909617710354e-01 6.360660421718646873e-01 5.311509095228245103e-01 -9.741203419341321057e-01 -2.262531187378985509e-01 8.628614476282956414e-01 -3.555098097458087580e-01 7.242809593726169393e-01 -1.005333815855180973e-01 -3.538329779825098442e-01
-1.318047060652579994e+01 -7.697384902828276587e+00 5.650648331419151127e+00 -3.422190634856779212e+00 1.919743993779104230e+01 3.467236293123683755e+00 5.688518692022641154e+00 -2.633374544971073661e+01 -1.415641507421982581e+01 5.628941681959048760e-01 9.960052182171390101e+00 -1.686393241837806922e+00 -2.765441592285040073e+01 -2.372223840952998875e-01 -3.982480025376514021e+00 2.106985300711161813e+01 -2.773558223772081277e+01 -2.500378435037895031e+01 -2.135758949249504823e+01 1.634310796058166559e+01 1.018579291276363108e+01 1.065044759741834035e+01 4.473017031657386511e+00 5.633664877143899297e+00 -2.718201853752420405e+01 -6.108535433278206916e+00 2.450418880896209828e+01 1.129554403799842399e+00 2.198976556046764674e+00 -1.444493398106792093e+01 7.771684500728181177e+00 -8.912365855546832805e+00 -1.013416773670207327e+01 3.553078962727258983e+01 -1.105484359818804485e+01 2.121280315462679766e+01 -2.717241426129779036e+00 -4.970436122807668333e+00 2.977003651710207777e+01 -2.387653016133233308e+01 -4.612234312089156241e+00 2.322357466633568990e+01 -4.398874377344770714e+00 1.702774793709784973e+01 5.192789274472867866e+00 -1.828450947545891836e+01 -2.673003378973970445e+00 -1.158955379735300362e+01 2.306580348778174994e+01 -4.227660443045057725e+00 -2.256373345961927512e+01 -2.511128392849677127e+01 5.645699102080867782e+00 -1.584252090589902373e+01 1.466490394638850070e+01 -2.354163033532767813e+01 -1.176722484851903516e+01 -4.604242967985864965e+00 -1.654495024109528600e+01 1.591990731413018878e+01 -5.434421247373866670e+00 5.445172895219576148e+00 -3.628633523244251702e+00 -1.266092876408003498e+01 2.249923387606512648e+01 2.494034620950261960e+00 2.866027211934057917e+01 -7.649493883995011068e+00 -1.141390656180590923e+01 1.700004874538460697e+01 -1.691846227834130190e+01 2.020780700511898331e+01 1.789910316460785111e+01 -1.429050184711484661e+01 -1.859846103762043290e+00 6.912597104311009488e+00 1.950727601144402357e+01 8.300778440916356971e+00 1.433892379962350283e+01 -3.035831217729579024e+01 -6.360065594666692412e+00 -8.556347374088300484e+00 7.597376768642961409e+00 -1.221393986084865801e+01 -2.527909866402617567e+01 1.087039243494363916e+01 2.693765012722590413e+01 -3.033093564858794977e+01 7.214090730610875468e+00 -1.233316678821685919e+01 2.744065089742674157e+00 4.553411874322859099e+00 -6.092973844091124747e+00 3.675579305167365973e+00 -3.204889684727701393e+01 -7.513741039117592280e+00 -1.803435729384881725e+01 1.269117862688653986e+01 1.700960564954126397e+01 -1.521860729667000633e+01
-6.606216844700600888e+00 -2.128734424099675504e+00 -2.649806458653208630e+00 3.372558265482213269e+00 5.269721085570534314e+00 2.409498927375953059e+00 3.326964486409003996e+00 -2.616970344394611292e+00 -4.302896234936638642e+00 -1.784167383276774821e+00 -2.504884450070512969e+00 -8.647191759489359919e-01 -2.132713333684874701e+00 -3.174486958236662382e+00 2.558089220919341211e-01 4.936819519910932819e+00 -7.911686007002432852e+00 -5.261195936518886285e+00 -8.822287817385999986e+00 4.547912111534469837e+00 3.187427628819372583e+00 -8.749657899521141591e-01 3.219427168842853959e+00 3.842775402248073124e+00 -3.677147333712180721e+00 -1.362569771616425784e+00 6.373399644439647460e+00 3.839680339132599318e+00 -7.079567762729289671e-01 2.561919260708956370e-01 2.732329809664281850e+00 -1.286044547203503696e-01 -2.024111198787107657e+00 7.402536164130788521e+00 1.661435455896288493e-01 9.067682057043491284e+00 -3.092676525013896338e+00 -5.364977927147874803e-01 7.318722476509062602e+00 -4.379791680734181902e+00 -5.713889606500669238e+00 5.099753710532236362e+00 -2.207994274215161479e+00 1.671683794813509483e+00 7.473475750244019666e-01 -5.620228258848568359e+00 4.306799923321642076e+00 -2.182201401919432904e+00 1.883065943868162950e+00 1.959939160077613096e-01 -7.104307632682942852e+00 -1.309586412074333417e+01 2.030986728720997281e+00 -2.253592245565652630e-01 3.247281559215467794e+00 -4.325378175907236056e+00 -1.147550856698552835e+00 -3.837582655761548001e+00 -4.524933102269296903e+00 8.047612969875624245e+00 -4.122327808465875876e+00 2.665356438635361203e-01 3.430156308661759912e+00 -1.256399360892318073e+00 4.639026949851648318e+00 5.364854423902584712e-02 1.024325054152828507e+01 1.922186195841098177e+00 -3.000166371376152163e+00 2.398136414785377646e+00 -4.149751663008239611e+00 7.711235434458952653e+00 5.507235550469688157e+00 -7.154115984678909079e+00 -1.305335066868928529e+00 4.102277969051941753e+00 4.739547811233202346e+00 1.277129257392230155e+00 7.058647565781183131e-01 -3.166474394129615177e+00 -3.287338923207011820e+00 -3.017723650436522131e+00 6.163750463909982713e+00 5.365157387603824990e-01 -3.283776551431726087e+00 6.705979729015446589e-01 7.925127977166354754e+00 -9.375035434683058000e+00 7.110989831757357216e+00 -3.279335446605756044e+00 1.496295992130151520e+00 1.011574775573533327e-02 -1.805997481530209781e+00 -2.907468075281727238e-01 -7.384045099297003922e+00 -5.559638923785619191e+00 -4.916391309000490928e+00 2.209898328001312251e+00 1.000253653655981401e+00 -5.749756250888377274e+00
-8.164322375055858672e+00 -2.727748069566291012e+00 -3.325063022919177325e+00 4.048752941204641687e+00 6.796176101304488348e+00 3.696085961030404654e+00 4.164865252730502121e+00 -4.479231041448130668e+00 -6.302996602525261061e+00 -1.701593466553740219e+00 -2.734088307063432755e+00 -1.440756321421898134e+00 -3.933258845447939134e+00 -3.481246009177838552e+00 1.600235694453986945e-01 6.410530584071675975e+00 -1.019920222406479304e+01 -7.631861935356110571e+00 -1.185240424787219382e+01 6.128097354307040057e+00 3.891187398253293850e+00 -4.898789806454781348e-01 3.720964501904258981e+00 4.594800577181080925e+00 -5.874976687291606936e+00 -2.151966390933157669e+00 8.128365189908153710e+00 4.019028217394481572e+00 -5.633539217958454248e-01 -6.704861244079890481e-01 3.269937294571377606e+00 -3.923865372205962987e-01 -3.103380380258186300e+00 1.003144571891941617e+01 -2.983389276926889377e-01 1.114846534056563954e+01 -3.749535317506825560e+00 -1.067853044683447328e+00 1.047821572244336608e+01 -6.199299640696926517e+00 -6.995273577774767659e+00 7.462925004846169941e+00 -3.488481432159658446e+00 3.093815617255049943e+00 1.213508331376150995e+00 -7.320276309300393081e+00 4.781562478902301905e+00 -2.628334765649722016e+00 2.813341188826806505e+00 5.410724190369405884e-01 -8.689327806716411473e+00 -1.603504571718233507e+01 2.776641277249850326e+00 -5.791248422580932420e-01 4.239710099355312067e+00 -5.639503553263549129e+00 -1.284351633242985180e+00 -4.764029161284483394e+00 -6.230059960513473882e+00 1.040294280758982026e+01 -5.184855924042339304e+00 9.001925579471158345e-01 3.898354793272429841e+00 -2.512325872416166117e+00 7.082595871293641210e+00 -4.710545209810573231e-01 1.337808479435265951e+01 1.093423587669837715e+00 -4.042452359077561397e+00 3.374546521134315746e+00 -4.692374800792930678e+00 1.009022432510032274e+01 6.974288401596060893e+00 -9.049949711910979744e+00 -1.411742661959244582e+00 5.000839329661404875e+00 6.807966146660900719e+00 2.209457208748142776e+00 1.361282886191163444e+00 -5.060769317966007819e+00 -4.248988551868126962e+00 -4.117132019036785273e+00 7.928551088393928303e+00 -4.548464063353329645e-01 -5.155123362855103863e+00 1.375566211501911273e-01 1.037285560068848689e+01 -1.212971597000034585e+01 8.925506379351464403e+00 -4.894512832246637579e+00 1.613469621365378748e+00 8.405332093778462854e-02 -2.530297112920105729e+00 -3.268415200029350237e-02 -1.066383131861381983e+01 -7.371319994643328322e+00 -6.694700424100452629e+00 3.362005508826487965e+00 2.191444611637525686e+00 -7.484741915400371148e+00
-2.899702375188731862e-01 1.784431980525506140e-02 -6.322358897196888039e-01 4.810980977409687331e-01 -3.382673186305627522e-01 4.588048926653014864e-02 -5.758494179621571618e-01 1.938518183991749799e-01 5.224082985802759316e-01 -9.866498081621459526e-02 6.826132028332964063e-01 -3.265196941978815159e-01 2.329311515269817390e-01 6.778930816428424544e-02 1.307817915551134080e-01 4.395115877649440894e-01 5.263604834907776864e-01 2.621204530009453304e-01 9.196327565054328579e-01 1.293646530368360026e-02 -4.005568684638541876e-01 -5.341094665576141820e-02 -1.932953717420245465e-01 -4.962065010519009500e-02 5.249175933054150978e-01 -9.132064139808050707e-02 -6.667459201439019933e-01 8.114786160617469546e-02 -2.672963963131352316e-01 -4.399127287497354710e-01 -6.443035007993348773e-02 -1.230061436775050226e-01 1.308688939306398291e-01 5.584917667677608000e-01 -1.116348943926637333e-01 -2.493365980566935036e-01 -8.131765983894182481e-01 -2.520667100840321972e-01 -4.304265965082433865e-01 8.039815257171782914e-01 2.335875266739695366e-01 -1.236314812195839385e+00 3.095710587362355826e-01 -4.115724146677300632e-02 -2.113605334504667366e-01 -2.306026878358673204e-01 1.074692356941854721e+00 -2.858016271048817725e-01 4.512228449185969326e-01 -6.569536452754152211e-01 2.652622712059595766e-01 -4.277777719409811552e-01 -3.701167416072201344e-01 2.201033146342979696e-01 1.071123692720535869e+00 -2.818226446871993293e-02 -7.598410854762320532e-02 -1.121617885116706938e-02 -7.235693046200876166e-01 4.824797707139277247e-01 -1.826839525474668793e-03 5.214927313098539630e-01 5.528621550157226672e-01 -1.951005305493348496e-01 -5.389497709636764666e-01 5.109378686869863184e-01 -3.479048240622014537e-02 2.809829559457592274e-01 6.404733379153627615e-01 -6.264431873509272719e-02 -9.932746137650262375e-01 -3.824571358671635928e-03 1.934067812950471532e-01 6.205379042193539529e-01 5.098319969263639256e-02 6.943525280183507897e-01 4.707087666948383403e-02 2.176549940832869789e-01 3.839341560113989638e-01 -2.932045166965411842e-01 -4.253974828292535482e-01 -5.203771314803747744e-02 1.146662336269678173e+00 4.080596439337426662e-01 -7.593117442284277874e-02 2.753590870090159015e-01 -1.743203826783521967e-02 -9.976907570527054556e-03 5.748296419727840778e-01 2.890198412402393835e-01 2.049786990973699874e-01 6.359999182624971326e-01 5.308428884012439397e-01 -9.741599166365427775e-01 -2.267019205041772290e-01 8.619003123009184586e-01 -3.559256425487378750e-01 7.242938371164269196e-01 -1.009051380892034971e-01 -3.547760318784324851e-01
-1.327839439241539665e+01 -7.751691908999300828e+00 7.185808117764483249e+00 -4.816107826966075756e+00 2.008814833775785047e+01 3.260405811009815746e+00 5.421285181038239642e+00 -2.744280439705130803e+01 -1.358411296787871159e+01 8.257626618145379460e-01 1.114300323919806246e+01 -1.927474515782649167e+00 -2.925045171490606322e+01 -4.870069106503162049e-01 -4.549170533742624478e+00 2.278030654808701527e+01 -2.903011986452041526e+01 -2.613615061269005579e+01 -2.055479329650692932e+01 1.682638745465186503e+01 1.092606012337355814e+01 1.153499073744875680e+01 5.070707951979707140e+00 5.559376766028927719e+00 -2.832861045256399279e+01 -6.169113666204232516e+00 2.557945063786561590e+01 1.403765933818736267e+00 2.538639721313304953e+00 -1.488619190878777587e+01 8.219408309735801055e+00 -9.608969260734172124e+00 -1.033354414936946064e+01 3.713528272573051936e+01 -1.208028775499886187e+01 2.235858345992814478e+01 -2.347011493228997381e+00 -4.632196459078375739e+00 3.060454873166592193e+01 -2.474367470328101604e+01 -4.601648229822554725e+00 2.347754766917851654e+01 -4.092256327314474973e+00 1.832147291800062305e+01 5.333244785453115533e+00 -1.824160568268478144e+01 -3.514369881064646872e+00 -1.254008810366272186e+01 2.501931919314461084e+01 -4.689627898626559599e+00 -2.359182341566140551e+01 -2.485930370763766106e+01 5.458111517657287415e+00 -1.747928547078173978e+01 1.525998261711491466e+01 -2.493919667807871576e+01 -1.239355376108073692e+01 -4.393270114710511542e+00 -1.625600589688503561e+01 1.504500773354433996e+01 -4.885271561985366162e+00 4.864665642217682162e+00 -4.959050455387893130e+00 -1.294469559135790071e+01 2.293138193823337545e+01 3.137497903298184898e+00 2.920579650945610339e+01 -7.398465512592378168e+00 -1.180515899700150761e+01 1.840286454540591166e+01 -1.856672931824187245e+01 1.992803313394610853e+01 1.841642796791303027e+01 -1.401599482438193611e+01 -1.711981207069600996e+00 6.748087285378603362e+00 1.980362196827291754e+01 8.092552818589908270e+00 1.594869285924028901e+01 -3.212433449160560883e+01 -6.306925312153216723e+00 -8.009658393965057854e+00 6.448391455892237722e+00 -1.305387445992341355e+01 -2.690318727392774889e+01 1.280776546133449401e+01 2.755789936358225845e+01 -3.117771758874049226e+01 6.351879771799389118e+00 -1.228381483652749573e+01 3.733437541529450954e+00 5.300148897706776552e+00 -6.456782521452438139e+00 3.980633170351397521e+00 -3.284414821756773506e+01 -6.920661954877491695e+00 -1.862552953209450024e+01 1.293409094454112740e+01 1.798833438161022258e+01 -1.512542953112522603e+01
-2.881081202665188856e-01 1.917879216118014221e-02 -6.314024607281175649e-01 4.803384501207033641e-01 -3.395705762538231975e-01 4.693584827199924481e-02 -5.768284556546712238e-01 1.940538221942141872e-01 5.236813304229420707e-01 -9.667490548612485413e-02 6.832343365545341385e-01 -3.265776320258141352e-01 2.331918020030044059e-01 6.779932322994655647e-02 1.306376298019562288e-01 4.378155327490084736e-01 5.297887432875759695e-01 2.628981142983239372e-01 9.221206824728832574e-01 1.171586645472307356e-02 -4.011519233302979215e-01 -5.308776201696844416e-02 -1.947920629600573550e-01 -4.992067446763735067e-02 5.259431919943960976e-01 -9.166314118991780724e-02 -6.697002662911747395e-01 7.891598170065673712e-02 -2.664521584583419145e-01 -4.412853217862521271e-01 -6.449959886029578426e-02 -1.228436182364173457e-01 1.310265879842806291e-01 5.565314240963086245e-01 -1.116526620371076084e-01 -2.526936184357077009e-01 -8.118123797571508149e-01 -2.519073727973279442e-01 -4.314907145894295026e-01 8.051203588746189688e-01 2.348221760788201384e-01 -1.236948374264353223e+00 3.087089799298707860e-01 -4.035551669189359897e-02 -2.113560870977380102e-01 -2.290362172979864830e-01 1.073047078109074626e+00 -2.842820303246836322e-01 4.499101499197181164e-01 -6.561179093334823520e-01 2.685558661815042880e-01 -4.231717694417379549e-01 -3.707643760359546903e-01 2.196469516086690943e-01 1.069396315196549985e+00 -2.642607694868288545e-02 -7.478825741201869381e-02 -9.950643933313062586e-03 -7.221470981152505741e-01 4.805550547547604578e-01 3.489692829422459393e-04 5.213493360401021404e-01 5.519156335169697059e-01 -1.963875653209509464e-01 -5.384673878234527145e-01 5.105669075339883678e-01 -3.777659485155245717e-02 2.796538811359198795e-01 6.418414748392130553e-01 -6.223981706691510823e-02 -9.914136643169205731e-01 -6.101854797431111033e-03 1.923909243239503575e-01 6.237643191481132554e-01 5.158549511702277546e-02 6.937744328110632130e-01 4.739275652478721484e-02 2.179357222119501780e-01 3.837982550646841795e-01 -2.931610872113932786e-01 -4.257988135656290973e-01 -5.145986947263690714e-02 1.144431545116283200e+00 4.063032710003167125e-01 -7.585937413777285587e-02 2.740535598469897582e-01 -1.986621465632001926e-02 -6.986778186211983245e-03 5.724182533999522260e-01 2.894387194248936312e-01 2.046176846467165356e-01 6.360885748242876003e-01 5.315354553504111346e-01 -9.736719471166632722e-01 -2.259467090471659889e-01 8.632674106408956272e-01 -3.549679838772197837e-01 7.240694308859686457e-01 -1.000527409836185905e-01 -3.529672362182723622e-01
-7.460433870469718176e-01 -2.542364585178687464e-01 -7.996770746384356254e-01 6.730753110269059869e-01 1.061779633567455292e-02 -1.088397051640985214e-01 -3.234390545050867538e-01 1.356886340716171591e-01 2.431179145894518112e-01 -4.912978205585723512e-01 4.693524260436669482e-01 -2.992986207767907580e-01 1.803485912089801413e-01 -2.151861092163166039e-02 1.663935312265284461e-01 7.968542354321997978e-01 -2.463920938370119662e-01 4.811573163108590068e-02 3.000690990875450881e-01 3.098531170636802945e-01 -2.017612657308054391e-01 -1.396727894861871377e-01 1.402065470558626903e-01 1.097845826469458080e-01 2.901712245842688054e-01 -4.328154002869467887e-02 -2.762913594651488728e-03 5.604920308181202682e-01 -4.210916621873049270e-01 -1.476433755950574689e-01 3.682391580760756289e-02 -1.457731658146481091e-01 6.468034362912039592e-02 1.003873846878801102e+00 -8.909517767133044719e-02 5.369034530918066483e-01 -1.080693177886540957e+00 -2.680042830807856102e-01 -1.246036483310886123e-01 5.061685116741160284e-01 -1.084469876835161134e-01 -9.998800272281045398e-01 4.417988185047108107e-01 -1.697463784155648914e-01 -1.953884985267800023e-01 -6.117416750866422337e-01 1.427981221339822193e+00 -5.774544842253512833e-01 6.754853684155078808e-01 -7.872361182303967420e-01 -4.729028262698051766e-01 -1.497034363425773451e+00 -1.971326383280360139e-01 2.718528515223184172e-01 1.385521817882138462e+00 -4.100631668303649224e-01 -3.130880237129226584e-01 -2.937478601717838367e-01 -1.017770211060583962e+00 9.628296243153388057e-01 -4.647865113526484238e-01 5.137275175286051265e-01 7.827014453817106032e-01 4.209440513469165507e-02 -5.262328678771488466e-01 5.780659467418597375e-01 6.786241022776998699e-01 5.881886200101112960e-01 3.225699323606131541e-01 -7.611156915696054570e-02 -1.379355966549391743e+00 5.473028959793156956e-01 4.851825396229437759e-01 -1.059360611747511977e-01 -7.838564488935033381e-02 8.588413449292794377e-01 7.058153439491722525e-02 1.522104765881914235e-01 3.777225675999241750e-01 -3.252013060029992353e-01 -4.109649390061915208e-01 -2.080314319188892869e-01 1.607929404576632137e+00 7.492736460219134864e-01 -1.065504546022634780e-01 5.288482585936761238e-01 5.547062667379897283e-01 -7.178012443018174649e-01 1.098294758075241351e+00 1.618482650229433328e-01 2.876298962893156230e-01 5.897500372383986944e-01 3.746930606949842035e-01 -1.023383978678748418e+00 -4.494384532769850060e-01 4.878121633109928634e-01 -5.845697681812985769e-01 7.586172534758266472e-01 -2.510245570777394075e-01 -7.551095606285687101e-01
-8.013808561247254270e-01 -2.818218746410255382e-01 -8.163027002700864454e-01 6.972342160133645494e-01 5.640519957023124725e-02 -1.172961830861355692e-01 -2.917801088397902753e-01 1.278515874421872756e-01 2.138670998781791177e-01 -5.293858331635797887e-01 4.373434030223113389e-01 -2.941886243317449745e-01 1.758053123598655731e-01 -4.160437218795786513e-02 1.713126138888684258e-01 8.344899251446799004e-01 -3.334466691501732916e-01 2.007584936202493064e-02 2.234493939568589216e-01 3.459995649646998017e-01 -1.717617636801143099e-01 -1.510219559219296848e-01 1.774880124419356275e-01 1.394322464847463361e-01 2.634349364560351070e-01 -4.094554779505222425e-02 7.195920878547248933e-02 6.114446276809147873e-01 -4.336464139912341587e-01 -1.160318603969424794e-01 5.846979905703041103e-02 -1.472692018926051727e-01 5.324168090807770287e-02 1.054580534648540180e+00 -8.532092874895164103e-02 6.293715998705674552e-01 -1.106475135489677131e+00 -2.682161471128393648e-01 -8.282567465588511202e-02 4.679780152118455661e-01 -1.540126705371422933e-01 -9.631666134597454132e-01 4.505288785729459344e-01 -1.783934791549084131e-01 -1.919007981763957427e-01 -6.579848755971962060e-01 1.466880103167786054e+00 -6.046381766586549356e-01 6.924230363212088291e-01 -7.962348369350599198e-01 -5.560763122747151010e-01 -1.622116633779456141e+00 -1.740719510645635515e-01 2.708798979600066104e-01 1.413083646128429294e+00 -4.514002199067568832e-01 -3.362942687995420510e-01 -3.244244866474730316e-01 -1.048253319557225671e+00 1.022917312890985864e+00 -5.130804237640214094e-01 5.082861582661976074e-01 8.115158978316779903e-01 6.333517896479820553e-02 -5.110280514243654704e-01 5.843136379040081430e-01 7.640638686078354835e-01 6.239779958207207766e-01 2.853009866002979011e-01 -6.887635152233553826e-02 -1.419691699130558149e+00 6.150168009307732664e-01 5.253845960953892336e-01 -1.877877730217441254e-01 -9.160831087170535902e-02 8.818650842730063610e-01 8.474225139373803284e-02 1.443430900565782216e-01 3.721262640834419599e-01 -3.313712173794727267e-01 -4.180398211973783695e-01 -2.281639394416018762e-01 1.656175921379038574e+00 7.821750303470188515e-01 -1.107964138893236944e-01 5.531430876293786936e-01 6.221850685106180556e-01 -8.018726699498683885e-01 1.154965345535901911e+00 1.435239285678667764e-01 2.968051756316184009e-01 5.819663159254531148e-01 3.574244002540210574e-01 -1.021820564691063860e+00 -4.802712019071763705e-01 4.379559634759304099e-01 -6.111941176508168816e-01 7.607236934126624384e-01 -2.629017944503323490e-01 -7.995302467917647649e-01
-8.648007739091008617e+00 -2.954388994755980491e+00 -3.523348676208709840e+00 4.241113932720453228e+00 7.310226928776486943e+00 4.111077560837474998e+00 4.399796909611327855e+00 -5.240038455762481284e+00 -7.022309205422594403e+00 -1.652560341029071012e+00 -2.722334663462701698e+00 -1.638557745898944873e+00 -4.685477209354506734e+00 -3.471838470422268230e+00 1.272822648897539433e-01 6.910109087636041814e+00 -1.099645697210692319e+01 -8.495721710380534475e+00 -1.288076633984625197e+01 6.698010975048851456e+00 4.086934525461389356e+00 -2.641036103229920662e-01 3.826726031724236421e+00 4.798715204164368586e+00 -6.745964010682255818e+00 -2.442416816370344357e+00 8.728097324618742547e+00 3.983774906739875110e+00 -4.891837001486059044e-01 -1.101917070641427410e+00 3.439771084682063051e+00 -5.413175206000826467e-01 -3.517395014007600018e+00 1.100330621151979571e+01 -5.421064800599489919e-01 1.177848573484474493e+01 -3.963757224372254750e+00 -1.297574609006658442e+00 1.161277325638699942e+01 -6.874521433255301517e+00 -7.314620938205194989e+00 8.311618270092317573e+00 -3.891650777243336634e+00 3.647086440721489353e+00 1.392160970393174768e+00 -7.939820823090727231e+00 4.876791311365832549e+00 -2.794227555349733993e+00 3.221499542291411444e+00 6.169547987524162114e-01 -9.219169111548564999e+00 -1.695847733009171776e+01 3.057842943309925232e+00 -7.687587794778353301e-01 4.647276451860667734e+00 -6.119216025869900655e+00 -1.373533988518433668e+00 -5.016326196881554900e+00 -6.887230138207120156e+00 1.120675990450518533e+01 -5.538855270632531358e+00 1.205911199811683376e+00 4.008354971271052669e+00 -2.999866177038091219e+00 7.988327005504881839e+00 -6.659710530793897520e-01 1.444461322847619122e+01 6.831111781128030858e-01 -4.414592187178201677e+00 3.725160586387776807e+00 -4.867110067794240713e+00 1.092280449235517281e+01 7.461304250582366571e+00 -9.664710905868430402e+00 -1.413574895971582146e+00 5.269937080079448499e+00 7.556187806022574449e+00 2.561214899335285011e+00 1.634572801284598143e+00 -5.834059079468792319e+00 -4.546217684329625364e+00 -4.523352828308803808e+00 8.538240881706220975e+00 -8.676459289208973136e-01 -5.847495438500346587e+00 -5.689190774970551145e-02 1.121780952296121825e+01 -1.308713175474249191e+01 9.482824543182992727e+00 -5.485429002815927824e+00 1.581343273511546466e+00 1.252964775719401236e-01 -2.757206357653584572e+00 7.300092320752295250e-02 -1.185515888006787932e+01 -7.945771401483201046e+00 -7.317904372909842081e+00 3.826623644937273472e+00 2.679204441526348290e+00 -8.070396867227767501e+00
-2.881349734293699449e-01 1.908824800184178924e-02 -6.314780153203859436e-01 4.803357177105677112e-01 -3.396072788398702968e-01 4.680639323054328060e-02 -5.768172090551835218e-01 1.940441995141297393e-01 5.235123977821770636e-01 -9.682262053846338312e-02 6.833281501868260221e-01 -3.266428242104525426e-01 2.331108216544467149e-01 6.792205495745418098e-02 1.306073276791214210e-01 4.379346666827473866e-01 5.296701712572953191e-01 2.628703795032513169e-01 9.221034054722925255e-01 1.172958594628255649e-02 -4.012653960383018581e-01 -5.309007485515648134e-02 -1.947144611528846547e-01 -5.011625155244323754e-02 5.259056107072733743e-01 -9.162772856487680362e-02 -6.695937610132058904e-01 7.904936040038318401e-02 -2.665683317249946671e-01 -4.412705097593447867e-01 -6.467121972658612661e-02 -1.228406598688163293e-01 1.311025266281639068e-01 5.566351732463834523e-01 -1.116385211155005025e-01 -2.526437942269685322e-01 -8.119379634333335760e-01 -2.519210544386750183e-01 -4.315060394746778050e-01 8.051264826482120718e-01 2.348593717992570051e-01 -1.237046560557464980e+00 3.087625622258455271e-01 -4.045187724866095708e-02 -2.113700392573968356e-01 -2.290417615934475792e-01 1.073091749637771208e+00 -2.844198656873911379e-01 4.500903123811095807e-01 -6.561879362386187076e-01 2.684443908839048709e-01 -4.232619806454205325e-01 -3.708231379537842431e-01 2.198099993922647544e-01 1.069579076364900017e+00 -2.653216934471786664e-02 -7.487298348691585892e-02 -1.006579755259914832e-02 -7.222347677926407306e-01 4.805414020545592524e-01 2.330117931490688387e-04 5.214207585966951219e-01 5.518878482823722509e-01 -1.963087471979998444e-01 -5.386900025709914219e-01 5.105762765713585116e-01 -3.773143046446741228e-02 2.796675342707623524e-01 6.418239929324621729e-01 -6.239432811420800307e-02 -9.915182153822063027e-01 -6.138603665581499925e-03 1.923263159698769542e-01 6.236432950408077325e-01 5.149837282108343794e-02 6.937319220905524553e-01 4.722566562346446756e-02 2.180011581036727375e-01 3.839279195778352860e-01 -2.931503583845738170e-01 -4.256676400215842482e-01 -5.146844909993541356e-02 1.144538647441147194e+00 4.063775115710143715e-01 -7.591391700014668564e-02 2.741481312242205481e-01 -1.981684547769916802e-02 -7.035712811393443275e-03 5.725850592545024265e-01 2.894837274192913479e-01 2.046649845806787216e-01 6.361051098139043347e-01 5.314731899822372485e-01 -9.738154937743933592e-01 -2.259438453603810071e-01 8.633193120259149422e-01 -3.550495972993488736e-01 7.241366116409588827e-01 -1.001473246574425546e-01 -3.530640347155812875e-01
-3.596038667447465365e-01 -3.098352771826391391e-02 -6.632558647369481974e-01 5.092099983632388804e-01 -2.900367127060577421e-01 8.410780896653841099e-03 -5.383303079726674545e-01 1.854720964664118843e-01 4.714499363905802487e-01 -1.713037855137115872e-01 6.594120648166224008e-01 -3.258191400896476297e-01 2.211275915521531132e-01 6.704002713479910447e-02 1.348942884711972490e-01 5.025370008345819706e-01 3.997855094017921940e-01 2.313076794341901166e-01 8.271426477224274043e-01 5.793287620783461184e-02 -3.791896693896695814e-01 -6.548371618483854462e-02 -1.378797433288125318e-01 -4.100282209364690400e-02 4.866075252229418169e-01 -7.964356787445953101e-02 -5.581300722214549426e-01 1.643448978285680095e-01 -2.996181633386767462e-01 -3.914464857039594015e-01 -6.311436294958856774e-02 -1.278877837104479831e-01 1.261559354273792677e-01 6.317813497147087842e-01 -1.091791327038216519e-01 -1.262404404168977479e-01 -8.636324615654390469e-01 -2.567009781876314345e-01 -3.893927111830519094e-01 7.613313048091221447e-01 1.870103476945282339e-01 -1.211452085058737804e+00 3.382270720405127218e-01 -7.003207238786199329e-02 -2.110535642117630228e-01 -2.885398933487446915e-01 1.133496661916186810e+00 -3.419073041355214504e-01 5.003907389136307282e-01 -6.855791638273053268e-01 1.444243656414810895e-01 -5.964110171560442764e-01 -3.473989526786281923e-01 2.393632832312616310e-01 1.134058793812741994e+00 -9.366070742895075962e-02 -1.194444152774258028e-01 -6.046872440411966282e-02 -7.758947431767883041e-01 5.529084881500244686e-01 -8.292337554361067786e-02 5.268150241336545525e-01 5.860791792295093616e-01 -1.495935192611124454e-01 -5.563106304511541422e-01 5.233462446131699197e-01 7.548603817645205272e-02 3.291354253226915216e-01 5.908798490534541425e-01 -7.731459336053725373e-02 -1.061217601009369016e+00 7.787946090050273940e-02 2.310020922117354825e-01 5.014896305840892410e-01 2.689249145177341829e-02 7.152656678908199117e-01 3.506609486111725293e-02 2.091244361407292862e-01 3.911438867776024786e-01 -2.955246585886749378e-01 -4.111577581878260723e-01 -7.440213148536553578e-02 1.227374974536356023e+00 4.705533772767191980e-01 -8.131992610382961228e-02 3.225286149180806028e-01 7.235508898285233914e-02 -1.199920025025310311e-01 6.650328447790624375e-01 2.735980769046213457e-01 2.194237556280450863e-01 6.320100650762039418e-01 5.041303994990973258e-01 -9.930903291624654239e-01 -2.565849033275258706e-01 8.115801406991142164e-01 -3.935219651310577493e-01 7.331545603209728146e-01 -1.323463531049132169e-01 -4.221061692973622215e-01
-3.232107488145748442e-01 -6.510027426012036239e-03 -6.479485874562994629e-01 4.942726574866386224e-01 -3.160623107076955263e-01 2.602449340184364093e-02 -5.579066104268963766e-01 1.897831363819039163e-01 4.962357343510039320e-01 -1.351358092150876100e-01 6.731285879007423700e-01 -3.269404656616419769e-01 2.263303017694290598e-01 6.938631281787656369e-02 1.323898151503873355e-01 4.709779969418148027e-01 4.648090308514212232e-01 2.473918635147890344e-01 8.758188542013355393e-01 3.432180357243533320e-02 -3.919891164062051514e-01 -5.907406017973377416e-02 -1.661470051584408580e-01 -4.834254924110185231e-02 5.062802605778038423e-01 -8.522188675805662805e-02 -6.139641860024039888e-01 1.224454101150465324e-01 -2.841786142080488520e-01 -4.165752684456853205e-01 -6.630329220468267337e-02 -1.254009735715911900e-01 1.296822554310308184e-01 5.944253811647591812e-01 -1.104311738304643853e-01 -1.904198885396379826e-01 -8.388212702267416887e-01 -2.544868765423540791e-01 -4.114904044873158862e-01 7.839862541747095737e-01 2.122006315364967088e-01 -1.226133432727695816e+00 3.240363140644869078e-01 -5.627486689401336312e-02 -2.114969432590234899e-01 -2.581549173218845028e-01 1.103215743791256864e+00 -3.143987579972869484e-01 4.771515204871871751e-01 -6.716836871090311467e-01 2.065327233495225512e-01 -5.087845164482663884e-01 -3.601169072505454039e-01 2.314222285722922490e-01 1.103476132216063998e+00 -6.061808244476188379e-02 -9.774095955525584356e-02 -3.601541828271409562e-02 -7.496176947383479394e-01 5.155186613841710175e-01 -4.193352485613813935e-02 5.250855389215791647e-01 5.682293895640085912e-01 -1.722843784973385195e-01 -5.502980371600914022e-01 5.170400815853520848e-01 1.796590332262990725e-02 3.039411855492670789e-01 6.168301844522775523e-01 -7.166601185625352810e-02 -1.027011808966640238e+00 3.432833228767146611e-02 2.101954755219815341e-01 5.626359809164588333e-01 3.850998001147542399e-02 7.036523500285267740e-01 3.895167451672158776e-02 2.142425567604009096e-01 3.890232097321554283e-01 -2.940301180612800436e-01 -4.167663650485861626e-01 -6.259749999584919566e-02 1.186528851771376347e+00 4.390744404703674220e-01 -7.904383993548684539e-02 2.990400429906431290e-01 2.569585944120894930e-02 -6.263229486034672944e-02 6.196460916071352409e-01 2.823040811246088078e-01 2.123503509932029576e-01 6.345368192912048677e-01 5.174563872257148534e-01 -9.851708701408711244e-01 -2.406406430722803080e-01 8.390841554664009161e-01 -3.746282406390917252e-01 7.292391219517068146e-01 -1.171875154856729107e-01 -3.879844974103944244e-01
-1.305511759774160474e+01 -7.581464618019629675e+00 3.966572759722107211e+00 -1.894736290216063823e+00 1.817192989447990925e+01 3.766344941808072999e+00 5.906864138506356277e+00 -2.495388321250165475e+01 -1.464887388267463031e+01 2.735589053458468700e-01 8.542477738148770428e+00 -1.528299564379305142e+00 -2.577836015940928860e+01 -5.919943870783440920e-02 -3.339345400778594541e+00 1.922790485179400477e+01 -2.630474299283511286e+01 -2.374450430169707715e+01 -2.207546360794957607e+01 1.578899830393674009e+01 9.343729523922906566e+00 9.633214341681886950e+00 3.930838706006951622e+00 5.708226584947293070e+00 -2.581824338423009024e+01 -6.015486553554755034e+00 2.319106926748171915e+01 9.375766842238680843e-01 1.835297576687577426e+00 -1.379919307166841058e+01 7.294117537956819497e+00 -8.106312227215756394e+00 -9.888663195423534447e+00 3.361979211163122017e+01 -9.925495748832798171e+00 2.004482736967119294e+01 -3.119686359001510034e+00 -5.205111063137096927e+00 2.881739027890103344e+01 -2.279539763742504732e+01 -4.715416474749647868e+00 2.278203137713292392e+01 -4.719791864894137490e+00 1.564029633683592202e+01 5.010950813199193554e+00 -1.820693318605969679e+01 -1.694281026941554247e+00 -1.051737848941868414e+01 2.085568511274411563e+01 -3.656339782927464199e+00 -2.136595314102810406e+01 -2.529052185230433025e+01 5.828663382918009894e+00 -1.400667816581209557e+01 1.398601322508689826e+01 -2.186514806505589803e+01 -1.093239500207219450e+01 -4.827454012148804985e+00 -1.671832429584194202e+01 1.679021353784543180e+01 -6.021773621594098458e+00 5.942057862289065184e+00 -2.199990053650571653e+00 -1.227403936313316279e+01 2.194520337733822402e+01 1.749861364945451525e+00 2.801303217099123444e+01 -7.761143825455808276e+00 -1.095841193078146780e+01 1.543392871974010561e+01 -1.511774383759599161e+01 2.040476908661629807e+01 1.722308434650598485e+01 -1.453358574839012896e+01 -1.949867163149180849e+00 7.061222733026795595e+00 1.909277856605487855e+01 8.401851344954659240e+00 1.261210874843475516e+01 -2.828883559858807928e+01 -6.419614603073298120e+00 -9.053694064896916416e+00 8.810838268148200925e+00 -1.126488029156545068e+01 -2.343457719018748620e+01 8.734951100292223103e+00 2.610844637016175085e+01 -2.930302506049364197e+01 8.173938963338367003e+00 -1.233911519234600895e+01 1.744762412175822064e+00 3.757211654678057844e+00 -5.715940514192028310e+00 3.336017681701922921e+00 -3.105349258875898499e+01 -8.199343956556774060e+00 -1.735207927318461074e+01 1.235942365707186497e+01 1.587541678678721979e+01 -1.519054990307991737e+01
-3.397918410934048783e-01 -1.762239696078115453e-02 -6.548805695258739235e-01 5.010950647394385449e-01 -3.041794971532262304e-01 1.807227404176220409e-02 -5.490241249474683283e-01 1.878335195950830705e-01 4.851081118728149955e-01 -1.515528170438576738e-01 6.668053770775853595e-01 -3.263641946818286455e-01 2.240472678531699180e-01 6.825055201252801240e-02 1.335852018670726227e-01 4.852925070145651110e-01 4.352104238080971577e-01 2.401097214628845067e-01 8.536258292678569060e-01 4.509057841182807086e-02 -3.860605997878605034e-01 -6.197176451700340399e-02 -1.532916844533521172e-01 -4.483040404272818635e-02 4.973143465235028149e-01 -8.269681095600703302e-02 -5.885659767285769117e-01 1.414632979129110124e-01 -2.911416030976005098e-01 -4.050847866283820986e-01 -6.470153228798819489e-02 -1.265619851374798766e-01 1.279928034761130540e-01 6.113760363100059214e-01 -1.098858578160296778e-01 -1.611611840235069870e-01 -8.500612655553376751e-01 -2.555022217659902450e-01 -4.014214327344421407e-01 7.736581321268114486e-01 2.007033625319974424e-01 -1.219381943624800568e+00 3.305430641851717088e-01 -6.250343689916602885e-02 -2.112884944326878234e-01 -2.719939574040907138e-01 1.117039969048769121e+00 -3.268615771475982812e-01 4.876078679581625219e-01 -6.780022943260921586e-01 1.782723013695130254e-01 -5.487152592650650362e-01 -3.542534515850858656e-01 2.349104372626044934e-01 1.117321450025295926e+00 -7.560518036331125014e-02 -1.075796110742849587e-01 -4.705229025377091062e-02 -7.615633927531456626e-01 5.325976174259644536e-01 -6.058759989745304136e-02 5.258359848262496028e-01 5.764060415362012302e-01 -1.619503879740345764e-01 -5.528989974532501073e-01 5.199216742426537863e-01 4.417425189850176376e-02 3.154331639506820495e-01 6.049893461674952233e-01 -7.414588523316394120e-02 -1.042540775940543396e+00 5.426464249224331737e-02 2.197288054894947495e-01 5.348244101987797983e-01 3.329763542780901642e-02 7.089612316169244810e-01 3.728381623041065324e-02 2.118194309533518727e-01 3.898725227632031665e-01 -2.947021357737132918e-01 -4.142825514626466976e-01 -6.797092308965631269e-02 1.205112033342516042e+00 4.534186711274130754e-01 -8.000989918589571093e-02 3.097116349022694948e-01 4.695105620140613972e-02 -8.875597453452345464e-02 6.402280728068376892e-01 2.783059724644049715e-01 2.155282964263780243e-01 6.333747691618021314e-01 5.114463211685601474e-01 -9.886589577732619594e-01 -2.478798681327464837e-01 8.264874372789284829e-01 -3.831507617589876014e-01 7.309906385739771695e-01 -1.240430346306807957e-01 -4.034781002472951350e-01
-1.333385802217007843e+01 -7.766287345638968276e+00 8.144712080718289116e+00 -5.685689723755108282e+00 2.062804620048149928e+01 3.160074780955876239e+00 5.223739111331648033e+00 -2.807799882498480670e+01 -1.317766167196580795e+01 9.899384048253565549e-01 1.183702793810910237e+01 -2.120708172215346465e+00 -3.020244513406981923e+01 -6.784383850223851820e-01 -4.893672450845503619e+00 2.386408924501557749e+01 -2.984114304363392733e+01 -2.684082402730664896e+01 -1.999448056625297099e+01 1.712210335563225172e+01 1.137427948786495335e+01 1.207180926203116300e+01 5.488462836007547807e+00 5.511551272535086810e+00 -2.900997956909323250e+01 -6.196293091326822378e+00 2.620023722523569276e+01 1.617133131620501985e+00 2.753790620129127564e+00 -1.510220950713416777e+01 8.506427149298794177e+00 -1.002924205037908933e+01 -1.045109374235024902e+01 3.808243029057868512e+01 -1.272217002560621069e+01 2.311237238696724816e+01 -2.112119674875950981e+00 -4.366001437349503078e+00 3.111962068630279177e+01 -2.523965297144412290e+01 -4.627831817110956258e+00 2.357819808433205466e+01 -3.892874804465591421e+00 1.914435319796707091e+01 5.411750984418232768e+00 -1.817134359594415471e+01 -4.018743685217505579e+00 -1.312325178174529938e+01 2.621538760280042624e+01 -4.951856428294285628e+00 -2.420752458972186005e+01 -2.466669563630080120e+01 5.333541348182794906e+00 -1.848868947641163984e+01 1.562662059775719570e+01 -2.575521347906225600e+01 -1.272888742506534854e+01 -4.258063295143487359e+00 -1.602409300031315809e+01 1.446950630554122519e+01 -4.537121140002377651e+00 4.448847166138536480e+00 -5.802779792831525008e+00 -1.309697221374160314e+01 2.317499787723570037e+01 3.522482783234882842e+00 2.953097128901224977e+01 -7.179394094832624695e+00 -1.204124358613344192e+01 1.927031997322744417e+01 -1.959946074638420299e+01 1.971476385355295236e+01 1.869873950400873852e+01 -1.382307411162777200e+01 -1.590203238967244470e+00 6.634262502489588265e+00 1.995756417283606865e+01 7.915056774522238214e+00 1.697267183284627023e+01 -3.318114688820565306e+01 -6.275374003019003055e+00 -7.632102592935832597e+00 5.714977416445303326e+00 -1.357098703661319128e+01 -2.789872212211361102e+01 1.401296751137414809e+01 2.789058654251365610e+01 -3.167205614424412019e+01 5.820955792278576624e+00 -1.223723944771826311e+01 4.380327105741694815e+00 5.774849019519566085e+00 -6.693321431298642210e+00 4.171664330985970004e+00 -3.329813638447187429e+01 -6.566171777042257851e+00 -1.898560720206819497e+01 1.306359465954832721e+01 1.858158477668973063e+01 -1.501493047645594636e+01
-2.881739484753073066e-01 1.910058112368774250e-02 -6.314527508586916804e-01 4.803602732391365482e-01 -3.395590826601326828e-01 4.681531985879707619e-02 -5.767784185146898057e-01 1.940501513136893841e-01 5.235726768854659374e-01 -9.679913050355254400e-02 6.832879579440892526e-01 -3.266034467931465679e-01 2.331628884235358301e-01 6.786649188171428593e-02 1.306364410325742687e-01 4.379094250502060803e-01 5.296053639520641454e-01 2.628798001747800761e-01 9.220356296751496261e-01 1.175562307089675872e-02 -4.011875862988306118e-01 -5.309492807386417129e-02 -1.947078910585607059e-01 -5.001964625082811616e-02 5.258871450950691750e-01 -9.162491993658865297e-02 -6.695584556866550630e-01 7.904207652604734735e-02 -2.665333367954829669e-01 -4.412184059866096630e-01 -6.458566948330732305e-02 -1.228475957879328756e-01 1.310619219247498579e-01 5.566351021499983398e-01 -1.116480579887105945e-01 -2.525817864421553427e-01 -8.119230366870141546e-01 -2.519265680888382875e-01 -4.314830837413715092e-01 8.050902241687128980e-01 2.348149637701858750e-01 -1.236991946701714529e+00 3.087737178885076039e-01 -4.043323449361409944e-02 -2.113681298791501018e-01 -2.290789020261052855e-01 1.073120063400378132e+00 -2.843996755721122649e-01 4.500504550739433673e-01 -6.561890306148557839e-01 2.684038018354812927e-01 -4.233573620164520768e-01 -3.707742223499816969e-01 2.197232729729098610e-01 1.069526459696255483e+00 -2.653732598413550275e-02 -7.485385251357531966e-02 -1.004124741064339396e-02 -7.222295546291787049e-01 4.806088737171941849e-01 2.171899875343652464e-04 5.213872661633637273e-01 5.519336694518298669e-01 -1.963094950144526341e-01 -5.385827304588738373e-01 5.105804244343802312e-01 -3.767317711018906834e-02 2.797052100246686934e-01 6.417878773650214086e-01 -6.232014463090183171e-02 -9.915160508315250532e-01 -6.059967346573168906e-03 1.923721580854011737e-01 6.236160199512823521e-01 5.152957605777265526e-02 6.937798028587204291e-01 4.730100465111768127e-02 2.179518776906527733e-01 3.838522330719484899e-01 -2.931496771509107258e-01 -4.257198866169857876e-01 -5.146819725112547483e-02 1.144561957256296392e+00 4.064119050031032576e-01 -7.586465575206942369e-02 2.741397664869633655e-01 -1.976869602111416477e-02 -7.108073455890629409e-03 5.725535985291068108e-01 2.894379370764478265e-01 2.046474994100590805e-01 6.361047768575374128e-01 5.314769322870849244e-01 -9.737556451878883745e-01 -2.259535304156271018e-01 8.632643302333147250e-01 -3.550377405111980744e-01 7.240997469941018450e-01 -1.001350132722888392e-01 -3.530793532410159141e-01
-2.881209793041170641e-01 1.926157676989859874e-02 -6.313391189457642216e-01 4.803630008095609027e-01 -3.395044839543177040e-01 4.709862263846853470e-02 -5.768247144875846555e-01 1.940519783197692527e-01 5.237945835170012554e-01 -9.653084118082580489e-02 6.831162548364573261e-01 -3.265353712407532694e-01 2.332551619751771499e-01 6.764890149440151712e-02 1.306603078498656534e-01 4.377106383275449208e-01 5.298743862724788478e-01 2.628835001068245414e-01 9.220893681155136745e-01 1.172638954848568942e-02 -4.010268455002635180e-01 -5.309973357671393668e-02 -1.948347641551896603e-01 -4.972397513585308931e-02 5.259654163536465754e-01 -9.171752373096296596e-02 -6.697819898441854658e-01 7.880559735074736671e-02 -2.663569290626325858e-01 -4.413146526063471131e-01 -6.431898368126406917e-02 -1.228284286356667171e-01 1.309510796056477244e-01 5.564717644694104903e-01 -1.116330405859619762e-01 -2.527115266773701241e-01 -8.117024192187063392e-01 -2.518948903622608704e-01 -4.314292311183223205e-01 8.050904829059294388e-01 2.347482562282362240e-01 -1.236817748503308723e+00 3.086370719028882492e-01 -4.025320053818708804e-02 -2.113360680040926587e-01 -2.290439687795039481e-01 1.073008993356060481e+00 -2.841486049108793432e-01 4.497262762288847804e-01 -6.560206492607086881e-01 2.686441947249387785e-01 -4.231289305806790746e-01 -3.707040474013548748e-01 2.195068899219376202e-01 1.069215952840786077e+00 -2.634990337527432641e-02 -7.471061864576344913e-02 -9.874752453128490121e-03 -7.220707527749576915e-01 4.806027159102280177e-01 4.638035368784341702e-04 5.212696798975505752e-01 5.519371155559302800e-01 -1.964753698174391827e-01 -5.382351782856914513e-01 5.105424637695212819e-01 -3.779489107580734364e-02 2.796538755339601501e-01 6.418494926186681937e-01 -6.208057496225100752e-02 -9.913064742118534722e-01 -6.055377080857895708e-03 1.924764287304366051e-01 6.238374953535841261e-01 5.164773658191659789e-02 6.938265450210393537e-01 4.757379002653525091e-02 2.178993897391260093e-01 3.836890921747146410e-01 -2.931843515426115210e-01 -4.259384579364375312e-01 -5.147945135232410291e-02 1.144326563515349005e+00 4.062013097056270672e-01 -7.584046764548672825e-02 2.739568339511683215e-01 -1.989575717724409443e-02 -6.971575692369446318e-03 5.723008819999247931e-01 2.893916076938072290e-01 2.045901205709942106e-01 6.360446362428503475e-01 5.315750095178815027e-01 -9.735320919594979694e-01 -2.259798303117842300e-01 8.631701607764250550e-01 -3.549329497234641750e-01 7.240272837984775833e-01 -9.995999291321627789e-02 -3.528923114114992376e-01
