-1.338631502047950228e+01 -7.768501309959063406e+00 9.109980138320000975e+00 -6.559453012322973287e+00 2.116115356097862943e+01 3.079763070610779252e+00 5.002448267696644635e+00 -2.867984799203831514e+01 -1.273565549546078657e+01 1.155231063360448562e+00 1.250507713827090761e+01 -2.345532888284901585e+00 -3.113087629869180617e+01 -8.952997809603966406e-01 -5.233399441180782929e+00 2.496663704954780627e+01 -3.066195461003841061e+01 -2.755035201899590191e+01 -1.939108799060306154e+01 1.741699540173188865e+01 1.181449073534385441e+01 1.260226435418528901e+01 5.940389144447236092e+00 5.462755075795059589e+00 -2.967415688955605191e+01 -6.216071793987224758e+00 2.678977900663639389e+01 1.861349768033777385e+00 2.972145994881456588e+00 -1.527936509631392248e+01 8.801449213036253383e+00 -1.044246074356693299e+01 -1.056626640356922664e+01 3.899889564631439498e+01 -1.337032205360724291e+01 2.389944108048217331e+01 -1.872152700284341664e+00 -4.058854993958048496e+00 3.163759615674748815e+01 -2.570906329436882132e+01 -4.675598451669747746e+00 2.364134467037158771e+01 -3.685792607747128802e+00 1.998438767099275282e+01 5.484978636329170598e+00 -1.807233366753496639e+01 -4.512038737464649785e+00 -1.370346775992855015e+01 2.740349180406746754e+01 -5.197085522665203072e+00 -2.480899908057135761e+01 -2.444920141277221504e+01 5.203456853756144973e+00 -1.949705617658436196e+01 1.599445534063832142e+01 -2.653624145779738797e+01 -1.302810058556174688e+01 -4.119475428866186562e+00 -1.575686282329086652e+01 1.387251975320977238e+01 -4.183612170423788967e+00 3.993638390024454754e+00 -6.661370852478496474e+00 -1.323462978547428470e+01 2.340397130479531285e+01 3.897196538342214023e+00 2.984883714114527464e+01 -6.915517113584811248e+00 -1.227415294437256676e+01 2.013816663765515358e+01 -2.064133177234686300e+01 1.947483545960198015e+01 1.895482652903788789e+01 -1.361437081518219472e+01 -1.446371718500006454e+00 6.512505545815005625e+00 2.009230843641865505e+01 7.703950556530005045e+00 1.801781782374847651e+01 -3.421483169520878675e+01 -6.245445337807581154e+00 -7.228218975058488205e+00 4.966763044341629296e+00 -1.408785212565283373e+01 -2.889001643882403414e+01 1.522218268859360890e+01 2.818828804300426683e+01 -3.214721152581958563e+01 5.292563409634616356e+00 -1.218058958991643870e+01 5.049609895943340199e+00 6.258131629309942490e+00 -6.938503383609039510e+00 4.365309771613368639e+00 -3.372719634422831092e+01 -6.221485565237606430e+00 -1.934343962297847241e+01 1.317996716232078569e+01 1.916857732374108991e+01 -1.486616197592953625e+01
-3.388588287494747053e-01 -2.147326099109792344e-02 -6.584644815567053389e-01 4.997437957673748210e-01 -3.080663496373852173e-01 1.003615873053006168e-02 -5.488785261191192477e-01 1.874940327947895724e-01 4.766284943338973124e-01 -1.582542916559832591e-01 6.741231421707143401e-01 -3.301743657138897503e-01 2.195652233932446629e-01 7.646512890303426568e-02 1.315197382157717310e-01 4.905231660342314060e-01 4.321542169512154197e-01 2.400691771957116916e-01 8.560294507302889100e-01 4.397346525324374866e-02 -3.936107262341241309e-01 -6.156027453653236531e-02 -1.511022844192516645e-01 -5.784115835217090718e-02 4.961852847069426198e-01 -8.069923030394823837e-02 -5.858181896797339805e-01 1.471762905770967189e-01 -2.969333598074390679e-01 -4.054398373246625997e-01 -7.592379274725838401e-02 -1.266495673539355382e-01 1.330015718244342837e-01 6.147684780808828631e-01 -1.095806673766241413e-01 -1.625544362719954783e-01 -8.560334715714454923e-01 -2.561231169042810785e-01 -4.043417612483500845e-01 7.755497617297444357e-01 2.049281552681451457e-01 -1.226588248336471842e+00 3.327911367891797645e-01 -6.744764183659433809e-02 -2.123205211406223314e-01 -2.706823734158230188e-01 1.117533001650422575e+00 -3.337253907068530312e-01 4.978457154603080359e-01 -6.817437505656593899e-01 1.753762240006182527e-01 -5.484446659668347213e-01 -3.584654535940063891e-01 2.443013899721773463e-01 1.126282364148113890e+00 -8.011332430770357060e-02 -1.113791730638226674e-01 -5.270431491165028515e-02 -7.652526644946971990e-01 5.289683679945671457e-01 -6.516290312008211905e-02 5.301164494843321195e-01 5.733049323256993457e-01 -1.584427016300654356e-01 -5.659269255369767659e-01 5.202875049481300307e-01 4.342115240995844672e-02 3.143805951812632671e-01 6.058431827994947838e-01 -8.257192732756549192e-02 -1.047074169075633776e+00 4.891765763716240945e-02 2.142092317264706336e-01 5.316965268720937887e-01 2.889805721614461045e-02 7.058097283203953465e-01 2.747658300581866386e-02 2.154387505371491429e-01 3.974808445372657317e-01 -2.937577653182585347e-01 -4.066499536830436856e-01 -6.740729774820963804e-02 1.209413634007820981e+00 4.570887525023640263e-01 -8.296831475385862964e-02 3.138455029793562057e-01 4.710874297830174029e-02 -8.806990705625361571e-02 6.467577686759258260e-01 2.811721788796134880e-01 2.176587599693469433e-01 6.351214032716093749e-01 5.084517212996376712e-01 -9.972295176662577809e-01 -2.465360797597376252e-01 8.325897658093928122e-01 -3.865670020471107526e-01 7.338875356848449938e-01 -1.290696027193381501e-01 -4.072794921139710200e-01
-1.292292725223031624e+01 -7.415355310099035258e+00 2.496903385332484682e+00 -5.685305195925173249e-01 1.721900888676789165e+01 4.095308645232345057e+00 6.027688511905166635e+00 -2.356453391790727281e+01 -1.493047682061202508e+01 1.940872716271418302e-02 7.180558654897446047e+00 -1.491746742728387032e+00 -2.399938421485566309e+01 -5.995529262038733903e-03 -2.760148298088597851e+00 1.764743197023230437e+01 -2.502292457872924203e+01 -2.261068189862805511e+01 -2.252318796597607076e+01 1.526826366583533456e+01 8.585895059883128511e+00 8.688750246311185421e+00 3.569429370230805088e+00 5.763528166609982684e+00 -2.449905606976082595e+01 -5.906683272720299804e+00 2.190746601892135459e+01 8.798842293089420563e-01 1.527664304403021145e+00 -1.306202064342610214e+01 6.883992200461508837e+00 -7.354606663206006090e+00 -9.635105231814163673e+00 3.178535465200481269e+01 -8.925079517400957840e+00 1.910244438093372921e+01 -3.472032464336800128e+00 -5.278320412718467303e+00 2.791831635176740534e+01 -2.170361191902609477e+01 -4.905344264557865763e+00 2.221467899535874935e+01 -4.988590911814876350e+00 1.444917158068510865e+01 4.818910744865501528e+00 -1.799667708866503091e+01 -7.820021080377272948e-01 -9.548493557669393894e+00 1.885004914805865894e+01 -3.095748591029380048e+00 -2.024583800980942527e+01 -2.533941469431302806e+01 5.959371308169363779e+00 -1.235407083671928952e+01 1.334945388267203370e+01 -2.025980423442505440e+01 -1.005073504044296939e+01 -5.015322026505058872e+00 -1.670923550279487912e+01 1.743965664732476739e+01 -6.514198690298149685e+00 6.230127177190773580e+00 -9.816436300553008643e-01 -1.184567060846613629e+01 2.136241325673560709e+01 1.069596106753003761e+00 2.738425468194689572e+01 -7.688342989637560798e+00 -1.052659371084259199e+01 1.403312100480234825e+01 -1.355135910841231883e+01 2.045092220519007142e+01 1.651984191297125903e+01 -1.468196374110464220e+01 -1.961061117802333165e+00 7.155234473404789242e+00 1.862713773249148375e+01 8.356410430595703431e+00 1.113303434967392391e+01 -2.633058526229754293e+01 -6.468127861716868487e+00 -9.373105201819292631e+00 9.813406737600985252e+00 -1.039570412854844150e+01 -2.174315703923969068e+01 6.865853564395584918e+00 2.522444765380891596e+01 -2.829087810090701538e+01 9.018544974436583317e+00 -1.228452078079009091e+01 9.737058053141497416e-01 3.086843664373434049e+00 -5.405389611457267485e+00 3.028287447030113988e+00 -3.004149166068886245e+01 -8.823308786152004757e+00 -1.670876553254688801e+01 1.199200317196656052e+01 1.480615037876392748e+01 -1.503899545250403769e+01
-2.863454631389210081e-01 2.515659403617866163e-02 -6.265320287217273076e-01 4.807581678825234017e-01 -3.371769892622516474e-01 5.644052818765582513e-02 -5.782247468294087200e-01 1.947906620203357919e-01 5.340630462947101309e-01 -8.699116580846996682e-02 6.765577670176803338e-01 -3.229146968887809943e-01 2.383485021505535317e-01 5.931938176164158749e-02 1.323629834992988696e-01 4.299049419545045714e-01 5.378189655211248477e-01 2.641921250790939535e-01 9.231712193698654589e-01 1.107045431072358269e-02 -3.941586561970373825e-01 -5.309848646224965552e-02 -1.993788638637537247e-01 -3.709117999616546452e-02 5.284821675508771799e-01 -9.415266122478932465e-02 -6.764710600632237725e-01 6.982466668307253654e-02 -2.591572390663949288e-01 -4.427737512099508832e-01 -5.302688311787400605e-02 -1.227021866635196190e-01 1.260948484434367689e-01 5.502396332503900478e-01 -1.120509953437221901e-01 -2.560017000752471406e-01 -8.035649492386519599e-01 -2.510183646416490055e-01 -4.300401178932884982e-01 8.047848619869569786e-01 2.322681692328344705e-01 -1.230264546675678750e+00 3.052862324157460394e-01 -3.394595010357716325e-02 -2.102448426140385573e-01 -2.281639472133735191e-01 1.070068611775437439e+00 -2.748989692800553053e-01 4.375622353887730354e-01 -6.510968595256872993e-01 2.760836199612524688e-01 -4.170373087337600482e-01 -3.672749345586382996e-01 2.093009315163582018e-01 1.057531615149821080e+00 -1.948935973881424019e-02 -6.936614032530087626e-02 -2.512612591278656684e-03 -7.162194376439312560e-01 4.815399032297482118e-01 8.316459618256246550e-03 5.165339635354487813e-01 5.534432238421889139e-01 -2.018466116113320774e-01 -5.243018305258357881e-01 5.097001244479630877e-01 -4.120246325297671763e-02 2.788969184062170537e-01 6.428077185655426407e-01 -5.275904479205303227e-02 -9.840564249703663835e-01 -3.932861206863752859e-03 1.966242093639710975e-01 6.313487380354257938e-01 5.698180960992612482e-02 6.963554771840821944e-01 5.824367455273767036e-02 2.145039515580406397e-01 3.757377983267429777e-01 -2.941793774707124887e-01 -4.342109100613372741e-01 -5.126009168358473117e-02 1.136817656739342874e+00 4.001541716598351894e-01 -7.274793845937041481e-02 2.678466506176832573e-01 -2.348152644095088601e-02 -3.682506301007585497e-03 5.620875887667480253e-01 2.869041447783379217e-01 2.018560321631090726e-01 6.343198839913712916e-01 5.354196482342401531e-01 -9.641887664268010694e-01 -2.261933575679407615e-01 8.590179104314931147e-01 -3.501286792927700842e-01 7.204427411331394415e-01 -9.374142695038276130e-02 -3.463406117462861089e-01
-7.559091526133725480e+00 -2.475092175742085843e+00 -3.063658252675717453e+00 3.793469449286642092e+00 6.184764089835983469e+00 3.181908983494898369e+00 3.853660188757112248e+00 -3.661196362691550910e+00 -5.472829425490298938e+00 -1.747965911729584487e+00 -2.687238148957190376e+00 -1.202495115031620987e+00 -3.133788831446156831e+00 -3.417410196791483834e+00 1.994031860125155542e-01 5.815103876079938061e+00 -9.267023241422117863e+00 -6.642671508088522359e+00 -1.062792222745413362e+01 5.472494545834948987e+00 3.631255575069114450e+00 -6.941619785021621025e-01 3.552367918847273653e+00 4.319160655115586778e+00 -4.921892949760613867e+00 -1.819905555691376797e+00 7.421107332956966118e+00 3.998804049878002420e+00 -6.356618691625945949e-01 -2.354849407774403658e-01 3.062338958113672849e+00 -2.568591550564411352e-01 -2.641103945677757636e+00 8.930408480460368281e+00 -6.553014864460156297e-02 1.034883338428394595e+01 -3.486461836518719437e+00 -8.258167142070182987e-01 9.168242163401419731e+00 -5.438323182272153389e+00 -6.535264977706904510e+00 6.485511151449349754e+00 -2.983341640550833951e+00 2.480072652518168219e+00 1.015091101473782675e+00 -6.614904847293477275e+00 4.622095414386814483e+00 -2.442850213601430287e+00 2.391893355264641308e+00 4.206338283937371414e-01 -8.058479998306706804e+00 -1.488923254873956559e+01 2.461305267532595487e+00 -4.038176634593144132e-01 3.802554891087969846e+00 -5.094940964918155402e+00 -1.212596255381094723e+00 -4.420661303110372309e+00 -5.500189194580188179e+00 9.449043014714348487e+00 -4.758060474829544084e+00 5.956273540880915318e-01 3.734489152649661747e+00 -1.972159695192717388e+00 6.054886650314585950e+00 -2.467973488977937835e-01 1.211018091060581980e+01 1.498481377961866423e+00 -3.612641941744639595e+00 2.971666473506071604e+00 -4.482162920768588243e+00 9.116608772077054113e+00 6.390129298710506944e+00 -8.299476374140073887e+00 -1.388880810755940054e+00 4.656721871981877925e+00 5.947990454406746785e+00 1.813253341165249610e+00 1.069527198977103355e+00 -4.229753323594461989e+00 -3.875163907433032406e+00 -3.657015795748363995e+00 7.205186145566667477e+00 -1.315469494312521831e-02 -4.368175990945805331e+00 3.665589573882502283e-01 9.378175509187240522e+00 -1.100749330586216779e+01 8.219805795836528262e+00 -4.217455894409544825e+00 1.601411649222755917e+00 4.442655877269084674e-02 -2.246357605430700399e+00 -1.465065287341089928e-01 -9.295976485536277423e+00 -6.658235199234158408e+00 -5.965327855189768158e+00 2.857289753580349423e+00 1.666924660335582731e+00 -6.784415504917686413e+00
-3.213366639214986220e-01 -6.263724926342181809e-03 -6.479978692057630774e-01 4.933231046580600632e-01 -3.181169376570561202e-01 2.499812590793762390e-02 -5.588438317034922775e-01 1.899221135243859271e-01 4.955341209773150291e-01 -1.350531034781729811e-01 6.753363061874884110e-01 -3.278311830025275597e-01 2.256357577124591118e-01 7.138033216133485293e-02 1.317477928443148982e-01 4.706937101871668250e-01 4.669467161628679808e-01 2.481427961842903596e-01 8.785052315317994909e-01 3.300091107277279556e-02 -3.941461553188431166e-01 -5.871442709683398486e-02 -1.669996973147380159e-01 -5.145561220877113706e-02 5.068944617502335603e-01 -8.488411141191609666e-02 -6.156829393328030475e-01 1.217232953551793395e-01 -2.847633681009303364e-01 -4.177071491464264819e-01 -6.890664864774867504e-02 -1.252904491795106268e-01 1.308707169869370579e-01 5.934971775667250427e-01 -1.105471044740955894e-01 -1.934450337111524865e-01 -8.389428106014154007e-01 -2.546468787783444099e-01 -4.132273022990173295e-01 7.855179514653954920e-01 2.142397808503649914e-01 -1.228413313995692757e+00 3.239860949304259607e-01 -5.673237970569011690e-02 -2.117934784322974551e-01 -2.565881097421019441e-01 1.102017635372141369e+00 -3.145956157337531089e-01 4.783835160302640777e-01 -6.719999316669831302e-01 2.085864707736391210e-01 -5.048612192757128136e-01 -3.615687669881316180e-01 2.329670592731658829e-01 1.104044672758847545e+00 -6.013561173840652196e-02 -9.772794106469498421e-02 -3.607706828524519238e-02 -7.492748027087864360e-01 5.130174278668010457e-01 -4.118920001960554855e-02 5.259574844671177640e-01 5.668390133288416788e-01 -1.724391459888783562e-01 -5.528216416073198358e-01 5.168849210237164149e-01 1.517867425658611137e-02 3.026032308671769977e-01 6.180967429152007808e-01 -7.321714539426672774e-02 -1.026516383904527707e+00 3.135439081049370275e-02 2.080598122981694165e-01 5.645884672462234688e-01 3.826102828796983102e-02 7.024820890740020030e-01 3.693447323159042284e-02 2.151985735753235429e-01 3.905072535681048951e-01 -2.938056113488687338e-01 -4.153671550418894243e-01 -6.187994536630678916e-02 1.185864123733286979e+00 4.385828061730351890e-01 -7.947368355070071055e-02 2.988439808961014243e-01 2.368600976626611745e-02 -6.003126374915181834e-02 6.190087521537323001e-01 2.833156728085678977e-01 2.124183220820679840e-01 6.350734085729049516e-01 5.174285717557843833e-01 -9.867375645987562782e-01 -2.395506148483271536e-01 8.416232389578450768e-01 -3.744503602379686824e-01 7.295986816901006700e-01 -1.175725164184405480e-01 -3.872171949638888999e-01
-1.301654616836625600e+01 -7.536992613564325261e+00 3.507299627127180131e+00 -1.479258854068903783e+00 1.788090965091107165e+01 3.862142392044835670e+00 5.951860081498352884e+00 -2.454083741232446414e+01 -1.475357041461780661e+01 1.943490986921955765e-01 8.130558284061304875e+00 -1.506275931927197442e+00 -2.523863574338954407e+01 -3.123246260657988257e-02 -3.160050964595346734e+00 1.873152549513242349e+01 -2.590901520604766972e+01 -2.339497932462001728e+01 -2.223554065843621785e+01 1.563102389067263331e+01 9.109009992844987025e+00 9.344741878749548647e+00 3.805985078831467305e+00 5.726729893691173245e+00 -2.542119486387219496e+01 -5.984519690978894246e+00 2.280497835236550586e+01 9.076591867357548526e-01 1.738080272021203410e+00 -1.358820741172329960e+01 7.165618054926683023e+00 -7.876961994588675964e+00 -9.814346290209670087e+00 3.306539569489517305e+01 -9.615070678825009765e+00 1.974276524322225512e+01 -3.229415612109412415e+00 -5.241920270111831037e+00 2.854546886622241786e+01 -2.247118987443609583e+01 -4.763590183939608202e+00 2.262538200106001796e+01 -4.804821434585146989e+00 1.526668773844823512e+01 4.954832999660599313e+00 -1.815758249891712950e+01 -1.415560998509812762e+00 -1.021836489139109361e+01 2.023777368696380208e+01 -3.487677434010080901e+00 -2.102429173470370216e+01 -2.531797041999385911e+01 5.872990205850345369e+00 -1.349623030801609325e+01 1.379281489575333630e+01 -2.137876489384802881e+01 -1.067361710646870421e+01 -4.886827718770938134e+00 -1.673368600494794478e+01 1.700616146792610905e+01 -6.178100905732300419e+00 6.048076100307626213e+00 -1.816321976998702903e+00 -1.215078676466163010e+01 2.177492076102275576e+01 1.540165332076197657e+00 2.782432737250307753e+01 -7.757084626646754799e+00 -1.082762443578059575e+01 1.500021234209597587e+01 -1.462782220404734090e+01 2.043361508638517776e+01 1.701575792311272650e+01 -1.458715072870966800e+01 -1.960314312916703772e+00 7.094642994975261630e+00 1.895931469215703657e+01 8.402356411392645441e+00 1.214753118347115546e+01 -2.769441856656110801e+01 -6.435422792144090742e+00 -9.166519260796540891e+00 9.130766794196935265e+00 -1.099840261249484996e+01 -2.291584179811514943e+01 8.151135308504835919e+00 2.585008275083735185e+01 -2.900003597968513702e+01 8.437553420556486827e+00 -1.232918465925822105e+01 1.492131126834382648e+00 3.544997800669717147e+00 -5.617116250345611128e+00 3.241445117716915902e+00 -3.075385886711472239e+01 -8.392128308868016973e+00 -1.715700077208373031e+01 1.225369493087761796e+01 1.555089937731031746e+01 -1.515668701061240142e+01
-2.871791029013106011e-01 2.122415466810451817e-02 -6.297689741661868235e-01 4.802737598565504640e-01 -3.391570871305940038e-01 5.009495714791712545e-02 -5.775411362748733568e-01 1.943210703610031564e-01 5.270128266761915370e-01 -9.335180218818681097e-02 6.813421239843001631e-01 -3.254739717749461914e-01 2.347114730933396176e-01 6.522737584653906517e-02 1.310777593898143356e-01 4.351662140090223341e-01 5.330409341088352404e-01 2.633875845563601326e-01 9.229069881086893190e-01 1.125605985187684045e-02 -3.992276278421593716e-01 -5.306368278360958091e-02 -1.964544186101801204e-01 -4.607670763500653494e-02 5.269653981532046449e-01 -9.253223943426976128e-02 -6.724195581407634847e-01 7.568638220015377893e-02 -2.640982668160824498e-01 -4.421088882571563294e-01 -6.110027669306256071e-02 -1.227468516537352922e-01 1.296124923452144639e-01 5.542310538506191042e-01 -1.117689815334683284e-01 -2.544178322305375994e-01 -8.090111839345407452e-01 -2.516346534210449626e-01 -4.312721284137813749e-01 8.052650141711535925e-01 2.342657740371192066e-01 -1.235063293063904277e+00 3.074643614047230522e-01 -3.827720281239049144e-02 -2.110204040602188802e-01 -2.283810872840634498e-01 1.071797450411401398e+00 -2.811122212436948375e-01 4.458803100558837440e-01 -6.544002817802497818e-01 2.715589335645854918e-01 -4.203457894465238431e-01 -3.698732754496860675e-01 2.164976233821789553e-01 1.065517767789131875e+00 -2.395021097192144913e-02 -7.298100219135518485e-02 -7.440898933011418602e-03 -7.200208129228029552e-01 4.804279091160815751e-01 3.239655919503757562e-03 5.198520422823359466e-01 5.521741743322111651e-01 -1.982400310468161730e-01 -5.341997884230227367e-01 5.102736120795227093e-01 -3.952667371819038045e-02 2.790736604005376598e-01 6.424618538581809979e-01 -5.937914218659914867e-02 -9.887932478675255377e-01 -5.967710153139299187e-03 1.934394314140060744e-01 6.267034044708686968e-01 5.332439145507535810e-02 6.943920154697252878e-01 5.071349648323256881e-02 2.170584589138833953e-01 3.814018907670881919e-01 -2.934498748391850542e-01 -4.283656456565446691e-01 -5.131844047065332870e-02 1.141644189814474464e+00 4.039523672086237638e-01 -7.500417116482731295e-02 2.718881133560050456e-01 -2.154571237036797052e-02 -5.266776908236701915e-03 5.688868092436364376e-01 2.888253044168674899e-01 2.037303150241785432e-01 6.355806638860271862e-01 5.328344402104024935e-01 -9.707459977198925616e-01 -2.258440647697231851e-01 8.622751276480812299e-01 -3.533221603811995681e-01 7.229431594309070341e-01 -9.793559233325173363e-02 -3.505164141462521199e-01
-3.177768039007925482e-01 -2.479807017792911780e-03 -6.453508862327128615e-01 4.921415286803806910e-01 -3.196712505663240611e-01 2.934253134154448869e-02 -5.608660985020317291e-01 1.904479330729250963e-01 5.006050664451825449e-01 -1.291116527155031501e-01 6.746123291482165607e-01 -3.268410788383528387e-01 2.274597175608849553e-01 6.907270813229056394e-02 1.321514041063668043e-01 4.657745936900430372e-01 4.749061044726803349e-01 2.498195120634251198e-01 8.829806220456523080e-01 3.083708488347482526e-02 -3.933177021485088631e-01 -5.813797975949005353e-02 -1.706101822355874653e-01 -4.844137803661999198e-02 5.093252769291487514e-01 -8.624030218131743808e-02 -6.226244163045070446e-01 1.156297280993280746e-01 -2.813646969422370359e-01 -4.203869379557328423e-01 -6.588612836373741732e-02 -1.250209302010955037e-01 1.298139466345460125e-01 5.885044555724302517e-01 -1.106338671750895924e-01 -2.000486208981293590e-01 -8.345753331245757689e-01 -2.540946989534419442e-01 -4.145748868426958333e-01 7.872566107796499235e-01 2.156763570172681721e-01 -1.227744543804103028e+00 3.216786317635622616e-01 -5.375370292041613957e-02 -2.114724838166404108e-01 -2.536550271344052976e-01 1.098552826029909335e+00 -3.096565105220705494e-01 4.728108527634792280e-01 -6.692526220347213561e-01 2.161739744998262824e-01 -4.955136185586238584e-01 -3.617079083286298125e-01 2.294813078919473170e-01 1.098103243314966893e+00 -5.526508188125120458e-02 -9.413733229832481342e-02 -3.189341696630118572e-02 -7.453325515895049547e-01 5.101389093071357905e-01 -3.533807944560610897e-02 5.244634979528836061e-01 5.657361692832149069e-01 -1.760361068445097099e-01 -5.483250078610197864e-01 5.160337006241589863e-01 9.319852955890500432e-03 3.001887514045986638e-01 6.206909501530180062e-01 -7.010485211667163985e-02 -1.021448803592292620e+00 2.813507211287397808e-02 2.074939529669781457e-01 5.721420735725585294e-01 4.061414042867940444e-02 7.021489474094873007e-01 4.036229021157512059e-02 2.147506623142931836e-01 3.881169382011356306e-01 -2.939099661045166401e-01 -4.182496734751615652e-01 -6.086701666824215207e-02 1.179975829414733335e+00 4.339729798535403860e-01 -7.849546503163862265e-02 2.951310375742803305e-01 1.862081679307532600e-02 -5.401592888418434157e-02 6.122444969875546761e-01 2.833753907380192616e-01 2.111181729914194116e-01 6.347526908224797593e-01 5.196937311313822860e-01 -9.832947361131223474e-01 -2.383565740637215158e-01 8.427670636763360257e-01 -3.715104182008075462e-01 7.284084682823290802e-01 -1.144764246442784850e-01 -3.825083961784139786e-01
-3.179269324421086784e-01 -3.068020214610239597e-03 -6.458521788549324016e-01 4.920889091121453673e-01 -3.199444235724204222e-01 2.839058980384461320e-02 -5.607343330409230164e-01 1.903672846689897502e-01 4.995464218180374893e-01 -1.300745022039717924e-01 6.753176763363843982e-01 -3.272203798567010491e-01 2.269144090734518948e-01 6.995708610374493097e-02 1.319762337527743690e-01 4.665560283429860955e-01 4.741364584703511853e-01 2.497089198018380973e-01 8.829083446076375630e-01 3.089095427112314995e-02 -3.940599064560534881e-01 -5.813112495803266638e-02 -1.701600085005850194e-01 -4.978357972632037332e-02 5.090708557428877956e-01 -8.599532212704057155e-02 -6.219798115277254125e-01 1.165269636273301573e-01 -2.821049856377109144e-01 -4.202614992509539626e-01 -6.707323323768282775e-02 -1.250348407804182937e-01 1.303272072538831927e-01 5.891205344883990724e-01 -1.105978626162957834e-01 -1.997805071074611749e-01 -8.354163337329590933e-01 -2.541727103908295038e-01 -4.147445453392055725e-01 7.873056083699008223e-01 2.159717149815565118e-01 -1.228444666551758324e+00 3.220224925080374390e-01 -5.439071354043661932e-02 -2.115855787915842112e-01 -2.537132243479320315e-01 1.098814295355685644e+00 -3.105952751060302441e-01 4.740687815610998279e-01 -6.697595180711634066e-01 2.154644802353924971e-01 -4.960552670489573601e-01 -3.620897833434305046e-01 2.305524103547914316e-01 1.099305697710466490e+00 -5.595361042915056315e-02 -9.464848825715273251e-02 -3.264200156316095225e-02 -7.459218320783815859e-01 5.100013511999452742e-01 -3.612569809795351111e-02 5.249647600115190382e-01 5.655492606155578805e-01 -1.754935227479899329e-01 -5.497886902809923093e-01 5.161050169864838111e-01 9.620374282138939928e-03 3.002296310821916947e-01 6.206145652894361486e-01 -7.108713222122658992e-02 -1.022166565121460646e+00 2.785408393869605662e-02 2.070293112020552551e-01 5.714212596408231315e-01 4.006627370223880130e-02 7.018651864021056008e-01 3.924726987103988735e-02 2.151165085237162766e-01 3.889486865586646580e-01 -2.938059645675077936e-01 -4.173837788725157094e-01 -6.087380708300070553e-02 1.180711223274800048e+00 4.345638205995950853e-01 -7.881518568058262786e-02 2.957540566537580906e-01 1.894771440463125303e-02 -5.430053332960473739e-02 6.132636026328138756e-01 2.836385184889733679e-01 2.114009468133282721e-01 6.349403807725088056e-01 5.193021700573432486e-01 -9.842671824733117969e-01 -2.383145593085667924e-01 8.432359931027160194e-01 -3.719870143408561258e-01 7.287908531147369029e-01 -1.151144057231903300e-01 -3.831692597886693363e-01
-2.817863504640096828e-01 5.024463000617086089e-02 -6.056154765775610960e-01 4.841760217827857371e-01 -3.237184658337999288e-01 9.838375801512039276e-02 -5.827964724342497016e-01 1.977694186008380206e-01 5.789065370783297304e-01 -4.608589347133370401e-02 6.444338779978455722e-01 -3.060925857463078770e-01 2.613038485768103825e-01 2.016261726054639422e-02 1.403085256746801623e-01 3.965736969471600482e-01 5.684164091354059201e-01 2.684257790916969033e-01 9.231858666674982450e-01 1.039518976558084611e-02 -3.609214937440990978e-01 -5.391977719758384024e-02 -2.177140093304214541e-01 2.232316197176629005e-02 5.383085707095957018e-01 -1.049706342390228225e-01 -7.019916405259782888e-01 3.205280817723997477e-02 -2.272435248280487152e-01 -4.473296550788295467e-01 -1.533778356856066579e-04 -1.221181560873042804e-01 1.031836696962062233e-01 5.250553363736389922e-01 -1.137667412243293097e-01 -2.650054413309707035e-01 -7.680393210379148350e-01 -2.471465315667035201e-01 -4.213108900232180321e-01 8.011333646841330980e-01 2.180242709625168085e-01 -1.198161594573966093e+00 2.908492087182127928e-01 -5.841135525907663675e-03 -2.051836267510436795e-01 -2.271288695307382421e-01 1.059136884375034393e+00 -2.343518463776260718e-01 3.831145878998387100e-01 -6.293479672857507090e-01 3.045670236412842402e-01 -3.972343604849722376e-01 -3.500755841190636430e-01 1.626197634433716732e-01 1.005984825929820969e+00 9.041645229639449013e-03 -4.675903223367627870e-02 2.912424741196019407e-02 -6.913966938111765215e-01 4.895295954597426724e-01 4.100943034178956142e-02 4.944861097745552048e-01 5.621665822089628728e-01 -2.246292650359179577e-01 -4.599183015351481219e-01 5.062789454908459552e-01 -5.159513508514670249e-02 2.777975218464741047e-01 6.447403979396924001e-01 -9.763209863345024067e-03 -9.535919743279924754e-01 1.003638413783812869e-02 2.180628963939592047e-01 6.600764396953248125e-01 8.064140095402058672e-02 7.093326403908044586e-01 1.076284127799135293e-01 1.985052783007545674e-01 3.390461042287186144e-01 -2.991052122306654404e-01 -4.722785032982485531e-01 -5.155188291736770984e-02 1.105772203640149609e+00 3.747048135476368502e-01 -5.870358443591874864e-02 2.415790726154348200e-01 -3.568568552364367180e-02 5.852452184636551882e-03 5.191193457825479252e-01 2.745113239451443254e-01 1.899046727270241042e-01 6.258210314690733078e-01 5.518805528918302450e-01 -9.215607133151613173e-01 -2.287529764538339949e-01 8.368669310165313124e-01 -3.298286490050079678e-01 7.040942318368594854e-01 -6.621715388546771386e-02 -3.190964682796895158e-01
-8.124719878429321085e+00 -2.710251869462079632e+00 -3.308280986032868576e+00 4.032470220608830758e+00 6.755217311215247378e+00 3.662140567535453695e+00 4.145090632732201463e+00 -4.421406293908787255e+00 -6.246399176821067378e+00 -1.705152652711245720e+00 -2.732966677848898129e+00 -1.424770738847097595e+00 -3.876401849950345646e+00 -3.479521282115943581e+00 1.626623634334712076e-01 6.370598231948816803e+00 -1.013612647249432186e+01 -7.564142624490157729e+00 -1.177024096094498873e+01 6.083338551460361288e+00 3.874695196844043732e+00 -5.057378007115670426e-01 3.711114349056200634e+00 4.577435198585100729e+00 -5.808200100303601232e+00 -2.129207534369411903e+00 8.080792354929071664e+00 4.019819874228570455e+00 -5.687663539921259392e-01 -6.386570251865258951e-01 3.256241394452846549e+00 -3.819322599599166979e-01 -3.071281030618160379e+00 9.955746166963670873e+00 -2.807656144029298528e-01 1.109650687338971764e+01 -3.732111950208041318e+00 -1.050512007260127278e+00 1.038891580229576128e+01 -6.146893298219745283e+00 -6.967059457901235930e+00 7.396272334353238165e+00 -3.455354816702119969e+00 3.051073518277176877e+00 1.199740836702517299e+00 -7.271941186721742945e+00 4.772353525628167503e+00 -2.615545231829197181e+00 2.782954314352566350e+00 5.339359545859648781e-01 -8.647119567245891147e+00 -1.595979648038223964e+01 2.754811416236880195e+00 -5.657250635826949203e-01 4.208788503571335049e+00 -5.602170626769528816e+00 -1.278504672287894550e+00 -4.742413687395485411e+00 -6.179294295706657891e+00 1.033883485095118182e+01 -5.156382032833911389e+00 8.777096949356587574e-01 3.888460019885995322e+00 -2.474705364991494072e+00 7.011907768775657246e+00 -4.556645251118985329e-01 1.329294713746857148e+01 1.123474312699537903e+00 -4.013183252478722096e+00 3.347055522622757184e+00 -4.678432661883627830e+00 1.002429796157634456e+01 6.935309370311800947e+00 -9.000245203067223088e+00 -1.410970007690361960e+00 4.978558581661564730e+00 6.749208037161807283e+00 2.182102089869502493e+00 1.340568420757292545e+00 -5.002040199383015917e+00 -4.224570549304034195e+00 -4.085489150821516979e+00 7.879820314778585022e+00 -4.235259426603735777e-01 -5.101063154587071047e+00 1.532124788968281248e-01 1.030578415844883367e+01 -1.205386625242754839e+01 8.879512992120996984e+00 -4.848140477006902316e+00 1.614328783772196241e+00 8.104661565808365942e-02 -2.511692885889458715e+00 -4.079773971428551221e-02 -1.057031652525259524e+01 -7.324403361598018414e+00 -6.645329336778203810e+00 3.326484718130658269e+00 2.154357655385728432e+00 -7.437837152369800364e+00
-1.303973130595756658e+01 -7.564117595309549635e+00 3.780064874432417010e+00 -1.725874455251215966e+00 1.805427209180101045e+01 3.804612538132131849e+00 5.925724901045719584e+00 -2.478804664350512965e+01 -1.469301110415137934e+01 2.414625495763896568e-01 8.376446685718729412e+00 -1.518445507614435419e+00 -2.556057972012911605e+01 -4.673890180439540382e-02 -3.266645772394389358e+00 1.902613033550652588e+01 -2.614465562795450282e+01 -2.360289411023374129e+01 -2.214237982810388417e+01 1.572523558662037857e+01 9.248521297615926784e+00 9.516688138315387846e+00 3.879025474979993060e+00 5.715963383931966568e+00 -2.565848843603512108e+01 -6.003021145320813545e+00 2.303559493221152721e+01 9.244322123621314669e-01 1.795729371852849532e+00 -1.371533217463037424e+01 7.241962321605894815e+00 -8.013650260542069859e+00 -9.858966404854129451e+00 3.339623262789169900e+01 -9.799721224824606836e+00 1.992163772739711902e+01 -3.164076168002505351e+00 -5.221185841547517192e+00 2.870785567292722007e+01 -2.266523167394703364e+01 -4.733920642551024294e+00 2.272030873984886767e+01 -4.754337512397632359e+00 1.548836948291462257e+01 4.988506994621386248e+00 -1.818838456708778395e+01 -1.581610155587240829e+00 -1.039622096127388140e+01 2.060545843616128536e+01 -3.588285229164178691e+00 -2.122791663617830338e+01 -2.530275281716015456e+01 5.846991617980463296e+00 -1.379989711554966192e+01 1.390808993130356441e+01 -2.166887690542118250e+01 -1.082876718845057695e+01 -4.851593123160066412e+00 -1.672619265738058658e+01 1.687914501076462770e+01 -6.085364281878808512e+00 5.986504394307292642e+00 -2.043967140390825943e+00 -1.222505659348920837e+01 2.187709663395979831e+01 1.664923781032934480e+00 2.793706116820181506e+01 -7.761109183284728097e+00 -1.090560595416417478e+01 1.525818762550385799e+01 -1.491867928008260158e+01 2.041783798784189585e+01 1.714002442871991505e+01 -1.455589811610603590e+01 -1.954688580910621143e+00 7.075187794472575398e+00 1.903967193500294641e+01 8.403412183665338375e+00 1.242331588470115555e+01 -2.804896729546990031e+01 -6.426128792616821350e+00 -9.100791530115214911e+00 8.941384609455040433e+00 -1.115706913367260888e+01 -2.322492717307067167e+01 8.497875660381042806e+00 2.600512445403845163e+01 -2.918112707257063576e+01 8.281099645334821346e+00 -1.233574264907211138e+01 1.641029397700149994e+00 3.670793583659984538e+00 -5.675572612125879601e+00 3.297909418235309698e+00 -3.093333004607152859e+01 -8.277432114826204668e+00 -1.727340966714057657e+01 1.231725667792814960e+01 1.574459614182607048e+01 -1.517784577830599346e+01
-3.298239972547010179e-01 -2.108184032944411188e-02 -6.595222515057346246e-01 4.944605112344060416e-01 -3.190184279921002841e-01 4.790238581004745665e-03 -5.533351173158205238e-01 1.877700530422029834e-01 4.725190493220392529e-01 -1.583314341934110858e-01 6.861291080798647135e-01 -3.345277158647261273e-01 2.149753600616338411e-01 8.704065395355352341e-02 1.291585773263599912e-01 4.901715284355151470e-01 4.427983651825436739e-01 2.434151453954250532e-01 8.697788765366749608e-01 3.758483550756324537e-02 -4.057554122619778103e-01 -5.937426332588290057e-02 -1.541731481887141375e-01 -7.483243122549260162e-02 4.992660852142172256e-01 -7.977038428372752732e-02 -5.955731715350133237e-01 1.451292659613288571e-01 -3.007427870095731870e-01 -4.114745584845801996e-01 -9.021265291920967100e-02 -1.259735413390656311e-01 1.397868375244910033e-01 6.105103260473840887e-01 -1.093423231712441629e-01 -1.785681248584297109e-01 -8.583224735063885724e-01 -2.563256794327826715e-01 -4.125995667743816431e-01 7.826720770584708609e-01 2.156520827251940109e-01 -1.238877370472165618e+00 3.323190694863562000e-01 -7.082820393711478091e-02 -2.136636968801316760e-01 -2.622803745205234960e-01 1.111796927062972395e+00 -3.365093464457513672e-01 5.049075323561700301e-01 -6.831110577237969883e-01 1.859472811302755879e-01 -5.285000581682067766e-01 -3.665086985774208550e-01 2.540928907860058317e-01 1.131012262852806538e+00 -7.777057018037128455e-02 -1.106359051305500496e-01 -5.368728430848620364e-02 -7.642254215351668156e-01 5.164875589696464875e-01 -6.194785040206288174e-02 5.355250471075033714e-01 5.662389861517882483e-01 -1.591615996256897370e-01 -5.806273879254657544e-01 5.192430410605356483e-01 2.990933054033708197e-02 3.073998216108467796e-01 6.128056970857089780e-01 -9.211565310620113689e-02 -1.044992916273159711e+00 3.304876086269781243e-02 2.029218938758041435e-01 5.420837548541449502e-01 2.597365739317576347e-02 6.988712269279941935e-01 1.579301531764976466e-02 2.209749408071063348e-01 4.062713226214538231e-01 -2.918827514145721502e-01 -3.984907634373509033e-01 -6.410001476540604093e-02 1.205545088792112196e+00 4.545145059619601358e-01 -8.602811154895531609e-02 3.140263768975893877e-01 3.705418985748747118e-02 -7.393274704427209298e-02 6.449979213636064523e-01 2.869715710994266700e-01 2.187800783205589572e-01 6.380197205354426471e-01 5.082130532852274785e-01 -1.005581528145379933e+00 -2.415936120337793536e-01 8.458316913248948854e-01 -3.863566072341635960e-01 7.374363018917583501e-01 -1.317223517845599601e-01 -4.048372361360981775e-01
-2.894928021651620442e-01 1.845085127969828959e-02 -6.317957311925547215e-01 4.809411639610349232e-01 -3.383902583367853212e-01 4.673423035351960408e-02 -5.761448772152140130e-01 1.939179220721081176e-01 5.233591997697226716e-01 -9.768362120133669557e-02 6.823307690002374803e-01 -3.262814493274337480e-01 2.332926599030118175e-01 6.727197893283740071e-02 1.309084554178805149e-01 4.387055449078463010e-01 5.275451010122466089e-01 2.623643046300582204e-01 9.202249380317811811e-01 1.268043347322270198e-02 -4.002500775903884422e-01 -5.330164949234556665e-02 -1.938463507130920305e-01 -4.887556243709123560e-02 5.252675459425959481e-01 -9.157545060853215790e-02 -6.678124380343370969e-01 8.019849584778884766e-02 -2.666822591275878063e-01 -4.402607544249483862e-01 -6.373133102168231090e-02 -1.229792585402386534e-01 1.305898719451600576e-01 5.577010665903012754e-01 -1.116351842646305242e-01 -2.502123252958273203e-01 -8.124448672260153881e-01 -2.519500371624724955e-01 -4.305110089967539855e-01 8.041490549444023639e-01 2.337032934967768483e-01 -1.236013981272968021e+00 3.092014540026388203e-01 -4.062719527655779539e-02 -2.112686125187769326e-01 -2.302149541620351070e-01 1.074191830820579119e+00 -2.849730038349942429e-01 4.501715439634061955e-01 -6.564435521881569757e-01 2.664109649690993842e-01 -4.264709214522933167e-01 -3.700467665741963286e-01 2.194238615890926891e-01 1.070098523465054408e+00 -2.738042278345220043e-02 -7.536333285802133963e-02 -1.048630238107260693e-02 -7.229546643465625255e-01 4.821748798813140779e-01 -9.080433902971943912e-04 5.212070033232988342e-01 5.527585416205824664e-01 -1.957081166575238007e-01 -5.380087166025229184e-01 5.108007000663022934e-01 -3.554912664768019454e-02 2.806794900102710377e-01 6.407979644808873276e-01 -6.203369162888770078e-02 -9.924235483348398112e-01 -4.137195359417266544e-03 1.934777152744196760e-01 6.217007580146164392e-01 5.138663751647173233e-02 6.943254797698350522e-01 4.777226626425829653e-02 2.174607437642343266e-01 3.834317054495660071e-01 -2.932240614601273054e-01 -4.259597729208569605e-01 -5.193668120097928720e-02 1.145704599051580841e+00 4.073462954908955713e-01 -7.575947866410988329e-02 2.747553297291138730e-01 -1.811026507558529883e-02 -9.131455422318168411e-03 5.737326777211403384e-01 2.889630224915418211e-01 2.047437042727122403e-01 6.359070211211413914e-01 5.312507338890198882e-01 -9.734262713776686837e-01 -2.266087503014945492e-01 8.618828450697113563e-01 -3.554337918503385207e-01 7.241048493397377328e-01 -1.003454008421922755e-01 -3.540414528196665356e-01
-9.884696206227191695e+00 -3.678126098531802946e+00 -3.899979516743750985e+00 4.637261632128478972e+00 8.795525683760493152e+00 5.121366697569065707e+00 4.947729627799618335e+00 -7.771196348040819935e+00 -9.132201577755482802e+00 -1.479760120898110376e+00 -2.392540179042597526e+00 -2.124175640985979108e+00 -7.222364514561052218e+00 -3.143447706626137705e+00 2.876993006515558143e-02 8.317816115050238324e+00 -1.333241966296938230e+01 -1.107223690326107146e+01 -1.575290563543682509e+01 8.388481877074918103e+00 4.555154068571031445e+00 6.495615214778562851e-01 3.945677175700471384e+00 5.253457495199396199e+00 -9.541531647213579603e+00 -3.293332108713763251e+00 1.049036981370852928e+01 3.646160066746975570e+00 -2.292323615424382288e-01 -2.657944489517293007e+00 3.924897364207841299e+00 -1.160598511160535473e+00 -4.786510857998550250e+00 1.400515373834663713e+01 -1.466685492244541367e+00 1.335342468365859681e+01 -4.493120730761869019e+00 -2.056166667195085562e+00 1.495340238819015255e+01 -9.003070175661223473e+00 -7.841196330191593233e+00 1.085762440722172073e+01 -4.871734072755899980e+00 5.361344222615799460e+00 1.958627062329694413e+00 -9.851843680185970342e+00 4.913626237459864932e+00 -3.343127131783459216e+00 4.680901444782803900e+00 6.728859889470092392e-01 -1.076481886705736457e+01 -1.937972832198263262e+01 3.921992062871066054e+00 -1.567434675680644540e+00 5.994251685219506243e+00 -7.633733956169844070e+00 -1.851284985383965243e+00 -5.531888003374056950e+00 -8.949131463645695561e+00 1.346145359736079428e+01 -6.484903149624730467e+00 2.291436011716985632e+00 4.160468899844102175e+00 -4.538088089642227096e+00 1.072678512984983357e+01 -1.193439807697330490e+00 1.743392722886685675e+01 -7.837919587356593221e-01 -5.520413399066337767e+00 4.804600202680072485e+00 -5.408473617073412676e+00 1.332970003520091140e+01 8.848390064720501158e+00 -1.130303554201294247e+01 -1.365305653056763546e+00 5.933070845116601433e+00 9.784082427669824611e+00 3.637802476990960265e+00 2.549853010297286726e+00 -8.417931196944286043e+00 -5.291811777309371578e+00 -5.770381531125086561e+00 1.018690722561826334e+01 -2.229282167383260571e+00 -7.959020612297766029e+00 -5.375371706245077874e-01 1.366076481636463136e+01 -1.587282067569149113e+01 1.081919228559826429e+01 -7.220419909903290190e+00 1.262860305861294385e+00 2.728866636931086553e-01 -3.330627943370904731e+00 4.398995518978447428e-01 -1.539042930107776463e+01 -9.393029745640422590e+00 -9.115686485153839058e+00 5.317235933978005313e+00 4.300334986938463722e+00 -9.686461499156699517e+00
-7.808954894133968594e+00 -2.575726856080397642e+00 -3.172492025540248228e+00 3.900403291877042378e+00 6.433576606503615736e+00 3.392764579077127696e+00 3.984413540468647152e+00 -3.982496397467823357e+00 -5.806691359378813644e+00 -1.730890460287304977e+00 -2.713950521234122615e+00 -1.299152556671280712e+00 -3.446416139082081997e+00 -3.453245984281107628e+00 1.833726041227335957e-01 6.057198885348727302e+00 -9.644042040271841643e+00 -7.039533051408779052e+00 -1.112555866139745753e+01 5.735996575695759603e+00 3.740677242670453762e+00 -6.193576356991645770e-01 3.626455863842161342e+00 4.435647488217163037e+00 -5.298409713532659104e+00 -1.952860542332714999e+00 7.708184001709443400e+00 4.015343346690919191e+00 -6.084376806246984959e-01 -4.022150293182413794e-01 3.147848548195181451e+00 -3.067909870795661464e-01 -2.824862601296232789e+00 9.370976566945317998e+00 -1.527332501709919577e-01 1.068045352264346448e+01 -3.594028489141501748e+00 -9.198903091966391665e-01 9.695231324713125431e+00 -5.742626704746122357e+00 -6.732243606806703973e+00 6.878721018782869123e+00 -3.191362182946286374e+00 2.723420689717358290e+00 1.093947647665731049e+00 -6.897859035447842402e+00 4.692584178097132686e+00 -2.516943398727739645e+00 2.555159630946560956e+00 4.731763526148213828e-01 -8.315535752923537416e+00 -1.536131802267237312e+01 2.586985616614815076e+00 -4.690857968450756754e-01 3.974012186629766852e+00 -5.313401106461631329e+00 -1.238068348935690510e+00 -4.565573409393087090e+00 -5.789976237700355632e+00 9.836282419440584235e+00 -4.932047988274439909e+00 7.114687616141696092e-01 3.805266966846920340e+00 -2.186449899715235734e+00 6.465955476111800770e+00 -3.364794130947441064e-01 1.262519678842561355e+01 1.345063288830114834e+00 -3.785727245714948452e+00 3.133825553358277283e+00 -4.568451416485227234e+00 9.510110289075431211e+00 6.628527545159415446e+00 -8.606896298253801092e+00 -1.401146718774805677e+00 4.799700257751926102e+00 6.293550812763638369e+00 1.971207806900956649e+00 1.183711425200634659e+00 -4.556237258686998359e+00 -4.029657652273536783e+00 -3.841149977252113601e+00 7.498168854297354358e+00 -1.860984374540190778e-01 -4.683121890153572053e+00 2.748584767852469413e-01 9.781217125255132316e+00 -1.146160578389529228e+01 8.511620170498943594e+00 -4.488938580010164436e+00 1.612547031507195250e+00 5.919484635572042075e-02 -2.363405535240355793e+00 -1.019293059024245079e-01 -9.845107316202103220e+00 -6.951527571812978756e+00 -6.260048570193293749e+00 3.056030392411749563e+00 1.872939192289617250e+00 -7.069321036227491639e+00
-1.322880685300212811e+01 -7.728584306734092912e+00 6.383572266871587075e+00 -4.087820962858613072e+00 1.962719316834929373e+01 3.361027740927579277e+00 5.568758126339774961e+00 -2.687875700557178860e+01 -1.389622637865917731e+01 6.884376816668602572e-01 1.053666116481600667e+01 -1.790509742630953971e+00 -2.842841867052667482e+01 -3.470941624316221108e-01 -4.255400876658178788e+00 2.188266049035992467e+01 -2.835359214376438075e+01 -2.554543333685929696e+01 -2.098999606853687183e+01 1.657572124015388226e+01 1.054266177580218056e+01 1.107706536966662370e+01 4.746846107912665147e+00 5.598684125759329611e+00 -2.773907011190475203e+01 -6.140208427860301299e+00 2.503089300021080632e+01 1.249509619686922424e+00 2.360314420137719971e+00 -1.467135789866635065e+01 7.983723118759199266e+00 -9.248932632606184256e+00 -1.023146569404052642e+01 3.631145191570963959e+01 -1.154434676145687710e+01 2.175021668180014700e+01 -2.541223801252869841e+00 -4.823040947056759009e+00 3.017078761969241540e+01 -2.430284118561799644e+01 -4.598409608501368595e+00 2.336039136072141176e+01 -4.254337777068260884e+00 1.764173814299875431e+01 5.262399167275867207e+00 -1.827578125128548692e+01 -3.080246045028199209e+00 -1.204619034891964624e+01 2.400489791093000491e+01 -4.454948916275205839e+00 -2.306151371557042751e+01 -2.500037484422278311e+01 5.558184402614147146e+00 -1.662758466444545746e+01 1.495081640031765424e+01 -2.422352164335188007e+01 -1.208092931138494031e+01 -4.504397185266073578e+00 -1.642075487875834483e+01 1.551027284405090967e+01 -5.173642446517956017e+00 5.181953567585193099e+00 -4.260564011126964701e+00 -1.280328552462161085e+01 2.271279002572388350e+01 2.805472434921207903e+00 2.892505968589092191e+01 -7.545979784019073655e+00 -1.160301935260953243e+01 1.767224520171694380e+01 -1.770458592348066418e+01 2.008463306477445798e+01 1.815682896165558802e+01 -1.416512449257016648e+01 -1.796806354628079916e+00 6.837070300148833546e+00 1.965716189984595985e+01 8.213903352418935100e+00 1.510296434592867243e+01 -3.121395295163354788e+01 -6.334347702544819825e+00 -8.305072725883608342e+00 7.053125578419574992e+00 -1.261720032181251838e+01 -2.605990757294351567e+01 1.179658159582607091e+01 2.724830755046160036e+01 -3.074456236679720789e+01 6.800656464950334268e+00 -1.231395610252528705e+01 3.208485781685395111e+00 4.907714221017307032e+00 -6.264300670585474684e+00 3.821307369070358728e+00 -3.244013405206219147e+01 -7.226644116225189762e+00 -1.831935695559831245e+01 1.281321207431402875e+01 1.748206184761952642e+01 -1.518758103905304857e+01
-5.505684973841254992e-01 -1.492277775632890602e-01 -7.362505081261908613e-01 5.889468072243337904e-01 -1.465414401395689070e-01 -6.456569470551785928e-02 -4.335375398653067980e-01 1.618598279614293367e-01 3.512299535989259480e-01 -3.432495115418605081e-01 5.748248245685957381e-01 -3.157057088188521821e-01 1.978820984295061869e-01 3.689465910568359708e-02 1.493983950364742574e-01 6.565368621208921285e-01 7.083724469940359814e-02 1.435452338997756927e-01 5.688806021636151344e-01 1.821709925224143101e-01 -3.003899396450019355e-01 -1.009166155850446112e-01 4.219294867510811620e-03 1.789079434904453786e-02 3.869661299654673092e-01 -5.674322844632119500e-02 -2.755351678775408431e-01 3.706659331217130871e-01 -3.687681778216918560e-01 -2.658215158253173227e-01 -2.785056874598699009e-02 -1.384626723526907466e-01 1.010225062953021141e-01 8.208191287946218218e-01 -1.006508905637747003e-01 2.053500066751496045e-01 -9.808065486468665606e-01 -2.648253358045246086e-01 -2.651699125795902168e-01 6.383008141076046416e-01 4.698637815977870641e-02 -1.118777568419274671e+00 3.996432743440672675e-01 -1.293770649340073020e-01 -2.055859528856134877e-01 -4.481970776894650399e-01 1.284663483242544535e+00 -4.703851785815284514e-01 6.022776070129810533e-01 -7.456879571196508572e-01 -1.697486122874383718e-01 -1.047919792518213988e+00 -2.763660804247785596e-01 2.665347703384933764e-01 1.273959649352451429e+00 -2.574348466117954426e-01 -2.231537479752177811e-01 -1.813850302999462372e-01 -9.032044331007046400e-01 7.526906763302341208e-01 -2.830163337082364783e-01 5.270535770966952027e-01 6.816273778177378562e-01 -4.406510234326926206e-02 -5.616778136990741022e-01 5.530335910490206119e-01 3.751371173393814318e-01 4.590739608936062477e-01 4.566557386367368632e-01 -8.986146263372379872e-02 -1.228041918320931014e+00 3.082259027207255309e-01 3.494531308738774156e-01 1.921162664902537620e-01 -2.902627399627777036e-02 7.817514392087704378e-01 3.601151454035202842e-02 1.814438278395212600e-01 3.920793073591421485e-01 -3.070147305571307994e-01 -3.981359070495941177e-01 -1.387147899896027103e-01 1.426659978675756779e+00 6.203676553994356135e-01 -9.342159331484398144e-02 4.338123803657224498e-01 3.134579673572127634e-01 -4.178362141438284327e-01 8.894134588636344319e-01 2.226010892351471815e-01 2.545744775787089353e-01 6.143141632355874071e-01 4.375066445406087245e-01 -1.019483213455210757e+00 -3.465958191178867831e-01 6.583279202660473617e-01 -4.899453034602833101e-01 7.489973229160354906e-01 -2.002264122486150100e-01 -5.929005439768004759e-01
-2.938185047536027161e-01 1.534407528895456209e-02 -6.337777154405730418e-01 4.827059454100450786e-01 -3.354539511322120471e-01 4.417127698819597187e-02 -5.738141783182104660e-01 1.934061044297828436e-01 5.199674578011701520e-01 -1.023613051668405410e-01 6.810116795875715834e-01 -3.263362503579770868e-01 2.324770340640817945e-01 6.741204903184490338e-02 1.310794466939810277e-01 4.427064343339705554e-01 5.195565505298800346e-01 2.604580567284960346e-01 9.144745881032101398e-01 1.544317286839434929e-02 -3.990542848426436584e-01 -5.407871091537783809e-02 -1.903761257355075509e-01 -4.861768135471323388e-02 5.228540245656667640e-01 -9.076114367667140193e-02 -6.609098853667429996e-01 8.545883775082956102e-02 -2.688278369050646210e-01 -4.372467487179305667e-01 -6.387304397680731993e-02 -1.232611802833140924e-01 1.303956985991542306e-01 5.623486271665280034e-01 -1.115153631049010524e-01 -2.425462396736017545e-01 -8.156811551497586965e-01 -2.522733561531298463e-01 -4.280678128828677709e-01 8.015715715906238659e-01 2.308565398667918322e-01 -1.234626162191907905e+00 3.110651766940210616e-01 -4.250909426531716134e-02 -2.112964055719669110e-01 -2.338298637629155630e-01 1.077858590431234997e+00 -2.885623894036820625e-01 4.534625980625027752e-01 -6.583459903279460512e-01 2.587655063119090326e-01 -4.369902502033055636e-01 -3.686972640018887359e-01 2.207668283304083934e-01 1.074170314873388987e+00 -3.158247151748781734e-02 -7.820489217749364286e-02 -1.368281358731308038e-02 -7.262670735024848723e-01 4.864732438232323153e-01 -6.065575042139643470e-03 5.215944473094407119e-01 5.547728761736252512e-01 -1.927587323493283322e-01 -5.393232034576732614e-01 5.115894900944308876e-01 -2.873165756478311683e-02 2.836640543912261614e-01 6.377169352186787821e-01 -6.306760348236670199e-02 -9.967701002158992907e-01 8.082867228416081495e-04 1.957078884573328070e-01 6.141486703797945923e-01 4.985902293254462075e-02 6.956141223151151021e-01 4.683169397451766164e-02 2.170177306875800405e-01 3.840102999107159465e-01 -2.933753897465056770e-01 -4.249318946279981857e-01 -5.330480026232184421e-02 1.150888772052465647e+00 4.113327305699661651e-01 -7.610869872500000688e-02 2.777408345792550248e-01 -1.252306617993445385e-02 -1.603594764950315443e-02 5.794655035535322130e-01 2.880547354905773072e-01 2.056614495481375315e-01 6.356911527744179002e-01 5.295111789188391427e-01 -9.748293629381613590e-01 -2.283864305175318521e-01 8.588901908704913435e-01 -3.578384754867346973e-01 7.246362096397902519e-01 -1.024203886371798239e-01 -3.582897691279486319e-01
-7.258688761488127028e+00 -2.360099130614299323e+00 -2.932282325458742900e+00 3.662757476952246183e+00 5.891334461525186583e+00 2.932501768233716000e+00 3.692516829364701270e+00 -3.303009523141407833e+00 -5.087092267815106261e+00 -1.764369833276842936e+00 -2.642739653381750653e+00 -1.090391986018959480e+00 -2.787440059070404264e+00 -3.358059278870834330e+00 2.181191514710311974e-01 5.530846892884986765e+00 -8.826855825447269766e+00 -6.185705298469991398e+00 -1.004390964037462197e+01 5.168068226881506355e+00 3.495839519205067969e+00 -7.680456613015307354e-01 3.455494855564966716e+00 4.174439786853563206e+00 -4.498657374423708610e+00 -1.667429099829235373e+00 7.083837695228744735e+00 3.964387171439282653e+00 -6.638053427898925607e-01 -5.698065302329985427e-02 2.959535782625766664e+00 -2.065813315067285827e-01 -2.432916748002322826e+00 8.424477816443525668e+00 2.260597316752173402e-02 9.947904530935707257e+00 -3.359451376913198839e+00 -7.230206502096035992e-01 8.559244538399660485e+00 -5.088847322719226796e+00 -6.287313091515630781e+00 6.030450412916893654e+00 -2.735388371015209152e+00 2.205584555793707491e+00 9.253841936546971514e-01 -6.288397181343585274e+00 4.529857599383370292e+00 -2.357427832565487158e+00 2.213524456840346932e+00 3.534501099744410957e-01 -7.754282852075385257e+00 -1.432348550063636772e+01 2.317891031364688992e+00 -3.367373675088907725e-01 3.611522863243966874e+00 -4.842628181318524128e+00 -1.187642489320285710e+00 -4.241579367531573830e+00 -5.171859601528180583e+00 8.995110686575587877e+00 -4.553028852389951808e+00 4.733403506223247681e-01 3.644149262013760104e+00 -1.730019141149694129e+00 5.583954965575620655e+00 -1.447941716377534049e-01 1.150612874323593182e+01 1.658561738054173951e+00 -3.412195669005139820e+00 2.783798059547344828e+00 -4.378605225376239751e+00 8.658355430847818113e+00 6.107932518127349830e+00 -7.934044526861846691e+00 -1.368849939858348685e+00 4.483522229995788422e+00 5.549495980132724604e+00 1.633263952387701501e+00 9.431972682525102680e-01 -3.865548486234559267e+00 -3.689446330916382522e+00 -3.445524385461204986e+00 6.863880145803988420e+00 1.768532147018738454e-01 -4.007015136737255290e+00 4.706119581832445276e-01 8.906774389960151694e+00 -1.047743175946974858e+01 7.869107247350744849e+00 -3.905956489946328603e+00 1.578101016085378561e+00 2.995399166297412624e-02 -2.106486196952513712e+00 -1.958913660807884705e-01 -8.663479033484458469e+00 -6.308589747870358089e+00 -5.622480390679702289e+00 2.635232029662108122e+00 1.437502716457646601e+00 -6.449793152301419141e+00
-2.867867032293983098e-01 2.204042238423704544e-02 -6.291271732911142278e-01 4.802582413713382681e-01 -3.390208465456617803e-01 5.121088588206355874e-02 -5.777362268449544036e-01 1.943951860689568378e-01 5.284441704662808936e-01 -9.204906609935738226e-02 6.806946790442668371e-01 -3.250457817423054174e-01 2.353892885745876018e-01 6.433734783298321325e-02 1.313497963600840091e-01 4.340279238979890541e-01 5.341693442927193392e-01 2.637064155263303400e-01 9.233266890477173083e-01 1.106859710845362749e-02 -3.984542385291089395e-01 -5.295522497594691569e-02 -1.971348664094741687e-01 -4.468400248146794929e-02 5.272946404229552630e-01 -9.281552432100123595e-02 -6.734619764879241632e-01 7.447172770978742473e-02 -2.631822829724823620e-01 -4.423124272615082120e-01 -5.978172723841500280e-02 -1.227524210123230319e-01 1.290217018549655592e-01 5.532581148882427247e-01 -1.118221537008743521e-01 -2.551251892283326606e-01 -8.080140027081683662e-01 -2.514767907914027267e-01 -4.312241598174623713e-01 8.053203824289418833e-01 2.341795481963841741e-01 -1.234406246540912910e+00 3.070600696681156649e-01 -3.745482257308804103e-02 -2.108959312993345936e-01 -2.281704123717339106e-01 1.071336572602921144e+00 -2.799696373135790450e-01 4.443815516173694746e-01 -6.537709296682153726e-01 2.727128938789350476e-01 -4.191784232444752401e-01 -3.695219444974278677e-01 2.152419163644578859e-01 1.064005627636845253e+00 -2.297588684968992351e-02 -7.213758227276398372e-02 -6.451175379015586242e-03 -7.192762316324874394e-01 4.803837651602908543e-01 4.288883998401044409e-03 5.193704070877983581e-01 5.522532028857036757e-01 -1.990301497250781815e-01 -5.324769484481194359e-01 5.100764237298571757e-01 -4.012010647377248218e-02 2.788945868679147955e-01 6.426688768400612428e-01 -5.820860892017482024e-02 -9.877540458261017120e-01 -5.901654292276403702e-03 1.938150739612884421e-01 6.279600945658584399e-01 5.400468204244249920e-02 6.945979736245060376e-01 5.194772240772219801e-02 2.165764742648407237e-01 3.804219388362196086e-01 -2.935442361967331992e-01 -4.293649178275414369e-01 -5.120255664313843463e-02 1.140597010572020231e+00 4.032455478865513698e-01 -7.454806877695399625e-02 2.711044369546155575e-01 -2.210921210327523867e-02 -4.643304536838915343e-03 5.674050635241425500e-01 2.885327680923275295e-01 2.033542722117407386e-01 6.354036143492594046e-01 5.333695879201162393e-01 -9.695796445664954799e-01 -2.258196610892515555e-01 8.619360550291901291e-01 -3.526444433072083995e-01 7.225638218293628512e-01 -9.716876814256311667e-02 -3.496981649016897009e-01
-1.330460435463808011e+01 -7.760090163218340997e+00 7.630818347200176710e+00 -5.219831447142607495e+00 2.034009615301954099e+01 3.211246639859769214e+00 5.332397530904569471e+00 -2.774254014891116071e+01 -1.339976790754379898e+01 9.019330994895445874e-01 1.146903471432977994e+01 -2.013280844777429746e+00 -2.969616230298861126e+01 -5.727390536222710660e-01 -4.709940072293295366e+00 2.328182262321065465e+01 -2.940602437983820394e+01 -2.646329474057782960e+01 -2.029988855588187491e+01 1.696407692922718269e+01 1.113544177037107197e+01 1.178544204107157967e+01 5.260590294562358160e+00 5.537256826589862513e+00 -2.864771939778396614e+01 -6.182708691333741235e+00 2.587205990459710492e+01 1.499029259124135871e+00 2.638224302557555578e+00 -1.499168332288350669e+01 8.351875243631944556e+00 -9.805276148386845136e+00 -1.038862032317562445e+01 3.757966113351178450e+01 -1.237793500682784398e+01 2.270487373021802924e+01 -2.238421674145889995e+00 -4.513662485357445853e+00 3.084386451086778891e+01 -2.497776654714813915e+01 -4.610956215914638889e+00 2.352926430973675309e+01 -4.000500372389839576e+00 1.870197575711179994e+01 5.370434837470040357e+00 -1.821271247872750720e+01 -3.750309332106767091e+00 -1.281164893859925513e+01 2.557649838211959192e+01 -4.813744654936850331e+00 -2.387989647150602579e+01 -2.477297800644007353e+01 5.400928712763806594e+00 -1.794879150668625201e+01 1.543040576057208035e+01 -2.532306861487284166e+01 -1.255413423046292110e+01 -4.330828663658332189e+00 -1.615284348406901671e+01 1.478033334095002616e+01 -4.724169904046565449e+00 4.676429149205762137e+00 -5.349444005957289860e+00 -1.301745126665305463e+01 2.304662879214624382e+01 3.317747117198063922e+00 2.935799691038092973e+01 -7.302322000818824321e+00 -1.191540827873280506e+01 1.880616497462587589e+01 -1.904570702570759266e+01 1.983237539814527395e+01 1.855106031583922999e+01 -1.392836169831848991e+01 -1.658151385005067535e+00 6.696203825894215811e+00 1.987774128425559894e+01 8.014326362149073901e+00 1.642211999588240090e+01 -3.261875216600418526e+01 -6.292099885760077171e+00 -7.837547475231896321e+00 6.109360205523841181e+00 -1.329443294773434125e+01 -2.736668827320512065e+01 1.336755340081896648e+01 2.771707610991015258e+01 -3.141010374102798863e+01 6.104724389931250883e+00 -1.226349782570192737e+01 4.031213527067296631e+00 5.519734968681136777e+00 -6.565693740903163267e+00 4.069153053487614358e+00 -3.305849269531974954e+01 -6.754628417106232519e+00 -1.879331823104520538e+01 1.299606634645139813e+01 1.826507082705476748e+01 -1.507890294845525325e+01
-8.144207468219859081e+00 -2.718835821131826425e+00 -3.316547672825829185e+00 4.040489705119710173e+00 6.775351850299618839e+00 3.678852013190298642e+00 4.154821126490195304e+00 -4.449781045974586569e+00 -6.274220120312183013e+00 -1.703407581558203487e+00 -2.733557159892452848e+00 -1.432632097806728622e+00 -3.904294702913746473e+00 -3.480424137515070626e+00 1.613564562166841798e-01 6.390243124626097782e+00 -1.016711995145286274e+01 -7.597416616353196872e+00 -1.181063729150004349e+01 6.105339948466942168e+00 3.882818205831968239e+00 -4.979745461903362647e-01 3.715985320218589294e+00 4.586000505844610053e+00 -5.840979013421269350e+00 -2.140388757212555504e+00 8.104174409209109697e+00 4.019469982302059208e+00 -5.661063226074086741e-01 -6.542662888256577380e-01 3.262985213041903254e+00 -3.870509659048854134e-01 -3.087052476500260934e+00 9.992940297959430396e+00 -2.893787957488854756e-01 1.112209220696373890e+01 -3.740682460108722296e+00 -1.059027206424770995e+00 1.043279866967573888e+01 -6.172635836834542644e+00 -6.980976655904990835e+00 7.429027199576234253e+00 -3.471651472771601910e+00 3.072064835382078307e+00 1.206498987939876644e+00 -7.295681270215262693e+00 4.776915186295399351e+00 -2.621825863193894435e+00 2.797843942483130064e+00 5.374709453388062386e-01 -8.667861551210430449e+00 -1.599682888776955636e+01 2.765546428275371227e+00 -5.722730678769540891e-01 4.223971279057974648e+00 -5.620514803976242924e+00 -1.281365727598882565e+00 -4.753067268006936352e+00 -6.204223887172316765e+00 1.037035525340997744e+01 -5.170393525634076504e+00 8.887267890740818688e-01 3.893342100464651345e+00 -2.493181252702812323e+00 7.046622725118362851e+00 -4.632291154714223147e-01 1.333480877815967247e+01 1.108744975145744105e+00 -4.027571517019692848e+00 3.360574130070018484e+00 -4.685294049725320598e+00 1.005671478720274870e+01 6.954481238336702731e+00 -9.024688806211750958e+00 -1.411368317470307332e+00 4.989530492470588996e+00 6.778085020514811099e+00 2.195530579027594964e+00 1.350743193432985212e+00 -5.030868443465626783e+00 -4.236578408395648587e+00 -4.101045091528230380e+00 7.903777477131725959e+00 -4.389031412170952273e-01 -5.127625683308746574e+00 1.455265632292850331e-01 1.033875801420345830e+01 -1.209114813131542121e+01 8.902151736706338525e+00 -4.870922376736656290e+00 1.613937524670822965e+00 8.251975355172931625e-02 -2.520847302844935189e+00 -3.680961597033257510e-02 -1.061626160418117948e+01 -7.347488050945973903e+00 -6.669592988279605450e+00 3.343920975576054833e+00 2.172562683280585993e+00 -7.460908959896361381e+00
-1.055783688622124572e+01 -4.203872145660991322e+00 -3.924029714145499614e+00 4.724504410692758505e+00 9.782330596811524615e+00 5.565047230121938249e+00 5.223199728911105844e+00 -9.659083948676569165e+00 -1.047896421852411208e+01 -1.353108772486994793e+00 -1.901857349993069324e+00 -2.320630530649060663e+00 -9.128962196291800169e+00 -2.730735652972375860e+00 -5.467914521993236243e-02 9.214718349626851435e+00 -1.486829964071052856e+01 -1.276311124579367018e+01 -1.749120469116192922e+01 9.492165475597474256e+00 4.821486122703526611e+00 1.438029083544821063e+00 3.890458257396239627e+00 5.458002709863370328e+00 -1.152684978254093551e+01 -3.823958574650801356e+00 1.169479858509337866e+01 3.278426415557093243e+00 -4.254379088767537564e-02 -3.894644485187705563e+00 4.250351008036360234e+00 -1.717500157606326461e+00 -5.627880635446279811e+00 1.610844700788092254e+01 -2.216277984394131817e+00 1.419583146604903767e+01 -4.726498972939468857e+00 -2.597960175650796177e+00 1.711217777243528104e+01 -1.054296327414835943e+01 -7.862453792796918250e+00 1.257293480749340731e+01 -5.327570026340994858e+00 6.520002961373980277e+00 2.361201711807525694e+00 -1.118283267845397511e+01 4.718941215129161648e+00 -3.784645336934378435e+00 5.873788386565775177e+00 5.557413601425018612e-01 -1.181333939528798638e+01 -2.075973759267679952e+01 4.488422065881502832e+00 -2.316872077704522859e+00 6.977758802588692078e+00 -8.763291738739425796e+00 -2.397260661212146537e+00 -5.701029722441226966e+00 -1.037074070997104158e+01 1.482303779294917234e+01 -6.999915882790876509e+00 3.105056356710879317e+00 4.106819669886673907e+00 -5.616501787651683841e+00 1.253848536506991884e+01 -1.446487138345041279e+00 1.925576182773481548e+01 -1.899201822540101281e+00 -6.249806868516748715e+00 5.586279363393527042e+00 -5.848199926075910327e+00 1.484846244719801867e+01 9.761590778369180654e+00 -1.223550660452164607e+01 -1.332954444948298844e+00 6.280398770483629711e+00 1.124784847764345841e+01 4.375585478739950851e+00 3.245624692865840544e+00 -1.036536913633645085e+01 -5.682148294528138521e+00 -6.615855889294440573e+00 1.107971331652468727e+01 -3.222075549941938899e+00 -9.426829733527492650e+00 -6.765888213773902926e-01 1.525314493816362571e+01 -1.768324178994594575e+01 1.142111948905050589e+01 -8.313837966223250220e+00 9.018108510819752288e-01 3.937048304439001445e-01 -3.638486915843886838e+00 7.174837670753523300e-01 -1.769974392776031635e+01 -1.010856632100177244e+01 -1.026276784235446726e+01 6.362447056508882426e+00 5.510186114431613547e+00 -1.065790416328399637e+01
-9.066945446967864530e-01 -3.324038276018657090e-01 -8.468424832691199278e-01 7.434525500847762869e-01 1.446176503533797841e-01 -1.294265968157562452e-01 -2.309241329574497070e-01 1.122859131344825234e-01 1.589227726632533588e-01 -5.983613772483633575e-01 3.746895200937858106e-01 -2.842480034160891345e-01 1.671110991492348596e-01 -8.302832839699773870e-02 1.807407305644847251e-01 9.045040666692086839e-01 -4.966288904910582946e-01 -3.441581451582158974e-02 7.697267379821749744e-02 4.148014283391053270e-01 -1.130080625289065499e-01 -1.728726530677186790e-01 2.474213744557951511e-01 1.988471713046134626e-01 2.129724055604254040e-01 -3.794811014433320528e-02 2.121753024974137869e-01 7.059578995349053976e-01 -4.555981692021555673e-01 -5.783905051417834176e-02 1.024492843060862135e-01 -1.495366007756031013e-01 3.054317408694345176e-02 1.150224602708854071e+00 -7.756480424547061714e-02 8.039814489667788111e-01 -1.153457900618780174e+00 -2.678354173145336969e-01 -1.174097542221366796e-03 3.944361309044085995e-01 -2.422316472902431850e-01 -8.903506001974027528e-01 4.637799890451238527e-01 -1.922252121222708943e-01 -1.845488168552457120e-01 -7.458649136629780241e-01 1.539224382571149796e+00 -6.536603036349766249e-01 7.214405248858241082e-01 -8.105853098188156025e-01 -7.118935490917848163e-01 -1.858206788636532769e+00 -1.299989068201906628e-01 2.671398093501628490e-01 1.462066484442281489e+00 -5.284581040046096856e-01 -3.782938515396276347e-01 -3.820644108992799493e-01 -1.104532185159379010e+00 1.137818093559035848e+00 -6.021894474511733097e-01 4.965645623769275319e-01 8.664590197213108969e-01 1.004727864262855291e-01 -4.773808791201467616e-01 5.953390666853868307e-01 9.263780639822415397e-01 6.911190635597352916e-01 2.150209496900343797e-01 -5.224854959288460776e-02 -1.494048112665483208e+00 7.436765353664617217e-01 6.034490740315350266e-01 -3.410455689861443540e-01 -1.162969314682137656e-01 9.267099922408370549e-01 1.156815781166437157e-01 1.300061178948348772e-01 3.604613310376404978e-01 -3.441473835807329906e-01 -4.346370542560314409e-01 -2.670469808620691832e-01 1.745207918762365251e+00 8.411413241913268113e-01 -1.198988554239533016e-01 5.968517802685496809e-01 7.500128471863473090e-01 -9.610994453549862593e-01 1.260906763814544806e+00 1.076140195548596357e-01 3.142416454685870164e-01 5.665187286686491630e-01 3.248624201743963158e-01 -1.016570679386428644e+00 -5.410576374829342283e-01 3.417137046828639391e-01 -6.620875096052611930e-01 7.644024586970545876e-01 -2.831307360315616362e-01 -8.829438408366742097e-01
-9.855144790500542484e+00 -3.657643306103711467e+00 -3.894754929624374640e+00 4.630469717399334328e+00 8.755883308257056186e+00 5.099317363807776893e+00 4.935355333042680037e+00 -7.698221617057351196e+00 -9.076583064394638356e+00 -1.484705744127109650e+00 -2.407525827762244663e+00 -2.113863361726930901e+00 -7.148795957969729109e+00 -3.157309057113559803e+00 3.167796530266989152e-02 8.281257866150808056e+00 -1.327022443744231239e+01 -1.100332427214007325e+01 -1.567964524379291724e+01 8.343387029592209458e+00 4.544073615386737153e+00 6.205525417341208883e-01 3.945880448595869172e+00 5.243792683515922981e+00 -9.463178249530988850e+00 -3.271069073321791532e+00 1.044266216516403212e+01 3.659004505043733868e+00 -2.366782736136006648e-01 -2.611203931405228662e+00 3.911972296159026641e+00 -1.140493135350243659e+00 -4.752249968087463472e+00 1.392207883907664367e+01 -1.438475100937727014e+00 1.331639388824319248e+01 -4.481431583089023896e+00 -2.034680137166277714e+00 1.486489369738732336e+01 -8.943103285202001373e+00 -7.835026417684685995e+00 1.078873159076315424e+01 -4.849939499532180065e+00 5.314615475644734133e+00 1.942741592285833985e+00 -9.798983885218744305e+00 4.917709666585077244e+00 -3.326788972635847497e+00 4.636612238296247135e+00 6.749617706830491892e-01 -1.072313645447176533e+01 -1.932036761184560802e+01 3.898677398850047382e+00 -1.541054358508221256e+00 5.955754294647056746e+00 -7.590591125016571183e+00 -1.833429151232547349e+00 -5.522308834806467281e+00 -8.892201351712275326e+00 1.340384363448466409e+01 -6.461924088306936653e+00 2.259605152989973220e+00 4.159831076255947835e+00 -4.495360973512688041e+00 1.065306581247698681e+01 -1.181120778587825715e+00 1.735741967842879063e+01 -7.404985321180994617e-01 -5.490802527144213130e+00 4.774461698835306578e+00 -5.392586519845981918e+00 1.326676024491765027e+01 8.811678016639108435e+00 -1.126265601355731505e+01 -1.366906531041146566e+00 5.917622978203985085e+00 9.724525731109702420e+00 3.608320875327907018e+00 2.523323598121009148e+00 -8.343069684656411411e+00 -5.274365137626639388e+00 -5.736329068458335456e+00 1.014686691793882645e+01 -2.190464269986590384e+00 -7.901080677590817558e+00 -5.280803426085715069e-01 1.359610810463151509e+01 -1.579903932129914423e+01 1.078988808928463072e+01 -7.174914935746961930e+00 1.275327463946749340e+00 2.684904209074446824e-01 -3.317074649909280470e+00 4.292611218917781746e-01 -1.529616422503398354e+01 -9.359738075122997714e+00 -9.068520249490694241e+00 5.275607983782564681e+00 4.253659373179717207e+00 -9.645490077461449374e+00
-4.246975154158496579e+00 -1.419173164013374011e+00 -1.751683306359081316e+00 2.285933506353286404e+00 3.117637794104127114e+00 8.366576229109756735e-01 1.877791232009639266e+00 -9.328503997442399998e-01 -1.987154813800396047e+00 -1.649734715208801106e+00 -1.622385149524746994e+00 -3.063795485329936508e-01 -5.999873804523471188e-01 -2.049295224936268145e+00 3.327089967929227066e-01 3.042803644561414167e+00 -4.886640540343998751e+00 -2.551835131442767857e+00 -4.841499532386235316e+00 2.654200471556962260e+00 1.926185909067595459e+00 -8.217294876291109107e-01 2.147388768212136867e+00 2.463877616079632293e+00 -1.558656599265172416e+00 -5.293421256125140362e-01 3.933139537021798748e+00 2.924947175113071562e+00 -7.199298127747467690e-01 7.334895769060995052e-01 1.796248186732185115e+00 -7.221169774498684135e-02 -9.380307761684432144e-01 4.371842031502590764e+00 2.603808057485674232e-01 5.801367559182040168e+00 -2.245217801957624104e+00 -2.113362553404458388e-01 3.613486705387746856e+00 -2.195928660089850659e+00 -3.431883330213607142e+00 2.232587700796833552e+00 -5.528544536168029655e-01 3.511907017897246686e-01 2.480974510602949601e-01 -3.498772281007971774e+00 3.326393497035033509e+00 -1.605807054390036015e+00 1.165324213802691800e+00 -4.030320207859519055e-01 -4.730232638006168777e+00 -8.629016745438219615e+00 1.154525629353325478e+00 -2.346457794486176557e-02 2.353358681640012051e+00 -2.678949996913213116e+00 -1.013205741501795432e+00 -2.316802468642268131e+00 -2.768562295572894794e+00 4.969420694185686216e+00 -2.698804950808455505e+00 4.536647524961840566e-02 2.498873270536470237e+00 -7.333354608538618369e-02 1.930195240619125174e+00 5.269816225066434878e-01 6.123284924030905074e+00 2.069975971373930079e+00 -1.683975990555823143e+00 1.192773949384426935e+00 -3.227684739541432979e+00 4.684480125583883492e+00 3.413791114302484608e+00 -4.434977383556729436e+00 -8.888499756584500311e-01 2.707787872795339723e+00 2.329600150627058497e+00 3.646007542729641782e-01 2.161562707967865926e-01 -1.428352549559303686e+00 -1.889775144391351303e+00 -1.721243057879625393e+00 4.081051573461174087e+00 1.283620145093789855e+00 -1.307894479375920627e+00 1.059212409453558656e+00 4.747408848728609243e+00 -5.773501469258317975e+00 4.501592304308559278e+00 -1.501727911092147538e+00 1.008173807614598738e+00 8.941009196398201631e-02 -8.001769956148392371e-01 -5.700303993955906368e-01 -3.690543798934036168e+00 -2.993624676448273458e+00 -2.758824181216433580e+00 1.201480935158085073e+00 -2.196626171057818044e-02 -3.505763878967926850e+00
-3.297171137270896724e-01 -1.057279168465376229e-02 -6.504646029536210738e-01 4.969139914922159340e-01 -3.114299385032809342e-01 2.333844347078184098e-02 -5.545893326096160703e-01 1.890961812883775739e-01 4.922555351116088551e-01 -1.411267967866597084e-01 6.704649122262028582e-01 -3.267438526731801796e-01 2.256288104099750391e-01 6.874040838430291178e-02 1.328369768382148819e-01 4.763894251196239549e-01 4.536621562980449607e-01 2.444264146160869955e-01 8.674355301966700793e-01 3.839368888098457222e-02 -3.895529843754076960e-01 -6.016824846084140033e-02 -1.614198319395902526e-01 -4.678968086675135835e-02 5.030793217512544713e-01 -8.436396847436580804e-02 -6.045716096776444504e-01 1.294667256975359781e-01 -2.868253233048845274e-01 -4.124206228092134330e-01 -6.540340302652646043e-02 -1.256992152325562828e-01 1.289657072669563309e-01 6.008516684502903660e-01 -1.100779918383190670e-01 -1.793225529642154537e-01 -8.426883684935214669e-01 -2.550125071099705321e-01 -4.075829646937789708e-01 7.801675777581161819e-01 2.076607801064299097e-01 -1.223375442547278702e+00 3.263109843985051439e-01 -5.838122605786241065e-02 -2.113049016906772548e-01 -2.634700341065024376e-01 1.108549401661425904e+00 -3.188785438776465253e-01 4.810217267346328374e-01 -6.739373654721695361e-01 1.961084033566800611e-01 -5.240409458860041392e-01 -3.576472865788956068e-01 2.325821322423728410e-01 1.108251910668455409e+00 -6.617796699163416840e-02 -1.014331365104573224e-01 -4.017572466512412538e-02 -7.541586049828022942e-01 5.221014798933856227e-01 -4.884963149716486236e-02 5.252822831496293254e-01 5.713143092596407735e-01 -1.684821683794448521e-01 -5.509322018275382149e-01 5.181473938311597083e-01 2.788662431334364145e-02 3.083507485018414651e-01 6.124867544732542912e-01 -7.221374073452724307e-02 -1.032755605447992053e+00 4.202818770876728255e-02 2.139937347633337761e-01 5.521099039044378154e-01 3.665319332002957980e-02 7.058705257480721862e-01 3.856479504625215382e-02 2.131103935286010609e-01 3.892949649385551991e-01 -2.942647434150864605e-01 -4.160247465332493344e-01 -6.472665140411437701e-02 1.193520572998570062e+00 4.443530024468383410e-01 -7.956685915966786593e-02 3.028817917770226242e-01 3.364404238822206461e-02 -7.240366067429522545e-02 6.273573095535932564e-01 2.807888236835912599e-01 2.135183183918189509e-01 6.340955076251596489e-01 5.151789010563987414e-01 -9.863778292865544861e-01 -2.434428058747331869e-01 8.342701534106657935e-01 -3.779824045909249697e-01 7.297333902271709860e-01 -1.197357195679578379e-01 -3.936565978521536224e-01
-1.232982665144019840e+01 -6.443048730819123548e+00 -1.428404292861479741e+00 2.866820370133494666e+00 1.413345876534513579e+01 5.282519172329966040e+00 5.977092664642605691e+00 -1.832444792765997477e+01 -1.453071327063021023e+01 -6.783978945691737650e-01 2.712088829308945126e+00 -1.917064545091103689e+00 -1.801095993835185638e+01 -5.946232278714606023e-01 -1.151653390891786310e+00 1.343434990579882182e+01 -2.101473814394905304e+01 -1.899377747555807261e+01 -2.232272589162176146e+01 1.338991263099008222e+01 6.486559048659287896e+00 5.625962511441659153e+00 3.254147070777206885e+00 5.818367494650434679e+00 -1.975536126262107572e+01 -5.383673516738896048e+00 1.752490907673078269e+01 1.431136852341152510e+00 7.486753248407294059e-01 -9.799760057490900067e+00 5.722406040559406826e+00 -4.915840350694638872e+00 -8.503242773078204308e+00 2.550893544396291190e+01 -5.967683231596697446e+00 1.684337537135517948e+01 -4.442137896860259616e+00 -4.693205731905742972e+00 2.455624164835446877e+01 -1.754298834897400639e+01 -6.109148739173228648e+00 1.925044548315264592e+01 -5.644400561216834866e+00 1.111253705524198665e+01 4.006091943932505117e+00 -1.624854013076781811e+01 2.049057063909884402e+00 -6.684209068160523515e+00 1.279419764425327521e+01 -1.238000923154344957e+00 -1.664916745183118962e+01 -2.459737507698459069e+01 5.995278434137093271e+00 -7.450433698524556725e+00 1.108451115466654358e+01 -1.502864181934136489e+01 -6.676128622180074856e+00 -5.500440579107703343e+00 -1.539967280632411395e+01 1.815741250152803943e+01 -7.591023708569158757e+00 5.980275459936750693e+00 2.132169413007161118e+00 -9.886787976883280038e+00 1.880613028462572700e+01 -8.076549668529527937e-01 2.497374141013805371e+01 -6.285962021686684942e+00 -9.006178306500686404e+00 9.947996556775851928e+00 -9.328869567941328711e+00 1.950427518726257503e+01 1.384828969553421274e+01 -1.454986794765105884e+01 -1.661302305380176314e+00 7.135864735381201029e+00 1.645222471017968147e+01 7.319709564213061626e+00 7.160115290851363667e+00 -1.976907035605558960e+01 -6.489545802239589989e+00 -9.325336437211523943e+00 1.196629635782482914e+01 -7.573849223900625205e+00 -1.640978931564011845e+01 1.931431433315853985e+00 2.165020383937126169e+01 -2.455105177780847470e+01 1.119220287304957928e+01 -1.154308383461644105e+01 -2.567512851772381088e-01 1.447448290987548125e+00 -4.619467240994294066e+00 2.052170616691627369e+00 -2.603006308330921215e+01 -1.046640599338635802e+01 -1.444640083089914917e+01 1.029775190621334424e+01 1.114537200904776881e+01 -1.383413789889367251e+01
-2.867023927702125885e-01 2.245319921326075635e-02 -6.288102015399728018e-01 4.803824369408152828e-01 -3.387906503640477074e-01 5.151130624017694060e-02 -5.776518847915523835e-01 1.945880553702197258e-01 5.288284776384379882e-01 -9.147840030750782614e-02 6.804603994851730064e-01 -3.249744152845698841e-01 2.358864134061417484e-01 6.380118411320170879e-02 1.312943991846742542e-01 4.335216646451213185e-01 5.345531670161486337e-01 2.637823563210310862e-01 9.233875666445683361e-01 1.099407265216763990e-02 -3.980916467705551409e-01 -5.308857452994655141e-02 -1.974139206969159621e-01 -4.411750197728447898e-02 5.274884272760752557e-01 -9.288515704973177023e-02 -6.736590204843725394e-01 7.393323893330135121e-02 -2.627782999433121991e-01 -4.423211639903951164e-01 -5.924365497614955678e-02 -1.227791001887510586e-01 1.288780189224873474e-01 5.530566626790535123e-01 -1.117824048208951315e-01 -2.552676043362894776e-01 -8.074808430860092034e-01 -2.515355669580218168e-01 -4.311832798331167171e-01 8.053345049128010080e-01 2.340323887684828685e-01 -1.234113335502993847e+00 3.068880432804871883e-01 -3.708300846717967753e-02 -2.108749459248595304e-01 -2.281223120161667561e-01 1.071209700936067932e+00 -2.794413239203571986e-01 4.438570077210082787e-01 -6.535687884606011799e-01 2.730371709409275538e-01 -4.190617194636854781e-01 -3.693254054382516527e-01 2.146544094122146140e-01 1.063207507149861009e+00 -2.279892235942309470e-02 -7.200383225049512836e-02 -6.220875255156016817e-03 -7.189218180932215319e-01 4.805048299741962459e-01 4.786865412294177488e-03 5.189188257683521321e-01 5.522298055739893741e-01 -1.993389534533191176e-01 -5.317397010233554377e-01 5.100552537329816616e-01 -4.036927638665836066e-02 2.790069909241744139e-01 6.426932045122034642e-01 -5.760640773279826488e-02 -9.874137810113189362e-01 -5.861617532190416258e-03 1.939635781131411052e-01 6.281423055803015965e-01 5.423317262084194346e-02 6.950355554558631521e-01 5.265515656210977002e-02 2.164810289844850688e-01 3.800144117160206281e-01 -2.936882731514468547e-01 -4.298073505989216114e-01 -5.115592537957295433e-02 1.140232473979082561e+00 4.029323619808203860e-01 -7.434433065643913929e-02 2.707510328490265183e-01 -2.235094658778082749e-02 -4.648326990699855853e-03 5.668538234004820708e-01 2.882760452889336911e-01 2.032623724265955056e-01 6.352971059881120652e-01 5.333821761475185941e-01 -9.692216643629989470e-01 -2.257661719959155322e-01 8.617510274978191775e-01 -3.525561566580707740e-01 7.221809191661089367e-01 -9.691651404713928775e-02 -3.493123535418385384e-01
-7.148708834437086601e+00 -2.319275330823394654e+00 -2.884151772394628388e+00 3.614327151115670489e+00 5.784944412234021449e+00 2.842224570463558031e+00 3.632143149007533989e+00 -3.178677817670270578e+00 -4.949712887514426285e+00 -1.769127821180174420e+00 -2.623224429119508372e+00 -1.050546046160568903e+00 -2.667962441261498618e+00 -3.332244515401564744e+00 2.246847401588846493e-01 5.428459916268661978e+00 -8.668718700654682863e+00 -6.023259481741329857e+00 -9.833300197364193806e+00 5.059633061331283876e+00 3.445287266036916485e+00 -7.909545672749550560e-01 3.418135062423179882e+00 4.120138154343857551e+00 -4.350868670891480328e+00 -1.613404904830851416e+00 6.961705857849825207e+00 3.948094366160973756e+00 -6.728011083675008441e-01 1.408259035500012898e-03 2.921758834871162502e+00 -1.905313991266076867e-01 -2.359844428745095257e+00 8.244840649057895376e+00 5.160925541116024445e-02 9.800060050021075497e+00 -3.313519665136354764e+00 -6.880762880161428452e-01 8.342190603900910162e+00 -4.964612342614446838e+00 -6.193524532147566042e+00 5.868072793262345321e+00 -2.645130273361100848e+00 2.109678446191520340e+00 8.937618559924552786e-01 -6.171747730962257705e+00 4.494389901242580976e+00 -2.326802786134478662e+00 2.152538822874813906e+00 3.279438435877010116e-01 -7.643748751313714784e+00 -1.411601733423529481e+01 2.267263162385703357e+00 -3.149233387269160245e-01 3.545268545500572355e+00 -4.752592440417415354e+00 -1.179629925791872092e+00 -4.174721101906290421e+00 -5.056495750791649257e+00 8.831620167525013443e+00 -4.478885480511300088e+00 4.328817463085423700e-01 3.609444922585688609e+00 -1.645246274697877320e+00 5.417231911633292540e+00 -1.089122522256480707e-01 1.128831762507564207e+01 1.711116464601124099e+00 -3.340361890374186071e+00 2.716708045291823748e+00 -4.340432236396695842e+00 8.493958934172649577e+00 6.005581597696415308e+00 -7.801118798770845686e+00 -1.360044146580433155e+00 4.419692999277836876e+00 5.407612827082694196e+00 1.569851521233118774e+00 8.997233961771506916e-01 -3.739072408643449918e+00 -3.621505498598367900e+00 -3.370481183862233721e+00 6.741670909620812502e+00 2.427695280101726250e-01 -3.879266635387644158e+00 5.069291746381880959e-01 8.737180963604473050e+00 -1.028677448794853788e+01 7.740642959770313247e+00 -3.795335782366075605e+00 1.567052514299355659e+00 2.552350984994306363e-02 -2.055312770917169019e+00 -2.130205618315740290e-01 -8.438531242518463316e+00 -6.180918250256399737e+00 -5.499769342690970397e+00 2.558213789396089233e+00 1.358079184668672168e+00 -6.329004393339364931e+00
-2.863902940946149722e-01 2.306730722896263575e-02 -6.283946299027163285e-01 4.802433971200874563e-01 -3.386351010198989653e-01 5.272232782245239724e-02 -5.779754023551567643e-01 1.945390957668448051e-01 5.303720111324231601e-01 -9.046756026193686351e-02 6.796821560485836189e-01 -3.243955981064323701e-01 2.363524182510560179e-01 6.295710501934161096e-02 1.317458614993338717e-01 4.327429562741605396e-01 5.356827399904884324e-01 2.640306604010655978e-01 9.237127322159460752e-01 1.092618795918018013e-02 -3.973733726615030770e-01 -5.284861948762999834e-02 -1.980130185450877656e-01 -4.257237918766629964e-02 5.276560217287067367e-01 -9.332944582764850228e-02 -6.747934737972107744e-01 7.304475839367323420e-02 -2.618541667497489289e-01 -4.424848504547231332e-01 -5.788461032381456151e-02 -1.229317290306185112e-01 1.281996037752549944e-01 5.520783967205256104e-01 -1.119238100593480667e-01 -2.558343007893000842e-01 -8.066824632850811971e-01 -2.512234685653930155e-01 -4.310218397716222838e-01 8.051994173405734312e-01 2.339612661787973391e-01 -1.233270347986823001e+00 3.065322149208948299e-01 -3.646083353973546270e-02 -2.106318990656553536e-01 -2.277991017961882303e-01 1.070810809219979731e+00 -2.785055304654486807e-01 4.422835142356789095e-01 -6.529035323624557963e-01 2.740903489296894757e-01 -4.180892598449686415e-01 -3.689563922614943481e-01 2.136225253325129969e-01 1.062085436141612549e+00 -2.175256682747826048e-02 -7.112104606334418433e-02 -5.226569505067234916e-03 -7.182975255558685657e-01 4.804756679652439910e-01 5.653124514136229940e-03 5.186150603083209409e-01 5.523213107392211940e-01 -1.999861503317412192e-01 -5.302251317120417751e-01 5.099965055216159060e-01 -4.059167837695327324e-02 2.787167419167386750e-01 6.428419859799986424e-01 -5.672840657894168831e-02 -9.864744410197664459e-01 -5.683729399057558043e-03 1.944800918725098637e-01 6.294143357789128146e-01 5.474926859085729736e-02 6.949331932273720147e-01 5.382551385059823612e-02 2.158767804462811135e-01 3.791081028093669092e-01 -2.936107076247266301e-01 -4.306728784649303532e-01 -5.119503421539243343e-02 1.139113162770376553e+00 4.022929563794805929e-01 -7.410746847068538923e-02 2.700847568852354774e-01 -2.275663005676536663e-02 -3.945857052704830614e-03 5.655597855913172545e-01 2.880682143432891085e-01 2.028794646894242493e-01 6.351401414600083006e-01 5.340905766647122688e-01 -9.678916783358211262e-01 -2.258651484921493924e-01 8.613847045835097971e-01 -3.517301151728401964e-01 7.219850260617078908e-01 -9.613299103871572604e-02 -3.485776289463256572e-01
-1.318047060652579994e+01 -7.697384902828276587e+00 5.650648331419151127e+00 -3.422190634856779212e+00 1.919743993779104230e+01 3.467236293123683755e+00 5.688518692022641154e+00 -2.633374544971073661e+01 -1.415641507421982581e+01 5.628941681959048760e-01 9.960052182171390101e+00 -1.686393241837806922e+00 -2.765441592285040073e+01 -2.372223840952998875e-01 -3.982480025376514021e+00 2.106985300711161813e+01 -2.773558223772081277e+01 -2.500378435037895031e+01 -2.135758949249504823e+01 1.634310796058166559e+01 1.018579291276363108e+01 1.065044759741834035e+01 4.473017031657386511e+00 5.633664877143899297e+00 -2.718201853752420405e+01 -6.108535433278206916e+00 2.450418880896209828e+01 1.129554403799842399e+00 2.198976556046764674e+00 -1.444493398106792093e+01 7.771684500728181177e+00 -8.912365855546832805e+00 -1.013416773670207327e+01 3.553078962727258983e+01 -1.105484359818804485e+01 2.121280315462679766e+01 -2.717241426129779036e+00 -4.970436122807668333e+00 2.977003651710207777e+01 -2.387653016133233308e+01 -4.612234312089156241e+00 2.322357466633568990e+01 -4.398874377344770714e+00 1.702774793709784973e+01 5.192789274472867866e+00 -1.828450947545891836e+01 -2.673003378973970445e+00 -1.158955379735300362e+01 2.306580348778174994e+01 -4.227660443045057725e+00 -2.256373345961927512e+01 -2.511128392849677127e+01 5.645699102080867782e+00 -1.584252090589902373e+01 1.466490394638850070e+01 -2.354163033532767813e+01 -1.176722484851903516e+01 -4.604242967985864965e+00 -1.654495024109528600e+01 1.591990731413018878e+01 -5.434421247373866670e+00 5.445172895219576148e+00 -3.628633523244251702e+00 -1.266092876408003498e+01 2.249923387606512648e+01 2.494034620950261960e+00 2.866027211934057917e+01 -7.649493883995011068e+00 -1.141390656180590923e+01 1.700004874538460697e+01 -1.691846227834130190e+01 2.020780700511898331e+01 1.789910316460785111e+01 -1.429050184711484661e+01 -1.859846103762043290e+00 6.912597104311009488e+00 1.950727601144402357e+01 8.300778440916356971e+00 1.433892379962350283e+01 -3.035831217729579024e+01 -6.360065594666692412e+00 -8.556347374088300484e+00 7.597376768642961409e+00 -1.221393986084865801e+01 -2.527909866402617567e+01 1.087039243494363916e+01 2.693765012722590413e+01 -3.033093564858794977e+01 7.214090730610875468e+00 -1.233316678821685919e+01 2.744065089742674157e+00 4.553411874322859099e+00 -6.092973844091124747e+00 3.675579305167365973e+00 -3.204889684727701393e+01 -7.513741039117592280e+00 -1.803435729384881725e+01 1.269117862688653986e+01 1.700960564954126397e+01 -1.521860729667000633e+01
-6.606216844700600888e+00 -2.128734424099675504e+00 -2.649806458653208630e+00 3.372558265482213269e+00 5.269721085570534314e+00 2.409498927375953059e+00 3.326964486409003996e+00 -2.616970344394611292e+00 -4.302896234936638642e+00 -1.784167383276774821e+00 -2.504884450070512969e+00 -8.647191759489359919e-01 -2.132713333684874701e+00 -3.174486958236662382e+00 2.558089220919341211e-01 4.936819519910932819e+00 -7.911686007002432852e+00 -5.261195936518886285e+00 -8.822287817385999986e+00 4.547912111534469837e+00 3.187427628819372583e+00 -8.749657899521141591e-01 3.219427168842853959e+00 3.842775402248073124e+00 -3.677147333712180721e+00 -1.362569771616425784e+00 6.373399644439647460e+00 3.839680339132599318e+00 -7.079567762729289671e-01 2.561919260708956370e-01 2.732329809664281850e+00 -1.286044547203503696e-01 -2.024111198787107657e+00 7.402536164130788521e+00 1.661435455896288493e-01 9.067682057043491284e+00 -3.092676525013896338e+00 -5.364977927147874803e-01 7.318722476509062602e+00 -4.379791680734181902e+00 -5.713889606500669238e+00 5.099753710532236362e+00 -2.207994274215161479e+00 1.671683794813509483e+00 7.473475750244019666e-01 -5.620228258848568359e+00 4.306799923321642076e+00 -2.182201401919432904e+00 1.883065943868162950e+00 1.959939160077613096e-01 -7.104307632682942852e+00 -1.309586412074333417e+01 2.030986728720997281e+00 -2.253592245565652630e-01 3.247281559215467794e+00 -4.325378175907236056e+00 -1.147550856698552835e+00 -3.837582655761548001e+00 -4.524933102269296903e+00 8.047612969875624245e+00 -4.122327808465875876e+00 2.665356438635361203e-01 3.430156308661759912e+00 -1.256399360892318073e+00 4.639026949851648318e+00 5.364854423902584712e-02 1.024325054152828507e+01 1.922186195841098177e+00 -3.000166371376152163e+00 2.398136414785377646e+00 -4.149751663008239611e+00 7.711235434458952653e+00 5.507235550469688157e+00 -7.154115984678909079e+00 -1.305335066868928529e+00 4.102277969051941753e+00 4.739547811233202346e+00 1.277129257392230155e+00 7.058647565781183131e-01 -3.166474394129615177e+00 -3.287338923207011820e+00 -3.017723650436522131e+00 6.163750463909982713e+00 5.365157387603824990e-01 -3.283776551431726087e+00 6.705979729015446589e-01 7.925127977166354754e+00 -9.375035434683058000e+00 7.110989831757357216e+00 -3.279335446605756044e+00 1.496295992130151520e+00 1.011574775573533327e-02 -1.805997481530209781e+00 -2.907468075281727238e-01 -7.384045099297003922e+00 -5.559638923785619191e+00 -4.916391309000490928e+00 2.209898328001312251e+00 1.000253653655981401e+00 -5.749756250888377274e+00
-8.164322375055858672e+00 -2.727748069566291012e+00 -3.325063022919177325e+00 4.048752941204641687e+00 6.796176101304488348e+00 3.696085961030404654e+00 4.164865252730502121e+00 -4.479231041448130668e+00 -6.302996602525261061e+00 -1.701593466553740219e+00 -2.734088307063432755e+00 -1.440756321421898134e+00 -3.933258845447939134e+00 -3.481246009177838552e+00 1.600235694453986945e-01 6.410530584071675975e+00 -1.019920222406479304e+01 -7.631861935356110571e+00 -1.185240424787219382e+01 6.128097354307040057e+00 3.891187398253293850e+00 -4.898789806454781348e-01 3.720964501904258981e+00 4.594800577181080925e+00 -5.874976687291606936e+00 -2.151966390933157669e+00 8.128365189908153710e+00 4.019028217394481572e+00 -5.633539217958454248e-01 -6.704861244079890481e-01 3.269937294571377606e+00 -3.923865372205962987e-01 -3.103380380258186300e+00 1.003144571891941617e+01 -2.983389276926889377e-01 1.114846534056563954e+01 -3.749535317506825560e+00 -1.067853044683447328e+00 1.047821572244336608e+01 -6.199299640696926517e+00 -6.995273577774767659e+00 7.462925004846169941e+00 -3.488481432159658446e+00 3.093815617255049943e+00 1.213508331376150995e+00 -7.320276309300393081e+00 4.781562478902301905e+00 -2.628334765649722016e+00 2.813341188826806505e+00 5.410724190369405884e-01 -8.689327806716411473e+00 -1.603504571718233507e+01 2.776641277249850326e+00 -5.791248422580932420e-01 4.239710099355312067e+00 -5.639503553263549129e+00 -1.284351633242985180e+00 -4.764029161284483394e+00 -6.230059960513473882e+00 1.040294280758982026e+01 -5.184855924042339304e+00 9.001925579471158345e-01 3.898354793272429841e+00 -2.512325872416166117e+00 7.082595871293641210e+00 -4.710545209810573231e-01 1.337808479435265951e+01 1.093423587669837715e+00 -4.042452359077561397e+00 3.374546521134315746e+00 -4.692374800792930678e+00 1.009022432510032274e+01 6.974288401596060893e+00 -9.049949711910979744e+00 -1.411742661959244582e+00 5.000839329661404875e+00 6.807966146660900719e+00 2.209457208748142776e+00 1.361282886191163444e+00 -5.060769317966007819e+00 -4.248988551868126962e+00 -4.117132019036785273e+00 7.928551088393928303e+00 -4.548464063353329645e-01 -5.155123362855103863e+00 1.375566211501911273e-01 1.037285560068848689e+01 -1.212971597000034585e+01 8.925506379351464403e+00 -4.894512832246637579e+00 1.613469621365378748e+00 8.405332093778462854e-02 -2.530297112920105729e+00 -3.268415200029350237e-02 -1.066383131861381983e+01 -7.371319994643328322e+00 -6.694700424100452629e+00 3.362005508826487965e+00 2.191444611637525686e+00 -7.484741915400371148e+00
-2.898674211972318560e-01 1.844913480223458330e-02 -6.317540947202205937e-01 4.811685671730603353e-01 -3.379101343934867163e-01 4.690603356419830589e-02 -5.759474247280276238e-01 1.939107297099848526e-01 5.234778492251283000e-01 -9.767523535402836132e-02 6.817683836270480580e-01 -3.260611417609858287e-01 2.333800482248961361e-01 6.684366324259952141e-02 1.309611498952796271e-01 4.387222459457105206e-01 5.271918378734191668e-01 2.622091791547201400e-01 9.196530357261863964e-01 1.292536528072271880e-02 -3.997031604662942827e-01 -5.343955977352643494e-02 -1.937941807380920978e-01 -4.815023939491025473e-02 5.251887268922041940e-01 -9.160653182931717542e-02 -6.674027319213160503e-01 8.023212385368964916e-02 -2.664792879841669238e-01 -4.400684233002483681e-01 -6.314305983917016529e-02 -1.230086786930776749e-01 1.303134772841989253e-01 5.578293226113774095e-01 -1.117215379267941511e-01 -2.495646215695467574e-01 -8.122869942237216367e-01 -2.519153405929072109e-01 -4.302190178523963016e-01 8.038964278958307119e-01 2.332464245732548680e-01 -1.235497858690259410e+00 3.091195550683631388e-01 -4.046913389894903762e-02 -2.112458377189271874e-01 -2.306172725687617719e-01 1.074378291543802266e+00 -2.847884685361470325e-01 4.498776924778197239e-01 -6.564215178032462017e-01 2.659357844258495307e-01 -4.272410910474266910e-01 -3.696870488345262440e-01 2.190069678824388688e-01 1.069879562518700977e+00 -2.743956379410122243e-02 -7.542291004093276685e-02 -1.043511336234257889e-02 -7.229416303653692921e-01 4.826186313587630394e-01 -1.011256824205345991e-03 5.209339102245118536e-01 5.530653452529772363e-01 -1.956331197343970096e-01 -5.373720530620337277e-01 5.108675958005732820e-01 -3.501427427784315621e-02 2.809057631366941865e-01 6.405522671345015295e-01 -6.155923784658931530e-02 -9.925846889153466801e-01 -3.475259688483722364e-03 1.940085516857204262e-01 6.212634417354222505e-01 5.155722201741186339e-02 6.946313535946913031e-01 4.829780065050116172e-02 2.172459684794112444e-01 3.830691462262887925e-01 -2.933191762742493047e-01 -4.263856716528448554e-01 -5.206831688954733500e-02 1.145844469056856552e+00 4.074036236350727092e-01 -7.561683933370112742e-02 2.747216795295449598e-01 -1.771094706410444863e-02 -9.683326461241807681e-03 5.737645699842330860e-01 2.887219547205284731e-01 2.046794723331364640e-01 6.357748835911382068e-01 5.313016149914789876e-01 -9.731272203650163100e-01 -2.267758772436888892e-01 8.614365560495020890e-01 -3.553758509223294282e-01 7.238542998419690289e-01 -1.001682585024683825e-01 -3.540678862916541436e-01
-1.327839439241539665e+01 -7.751691908999300828e+00 7.185808117764483249e+00 -4.816107826966075756e+00 2.008814833775785047e+01 3.260405811009815746e+00 5.421285181038239642e+00 -2.744280439705130803e+01 -1.358411296787871159e+01 8.257626618145379460e-01 1.114300323919806246e+01 -1.927474515782649167e+00 -2.925045171490606322e+01 -4.870069106503162049e-01 -4.549170533742624478e+00 2.278030654808701527e+01 -2.903011986452041526e+01 -2.613615061269005579e+01 -2.055479329650692932e+01 1.682638745465186503e+01 1.092606012337355814e+01 1.153499073744875680e+01 5.070707951979707140e+00 5.559376766028927719e+00 -2.832861045256399279e+01 -6.169113666204232516e+00 2.557945063786561590e+01 1.403765933818736267e+00 2.538639721313304953e+00 -1.488619190878777587e+01 8.219408309735801055e+00 -9.608969260734172124e+00 -1.033354414936946064e+01 3.713528272573051936e+01 -1.208028775499886187e+01 2.235858345992814478e+01 -2.347011493228997381e+00 -4.632196459078375739e+00 3.060454873166592193e+01 -2.474367470328101604e+01 -4.601648229822554725e+00 2.347754766917851654e+01 -4.092256327314474973e+00 1.832147291800062305e+01 5.333244785453115533e+00 -1.824160568268478144e+01 -3.514369881064646872e+00 -1.254008810366272186e+01 2.501931919314461084e+01 -4.689627898626559599e+00 -2.359182341566140551e+01 -2.485930370763766106e+01 5.458111517657287415e+00 -1.747928547078173978e+01 1.525998261711491466e+01 -2.493919667807871576e+01 -1.239355376108073692e+01 -4.393270114710511542e+00 -1.625600589688503561e+01 1.504500773354433996e+01 -4.885271561985366162e+00 4.864665642217682162e+00 -4.959050455387893130e+00 -1.294469559135790071e+01 2.293138193823337545e+01 3.137497903298184898e+00 2.920579650945610339e+01 -7.398465512592378168e+00 -1.180515899700150761e+01 1.840286454540591166e+01 -1.856672931824187245e+01 1.992803313394610853e+01 1.841642796791303027e+01 -1.401599482438193611e+01 -1.711981207069600996e+00 6.748087285378603362e+00 1.980362196827291754e+01 8.092552818589908270e+00 1.594869285924028901e+01 -3.212433449160560883e+01 -6.306925312153216723e+00 -8.009658393965057854e+00 6.448391455892237722e+00 -1.305387445992341355e+01 -2.690318727392774889e+01 1.280776546133449401e+01 2.755789936358225845e+01 -3.117771758874049226e+01 6.351879771799389118e+00 -1.228381483652749573e+01 3.733437541529450954e+00 5.300148897706776552e+00 -6.456782521452438139e+00 3.980633170351397521e+00 -3.284414821756773506e+01 -6.920661954877491695e+00 -1.862552953209450024e+01 1.293409094454112740e+01 1.798833438161022258e+01 -1.512542953112522603e+01
-2.862869669540742401e-01 2.525723435534443437e-02 -6.264593367458267670e-01 4.806605973792527631e-01 -3.372006656934353197e-01 5.675373669351914396e-02 -5.782410723692557042e-01 1.947571253232388000e-01 5.343796251239554262e-01 -8.671703943561871741e-02 6.765087038809692865e-01 -3.228064567277802999e-01 2.384411143778833453e-01 5.913752067830028297e-02 1.325540325273856235e-01 4.297505458715020765e-01 5.380643256450393652e-01 2.642366481365692188e-01 9.232546162020561775e-01 1.106327606534197351e-02 -3.941238573409979740e-01 -5.297537226993898757e-02 -1.993875422425534782e-01 -3.690263235043837048e-02 5.284926533675154969e-01 -9.435649315565518280e-02 -6.768929046375317116e-01 6.974666346217991975e-02 -2.590224572934639591e-01 -4.428257955928250333e-01 -5.281527661421831638e-02 -1.227208047101173150e-01 1.260242318336850242e-01 5.500226318841342499e-01 -1.119284279425925843e-01 -2.562852967990367770e-01 -8.035133160056338042e-01 -2.508810840720751556e-01 -4.299269508863779454e-01 8.046578466202852775e-01 2.322977348917410756e-01 -1.230087671196716581e+00 3.052070139000494509e-01 -3.385717703648980642e-02 -2.101404114194801998e-01 -2.279652174932929043e-01 1.069961286120228339e+00 -2.748319574062238480e-01 4.372410757655124103e-01 -6.508360384154530109e-01 2.764482718661835925e-01 -4.167523292876294527e-01 -3.672808357803321599e-01 2.092484179822503843e-01 1.057352537575626528e+00 -1.927427113898511069e-02 -6.906221929265261850e-02 -2.364276241842038807e-03 -7.160960285214230669e-01 4.815829356431516883e-01 8.514617839740399111e-03 5.165251140109915484e-01 5.533643748427459208e-01 -2.020736882236244536e-01 -5.240881781982359433e-01 5.096099636990730763e-01 -4.127135183530612761e-02 2.788006397897082600e-01 6.428976131680164130e-01 -5.267807903989662338e-02 -9.837310705394095578e-01 -4.070192232550172082e-03 1.966269220948957674e-01 6.317395362194407893e-01 5.690437047902877771e-02 6.962248123890228957e-01 5.842005854949072069e-02 2.144203964518233974e-01 3.756453641001485932e-01 -2.940821318618557778e-01 -4.342599878454384554e-01 -5.132476490971096122e-02 1.136433940704946410e+00 3.999649221991121162e-01 -7.281867594503105279e-02 2.677658719092166351e-01 -2.361334892229810523e-02 -3.402314332305082355e-03 5.618670917580889101e-01 2.868962559197786866e-01 2.018460737192527277e-01 6.342788241041421582e-01 5.354938358066914095e-01 -9.638583846749394501e-01 -2.262756178728391188e-01 8.589364572190119063e-01 -3.500728589131505974e-01 7.205665699265322299e-01 -9.365668525112107179e-02 -3.463084711540552196e-01
-7.460433870469718176e-01 -2.542364585178687464e-01 -7.996770746384356254e-01 6.730753110269059869e-01 1.061779633567455292e-02 -1.088397051640985214e-01 -3.234390545050867538e-01 1.356886340716171591e-01 2.431179145894518112e-01 -4.912978205585723512e-01 4.693524260436669482e-01 -2.992986207767907580e-01 1.803485912089801413e-01 -2.151861092163166039e-02 1.663935312265284461e-01 7.968542354321997978e-01 -2.463920938370119662e-01 4.811573163108590068e-02 3.000690990875450881e-01 3.098531170636802945e-01 -2.017612657308054391e-01 -1.396727894861871377e-01 1.402065470558626903e-01 1.097845826469458080e-01 2.901712245842688054e-01 -4.328154002869467887e-02 -2.762913594651488728e-03 5.604920308181202682e-01 -4.210916621873049270e-01 -1.476433755950574689e-01 3.682391580760756289e-02 -1.457731658146481091e-01 6.468034362912039592e-02 1.003873846878801102e+00 -8.909517767133044719e-02 5.369034530918066483e-01 -1.080693177886540957e+00 -2.680042830807856102e-01 -1.246036483310886123e-01 5.061685116741160284e-01 -1.084469876835161134e-01 -9.998800272281045398e-01 4.417988185047108107e-01 -1.697463784155648914e-01 -1.953884985267800023e-01 -6.117416750866422337e-01 1.427981221339822193e+00 -5.774544842253512833e-01 6.754853684155078808e-01 -7.872361182303967420e-01 -4.729028262698051766e-01 -1.497034363425773451e+00 -1.971326383280360139e-01 2.718528515223184172e-01 1.385521817882138462e+00 -4.100631668303649224e-01 -3.130880237129226584e-01 -2.937478601717838367e-01 -1.017770211060583962e+00 9.628296243153388057e-01 -4.647865113526484238e-01 5.137275175286051265e-01 7.827014453817106032e-01 4.209440513469165507e-02 -5.262328678771488466e-01 5.780659467418597375e-01 6.786241022776998699e-01 5.881886200101112960e-01 3.225699323606131541e-01 -7.611156915696054570e-02 -1.379355966549391743e+00 5.473028959793156956e-01 4.851825396229437759e-01 -1.059360611747511977e-01 -7.838564488935033381e-02 8.588413449292794377e-01 7.058153439491722525e-02 1.522104765881914235e-01 3.777225675999241750e-01 -3.252013060029992353e-01 -4.109649390061915208e-01 -2.080314319188892869e-01 1.607929404576632137e+00 7.492736460219134864e-01 -1.065504546022634780e-01 5.288482585936761238e-01 5.547062667379897283e-01 -7.178012443018174649e-01 1.098294758075241351e+00 1.618482650229433328e-01 2.876298962893156230e-01 5.897500372383986944e-01 3.746930606949842035e-01 -1.023383978678748418e+00 -4.494384532769850060e-01 4.878121633109928634e-01 -5.845697681812985769e-01 7.586172534758266472e-01 -2.510245570777394075e-01 -7.551095606285687101e-01
-8.013808561247254270e-01 -2.818218746410255382e-01 -8.163027002700864454e-01 6.972342160133645494e-01 5.640519957023124725e-02 -1.172961830861355692e-01 -2.917801088397902753e-01 1.278515874421872756e-01 2.138670998781791177e-01 -5.293858331635797887e-01 4.373434030223113389e-01 -2.941886243317449745e-01 1.758053123598655731e-01 -4.160437218795786513e-02 1.713126138888684258e-01 8.344899251446799004e-01 -3.334466691501732916e-01 2.007584936202493064e-02 2.234493939568589216e-01 3.459995649646998017e-01 -1.717617636801143099e-01 -1.510219559219296848e-01 1.774880124419356275e-01 1.394322464847463361e-01 2.634349364560351070e-01 -4.094554779505222425e-02 7.195920878547248933e-02 6.114446276809147873e-01 -4.336464139912341587e-01 -1.160318603969424794e-01 5.846979905703041103e-02 -1.472692018926051727e-01 5.324168090807770287e-02 1.054580534648540180e+00 -8.532092874895164103e-02 6.293715998705674552e-01 -1.106475135489677131e+00 -2.682161471128393648e-01 -8.282567465588511202e-02 4.679780152118455661e-01 -1.540126705371422933e-01 -9.631666134597454132e-01 4.505288785729459344e-01 -1.783934791549084131e-01 -1.919007981763957427e-01 -6.579848755971962060e-01 1.466880103167786054e+00 -6.046381766586549356e-01 6.924230363212088291e-01 -7.962348369350599198e-01 -5.560763122747151010e-01 -1.622116633779456141e+00 -1.740719510645635515e-01 2.708798979600066104e-01 1.413083646128429294e+00 -4.514002199067568832e-01 -3.362942687995420510e-01 -3.244244866474730316e-01 -1.048253319557225671e+00 1.022917312890985864e+00 -5.130804237640214094e-01 5.082861582661976074e-01 8.115158978316779903e-01 6.333517896479820553e-02 -5.110280514243654704e-01 5.843136379040081430e-01 7.640638686078354835e-01 6.239779958207207766e-01 2.853009866002979011e-01 -6.887635152233553826e-02 -1.419691699130558149e+00 6.150168009307732664e-01 5.253845960953892336e-01 -1.877877730217441254e-01 -9.160831087170535902e-02 8.818650842730063610e-01 8.474225139373803284e-02 1.443430900565782216e-01 3.721262640834419599e-01 -3.313712173794727267e-01 -4.180398211973783695e-01 -2.281639394416018762e-01 1.656175921379038574e+00 7.821750303470188515e-01 -1.107964138893236944e-01 5.531430876293786936e-01 6.221850685106180556e-01 -8.018726699498683885e-01 1.154965345535901911e+00 1.435239285678667764e-01 2.968051756316184009e-01 5.819663159254531148e-01 3.574244002540210574e-01 -1.021820564691063860e+00 -4.802712019071763705e-01 4.379559634759304099e-01 -6.111941176508168816e-01 7.607236934126624384e-01 -2.629017944503323490e-01 -7.995302467917647649e-01
-8.648007739091008617e+00 -2.954388994755980491e+00 -3.523348676208709840e+00 4.241113932720453228e+00 7.310226928776486943e+00 4.111077560837474998e+00 4.399796909611327855e+00 -5.240038455762481284e+00 -7.022309205422594403e+00 -1.652560341029071012e+00 -2.722334663462701698e+00 -1.638557745898944873e+00 -4.685477209354506734e+00 -3.471838470422268230e+00 1.272822648897539433e-01 6.910109087636041814e+00 -1.099645697210692319e+01 -8.495721710380534475e+00 -1.288076633984625197e+01 6.698010975048851456e+00 4.086934525461389356e+00 -2.641036103229920662e-01 3.826726031724236421e+00 4.798715204164368586e+00 -6.745964010682255818e+00 -2.442416816370344357e+00 8.728097324618742547e+00 3.983774906739875110e+00 -4.891837001486059044e-01 -1.101917070641427410e+00 3.439771084682063051e+00 -5.413175206000826467e-01 -3.517395014007600018e+00 1.100330621151979571e+01 -5.421064800599489919e-01 1.177848573484474493e+01 -3.963757224372254750e+00 -1.297574609006658442e+00 1.161277325638699942e+01 -6.874521433255301517e+00 -7.314620938205194989e+00 8.311618270092317573e+00 -3.891650777243336634e+00 3.647086440721489353e+00 1.392160970393174768e+00 -7.939820823090727231e+00 4.876791311365832549e+00 -2.794227555349733993e+00 3.221499542291411444e+00 6.169547987524162114e-01 -9.219169111548564999e+00 -1.695847733009171776e+01 3.057842943309925232e+00 -7.687587794778353301e-01 4.647276451860667734e+00 -6.119216025869900655e+00 -1.373533988518433668e+00 -5.016326196881554900e+00 -6.887230138207120156e+00 1.120675990450518533e+01 -5.538855270632531358e+00 1.205911199811683376e+00 4.008354971271052669e+00 -2.999866177038091219e+00 7.988327005504881839e+00 -6.659710530793897520e-01 1.444461322847619122e+01 6.831111781128030858e-01 -4.414592187178201677e+00 3.725160586387776807e+00 -4.867110067794240713e+00 1.092280449235517281e+01 7.461304250582366571e+00 -9.664710905868430402e+00 -1.413574895971582146e+00 5.269937080079448499e+00 7.556187806022574449e+00 2.561214899335285011e+00 1.634572801284598143e+00 -5.834059079468792319e+00 -4.546217684329625364e+00 -4.523352828308803808e+00 8.538240881706220975e+00 -8.676459289208973136e-01 -5.847495438500346587e+00 -5.689190774970551145e-02 1.121780952296121825e+01 -1.308713175474249191e+01 9.482824543182992727e+00 -5.485429002815927824e+00 1.581343273511546466e+00 1.252964775719401236e-01 -2.757206357653584572e+00 7.300092320752295250e-02 -1.185515888006787932e+01 -7.945771401483201046e+00 -7.317904372909842081e+00 3.826623644937273472e+00 2.679204441526348290e+00 -8.070396867227767501e+00
-2.870368476915014511e-01 2.071910695166019611e-02 -6.302689341572248471e-01 4.800946940638057270e-01 -3.397363861480098834e-01 4.893888850900422055e-02 -5.774718110059504639e-01 1.942453145602119624e-01 5.258745736509840007e-01 -9.424818253632606668e-02 6.824178381873228227e-01 -3.260252888899075607e-01 2.341130660861267809e-01 6.642719246280040513e-02 1.308561522108284692e-01 4.358048356678136392e-01 5.325665432958133216e-01 2.634245554375891918e-01 9.233505639665545717e-01 1.109561588329407121e-02 -4.002719079251099155e-01 -5.295889382638910292e-02 -1.961639827791422930e-01 -4.798512685428041324e-02 5.267921287200939551e-01 -9.222937867917779808e-02 -6.720724914557930640e-01 7.648751610360975117e-02 -2.649149068296900444e-01 -4.421398023772267205e-01 -6.267704830949756556e-02 -1.227375281732860507e-01 1.302947120802979974e-01 5.546856879643848881e-01 -1.117128274200623606e-01 -2.546863054482239597e-01 -8.099083683344692197e-01 -2.517017569683764333e-01 -4.317005728895162431e-01 8.055547008264959397e-01 2.349337433583454926e-01 -1.236141697919950877e+00 3.077672212548052122e-01 -3.896617218618982775e-02 -2.111803908156935361e-01 -2.282296213029968712e-01 1.071850658522531585e+00 -2.821091020659363680e-01 4.473458929935109074e-01 -6.549351154979411449e-01 2.711925315083905663e-01 -4.201859184168713623e-01 -3.704750866337141457e-01 2.177930380901924867e-01 1.066740306633186863e+00 -2.455779716982059088e-02 -7.339115835787715647e-02 -8.220743962561467139e-03 -7.205797672335464421e-01 4.798878487362548406e-01 2.604049215235488060e-03 5.205099137581800095e-01 5.517549517041941964e-01 -1.978260330339446094e-01 -5.359680644508303393e-01 5.102528235454375505e-01 -3.961958080102171570e-02 2.789505741475882816e-01 6.425965754720168732e-01 -6.051900443237900884e-02 -9.894228754290598227e-01 -6.738123523887436413e-03 1.926451372975837850e-01 6.263725835820415089e-01 5.271346238248009880e-02 6.939447785183637807e-01 4.929300638415550634e-02 2.175259545690566565e-01 3.824513687934344985e-01 -2.933139946601463488e-01 -4.273461374226246168e-01 -5.118800521321051344e-02 1.142242514712894286e+00 4.045314872785665816e-01 -7.533982796548985283e-02 2.724835696078863334e-01 -2.150127092754318056e-02 -5.164711721262663958e-03 5.697266012969329774e-01 2.892129390198700523e-01 2.040246663020609252e-01 6.358219342872779567e-01 5.324608264824084447e-01 -9.719412871870084514e-01 -2.256696563606861994e-01 8.631657829531543813e-01 -3.537876935207928120e-01 7.234057501553738945e-01 -9.865896354202120799e-02 -3.511275703119385860e-01
-3.595766032946548507e-01 -3.296160490744280691e-02 -6.644486763843661103e-01 5.084531991098791837e-01 -2.911739643906454678e-01 5.117158043577526259e-03 -5.380385700037776386e-01 1.852752723299430360e-01 4.678227884225396593e-01 -1.745861091018427735e-01 6.618074451004760661e-01 -3.272252277101701523e-01 2.190220713744272796e-01 7.039323925538404358e-02 1.339099673623475040e-01 5.048908236233047298e-01 3.972083351232501003e-01 2.312936241151170025e-01 8.269235176441970259e-01 5.777093297913515196e-02 -3.818506690777671020e-01 -6.530219338069140345e-02 -1.367736675881128794e-01 -4.596315707175988030e-02 4.857035093322296104e-01 -7.836990283171924032e-02 -5.560545160562638811e-01 1.671754838126773002e-01 -3.022209492923360052e-01 -3.910762491964476228e-01 -6.737604465811143639e-02 -1.276177754579095047e-01 1.280638065733311626e-01 6.333230527336410898e-01 -1.092396111976846329e-01 -1.257506129227969616e-01 -8.660534229879209844e-01 -2.566854333070831551e-01 -3.902972524759730222e-01 7.614610718963052971e-01 1.881603373889101649e-01 -1.213341963440468962e+00 3.395146552916506466e-01 -7.199831596305637793e-02 -2.111646578500710747e-01 -2.883688253549187008e-01 1.133669263940668248e+00 -3.445430071914935000e-01 5.044969152837278648e-01 -6.869544928236280823e-01 1.422077558423820998e-01 -5.974307096380031545e-01 -3.491280081633479360e-01 2.430256197363689363e-01 1.137796125291571814e+00 -9.582280115293258238e-02 -1.213548789562790553e-01 -6.276146389628409206e-02 -7.773018587520704736e-01 5.518642602635136507e-01 -8.545821844262654898e-02 5.285157235196560332e-01 5.847579846299508777e-01 -1.478903976326426950e-01 -5.611675692319241238e-01 5.236170128204267193e-01 7.603587948161127930e-02 3.290325405824621186e-01 5.904994884696894708e-01 -8.078608498683539918e-02 -1.062981314878873818e+00 7.621719783327661479e-02 2.291740316376248976e-01 4.994049070739284280e-01 2.514764543397172980e-02 7.135946683403029400e-01 3.098510750994547258e-02 2.100574664329033503e-01 3.939959448763407646e-01 -2.949717127839773800e-01 -4.076187765652485862e-01 -7.465772301994305638e-02 1.229551560405892863e+00 4.726091166201433769e-01 -8.260694672086121848e-02 3.241458001593254812e-01 7.326068429768789469e-02 -1.207404553136904174e-01 6.678197619584768097e-01 2.747817182384145740e-01 2.200015726972192887e-01 6.326879448740756473e-01 5.025094372357172823e-01 -9.959928749553285110e-01 -2.561776921524049899e-01 8.133264202773708984e-01 -3.952594094262881219e-01 7.339416688454589721e-01 -1.345947548196168575e-01 -4.239204559961721741e-01
-3.234790143491875214e-01 -9.444123992783338625e-03 -6.504532766070726391e-01 4.937277157408055950e-01 -3.179756556721300420e-01 2.095094531166802332e-02 -5.574918491953897437e-01 1.894121879759369520e-01 4.907340424142911384e-01 -1.399435211453242955e-01 6.772622318014219767e-01 -3.290899729046894984e-01 2.234343280247068075e-01 7.432183752745467886e-02 1.313549901990583024e-01 4.748722843486892775e-01 4.615277542622020501e-01 2.469779088448100235e-01 8.762090206624916222e-01 3.421756458637825737e-02 -3.962676726895255075e-01 -5.890836080656555035e-02 -1.640688297781490446e-01 -5.591839276080174531e-02 5.051768448093437724e-01 -8.394786219019240159e-02 -6.112534805599273424e-01 1.268170463221136579e-01 -2.880584052819724072e-01 -4.162726156261318811e-01 -7.297478792839950934e-02 -1.254324251887138642e-01 1.325850026683705329e-01 5.972545578217477447e-01 -1.101880249902475184e-01 -1.898966338545358679e-01 -8.430818642885306025e-01 -2.549450049855181977e-01 -4.127462146248079278e-01 7.846249764643168367e-01 2.142083360979721296e-01 -1.230256147711935810e+00 3.256895776432820466e-01 -5.965116931649019211e-02 -2.121276197029270394e-01 -2.580091211019970854e-01 1.104264688582808907e+00 -3.192264391128847301e-01 4.837680810891356042e-01 -6.742443888842435396e-01 2.035203238866985787e-01 -5.104399782504907002e-01 -3.624015115435865186e-01 2.372466562438587945e-01 1.109664482383802220e+00 -6.391914036722048942e-02 -1.003548985312112674e-01 -3.980521210237310953e-02 -7.524818098782616316e-01 5.141720588047694607e-01 -4.565641323685588199e-02 5.278383826136838763e-01 5.669361628233318129e-01 -1.696453698732347526e-01 -5.583121864335623963e-01 5.173700395976934541e-01 1.874849196239264035e-02 3.038138871441429800e-01 6.168211783864762099e-01 -7.698653463312525591e-02 -1.030490085255299837e+00 3.213920462373313219e-02 2.073260824228042865e-01 5.595688980161631632e-01 3.563042257220256498e-02 7.018762833159107872e-01 3.279212265626024747e-02 2.163299832526584532e-01 3.936492303833711848e-01 -2.934114928567403413e-01 -4.120551885421095961e-01 -6.247972017144882290e-02 1.190026899022758045e+00 4.419298626468627922e-01 -8.083152221033840235e-02 3.021179756452950227e-01 2.680904514346856352e-02 -6.331524388834637584e-02 6.246485407512143428e-01 2.839412241452035635e-01 2.138077407549029696e-01 6.355743455555851185e-01 5.154939778712089860e-01 -9.904557798816880920e-01 -2.401984237473680228e-01 8.421002820397042177e-01 -3.770278541050839372e-01 7.312820014182326300e-01 -1.204940233331570909e-01 -3.911079456759792294e-01
-1.305511759774160474e+01 -7.581464618019629675e+00 3.966572759722107211e+00 -1.894736290216063823e+00 1.817192989447990925e+01 3.766344941808072999e+00 5.906864138506356277e+00 -2.495388321250165475e+01 -1.464887388267463031e+01 2.735589053458468700e-01 8.542477738148770428e+00 -1.528299564379305142e+00 -2.577836015940928860e+01 -5.919943870783440920e-02 -3.339345400778594541e+00 1.922790485179400477e+01 -2.630474299283511286e+01 -2.374450430169707715e+01 -2.207546360794957607e+01 1.578899830393674009e+01 9.343729523922906566e+00 9.633214341681886950e+00 3.930838706006951622e+00 5.708226584947293070e+00 -2.581824338423009024e+01 -6.015486553554755034e+00 2.319106926748171915e+01 9.375766842238680843e-01 1.835297576687577426e+00 -1.379919307166841058e+01 7.294117537956819497e+00 -8.106312227215756394e+00 -9.888663195423534447e+00 3.361979211163122017e+01 -9.925495748832798171e+00 2.004482736967119294e+01 -3.119686359001510034e+00 -5.205111063137096927e+00 2.881739027890103344e+01 -2.279539763742504732e+01 -4.715416474749647868e+00 2.278203137713292392e+01 -4.719791864894137490e+00 1.564029633683592202e+01 5.010950813199193554e+00 -1.820693318605969679e+01 -1.694281026941554247e+00 -1.051737848941868414e+01 2.085568511274411563e+01 -3.656339782927464199e+00 -2.136595314102810406e+01 -2.529052185230433025e+01 5.828663382918009894e+00 -1.400667816581209557e+01 1.398601322508689826e+01 -2.186514806505589803e+01 -1.093239500207219450e+01 -4.827454012148804985e+00 -1.671832429584194202e+01 1.679021353784543180e+01 -6.021773621594098458e+00 5.942057862289065184e+00 -2.199990053650571653e+00 -1.227403936313316279e+01 2.194520337733822402e+01 1.749861364945451525e+00 2.801303217099123444e+01 -7.761143825455808276e+00 -1.095841193078146780e+01 1.543392871974010561e+01 -1.511774383759599161e+01 2.040476908661629807e+01 1.722308434650598485e+01 -1.453358574839012896e+01 -1.949867163149180849e+00 7.061222733026795595e+00 1.909277856605487855e+01 8.401851344954659240e+00 1.261210874843475516e+01 -2.828883559858807928e+01 -6.419614603073298120e+00 -9.053694064896916416e+00 8.810838268148200925e+00 -1.126488029156545068e+01 -2.343457719018748620e+01 8.734951100292223103e+00 2.610844637016175085e+01 -2.930302506049364197e+01 8.173938963338367003e+00 -1.233911519234600895e+01 1.744762412175822064e+00 3.757211654678057844e+00 -5.715940514192028310e+00 3.336017681701922921e+00 -3.105349258875898499e+01 -8.199343956556774060e+00 -1.735207927318461074e+01 1.235942365707186497e+01 1.587541678678721979e+01 -1.519054990307991737e+01
-3.398669057931990589e-01 -1.849523379591263769e-02 -6.556260531713886675e-01 5.009270177844017402e-01 -3.047452569232445563e-01 1.655403389638974640e-02 -5.488948444871128984e-01 1.877279412685819993e-01 4.834604452010622944e-01 -1.529867685889446383e-01 6.680354969107642482e-01 -3.270120333839345861e-01 2.231856405302763136e-01 6.971832065797040068e-02 1.332634568479245663e-01 4.864507861494234975e-01 4.342421496402611991e-01 2.399795537399847245e-01 8.537586376061867544e-01 4.505305917345474309e-02 -3.873446796961765859e-01 -6.193485482863324287e-02 -1.526826696573486408e-01 -4.709556132758974112e-02 4.970038607291512589e-01 -8.230924297475608609e-02 -5.877539535166517171e-01 1.427716523159201500e-01 -2.923010047227919683e-01 -4.049988788981518928e-01 -6.670237001659967691e-02 -1.265615433638333509e-01 1.288697479168078586e-01 6.122295408713512854e-01 -1.098113137217798380e-01 -1.610012910451105450e-01 -8.513245523567034567e-01 -2.556357540864412359e-01 -4.017989703299108539e-01 7.738523586011344380e-01 2.012955397577524119e-01 -1.220616867022878749e+00 3.310263039017883879e-01 -6.350959760648666741e-02 -2.114780962517437690e-01 -2.719609219345059392e-01 1.117345359159922058e+00 -3.283011546508351475e-01 4.895904348071875023e-01 -6.787650741598852955e-01 1.773714511299044616e-01 -5.492063838529945841e-01 -3.549389857828684214e-01 2.366514586718022617e-01 1.119162813258731015e+00 -7.659458067689375871e-02 -1.083742721134653003e-01 -4.819034646968752000e-02 -7.624142506282215459e-01 5.321897487532617488e-01 -6.168429244979259374e-02 5.266527762144714853e-01 5.760174113935487838e-01 -1.611684311899505284e-01 -5.552950433451930845e-01 5.200213041840978656e-01 4.440377471038232937e-02 3.154062125298869868e-01 6.049889561735984911e-01 -7.573825641758585858e-02 -1.043586879092843533e+00 5.359993114611007886e-02 2.188711946600200575e-01 5.339025679524137535e-01 3.243165488375018141e-02 7.084428278696007775e-01 3.543725563310616555e-02 2.124504872066375616e-01 3.912558970743121867e-01 -2.945225349344976484e-01 -4.128728709887535264e-01 -6.793357505415265063e-02 1.206152091565284579e+00 4.542709074463476271e-01 -8.054399645389027917e-02 3.106273683757000414e-01 4.727689463387877572e-02 -8.896844311129210869e-02 6.417205419976147462e-01 2.787976449167081094e-01 2.159638596316308112e-01 6.336864440519108799e-01 5.108553920283103178e-01 -9.902460063004144830e-01 -2.477509086150637141e-01 8.273892433040644923e-01 -3.838773214228423103e-01 7.315923749090145201e-01 -1.250351634426862257e-01 -4.044073022102925297e-01
-1.333385802217007843e+01 -7.766287345638968276e+00 8.144712080718289116e+00 -5.685689723755108282e+00 2.062804620048149928e+01 3.160074780955876239e+00 5.223739111331648033e+00 -2.807799882498480670e+01 -1.317766167196580795e+01 9.899384048253565549e-01 1.183702793810910237e+01 -2.120708172215346465e+00 -3.020244513406981923e+01 -6.784383850223851820e-01 -4.893672450845503619e+00 2.386408924501557749e+01 -2.984114304363392733e+01 -2.684082402730664896e+01 -1.999448056625297099e+01 1.712210335563225172e+01 1.137427948786495335e+01 1.207180926203116300e+01 5.488462836007547807e+00 5.511551272535086810e+00 -2.900997956909323250e+01 -6.196293091326822378e+00 2.620023722523569276e+01 1.617133131620501985e+00 2.753790620129127564e+00 -1.510220950713416777e+01 8.506427149298794177e+00 -1.002924205037908933e+01 -1.045109374235024902e+01 3.808243029057868512e+01 -1.272217002560621069e+01 2.311237238696724816e+01 -2.112119674875950981e+00 -4.366001437349503078e+00 3.111962068630279177e+01 -2.523965297144412290e+01 -4.627831817110956258e+00 2.357819808433205466e+01 -3.892874804465591421e+00 1.914435319796707091e+01 5.411750984418232768e+00 -1.817134359594415471e+01 -4.018743685217505579e+00 -1.312325178174529938e+01 2.621538760280042624e+01 -4.951856428294285628e+00 -2.420752458972186005e+01 -2.466669563630080120e+01 5.333541348182794906e+00 -1.848868947641163984e+01 1.562662059775719570e+01 -2.575521347906225600e+01 -1.272888742506534854e+01 -4.258063295143487359e+00 -1.602409300031315809e+01 1.446950630554122519e+01 -4.537121140002377651e+00 4.448847166138536480e+00 -5.802779792831525008e+00 -1.309697221374160314e+01 2.317499787723570037e+01 3.522482783234882842e+00 2.953097128901224977e+01 -7.179394094832624695e+00 -1.204124358613344192e+01 1.927031997322744417e+01 -1.959946074638420299e+01 1.971476385355295236e+01 1.869873950400873852e+01 -1.382307411162777200e+01 -1.590203238967244470e+00 6.634262502489588265e+00 1.995756417283606865e+01 7.915056774522238214e+00 1.697267183284627023e+01 -3.318114688820565306e+01 -6.275374003019003055e+00 -7.632102592935832597e+00 5.714977416445303326e+00 -1.357098703661319128e+01 -2.789872212211361102e+01 1.401296751137414809e+01 2.789058654251365610e+01 -3.167205614424412019e+01 5.820955792278576624e+00 -1.223723944771826311e+01 4.380327105741694815e+00 5.774849019519566085e+00 -6.693321431298642210e+00 4.171664330985970004e+00 -3.329813638447187429e+01 -6.566171777042257851e+00 -1.898560720206819497e+01 1.306359465954832721e+01 1.858158477668973063e+01 -1.501493047645594636e+01
-2.869173410260730805e-01 2.174018199554431791e-02 -6.293998417255902700e-01 4.802854433823703917e-01 -3.390843410998778951e-01 5.068298262107743396e-02 -5.776382094015195534e-01 1.943815017038134363e-01 5.278380509641057428e-01 -9.258952992436533802e-02 6.809900764863642264e-01 -3.252642462546659341e-01 2.351480357580709168e-01 6.472774949637799535e-02 1.312297760476653363e-01 4.344435940200875867e-01 5.337081232422549171e-01 2.636131093598784170e-01 9.232360789533233802e-01 1.112994962829668387e-02 -3.987853260285132984e-01 -5.299436805657847110e-02 -1.968948572030152222e-01 -4.533642555509476840e-02 5.271634543873164880e-01 -9.266146248298676169e-02 -6.730049880520053707e-01 7.495061802038277543e-02 -2.635450062136179272e-01 -4.422189563683278646e-01 -6.034185407741129298e-02 -1.227603536210636753e-01 1.292683519245573787e-01 5.536730333621958655e-01 -1.118204080162210345e-01 -2.548728556998942074e-01 -8.084291220356516483e-01 -2.515456039871840077e-01 -4.312880871031020691e-01 8.053423202508473988e-01 2.342707407438743283e-01 -1.234724204883137055e+00 3.072421377735221615e-01 -3.779246188238356841e-02 -2.109599181501793930e-01 -2.282640018621158451e-01 1.071496888774625234e+00 -2.804304886325538204e-01 4.450388749409828204e-01 -6.540722476210204528e-01 2.722398335149910920e-01 -4.196038808673932530e-01 -3.696748300046113767e-01 2.157424507060362873e-01 1.064601946157106127e+00 -2.339274065316166926e-02 -7.247356384067438206e-02 -6.868601800622727190e-03 -7.195865099372585894e-01 4.803512504327424049e-01 3.881678156220191682e-03 5.195615926090484393e-01 5.522089317709538703e-01 -1.987299938031789337e-01 -5.331917624662817490e-01 5.101485268824105246e-01 -3.989118266573475624e-02 2.789924636025660210e-01 6.425832690558064275e-01 -5.867869145380993912e-02 -9.882077946090291887e-01 -5.959936672718988034e-03 1.936331884242768475e-01 6.274597845078873082e-01 5.373702596726524089e-02 6.945477561389323817e-01 5.143273135215426645e-02 2.167674694183964190e-01 3.808203878951533783e-01 -2.935250540179564771e-01 -4.289760646149059498e-01 -5.120822072737864217e-02 1.141032647494554242e+00 4.035662449736414636e-01 -7.468507938425704429e-02 2.714310152702061885e-01 -2.188485520883404201e-02 -4.921939874467842063e-03 5.679592180085270003e-01 2.886378222965009233e-01 2.035046210249672471e-01 6.354707453291397190e-01 5.331625012436639333e-01 -9.700904782529932158e-01 -2.258026354524687029e-01 8.621275269307004940e-01 -3.529085232306304887e-01 7.226946224955729248e-01 -9.750812462906865985e-02 -3.500293684247127168e-01
-2.875090669617305639e-01 2.027596274907354432e-02 -6.306068204327298643e-01 4.802452577040160486e-01 -3.394921836858476039e-01 4.848004499954781943e-02 -5.771647033225837387e-01 1.941495192316334550e-01 5.251630182794830848e-01 -9.491056330751512782e-02 6.824241976514867636e-01 -3.261519212137904966e-01 2.337961921505326002e-01 6.664613031440357049e-02 1.308019033896479777e-01 4.363763393024409631e-01 5.316763255176518710e-01 2.631545504359038556e-01 9.228093556089699279e-01 1.137712283054994125e-02 -4.003598566478429599e-01 -5.305044502803717144e-02 -1.957220005485644510e-01 -4.837857231462589641e-02 5.265234155080245060e-01 -9.214183857721011672e-02 -6.713027682638333937e-01 7.724612183793179432e-02 -2.653171465950326380e-01 -4.419058230907923490e-01 -6.301415913106435396e-02 -1.227348339023785900e-01 1.304465324256637859e-01 5.552874933494071907e-01 -1.116340491073461311e-01 -2.539525421434868924e-01 -8.104295046427535398e-01 -2.516893895164531436e-01 -4.314603589826305208e-01 8.053015861720107527e-01 2.347307763667362823e-01 -1.236153973851414234e+00 3.079141069092802829e-01 -3.929096702036492805e-02 -2.111999644886141947e-01 -2.286063745117627166e-01 1.072189260342882200e+00 -2.826794459131259374e-01 4.479750796749193409e-01 -6.551787866669759319e-01 2.703022970497753752e-01 -4.212313222941508895e-01 -3.704747923414272170e-01 2.182861252836703070e-01 1.067411291644816185e+00 -2.512434910528877144e-02 -7.376009043303338730e-02 -8.771261958367150210e-03 -7.210139160792704560e-01 4.802174157001600774e-01 1.986905274340312368e-03 5.206524572601570755e-01 5.518412381408036582e-01 -1.974549817810968277e-01 -5.364737654874063288e-01 5.103075350720071013e-01 -3.889138280937046166e-02 2.792231377600324360e-01 6.423349334678517542e-01 -6.085047718864006888e-02 -9.900272729429232532e-01 -6.414547590899017694e-03 1.927730952463235226e-01 6.254882830523115222e-01 5.235726716930843433e-02 6.939662625238254279e-01 4.892122000025098116e-02 2.176313761010523762e-01 3.827959167073267666e-01 -2.933079774934746475e-01 -4.270577135997708496e-01 -5.136125812610991409e-02 1.142804623673236541e+00 4.049717049829081317e-01 -7.552651908826273075e-02 2.729245587216564406e-01 -2.090984412110260399e-02 -5.840284278349982226e-03 5.705466619643859705e-01 2.892125833265028478e-01 2.042234188910178050e-01 6.357897928298099632e-01 5.321872010767768613e-01 -9.723409661034992935e-01 -2.258732038784271035e-01 8.630277484554248479e-01 -3.541833326524524983e-01 7.235635690279585974e-01 -9.900625031955954947e-02 -3.516970730299098791e-01
