-1.338713072233554158e+01 -7.769204216739309388e+00 9.116812510744837894e+00 -6.562076585641850812e+00 2.115960687199494572e+01 3.082786683966102892e+00 4.993110149324456515e+00 -2.867656390436496139e+01 -1.273098632444287226e+01 1.159457788211587292e+00 1.250387840161111974e+01 -2.357489834406112816e+00 -3.112780822476621978e+01 -8.975582847727624491e-01 -5.231583940264217247e+00 2.497950058931375139e+01 -3.068055554315107614e+01 -2.755034602425096324e+01 -1.938268869415434992e+01 1.741708986453872043e+01 1.180915882128710415e+01 1.260489287976615280e+01 5.948910761477175235e+00 5.469005226829776412e+00 -2.968188153593002809e+01 -6.207239157811485164e+00 2.678541618417515124e+01 1.873270288570194397e+00 2.973913522152782374e+00 -1.527433124186517510e+01 8.808314266631125378e+00 -1.044168460924972841e+01 -1.056854261084900948e+01 3.899158247277711098e+01 -1.338201977520571795e+01 2.391979212688186252e+01 -1.861911506951386519e+00 -4.038660835329079823e+00 3.164680839724299233e+01 -2.570513046138509594e+01 -4.678346497265915005e+00 2.363621240723388439e+01 -3.677305729347246199e+00 1.998766965104058713e+01 5.484931243398400547e+00 -1.806784986751715749e+01 -4.509158100800195079e+00 -1.370279046433961057e+01 2.740285442836917440e+01 -5.186297936556448107e+00 -2.480562633143824769e+01 -2.444208159044323736e+01 5.203353207790377688e+00 -1.950125301047621917e+01 1.599990731897923979e+01 -2.652393698415033896e+01 -1.301946758753049238e+01 -4.117771775653892519e+00 -1.574668962592118149e+01 1.386881135646773089e+01 -4.173966412671330062e+00 3.978067657414071867e+00 -6.671839996289841146e+00 -1.323871469460174310e+01 2.340152656967329747e+01 3.894391915135666959e+00 2.984762170202485621e+01 -6.901573813112173106e+00 -1.227183667031953007e+01 2.014524154793920374e+01 -2.064679075977978329e+01 1.947142837259219306e+01 1.895188838134046350e+01 -1.360529924331305374e+01 -1.437516053534424687e+00 6.512247843530016844e+00 2.008869574486548970e+01 7.697888401750556220e+00 1.803380023070449312e+01 -3.421336758907894904e+01 -6.246511105641703310e+00 -7.226004495657853965e+00 4.961327580426655892e+00 -1.408810642037064476e+01 -2.890204949520745714e+01 1.522967296001570148e+01 2.818356102598294299e+01 -3.214349857486509165e+01 5.297490767091448838e+00 -1.217922889254728247e+01 5.053056090689026725e+00 6.262377971856027514e+00 -6.938329217999342546e+00 4.375379551440557790e+00 -3.372654279088585128e+01 -6.223257921661809355e+00 -1.934634970282811395e+01 1.317561542722078372e+01 1.917623593229395240e+01 -1.484810584803199163e+01
-3.366729260736720519e-01 -1.489360601117671878e-01 -7.220652984136581853e-01 4.299123807363906535e-01 -3.749572663293296859e-01 -1.884930064769389513e-01 -5.088158111569516251e-01 1.627239047056551202e-01 1.737612083526405560e-01 -3.583895058902205055e-01 8.232644889803503174e-01 -4.456398663425229500e-01 3.165862099428524978e-02 3.018633175965909077e-01 3.968560379257234788e-02 6.323817606396731072e-01 2.658688113743421511e-01 2.242488300900797871e-01 8.198627667880028502e-01 2.634929612235261190e-02 -5.736067905203617867e-01 -5.416609943014429746e-02 -8.088997666741645776e-02 -4.338524505625853123e-01 4.270275061532795013e-01 -5.220100960667537794e-03 -4.694095994407236350e-01 3.381878744428192252e-01 -4.876684183093738523e-01 -4.166502967867771190e-01 -3.767386570567067272e-01 -7.477056544018870210e-02 2.809639644498672095e-01 7.066606810157995966e-01 -8.698078700221135995e-02 -1.681212061305187855e-01 -1.003870404976352493e+00 -2.308800246854048610e-01 -4.471632164481291749e-01 7.647065631716634115e-01 2.683946028498085945e-01 -1.304744807577130183e+00 3.800899509883975402e-01 -1.752927182837946130e-01 -2.010121342925849652e-01 -2.462472455605046462e-01 1.070818464019049676e+00 -4.787008545580532792e-01 7.632589032424077491e-01 -7.234902720447766722e-01 4.669108334651023151e-02 -5.637875090704282943e-01 -5.041759011132265211e-01 5.240804944431535217e-01 1.343188949777034180e+00 -2.282870120299696215e-01 -2.293067504235385690e-01 -2.274458063795155027e-01 -8.233845893989918396e-01 4.366856622847284930e-01 -2.047480402403546174e-01 6.324756307762807728e-01 4.267446903734867791e-01 -6.940970863806915359e-02 -8.737692023403844654e-01 5.187849023623295475e-01 5.830403481679601041e-02 2.852044984726884724e-01 5.921009615653228808e-01 -3.045938781547248286e-01 -1.122381420467479796e+00 -1.260850656832691319e-01 8.885205356434511259e-02 3.995625177620915625e-01 -1.075382588713133941e-01 5.602751000572365747e-01 -2.461379755975063865e-01 2.935618029570055687e-01 6.170697994028528921e-01 -2.522965685518597234e-01 -1.557401048589638071e-01 -1.155867290067373321e-01 1.308376595129408626e+00 5.547761476639478939e-01 -2.168434454052813043e-01 3.855830515191470687e-01 8.932601718411421754e-02 -1.199525945370766844e-01 8.190618299885437104e-01 3.729204499219765934e-01 2.576666897223866548e-01 6.583699671587174285e-01 3.686296539186040833e-01 -1.180286496093346571e+00 -2.294849455153473439e-01 9.499958879244873033e-01 -5.420446742279220187e-01 7.705896759112513816e-01 -2.809651925582211662e-01 -5.171342883889762376e-01
-1.292292725223031624e+01 -7.415355310099035258e+00 2.496903385332484682e+00 -5.685305195925173249e-01 1.721900888676789165e+01 4.095308645232345057e+00 6.027688511905166635e+00 -2.356453391790727281e+01 -1.493047682061202508e+01 1.940872716271418302e-02 7.180558654897446047e+00 -1.491746742728387032e+00 -2.399938421485566309e+01 -5.995529262038733903e-03 -2.760148298088597851e+00 1.764743197023230437e+01 -2.502292457872924203e+01 -2.261068189862805511e+01 -2.252318796597607076e+01 1.526826366583533456e+01 8.585895059883128511e+00 8.688750246311185421e+00 3.569429370230805088e+00 5.763528166609982684e+00 -2.449905606976082595e+01 -5.906683272720299804e+00 2.190746601892135459e+01 8.798842293089420563e-01 1.527664304403021145e+00 -1.306202064342610214e+01 6.883992200461508837e+00 -7.354606663206006090e+00 -9.635105231814163673e+00 3.178535465200481269e+01 -8.925079517400957840e+00 1.910244438093372921e+01 -3.472032464336800128e+00 -5.278320412718467303e+00 2.791831635176740534e+01 -2.170361191902609477e+01 -4.905344264557865763e+00 2.221467899535874935e+01 -4.988590911814876350e+00 1.444917158068510865e+01 4.818910744865501528e+00 -1.799667708866503091e+01 -7.820021080377272948e-01 -9.548493557669393894e+00 1.885004914805865894e+01 -3.095748591029380048e+00 -2.024583800980942527e+01 -2.533941469431302806e+01 5.959371308169363779e+00 -1.235407083671928952e+01 1.334945388267203370e+01 -2.025980423442505440e+01 -1.005073504044296939e+01 -5.015322026505058872e+00 -1.670923550279487912e+01 1.743965664732476739e+01 -6.514198690298149685e+00 6.230127177190773580e+00 -9.816436300553008643e-01 -1.184567060846613629e+01 2.136241325673560709e+01 1.069596106753003761e+00 2.738425468194689572e+01 -7.688342989637560798e+00 -1.052659371084259199e+01 1.403312100480234825e+01 -1.355135910841231883e+01 2.045092220519007142e+01 1.651984191297125903e+01 -1.468196374110464220e+01 -1.961061117802333165e+00 7.155234473404789242e+00 1.862713773249148375e+01 8.356410430595703431e+00 1.113303434967392391e+01 -2.633058526229754293e+01 -6.468127861716868487e+00 -9.373105201819292631e+00 9.813406737600985252e+00 -1.039570412854844150e+01 -2.174315703923969068e+01 6.865853564395584918e+00 2.522444765380891596e+01 -2.829087810090701538e+01 9.018544974436583317e+00 -1.228452078079009091e+01 9.737058053141497416e-01 3.086843664373434049e+00 -5.405389611457267485e+00 3.028287447030113988e+00 -3.004149166068886245e+01 -8.823308786152004757e+00 -1.670876553254688801e+01 1.199200317196656052e+01 1.480615037876392748e+01 -1.503899545250403769e+01
-1.461763517515637933e-01 8.919816995526838044e-01 9.924477957254884686e-02 6.043530129013482410e-01 1.503606268502802046e-01 1.514603028738853219e+00 -7.185114298401086286e-01 2.973579115345181823e-01 2.110044114393527792e+00 1.335043051158029126e+00 -4.474695074937127259e-01 2.729088409218789479e-01 1.051140347355113525e+00 -1.315834851912719650e+00 4.249018612319537258e-01 -7.249481889687405811e-01 1.575198568243550312e+00 4.095417074502795129e-01 9.049141941980716197e-01 -5.238315600507713766e-04 7.785473124027619818e-01 -7.983997261260378231e-02 -8.236466455645726770e-01 2.049395569803334816e+00 8.609074149673809906e-01 -4.762491043127029533e-01 -1.555564266734853707e+00 -1.226171127819723372e+00 8.530861399487138508e-01 -5.823632027500329489e-01 1.804976253791094054e+00 -1.077035069109002346e-01 -6.770098344620498754e-01 -3.180714121188167320e-01 -1.636573233783314985e-01 -5.452679754536463586e-01 4.232290540465021844e-01 -1.128786362837395779e-01 -1.087843146855174414e-01 6.581994994655068210e-01 -2.744171359119991771e-01 -1.000520013604225544e-01 -1.922093918322898831e-01 9.401138997529679964e-01 -2.853963882318322903e-02 -2.031724435272863893e-01 7.077801021999555742e-01 1.122917914907835213e+00 -1.456946190446444467e+00 1.058327025409592503e-01 1.248458504756502441e+00 2.304067757578338593e-01 2.403208014488202315e-01 -1.423227116842358253e+00 -7.369138278430265032e-01 9.679900096654895369e-01 7.267311303705453751e-01 1.096888352672256373e+00 1.369453335806329608e-01 7.881024552944433381e-01 1.134455792462834234e+00 -2.521717617975819947e-01 8.664500498033422815e-01 -9.961892450040680247e-01 1.731278992842153031e+00 3.910327541150537822e-01 -3.680901928048707639e-01 2.588055152275642312e-01 6.990179593767399391e-01 1.449150225721382412e+00 6.856715182234121575e-02 5.071478730586197470e-01 9.557897321907051769e-01 1.617997684566871985e+00 8.718416288027859284e-01 1.156503109561399123e+00 1.787817979410653679e+00 -3.563643471253359341e-01 -9.122725760719104793e-01 -4.591990293776634924e-01 -1.763853936036575476e+00 -6.489370354981753575e-02 6.073708787396362579e-02 -4.658710686530694867e-01 4.200421073883778833e-01 -6.355978568993224664e-01 -4.254878660146992342e-01 3.073280336564905291e-01 -9.255131613352158837e-01 -1.558611139269348855e-01 -2.117372569736868659e-01 3.391057651242873061e-01 1.105424397924503754e+00 5.334740811778341252e-01 -3.280976399765359042e-01 6.893311606062667296e-02 3.498882435627450049e-01 1.548340149806468058e-01 8.577353629159931714e-01 5.814729678090545528e-01
-7.559091526133725480e+00 -2.475092175742085843e+00 -3.063658252675717453e+00 3.793469449286642092e+00 6.184764089835983469e+00 3.181908983494898369e+00 3.853660188757112248e+00 -3.661196362691550910e+00 -5.472829425490298938e+00 -1.747965911729584487e+00 -2.687238148957190376e+00 -1.202495115031620987e+00 -3.133788831446156831e+00 -3.417410196791483834e+00 1.994031860125155542e-01 5.815103876079938061e+00 -9.267023241422117863e+00 -6.642671508088522359e+00 -1.062792222745413362e+01 5.472494545834948987e+00 3.631255575069114450e+00 -6.941619785021621025e-01 3.552367918847273653e+00 4.319160655115586778e+00 -4.921892949760613867e+00 -1.819905555691376797e+00 7.421107332956966118e+00 3.998804049878002420e+00 -6.356618691625945949e-01 -2.354849407774403658e-01 3.062338958113672849e+00 -2.568591550564411352e-01 -2.641103945677757636e+00 8.930408480460368281e+00 -6.553014864460156297e-02 1.034883338428394595e+01 -3.486461836518719437e+00 -8.258167142070182987e-01 9.168242163401419731e+00 -5.438323182272153389e+00 -6.535264977706904510e+00 6.485511151449349754e+00 -2.983341640550833951e+00 2.480072652518168219e+00 1.015091101473782675e+00 -6.614904847293477275e+00 4.622095414386814483e+00 -2.442850213601430287e+00 2.391893355264641308e+00 4.206338283937371414e-01 -8.058479998306706804e+00 -1.488923254873956559e+01 2.461305267532595487e+00 -4.038176634593144132e-01 3.802554891087969846e+00 -5.094940964918155402e+00 -1.212596255381094723e+00 -4.420661303110372309e+00 -5.500189194580188179e+00 9.449043014714348487e+00 -4.758060474829544084e+00 5.956273540880915318e-01 3.734489152649661747e+00 -1.972159695192717388e+00 6.054886650314585950e+00 -2.467973488977937835e-01 1.211018091060581980e+01 1.498481377961866423e+00 -3.612641941744639595e+00 2.971666473506071604e+00 -4.482162920768588243e+00 9.116608772077054113e+00 6.390129298710506944e+00 -8.299476374140073887e+00 -1.388880810755940054e+00 4.656721871981877925e+00 5.947990454406746785e+00 1.813253341165249610e+00 1.069527198977103355e+00 -4.229753323594461989e+00 -3.875163907433032406e+00 -3.657015795748363995e+00 7.205186145566667477e+00 -1.315469494312521831e-02 -4.368175990945805331e+00 3.665589573882502283e-01 9.378175509187240522e+00 -1.100749330586216779e+01 8.219805795836528262e+00 -4.217455894409544825e+00 1.601411649222755917e+00 4.442655877269084674e-02 -2.246357605430700399e+00 -1.465065287341089928e-01 -9.295976485536277423e+00 -6.658235199234158408e+00 -5.965327855189768158e+00 2.857289753580349423e+00 1.666924660335582731e+00 -6.784415504917686413e+00
-3.731294372111902402e-01 -4.312273662749468439e-01 -1.006609925814016870e+00 4.238162199007812769e-01 -5.773524713362748750e-01 -7.150874780367213468e-01 -4.890476217824803462e-01 1.438298698384264662e-01 -2.976676095755168561e-01 -8.368701664741546864e-01 1.262536596895407648e+00 -6.338858060317350551e-01 -1.811925400154207055e-01 7.741618409415923496e-01 -2.167279576702102473e-02 1.036181102956021505e+00 -2.925092779300963314e-02 1.841964429318224405e-01 9.147178945843738029e-01 2.322582322518246256e-02 -9.974712646556629370e-01 -4.534927029544209148e-02 1.336255766086176522e-01 -1.127757187911930581e+00 3.488917571966511089e-01 1.097788301377483899e-01 -1.962478119414952926e-01 7.565212512737310435e-01 -8.442788010348424299e-01 -3.566981234147579283e-01 -1.022026483799281404e+00 -1.305472419770715153e-01 5.475833224116607445e-01 1.016711519410731901e+00 -8.224032495003719134e-02 -8.328212939958094807e-02 -1.449272560058419979e+00 -3.262262035900403423e-01 -5.901903772969725459e-01 8.737123588663379126e-01 4.886513880481705985e-01 -1.816996189948040463e+00 5.674276365145572987e-01 -5.467665263593519676e-01 -3.061543229919963527e-01 -2.536916208748483115e-01 1.269963823795074331e+00 -1.011285367764248377e+00 1.437779655384311184e+00 -1.052217746235113438e+00 -2.546740328690751398e-01 -7.908420757559614378e-01 -6.807595960810949309e-01 1.058515622121621647e+00 1.993689177995528583e+00 -5.510809390095177118e-01 -4.910243088939995615e-01 -5.893835180994851930e-01 -1.169056943161433937e+00 3.367972533460257822e-01 -5.901753951183827951e-01 9.139233942660849319e-01 3.943046448352224287e-01 2.179535507340284450e-01 -1.696396655249456931e+00 5.738762190223113402e-01 1.490851310966731513e-01 3.045375936799468719e-01 6.040143395809605131e-01 -8.315543694931345486e-01 -1.544296599432555928e+00 -2.566628136289226259e-01 -1.922745385017264053e-01 9.304740414858306274e-02 -3.734921810159049782e-01 4.684453984987575481e-01 -8.376296341801950929e-01 5.114761500841594755e-01 1.046466767379665930e+00 -2.091041412952783785e-01 2.581496752239114678e-01 -4.742060698191282592e-02 1.712490378039716710e+00 8.673506274146780548e-01 -3.287963252774617207e-01 7.453478393001753410e-01 2.045014775258481576e-01 -1.884925549576590698e-01 1.350058616299098846e+00 5.089914966498843008e-01 4.216232233586154621e-01 7.879082331432911701e-01 2.280111744308143118e-01 -1.749641066137108458e+00 -1.770826700368050011e-01 1.263637841434265052e+00 -7.271881640622100962e-01 1.009859272646647099e+00 -5.983568674958028577e-01 -8.423146577584667005e-01
-1.301654347434730674e+01 -7.537003382101887361e+00 3.507176328655460917e+00 -1.479178126550448891e+00 1.788092695407428323e+01 3.862091080845911240e+00 5.951993310051250319e+00 -2.454088580479771053e+01 -1.475362933580154845e+01 1.942931964443992687e-01 8.130568172817230987e+00 -1.506101255901730163e+00 -2.523864528613883351e+01 -3.122405265853882977e-02 -3.160068322264909302e+00 1.873131675080804115e+01 -2.590872264079103715e+01 -2.339494227004657745e+01 -2.223566878001392411e+01 1.563102094026884004e+01 9.109034197347522621e+00 9.344700969222936138e+00 3.805878248105023065e+00 5.726651514861234915e+00 -2.542109171017447267e+01 -5.984657532594563456e+00 2.280503621756714594e+01 9.074831343692569829e-01 1.738072442597615286e+00 -1.358824408065567013e+01 7.165516128572747334e+00 -7.876976604192114984e+00 -9.814322842057695340e+00 3.306548068044837407e+01 -9.614901934958400176e+00 1.974247865812489522e+01 -3.229568482446815381e+00 -5.242183013454593699e+00 2.854532313819711220e+01 -2.247124394250850088e+01 -4.763548427703250709e+00 2.262545605945188498e+01 -4.804935071127589552e+00 1.526661406719627223e+01 4.954836188403962005e+00 -1.815767889490879128e+01 -1.415598450326685853e+00 -1.021839707092440186e+01 2.023772739310163260e+01 -3.487799740077529353e+00 -2.102429569825629230e+01 -2.531807379817328396e+01 5.873005515022276413e+00 -1.349614537939657133e+01 1.379275029588358414e+01 -2.137886431567601520e+01 -1.067371020997929953e+01 -4.886884564564835998e+00 -1.673384268338571346e+01 1.700625307851278123e+01 -6.178245671559064789e+00 6.048311652423746132e+00 -1.816140848930156926e+00 -1.215072886750536796e+01 2.177494726428801997e+01 1.540185274083039069e+00 2.782433679665248505e+01 -7.757283506593502409e+00 -1.082761789031062705e+01 1.500007636370259334e+01 -1.462770188041799457e+01 2.043367411942840661e+01 1.701578063642982386e+01 -1.458730144913860194e+01 -1.960446455004217547e+00 7.094668919731487833e+00 1.895936055310010815e+01 8.402476481777931383e+00 1.214727106682375890e+01 -2.769441140353373498e+01 -6.435416455591001395e+00 -9.166579348813149508e+00 9.130884971447345677e+00 -1.099837428871925127e+01 -2.291566578240954044e+01 8.150980972771733946e+00 2.585015132004399874e+01 -2.900009021721309566e+01 8.437519215208581613e+00 -1.232919538139825733e+01 1.492044601327857434e+00 3.544919670837172188e+00 -5.617124045263054199e+00 3.241300823173285384e+00 -3.075387674342220024e+01 -8.392119620383793333e+00 -1.715696209049203347e+01 1.225375159472219977e+01 1.555078962155511491e+01 -1.515692997488241467e+01
-2.693231455519076722e-01 1.227473785388591004e-01 -5.440875430971562343e-01 4.942689742847359846e-01 -2.843935635973163789e-01 2.206688705588858990e-01 -5.959334960423785521e-01 2.063458050840303315e-01 7.114694158002543567e-01 7.234396907984183556e-02 5.497802880512292489e-01 -2.554143329544873442e-01 3.303973431180647902e-01 -9.552419959901825575e-02 1.636594809967801545e-01 3.007972425767317937e-01 6.549000693449543720e-01 2.800254420470738581e-01 9.211003870656566672e-01 9.430619715043310480e-03 -2.627890683209487266e-01 -5.558070132078588715e-02 -2.710403292131622899e-01 1.987373566522742108e-01 5.663119787387629334e-01 -1.356729731732567168e-01 -7.740700789621660638e-01 -7.732222092449099471e-02 -1.331242455195501828e-01 -4.583569894990158766e-01 1.561031051147247217e-01 -1.214302401880436866e-01 3.474268517351592617e-02 4.518445667281463241e-01 -1.194565762696336852e-01 -2.874707221089823350e-01 -6.639133559604913914e-01 -2.360592168064432339e-01 -3.952776848809089194e-01 7.893119378152817500e-01 1.756039795465047793e-01 -1.103786358131540357e+00 2.493944245069522891e-01 7.528082197524858798e-02 -1.905132573690469788e-01 -2.246323068213265661e-01 1.029239754204392066e+00 -1.170599161769303037e-01 2.239226754084202020e-01 -5.660615070150797346e-01 3.856498819382166432e-01 -3.444078775133176396e-01 -2.982494327625886399e-01 2.416887122284505293e-02 8.553244081444361102e-01 9.214510219491317544e-02 1.847610553365869671e-02 1.217390452445326621e-01 -6.196482281062200004e-01 5.144933170714959259e-01 1.342582155104509178e-01 4.298115641516191410e-01 5.900924373025937530e-01 -2.910132114208839327e-01 -2.708627072765379395e-01 4.966024197898619152e-01 -7.945112489530088695e-02 2.755628183669664444e-01 6.485710225255586492e-01 1.163142178535783167e-01 -8.655123948158244263e-01 5.436987034843302619e-02 2.814822559086398446e-01 7.431518041403343267e-01 1.501025170739924974e-01 7.481524148416539566e-01 2.531248460890503926e-01 1.497322806190985456e-01 2.306053895046894786e-01 -3.133542373951910820e-01 -5.842071743023493635e-01 -5.236563821053288881e-02 1.016130161860640424e+00 3.019327206178488154e-01 -1.667832226118680372e-02 1.662349785638451705e-01 -6.882542609703255765e-02 3.089030793119907151e-02 3.944670267712767631e-01 2.371166264498678344e-01 1.547401749314737951e-01 6.018618192028959424e-01 6.001221777392116152e-01 -7.955149204895266557e-01 -2.369514557994691073e-01 7.708397354749820796e-01 -2.701126322182372808e-01 6.562539092491793680e-01 1.483927953221093540e-02 -2.406157917109217614e-01
-3.294295731961870977e-01 -3.810533789319996145e-02 -7.013106424264425875e-01 5.067102806745679144e-01 -3.530140736282882385e-01 -3.902716385086617973e-02 -5.650701663168288258e-01 1.861623811351356683e-01 4.489197789566483632e-01 -1.899723799103388289e-01 7.471588526312358258e-01 -3.512462745394973607e-01 2.122137170644197157e-01 1.280344984251735596e-01 1.378492545512515766e-01 5.305681210456684171e-01 4.514498805935218684e-01 2.360252872510875677e-01 9.148514830597288539e-01 3.300957455472221941e-02 -4.527119005740938840e-01 -5.791909967895585154e-02 -1.343418260508444928e-01 -1.318776095900374978e-01 5.061442869473714579e-01 -8.516498764357222084e-02 -5.966930993919309367e-01 1.722850933970705989e-01 -3.254004967850368524e-01 -4.158704696534642475e-01 -1.557027147685459412e-01 -1.460935724602825669e-01 1.607934375457218956e-01 6.426627891267953085e-01 -1.070948548392401251e-01 -1.873400092641910597e-01 -9.078719364158354121e-01 -2.829354924502280322e-01 -4.320274544049624299e-01 8.152368362763416920e-01 2.502034892591244453e-01 -1.328642679034301999e+00 3.431864351487296516e-01 -1.124478375525989060e-01 -2.382683871187530888e-01 -2.590310771590456640e-01 1.151522556883086024e+00 -4.027218960429942984e-01 5.705183111658147510e-01 -7.270534762715274990e-01 1.854643735113451208e-01 -5.340644167344309468e-01 -3.720816143022306344e-01 3.028497722497405231e-01 1.201602626248472472e+00 -9.791529860480042979e-02 -1.255715603575390527e-01 -8.517608586349159627e-02 -8.152102787173890475e-01 5.062018880861458570e-01 -8.789225465665549686e-02 5.705390647146062477e-01 5.847760733597292537e-01 -1.351738372783538034e-01 -6.717241754479666982e-01 5.238351848058900861e-01 2.227236328568479862e-02 3.035477223835935656e-01 6.350868797286814971e-01 -1.406712377067362019e-01 -1.097742585874487142e+00 2.797456132509622273e-02 1.690768592926200076e-01 5.347944056587791151e-01 4.639572217925735410e-03 7.114630930092821215e-01 -3.658776694459309892e-02 2.559802219759031439e-01 4.483142450681505409e-01 -2.949744649396571217e-01 -3.805545711358711558e-01 -3.791769640193422275e-02 1.249347163285519757e+00 4.753040449976153048e-01 -8.805695296880984568e-02 3.565945526599046400e-01 3.098832933256030417e-02 -5.424976720231993593e-02 7.037002613864206113e-01 2.970859391527664872e-01 2.439511277788272425e-01 6.570561971499664367e-01 5.172375922908668544e-01 -1.080178074895818519e+00 -2.369789786850808322e-01 8.912233870515738898e-01 -3.867087881426656826e-01 7.841671761218496073e-01 -1.518471543170016869e-01 -4.356568794916888532e-01
-3.308883078947429945e-01 -1.828166889188783117e-01 -7.858516299827708051e-01 4.551741877214724452e-01 -4.345377417104136497e-01 -2.674513291245360080e-01 -5.382854676823609630e-01 1.648449310666268985e-01 1.935065288345821088e-01 -4.104911960285598793e-01 9.039795379806917497e-01 -4.409831726621931125e-01 7.234275277485832656e-02 3.578506123601720157e-01 6.552607783415970166e-02 6.898635411614750801e-01 2.730230243334654805e-01 2.176089354947901289e-01 8.999487155733679744e-01 2.675686086449595089e-02 -6.423784088953874427e-01 -4.445313209579598163e-02 -5.975889057641933788e-02 -4.779580767722870771e-01 4.415918105620154632e-01 -9.020356906865258442e-03 -4.510312148785705078e-01 3.737577945114586853e-01 -5.033129199192031278e-01 -3.823754974119447092e-01 -4.476579357432600159e-01 -1.311046756655021572e-01 2.855894349763215545e-01 7.412199354506674442e-01 -1.006657515109427720e-01 -1.516228190990977776e-01 -1.072356630877614680e+00 -2.818613969540286202e-01 -4.920411633828021269e-01 8.198585966519212898e-01 3.303516238955272466e-01 -1.468551489695904211e+00 4.225635492745185018e-01 -2.573669996217109457e-01 -2.544578701728608117e-01 -2.525572636729674358e-01 1.161651816536371840e+00 -5.973050083432647206e-01 8.524067697726579462e-01 -8.141263584178263235e-01 3.599849468226977434e-02 -6.080839069159310606e-01 -4.789698666624601087e-01 5.536940434114551168e-01 1.449449888274358500e+00 -2.466963262150036751e-01 -2.602755382487765279e-01 -2.521828141297721149e-01 -9.119878405276459210e-01 4.349389387372824545e-01 -2.601767626835063685e-01 6.858920301009905351e-01 4.985700621329248738e-01 -1.842843602683032905e-02 -1.006784031277766278e+00 5.268097550999136791e-01 5.489308336817908668e-02 2.875570220070287619e-01 6.083972548319359630e-01 -3.667355068462266887e-01 -1.218436757032255402e+00 -8.535994116913757368e-02 3.897643076396123396e-02 3.844555048744199843e-01 -1.242372770261939846e-01 5.950004464466805976e-01 -3.127453038986526823e-01 3.245023514435818046e-01 6.466409873577781964e-01 -2.550193278331760460e-01 -1.392891840158792249e-01 -5.749698619396059057e-02 1.379078835068006104e+00 6.133519481738620716e-01 -1.746121375962965683e-01 4.847337698528697003e-01 8.713678392624521485e-02 -1.043731083567728951e-01 9.000386822587617131e-01 3.688323522643318086e-01 2.919676763722520718e-01 6.919487980915832726e-01 4.014667867690997483e-01 -1.279497219865329605e+00 -2.120578261952955623e-01 1.005381249274276634e+00 -5.052790189874818427e-01 8.483035332861189604e-01 -2.991402189566566561e-01 -5.684141059866777423e-01
-1.913134252687108128e-01 6.055518804206276862e-01 -1.403890683015009133e-01 5.633336360062825010e-01 -1.145901207960882406e-02 1.037128078832917133e+00 -6.764923438610007667e-01 2.640002660861751616e-01 1.589584269512686721e+00 8.653774749239894204e-01 -8.044291864404035097e-02 7.748500111084211106e-02 7.805913764025775858e-01 -8.640875931448709357e-01 3.270399548875653761e-01 -3.419600363589691550e-01 1.237130210472648262e+00 3.617479636372761820e-01 9.094904095949299938e-01 3.828081866895761444e-03 3.910196171843311475e-01 -7.015002218979203563e-02 -6.184065988472340347e-01 1.366164701520157454e+00 7.524383004719843449e-01 -3.516194542060941397e-01 -1.266087585758933765e+00 -7.999504478003371943e-01 4.883182710726616249e-01 -5.378148848769771506e-01 1.193895479173459506e+00 -1.143882642899719942e-01 -4.134557491516082650e-01 -3.353263239829696457e-02 -1.487143508977270268e-01 -4.497249062153483301e-01 2.068033728356722181e-02 -1.570335386842935110e-01 -2.143163505220717358e-01 7.060396627272113035e-01 -1.078692572745048317e-01 -4.692115066645194954e-01 -2.793598413402585343e-02 6.208617308427983872e-01 -8.792296685453937499e-02 -2.097430928543146944e-01 8.262948407509331794e-01 6.641762883622629454e-01 -8.371714988995755391e-01 -1.422261753987760224e-01 9.290183900896341607e-01 1.820732375473501502e-02 4.184137487262745009e-02 -8.829900607184653083e-01 -1.424096575952065735e-01 6.444289390445111509e-01 4.615775585733553621e-01 7.364397929560296818e-01 -1.423068062220516072e-01 6.863176537617452500e-01 7.626251123483297478e-01 -2.676456081854985481e-04 7.624835991719211004e-01 -7.326032657698502426e-01 9.859951043460307707e-01 4.313106062146193631e-01 -2.613834156450310364e-01 2.621685751491875105e-01 6.804846759061721206e-01 9.541551004973934935e-01 -2.769827329457642540e-01 3.398803679673481071e-01 7.073074623886027590e-01 1.292521763703395221e+00 6.036088061239928138e-01 1.002535459699128273e+00 1.219361257764759454e+00 -1.681700095645758675e-01 -4.867713178335940638e-01 -4.055654342176577276e-01 -1.324802285398103407e+00 -6.297704286419635034e-02 4.134990276064721693e-01 -1.852702361699373468e-01 2.557852931650341777e-01 -3.375145822495178582e-01 -2.942689886466458016e-01 2.073821958560194134e-01 -4.342612008434942328e-01 -8.375977707149141055e-03 -7.579109104280210008e-02 4.347747084128690820e-01 9.186812427528506797e-01 4.172416531212055912e-02 -2.940083368025461774e-01 3.288457982807210800e-01 1.217960522456612293e-01 3.414493828941879139e-01 5.473314560616613367e-01 2.788155573073627380e-01
-8.124719878429321085e+00 -2.710251869462079632e+00 -3.308280986032868576e+00 4.032470220608830758e+00 6.755217311215247378e+00 3.662140567535453695e+00 4.145090632732201463e+00 -4.421406293908787255e+00 -6.246399176821067378e+00 -1.705152652711245720e+00 -2.732966677848898129e+00 -1.424770738847097595e+00 -3.876401849950345646e+00 -3.479521282115943581e+00 1.626623634334712076e-01 6.370598231948816803e+00 -1.013612647249432186e+01 -7.564142624490157729e+00 -1.177024096094498873e+01 6.083338551460361288e+00 3.874695196844043732e+00 -5.057378007115670426e-01 3.711114349056200634e+00 4.577435198585100729e+00 -5.808200100303601232e+00 -2.129207534369411903e+00 8.080792354929071664e+00 4.019819874228570455e+00 -5.687663539921259392e-01 -6.386570251865258951e-01 3.256241394452846549e+00 -3.819322599599166979e-01 -3.071281030618160379e+00 9.955746166963670873e+00 -2.807656144029298528e-01 1.109650687338971764e+01 -3.732111950208041318e+00 -1.050512007260127278e+00 1.038891580229576128e+01 -6.146893298219745283e+00 -6.967059457901235930e+00 7.396272334353238165e+00 -3.455354816702119969e+00 3.051073518277176877e+00 1.199740836702517299e+00 -7.271941186721742945e+00 4.772353525628167503e+00 -2.615545231829197181e+00 2.782954314352566350e+00 5.339359545859648781e-01 -8.647119567245891147e+00 -1.595979648038223964e+01 2.754811416236880195e+00 -5.657250635826949203e-01 4.208788503571335049e+00 -5.602170626769528816e+00 -1.278504672287894550e+00 -4.742413687395485411e+00 -6.179294295706657891e+00 1.033883485095118182e+01 -5.156382032833911389e+00 8.777096949356587574e-01 3.888460019885995322e+00 -2.474705364991494072e+00 7.011907768775657246e+00 -4.556645251118985329e-01 1.329294713746857148e+01 1.123474312699537903e+00 -4.013183252478722096e+00 3.347055522622757184e+00 -4.678432661883627830e+00 1.002429796157634456e+01 6.935309370311800947e+00 -9.000245203067223088e+00 -1.410970007690361960e+00 4.978558581661564730e+00 6.749208037161807283e+00 2.182102089869502493e+00 1.340568420757292545e+00 -5.002040199383015917e+00 -4.224570549304034195e+00 -4.085489150821516979e+00 7.879820314778585022e+00 -4.235259426603735777e-01 -5.101063154587071047e+00 1.532124788968281248e-01 1.030578415844883367e+01 -1.205386625242754839e+01 8.879512992120996984e+00 -4.848140477006902316e+00 1.614328783772196241e+00 8.104661565808365942e-02 -2.511692885889458715e+00 -4.079773971428551221e-02 -1.057031652525259524e+01 -7.324403361598018414e+00 -6.645329336778203810e+00 3.326484718130658269e+00 2.154357655385728432e+00 -7.437837152369800364e+00
-1.303972854443822271e+01 -7.564104355039544814e+00 3.780108123361337835e+00 -1.725888272810458757e+00 1.805426872285534756e+01 3.804632566262524662e+00 5.925710877992373504e+00 -2.478803141699289370e+01 -1.469300060144587583e+01 2.414686912646597794e-01 8.376457426974054599e+00 -1.518484396705936490e+00 -2.556057396801574555e+01 -4.675079253706138777e-02 -3.266628446958184995e+00 1.902618142482234020e+01 -2.614470701610038361e+01 -2.360289779535719035e+01 -2.214233932002593974e+01 1.572524042340129569e+01 9.248510710908082189e+00 9.516706648008753433e+00 3.879054297449573419e+00 5.715992690451351166e+00 -2.565850071694131884e+01 -6.002997212228797785e+00 2.303558715101652155e+01 9.244651708074961283e-01 1.795724234840523792e+00 -1.371532482011678233e+01 7.241988090947979906e+00 -8.013647576042336240e+00 -9.858963507167493034e+00 3.339623348775511857e+01 -9.799768110367903517e+00 1.992170384851520382e+01 -3.164033485374026622e+00 -5.221136166781964683e+00 2.870788859033735108e+01 -2.266521495628004601e+01 -4.733931576191428903e+00 2.272028364226670050e+01 -4.754309913686402211e+00 1.548838768492498730e+01 4.988493394550009619e+00 -1.818837640037482828e+01 -1.581592489264816104e+00 -1.039622278841121528e+01 2.060547459531648684e+01 -3.588256258596931758e+00 -2.122792467702394248e+01 -2.530272313187862210e+01 5.846988390039280503e+00 -1.379992275093287901e+01 1.390811056980046523e+01 -2.166886181041130399e+01 -1.082874593873231106e+01 -4.851578573150466589e+00 -1.672613633599454985e+01 1.687912629209620974e+01 -6.085331650944895365e+00 5.986451816983078267e+00 -2.044010405692084476e+00 -1.222506471021942076e+01 2.187709111524465300e+01 1.664931817185056451e+00 2.793706046525942810e+01 -7.761063407028742311e+00 -1.090559481575239076e+01 1.525821422142231576e+01 -1.491870288692678592e+01 2.041781573783407211e+01 1.714002065649495421e+01 -1.455587640904230895e+01 -1.954671440843422037e+00 7.075186318949197251e+00 1.903967288122285240e+01 8.403384261244683628e+00 1.242336544468370363e+01 -2.804898396574797559e+01 -6.426117426303349589e+00 -9.100782766659111900e+00 8.941359240487322779e+00 -1.115706708287715365e+01 -2.322498210713254707e+01 8.497919921483502392e+00 2.600510901249803553e+01 -2.918111911087175514e+01 8.281116382085786043e+00 -1.233574051929387139e+01 1.641052979777703591e+00 3.670802281280181489e+00 -5.675567831163055743e+00 3.297941450075306147e+00 -3.093332611281871181e+01 -8.277425345840768500e+00 -1.727342949426706653e+01 1.231722813119412585e+01 1.574462398837116872e+01 -1.517779248509551948e+01
-3.838307127411281217e-01 -3.542837397263574606e-01 -9.304052358522723054e-01 4.267125011992198846e-01 -4.994670147286044970e-01 -5.685474085697211910e-01 -4.755343166849088088e-01 1.642185195313270174e-01 -1.263819342159389070e-01 -6.918576570124167491e-01 1.124947776060057691e+00 -5.434076630080477699e-01 -9.843748526776663343e-02 6.048747125313940209e-01 1.686868972561728422e-02 9.282525847970519717e-01 7.083012498027624337e-02 1.781432968380734505e-01 8.958806328782399353e-01 3.576762722300635272e-02 -8.623546486450283100e-01 -6.636236980789474160e-02 8.038802579863996156e-02 -8.834531176774209627e-01 4.026568415101250964e-01 6.584028834781927020e-02 -2.866906963489318505e-01 6.472010324133861126e-01 -7.213155672119815343e-01 -3.594946976684501028e-01 -8.183658841758815194e-01 -1.213463520008751934e-01 4.753269315567481557e-01 9.427929657217729575e-01 -8.442487335918348601e-02 -8.621062053192658781e-02 -1.319981791875342925e+00 -3.004472907151098937e-01 -5.432731280324050172e-01 8.347852904215095071e-01 4.120378740661339023e-01 -1.684044701666643107e+00 4.907399286233976587e-01 -4.670148452877668777e-01 -2.836953090115095777e-01 -2.686415597159214075e-01 1.242535876173494147e+00 -8.782977135589156159e-01 1.242584377741370316e+00 -9.773878454623206036e-01 -1.830503241015167259e-01 -7.729949013466200780e-01 -6.122937803335875007e-01 8.837537684587174480e-01 1.806245578912496041e+00 -4.502701991649151192e-01 -4.111504392548742115e-01 -4.741692501195210463e-01 -1.075544350433498719e+00 3.909143852234814864e-01 -4.705085274180870192e-01 8.143563840810998933e-01 4.500542120458346784e-01 1.433210330290959067e-01 -1.459305038498397211e+00 5.736104706187676872e-01 1.490018852774578351e-01 3.264192571954837030e-01 6.048489497254363467e-01 -6.830096321875507304e-01 -1.468103548947265136e+00 -1.848821025060645162e-01 -8.702006922981342374e-02 1.723586109211122097e-01 -3.099580407279650673e-01 5.330741540916111854e-01 -6.530402229793679236e-01 4.527174315071076927e-01 9.059445960912094753e-01 -2.129951613903013907e-01 1.138273079610702676e-01 -5.708260797983826657e-02 1.584633019818082911e+00 7.811602242226498571e-01 -2.733219272960529245e-01 6.687259497828443866e-01 1.795825508018769334e-01 -1.728480187177435512e-01 1.208823377633948759e+00 4.608528023371750160e-01 3.849519642520722873e-01 7.595470562503440215e-01 2.885706686599774362e-01 -1.582831785815294046e+00 -1.958870958337191326e-01 1.172532376913679952e+00 -6.645870588009512581e-01 9.362147186747491467e-01 -5.012187260492555474e-01 -7.562030835368156456e-01
-2.747237732547879174e-01 2.406047378596730124e-01 -4.447715757008337545e-01 5.251395769806050939e-01 -1.924311165242615917e-01 4.319890884865765224e-01 -6.006430621714412554e-01 2.180395051619578584e-01 9.151550688941874068e-01 2.731833265642519826e-01 3.708983036775564956e-01 -1.716248015228935275e-01 4.367856634988004916e-01 -3.079826530567473797e-01 2.052624960196747228e-01 1.445148899404002374e-01 7.838311185816425608e-01 2.838227435501664009e-01 8.920604890805204912e-01 2.126902658963809520e-02 -8.208054478755778816e-02 -6.975817216491293771e-02 -3.459918697466955462e-01 5.046807703898286146e-01 6.112639350494070145e-01 -1.983926783555531315e-01 -8.852113341501403054e-01 -2.471721445155824481e-01 2.176752518935266834e-02 -4.806586443131269926e-01 4.344695510496477397e-01 -1.120183787142396137e-01 -7.914581112768291626e-02 3.479300232842216789e-01 -1.154575709391639921e-01 -3.076375914854622695e-01 -4.935551123109750415e-01 -2.132960164901993860e-01 -3.282279323862035691e-01 7.539525817348140535e-01 8.126470246413239340e-02 -9.247691419364305609e-01 1.681803434424942456e-01 2.137863412211143677e-01 -1.640553888225187718e-01 -2.376855312022837785e-01 9.849103926709658063e-01 8.105644433568437446e-02 -4.803000118482630976e-02 -4.518218748305477539e-01 4.996048094286296704e-01 -2.857331609504095704e-01 -2.044738052123246941e-01 -2.046454874095713083e-01 5.980550822210028983e-01 2.199672075583129216e-01 1.293868288697388180e-01 2.643855471939703938e-01 -5.014914120408267006e-01 5.776780901450284667e-01 2.933252317442326396e-01 3.082325081667660616e-01 6.393916297532178383e-01 -4.038156339059904565e-01 6.282590534124159187e-02 4.774881335823641382e-01 -1.024545811094029202e-01 2.860792121763974794e-01 6.523874066062107513e-01 3.418867243207533435e-01 -7.295686608486143809e-01 1.413742615652314738e-01 4.094191425620231639e-01 8.576183358246849409e-01 2.568338499925280072e-01 8.247307312128815404e-01 5.119764687644283718e-01 7.583959016148021648e-02 4.992060491061063587e-02 -3.416111232472143211e-01 -7.832422567053093365e-01 -6.764007223053870865e-02 8.637623448468971787e-01 1.730209137050900403e-01 4.574647254927460827e-02 4.059591038468476215e-02 -1.107352637668197332e-01 5.246641153084465742e-02 2.002907887966946243e-01 1.685189363827513664e-01 1.031863087364822407e-01 5.486113870096150924e-01 6.744059097063807018e-01 -5.813382442528592930e-01 -2.651921166215088776e-01 6.412280560360823500e-01 -1.871619482370951160e-01 5.738630462225511319e-01 1.497610417055087739e-01 -1.212648532424558390e-01
-9.884696206227191695e+00 -3.678126098531802946e+00 -3.899979516743750985e+00 4.637261632128478972e+00 8.795525683760493152e+00 5.121366697569065707e+00 4.947729627799618335e+00 -7.771196348040819935e+00 -9.132201577755482802e+00 -1.479760120898110376e+00 -2.392540179042597526e+00 -2.124175640985979108e+00 -7.222364514561052218e+00 -3.143447706626137705e+00 2.876993006515558143e-02 8.317816115050238324e+00 -1.333241966296938230e+01 -1.107223690326107146e+01 -1.575290563543682509e+01 8.388481877074918103e+00 4.555154068571031445e+00 6.495615214778562851e-01 3.945677175700471384e+00 5.253457495199396199e+00 -9.541531647213579603e+00 -3.293332108713763251e+00 1.049036981370852928e+01 3.646160066746975570e+00 -2.292323615424382288e-01 -2.657944489517293007e+00 3.924897364207841299e+00 -1.160598511160535473e+00 -4.786510857998550250e+00 1.400515373834663713e+01 -1.466685492244541367e+00 1.335342468365859681e+01 -4.493120730761869019e+00 -2.056166667195085562e+00 1.495340238819015255e+01 -9.003070175661223473e+00 -7.841196330191593233e+00 1.085762440722172073e+01 -4.871734072755899980e+00 5.361344222615799460e+00 1.958627062329694413e+00 -9.851843680185970342e+00 4.913626237459864932e+00 -3.343127131783459216e+00 4.680901444782803900e+00 6.728859889470092392e-01 -1.076481886705736457e+01 -1.937972832198263262e+01 3.921992062871066054e+00 -1.567434675680644540e+00 5.994251685219506243e+00 -7.633733956169844070e+00 -1.851284985383965243e+00 -5.531888003374056950e+00 -8.949131463645695561e+00 1.346145359736079428e+01 -6.484903149624730467e+00 2.291436011716985632e+00 4.160468899844102175e+00 -4.538088089642227096e+00 1.072678512984983357e+01 -1.193439807697330490e+00 1.743392722886685675e+01 -7.837919587356593221e-01 -5.520413399066337767e+00 4.804600202680072485e+00 -5.408473617073412676e+00 1.332970003520091140e+01 8.848390064720501158e+00 -1.130303554201294247e+01 -1.365305653056763546e+00 5.933070845116601433e+00 9.784082427669824611e+00 3.637802476990960265e+00 2.549853010297286726e+00 -8.417931196944286043e+00 -5.291811777309371578e+00 -5.770381531125086561e+00 1.018690722561826334e+01 -2.229282167383260571e+00 -7.959020612297766029e+00 -5.375371706245077874e-01 1.366076481636463136e+01 -1.587282067569149113e+01 1.081919228559826429e+01 -7.220419909903290190e+00 1.262860305861294385e+00 2.728866636931086553e-01 -3.330627943370904731e+00 4.398995518978447428e-01 -1.539042930107776463e+01 -9.393029745640422590e+00 -9.115686485153839058e+00 5.317235933978005313e+00 4.300334986938463722e+00 -9.686461499156699517e+00
-7.808954894133968594e+00 -2.575726856080397642e+00 -3.172492025540248228e+00 3.900403291877042378e+00 6.433576606503615736e+00 3.392764579077127696e+00 3.984413540468647152e+00 -3.982496397467823357e+00 -5.806691359378813644e+00 -1.730890460287304977e+00 -2.713950521234122615e+00 -1.299152556671280712e+00 -3.446416139082081997e+00 -3.453245984281107628e+00 1.833726041227335957e-01 6.057198885348727302e+00 -9.644042040271841643e+00 -7.039533051408779052e+00 -1.112555866139745753e+01 5.735996575695759603e+00 3.740677242670453762e+00 -6.193576356991645770e-01 3.626455863842161342e+00 4.435647488217163037e+00 -5.298409713532659104e+00 -1.952860542332714999e+00 7.708184001709443400e+00 4.015343346690919191e+00 -6.084376806246984959e-01 -4.022150293182413794e-01 3.147848548195181451e+00 -3.067909870795661464e-01 -2.824862601296232789e+00 9.370976566945317998e+00 -1.527332501709919577e-01 1.068045352264346448e+01 -3.594028489141501748e+00 -9.198903091966391665e-01 9.695231324713125431e+00 -5.742626704746122357e+00 -6.732243606806703973e+00 6.878721018782869123e+00 -3.191362182946286374e+00 2.723420689717358290e+00 1.093947647665731049e+00 -6.897859035447842402e+00 4.692584178097132686e+00 -2.516943398727739645e+00 2.555159630946560956e+00 4.731763526148213828e-01 -8.315535752923537416e+00 -1.536131802267237312e+01 2.586985616614815076e+00 -4.690857968450756754e-01 3.974012186629766852e+00 -5.313401106461631329e+00 -1.238068348935690510e+00 -4.565573409393087090e+00 -5.789976237700355632e+00 9.836282419440584235e+00 -4.932047988274439909e+00 7.114687616141696092e-01 3.805266966846920340e+00 -2.186449899715235734e+00 6.465955476111800770e+00 -3.364794130947441064e-01 1.262519678842561355e+01 1.345063288830114834e+00 -3.785727245714948452e+00 3.133825553358277283e+00 -4.568451416485227234e+00 9.510110289075431211e+00 6.628527545159415446e+00 -8.606896298253801092e+00 -1.401146718774805677e+00 4.799700257751926102e+00 6.293550812763638369e+00 1.971207806900956649e+00 1.183711425200634659e+00 -4.556237258686998359e+00 -4.029657652273536783e+00 -3.841149977252113601e+00 7.498168854297354358e+00 -1.860984374540190778e-01 -4.683121890153572053e+00 2.748584767852469413e-01 9.781217125255132316e+00 -1.146160578389529228e+01 8.511620170498943594e+00 -4.488938580010164436e+00 1.612547031507195250e+00 5.919484635572042075e-02 -2.363405535240355793e+00 -1.019293059024245079e-01 -9.845107316202103220e+00 -6.951527571812978756e+00 -6.260048570193293749e+00 3.056030392411749563e+00 1.872939192289617250e+00 -7.069321036227491639e+00
-1.322775957639020916e+01 -7.728916037378705362e+00 6.375310107849110786e+00 -4.083220135421067987e+00 1.962843357818260515e+01 3.356949592866041332e+00 5.579350289603969948e+00 -2.688216291166461502e+01 -1.390191743344227859e+01 6.846107786170028131e-01 1.053817325359132440e+01 -1.778143749616534430e+00 -2.843005100443735245e+01 -3.436093998814374606e-01 -4.256322879622261190e+00 2.186853606092965663e+01 -2.833561908648685801e+01 -2.554326503594061037e+01 -2.100003338437942801e+01 1.657471938796892630e+01 1.054630522574666074e+01 1.107397986214887808e+01 4.737117925792976081e+00 5.593634867451218184e+00 -2.773180465965109676e+01 -6.148756390806527250e+00 2.503606986839038484e+01 1.236261355601073975e+00 2.358344582023638836e+00 -1.467600096734708082e+01 7.976646150204382835e+00 -9.249599326507363273e+00 -1.022827902789147281e+01 3.631766290974496059e+01 -1.153317034775861494e+01 2.172841427934614345e+01 -2.550515613436769247e+00 -4.843066436100114558e+00 3.016083635538474894e+01 -2.430689899104430651e+01 -4.595444879543430616e+00 2.336663400274423452e+01 -4.262300873760381137e+00 1.763528543099536705e+01 5.263280427851145582e+00 -1.828184662554473761e+01 -3.082532622196607175e+00 -1.204577753764110426e+01 2.400299987946085167e+01 -4.464355913049296909e+00 -2.306424833225107562e+01 -2.500854549435730334e+01 5.558350878184861621e+00 -1.662238564693796050e+01 1.494582605091075145e+01 -2.423307399185557998e+01 -1.208955130731754934e+01 -4.507065219247652799e+00 -1.643124858239022146e+01 1.551534715333645664e+01 -5.181993992869409205e+00 5.197980413259893240e+00 -4.248470644206524760e+00 -1.279955532339080015e+01 2.271516497814170066e+01 2.808003815025164940e+00 2.892553300685064599e+01 -7.561814436499603609e+00 -1.160444256387608952e+01 1.766394949793690117e+01 -1.769736393814766728e+01 2.008890496587959262e+01 1.815984877430899047e+01 -1.417432753775789855e+01 -1.806193532581168215e+00 6.838351813304631932e+00 1.966052194906637496e+01 8.222303086434619601e+00 1.508612976228339875e+01 -3.121481292129709573e+01 -6.332558297393062752e+00 -8.309017074756393839e+00 7.059840630318655386e+00 -1.261557227370022893e+01 -2.604756978395262479e+01 1.178798892943651566e+01 2.725428717218035501e+01 -3.074781470404206019e+01 6.797134830319980558e+00 -1.231600357107011412e+01 3.203541153318471668e+00 4.902146752653367301e+00 -6.263686218700132535e+00 3.811830192803847162e+00 -3.244128279231582468e+01 -7.225631959102964075e+00 -1.831681834259094188e+01 1.281752593808918128e+01 1.747455749270356051e+01 -1.520578447091517482e+01
-5.575348728485102212e-01 -2.070702676848371615e-01 -7.847157152682648906e-01 5.768789496277128004e-01 -1.773589973980697065e-01 -1.632980865764436795e-01 -4.194206232191410311e-01 1.563387852448465121e-01 2.396825109096011597e-01 -4.363310985464959879e-01 6.489264809054906546e-01 -3.573251123428791143e-01 1.374335504746516390e-01 1.296339369518234863e-01 1.282707349412856579e-01 7.284280078192161278e-01 6.136611070623711889e-03 1.338302049706506236e-01 5.745207827936132938e-01 1.807123158877797786e-01 -3.840345745807528521e-01 -1.011219198376954453e-01 4.474686210957205118e-02 -1.311640824296106955e-01 3.676030033598171043e-01 -3.295022892671546633e-02 -2.206834177022394539e-01 4.585296311367696442e-01 -4.448301004560396565e-01 -2.592812903750444931e-01 -1.570166023413218925e-01 -1.359189349008080860e-01 1.607008816994544842e-01 8.767558286040295634e-01 -9.380609010958733396e-02 2.153174530567003586e-01 -1.063427305318949800e+00 -2.688259929698915696e-01 -2.873927986191258110e-01 6.470003829024963959e-01 8.287139365297339910e-02 -1.193922738703483422e+00 4.284161811018710742e-01 -1.948107839058008661e-01 -2.154112970590517928e-01 -4.490541043701055668e-01 1.299904014203792535e+00 -5.624247815691367780e-01 7.302565218370572486e-01 -7.934882172296152669e-01 -2.319228886060430705e-01 -1.080549254492713329e+00 -3.227777336954335552e-01 3.817868067033834967e-01 1.392817332987284829e+00 -3.234676636578318054e-01 -2.753876014764606306e-01 -2.570931631073448687e-01 -9.538045369237513338e-01 7.274764612893274141e-01 -3.513080951085545411e-01 5.783829711620780412e-01 6.538028837659591863e-01 6.484136487091827529e-03 -7.157175603651296791e-01 5.591028078191083717e-01 3.930224563395338100e-01 4.590103081909112093e-01 4.560136423136394446e-01 -1.925175510103320775e-01 -1.295831708179295605e+00 2.619075634422650678e-01 2.964800249276031696e-01 1.278265408665303915e-01 -8.951859501552708598e-02 7.466742860955539740e-01 -8.294365725226117425e-02 2.246581932035907614e-01 4.819877699583162700e-01 -2.934259597848156709e-01 -3.050109493428792007e-01 -1.397155359719567946e-01 1.489158515588507425e+00 6.750376892157001762e-01 -1.294893986684904075e-01 4.938618468303564435e-01 3.346813007382015148e-01 -4.324079006295385441e-01 9.858063109166013138e-01 2.554837277319795819e-01 2.842565644202986741e-01 6.305023827826694571e-01 3.958213770377255192e-01 -1.120422882862051495e+00 -3.392313245175762604e-01 7.136850802306347052e-01 -5.402627590225990151e-01 7.851325450600799005e-01 -2.674249844324012026e-01 -6.542059319281025020e-01
-2.947844304350563105e-01 3.485313382362214413e-02 -6.275723567284331450e-01 4.956100209661304934e-01 -3.264716353207012256e-01 7.249632587621829272e-02 -5.795309281424496639e-01 1.972810468914600601e-01 5.660922018819541934e-01 -7.497523766876429407e-02 6.635744077923690920e-01 -3.099906814631839258e-01 2.595681120144567866e-01 3.553121557596887470e-02 1.479994707397908893e-01 4.243050705683100721e-01 5.449029559572479142e-01 2.630338716641882346e-01 9.226126944073979042e-01 1.804559900272426770e-02 -3.738804926594493372e-01 -5.493051040765659088e-02 -1.993192640828330142e-01 6.056900203476055927e-03 5.341473671898815390e-01 -1.022616066541327251e-01 -6.792841849179727109e-01 5.987092300316202570e-02 -2.424424849429531181e-01 -4.355674496370449122e-01 -2.285316987529610946e-02 -1.329356034417084054e-01 1.101353653003102201e-01 5.516363972056331777e-01 -1.157787254684872896e-01 -2.428306461983368303e-01 -8.005108698048628568e-01 -2.568856348661656130e-01 -4.215649754142996586e-01 8.064052938360536382e-01 2.241839699624370297e-01 -1.229608405094446244e+00 3.042262663449936122e-01 -2.953107212303120524e-02 -2.145759778321873479e-01 -2.380114547419240612e-01 1.088755495942031581e+00 -2.732216291241525430e-01 4.193871110823416681e-01 -6.552869314463601880e-01 2.778160491261797982e-01 -4.364537053023709867e-01 -3.466802642028031234e-01 1.827360687683170226e-01 1.048447170883313628e+00 -1.302502871985855223e-02 -6.168228863159649217e-02 9.418111804912246074e-03 -7.225174963054390442e-01 5.014277022749513701e-01 1.249289533970413327e-02 5.096784288980878985e-01 5.798404607579438208e-01 -2.051410919124436461e-01 -4.994339047833748491e-01 5.123173519502052242e-01 -2.969235510593999997e-02 2.881181588055812814e-01 6.414369957438039727e-01 -3.274448728043343609e-02 -9.893473938134512702e-01 2.717649927894908238e-02 2.131905019294135228e-01 6.361274020050352584e-01 6.859936909317851383e-02 7.187653794125179463e-01 8.686067093746815959e-02 2.072592495118244504e-01 3.540237107927806104e-01 -2.999856446175744318e-01 -4.635886494483059117e-01 -4.494934441173707718e-02 1.141086503637924743e+00 3.993918311447036684e-01 -5.635609389098059085e-02 2.712202409804649883e-01 -1.718222503055501574e-02 -1.112057626192458452e-02 5.591947661421020621e-01 2.744300254717559340e-01 2.014564494857564447e-01 6.345317942140792367e-01 5.519353964336944918e-01 -9.526084470956052153e-01 -2.316233759565718975e-01 8.448299776009550177e-01 -3.352872794593756978e-01 7.243776631981276859e-01 -8.161246975095029499e-02 -3.458619382773119866e-01
-7.258688761488127028e+00 -2.360099130614299323e+00 -2.932282325458742900e+00 3.662757476952246183e+00 5.891334461525186583e+00 2.932501768233716000e+00 3.692516829364701270e+00 -3.303009523141407833e+00 -5.087092267815106261e+00 -1.764369833276842936e+00 -2.642739653381750653e+00 -1.090391986018959480e+00 -2.787440059070404264e+00 -3.358059278870834330e+00 2.181191514710311974e-01 5.530846892884986765e+00 -8.826855825447269766e+00 -6.185705298469991398e+00 -1.004390964037462197e+01 5.168068226881506355e+00 3.495839519205067969e+00 -7.680456613015307354e-01 3.455494855564966716e+00 4.174439786853563206e+00 -4.498657374423708610e+00 -1.667429099829235373e+00 7.083837695228744735e+00 3.964387171439282653e+00 -6.638053427898925607e-01 -5.698065302329985427e-02 2.959535782625766664e+00 -2.065813315067285827e-01 -2.432916748002322826e+00 8.424477816443525668e+00 2.260597316752173402e-02 9.947904530935707257e+00 -3.359451376913198839e+00 -7.230206502096035992e-01 8.559244538399660485e+00 -5.088847322719226796e+00 -6.287313091515630781e+00 6.030450412916893654e+00 -2.735388371015209152e+00 2.205584555793707491e+00 9.253841936546971514e-01 -6.288397181343585274e+00 4.529857599383370292e+00 -2.357427832565487158e+00 2.213524456840346932e+00 3.534501099744410957e-01 -7.754282852075385257e+00 -1.432348550063636772e+01 2.317891031364688992e+00 -3.367373675088907725e-01 3.611522863243966874e+00 -4.842628181318524128e+00 -1.187642489320285710e+00 -4.241579367531573830e+00 -5.171859601528180583e+00 8.995110686575587877e+00 -4.553028852389951808e+00 4.733403506223247681e-01 3.644149262013760104e+00 -1.730019141149694129e+00 5.583954965575620655e+00 -1.447941716377534049e-01 1.150612874323593182e+01 1.658561738054173951e+00 -3.412195669005139820e+00 2.783798059547344828e+00 -4.378605225376239751e+00 8.658355430847818113e+00 6.107932518127349830e+00 -7.934044526861846691e+00 -1.368849939858348685e+00 4.483522229995788422e+00 5.549495980132724604e+00 1.633263952387701501e+00 9.431972682525102680e-01 -3.865548486234559267e+00 -3.689446330916382522e+00 -3.445524385461204986e+00 6.863880145803988420e+00 1.768532147018738454e-01 -4.007015136737255290e+00 4.706119581832445276e-01 8.906774389960151694e+00 -1.047743175946974858e+01 7.869107247350744849e+00 -3.905956489946328603e+00 1.578101016085378561e+00 2.995399166297412624e-02 -2.106486196952513712e+00 -1.958913660807884705e-01 -8.663479033484458469e+00 -6.308589747870358089e+00 -5.622480390679702289e+00 2.635232029662108122e+00 1.437502716457646601e+00 -6.449793152301419141e+00
-1.478951146991698828e-01 8.949721338719249797e-01 9.125205903061518742e-02 6.160575462893960186e-01 1.423371240959992734e-01 1.529426644842580174e+00 -7.348490429719056749e-01 2.962853781621982985e-01 2.130524331602162924e+00 1.343662896991784317e+00 -4.573851594935989806e-01 2.846546999150895707e-01 1.070946130050604905e+00 -1.332504018897737286e+00 4.292356897319698494e-01 -7.218299100747954666e-01 1.595554975301314737e+00 3.957011744925623686e-01 9.158383848423274909e-01 4.474712733972233299e-03 7.839727063887762526e-01 -7.960092757748632453e-02 -8.290806875033230883e-01 2.083842314528202344e+00 8.705746960737958950e-01 -4.877098758877103646e-01 -1.558707053091211936e+00 -1.239006681544637667e+00 8.705946193513869336e-01 -5.794019529338440000e-01 1.821509197840208261e+00 -1.213952583424172810e-01 -6.967467599535589473e-01 -3.172914781585450261e-01 -1.705045623498444574e-01 -5.348950763223691007e-01 4.315160906769656135e-01 -1.299202487953038387e-01 -1.112265247725514744e-01 6.705712409551782827e-01 -2.764297718620700173e-01 -1.182132347439156378e-01 -1.979401121106018624e-01 9.342560642922324021e-01 -4.311603419151751465e-02 -2.090904669637629887e-01 7.247816079977087433e-01 1.117860934492662217e+00 -1.472412371533573294e+00 9.843369763279044560e-02 1.261228328335119109e+00 2.209130873361778991e-01 2.673269756762909344e-01 -1.443885156890775789e+00 -7.393249348800379206e-01 9.779759227972136815e-01 7.205208608787553315e-01 1.105661671629907472e+00 1.280900877073294364e-01 7.926382032117486043e-01 1.137748691486303310e+00 -2.554547209789629347e-01 8.990801357692113083e-01 -9.926487359407937250e-01 1.737765711119467982e+00 3.899999052467084670e-01 -3.759805933518779453e-01 2.517604956414656314e-01 7.038414503967225233e-01 1.466700182531675223e+00 5.855496477492368179e-02 5.366089080761092811e-01 9.610505657063725948e-01 1.620370861240778115e+00 8.851978612406183888e-01 1.176769060104429165e+00 1.807027814172696756e+00 -3.539280851931392302e-01 -9.247364272061159296e-01 -4.671691963418500015e-01 -1.790357013240486017e+00 -5.480567178658497102e-02 6.380240206480805587e-02 -4.769443973504858825e-01 4.339260589436216842e-01 -6.256070205240851223e-01 -4.326034921273346212e-01 3.132780446081827597e-01 -9.205295157101354153e-01 -1.650412563546486411e-01 -2.079945048492933546e-01 3.367897116455098594e-01 1.126217924768137424e+00 5.326662406705086061e-01 -3.288451633445030886e-01 6.258474067542084407e-02 3.735848091279131977e-01 1.660368222745198241e-01 8.800089026100221812e-01 5.871701890524921863e-01
-1.330406509028312811e+01 -7.760104171190276290e+00 7.626617746207578818e+00 -5.217804060494813712e+00 2.034083656296911613e+01 3.209122078611752471e+00 5.338040270282136568e+00 -2.774440361727122095e+01 -1.340272083335803188e+01 8.997917479562166365e-01 1.146985277460338537e+01 -2.006545188534869073e+00 -2.969742745018092478e+01 -5.710322686694160321e-01 -4.710683058757718200e+00 2.327437066555606293e+01 -2.939606687680824848e+01 -2.646249557662726914e+01 -2.030509099843188991e+01 1.696367629573482816e+01 1.113783657572962937e+01 1.178386533556510329e+01 5.255422909048487412e+00 5.534257908073038301e+00 -2.864367826018371943e+01 -6.187436314359607614e+00 2.587485288365162361e+01 1.491977889643398614e+00 2.637226897602324538e+00 -1.499438701764629123e+01 8.348015710094980335e+00 -9.805725155804243087e+00 -1.038699436189261327e+01 3.758336122050919670e+01 -1.237173889544812155e+01 2.269314684120867298e+01 -2.243734600907271393e+00 -4.524726024229519972e+00 3.083847628417803932e+01 -2.498002522787790269e+01 -4.609408867840231849e+00 2.353248495174909394e+01 -4.005013877330613425e+00 1.869902044061582913e+01 5.370758128351088345e+00 -1.821570735291091481e+01 -3.751718767197238513e+00 -1.281163384184899101e+01 2.557601552653563459e+01 -4.819182488055516522e+00 -2.388160252700401998e+01 -2.477728829057923221e+01 5.400995728716834421e+00 -1.794616321126853364e+01 1.542753095167410926e+01 -2.532900404954761697e+01 -1.255892517439734135e+01 -4.332079909330592393e+00 -1.615850416144661139e+01 1.478277127507552891e+01 -4.728956120486119907e+00 4.685152142004318065e+00 -5.343148484280376920e+00 -1.301536923306472282e+01 2.304791535026222959e+01 3.319260797625062320e+00 2.935841048056671454e+01 -7.310747969027604931e+00 -1.191634244993450942e+01 1.880189461357923619e+01 -1.904216105568881900e+01 1.983457736301655672e+01 1.855277408559163987e+01 -1.393335153584435915e+01 -1.663248791618605171e+00 6.696691142529926921e+00 1.987964618145054985e+01 8.018534527039806292e+00 1.641307577070383417e+01 -3.261939580909398018e+01 -6.291224000306518072e+00 -7.839388956838558187e+00 6.112722498269090643e+00 -1.329380473602955526e+01 -2.736002072903040983e+01 1.336316605763198240e+01 2.772022363016148461e+01 -3.141200674109288826e+01 6.102497782939978244e+00 -1.226448955616154457e+01 4.028864006520000984e+00 5.516999694919734409e+00 -6.565480557195594535e+00 4.063826860254742712e+00 -3.305907748693152115e+01 -6.753863538096955388e+00 -1.879182031278119425e+01 1.299843844470786891e+01 1.826090995104285852e+01 -1.508898978515684774e+01
-8.144207468219859081e+00 -2.718835821131826425e+00 -3.316547672825829185e+00 4.040489705119710173e+00 6.775351850299618839e+00 3.678852013190298642e+00 4.154821126490195304e+00 -4.449781045974586569e+00 -6.274220120312183013e+00 -1.703407581558203487e+00 -2.733557159892452848e+00 -1.432632097806728622e+00 -3.904294702913746473e+00 -3.480424137515070626e+00 1.613564562166841798e-01 6.390243124626097782e+00 -1.016711995145286274e+01 -7.597416616353196872e+00 -1.181063729150004349e+01 6.105339948466942168e+00 3.882818205831968239e+00 -4.979745461903362647e-01 3.715985320218589294e+00 4.586000505844610053e+00 -5.840979013421269350e+00 -2.140388757212555504e+00 8.104174409209109697e+00 4.019469982302059208e+00 -5.661063226074086741e-01 -6.542662888256577380e-01 3.262985213041903254e+00 -3.870509659048854134e-01 -3.087052476500260934e+00 9.992940297959430396e+00 -2.893787957488854756e-01 1.112209220696373890e+01 -3.740682460108722296e+00 -1.059027206424770995e+00 1.043279866967573888e+01 -6.172635836834542644e+00 -6.980976655904990835e+00 7.429027199576234253e+00 -3.471651472771601910e+00 3.072064835382078307e+00 1.206498987939876644e+00 -7.295681270215262693e+00 4.776915186295399351e+00 -2.621825863193894435e+00 2.797843942483130064e+00 5.374709453388062386e-01 -8.667861551210430449e+00 -1.599682888776955636e+01 2.765546428275371227e+00 -5.722730678769540891e-01 4.223971279057974648e+00 -5.620514803976242924e+00 -1.281365727598882565e+00 -4.753067268006936352e+00 -6.204223887172316765e+00 1.037035525340997744e+01 -5.170393525634076504e+00 8.887267890740818688e-01 3.893342100464651345e+00 -2.493181252702812323e+00 7.046622725118362851e+00 -4.632291154714223147e-01 1.333480877815967247e+01 1.108744975145744105e+00 -4.027571517019692848e+00 3.360574130070018484e+00 -4.685294049725320598e+00 1.005671478720274870e+01 6.954481238336702731e+00 -9.024688806211750958e+00 -1.411368317470307332e+00 4.989530492470588996e+00 6.778085020514811099e+00 2.195530579027594964e+00 1.350743193432985212e+00 -5.030868443465626783e+00 -4.236578408395648587e+00 -4.101045091528230380e+00 7.903777477131725959e+00 -4.389031412170952273e-01 -5.127625683308746574e+00 1.455265632292850331e-01 1.033875801420345830e+01 -1.209114813131542121e+01 8.902151736706338525e+00 -4.870922376736656290e+00 1.613937524670822965e+00 8.251975355172931625e-02 -2.520847302844935189e+00 -3.680961597033257510e-02 -1.061626160418117948e+01 -7.347488050945973903e+00 -6.669592988279605450e+00 3.343920975576054833e+00 2.172562683280585993e+00 -7.460908959896361381e+00
-1.055783688622124572e+01 -4.203872145660991322e+00 -3.924029714145499614e+00 4.724504410692758505e+00 9.782330596811524615e+00 5.565047230121938249e+00 5.223199728911105844e+00 -9.659083948676569165e+00 -1.047896421852411208e+01 -1.353108772486994793e+00 -1.901857349993069324e+00 -2.320630530649060663e+00 -9.128962196291800169e+00 -2.730735652972375860e+00 -5.467914521993236243e-02 9.214718349626851435e+00 -1.486829964071052856e+01 -1.276311124579367018e+01 -1.749120469116192922e+01 9.492165475597474256e+00 4.821486122703526611e+00 1.438029083544821063e+00 3.890458257396239627e+00 5.458002709863370328e+00 -1.152684978254093551e+01 -3.823958574650801356e+00 1.169479858509337866e+01 3.278426415557093243e+00 -4.254379088767537564e-02 -3.894644485187705563e+00 4.250351008036360234e+00 -1.717500157606326461e+00 -5.627880635446279811e+00 1.610844700788092254e+01 -2.216277984394131817e+00 1.419583146604903767e+01 -4.726498972939468857e+00 -2.597960175650796177e+00 1.711217777243528104e+01 -1.054296327414835943e+01 -7.862453792796918250e+00 1.257293480749340731e+01 -5.327570026340994858e+00 6.520002961373980277e+00 2.361201711807525694e+00 -1.118283267845397511e+01 4.718941215129161648e+00 -3.784645336934378435e+00 5.873788386565775177e+00 5.557413601425018612e-01 -1.181333939528798638e+01 -2.075973759267679952e+01 4.488422065881502832e+00 -2.316872077704522859e+00 6.977758802588692078e+00 -8.763291738739425796e+00 -2.397260661212146537e+00 -5.701029722441226966e+00 -1.037074070997104158e+01 1.482303779294917234e+01 -6.999915882790876509e+00 3.105056356710879317e+00 4.106819669886673907e+00 -5.616501787651683841e+00 1.253848536506991884e+01 -1.446487138345041279e+00 1.925576182773481548e+01 -1.899201822540101281e+00 -6.249806868516748715e+00 5.586279363393527042e+00 -5.848199926075910327e+00 1.484846244719801867e+01 9.761590778369180654e+00 -1.223550660452164607e+01 -1.332954444948298844e+00 6.280398770483629711e+00 1.124784847764345841e+01 4.375585478739950851e+00 3.245624692865840544e+00 -1.036536913633645085e+01 -5.682148294528138521e+00 -6.615855889294440573e+00 1.107971331652468727e+01 -3.222075549941938899e+00 -9.426829733527492650e+00 -6.765888213773902926e-01 1.525314493816362571e+01 -1.768324178994594575e+01 1.142111948905050589e+01 -8.313837966223250220e+00 9.018108510819752288e-01 3.937048304439001445e-01 -3.638486915843886838e+00 7.174837670753523300e-01 -1.769974392776031635e+01 -1.010856632100177244e+01 -1.026276784235446726e+01 6.362447056508882426e+00 5.510186114431613547e+00 -1.065790416328399637e+01
-9.014043259721987722e-01 -3.009238277311653276e-01 -8.211732980477659538e-01 7.514244797550861943e-01 1.668877786119284945e-01 -8.339034037167299129e-02 -2.319851733749009048e-01 1.159072034022220615e-01 2.206218354724072683e-01 -5.476773785445415710e-01 3.367102211561283642e-01 -2.627209110467143005e-01 2.020645022507578381e-01 -1.301314349933066494e-01 1.920706384990148452e-01 8.652796361229614375e-01 -4.598840849406776177e-01 -2.613677303022471365e-02 7.690517892664291977e-02 4.119761480831838352e-01 -7.149890382335678807e-02 -1.726962940481654718e-01 2.222615113671905229e-01 2.736624861085374394e-01 2.233973233073578701e-01 -5.247425793577495390e-02 1.831661580711189397e-01 6.630658194934042626e-01 -4.162772050517941635e-01 -5.831611776672367131e-02 1.704854201548345327e-01 -1.576138136710064364e-01 6.917861205707376455e-04 1.114488060235147016e+00 -7.853126806637922286e-02 7.985386213268150790e-01 -1.108763562643349632e+00 -2.580782991132502535e-01 1.295371563392850103e-02 3.879318389156888869e-01 -2.585380494355624670e-01 -8.522545863147513723e-01 4.502920575674401737e-01 -1.540005871193002029e-01 -1.781423669775926422e-01 -7.469757022992291606e-01 1.534723709523068136e+00 -6.089153973296250744e-01 6.563978030402546349e-01 -7.832383136586089645e-01 -6.817910251028641566e-01 -1.843416529741673360e+00 -1.061512686068381145e-01 2.111304970208342791e-01 1.398780202525285565e+00 -4.947030558082073370e-01 -3.504318767480940622e-01 -3.475829125913550977e-01 -1.079061765766758274e+00 1.155041584111489827e+00 -5.656524016251746056e-01 4.705515640442456404e-01 8.729694813545697540e-01 7.079651980706368197e-02 -3.973932328371429512e-01 5.908966387437060153e-01 9.228149623219189523e-01 6.938196225567092590e-01 2.164489491795542342e-01 4.847450351852397588e-03 -1.458107522036880210e+00 7.663446912012649159e-01 6.319527859380142942e-01 -3.071189765819568596e-01 -9.042843328848988727e-02 9.470207887413295555e-01 1.833004766061256674e-01 1.044424690577156478e-01 3.148962643694592778e-01 -3.515805812650980022e-01 -4.803449575108434400e-01 -2.688496188299246969e-01 1.707344434366265151e+00 8.195348613935206084e-01 -1.024523283660519896e-01 5.681776502885413915e-01 7.390400468370051934e-01 -9.527271675427368969e-01 1.210252071237932547e+00 8.637631427814097818e-02 2.997427882539069888e-01 5.582681027874543123e-01 3.415499681967453238e-01 -9.649459372088131648e-01 -5.473801044099240176e-01 3.146446862506677156e-01 -6.383023109671701611e-01 7.449259098604681384e-01 -2.518585483096947852e-01 -8.534633264988877865e-01
-9.855144790500542484e+00 -3.657643306103711467e+00 -3.894754929624374640e+00 4.630469717399334328e+00 8.755883308257056186e+00 5.099317363807776893e+00 4.935355333042680037e+00 -7.698221617057351196e+00 -9.076583064394638356e+00 -1.484705744127109650e+00 -2.407525827762244663e+00 -2.113863361726930901e+00 -7.148795957969729109e+00 -3.157309057113559803e+00 3.167796530266989152e-02 8.281257866150808056e+00 -1.327022443744231239e+01 -1.100332427214007325e+01 -1.567964524379291724e+01 8.343387029592209458e+00 4.544073615386737153e+00 6.205525417341208883e-01 3.945880448595869172e+00 5.243792683515922981e+00 -9.463178249530988850e+00 -3.271069073321791532e+00 1.044266216516403212e+01 3.659004505043733868e+00 -2.366782736136006648e-01 -2.611203931405228662e+00 3.911972296159026641e+00 -1.140493135350243659e+00 -4.752249968087463472e+00 1.392207883907664367e+01 -1.438475100937727014e+00 1.331639388824319248e+01 -4.481431583089023896e+00 -2.034680137166277714e+00 1.486489369738732336e+01 -8.943103285202001373e+00 -7.835026417684685995e+00 1.078873159076315424e+01 -4.849939499532180065e+00 5.314615475644734133e+00 1.942741592285833985e+00 -9.798983885218744305e+00 4.917709666585077244e+00 -3.326788972635847497e+00 4.636612238296247135e+00 6.749617706830491892e-01 -1.072313645447176533e+01 -1.932036761184560802e+01 3.898677398850047382e+00 -1.541054358508221256e+00 5.955754294647056746e+00 -7.590591125016571183e+00 -1.833429151232547349e+00 -5.522308834806467281e+00 -8.892201351712275326e+00 1.340384363448466409e+01 -6.461924088306936653e+00 2.259605152989973220e+00 4.159831076255947835e+00 -4.495360973512688041e+00 1.065306581247698681e+01 -1.181120778587825715e+00 1.735741967842879063e+01 -7.404985321180994617e-01 -5.490802527144213130e+00 4.774461698835306578e+00 -5.392586519845981918e+00 1.326676024491765027e+01 8.811678016639108435e+00 -1.126265601355731505e+01 -1.366906531041146566e+00 5.917622978203985085e+00 9.724525731109702420e+00 3.608320875327907018e+00 2.523323598121009148e+00 -8.343069684656411411e+00 -5.274365137626639388e+00 -5.736329068458335456e+00 1.014686691793882645e+01 -2.190464269986590384e+00 -7.901080677590817558e+00 -5.280803426085715069e-01 1.359610810463151509e+01 -1.579903932129914423e+01 1.078988808928463072e+01 -7.174914935746961930e+00 1.275327463946749340e+00 2.684904209074446824e-01 -3.317074649909280470e+00 4.292611218917781746e-01 -1.529616422503398354e+01 -9.359738075122997714e+00 -9.068520249490694241e+00 5.275607983782564681e+00 4.253659373179717207e+00 -9.645490077461449374e+00
-4.246975154158496579e+00 -1.419173164013374011e+00 -1.751683306359081316e+00 2.285933506353286404e+00 3.117637794104127114e+00 8.366576229109756735e-01 1.877791232009639266e+00 -9.328503997442399998e-01 -1.987154813800396047e+00 -1.649734715208801106e+00 -1.622385149524746994e+00 -3.063795485329936508e-01 -5.999873804523471188e-01 -2.049295224936268145e+00 3.327089967929227066e-01 3.042803644561414167e+00 -4.886640540343998751e+00 -2.551835131442767857e+00 -4.841499532386235316e+00 2.654200471556962260e+00 1.926185909067595459e+00 -8.217294876291109107e-01 2.147388768212136867e+00 2.463877616079632293e+00 -1.558656599265172416e+00 -5.293421256125140362e-01 3.933139537021798748e+00 2.924947175113071562e+00 -7.199298127747467690e-01 7.334895769060995052e-01 1.796248186732185115e+00 -7.221169774498684135e-02 -9.380307761684432144e-01 4.371842031502590764e+00 2.603808057485674232e-01 5.801367559182040168e+00 -2.245217801957624104e+00 -2.113362553404458388e-01 3.613486705387746856e+00 -2.195928660089850659e+00 -3.431883330213607142e+00 2.232587700796833552e+00 -5.528544536168029655e-01 3.511907017897246686e-01 2.480974510602949601e-01 -3.498772281007971774e+00 3.326393497035033509e+00 -1.605807054390036015e+00 1.165324213802691800e+00 -4.030320207859519055e-01 -4.730232638006168777e+00 -8.629016745438219615e+00 1.154525629353325478e+00 -2.346457794486176557e-02 2.353358681640012051e+00 -2.678949996913213116e+00 -1.013205741501795432e+00 -2.316802468642268131e+00 -2.768562295572894794e+00 4.969420694185686216e+00 -2.698804950808455505e+00 4.536647524961840566e-02 2.498873270536470237e+00 -7.333354608538618369e-02 1.930195240619125174e+00 5.269816225066434878e-01 6.123284924030905074e+00 2.069975971373930079e+00 -1.683975990555823143e+00 1.192773949384426935e+00 -3.227684739541432979e+00 4.684480125583883492e+00 3.413791114302484608e+00 -4.434977383556729436e+00 -8.888499756584500311e-01 2.707787872795339723e+00 2.329600150627058497e+00 3.646007542729641782e-01 2.161562707967865926e-01 -1.428352549559303686e+00 -1.889775144391351303e+00 -1.721243057879625393e+00 4.081051573461174087e+00 1.283620145093789855e+00 -1.307894479375920627e+00 1.059212409453558656e+00 4.747408848728609243e+00 -5.773501469258317975e+00 4.501592304308559278e+00 -1.501727911092147538e+00 1.008173807614598738e+00 8.941009196398201631e-02 -8.001769956148392371e-01 -5.700303993955906368e-01 -3.690543798934036168e+00 -2.993624676448273458e+00 -2.758824181216433580e+00 1.201480935158085073e+00 -2.196626171057818044e-02 -3.505763878967926850e+00
-3.731547535895375911e-01 -3.923582245898842857e-01 -9.735539967022558416e-01 4.305175883596806807e-01 -5.530331585108281267e-01 -6.307808062866638865e-01 -4.982052592004456160e-01 1.471416241688983939e-01 -2.029840313941074226e-01 -7.660417968710360181e-01 1.200490407088475209e+00 -5.994330051037797258e-01 -1.319432157374865466e-01 6.989804066922710168e-01 6.931588430952417661e-03 9.820631015908697359e-01 1.165637009481993239e-02 1.900788078489879518e-01 9.132871535555933118e-01 3.233374145591761534e-02 -9.341092501663105230e-01 -3.889608633920517422e-02 1.116710155546073308e-01 -1.004790584989170954e+00 3.626443443065390237e-01 8.544167163589180825e-02 -2.406775359235210354e-01 7.021556461979459041e-01 -7.867622460461022316e-01 -3.554344421754168093e-01 -9.182832369845010945e-01 -1.315582794435895264e-01 4.989147791079061034e-01 9.769464474779490093e-01 -8.173801067255706543e-02 -8.534972688917494277e-02 -1.396098314165823639e+00 -3.161815170674285858e-01 -5.647661067553971792e-01 8.571850375498041297e-01 4.595033285519399269e-01 -1.751200077849210279e+00 5.471523571618668313e-01 -4.982117016816524080e-01 -2.935623041587264725e-01 -2.543249474072140637e-01 1.262122985312572832e+00 -9.513923047663415122e-01 1.333664400823132867e+00 -1.010150885979762769e+00 -2.061997956741949134e-01 -7.679180985970515128e-01 -6.417391064385937760e-01 9.770277662412171216e-01 1.913505075833368263e+00 -4.974448170908268296e-01 -4.435813146005422869e-01 -5.274538920286541144e-01 -1.133857824296990113e+00 3.669855093647338418e-01 -5.422988435827249543e-01 8.791503344855758906e-01 4.190397924099716898e-01 1.740913896438184283e-01 -1.578543480003480992e+00 5.636178756307678173e-01 1.463927266378087233e-01 3.086743009635580792e-01 6.005606476701024210e-01 -7.572742820137342568e-01 -1.489587422048495702e+00 -2.160341891996807873e-01 -1.468899758202374395e-01 1.416957046948282561e-01 -3.358831226549069959e-01 4.895587904421427328e-01 -7.548010494296628625e-01 4.733098739397227361e-01 9.771335182211531301e-01 -2.158861441867295505e-01 1.911852217367548123e-01 -5.098781125884151860e-02 1.660788438265531353e+00 8.255986138264522767e-01 -3.010841482339024489e-01 7.075000734388403600e-01 1.929561348757198591e-01 -1.810069497943286310e-01 1.281730146512808366e+00 4.871080592593913239e-01 3.999539641878031571e-01 7.708321741349366540e-01 2.634864297347256357e-01 -1.661326366891128226e+00 -1.910374884087248926e-01 1.209572651681777078e+00 -6.911259002214317215e-01 9.970144433690136809e-01 -5.480819699634970066e-01 -8.081862874424248222e-01
-1.232982665144019840e+01 -6.443048730819123548e+00 -1.428404292861479741e+00 2.866820370133494666e+00 1.413345876534513579e+01 5.282519172329966040e+00 5.977092664642605691e+00 -1.832444792765997477e+01 -1.453071327063021023e+01 -6.783978945691737650e-01 2.712088829308945126e+00 -1.917064545091103689e+00 -1.801095993835185638e+01 -5.946232278714606023e-01 -1.151653390891786310e+00 1.343434990579882182e+01 -2.101473814394905304e+01 -1.899377747555807261e+01 -2.232272589162176146e+01 1.338991263099008222e+01 6.486559048659287896e+00 5.625962511441659153e+00 3.254147070777206885e+00 5.818367494650434679e+00 -1.975536126262107572e+01 -5.383673516738896048e+00 1.752490907673078269e+01 1.431136852341152510e+00 7.486753248407294059e-01 -9.799760057490900067e+00 5.722406040559406826e+00 -4.915840350694638872e+00 -8.503242773078204308e+00 2.550893544396291190e+01 -5.967683231596697446e+00 1.684337537135517948e+01 -4.442137896860259616e+00 -4.693205731905742972e+00 2.455624164835446877e+01 -1.754298834897400639e+01 -6.109148739173228648e+00 1.925044548315264592e+01 -5.644400561216834866e+00 1.111253705524198665e+01 4.006091943932505117e+00 -1.624854013076781811e+01 2.049057063909884402e+00 -6.684209068160523515e+00 1.279419764425327521e+01 -1.238000923154344957e+00 -1.664916745183118962e+01 -2.459737507698459069e+01 5.995278434137093271e+00 -7.450433698524556725e+00 1.108451115466654358e+01 -1.502864181934136489e+01 -6.676128622180074856e+00 -5.500440579107703343e+00 -1.539967280632411395e+01 1.815741250152803943e+01 -7.591023708569158757e+00 5.980275459936750693e+00 2.132169413007161118e+00 -9.886787976883280038e+00 1.880613028462572700e+01 -8.076549668529527937e-01 2.497374141013805371e+01 -6.285962021686684942e+00 -9.006178306500686404e+00 9.947996556775851928e+00 -9.328869567941328711e+00 1.950427518726257503e+01 1.384828969553421274e+01 -1.454986794765105884e+01 -1.661302305380176314e+00 7.135864735381201029e+00 1.645222471017968147e+01 7.319709564213061626e+00 7.160115290851363667e+00 -1.976907035605558960e+01 -6.489545802239589989e+00 -9.325336437211523943e+00 1.196629635782482914e+01 -7.573849223900625205e+00 -1.640978931564011845e+01 1.931431433315853985e+00 2.165020383937126169e+01 -2.455105177780847470e+01 1.119220287304957928e+01 -1.154308383461644105e+01 -2.567512851772381088e-01 1.447448290987548125e+00 -4.619467240994294066e+00 2.052170616691627369e+00 -2.603006308330921215e+01 -1.046640599338635802e+01 -1.444640083089914917e+01 1.029775190621334424e+01 1.114537200904776881e+01 -1.383413789889367251e+01
-2.794470396065839579e-01 8.716948204842281389e-02 -5.769349346910060961e-01 4.950500075679442058e-01 -3.025702906308058715e-01 1.556259120919333550e-01 -5.917930293839059885e-01 2.039744374371508517e-01 6.459579425430884703e-01 1.345655607412979578e-02 5.963300756907496947e-01 -2.796668564376995070e-01 2.999902055632278075e-01 -3.574392120936796535e-02 1.509194791173677774e-01 3.467622045588508728e-01 6.097482218906135065e-01 2.761159618466399457e-01 9.228952329237012364e-01 1.281789339926992476e-02 -3.116451676755413458e-01 -5.574616863183116944e-02 -2.422976458818971168e-01 1.113071538774216274e-01 5.514493919897522911e-01 -1.202403075356527351e-01 -7.375204783343345394e-01 -2.322778597383622079e-02 -1.769713527285221299e-01 -4.536192627188088133e-01 7.902794163623799717e-02 -1.241101308569337730e-01 6.910834816790606405e-02 4.887649100653377321e-01 -1.168211793032553486e-01 -2.723043591119486684e-01 -7.155701617755418908e-01 -2.424291799275741233e-01 -4.097730463641485743e-01 7.921324885530873772e-01 1.995556408291576656e-01 -1.154686898367036196e+00 2.749811897319912601e-01 3.956217878927330983e-02 -2.021187861424539878e-01 -2.261399713534340272e-01 1.048393923966125296e+00 -1.793904997571935112e-01 3.066981722252501985e-01 -6.008053864415461298e-01 3.415676308176003872e-01 -3.771120528764771995e-01 -3.183375468440172162e-01 9.095067024580122395e-02 9.333694323227901268e-01 4.756374541632888558e-02 -9.625784354201902260e-03 7.373933360990438113e-02 -6.594598282702941461e-01 5.072718645219158606e-01 8.446126297035085051e-02 4.587263635770759129e-01 5.725381113907058728e-01 -2.540893613025662079e-01 -3.681763882991256898e-01 5.001025793615498927e-01 -6.629030366972768484e-02 2.800468732678181860e-01 6.461861876528731674e-01 5.615977182761915099e-02 -9.111535371409408279e-01 3.444921936676183238e-02 2.505036677305056414e-01 6.987192818051496390e-01 1.148872951821239968e-01 7.316548511176602654e-01 1.808393894047293504e-01 1.762000782979056823e-01 2.867568162535201193e-01 -3.139450212551801456e-01 -5.265139832032045275e-01 -5.003100700730789968e-02 1.063112800183166895e+00 3.400543700541690528e-01 -3.465460517464855061e-02 2.097873019466761080e-01 -5.009391244100851182e-02 1.573737713567919042e-02 4.590675333256959978e-01 2.533573002714105127e-01 1.731366849269730113e-01 6.159813878655397978e-01 5.760489490953448755e-01 -8.649269296089070469e-01 -2.299558661852365571e-01 8.060768692895456944e-01 -2.967855879579085476e-01 6.819538194476660875e-01 -2.617008815020957155e-02 -2.813070323014594809e-01
-7.148708834437086601e+00 -2.319275330823394654e+00 -2.884151772394628388e+00 3.614327151115670489e+00 5.784944412234021449e+00 2.842224570463558031e+00 3.632143149007533989e+00 -3.178677817670270578e+00 -4.949712887514426285e+00 -1.769127821180174420e+00 -2.623224429119508372e+00 -1.050546046160568903e+00 -2.667962441261498618e+00 -3.332244515401564744e+00 2.246847401588846493e-01 5.428459916268661978e+00 -8.668718700654682863e+00 -6.023259481741329857e+00 -9.833300197364193806e+00 5.059633061331283876e+00 3.445287266036916485e+00 -7.909545672749550560e-01 3.418135062423179882e+00 4.120138154343857551e+00 -4.350868670891480328e+00 -1.613404904830851416e+00 6.961705857849825207e+00 3.948094366160973756e+00 -6.728011083675008441e-01 1.408259035500012898e-03 2.921758834871162502e+00 -1.905313991266076867e-01 -2.359844428745095257e+00 8.244840649057895376e+00 5.160925541116024445e-02 9.800060050021075497e+00 -3.313519665136354764e+00 -6.880762880161428452e-01 8.342190603900910162e+00 -4.964612342614446838e+00 -6.193524532147566042e+00 5.868072793262345321e+00 -2.645130273361100848e+00 2.109678446191520340e+00 8.937618559924552786e-01 -6.171747730962257705e+00 4.494389901242580976e+00 -2.326802786134478662e+00 2.152538822874813906e+00 3.279438435877010116e-01 -7.643748751313714784e+00 -1.411601733423529481e+01 2.267263162385703357e+00 -3.149233387269160245e-01 3.545268545500572355e+00 -4.752592440417415354e+00 -1.179629925791872092e+00 -4.174721101906290421e+00 -5.056495750791649257e+00 8.831620167525013443e+00 -4.478885480511300088e+00 4.328817463085423700e-01 3.609444922585688609e+00 -1.645246274697877320e+00 5.417231911633292540e+00 -1.089122522256480707e-01 1.128831762507564207e+01 1.711116464601124099e+00 -3.340361890374186071e+00 2.716708045291823748e+00 -4.340432236396695842e+00 8.493958934172649577e+00 6.005581597696415308e+00 -7.801118798770845686e+00 -1.360044146580433155e+00 4.419692999277836876e+00 5.407612827082694196e+00 1.569851521233118774e+00 8.997233961771506916e-01 -3.739072408643449918e+00 -3.621505498598367900e+00 -3.370481183862233721e+00 6.741670909620812502e+00 2.427695280101726250e-01 -3.879266635387644158e+00 5.069291746381880959e-01 8.737180963604473050e+00 -1.028677448794853788e+01 7.740642959770313247e+00 -3.795335782366075605e+00 1.567052514299355659e+00 2.552350984994306363e-02 -2.055312770917169019e+00 -2.130205618315740290e-01 -8.438531242518463316e+00 -6.180918250256399737e+00 -5.499769342690970397e+00 2.558213789396089233e+00 1.358079184668672168e+00 -6.329004393339364931e+00
-2.377235316888594574e-01 3.517810523880236517e-01 -3.431216166798485290e-01 5.209159421187326000e-01 -1.379898021105087080e-01 6.118945247153118050e-01 -6.160523161950504090e-01 2.360748729587937578e-01 1.108341530879345394e+00 4.564129430313658142e-01 2.228394890719608556e-01 -9.368912909311095938e-02 5.263859945161801779e-01 -4.743912950365051229e-01 2.315469506715168158e-01 -1.768830661986774133e-02 9.318749619213719804e-01 3.112488634265900833e-01 9.048416897431800221e-01 1.076360633792666256e-02 5.114794133036217744e-02 -7.245465924050284445e-02 -4.389100829487096456e-01 7.503974231886633151e-01 6.619472820841787453e-01 -2.396913155932555717e-01 -1.004376995116152305e+00 -4.199571793219368798e-01 1.647927831311492564e-01 -5.026743583601546161e-01 6.618859550059194019e-01 -1.035559032557666348e-01 -1.698429538299099373e-01 2.174029808452941359e-01 -1.245001557026255562e-01 -3.688658895821354533e-01 -3.257748022838246049e-01 -1.776338397671810843e-01 -3.010016248345641077e-01 7.354952507410401630e-01 2.947206633870446887e-02 -7.759541129156678485e-01 9.836179301958593302e-02 3.411086268475151950e-01 -1.332704111743648057e-01 -2.242314949622559728e-01 9.077839069880115908e-01 2.725227176820317898e-01 -2.917416686324286190e-01 -3.509646277583799989e-01 6.346087983358612572e-01 -1.642442316440879124e-01 -1.456541917567454325e-01 -4.056522201455862175e-01 3.607346766285159934e-01 3.579745040045210769e-01 2.341631865150688996e-01 4.145619552172875033e-01 -3.672820960459763917e-01 5.913468253556246612e-01 4.505068540884885064e-01 2.070862334762040569e-01 6.609040837979835992e-01 -5.086507513183051721e-01 3.408459900484629990e-01 4.620029884407014786e-01 -1.615399022879597801e-01 2.749274514395697033e-01 6.616566236130320133e-01 5.217196487698066987e-01 -5.841112333341847984e-01 1.764761636985638926e-01 4.969583417427678174e-01 9.977328472142660276e-01 3.556115409455289922e-01 8.631194426705928180e-01 7.191461674545247540e-01 3.473094614763322634e-03 -1.093290825323342264e-01 -3.540691032972893004e-01 -9.389847026269010355e-01 -6.995330920460299251e-02 6.948918554291318994e-01 5.074785975594271054e-02 1.101828848952540740e-01 -7.560210165817980721e-02 -1.794548604138687942e-01 1.112379389351720038e-01 -1.189592300046373764e-02 1.229603463721203882e-01 4.778690031790351622e-02 5.068644734503044980e-01 7.426214578549756862e-01 -3.837598108270990349e-01 -2.657437508171308638e-01 5.541302681383316608e-01 -9.385332341480492890e-02 4.878643773608588585e-01 2.682294506396203371e-01 1.504138301739012078e-02
-1.318045366949131747e+01 -7.697350815129978763e+00 5.650680135102767565e+00 -3.422156439204982359e+00 1.919744438137134779e+01 3.467262347296832026e+00 5.688566715378020611e+00 -2.633369259584054944e+01 -1.415644682600711590e+01 5.628767721814909031e-01 9.960057835470903953e+00 -1.686407116855758836e+00 -2.765439049325814480e+01 -2.372445135163889773e-01 -3.982448374224250021e+00 2.106986683292564067e+01 -2.773556148587282877e+01 -2.500378365883237208e+01 -2.135758029149421588e+01 1.634310241880811532e+01 1.018576239174876896e+01 1.065045266791381096e+01 4.473014224075767764e+00 5.633691311518378875e+00 -2.718198841209205341e+01 -6.108563762375495365e+00 2.450418964840487490e+01 1.129519199181737044e+00 2.198925278810533790e+00 -1.444496264160995480e+01 7.771670556602528812e+00 -8.912337074275692217e+00 -1.013416270131470043e+01 3.553084071288998302e+01 -1.105487109645184240e+01 2.121279673363578056e+01 -2.717208135566177685e+00 -4.970447568218595791e+00 2.977006935043017677e+01 -2.387652115211241721e+01 -4.612210923624494363e+00 2.322356416629249765e+01 -4.398857952762726953e+00 1.702776321347842625e+01 5.192756553946595410e+00 -1.828454360024791825e+01 -2.672965725000628012e+00 -1.158956536408848592e+01 2.306580828274965356e+01 -4.227675131112910378e+00 -2.256371485257364640e+01 -2.511125722638797697e+01 5.645721420615347874e+00 -1.584251406667200790e+01 1.466490153619754899e+01 -2.354166955364249958e+01 -1.176723483593097441e+01 -4.604258405887723171e+00 -1.654491636244588548e+01 1.591991089738736775e+01 -5.434420352526969644e+00 5.445167204863111010e+00 -3.628634073039915364e+00 -1.266093596903481888e+01 2.249925452054478825e+01 2.494051700709711383e+00 2.866027312928274284e+01 -7.649475895379501011e+00 -1.141391330063920506e+01 1.700003296156389965e+01 -1.691846001136686084e+01 2.020779538656541519e+01 1.789911710455870875e+01 -1.429051696377559999e+01 -1.859835652867660727e+00 6.912595116447058707e+00 1.950729570281946579e+01 8.300761116446970789e+00 1.433890054698602512e+01 -3.035834179046388215e+01 -6.360023639997019806e+00 -8.556352231508849826e+00 7.597389706528447029e+00 -1.221391693306559567e+01 -2.527911525719985164e+01 1.087040325800268725e+01 2.693765517063577519e+01 -3.033093531171303070e+01 7.214095366137232013e+00 -1.233317216457073151e+01 2.744069479183211424e+00 4.553366319106815219e+00 -6.092985326693725945e+00 3.675580754814374185e+00 -3.204888613416158449e+01 -7.513736755092680575e+00 -1.803435380356723172e+01 1.269113786524449949e+01 1.700960465815571609e+01 -1.521861220525875602e+01
-6.606216844700600888e+00 -2.128734424099675504e+00 -2.649806458653208630e+00 3.372558265482213269e+00 5.269721085570534314e+00 2.409498927375953059e+00 3.326964486409003996e+00 -2.616970344394611292e+00 -4.302896234936638642e+00 -1.784167383276774821e+00 -2.504884450070512969e+00 -8.647191759489359919e-01 -2.132713333684874701e+00 -3.174486958236662382e+00 2.558089220919341211e-01 4.936819519910932819e+00 -7.911686007002432852e+00 -5.261195936518886285e+00 -8.822287817385999986e+00 4.547912111534469837e+00 3.187427628819372583e+00 -8.749657899521141591e-01 3.219427168842853959e+00 3.842775402248073124e+00 -3.677147333712180721e+00 -1.362569771616425784e+00 6.373399644439647460e+00 3.839680339132599318e+00 -7.079567762729289671e-01 2.561919260708956370e-01 2.732329809664281850e+00 -1.286044547203503696e-01 -2.024111198787107657e+00 7.402536164130788521e+00 1.661435455896288493e-01 9.067682057043491284e+00 -3.092676525013896338e+00 -5.364977927147874803e-01 7.318722476509062602e+00 -4.379791680734181902e+00 -5.713889606500669238e+00 5.099753710532236362e+00 -2.207994274215161479e+00 1.671683794813509483e+00 7.473475750244019666e-01 -5.620228258848568359e+00 4.306799923321642076e+00 -2.182201401919432904e+00 1.883065943868162950e+00 1.959939160077613096e-01 -7.104307632682942852e+00 -1.309586412074333417e+01 2.030986728720997281e+00 -2.253592245565652630e-01 3.247281559215467794e+00 -4.325378175907236056e+00 -1.147550856698552835e+00 -3.837582655761548001e+00 -4.524933102269296903e+00 8.047612969875624245e+00 -4.122327808465875876e+00 2.665356438635361203e-01 3.430156308661759912e+00 -1.256399360892318073e+00 4.639026949851648318e+00 5.364854423902584712e-02 1.024325054152828507e+01 1.922186195841098177e+00 -3.000166371376152163e+00 2.398136414785377646e+00 -4.149751663008239611e+00 7.711235434458952653e+00 5.507235550469688157e+00 -7.154115984678909079e+00 -1.305335066868928529e+00 4.102277969051941753e+00 4.739547811233202346e+00 1.277129257392230155e+00 7.058647565781183131e-01 -3.166474394129615177e+00 -3.287338923207011820e+00 -3.017723650436522131e+00 6.163750463909982713e+00 5.365157387603824990e-01 -3.283776551431726087e+00 6.705979729015446589e-01 7.925127977166354754e+00 -9.375035434683058000e+00 7.110989831757357216e+00 -3.279335446605756044e+00 1.496295992130151520e+00 1.011574775573533327e-02 -1.805997481530209781e+00 -2.907468075281727238e-01 -7.384045099297003922e+00 -5.559638923785619191e+00 -4.916391309000490928e+00 2.209898328001312251e+00 1.000253653655981401e+00 -5.749756250888377274e+00
-8.164322375055858672e+00 -2.727748069566291012e+00 -3.325063022919177325e+00 4.048752941204641687e+00 6.796176101304488348e+00 3.696085961030404654e+00 4.164865252730502121e+00 -4.479231041448130668e+00 -6.302996602525261061e+00 -1.701593466553740219e+00 -2.734088307063432755e+00 -1.440756321421898134e+00 -3.933258845447939134e+00 -3.481246009177838552e+00 1.600235694453986945e-01 6.410530584071675975e+00 -1.019920222406479304e+01 -7.631861935356110571e+00 -1.185240424787219382e+01 6.128097354307040057e+00 3.891187398253293850e+00 -4.898789806454781348e-01 3.720964501904258981e+00 4.594800577181080925e+00 -5.874976687291606936e+00 -2.151966390933157669e+00 8.128365189908153710e+00 4.019028217394481572e+00 -5.633539217958454248e-01 -6.704861244079890481e-01 3.269937294571377606e+00 -3.923865372205962987e-01 -3.103380380258186300e+00 1.003144571891941617e+01 -2.983389276926889377e-01 1.114846534056563954e+01 -3.749535317506825560e+00 -1.067853044683447328e+00 1.047821572244336608e+01 -6.199299640696926517e+00 -6.995273577774767659e+00 7.462925004846169941e+00 -3.488481432159658446e+00 3.093815617255049943e+00 1.213508331376150995e+00 -7.320276309300393081e+00 4.781562478902301905e+00 -2.628334765649722016e+00 2.813341188826806505e+00 5.410724190369405884e-01 -8.689327806716411473e+00 -1.603504571718233507e+01 2.776641277249850326e+00 -5.791248422580932420e-01 4.239710099355312067e+00 -5.639503553263549129e+00 -1.284351633242985180e+00 -4.764029161284483394e+00 -6.230059960513473882e+00 1.040294280758982026e+01 -5.184855924042339304e+00 9.001925579471158345e-01 3.898354793272429841e+00 -2.512325872416166117e+00 7.082595871293641210e+00 -4.710545209810573231e-01 1.337808479435265951e+01 1.093423587669837715e+00 -4.042452359077561397e+00 3.374546521134315746e+00 -4.692374800792930678e+00 1.009022432510032274e+01 6.974288401596060893e+00 -9.049949711910979744e+00 -1.411742661959244582e+00 5.000839329661404875e+00 6.807966146660900719e+00 2.209457208748142776e+00 1.361282886191163444e+00 -5.060769317966007819e+00 -4.248988551868126962e+00 -4.117132019036785273e+00 7.928551088393928303e+00 -4.548464063353329645e-01 -5.155123362855103863e+00 1.375566211501911273e-01 1.037285560068848689e+01 -1.212971597000034585e+01 8.925506379351464403e+00 -4.894512832246637579e+00 1.613469621365378748e+00 8.405332093778462854e-02 -2.530297112920105729e+00 -3.268415200029350237e-02 -1.066383131861381983e+01 -7.371319994643328322e+00 -6.694700424100452629e+00 3.362005508826487965e+00 2.191444611637525686e+00 -7.484741915400371148e+00
-2.824272558002656752e-01 2.598729707720352083e-02 -6.171942161387038439e-01 4.768537879841794336e-01 -3.353128547577801100e-01 6.671977097098685805e-02 -5.908154209899595388e-01 1.973318398126473472e-01 5.666723912568897292e-01 -8.845880645838541390e-02 6.627383991988954337e-01 -3.112110226693979298e-01 2.549626143607167661e-01 5.271547970915184400e-02 1.338112921148530421e-01 4.274097631898648997e-01 5.329954698300255478e-01 2.701286703894894003e-01 9.163892784585383477e-01 1.147670475148001960e-02 -3.787493156881686640e-01 -4.885960691016952989e-02 -2.104739772633850703e-01 -2.245800446170242298e-03 5.281261847522314978e-01 -8.288435772046490180e-02 -6.677213588742505479e-01 6.093406122425896326e-02 -2.481827453456911525e-01 -4.276026359799424692e-01 -3.361285322164968975e-02 -1.265446780476016941e-01 1.092465369120388941e-01 5.420868727771925855e-01 -1.288656760789731459e-01 -2.341913429280517156e-01 -7.884985588326709482e-01 -2.554145393629156935e-01 -4.336317843469418842e-01 8.049058357093287208e-01 2.250215327499874574e-01 -1.217650440436743420e+00 3.170072257489957579e-01 -3.039666922155229850e-02 -2.091094362987414301e-01 -2.326213859327806166e-01 1.077652884548886858e+00 -2.635937046401649053e-01 4.209162733276875512e-01 -6.527707096905152051e-01 2.717556800287530550e-01 -4.329152581046358250e-01 -3.540134876840130285e-01 1.814369234279736010e-01 1.048687011538785407e+00 -1.131772862374898388e-02 -7.791517878433790179e-02 1.507267352627544681e-02 -7.160191463339801166e-01 4.875004711002094981e-01 8.281759331483990513e-04 5.154695245019255134e-01 5.668086805332347433e-01 -1.994721521808833775e-01 -5.030026451898104156e-01 5.163419003438152188e-01 -3.476423053108063099e-02 2.816280019385438149e-01 6.295740391239595946e-01 -4.300934514183567953e-02 -9.784633337344577075e-01 2.228132128999276221e-02 2.062801081634973166e-01 6.317903563586142468e-01 7.576773249536049304e-02 6.975774343693695867e-01 7.043219910055442678e-02 1.930493435519251566e-01 3.530831478601057505e-01 -2.944690132737221577e-01 -4.392031638262074433e-01 -5.130845068397743569e-02 1.147849165216987322e+00 4.137563724156277378e-01 -6.159798970889526770e-02 2.616852853673898305e-01 -1.252336618052396836e-02 -1.556351711104169214e-02 5.499112913055458352e-01 2.817877139601581149e-01 1.880791841542421572e-01 6.402022181676961798e-01 5.439414120840208033e-01 -9.435614996513496111e-01 -2.237713410446826034e-01 8.439845706059595498e-01 -3.347876435967027664e-01 7.111221665634472888e-01 -8.352329486442985895e-02 -3.382386577235134695e-01
-1.327568084007321936e+01 -7.751854253658360783e+00 7.168182246624784426e+00 -4.806544993202302329e+00 2.009103416530139441e+01 3.251087847006930431e+00 5.446049688635287822e+00 -2.745014986804902790e+01 -1.359782730713835441e+01 8.169908551841482680e-01 1.114651642138672649e+01 -1.899556175881418785e+00 -2.925471031437245983e+01 -4.791442892013137445e-01 -4.551434472306699952e+00 2.274949776011189329e+01 -2.898892197889837519e+01 -2.613138505127236400e+01 -2.057709310779151224e+01 1.682416573003577298e+01 1.093454186502517977e+01 1.152867488299920673e+01 5.048309246490314983e+00 5.548287520993148370e+00 -2.831230449114377379e+01 -6.188989911906447539e+00 2.559199311331251891e+01 1.373666191263904546e+00 2.533468366755141865e+00 -1.489750274117379192e+01 8.203348509439470249e+00 -9.610216523218030105e+00 -1.032621476351308054e+01 3.715079404170629118e+01 -1.205578357038240078e+01 2.230925653723477708e+01 -2.367880954272954419e+00 -4.677654022376851017e+00 3.058229446915855121e+01 -2.475295462044653050e+01 -4.595172140106640768e+00 2.349130922363091756e+01 -4.109931580151197750e+00 1.830719519144138374e+01 5.334507446124787222e+00 -1.825540416641110397e+01 -3.518925463626970451e+00 -1.253937888670564504e+01 2.501560273731647754e+01 -4.711433182562175581e+00 -2.359811335134028099e+01 -2.487737692634278375e+01 5.459135448152212966e+00 -1.746771118163188774e+01 1.524874895415264930e+01 -2.496264942808402054e+01 -1.241352814650019987e+01 -4.398968242072797352e+00 -1.627874032153576422e+01 1.505600514771100862e+01 -4.904577967515583836e+00 4.900686230314068581e+00 -4.932295403322385141e+00 -1.293660208972359982e+01 2.293626136822863870e+01 3.143941985721806720e+00 2.920719152981279620e+01 -7.434520250498724891e+00 -1.180819976721707931e+01 1.838482541546084903e+01 -1.855108358265958657e+01 1.993803842319566044e+01 1.842420037625950258e+01 -1.403701831615265405e+01 -1.733612563563873943e+00 6.750890936434530865e+00 1.981144051179490972e+01 8.110875586776526092e+00 1.591050136547154636e+01 -3.212705359763355517e+01 -6.301833496433926207e+00 -8.019018150639078968e+00 6.463226115361599966e+00 -1.305027772141631281e+01 -2.687601876147832769e+01 1.279007200359411200e+01 2.757207595107608000e+01 -3.118555299137680237e+01 6.343899886522763154e+00 -1.228803800472130270e+01 3.722749492892633683e+00 5.287661152133820153e+00 -6.454851599013776919e+00 3.959133820430634110e+00 -3.284692667823297541e+01 -6.917590322148875259e+00 -1.861958865099751748e+01 1.294281217626385327e+01 1.797098771868580513e+01 -1.516760157520319652e+01
-2.666307154520331513e-01 1.529660868603567592e-01 -5.215202942512199291e-01 5.007304002320535075e-01 -2.657483695488169206e-01 2.682542837081194342e-01 -5.996043853352552855e-01 2.111119652803389868e-01 7.611746357701688614e-01 1.190475977166479266e-01 5.149792668489597824e-01 -2.381422343565861577e-01 3.533870261158558734e-01 -1.397329777248901561e-01 1.752389840700256940e-01 2.631544847815878718e-01 6.914916405567012037e-01 2.877036090469404783e-01 9.218600557677889551e-01 8.194069193316383740e-03 -2.241755987524028659e-01 -5.862300057185489133e-02 -2.882733748563162113e-01 2.648596360844238662e-01 5.781636636058594680e-01 -1.496625629708970284e-01 -8.060895263930454302e-01 -1.200747639804635725e-01 -9.895564640757534280e-02 -4.677654604798234805e-01 2.150226177819891116e-01 -1.199314309691545677e-01 1.293877779554698619e-02 4.256250730352814649e-01 -1.189850471195061377e-01 -3.003765704677389681e-01 -6.269274468828049951e-01 -2.302654799847008160e-01 -3.831163945697823037e-01 7.854236428730549946e-01 1.587291989698091654e-01 -1.066148684603409169e+00 2.329370105605823860e-01 1.099232017506561881e-01 -1.825687554347618369e-01 -2.235365914994997538e-01 1.018449721601242919e+00 -7.037017041926578453e-02 1.636444265782351359e-01 -5.424136586079018052e-01 4.171564239435636701e-01 -3.195967620210148907e-01 -2.822068944911272359e-01 -2.478991208685544026e-02 7.998105339758144749e-01 1.244342038084345209e-01 4.757193317910709401e-02 1.571533199186538332e-01 -5.920263339410901660e-01 5.256925022532957792e-01 1.725378963926727238e-01 4.047255784847254012e-01 5.969609624530848313e-01 -3.169183611102188158e-01 -1.987018736673963892e-01 4.953836247757318345e-01 -8.947956935827641733e-02 2.773883786964749798e-01 6.534441881236936478e-01 1.625937593179103413e-01 -8.321322502107273422e-01 6.789498608221676557e-02 3.081870272665609978e-01 7.755820385083244117e-01 1.755556397951771319e-01 7.641453461053724361e-01 3.076543843810339296e-01 1.343596506804892177e-01 1.912457779017314174e-01 -3.194262504103513312e-01 -6.276106507330799777e-01 -5.254757621189182909e-02 9.830975782088204884e-01 2.718144378446957221e-01 -3.037347892032229903e-03 1.338178982407208784e-01 -8.244695156198902919e-02 4.388118948436118411e-02 3.480632981764825162e-01 2.254880238224869771e-01 1.423999157347956845e-01 5.927790796430695286e-01 6.191767409375885656e-01 -7.505318441596147139e-01 -2.407934945701788731e-01 7.474411206441180511e-01 -2.491873905620468621e-01 6.371714080623535059e-01 4.292943347657392911e-02 -2.094626436617167409e-01
-7.412143858915605232e-01 -2.129997072751428633e-01 -7.641420005573997809e-01 6.807105687825464324e-01 3.495513924550287116e-02 -3.814906191831940463e-02 -3.306860862374630394e-01 1.397745716122135162e-01 3.190754797608681970e-01 -4.238275920999359236e-01 4.137333794192602499e-01 -2.707480124736706406e-01 2.201951383939813045e-01 -8.800524434076596736e-02 1.801475516098552665e-01 7.434731671353177473e-01 -1.997177611818561072e-01 5.479319769975504739e-02 2.956835761869089363e-01 3.104475451079810044e-01 -1.430805049604575163e-01 -1.408322185692238437e-01 1.106624228333107640e-01 2.126407345174638197e-01 3.043286802985662454e-01 -6.058695676563508742e-02 -4.230756327739262912e-02 4.990925498706793584e-01 -3.686164742536724992e-01 -1.529490382437246054e-01 1.289391332227166342e-01 -1.456160337550040096e-01 2.352020811056967226e-02 9.632843331930869279e-01 -9.257876828484332132e-02 5.280700329815301020e-01 -1.020842797264448709e+00 -2.617864761298618337e-01 -1.079449789015782535e-01 4.988822578940162455e-01 -1.352135549232901801e-01 -9.435232850652984782e-01 4.197602118071401267e-01 -1.226812758933030073e-01 -1.870493374940175035e-01 -6.116701148445927716e-01 1.413875301427898634e+00 -5.095648835494076545e-01 5.832913178923445630e-01 -7.511483840996149297e-01 -4.291062435682588272e-01 -1.470905078128753374e+00 -1.665724244804578369e-01 1.925913291634196445e-01 1.298771069008204604e+00 -3.636459473189628810e-01 -2.758132844259041927e-01 -2.403421557774484685e-01 -9.785910103969662766e-01 9.794839316065400148e-01 -4.133395042038641720e-01 4.753705752689149633e-01 7.987401305191392797e-01 4.363845208314642322e-03 -4.150879918830536752e-01 5.732474252701147410e-01 6.653485279905477778e-01 5.886021059649358955e-01 3.237517055782956343e-01 -2.046574430397170383e-03 -1.330584693764628401e+00 5.766887365287928224e-01 5.237038801996410919e-01 -6.084826724025992062e-02 -3.677694430245512236e-02 8.824507497178764037e-01 1.555834047981164425e-01 1.217994796537859858e-01 3.145343787815162995e-01 -3.339555359983652494e-01 -4.758214158976720731e-01 -2.095631835351236538e-01 1.559298857594699328e+00 7.088861463949654995e-01 -8.256460784343978843e-02 4.848690287864214632e-01 5.375946487176316291e-01 -7.065927497209244512e-01 1.028254547057421142e+00 1.392785759332092754e-01 2.668094760791089315e-01 5.758754639345313731e-01 4.025167237767616757e-01 -9.501592322128546986e-01 -4.550979792443861083e-01 4.472523238151558389e-01 -5.511434881953166665e-01 7.305413751288980517e-01 -2.043270804813314134e-01 -7.108623857384507305e-01
-7.964673278580498561e-01 -2.392402216669021475e-01 -7.797753638424237410e-01 7.060785183669988641e-01 8.116344722218948871e-02 -4.602282391873135231e-02 -3.001803521793988683e-01 1.329763017206551934e-01 2.934425081200747187e-01 -4.607028025763869605e-01 3.805048172688380026e-01 -2.640943596888569722e-01 2.183628437029158931e-01 -1.100339934957857840e-01 1.859297523446980516e-01 7.799964800724140668e-01 -2.857326769323152438e-01 2.715716068931824795e-02 2.192203533358440537e-01 3.468200868655749725e-01 -1.108992389869089129e-01 -1.525268960329380641e-01 1.474442202114447376e-01 2.471294003960965158e-01 2.788769136422695749e-01 -5.804621184829657221e-02 3.227703620162799408e-02 5.475609033894935918e-01 -3.791855543126197436e-01 -1.206807910739207679e-01 1.538720658786484063e-01 -1.479136789860375500e-01 1.078165893337254891e-02 1.013641682591333248e+00 -8.991562587421052244e-02 6.218701660962439037e-01 -1.045124493262506338e+00 -2.629078931553581744e-01 -6.635165350165046771e-02 4.615752884424658142e-01 -1.813046913360555346e-01 -9.070209710101101441e-01 4.288672388701277871e-01 -1.303683824926443469e-01 -1.842943502104533171e-01 -6.588871760774405173e-01 1.454679844573358416e+00 -5.356462387301789141e-01 5.979895598796073353e-01 -7.613493713946466457e-01 -5.120980527569892748e-01 -1.597326702472595450e+00 -1.412148467881546576e-01 1.874131332722641929e-01 1.324679544275642940e+00 -4.033949693702369443e-01 -2.986199117643186796e-01 -2.686338910091493060e-01 -1.009186775540977354e+00 1.040860632940955988e+00 -4.614244562249290582e-01 4.688877804870969501e-01 8.305042365466309695e-01 2.643728965855303079e-02 -3.974511713655848877e-01 5.803149882451985597e-01 7.513239593927366622e-01 6.258357832135819088e-01 2.860958817204536375e-01 6.445168004950601812e-03 -1.371383611706039396e+00 6.478389755046187748e-01 5.653607683561360231e-01 -1.426879204930206202e-01 -4.830806135770405324e-02 9.079371107018897602e-01 1.722389694474768806e-01 1.133370807308841655e-01 3.060671293521040615e-01 -3.409268421781748160e-01 -4.857659605676337145e-01 -2.283765026628303552e-01 1.608078908703480359e+00 7.416983499493843279e-01 -8.332369321415752927e-02 5.090325619629032516e-01 6.051778942647363380e-01 -7.910930942328650017e-01 1.083559639402602581e+00 1.199544053154805445e-01 2.752009769019236884e-01 5.684463773426025046e-01 3.869693419460646377e-01 -9.474997215308522680e-01 -4.851943083293219772e-01 3.961558696699208348e-01 -5.755136724920776325e-01 7.319135289498653885e-01 -2.148604940259127016e-01 -7.537856675990424193e-01
-8.648007739091008617e+00 -2.954388994755980491e+00 -3.523348676208709840e+00 4.241113932720453228e+00 7.310226928776486943e+00 4.111077560837474998e+00 4.399796909611327855e+00 -5.240038455762481284e+00 -7.022309205422594403e+00 -1.652560341029071012e+00 -2.722334663462701698e+00 -1.638557745898944873e+00 -4.685477209354506734e+00 -3.471838470422268230e+00 1.272822648897539433e-01 6.910109087636041814e+00 -1.099645697210692319e+01 -8.495721710380534475e+00 -1.288076633984625197e+01 6.698010975048851456e+00 4.086934525461389356e+00 -2.641036103229920662e-01 3.826726031724236421e+00 4.798715204164368586e+00 -6.745964010682255818e+00 -2.442416816370344357e+00 8.728097324618742547e+00 3.983774906739875110e+00 -4.891837001486059044e-01 -1.101917070641427410e+00 3.439771084682063051e+00 -5.413175206000826467e-01 -3.517395014007600018e+00 1.100330621151979571e+01 -5.421064800599489919e-01 1.177848573484474493e+01 -3.963757224372254750e+00 -1.297574609006658442e+00 1.161277325638699942e+01 -6.874521433255301517e+00 -7.314620938205194989e+00 8.311618270092317573e+00 -3.891650777243336634e+00 3.647086440721489353e+00 1.392160970393174768e+00 -7.939820823090727231e+00 4.876791311365832549e+00 -2.794227555349733993e+00 3.221499542291411444e+00 6.169547987524162114e-01 -9.219169111548564999e+00 -1.695847733009171776e+01 3.057842943309925232e+00 -7.687587794778353301e-01 4.647276451860667734e+00 -6.119216025869900655e+00 -1.373533988518433668e+00 -5.016326196881554900e+00 -6.887230138207120156e+00 1.120675990450518533e+01 -5.538855270632531358e+00 1.205911199811683376e+00 4.008354971271052669e+00 -2.999866177038091219e+00 7.988327005504881839e+00 -6.659710530793897520e-01 1.444461322847619122e+01 6.831111781128030858e-01 -4.414592187178201677e+00 3.725160586387776807e+00 -4.867110067794240713e+00 1.092280449235517281e+01 7.461304250582366571e+00 -9.664710905868430402e+00 -1.413574895971582146e+00 5.269937080079448499e+00 7.556187806022574449e+00 2.561214899335285011e+00 1.634572801284598143e+00 -5.834059079468792319e+00 -4.546217684329625364e+00 -4.523352828308803808e+00 8.538240881706220975e+00 -8.676459289208973136e-01 -5.847495438500346587e+00 -5.689190774970551145e-02 1.121780952296121825e+01 -1.308713175474249191e+01 9.482824543182992727e+00 -5.485429002815927824e+00 1.581343273511546466e+00 1.252964775719401236e-01 -2.757206357653584572e+00 7.300092320752295250e-02 -1.185515888006787932e+01 -7.945771401483201046e+00 -7.317904372909842081e+00 3.826623644937273472e+00 2.679204441526348290e+00 -8.070396867227767501e+00
-2.388557516130651037e-01 3.296419180777949709e-01 -3.705139213896762596e-01 5.285014494198210233e-01 -1.628276102167410255e-01 5.679382110290656094e-01 -6.299306134719887540e-01 2.337949246595354691e-01 1.086945895709953813e+00 4.100792301369320381e-01 2.738229405068091094e-01 -1.114605849049829789e-01 5.256131533216461538e-01 -4.282403765887118907e-01 2.312773667419819323e-01 2.464049643446756394e-02 9.002408606590612816e-01 3.142736226722139814e-01 9.117783920885795812e-01 9.263557686110505604e-03 2.147799044552545222e-02 -6.649063754892227396e-02 -4.197844787434775182e-01 7.062109897442874207e-01 6.477897197113650085e-01 -2.251821163995191000e-01 -9.745522457876804046e-01 -3.896372251707005963e-01 1.348512593309575125e-01 -4.893236747773776485e-01 6.060074548362109903e-01 -1.184132028002024273e-01 -1.588954828961552379e-01 2.478711629578075337e-01 -1.349067160952571176e-01 -3.478746414662423625e-01 -3.678398862708111561e-01 -2.051202917587709174e-01 -3.184570959793013856e-01 7.548934092157831843e-01 4.958366500706148927e-02 -8.311272283975098540e-01 1.325665589102405229e-01 3.096677795762431962e-01 -1.483502408832111652e-01 -2.246838414793164984e-01 9.459396998136729851e-01 2.208724784306860534e-01 -2.309816525239092588e-01 -3.900393965959273457e-01 6.098217192035063627e-01 -1.991421836978218562e-01 -1.485336247308326196e-01 -3.714962897062275560e-01 4.263436057326621675e-01 3.265368493557552210e-01 2.029771381089879867e-01 3.867660499247944639e-01 -4.144837154966633519e-01 5.917943126680017540e-01 4.021197224324995489e-01 2.408695624301957217e-01 6.699538495577949115e-01 -4.754298418042372520e-01 2.712582253297255441e-01 4.716196867874455911e-01 -1.546423453505235135e-01 2.750155342675096870e-01 6.584091184917264528e-01 4.787821421593839166e-01 -6.195339360484740654e-01 1.854837931556784780e-01 4.684859250818850795e-01 9.684278025095899300e-01 3.491527349818004944e-01 8.645917861001370941e-01 6.706629945697910600e-01 1.403986425666434515e-02 -8.160558663117756240e-02 -3.557750411596416473e-01 -9.057905466050512056e-01 -5.528250465535638342e-02 7.635832396810189326e-01 9.415229798206709022e-02 1.063813115161784256e-01 -4.865918192947661647e-02 -1.629356508215693833e-01 9.785851582306080709e-02 4.050066031247698262e-02 1.298210159900748117e-01 5.547835519301361207e-02 5.291479568449419801e-01 7.369562579503052824e-01 -4.383852796205053304e-01 -2.593050166341144269e-01 5.772736180546238494e-01 -1.003543719280456936e-01 5.155025406764517371e-01 2.439022634722285143e-01 -1.583766392744571233e-02
-3.823318778200739398e-01 -3.245078442351393422e-01 -8.811056646292306782e-01 4.324152950784383997e-01 -4.751893218788189599e-01 -4.867551775291439342e-01 -4.978477959185295121e-01 1.510574094451397897e-01 -7.601199604581741764e-02 -6.542807207616032628e-01 1.043352322314635705e+00 -5.353967301596658235e-01 -7.486438884171826846e-02 5.561757536084608322e-01 1.278776455788185711e-02 8.717666670402502982e-01 3.968097116765476745e-02 1.904911859649954797e-01 8.352433582651185295e-01 4.591564475499264331e-02 -7.845972070506617158e-01 -5.482498749175326175e-02 5.502454228433430877e-02 -7.825681068490524250e-01 3.735981709245815852e-01 8.259331366234697047e-02 -2.643874518540401675e-01 5.882558528392054509e-01 -6.890691795838678191e-01 -3.519501812239247962e-01 -7.134058820519542099e-01 -9.597421556233771966e-02 4.085443096567761834e-01 9.106143488674787179e-01 -1.027059563940935505e-01 -5.275308501025501723e-02 -1.260214831213653630e+00 -3.011726015840032744e-01 -5.231388100172439382e-01 8.167015742700416414e-01 3.640049171078464929e-01 -1.581292778364231433e+00 5.036775765326300114e-01 -4.007606078309223774e-01 -2.638904291287378912e-01 -2.844558450902374691e-01 1.209197819496218518e+00 -7.829138351554613129e-01 1.144430645243023736e+00 -9.309574285115375103e-01 -1.729029391308733454e-01 -7.635442249813380045e-01 -5.833234447464462624e-01 7.841153246822151202e-01 1.716373617778118588e+00 -4.215801428363543657e-01 -3.938872070666153968e-01 -4.175708353075449075e-01 -1.034228668511633975e+00 4.069713356398940718e-01 -4.536393061197788734e-01 7.914596985943195273e-01 4.594071202789936081e-01 1.130551658652941410e-01 -1.313487961150976213e+00 5.605978410659270272e-01 1.502756643460647079e-01 3.243845956215359316e-01 5.667943209692660744e-01 -6.007217660303104667e-01 -1.390552278966889155e+00 -1.373511351601831021e-01 -4.653920269869975257e-02 1.855214443402840863e-01 -2.344970953181839124e-01 5.237817472200696489e-01 -5.829535312238028899e-01 3.978090283320218079e-01 8.274195424423792522e-01 -2.275776429521674527e-01 6.425940311194777710e-02 -7.175664271505662051e-02 1.582388694269633467e+00 7.639553129471425841e-01 -2.498487764563762092e-01 5.994985435339459379e-01 1.953594835984666378e-01 -2.170341502968735070e-01 1.132039392168265213e+00 4.444222842051336331e-01 3.408201460827370854e-01 7.361809842610502752e-01 2.992795899723918462e-01 -1.486541818412716820e+00 -2.023035045146903410e-01 1.086476360995116242e+00 -6.387619455756075038e-01 8.979607254066602762e-01 -4.603861281135542272e-01 -7.172353506392986633e-01
-3.941666133150596996e-01 -6.298920210061806912e-01 -1.180686051568579309e+00 3.900577481592712448e-01 -7.071542305350511093e-01 -1.049260020398533388e+00 -4.694617310948157041e-01 1.159320362756618289e-01 -6.449175272226916888e-01 -1.160854418752277351e+00 1.536381530654595151e+00 -7.716087537284277431e-01 -3.652163525733456151e-01 1.100349215457779417e+00 -7.829979298123157516e-02 1.304359193287922380e+00 -2.475942987756152569e-01 1.557059169549458721e-01 9.453536737078914731e-01 2.043798622423570813e-02 -1.281516182787247216e+00 -2.925781084839583143e-02 2.757885521804140927e-01 -1.615098667929014464e+00 2.756751361482244755e-01 1.906846880202148764e-01 -1.750898574151969755e-02 1.054931334746542326e+00 -1.099607487737251033e+00 -3.315767513274003875e-01 -1.458938155563548333e+00 -1.407079706027908328e-01 7.313899226687602395e-01 1.208590953422304048e+00 -7.019203918219389660e-02 -3.728837135536386405e-02 -1.739810933781982705e+00 -3.586421661330643773e-01 -6.717238592808879583e-01 9.164603279192091723e-01 6.206862174988116987e-01 -2.097032887029266046e+00 6.851431732212729386e-01 -7.757459109448516799e-01 -3.503074165941460483e-01 -2.474778125158339781e-01 1.355216612191803449e+00 -1.344849191547808465e+00 1.875541167960087074e+00 -1.227658049288828712e+00 -4.558471874363604903e-01 -9.123108931165285762e-01 -8.237791741163722481e-01 1.442863047560321466e+00 2.418955291376071237e+00 -7.667096736333831597e-01 -6.642948746610578548e-01 -8.358847376178223376e-01 -1.372724062954750135e+00 2.564538039923960344e-01 -8.460497322982100110e-01 1.104802345403369968e+00 3.229123009261963273e-01 3.962889374738863824e-01 -2.232668893733555926e+00 5.977541221327856702e-01 2.121188709590980104e-01 2.978168098415888698e-01 6.024772154498353460e-01 -1.189677370732932005e+00 -1.784452884705987952e+00 -3.852200913654368342e-01 -3.803639029874976707e-01 -1.088073918869476853e-01 -5.625520979592956161e-01 3.535897805805232608e-01 -1.250068348856596456e+00 6.436527197754159380e-01 1.347924443403536676e+00 -1.678667981031700118e-01 5.688168102006043725e-01 -3.524689743924709628e-02 1.955119929045902483e+00 1.065726342625350487e+00 -4.416067912587866573e-01 9.581550907015676799e-01 2.835412959364493890e-01 -2.378680280603197583e-01 1.690300682039818980e+00 6.174506953446802227e-01 5.175102391958524839e-01 8.621143125425416720e-01 1.085342010081847691e-01 -2.099512812467936307e+00 -1.526259244317537123e-01 1.457970100796462498e+00 -8.774319608986977936e-01 1.158722154811358207e+00 -8.166842956846498414e-01 -1.058010370404258493e+00
-1.305511759774160474e+01 -7.581464618019629675e+00 3.966572759722107211e+00 -1.894736290216063823e+00 1.817192989447990925e+01 3.766344941808072999e+00 5.906864138506356277e+00 -2.495388321250165475e+01 -1.464887388267463031e+01 2.735589053458468700e-01 8.542477738148770428e+00 -1.528299564379305142e+00 -2.577836015940928860e+01 -5.919943870783440920e-02 -3.339345400778594541e+00 1.922790485179400477e+01 -2.630474299283511286e+01 -2.374450430169707715e+01 -2.207546360794957607e+01 1.578899830393674009e+01 9.343729523922906566e+00 9.633214341681886950e+00 3.930838706006951622e+00 5.708226584947293070e+00 -2.581824338423009024e+01 -6.015486553554755034e+00 2.319106926748171915e+01 9.375766842238680843e-01 1.835297576687577426e+00 -1.379919307166841058e+01 7.294117537956819497e+00 -8.106312227215756394e+00 -9.888663195423534447e+00 3.361979211163122017e+01 -9.925495748832798171e+00 2.004482736967119294e+01 -3.119686359001510034e+00 -5.205111063137096927e+00 2.881739027890103344e+01 -2.279539763742504732e+01 -4.715416474749647868e+00 2.278203137713292392e+01 -4.719791864894137490e+00 1.564029633683592202e+01 5.010950813199193554e+00 -1.820693318605969679e+01 -1.694281026941554247e+00 -1.051737848941868414e+01 2.085568511274411563e+01 -3.656339782927464199e+00 -2.136595314102810406e+01 -2.529052185230433025e+01 5.828663382918009894e+00 -1.400667816581209557e+01 1.398601322508689826e+01 -2.186514806505589803e+01 -1.093239500207219450e+01 -4.827454012148804985e+00 -1.671832429584194202e+01 1.679021353784543180e+01 -6.021773621594098458e+00 5.942057862289065184e+00 -2.199990053650571653e+00 -1.227403936313316279e+01 2.194520337733822402e+01 1.749861364945451525e+00 2.801303217099123444e+01 -7.761143825455808276e+00 -1.095841193078146780e+01 1.543392871974010561e+01 -1.511774383759599161e+01 2.040476908661629807e+01 1.722308434650598485e+01 -1.453358574839012896e+01 -1.949867163149180849e+00 7.061222733026795595e+00 1.909277856605487855e+01 8.401851344954659240e+00 1.261210874843475516e+01 -2.828883559858807928e+01 -6.419614603073298120e+00 -9.053694064896916416e+00 8.810838268148200925e+00 -1.126488029156545068e+01 -2.343457719018748620e+01 8.734951100292223103e+00 2.610844637016175085e+01 -2.930302506049364197e+01 8.173938963338367003e+00 -1.233911519234600895e+01 1.744762412175822064e+00 3.757211654678057844e+00 -5.715940514192028310e+00 3.336017681701922921e+00 -3.105349258875898499e+01 -8.199343956556774060e+00 -1.735207927318461074e+01 1.235942365707186497e+01 1.587541678678721979e+01 -1.519054990307991737e+01
-3.445878719030650572e-01 -4.406883758577199994e-02 -6.802787096082871798e-01 4.985629146374730425e-01 -3.225116960217042639e-01 -2.824954020831532339e-02 -5.432983030144827863e-01 1.836717829386072809e-01 4.313739200467088253e-01 -1.944996605380286681e-01 7.062345024284635286e-01 -3.463414593862494950e-01 1.978107267619369503e-01 1.103221070801446019e-01 1.253003691527271035e-01 5.232706691480755179e-01 4.083358225370383177e-01 2.326118438025077395e-01 8.601204589903131970e-01 4.460725752620985085e-02 -4.276764540531497460e-01 -6.048142790677908665e-02 -1.312508402243358074e-01 -1.165435568262746385e-01 4.888011221549051211e-01 -7.498705925185476795e-02 -5.658945945062224814e-01 1.824162984225235207e-01 -3.261455639041767052e-01 -4.060310337554384752e-01 -1.272508001216495765e-01 -1.279027553301559095e-01 1.567907054733854444e-01 6.397761227616073354e-01 -1.030756960263737448e-01 -1.583771365113156027e-01 -8.920189062322179119e-01 -2.596330255241110496e-01 -4.107081863344731465e-01 7.799710934074217672e-01 2.200596647145743601e-01 -1.262165269196938722e+00 3.404759206748028122e-01 -9.453978892599217143e-02 -2.172818268451416623e-01 -2.699315416158753478e-01 1.128467933128085576e+00 -3.760561062112011133e-01 5.511760865897611383e-01 -7.015925762603312243e-01 1.518224439830883621e-01 -5.634941670712834139e-01 -3.756102716258072904e-01 2.912180049887459488e-01 1.175889749038363075e+00 -1.056518842040852502e-01 -1.284499397592119563e-01 -8.550354444488889039e-02 -7.887624349045774252e-01 5.202140531920979027e-01 -9.311729540719478060e-02 5.515048618900744160e-01 5.674612291940663855e-01 -1.405163843083609698e-01 -6.298339843993706610e-01 5.217453549469949214e-01 5.127832717471246526e-02 3.146009298049016745e-01 6.085925829197188497e-01 -1.240667436919761640e-01 -1.076608339487458155e+00 3.267407217665131702e-02 1.929310830176917402e-01 5.088279552116312665e-01 3.454972749318355792e-03 6.962844949462606570e-01 -1.914883755576625435e-02 2.353304551814197065e-01 4.367245011084675554e-01 -2.893685743168359914e-01 -3.750453142955552654e-01 -6.475215829275254853e-02 1.235002292649339362e+00 4.753629571461132630e-01 -9.864821089673786458e-02 3.408415417786472279e-01 5.611894924165027054e-02 -9.177532107165553565e-02 6.914695355741881100e-01 2.938102424230540910e-01 2.329509089401062549e-01 6.428722767194202659e-01 4.947214447278666660e-01 -1.041697456606901717e+00 -2.470694689787153731e-01 8.574291241959089982e-01 -4.064938691373570778e-01 7.536399170290810634e-01 -1.539088471585952078e-01 -4.345038490270186071e-01
-1.333255834580786114e+01 -7.764669997619363606e+00 8.132321514183551869e+00 -5.680229848036810303e+00 2.063086178008040505e+01 3.155467092131689189e+00 5.239562810655193026e+00 -2.808352565910354670e+01 -1.318549908200895260e+01 9.821130724131577061e-01 1.183903383962928224e+01 -2.099607720015682411e+00 -3.020703441122933697e+01 -6.750905663611874719e-01 -4.896581266274901978e+00 2.384071439471189890e+01 -2.980778508095783508e+01 -2.684130904493718361e+01 -2.000921115351746593e+01 1.712220585908390902e+01 1.138348236421797388e+01 1.206673319501446962e+01 5.474012262614048829e+00 5.500206424172792374e+00 -2.899574972649520177e+01 -6.211919366369794915e+00 2.620691243985796248e+01 1.596060200932414075e+00 2.750353978506104635e+00 -1.511081935985758840e+01 8.494281706064969129e+00 -1.003013192151704480e+01 -1.044741900045449690e+01 3.809495759504497414e+01 -1.270075673068297917e+01 2.307661358495192871e+01 -2.130192384282461049e+00 -4.401876310805470816e+00 3.110387298588439364e+01 -2.524614599081760957e+01 -4.622303534453979346e+00 2.358729981098034401e+01 -3.907928561346264207e+00 1.913906811647205330e+01 5.411709323632290847e+00 -1.817917095158312435e+01 -4.023980370568905229e+00 -1.312473747987612605e+01 2.621640316516029756e+01 -4.971199777116083851e+00 -2.421303194426321070e+01 -2.467911622626045798e+01 5.333348556677425911e+00 -1.848124936747102964e+01 1.561699856456792723e+01 -2.577619397783515609e+01 -1.274394778254026939e+01 -4.261361488253638363e+00 -1.604268731613056787e+01 1.447655272914756885e+01 -4.554512173097333694e+00 4.476577776878754023e+00 -5.783891473186421273e+00 -1.308936453857203297e+01 2.317975466873489765e+01 3.527024182903518046e+00 2.953303943015425048e+01 -7.202955719884126751e+00 -1.204590634532276106e+01 1.925726151834438937e+01 -1.958923090197465910e+01 1.972035180344305161e+01 1.870318678530929191e+01 -1.383916810462939218e+01 -1.605497941835063891e+00 6.634737897322769307e+00 1.996414668078697119e+01 7.925334092698864907e+00 1.694422178981838911e+01 -3.318348540650325162e+01 -6.273969138325817596e+00 -7.635370573934631366e+00 5.724866785806908887e+00 -1.357062021280648345e+01 -2.787691938889964405e+01 1.399863484173495110e+01 2.789801641553016154e+01 -3.167845329687267864e+01 5.811944741833595884e+00 -1.223979539797345240e+01 4.373902378514851641e+00 5.766849381698659016e+00 -6.694504991322586029e+00 4.153854289356322838e+00 -3.329864387535018722e+01 -6.563269259279688406e+00 -1.898061983264806685e+01 1.307166794577842595e+01 1.856824383650522137e+01 -1.504601409587258942e+01
-2.836239030184584120e-01 5.252845379343255156e-02 -6.030958344840968710e-01 4.850983701235437318e-01 -3.196829444176089718e-01 1.028692731719780401e-01 -5.784011810449295465e-01 1.985543192716639482e-01 5.801089475727758682e-01 -4.442595658308272355e-02 6.393516726835051234e-01 -3.033572159505436017e-01 2.636339043662817017e-01 1.375962168288056425e-02 1.411093349165184474e-01 3.968908925205375526e-01 5.700623979765977456e-01 2.658299127273335838e-01 9.230327251140570954e-01 1.207924788315935076e-02 -3.606605009385034366e-01 -5.774701418436542499e-02 -2.167233689133942209e-01 2.825471553828084320e-02 5.417450354969749471e-01 -1.071364403919508185e-01 -7.055179396292926564e-01 3.074103998100914670e-02 -2.287579994999681954e-01 -4.461763025712143782e-01 5.229110213964896503e-03 -1.208131659568540406e-01 1.072843260624167377e-01 5.262547870671320238e-01 -1.123070772208691059e-01 -2.644279799074653603e-01 -7.658305831709840694e-01 -2.460945090445286199e-01 -4.161031905201789116e-01 7.995934809067695159e-01 2.170016915393656876e-01 -1.195383070123088309e+00 2.861771055560406452e-01 -7.258477509484443507e-03 -2.024747504467780124e-01 -2.281645121347828931e-01 1.059832765185452219e+00 -2.347384215271147156e-01 3.836252787196759440e-01 -6.269181233210321391e-01 3.066067989186733178e-01 -3.991336490120545588e-01 -3.482073804450321330e-01 1.628018767464313454e-01 1.000534616070312799e+00 9.650428949451683031e-03 -4.802518359493639782e-02 2.926763161916028783e-02 -6.895009102365488030e-01 4.933606783071570745e-01 4.390743555616390126e-02 4.903619305931740668e-01 5.664302810515290387e-01 -2.293065862699817381e-01 -4.566271135179462148e-01 5.069719921649308292e-01 -5.092720324059627629e-02 2.806466090957955850e-01 6.469034150031136576e-01 -4.092422163611230540e-03 -9.549298775335324230e-01 1.101246097998159756e-02 2.215665903653777913e-01 6.604969906951041470e-01 7.910214210873631191e-02 7.137686423831536286e-01 1.141728006006120649e-01 2.030411375290809561e-01 3.399987061064267402e-01 -2.988339294320743189e-01 -4.781330037909431452e-01 -5.333612721005727419e-02 1.100484443769746745e+00 3.748345406481565778e-01 -6.067389277355678123e-02 2.438872811649701877e-01 -3.583545993350428088e-02 6.623039646251281491e-03 5.235333612895867184e-01 2.722531958253789353e-01 1.956331677860733975e-01 6.232548370107454661e-01 5.521608431825310026e-01 -9.191048476121989053e-01 -2.305769278560871050e-01 8.333116369152306913e-01 -3.293705527915369857e-01 7.004808383473742905e-01 -6.768703684560344047e-02 -3.227139172370488418e-01
-2.717978503647207611e-01 1.147626593901550085e-01 -5.462019465255947281e-01 4.871833807970361585e-01 -2.816017104561753803e-01 2.035294348586502711e-01 -5.862993361960371352e-01 2.118001774421501282e-01 7.091240685411666078e-01 6.353419364834496375e-02 5.569475265211755177e-01 -2.512132727166690449e-01 3.268992116012322535e-01 -8.826895171823054276e-02 1.658218796941599571e-01 3.055634290895026250e-01 6.481712819370261114e-01 2.800716851458320278e-01 9.238885602234843120e-01 1.053473937327522453e-02 -2.701017713221792182e-01 -6.132778750292167125e-02 -2.664452998511664950e-01 1.863184864029205356e-01 5.718966175424508025e-01 -1.304417061138848366e-01 -7.722228267147406289e-01 -6.427581290062764352e-02 -1.398569379097513166e-01 -4.513518413701794740e-01 1.434073410484163202e-01 -1.179326525513977042e-01 4.620117224519492555e-02 4.583738661274409654e-01 -1.197858205506684981e-01 -2.848308647312080000e-01 -6.714348852562269654e-01 -2.335133590830410222e-01 -3.994534877963354380e-01 7.866140020634007080e-01 1.780857978703173916e-01 -1.112470744123830402e+00 2.503270980823779079e-01 6.040549876563469645e-02 -1.915226858141024502e-01 -2.278519346346992436e-01 1.032244874642719967e+00 -1.288765869488763816e-01 2.406196029745654996e-01 -5.753561221622065514e-01 3.740255890573967457e-01 -3.550109866286469962e-01 -3.049727594578283130e-01 3.059833308152131934e-02 8.643592517303082534e-01 8.637766877824536171e-02 1.470205293468408378e-02 1.183635142911338561e-01 -6.224606150189090359e-01 5.152782626493729312e-01 1.306528159821018220e-01 4.300910319033955376e-01 5.913517979170637151e-01 -2.831261185512320977e-01 -2.878815880340778732e-01 5.015482748353767839e-01 -7.297228106743196274e-02 2.850283787638930311e-01 6.472292859215337257e-01 1.006318526247726025e-01 -8.815179322144036655e-01 5.004236256652265513e-02 2.788771442309971871e-01 7.345242983968089945e-01 1.383771305795246653e-01 7.472208182118270647e-01 2.385304231452563817e-01 1.533525418036057741e-01 2.346462057743264051e-01 -3.063431767199413236e-01 -5.721225350271323951e-01 -5.133641300687365877e-02 1.016456997125541939e+00 3.136234509808559223e-01 -1.264975959092135352e-02 1.781929153039444047e-01 -6.472263237933473246e-02 2.739745512436601513e-02 4.001681030367101877e-01 2.398495956440870325e-01 1.578654947364002692e-01 6.067187248096318486e-01 5.952120150000848042e-01 -8.021078569356148158e-01 -2.325073731119739195e-01 7.771531750520895843e-01 -2.767404231754979627e-01 6.530870812960200000e-01 3.199698144351598335e-03 -2.482903126579333597e-01
