-1.832296376320788056e+01 -9.225684040854281065e+00 1.222494061754547445e+01 2.973936645154695135e+00 1.833658362816716192e+01 1.323274106239779035e+00 -3.001940954733890887e+00 -3.059743098984006693e+01 -1.498723420570299680e+01 3.801330566955337886e+00 1.664337938872728984e+01 -4.998249739270774761e+00 -2.035619936875407987e+01 -1.155678859727764074e+00 -4.867615382530701140e+00 3.082768338901171035e+01 -4.238137002838850265e+01 -2.297395776489641506e+01 -2.108486818438621313e+01 1.454549901131991163e+01 6.061278998175383848e+00 9.449232150254387008e+00 7.392091933700372763e+00 1.030609719305819993e+01 -4.360986225858857068e+01 1.056167321557650807e+00 2.431642802775327539e+01 8.116401410157921603e+00 8.073319089428275808e-01 -1.668810167583842485e+01 1.562040600960486358e+01 1.517852420328843932e+00 -1.989241885461808579e+01 3.213826912842653627e+01 -2.004533232221589856e+01 3.737627481688698339e+01 7.717135629796238128e+00 8.569983144277683706e+00 4.115281191296212171e+01 -2.025047276381364725e+01 3.822560136529233876e+00 2.811501289721454810e+01 6.604635380057955807e+00 1.304806952226449646e+01 6.297224428379086802e+00 -1.701169313626545687e+01 -6.368676342174917515e+00 -1.460186074159299352e+01 1.843232990740040123e+01 -1.123163221230539799e+00 -1.165549212190990680e+01 -1.867875120766687402e+01 6.708660743204574395e+00 -1.902691365499257969e+01 1.999845461976453720e+01 -1.140562678932334428e+01 -1.508473600731090158e+01 -9.495513741877408265e+00 -2.419426467692876415e+01 1.642464097551863134e+01 4.961978690887113075e+00 -2.532003431525795989e+00 -1.261232500268423351e+01 -1.955570954046930510e+01 2.457630299281078123e+01 -1.656703672925089466e+00 2.404139717854411629e+01 5.842366628745877755e+00 -1.633182793778090058e+01 2.704014060149408394e+01 -1.992332161295375315e+01 2.117640298860543524e+01 1.652686167230252323e+01 -5.197757898607424210e+00 4.664601041615794585e+00 9.664896268515217770e+00 1.930688793622462640e+01 8.999432052201049359e+00 2.660703760254247641e+01 -2.981995962863326000e+01 -1.053427059792933385e+01 -9.283531934401503705e+00 8.331466834363812524e+00 -7.761120512242638547e+00 -3.213999289446820740e+01 1.272845586830118414e+01 2.733132300385870295e+01 -2.614282589938474999e+01 3.290681002640711839e+00 -1.105757589679657826e+01 -5.145106848343383277e+00 3.005617804812203531e+00 -8.230122924895558967e+00 1.750416221676481854e+01 -3.131973809514459006e+01 -1.092232821760459593e+01 -1.716528485718516350e+01 1.228572635646980160e+01 2.615298222683520635e+01 -4.599960612730669141e+00
-1.245002237039389925e+01 -1.225107102386202129e+01 2.163276334053287897e+00 -6.931905032723588711e+00 1.780999362338348746e+01 -3.131878475668876671e-01 1.135109733856899439e+01 -1.933722036168660807e+01 -1.817900341299539235e+01 -1.728719358468188805e+00 7.033712023927821688e-01 -3.746365212164457059e+00 -3.797639892246005644e+01 6.856416636345831428e+00 -4.622849293209522870e+00 5.026451457836854431e+00 -2.396791180895114337e+01 -1.390490441209846395e+01 -2.688766092473597880e+01 1.633723214825348080e+01 1.171827499785039350e+01 4.760103377079594189e+00 -9.068267662520685946e+00 5.481104993772499157e+00 -1.628253147120899769e+01 -5.842863955027246980e+00 2.242707011872328238e+01 3.196427981040573130e+00 7.498868858387859326e+00 -2.292752447114771996e+01 -4.742986421852250167e+00 -1.228423986789402100e+01 -1.222945506045848951e+01 3.247936582860170063e+01 -8.056927646462600734e+00 1.210443084419426363e+01 -1.496144592950172481e+01 -5.365023311618671187e+00 2.427035587755013424e+01 -2.794803960395260134e+01 -7.061364079152027351e+00 2.046533141449977222e+01 -1.135360242180904855e+01 1.356787205001266905e+01 2.429983418207694257e+00 -2.158846721325650719e+01 7.087370867673036257e-01 -8.653538163508168068e+00 2.456980666268776758e+01 -6.077910652366059985e+00 -2.211702969649146411e+01 -2.503796499843376822e+01 1.754134443605792626e+01 -2.800494356842304189e+00 1.781083368199932071e+00 -4.328775863702354343e+01 -1.414876349848714376e+01 -6.347417776289999480e+00 -1.313840490848331122e+01 1.875636399019822775e+01 -1.401588980028549614e+01 8.648705893739457196e+00 -9.293672666560546247e-01 -1.537252469439136959e+01 2.319370634079130156e+01 4.573166471384524812e+00 3.533904563811891109e+01 -2.044800377736439501e+01 -9.563277014500245699e+00 1.705990277923921639e+01 -2.383809027745615339e+01 2.560975667689639224e+01 2.860637507860245066e+01 -1.597507404658145092e+01 1.667532180165958611e+00 -2.289609163186447915e-01 1.738027536435052056e+01 1.454432820399843251e+01 -4.727574185816893482e-01 -2.295906631822722233e+01 -3.295387066957109923e+00 -6.343348255040205608e+00 1.001690386378940012e+01 -1.096004586904440359e+01 -2.071503423552703183e+01 1.139885617855792982e-01 3.317790638711242224e+01 -2.633425635736851333e+01 1.061579039673167024e+01 -1.005432815797594515e+01 3.583437371470056920e+00 5.508104496177068654e+00 -2.594180436340379536e+00 -7.315097374651726270e+00 -3.626666994098218311e+01 -7.783502265919992169e+00 -1.351821277356860307e+00 1.458890517965549627e+01 7.147200471073940520e+00 -2.344869902310344756e+01
-1.229555407650986432e+01 -2.695040268328768196e+00 8.595035985489285935e+00 -7.440428080157599489e+00 2.836692682268289545e+01 1.093418184495664036e+01 -7.641898080723564135e+00 -2.440609965560683392e+01 -5.640190975307945997e+00 -1.086247914430791051e+00 3.114007977206930899e+00 -5.904202345337913549e+00 -3.048219094171435373e+01 -4.558786482693818476e-01 -5.292446492876758946e+00 1.042899990301697954e+01 -2.156959015845198735e+01 -3.369447875150925853e+01 -1.820883736086290483e+01 2.397732078267182132e+01 1.226325005604435603e+01 1.276265700146633186e+01 1.376256515840606909e+01 -8.120511881466787596e-01 -2.907162856698371911e+01 -1.661171916191993958e+01 2.678101604650968781e+01 2.434401603180195384e+00 -2.662037878213990627e+00 -8.257722337564802118e+00 -2.899465770419581201e+00 -6.304907412772998043e+00 -9.965194084509786165e+00 3.699453267583807303e+01 -7.381365179007166155e+00 2.889591258063620316e+01 -1.057223042094270227e+01 1.300282511601398738e+00 3.260762090996648510e+01 -2.446748186722748386e+01 -6.937492189885500204e-01 2.245027344976254113e+01 -4.386290035346857685e+00 3.123918458135095122e+01 6.293259216465924233e+00 -2.077414663805515715e+01 -3.136287856911905259e+00 -1.854208383043258124e+01 2.944321998157884579e+01 -1.541584026577418420e+01 -2.551881682338188639e+01 -2.127190943015393643e+01 7.039171436502130064e+00 -1.873606311773182043e+01 1.229847255654771310e+01 -2.662476003079528653e+01 -8.367294286581117291e+00 -1.036670409787649128e+01 -1.160685663678241397e+01 1.422645421174093094e+01 -1.149758264999206148e+01 3.152677715791923907e-01 2.275211524987842682e-01 -7.761714850783558717e+00 2.885915060793250220e+01 2.699212042810188450e+00 4.128499537726833779e+01 -2.237919235671321783e+00 -1.803385605928045266e+01 1.699802554343711947e+01 -2.389122523887693106e+01 1.789515354379458145e+01 1.260445936374449261e+01 -1.415734232056370878e+01 5.430990190329128886e+00 6.018296493397881974e+00 1.980913741711363940e+01 -4.120814563999800839e+00 1.162206690474656767e+01 -3.166958856772160402e+01 -1.347837604471410522e+01 6.635709217354450296e+00 8.688571876376228076e+00 -2.320435318372682687e+01 -1.782513335924843645e+01 1.098145151334541492e+00 1.745343337111797766e+01 -3.939301254378651862e+01 -6.511885326786522876e-01 -8.625978141217872874e+00 9.076925695216390366e+00 3.172102909273621485e+00 -2.000537408104982262e+01 -4.721904495406644919e+00 -4.000161634221856133e+01 -5.488492292812551021e+00 -1.525043059747705954e+01 1.655754080795404093e+01 2.219143458244784028e+01 -4.893053527925205204e-01
-1.692416908393236241e+01 -8.187582723287802011e+00 1.122783276797058782e+01 2.524581441708292129e+00 2.236779118524813015e+01 1.797065739430884657e+00 -5.315864217222033616e+00 -3.400020228217713480e+01 -1.395947783217899918e+01 2.135077568956778471e+00 1.620822004004794437e+01 -1.457274428012150347e+00 -2.144711228990774288e+01 -2.867459672819197447e+00 -6.307134569465998375e+00 2.708505441051412177e+01 -3.647624094624279678e+01 -2.679443259990185311e+01 -2.017051654754171608e+01 1.642676729921030088e+01 6.456173756943118569e+00 1.061016077622438480e+01 1.075901200260353718e+01 7.852504942046855341e+00 -4.296562294050990971e+01 -6.101559275678103411e+00 2.749522420573366333e+01 2.804390204776406215e+00 -4.266007400435880115e+00 -1.372940501531073387e+01 1.168638145674830398e+01 1.201326224712515378e+00 -1.823000541358192805e+01 3.483637911410466614e+01 -1.627111940774247500e+01 3.400961734212071974e+01 5.491773928861390708e+00 2.698403841097867684e+00 4.119868626897751085e+01 -2.139236272323056554e+01 5.362097648194732002e+00 3.016414298509508640e+01 6.642709400820182353e+00 1.718475424298541299e+01 7.373474861558707794e+00 -2.047084828169496973e+01 -5.171896341991859103e+00 -1.572869601610195112e+01 2.089801802674913134e+01 -5.658916616818464362e+00 -1.508230531607528135e+01 -2.157080792188899210e+01 3.308503819384234657e+00 -2.362995593387642757e+01 2.026680603159385896e+01 -1.163982981863123634e+01 -1.504588974625952602e+01 -1.043782982498800926e+01 -2.587306247077809473e+01 1.595376923284911896e+01 1.374167330910387896e+00 1.370359716507591585e+00 -8.279442031421197612e+00 -1.685334178544690431e+01 2.453012543455642813e+01 1.344419125780795365e+00 2.653884449805593349e+01 4.013776934576055666e+00 -1.906143739732662468e+01 2.400024202812051755e+01 -1.757518347421942551e+01 2.213400092420324228e+01 1.361961558966612174e+01 -8.023804005795486916e+00 1.906734099002031835e+00 1.295169806849891714e+01 1.942781464072301745e+01 8.050178580978986531e+00 2.461530355927718006e+01 -3.205602243172612020e+01 -1.047454427416453093e+01 -7.959189781020156396e+00 7.900899479788032309e+00 -1.387091014478666118e+01 -2.890635062924394205e+01 1.207742084315653663e+01 2.428277202677319124e+01 -3.343428829133754476e+01 2.602879130528954033e+00 -1.058721259593289687e+01 -3.438795671728316350e+00 2.055382024173669109e+00 -1.230198725964779527e+01 1.542578324983407612e+01 -3.137966991826643337e+01 -9.255017999384067551e+00 -2.240079025951095915e+01 1.580415852902360108e+01 2.721313028067769579e+01 -3.759402453375049191e+00
-9.955133134464189126e+00 -1.905939467883495908e+01 2.347220821257412382e+00 1.385286175278524157e+00 1.949387887160263233e+01 -1.104828854026986384e+00 6.993164308025441755e+00 -2.055592966485109230e+01 -1.345134245928441530e+01 -7.531465370442534946e-01 -5.487632381695530803e+00 -1.259252861695468262e+01 -2.680403129654436256e+01 3.799289857879124543e+00 -3.383186665193393394e-01 1.587165858985088995e+01 -4.315032374704351525e+01 -1.449911934323192853e+01 -1.539706366490989531e+01 1.727054097818460932e+01 -4.151098702476389235e+00 5.242658116195195284e+00 2.479323929487225353e+00 1.092453835634947978e+01 -2.745563800753376071e+01 -8.651897779854888171e+00 1.931263516086729837e+01 4.675792153084860736e+00 1.042156643716329704e-02 -3.130716070621833325e+00 2.288077373760574407e+00 -9.064540666047292916e+00 -7.739525741273355131e+00 2.295171947941764756e+01 -1.909030192357384337e+01 2.509697223682026745e+01 -1.840437355887313053e+00 1.971669874372102171e+01 3.214313900119285705e+01 -2.282255335953804831e+01 -1.078152063052990961e+01 2.058124310266428836e+01 2.224849143623834458e+00 9.893945851665828073e+00 9.032006066022326252e+00 -2.541842735054681057e+01 8.435155704678818367e+00 -4.830918534408961129e+00 1.615644133690748774e+01 4.362695243676215640e+00 -1.372360838322429366e+01 -2.166078884575359353e+01 1.739805591471430901e+01 -8.027628526707724532e+00 1.685162363059837176e+01 -9.638243942230680261e+00 4.541483622330311221e-01 -1.433245617396564775e+01 -7.049848455287649251e+00 2.046482670974082652e+01 -2.078234304051672865e+00 -5.940323757065852028e+00 -6.704655879244049821e+00 -2.003122676202814034e+01 2.030536243714142586e+01 6.531265229261474792e-01 3.367675169914956967e+01 -1.510855021373368068e+01 -9.120130935871568312e+00 2.038653915353477686e+01 -2.376967695693562632e+01 2.526348969289435331e+01 1.690117356900365664e+01 -6.590147250694593062e+00 9.358540233818814613e+00 8.105140516571882614e+00 1.014284573014480273e+01 1.291461038114655402e+01 1.450315451931715316e+01 -2.177407617976219001e+01 -2.739037889699458272e+00 -3.397345549139127119e+00 1.032717507372192500e+01 -1.345145507690003051e+01 -2.656751576102204027e+01 5.465888045104057014e-01 3.081388711650136969e+01 -2.861994227157929771e+01 1.880109183798241190e+01 -6.314128164538808541e+00 3.033552192373309975e+00 4.538345934946951266e-01 -6.396951677317057161e+00 5.223663627791236941e+00 -3.651498852519609528e+01 -1.880995730809269517e+01 -1.244008966310767406e+01 8.847044272408572496e+00 1.692388466634009347e+01 -4.609260644792303019e+00
-1.328454870713659375e+01 -5.446238640452674140e+00 6.801745896295245952e-01 -5.624290893203252040e-01 2.165899788131983783e+01 1.494601671860408709e+00 1.132526091867478613e+01 -3.134695105240436064e+01 -1.938855207498454547e+01 -4.590772001658121049e+00 1.217889890567232314e+01 1.166558929672700629e+01 -2.977726995534605337e+01 1.345494484504523802e+00 -6.725308540529638002e+00 7.667564937563258631e+00 -8.003907764515069800e+00 -2.815046904561360108e+01 -3.026768601392647540e+01 1.741932512226863494e+01 1.692331850693259199e+01 8.451840343518323806e+00 -2.770213736444524510e+00 -2.166909922170149549e+00 -2.320286937392210902e+01 -1.586085850544273157e+01 2.875917948046581074e+01 -1.061466020572339453e+01 -1.988282522935044483e+00 -2.110079275532940457e+01 9.263563913222748747e-01 -6.763863696922195246e+00 -1.054166164739630496e+01 4.420992438236332589e+01 1.907307612224075744e+00 4.099786129110857047e+00 -1.328017643824572147e+01 -2.556996965791236676e+01 2.316602300098499612e+01 -2.756354764252193945e+01 1.756537617843988874e+00 3.032105608957216702e+01 -1.228755156755498845e+01 1.699164138383543943e+01 4.737934442356193543e+00 -2.271258489463976815e+01 -7.220156411122587770e+00 -1.408629061217472156e+01 2.582058867371859279e+01 -1.888995802575507454e+01 -2.498232383157919756e+01 -3.091620759512118610e+01 5.483119164151755598e+00 -1.335057536899122788e+01 8.910850206948829566e+00 -3.744624457051278910e+01 -2.257068232731600688e+01 -7.070916377513564832e+00 -3.097180315122820105e+01 1.915864120838547535e+01 -1.576798677572104168e+01 2.202145636565519382e+01 4.722278960077929355e+00 -9.164846851600163546e+00 2.661784404172569651e+01 4.805313230260567003e+00 3.108548374974358453e+01 -1.784012439336861888e+01 -1.682570112383988459e+01 1.236118234986508746e+01 -1.268258708326433748e+01 2.416651919997241649e+01 1.939704203513966618e+01 -2.222045888069083475e+01 -9.945180551073613984e+00 7.204672747449420989e+00 2.458277036156387751e+01 1.133783236331368194e+01 -7.750282159925960812e-01 -3.241514795526099135e+01 -9.018471483260634969e+00 -9.247147317374940556e+00 1.359890962255384927e+01 -1.331391046171177983e+01 -1.219752977002699090e+01 1.490508447907782363e+00 2.943193016366988246e+01 -3.611522090445007649e+01 -9.153443231881224218e-01 -1.235540988912807769e+01 -1.597694302273801936e+00 6.237884060342185205e-02 -9.290354696462177486e+00 -4.924698274752963734e+00 -3.279844182078922898e+01 -5.221711105236053641e+00 -1.412902400972075689e+01 1.767973748308399706e+01 1.192374496500643843e+01 -3.140305131846248088e+01
-1.240154110140433730e+01 -1.931809580120321357e+01 9.309286675013613177e+00 -5.862683875914084020e+00 1.952795169241547768e+01 -9.152202262308115621e+00 1.469757504354304167e+01 -2.829471811874043397e+01 -1.571541503768344761e+01 2.966878333707990922e+00 9.660517256268024155e+00 -5.395685663055272308e+00 -3.724735135806421482e+01 4.832324902515699350e+00 -5.960169361986404901e+00 2.188464071710803793e+01 -4.126438935264199159e+01 -1.269379692770250401e+01 -2.067597579754602677e+01 1.430852973283904994e+01 3.143533360649380271e+00 8.935152576720343021e+00 -4.031465821892687096e+00 1.272097774002577886e+01 -3.037589177488952430e+01 -9.763547362611015856e+00 3.286616315340412342e+01 6.518913467690873320e-02 3.918472087090775435e+00 -1.481065091822921431e+01 4.486654355151287632e+00 -1.308876695239344734e+01 -9.778571456861575584e+00 3.660975264842817012e+01 -1.942760222727272890e+01 1.641229000935728166e+01 -2.975602166405791671e+00 4.373375831995679697e+00 2.844087195426490666e+01 -2.936351896695478558e+01 -1.029542349894751752e+01 2.599448949888459737e+01 2.112883771168940772e+00 6.538941565213480800e+00 9.300153971890560811e+00 -2.548306246310790257e+01 1.890663590358745982e-01 -8.200450958028159931e+00 2.139902906425944451e+01 5.624984679146446398e-01 -2.218282002727896796e+01 -2.721936822020497004e+01 1.427405201131183254e+01 -1.402166753255284526e+01 1.317768955959095400e+01 -2.530035790861948897e+01 -1.145443643629625186e+01 -9.486635237091443074e+00 -8.801798989836733256e+00 1.640574191201404730e+01 5.599377843022982359e-01 -2.121658014942990444e+00 -5.334043055865246963e+00 -1.956297689387027461e+01 2.236888635442579698e+01 8.926787104217963176e+00 3.052260546799754692e+01 -2.283032885563184422e+01 -6.922985840179497252e+00 2.149118716235833304e+01 -2.653157118481219356e+01 2.728888374362365354e+01 2.958824781353733968e+01 -1.282855529444346843e+01 7.986514846680662361e-01 9.721051819962083229e+00 1.435347830910340861e+01 2.207351311518566916e+01 1.502030075709366841e+01 -3.134165345209292042e+01 2.048337630052834868e+00 -1.065226092615138143e+01 4.948422886887000161e+00 -1.230622555026122456e+01 -3.289060886708431042e+01 1.563006165248065038e+01 4.235495315133377403e+01 -3.129985789155342601e+01 1.322563643368072306e+01 -1.072441812595146793e+01 3.572597422618490448e+00 7.073646052395601735e+00 -2.031115578433388524e+00 5.557464570980489960e+00 -3.977541155831885078e+01 -1.159683813221298898e+01 -1.486812982297233177e+01 1.315385455792033653e+01 1.659546299169709727e+01 -1.997968218206846203e+01
-1.746237043089275787e+01 -3.400627740246557007e+00 2.148092394794903548e+00 3.296574751082990140e+00 1.426404012243141928e+01 3.880163471668044206e+00 9.137920213575279504e+00 -3.140387671639109612e+01 -2.708998922836349976e+01 -4.664112993005890551e-01 1.290701649078372348e+01 8.675228778316281364e+00 -2.639924379072723326e+01 1.156076100704473930e+01 -1.284854818915979857e+00 1.289947768637534331e+01 -1.669870936632933933e+01 -1.776245227203491694e+01 -3.332521995856147612e+01 1.252344685874987462e+01 1.733265773006354138e+01 1.322692911007661820e+01 -6.179355870556059394e+00 9.161163795316298319e+00 -2.820862054525686347e+01 -1.458392284535827477e+00 2.788699230881929481e+01 -1.819287231673603067e+00 3.648404246298123876e+00 -2.239345068349982526e+01 7.917014943354159229e+00 -9.003628615824384340e+00 -5.603400775569696179e+00 3.763592474562710777e+01 -8.707256888360541680e+00 1.615604093783623085e+01 -9.757298240163697622e-01 -2.045053507318101538e+01 2.434865517998064988e+01 -1.446578777823268602e+01 -2.389928116635436695e+00 2.672367083971028734e+01 -7.331215488820622461e+00 7.259375607806659580e+00 6.222065609776237238e+00 -2.104681921042464410e+01 -1.859170966894574173e+00 -7.096099453818212943e+00 1.717428984855192908e+01 -4.733835130535028135e+00 -2.855707244978168546e+01 -2.862356469374824997e+01 6.331616273989363997e+00 -7.800773245002947220e+00 1.128826603223815717e+01 -2.005116037138677143e+01 -1.236802121338991967e+01 -2.574033381042164059e+00 -2.282251357580686246e+01 2.322210081860797359e+01 -1.463906611088760634e+00 1.591964603650947296e+01 2.505155600567779750e+00 -1.319936878338194575e+01 2.277888876133276952e+01 3.753333425579604921e+00 2.987464623071808845e+01 -1.707536555006661416e+01 -3.753067030934372106e+00 1.329795263801966598e+01 -1.780651072996282114e+00 2.213061739299020303e+01 1.598697482958570504e+01 -1.853484376512750487e+01 -7.271293137280200547e+00 1.056505768703716797e+01 2.715231387811775221e+01 1.185374986363749983e+01 6.462345562307641345e+00 -3.178233903411193140e+01 -6.846984898801500741e+00 -1.537886919076999348e+01 1.488775873007590533e+01 -5.565665811966885812e+00 -1.784569725384094951e+01 5.118891315308167655e+00 2.455784278501223739e+01 -2.550356322453140479e+01 1.228043763253051779e+01 -1.441658211156157599e+01 -1.312862298564010155e+00 -2.789828728574966110e+00 5.387670481660215671e+00 6.018580275999027229e+00 -3.818547221239185063e+01 -1.474808314593879510e+00 -2.345598102463150525e+01 6.964037793425069900e+00 1.727408854744610878e+01 -1.461221291525606247e+01
-1.450655705990233812e+01 -6.163516910203321153e+00 -2.700391774902578756e+00 3.887788031832144053e+00 1.349168833688350055e+01 4.796430076183881397e+00 1.376828646674637291e+01 -2.371240906042945440e+01 -2.213732451258129430e+01 -2.724405641018623481e+00 6.176169859554137886e+00 3.709682008751346682e+00 -2.249364743743643302e+01 1.189023317066664376e+01 -1.091560557301187062e+00 5.683542028168517390e+00 -1.789754050498305915e+01 -1.757753585762735327e+01 -3.619050097347874839e+01 1.349833482504828730e+01 1.269383980896538588e+01 6.018645142915390878e+00 -1.002507044817390636e+01 3.798783022901378370e+00 -2.193332673606332506e+01 -2.642410888994863871e+00 2.062245936274159064e+01 -2.062324585331613669e+00 3.403850512214896540e+00 -2.241424696547373330e+01 4.919483118555264767e+00 -6.484453095773188736e+00 -8.741998222035299193e+00 3.525060877056534991e+01 -3.928587428152197081e+00 1.124120542893531471e+01 -7.149964585191280086e+00 -9.669976484289087182e+00 1.947107978179106169e+01 -2.199239465530229864e+01 5.720309909827089312e-01 2.755616606778223954e+01 -1.156026118275161174e+01 5.762174393842908415e+00 5.335635431012324403e+00 -1.774132080785168952e+01 -3.210795137756125239e+00 -7.943627495428021490e+00 1.463403521107499294e+01 -7.444298207972925852e+00 -1.907021321885626719e+01 -2.575787471895474567e+01 1.225940853242063078e+01 -1.990648075168838238e+00 9.483270649223284110e+00 -2.700977971436361003e+01 -1.826682937219566938e+01 -7.190818307333606718e+00 -2.170269935914948789e+01 2.507564501111922795e+01 -8.427687141561078121e+00 1.547870841005354414e+01 6.751962013985577382e-01 -1.407040531241987580e+01 2.407632381168230751e+01 -2.004478551243839557e-01 2.882051993566732406e+01 -1.765954566202126585e+01 -4.922569303050840617e+00 1.312267139278671024e+01 -1.362255440613951230e+01 2.592268478575974910e+01 2.260525538584778360e+01 -1.678931470723656716e+01 -5.331178841558892323e+00 4.311015409251088393e+00 2.453285421282210166e+01 1.085281260438404338e+01 6.372362960697764978e-01 -2.361867056284804889e+01 -1.132364120574814947e+01 -1.495584178222135741e+01 2.143926164865645489e+01 -4.375572006320520124e+00 -1.618461454580581815e+01 -2.397376819180727647e+00 3.261986156586826979e+01 -2.258344328084575992e+01 8.599878146285741209e+00 -1.155577233334104115e+01 -4.394508270559014385e+00 -1.840209755086716026e+00 2.461974881249465508e+00 -1.728048935988237167e+00 -3.409443889565962849e+01 -5.875983619871402830e+00 -5.653144506907546329e+00 6.813869572592389900e+00 1.269603522844576915e+01 -2.353687542382159137e+01
-1.247650546342432420e+01 -9.928883177199967491e-01 4.420037420098425152e+00 -1.171574947780095677e+01 2.512257275625934128e+01 8.926950622676194769e+00 -1.677379572162978061e-01 -2.933565995776300994e+01 -1.711855339297557066e+01 -2.602840942986344608e+00 1.339907497430413308e+01 5.211848979210630617e+00 -3.736342949894616083e+01 5.920527462158823973e+00 -5.381779070276477839e+00 6.841421392729481354e+00 -1.203059297804755801e+01 -3.147970957516236012e+01 -2.872224135938974854e+01 2.092437473947236981e+01 2.162458279481401391e+01 1.483403568989182908e+01 2.375727566712973804e+00 1.350991526030842715e+00 -2.235448022845368499e+01 -8.516397061041580230e+00 3.059399767552179483e+01 -1.756089329729837889e+00 3.729462422028152258e+00 -2.212129817894660633e+01 -2.544927752413590927e+00 -1.392572878605332676e+01 -6.594323968336905928e+00 4.218685371286301233e+01 -2.300250319884719286e+00 1.870032562094949924e+01 -1.080110041939293453e+01 -1.978290526206524191e+01 2.547110059915415547e+01 -2.498862977549153186e+01 7.389494008126342717e-01 2.542666303040131481e+01 -1.291650427353347652e+01 2.787166682767529835e+01 2.442515687643897149e+00 -2.099158388759650862e+01 -4.786868628808718995e+00 -1.729280729838735198e+01 3.417474464617106378e+01 -1.508535790019334577e+01 -3.239993743879050925e+01 -2.577301607061339439e+01 4.669266315706231296e+00 -1.581198101850925575e+01 7.663085563181978976e+00 -4.191484418025855518e+01 -1.574709774676732543e+01 -4.307152992058114194e+00 -1.770038769490581743e+01 1.706616817115430251e+01 -1.361661324817759322e+01 1.490608774921103574e+01 3.962323666422951973e+00 -8.148807540189970666e+00 2.593834941909351599e+01 5.536400012702550555e+00 3.856716211232212999e+01 -9.991209612799176298e+00 -1.471631135259856116e+01 1.428831309505291181e+01 -1.411241305096245746e+01 1.874515067657447887e+01 2.112821743774967942e+01 -1.981659521365685350e+01 -3.761135855565309605e+00 2.507844340286391471e+00 2.407395675521770428e+01 2.201385687823765647e+00 4.866477450881786737e+00 -3.546152367099297464e+01 -1.063733571777365405e+01 -1.265484419477101330e+00 8.453269703735884377e+00 -1.613235577494448947e+01 -1.957390779996933716e+01 6.069673402447850030e+00 2.159601283800422067e+01 -3.663878155116204738e+01 2.419456528097565062e+00 -1.006378728373186426e+01 9.369837902609713609e+00 2.984863739487141565e+00 -1.024752529339595597e+01 -5.741330345206535846e+00 -4.005560591049113839e+01 5.534902010056152122e+00 -1.729806361404578396e+01 1.542338589010169869e+01 1.743003692470552224e+01 -1.329606642917287296e+01
-1.793718233160127795e+01 -1.163812612189433970e+01 1.067396101114630902e+01 5.302506293958943573e+00 2.041886677773480230e+01 -2.209025782821149253e+00 -1.779413167673755902e+00 -3.573401772351659389e+01 -1.731630670030463648e+01 1.595783558097616961e+00 1.583945340702103621e+01 1.190772897883217024e-01 -2.359748001161775832e+01 -2.839304261958080833e+00 -6.176946474564362966e+00 2.633628766022057022e+01 -3.818481371229444221e+01 -2.035000870269706041e+01 -1.942711469599776208e+01 1.438596537083427940e+01 4.060274412173920489e+00 9.985935964763767103e+00 7.797982040394882297e+00 1.166609048648406954e+01 -4.119805883326404938e+01 -6.519443429035728599e+00 2.855450627320268353e+01 1.018982091968556825e+00 -3.886704797973580927e+00 -1.314842760242386532e+01 1.111919352961757390e+01 -1.087920914971101549e+00 -1.744341961088411708e+01 3.359598952036126462e+01 -1.744575054169640538e+01 2.994886459087242514e+01 6.828594735767066659e+00 -1.440202058269602237e+00 4.138590110831265889e+01 -1.955450459413383513e+01 2.659914305308861859e+00 2.996444568753946669e+01 8.717856082854249067e+00 1.222958440850681505e+01 8.780740509423971218e+00 -2.441566257522238814e+01 -1.856524851539957721e+00 -1.160009281185220686e+01 1.863305588740368890e+01 -2.082389018402278413e+00 -1.739133833053708145e+01 -2.489853531969873757e+01 3.533088505759623743e+00 -2.300569620025011375e+01 1.868396528462151451e+01 -7.425065529675847209e+00 -1.224609707054942120e+01 -1.013352210995399005e+01 -2.622563645525737996e+01 1.794706780201962104e+01 3.770434356072670301e+00 3.923046663676402090e+00 -5.813040884126950303e+00 -1.866796685930951583e+01 2.259488203758428781e+01 4.571443651613072312e+00 2.605019366852270934e+01 -2.272893242839676198e+00 -1.627910774903879698e+01 2.198412421862768795e+01 -1.298179412636136121e+01 2.410735912674143222e+01 1.304887825416101244e+01 -8.981285515403921949e+00 6.132580658535501383e-01 1.651812160873979352e+01 1.933605065382513999e+01 1.515236965956293957e+01 2.334790008156853958e+01 -3.243124067769765162e+01 -4.952853370342608308e+00 -1.107942345179552746e+01 6.510139162274467317e+00 -1.286352019778976263e+01 -2.914775273347548534e+01 1.189668287217930853e+01 2.554206499738805292e+01 -3.299697998967290857e+01 8.575040372152281876e+00 -1.172939792599026276e+01 -3.737946185262614573e+00 6.864428890168517983e-01 -8.898992002032176885e+00 1.767061475400492654e+01 -3.181920728763209638e+01 -1.130044388141431178e+01 -2.769972214772485586e+01 1.597810618584945175e+01 2.581891394759642466e+01 -5.198118304679560708e+00
-1.590381102969354821e+01 -4.629209851685022414e+00 -8.700282251549769086e+00 1.909999747031426409e+01 1.877748683650107964e+01 6.930851027463834413e+00 2.385362850305032534e-01 -2.657071073887396295e+01 -1.899533272153430019e+01 -7.185699873550072780e+00 9.048319618806754949e-01 1.045907020781093166e+01 -9.625876011163544632e+00 -1.759288004889725698e+00 -7.825523946959538346e-01 -1.420439430497827837e+00 -7.573981335097892398e+00 -2.562669759404101200e+01 -3.005354168766788092e+01 1.692355217955816471e+01 2.674180214607699391e+00 1.604727046555731063e+00 3.938639859308557423e+00 -2.656840421367745453e+00 -2.398960548005709015e+01 -1.925189303300324184e+01 1.755510810547768230e+01 -8.710255675793458607e+00 -1.339808959804877375e+01 -8.184038904301173645e+00 3.622216792042033395e-01 7.079396448590950186e+00 -1.380104759556402882e+01 2.778830083819699581e+01 7.334503912120530877e+00 9.802914754666200992e+00 -8.729119895971326315e+00 -1.743482187044999066e+01 2.868762476451176724e+01 -1.503413723314114492e+01 7.005210617902165815e+00 3.088777301964459454e+01 -3.105620529022402820e+00 1.222373975959213865e+01 8.288661070130409314e+00 -2.827164605169782874e+01 1.470279354424809837e+00 -7.685777873882410738e+00 8.125666651986993116e+00 -1.464064595903093391e+01 -1.067331543574987229e+01 -2.845905360659339678e+01 4.188177552805050219e+00 -6.661175939415096892e+00 1.387508986732919780e+01 -4.955453709222855885e+00 -1.072059210635297077e+01 -1.630842065851935985e+01 -3.636221954497325015e+01 2.891329556848817361e+01 -1.510679249936850077e+01 1.860732955104178288e+01 1.166834360714673835e+01 -9.033210254178891674e+00 2.716876579511441392e+01 -3.552824878496054772e+00 2.707984975409024031e+01 -6.867733069787896660e+00 -2.002328553892943930e+01 4.205754597599146827e+00 2.859419113195075024e+00 2.408021096781818216e+01 5.414014692321167388e+00 -1.879849107117055240e+01 -2.385720273817138359e+00 1.491426258730009735e+01 1.889895172747739949e+01 9.053431652649706507e+00 -2.028831025015120915e+00 -1.993856718553897878e+01 -1.416055406808439265e+01 -7.150535127666274526e+00 2.436545541005830984e+01 -1.245163928531301245e+01 -6.409596550705846940e-02 -1.830506370678627448e+01 1.654456828590476292e+01 -3.357554689380965840e+01 5.778321769266596242e+00 -9.696371126334483392e+00 -1.266110159301071114e+01 -1.194244151246017971e+01 -1.573567417463633689e+01 1.630333132841385702e+00 -2.619095517127822248e+01 -1.656108890038550285e+01 -1.689321953885592364e+01 1.709553338369880038e+01 1.407655500313602737e+01 -1.199692254158407856e+01
-1.571001410075170135e+01 -1.454154244509427762e+01 1.013344674371934140e+01 -5.236159307220169978e+00 1.882940488721375516e+01 4.000086805778580334e+00 -5.349009571203812818e+00 -1.740652822178756054e+01 -8.754884942524787661e+00 3.124474543820995098e+00 5.146225845836280843e-01 -2.054207546065834578e+01 -2.872640870344394415e+01 1.094729437889486734e+00 -2.724013529742234763e+00 2.448971031361115180e+01 -5.104334369622061018e+01 -2.045228158741420188e+01 -1.393754056723263091e+01 2.048470163888203643e+01 1.103285893612985458e+00 6.470374126907227463e+00 7.394513079584336346e+00 1.222196144198702328e+01 -3.244997082029847491e+01 1.039327520654031556e+00 1.507495560968449766e+01 2.039598173067042097e+01 7.259635751919953250e+00 -1.073629514938535401e+01 8.748332495709137291e+00 -6.378142810723535838e+00 -1.774877454586296466e+01 2.390394588039779578e+01 -2.238862865931126933e+01 4.371313968036982089e+01 1.401638290570963452e+00 2.891597905001320612e+01 4.231508164800327165e+01 -1.888364277144729897e+01 -7.433416756447574159e+00 1.674120324617670619e+01 6.748567445703654855e+00 1.922449131339762474e+01 5.340779725709738024e+00 -1.475601303276586762e+01 1.976288596976697232e+00 -1.259077756287817884e+01 2.212518072235788935e+01 4.411478751239065410e+00 -8.855691076656610150e+00 -1.256494453340835449e+01 1.822342088352778333e+01 -9.303054050795944718e+00 1.599701744532803538e+01 -1.301608622592573816e+01 -1.018062333460036523e-01 -1.104554360949519065e+01 -4.902181716104347942e+00 1.987861551251650383e+01 1.298192733425997503e+00 -1.857534224812364698e+01 -1.283453639193381690e+01 -2.119094010046329757e+01 2.377280390895896645e+01 -1.566309423228935183e+00 3.356868814856965599e+01 4.727052690901691001e+00 -1.230436411372396499e+01 2.784944080005945111e+01 -3.003947071494237520e+01 1.890525168478622220e+01 2.137149581516948160e+01 -3.066405962030593901e+00 1.885317643058630210e+01 3.442374643022180436e+00 1.205582351880854475e+01 1.754046596700534089e+00 2.502317805637118653e+01 -2.236511940731251613e+01 -8.053612175093523007e+00 2.785498526615282078e+00 3.960218371939510096e+00 -1.288927972999626093e+01 -3.423600855532922083e+01 6.107182551340324395e+00 2.520208266972715450e+01 -2.151098085256845494e+01 1.191086458351964872e+01 -6.928664105008579099e+00 4.631898197409189954e+00 6.850962764793668391e+00 -9.821868931591090757e+00 8.754800301113643712e+00 -3.680631171162400506e+01 -1.386917934716532308e+01 -1.067480035892341306e+01 9.602476410422170261e+00 2.094850845027388786e+01 5.824158823214584224e+00
-1.464118258020791963e+01 -7.270563192200498293e+00 -2.089541246176317646e+00 2.567465233462141061e+00 1.897432340525745786e+01 7.891574052355017077e-01 1.110171995069777928e+01 -2.932223822697358173e+01 -2.166210141049888094e+01 -4.392968453684555463e+00 1.140606009934922760e+01 1.079144758039389096e+01 -2.751748593544231625e+01 2.770453567064784739e+00 -5.946470438444689144e+00 5.146013319179062684e+00 -9.444635805677085827e+00 -2.378978497016809968e+01 -3.356022365806574470e+01 1.591689852091225177e+01 1.460008390547368151e+01 5.307345568292072713e+00 -5.905019446619176549e+00 -3.870730052603292837e-01 -2.187503747568047530e+01 -1.222667174162120496e+01 2.581526222797317871e+01 -8.470888463316017081e+00 -4.949579708359468921e-01 -2.298430543056698383e+01 1.248437254197594326e+00 -4.837010112764091652e+00 -1.292194107004572068e+01 3.950745826577179542e+01 2.749900175914961054e+00 4.011311763907180250e+00 -1.227980247067593211e+01 -2.315894610172490076e+01 2.317400122836713905e+01 -2.550205564911476586e+01 3.361605416719184447e+00 3.046242227779994494e+01 -1.128112954231524867e+01 1.307808685438666707e+01 3.935149545367026658e+00 -2.237062546099386751e+01 -6.178407841568564152e+00 -1.289996779555104034e+01 2.093695802188587152e+01 -1.600790743473788780e+01 -2.017954236055774686e+01 -2.995058640806512784e+01 7.329752247878642990e+00 -8.667499441048782671e+00 7.597282297479912572e+00 -3.478283527484732218e+01 -2.218824964391277987e+01 -8.396799361327616396e+00 -3.218967671543789066e+01 2.260802437566141876e+01 -1.558940682066222827e+01 2.101633423249921151e+01 6.377941339862462478e+00 -1.122183900277110169e+01 2.634917982705066208e+01 2.659328487595416401e+00 2.874707763603288058e+01 -1.668542211040526979e+01 -1.645060688596687015e+01 1.123040844388422599e+01 -1.031564205138013968e+01 2.510446075183185499e+01 2.174508914222201739e+01 -2.112932204144658144e+01 -7.692794648598308527e+00 6.792171704791925890e+00 2.340644192994741957e+01 1.350233187373502908e+01 -2.613378851589972296e+00 -2.808789107918861205e+01 -9.135201476879732496e+00 -1.023035512515779999e+01 1.582800820232808725e+01 -9.311640153240695383e+00 -1.190454078273419469e+01 -2.389780512241935106e+00 3.060072894480930117e+01 -3.171905750219195141e+01 6.943442487803934693e-01 -1.218053375014034501e+01 -5.485071616393888405e+00 -1.202328281638153307e+00 -7.724924047928626969e+00 -3.647757656818119365e+00 -3.150546874731671565e+01 -6.396384314982571873e+00 -1.099387393790253142e+01 1.737039975544948689e+01 1.030239140832125422e+01 -3.060348984398243743e+01
-1.701835836929395995e+01 -3.795987932725997549e+00 -2.871927819702281282e-01 1.417783337950841549e+01 1.856062170866361072e+01 8.777187516947746460e+00 -4.919947541289758419e+00 -3.176600683382793733e+01 -1.515359465343337853e+01 -2.864833942139056067e+00 3.035100694253797471e+00 6.165490533654799599e+00 -1.452197825652324958e+01 -5.861100395930741946e+00 -3.700140578711945238e+00 1.578593443589666911e+01 -1.879437276810066493e+01 -2.668759967302576186e+01 -2.419344942996696801e+01 1.374760863054924975e+01 4.370320463429766100e+00 5.746971557519555240e+00 8.604708083896703386e+00 -2.911750510907941125e-01 -2.649088802378130225e+01 -1.215799353668679750e+01 1.780020709826517589e+01 -1.837313417347553601e+00 -1.166682039791831116e+01 -1.158873373680155261e+01 5.824807415613772577e+00 2.904276027112165259e+00 -1.899605150952126209e+01 2.858192920769146639e+01 -1.135645189253849274e+00 1.735742461439144790e+01 -4.414023477017969821e-02 -1.426786277584629659e+01 3.423566560611933340e+01 -1.707589290926553005e+01 7.098417839497663806e+00 2.835658339015743579e+01 1.181628972745556005e+00 1.716179046828166577e+01 6.918260903575400356e+00 -2.661867419855432715e+01 6.226564432211103561e-01 -5.683147960986183023e+00 1.007909668691105054e+01 -5.689146154683704104e+00 -1.821866095153716714e+01 -2.621141631085825097e+01 -1.531672315978836574e+00 -1.683421975823672412e+01 1.722983754452037530e+01 -9.530694115786223719e+00 -1.070641278791581463e+01 -6.743156530534383464e+00 -3.029050904071177186e+01 1.947454975745561256e+01 -1.253863444150147544e+01 1.317121254025080468e+01 -2.855272713607686974e+00 -1.041848258481178213e+01 2.610853088390127041e+01 -2.969562172859334215e+00 2.242557787684696180e+01 -2.065577231399041702e-01 -1.728384509131707603e+01 1.006095210224981606e+01 -1.536014463453493795e+00 2.112816741535727161e+01 8.069705736206403301e+00 -1.705496403648949411e+01 -1.575132436066533748e+00 1.518888501867273000e+01 1.847689973762706828e+01 1.279755113363954777e+01 1.029251790027093705e+01 -2.458545733538784717e+01 -1.222736381501928804e+01 -1.270013763848319677e+01 1.803259419290797183e+01 -1.597075935539096392e+01 -1.695807168029449841e+01 -1.851114469411173191e+00 1.744082059735701051e+01 -3.327521702927353431e+01 7.941916458059750106e+00 -1.334416610441105355e+01 -1.226143663582355714e+01 -6.293171662987632864e+00 -8.434203732089178729e+00 6.988465368728656202e+00 -2.043841931855301652e+01 -1.551613381672908609e+01 -2.040900641942738147e+01 1.896473741395575985e+01 2.024724503165655776e+01 -5.907559421392620358e+00
-1.461528899763444578e+01 -1.247257999170752107e+01 -5.777556983451594519e+00 1.269859275741094251e+01 1.615843932801936589e+01 -1.771714202989652653e+00 5.322647891287398458e+00 -2.610932515198885184e+01 -2.402313003345154030e+01 -2.550756729657539079e+00 6.303645506955126265e+00 5.430925588706443818e+00 -1.543518469969531104e+01 3.758656813210409009e+00 -1.034441483951345608e+00 6.015248673341474728e+00 -2.351156537309377015e+01 -1.574902529858650269e+01 -3.166227053513684808e+01 1.302353823954994816e+01 8.663115765877395236e-02 9.698945514054780892e-01 -3.729571225489812125e+00 6.845385013537002905e+00 -2.852263454634544715e+01 -7.807216278605272564e+00 2.090475583492563416e+01 -3.195344145317070339e+00 -5.968430329328437089e+00 -1.526919394180634981e+01 3.413008887177221062e+00 2.583319407914288046e+00 -1.538686585402797036e+01 2.389906146437622070e+01 -4.411821152344090002e+00 1.400462635336562300e+01 -3.382572832366181892e+00 -6.215818104026155311e+00 2.932377747134033896e+01 -1.910381346414972725e+01 3.985744381636624034e+00 3.132970530664976394e+01 -3.821570462130224888e-01 3.166377230405746257e+00 6.441001872943273199e+00 -2.692607962359748086e+01 2.548611601178675468e+00 -6.250420716261239740e+00 7.759282036288146500e+00 -4.120338889079720346e+00 -6.794963837272030460e+00 -2.695700406327885190e+01 9.900785608630460644e+00 -4.518820375641144693e+00 1.342170872068973964e+01 -1.060579651760073716e+01 -1.340266215976143904e+01 -1.481595097170348829e+01 -3.067854841912163977e+01 2.721587042222958530e+01 -7.378747388064011759e+00 1.145707919543419528e+01 4.290581754044755058e+00 -1.705800288549095711e+01 2.262176112369585823e+01 -3.105435808564732003e+00 2.377769419646436333e+01 -1.026413207854021081e+01 -1.586713257310178626e+01 1.246256494081584520e+01 -4.123266883170286334e+00 2.739287400824559882e+01 1.782324475259934005e+01 -1.382251262569069006e+01 -3.994172758716062477e-01 1.148189943943896374e+01 1.494048809954049695e+01 1.768879671968980460e+01 3.428034088033313331e+00 -1.874178487402974369e+01 -8.445473021567453387e+00 -1.305744359506664765e+01 1.967932359822018640e+01 -5.679441948879217605e+00 -1.442397105632784360e+01 -7.646159088324872677e+00 2.842110962822710007e+01 -2.739455277213847850e+01 1.176488864365481213e+01 -9.254049340564980852e+00 -1.305540589974062904e+01 -6.278956813083813593e+00 -7.244833308757657520e+00 7.848276016318454396e+00 -2.841745272241086795e+01 -1.416920253883242786e+01 -1.134687455907968001e+01 1.538539815776474384e+01 1.430542577724791720e+01 -1.492240140085800526e+01
-2.181294097416891020e+01 1.212006291772217859e+00 1.843447715484372651e+01 -1.773298422077720149e+00 1.839810437972036183e+01 1.870827647922985548e+01 -1.680174218118774121e+01 -3.335413849921393847e+01 -6.216798142450179476e+00 -4.068390160867136451e+00 8.979171715108716256e+00 -1.084342285464330757e+01 -2.746755458927987448e+01 -1.481682195829418802e+01 -3.854814492432511841e+00 4.271402615093320776e+01 -3.848319929947766127e+01 -4.135942636248255866e+01 -3.661897355881690963e+00 2.189375264915123509e+01 1.448057257155507394e+01 1.502786947237472326e+01 2.277997119066412068e+01 3.963282797121404855e+00 -3.182974070396069877e+01 5.919241149697376692e+00 5.439880687710429541e+00 2.078734051011222306e+01 4.471322018413707688e+00 -1.031158299368586562e+01 2.406406645431604119e+01 -7.288142008827286134e+00 -2.480878053264563832e+01 3.383365912338294379e+01 -1.668186171288452257e+01 5.317341674077859892e+01 9.228240107783648227e+00 4.917270818167757795e+00 5.453586570519942001e+01 -1.132645255161476783e+01 -7.919154617202692759e-01 1.505478354323975232e+01 3.493634728954107427e+00 4.067592456244235422e+01 1.294132742660415003e+00 -9.294843136947875450e+00 -5.397166247361963265e+00 -1.749162492701711713e+01 3.411158093231993149e+01 -1.192058724834201389e+00 -2.184021752369677216e+01 -1.210317780353356021e+01 1.272032378348387116e+00 -2.758790267726303114e+01 2.384589109413080621e+01 -1.182720057269851566e+01 -3.727612355580164571e+00 3.572140710056476376e+00 -2.398443555916530201e+01 1.304999781975029194e+01 -5.376877336880308889e+00 -1.117167097683532173e+00 -2.592819856523165356e+01 -1.497639924282143831e+01 2.407645867156238850e+01 -4.990105510617749651e+00 2.964933598777774293e+01 2.351403727570183122e+01 -1.722108581883773937e+01 3.045426942357691047e+01 -2.000943632013926177e+01 1.004140513404051838e+01 1.263605560351199308e+00 -5.789466472677399445e+00 1.036900200680319095e+01 4.006299245761219652e+00 2.462568385569277041e+01 -8.553021331341273736e+00 3.584099580672992147e+01 -3.629065331841439246e+01 -1.414183066776917563e+01 3.637026247339076312e-01 1.930366315196315741e-01 -1.668903636336154861e+01 -3.581470114458008425e+01 1.530840159114227639e+01 5.202344888834570469e+00 -2.482841101241423232e+01 3.663203020121057030e+00 -9.289545774938060774e+00 5.238922575232556333e+00 6.524911675272682565e+00 -9.349976123218837643e+00 1.644537955491861680e+01 -2.295832986470580295e+01 -1.073500580091040213e+01 -2.926594285993489208e+01 1.027357947083374334e+01 2.821735099361948329e+01 9.597341039098537863e+00
-1.225883579366364629e+01 -5.158228310449003651e+00 2.473553679594989507e+00 -4.016531643741861224e+00 1.842918630167300265e+01 6.719281548126057046e-01 1.062272916231242981e+01 -2.316844338368721168e+01 -2.388431273625025497e+01 1.775440546739010417e+00 1.376577773304900809e+01 4.456220270143789186e+00 -2.727467230592091596e+01 9.740449270010520522e+00 -1.242072255424983229e+00 1.114813759223756762e+01 -1.828331475200436174e+01 -2.244383641070776747e+01 -3.225939331045987757e+01 1.593354642386835707e+01 1.685161668203044982e+01 1.196002444067703685e+01 -4.924609831412881888e+00 5.660896133598824598e+00 -3.279487831444820500e+01 -4.055682658103577864e+00 3.088763896077966464e+01 -1.368086116332266622e+00 5.342245905319228605e+00 -2.309684486076714904e+01 4.131091052340549297e+00 -6.261278291299556820e+00 -6.365782770360927323e+00 3.608715732421223521e+01 -1.074288702065592815e+01 1.714781280852481160e+01 -9.562831482006444617e+00 -1.086277487285082621e+01 2.325690194886747975e+01 -2.472125652415773445e+01 -4.169765423891453437e+00 2.615173174397298794e+01 -1.160423018048340360e+01 1.029048688908642539e+01 3.296700140329879236e+00 -1.920694423404851392e+01 -5.244443707179861747e+00 -1.293736204904294240e+01 2.297162425828967969e+01 -1.061321218765290197e+01 -1.996805902432113200e+01 -2.627219913311256505e+01 1.304824507239654174e+01 -4.528012707293362027e+00 9.403993039389231257e+00 -3.332163481391346238e+01 -1.830583653322493376e+01 -7.233365150238427077e+00 -2.327352882057815364e+01 1.785747219417066844e+01 -4.673793197841328961e+00 1.055768598950282033e+01 2.123241110451637326e+00 -1.215406191812409986e+01 2.455408423537167195e+01 -5.185066763611311247e-01 3.195513924441075915e+01 -1.466552992985200632e+01 -1.215360961544593721e+01 1.840349540378310422e+01 -1.291135362520128105e+01 2.184017191732152696e+01 2.079343771711666378e+01 -1.603360945976212548e+01 -5.085533018207675227e+00 1.913191067802282985e+00 2.187827068175583989e+01 6.956263224851138460e+00 3.092287789929065056e+00 -2.844194429462862672e+01 -9.620896664655242958e+00 -9.327454536055057588e+00 1.270704956694805787e+01 -3.455402490438998608e+00 -1.510401481504304932e+01 2.231786448042128335e+00 2.850023181176645437e+01 -2.741219637260311259e+01 3.064346505513038110e+00 -1.219566343337530334e+01 -4.459260576040773305e-01 1.694205995234516982e+00 -4.944553354468684603e+00 -2.317528965417276765e-01 -4.128613160816831140e+01 -3.994943644686550943e+00 -7.874932291755623481e+00 1.086206927796367339e+01 1.271812876626295363e+01 -2.351839386186529168e+01
-2.039123608152946687e+01 -4.657036627212717939e+00 4.571272569853774392e+00 7.547696258726427132e+00 1.744289545394331853e+01 5.789724912574786053e+00 2.442138050666322613e+00 -3.110933065702484868e+01 -1.378146631232782582e+01 -5.637053660144077050e+00 8.881814630739828687e+00 4.654494072170744623e+00 -2.152615349562503511e+01 -6.077196153311741789e+00 -6.430206303527532974e+00 1.924201330136482824e+01 -2.106364715217193506e+01 -2.967670350785405731e+01 -2.292101950534642540e+01 1.640375942311120383e+01 1.224925809340172478e+01 3.224609421718872770e+00 3.089352560091073840e+00 -2.881208093645588164e+00 -2.552669272334019723e+01 -7.080046245450472675e+00 1.407399966316447681e+01 2.381778389816869623e+00 -2.366848582257755851e+00 -1.884557775453536976e+01 1.168402364875780641e+01 1.818023937228409048e+00 -2.358516029357183541e+01 3.695775897429850687e+01 -1.523437413584719069e+00 1.928645144213132667e+01 -5.686958183053908655e+00 -1.291588173865512879e+01 3.510043350530592932e+01 -1.998603481053163122e+01 5.561843598741337047e+00 2.691934140986666790e+01 -4.127848318475182410e+00 1.901977283846873235e+01 4.446244270241885843e+00 -1.617357645515112452e+01 -8.683893955672276732e+00 -1.377005488828809554e+01 2.081805751797981685e+01 -1.301543549484212470e+01 -1.448310279356285868e+01 -2.265050636836070908e+01 5.119619805662476431e+00 -1.459110407247104391e+01 1.418678694239947191e+01 -2.304393995812331042e+01 -2.048371744924491722e+01 -6.675883657144222383e+00 -3.541472542136965984e+01 2.032870169813613970e+01 -1.253900790942827115e+01 1.359338746713069135e+01 -8.366379650468640961e+00 -1.337401090978429075e+01 2.708893899616363043e+01 -1.456643504602195272e+00 2.429939636751634424e+01 -4.227084816830367631e-01 -1.915551097672818770e+01 1.959631652374202915e+01 -1.581575045730068751e+01 2.074702795636292407e+01 1.389072304174844774e+01 -1.488999885283224245e+01 -7.293400081446910210e-01 7.152399212158639052e+00 2.348385848615005145e+01 8.105318467212779154e+00 1.133272822164481752e+01 -2.872083428967309260e+01 -1.218935218535020937e+01 -8.277041128308439966e+00 1.408153119172749790e+01 -1.188423839966136875e+01 -1.739246791232704226e+01 7.966948345340840731e-01 2.453346831321987054e+01 -2.634603271865801588e+01 -1.771995679742805807e+00 -1.136567043939130173e+01 -8.001324689044370331e+00 -4.831079245489121599e-01 -8.588353915015982665e+00 4.344437074094058104e+00 -2.228021851876304638e+01 -1.315115107719996779e+01 -1.213390527802942920e+01 1.642967323408166891e+01 1.539688156255611773e+01 -2.005579123977470601e+01
-2.083048197916140509e+01 2.936222902124416834e+00 1.284693392047945792e+01 1.120455048962127054e-01 2.058434867403028079e+01 2.069196994820732627e+01 -1.246481569143574752e+01 -3.300248897708299722e+01 -3.024380940766969061e+00 1.924249635637000466e+00 8.615312230591955611e+00 -1.001712558990739943e+01 -2.103595291547884827e+01 -6.479223980375538261e+00 -3.204556015623398757e+00 4.234406948162417450e+01 -4.059767722235783793e+01 -3.940885585580371497e+01 -1.281049124138485062e+01 1.882146937818031063e+01 1.308634299255997036e+01 1.643843670405551549e+01 1.997655735100884655e+01 1.008728602608934155e+00 -3.400843392317945302e+01 5.383882752310383601e+00 1.215394482763216644e+01 1.787584118405841949e+01 2.613932592624657048e+00 -1.136071876922092194e+01 2.226805369146340041e+01 -5.434220676286892981e+00 -1.955601776809975689e+01 3.581394413140937161e+01 -1.826285419288773682e+01 4.812830288785401223e+01 1.349779059951548277e+01 5.511181874644757173e+00 4.524686256555781938e+01 -1.662949139161096568e+01 1.697068666710788598e+00 1.769868318710243926e+01 3.194654827976846967e+00 3.190946399999463168e+01 5.806760593386720792e+00 -1.178788396546045192e+01 -7.036727166296776304e+00 -1.408947202873040183e+01 2.474766254836545798e+01 2.035574837440759399e+00 -2.588683701776304247e+01 -1.368220140408947216e+01 -4.031520614000164926e+00 -2.834037621026209308e+01 2.959553088266233090e+01 -8.733264700795514202e+00 -7.558864699688133015e+00 3.993155784077693671e+00 -1.535391487153642132e+01 1.372228046084614661e+01 -1.485819848789258213e+00 -2.945151131700698866e+00 -2.451053052082161798e+01 -1.179360318256247275e+01 2.599352384542405403e+01 -4.363068989007866882e+00 2.472132154465149512e+01 1.884447704771428533e+01 -1.050480712406787376e+01 2.698861820830261848e+01 -1.875271399944606898e+01 8.553403352711184127e+00 4.972923747443541487e+00 -8.505344033455459751e+00 6.285107110556863219e+00 7.293542492901870844e+00 2.397540625694940175e+01 -5.287106992100167879e+00 3.660613727244076898e+01 -3.716934544886296976e+01 -1.477182643826969510e+01 -8.852131906862480193e+00 6.735593359803980107e+00 -1.868434624662067733e+01 -3.896072821020251098e+01 1.993683881787890755e+01 1.193913161726967864e+01 -2.509623012351867644e+01 4.278750423939524872e+00 -1.529048513267712295e+01 1.534066590355541493e+00 3.021956852038371277e+00 -2.376870960572332603e+00 1.111939369680266054e+01 -2.320700285767084736e+01 -8.562325811015812249e+00 -2.819091732875072864e+01 8.632505773921774761e+00 3.046227204821021317e+01 9.681207026528436899e+00
-7.742707194192223419e+00 -1.309277209614869797e+01 -6.195293327465008382e+00 1.009951458165177485e+01 1.445188241158032660e+01 -3.266930975375520685e+00 2.233692646878989407e+01 -2.415969867143224192e+01 -2.040320293169832411e+01 1.320995930464175183e+00 3.232081495673429394e+00 3.912585540431991138e+00 -1.475783830438330568e+01 6.456153963861188672e+00 -7.579325637452017927e-01 1.169119350212365482e+01 -2.134375375508072281e+01 -1.652981107968023267e+01 -3.377456165825010714e+01 1.130801125727696821e+01 2.013858095399783998e+00 5.347837112834462836e+00 -6.490245662851663155e+00 4.005694719772956880e+00 -3.088860953954033661e+01 -1.459736714805365487e+01 2.648627627948850005e+01 -1.360362572300517847e+01 -4.815348776483427073e+00 -1.331186531061078959e+01 5.349387153440880560e+00 -3.335946715566846521e+00 -4.969669168145520288e+00 3.360608525519675283e+01 -7.994379173075826017e+00 1.363612531444769571e+00 -6.205772166344596386e+00 -4.531160183164232969e+00 1.824205131811585900e+01 -3.034194746272131837e+01 -3.792621396151269586e+00 3.211253755542205823e+01 -8.135469322972570083e+00 -2.421175674952892987e+00 9.081765107711618157e+00 -2.469774885571473533e+01 -1.438424179025453720e+00 -3.100464258654526351e+00 6.947011034664409834e+00 -5.687885726343496096e+00 -1.432628942150714657e+01 -3.156824466307490340e+01 1.138070681103486592e+01 -5.272177773315601890e+00 1.554542108728377592e+01 -1.875155556470251383e+01 -1.791027510224331465e+01 -1.044346989438233919e+01 -2.579050049656289190e+01 2.016627450924736209e+01 -6.663932430877180124e+00 1.383721532888768202e+01 1.264652282484458379e+00 -1.294096807837496321e+01 2.462490927648443773e+01 -1.081304997256737011e+00 2.318673893371184391e+01 -2.478530963470216975e+01 -7.890243317126875766e+00 1.068306758740529538e+01 -1.376594589777688071e+01 3.056758490696190833e+01 1.852664976930552854e+01 -1.663514662623512308e+01 -9.763082261232796100e+00 1.026782898015942180e+01 1.870340215625465063e+01 1.880836139349874969e+01 7.741763916189690065e-01 -2.033459150854106312e+01 -1.001254440701626258e+01 -2.208551811994759717e+01 2.186419695491474258e+01 -5.957522416862828685e+00 -1.390063794927308116e+01 -2.316305871483506085e+00 3.776285154986894099e+01 -3.017127970665409009e+01 8.676345519173175092e+00 -1.530378216468982622e+01 -1.134749536714672047e+01 -1.773521147096012829e+00 -2.091725619631690236e+00 4.387228799219596853e-01 -3.094280326092452071e+01 -1.882551757478208998e+01 -5.873809460954453776e+00 1.147659320119154458e+01 1.238423691759671641e+01 -3.310268354595302043e+01
-8.007403033991890240e+00 -1.676589456952292068e+01 6.534232370689522895e+00 -6.827532797826140865e+00 1.650261867455116516e+01 -5.960881558882867637e+00 1.524888364660140994e+01 -1.893474576005051091e+01 -1.452697173070108327e+01 4.777203342456349588e+00 5.135587513312205310e+00 -8.830403526793377367e+00 -2.917921373328839252e+01 3.755237572029805015e+00 -2.372162125997543392e+00 1.974514000835807082e+01 -3.633311487450682620e+01 -1.763435478073443718e+01 -2.393141755714432861e+01 1.567603073635784305e+01 3.173337797051028364e+00 7.678507381121207231e+00 -4.551400758795419499e+00 8.858691256980334217e+00 -3.010342085486925612e+01 -7.918494682425856190e+00 2.606270742907823390e+01 1.554911598671377959e+00 3.215562495659577635e+00 -1.834741483403312401e+01 5.618807003984431780e+00 -1.060689096875982074e+01 -1.068740004566964430e+01 3.307915208886014113e+01 -1.682688898407232969e+01 1.605578337918655052e+01 -8.764794976944664029e+00 1.043680023966333970e+01 2.742069559284373881e+01 -3.418629996585230657e+01 -1.053484536796905680e+01 2.571145366427796830e+01 -4.909021654020682135e+00 8.090778062325490794e+00 5.034004213104523728e+00 -2.032112230819397425e+01 -3.316602999440962041e+00 -8.685891167953863956e+00 2.033865207690480759e+01 -2.265443509594218252e+00 -1.456772040379363453e+01 -2.453549339168036170e+01 1.809821931517845073e+01 -5.937646078202475586e+00 1.133468187957640794e+01 -3.400540521609660516e+01 -1.436578677022196970e+01 -7.281430853823417593e+00 -1.186016034877154368e+01 1.447067980873887194e+01 -5.611397868874616890e+00 -5.094505863090971864e+00 -8.688327397079442349e+00 -1.683740642108417518e+01 2.571244116410749925e+01 1.460952480566185263e-01 2.956408108508904320e+01 -1.783958062629057295e+01 -8.797921227615598028e+00 2.112671105241760827e+01 -3.041667026686180009e+01 2.676985512400598921e+01 3.041021580173549665e+01 -1.275401609025793448e+01 1.806065815503540950e+00 1.586671768402634131e+00 1.422070802537007417e+01 1.453985797777662548e+01 9.433202009614102934e+00 -2.303630554136653075e+01 -7.621349581024658093e+00 -1.095253695112598713e+01 8.268787562788842749e+00 -9.245098408336589912e+00 -2.806845452473135794e+01 7.581892669545233332e+00 3.977240796187076199e+01 -2.750927643366116726e+01 7.969794171466372923e+00 -1.242039117701375162e+01 -1.214658061964701830e+00 9.940312504420321105e+00 -6.584012264967553207e+00 7.225512560374668380e-01 -3.638227580251819404e+01 -1.576237947030752196e+01 6.349027026812104069e-01 1.436926947087975392e+01 1.358609602386925630e+01 -2.531289528700379776e+01
-1.452574206085792952e+01 -9.636465077128288925e+00 2.417766579965676232e+00 3.015994467933492129e-01 2.001335200793074520e+01 4.083731355040751132e-01 1.351891335841527209e+01 -2.794374812621810378e+01 -1.888066040860105232e+01 -4.176890251197545346e-03 1.459148804903563423e+01 3.577526728479306417e+00 -2.518930285908635014e+01 4.952345182613173691e+00 -3.362037090482041801e+00 2.152933829249450071e+01 -2.907055460182312601e+01 -2.567460994965658827e+01 -2.687228508399051208e+01 1.539961877675206559e+01 1.299682911279191266e+01 8.104207880641304484e+00 -3.014561827360710655e+00 2.214437709764741413e+00 -3.168973230637356053e+01 -2.795551460609595029e+00 2.455765522268567125e+01 -5.480151204236888285e-01 3.837568874303991073e+00 -1.966932074463184321e+01 1.145267148401054946e+01 -4.472408864740168077e+00 -1.176441210282808925e+01 3.759724335576368759e+01 -1.140006250975496016e+01 1.653742364569688306e+01 -2.110035274173260422e+00 -5.285580889562549345e+00 2.599988316500212449e+01 -2.764593231173194710e+01 -1.122650823279558008e+00 2.715675428346636977e+01 -7.352083772255356031e+00 1.024625838498520558e+01 5.912874256516316152e+00 -1.732182810426179032e+01 -7.116331372892410023e+00 -1.294809208410123169e+01 2.194758815096918525e+01 -7.407985442200149429e+00 -1.665461650406451000e+01 -2.464104212703207963e+01 9.297737983741150458e+00 -1.163182738994316168e+01 1.870080119224731163e+01 -2.684229944833266046e+01 -2.111549218413012241e+01 -8.167076526688537896e+00 -2.496172406998331539e+01 1.879583611115210928e+01 -3.644409761344706400e+00 9.427645156256723169e+00 -7.360607627835173972e+00 -1.604366299071771351e+01 2.415492373808786652e+01 -1.360349921006279272e+00 2.494325691606826823e+01 -1.180313362413448175e+01 -1.407964395064871610e+01 2.276726688883160676e+01 -1.889059915022359348e+01 2.047783174677529772e+01 2.161823659815738452e+01 -1.397881701366975626e+01 -4.264859815804016741e+00 4.827731525578013105e+00 2.016282735244547553e+01 1.105318368756673664e+01 1.276429986768024172e+01 -3.198414593190103261e+01 -7.768452948470018882e+00 -1.147688617312992321e+01 1.316235930170373436e+01 -6.152690371222438337e+00 -2.477867206254889965e+01 9.350316505761457009e+00 3.642194213123479329e+01 -2.598205885015973848e+01 1.412033333159571358e+00 -1.184519591281167550e+01 -4.069368032163768412e+00 1.448234490851010026e-01 -1.603448482979753065e+00 2.932405481006313597e+00 -3.233262360796979351e+01 -9.128156056796692397e+00 -1.128631338495259229e+01 9.698906096272311927e+00 1.481032618090865682e+01 -2.640823423458370200e+01
-1.248743928310847018e+01 2.255888735293210823e-01 9.398304050211281790e+00 -2.708132108539798022e+00 2.645089600579721889e+01 1.125725151653725575e+01 -7.269862900028993380e+00 -2.975828422398221207e+01 -8.817584344623401904e+00 -1.433149843074140062e+00 1.355719324286159022e+01 2.520160904740333385e-01 -1.922114993778864189e+01 -2.849219229805311837e+00 -2.132311058756237276e+00 2.378849057858205995e+01 -2.708254912885920618e+01 -4.362668073548334036e+01 -1.668307373729349052e+01 2.218842045981526567e+01 1.290877710173212733e+01 1.427645594931168382e+01 1.746714414479020760e+01 -1.854719044619421719e+00 -4.017992546831910516e+01 -9.516926128469917145e+00 2.381250618155544529e+01 2.225706392600715233e+00 -6.353994852196958476e+00 -8.394078058196257075e+00 1.101802718708267470e+01 -1.212129616027360024e+00 -1.121728295267342013e+01 3.803868989351878582e+01 -1.048114957041513939e+01 3.639991761574588480e+01 -1.711785456841105724e+00 1.290459089584641728e+00 3.612714834200274083e+01 -2.206887954655043771e+01 2.997139629864983057e+00 2.809471622868283092e+01 -3.376655204363421259e+00 2.924070717411452236e+01 7.015243926338651015e+00 -1.615518580012908245e+01 -7.536367562427216171e+00 -1.891127000657521506e+01 3.071103281213238390e+01 -1.422412378479338457e+01 -1.764627872703117006e+01 -1.911015478030553183e+01 2.488665745157450537e+00 -2.347735996075245168e+01 2.359318408923510191e+01 -1.616158127853773863e+01 -1.364772176058659703e+01 -1.068821259770199816e+01 -2.458694115767109167e+01 1.243166323408417284e+01 -3.096008112064936313e+00 3.078560314250158303e+00 -1.100842469452344474e+01 -1.019574614515687294e+01 2.760198414195115646e+01 -4.305966951040761437e+00 3.187958587939662891e+01 7.853952457753234029e+00 -2.154872122932189882e+01 2.406408662504081875e+01 -1.939189372250729804e+01 1.518915115218892886e+01 7.081041963254683047e+00 -9.610371990220016869e+00 1.196989022086621723e+00 5.638004674052274012e+00 2.014005501989375446e+01 -6.021603546014737240e+00 2.354760561519749018e+01 -3.472699924090634482e+01 -2.023709615761055858e+01 1.087881819451911758e+00 1.059952248550047571e+01 -1.712737461830379715e+01 -2.104660366472222321e+01 7.484651345128808586e+00 1.743571230129550642e+01 -3.653656460206970991e+01 -3.005867042180199178e+00 -6.727136085816906252e+00 3.539015191730507937e+00 7.177372955632072005e-01 -1.903619797097555022e+01 8.076963703953005336e+00 -3.348840332164905220e+01 -6.366365771469155277e+00 -1.762648072193056237e+01 1.265601327069307303e+01 2.794787136544225348e+01 -2.054188931926564710e+00
-1.226029274744498920e+01 -4.547066807621279239e+00 6.870772235553109786e-01 -3.414638498448656634e-01 1.766192033608909639e+01 1.026115423659368275e+01 5.947528837240748878e+00 -2.965406622145166438e+01 -1.504720331122431176e+01 -2.729466172790169232e+00 1.361906999575066912e+01 4.948562258234735500e-01 -2.185889460878130564e+01 5.321824042059685844e+00 2.261694884307228204e+00 2.281778064541114048e+01 -3.018254888587945572e+01 -3.259628560032383859e+01 -2.657306282675922304e+01 1.580604762625945625e+01 6.833070643869016081e+00 1.279692972315575439e+01 3.312795029272930680e+00 3.005208971209079927e+00 -2.488188041151806473e+01 9.941981939175815741e-01 1.998807458809210402e+01 1.582518522189509502e+00 6.463109159872240106e-01 -1.243000526631250757e+01 1.586666416356178111e+01 -1.264375605550348425e+01 -8.177444472334320480e+00 3.410536171071091616e+01 -7.674570462609941579e+00 2.336502183377544739e+01 4.084170155351709575e+00 -1.841019408278735892e+00 2.509489714147337835e+01 -2.431077686782138869e+01 3.626102183569213100e-01 2.863847306776379398e+01 -5.604227181186896445e+00 1.701190858180712695e+01 6.885205734209312922e+00 -1.910208917470906087e+01 -3.299216564453824940e+00 -1.050811779226809684e+01 1.890580850440856864e+01 -4.400933519990270493e-01 -2.022948892831296419e+01 -2.316125902582859553e+01 3.385209342465442361e+00 -1.512518326745585640e+01 2.562187269178829396e+01 -1.449400608862199036e+01 -1.379363277774082697e+01 -5.258363900725548490e+00 -1.620290431509937434e+01 2.173150377521959697e+01 -5.236413599380122186e+00 7.782625231042883840e+00 -8.918629674266066232e+00 -1.390249497337832096e+01 2.333104810814293018e+01 -6.800157610658701834e+00 2.426358645168257766e+01 -5.504414149893095853e+00 -5.585794621227423207e+00 1.618876758502992530e+01 -1.334863383944422743e+01 1.879141402177192077e+01 2.124272327212446498e+01 -1.469421356405719337e+01 -3.390145695879732912e+00 3.629635034975513985e+00 1.954936472387554502e+01 6.805936407792903431e+00 1.747081286475378192e+01 -3.313285974175421700e+01 -1.337723598130897251e+01 -1.332427483628273279e+01 1.776940529902844546e+01 -6.086507174336380110e+00 -3.112643275770690110e+01 1.173647172175994058e+01 3.237675740202892172e+01 -2.672926552986775661e+01 8.976779601258986219e+00 -8.058484546132126169e+00 -1.267836825920469535e+00 -1.268289101363116567e+00 -1.053280716074538104e+00 5.601415200133148531e+00 -3.126660616631365386e+01 -5.237129470211590920e+00 -1.466443335101349454e+01 5.123105725157616419e+00 2.236375180778048843e+01 -1.157893006747607245e+01
-2.007801814999108458e+01 -2.775751679357978396e+00 1.997566529319890760e+00 1.210975544927065251e+01 1.883873785997917949e+01 8.766358820908752847e+00 -3.102766986494158719e+00 -3.384874343864049706e+01 -1.864155067117935261e+01 -4.373283276888238369e+00 1.257874251997142423e+01 5.603125973942613136e+00 -1.662340492413053283e+01 -5.270353277745193132e+00 -4.346064012878432692e+00 1.876682586452221813e+01 -2.100394912980922157e+01 -2.816082741773053399e+01 -2.594995067671160527e+01 1.616019838804504971e+01 8.452856637268732598e+00 6.371876712215676086e+00 6.801591549815161564e+00 2.867671745179439569e+00 -2.940076067873908983e+01 -4.904517246446988388e+00 1.746255607393010933e+01 1.185922845742506171e+00 -4.231149078549389486e+00 -1.613740406107128678e+01 1.189219532325523332e+01 3.298229126203191974e+00 -2.060784829769274396e+01 3.346054710174282576e+01 -3.403501341839171523e+00 2.462346345975620565e+01 3.878285945535416168e+00 -1.307667301792036874e+01 3.876032345862968498e+01 -1.541864826111410380e+01 9.902022329050490512e+00 2.865577740207715252e+01 1.670155636265395760e+00 1.770836802516728170e+01 4.536949374753914022e+00 -2.086723160685625800e+01 -4.432500205508779878e+00 -1.361315423340077224e+01 1.497335159110748393e+01 -7.954926982380294831e+00 -1.394753219327739657e+01 -2.373864576386422698e+01 9.376315728668953575e-01 -1.743321792170188544e+01 1.813141256032147552e+01 -9.594102325456434599e+00 -1.567835836521670423e+01 -7.863800010516783345e+00 -3.471460918174673793e+01 2.586119354434404727e+01 -8.180977832563693042e+00 1.444047837777925025e+01 -1.294494199868962525e+00 -1.395246873371958962e+01 2.461693285242577289e+01 -2.882580301899722031e+00 2.408119315201425792e+01 4.884872239526893090e+00 -1.870183119442084063e+01 1.521083929498110621e+01 -3.760317907568930362e+00 2.000991533350915574e+01 9.716156162229701465e+00 -1.483457405135425944e+01 -5.165516426193159649e-01 1.281957316633197941e+01 2.509261451866676040e+01 6.778345832689917749e+00 1.367822164118524242e+01 -3.029649794718831757e+01 -9.717916901280920783e+00 -1.079999192024285826e+01 1.524523695620144714e+01 -9.416863101426928395e+00 -1.984853893723602525e+01 1.256901040660862057e+00 1.899438013822492621e+01 -2.863430704726419407e+01 3.193601479308362912e+00 -1.231647172272078983e+01 -9.999039735071040269e+00 -5.974616320349510623e+00 -8.769685907042509498e+00 9.669401010029817556e+00 -2.406226593270206848e+01 -8.997833700713817606e+00 -2.496141270836157489e+01 1.448895136794134153e+01 2.042905121078427300e+01 -9.120758150970836198e+00
-1.509018483673951572e+01 -1.054428070244324545e+01 5.679016440572400626e+00 -2.367710339943329600e+01 2.574530072519587165e+01 8.197344880023010205e+00 5.769129585082535705e+00 -1.347623198673636224e+01 1.850157311474818433e+00 8.697644272138346011e+00 1.374441325212645948e+00 -1.965145566718786085e+01 -3.826863268262777495e+01 1.353543006916463787e+00 -3.804610110529606626e+00 3.102294092778318557e+01 -3.589969737401861494e+01 -3.351918484695504219e+01 -1.567614625405829010e+01 2.114172695237998667e+01 1.185943218052172554e+01 1.799187983290821435e+01 1.004500993403751608e+01 -1.945262356123622360e-01 -2.653233790408591375e+01 -9.962506999744354275e+00 3.193405595877919012e+01 1.706978947260171608e+01 1.394846858212185126e+01 -8.599888152413740272e+00 3.722214398989089013e+00 -1.445447184750078939e+01 -2.040928464869184555e+00 3.342665740289577769e+01 -1.864731861648820654e+01 3.550458746837795587e+01 -8.317542345801637538e+00 2.000284067795698917e+01 2.488968311345891138e+01 -2.666598579559586213e+01 -2.121019709795200825e+01 7.357900781116049949e+00 -3.909152547548549350e+00 2.994248471100053166e+01 5.225423232038094667e+00 -1.434671320289727348e+01 -5.766682011551035991e+00 -1.561801176647454525e+01 2.721723993573749567e+01 -1.404039973842493128e+00 -2.481973261486118076e+01 -9.363093168297764279e+00 1.235738256840751248e+01 -7.992388116058299907e+00 1.525804360404102056e+01 -3.376844906377503719e+01 5.713470693785991372e+00 -8.339404781008704859e+00 1.514428546347214777e+01 9.243291590130132462e+00 -1.821354006634522626e+00 -2.720778551212732665e+01 -1.035164201225075153e+01 -8.918281719459695722e+00 3.135470697758611180e+01 7.872319360350759077e-01 3.407472351588194925e+01 -2.782273443514903466e+00 -5.601098018276158719e+00 2.359699184458662202e+01 -3.046738268279460016e+01 4.931522092561597681e+00 2.836895683072775753e+01 -1.425904595694485089e+01 1.783825809260435236e+01 -3.954925981089164821e+00 8.166119966190617419e+00 -9.324006113269438956e+00 2.352345388508842206e+01 -3.334065457761478513e+01 -8.121758638123846907e+00 1.070492519593942404e+01 3.845636118687757454e-01 -1.686529628845220330e+01 -3.236791831172754286e+01 1.628527454892833504e+01 2.901179426213676749e+01 -2.756244143617881548e+01 4.770671110004287563e+00 -1.049033907040871405e+01 2.115721501330343202e+01 1.107914554117271955e+01 -9.868401835878680473e+00 -9.349949052494356039e+00 -4.524320779403086590e+01 -5.108467916145482235e+00 -9.041973053671732430e+00 7.347939988302043979e+00 1.462534508989029192e+01 1.011830057249966774e+00
-1.072031280119254149e+01 -1.407325010325406112e+01 -4.557269556277080413e-01 -5.773134285614941463e-01 1.822422228947454315e+01 -2.814510803192050492e+00 1.215272002077695745e+01 -1.858825516835779368e+01 -1.752937465347954316e+01 -1.262888279237698308e+00 4.414179998390584281e+00 -1.930090618482308562e+00 -2.527434471434689911e+01 6.358564365559870701e+00 -3.321165807380989321e+00 3.268923915344287945e+00 -2.387084011957356466e+01 -1.756845771080178764e+01 -2.965628243624696836e+01 1.730008371731583594e+01 5.303180329210573696e+00 2.584342131484401062e+00 -6.757713285414673088e+00 4.511976743966938486e+00 -2.579315866795178991e+01 -1.210309649570054269e+01 2.399776181445068701e+01 -1.882176601065527644e+00 7.872423388454593551e-01 -1.760680975887936839e+01 -1.415510301167665519e+00 -3.900767216244487301e+00 -1.189118555398906629e+01 3.153337521775729613e+01 -4.845003136811649291e+00 1.075934737434228161e+01 -1.375045740716704579e+01 1.116405612702556782e+00 2.344057972405335732e+01 -2.893735274471994146e+01 -2.672102394724170438e+00 2.817787646408513424e+01 -7.565304964940826160e+00 7.687952796937127076e+00 5.517258756209985293e+00 -2.081033712179353401e+01 -2.961992022828562998e+00 -1.060497409080024056e+01 1.839507156439267632e+01 -1.107266530138226912e+01 -1.115177208601875769e+01 -2.500158422011853787e+01 1.778284490021203723e+01 -1.709033272881467891e+00 6.752581297476035971e+00 -3.127912545367628283e+01 -1.617908865307845900e+01 -1.415825723224703836e+01 -1.908351578261209980e+01 2.206988007387431239e+01 -1.011588436634160537e+01 5.201283936931453411e+00 2.041648659067106575e+00 -1.550122156745883650e+01 2.688906009229735616e+01 -1.245805226672272448e-01 3.264950859425930219e+01 -1.686507565951027487e+01 -1.434671052828974247e+01 1.619359516831165280e+01 -2.374539039202223023e+01 2.747611794796847917e+01 2.712125208296258805e+01 -1.510791535319064316e+01 2.089449502256169655e+00 3.060205565622548196e+00 1.621547439838488103e+01 1.210686992652404292e+01 5.047300013114283113e-01 -1.999239643118078291e+01 -1.053909632851541645e+01 -4.809938482509164892e+00 1.573026946202037379e+01 -9.188017556156200527e+00 -1.534653626376382896e+01 -5.543690091948078269e+00 3.585193498566391668e+01 -2.841600911133347296e+01 4.652367583535988338e+00 -8.245426973633456669e+00 -2.910820280354437184e+00 2.029211574251613470e+00 -1.088258359574186152e+01 -2.921717203803186003e+00 -3.667790645174970621e+01 -1.229780923370077517e+01 2.342145084101160402e-01 1.386445331385898783e+01 1.159386278173447415e+01 -2.435828357156981028e+01
-1.461079902184237511e+01 3.562385313022597089e+00 6.506055285859723147e-01 -2.917733195205817420e+00 2.145815128689019602e+01 1.137605775024030130e+01 -7.075849212602440375e+00 -2.681719184411209156e+01 -2.078512695823074452e+01 -2.988310170817736755e-01 1.580525934759968543e+01 5.557364455343817511e+00 -2.252846504632812241e+01 5.424997674770989597e+00 3.946445137168052009e-01 7.261788976171812848e+00 -1.183337881210790066e+01 -3.154386446951172829e+01 -3.344183931330884718e+01 1.931452946537361015e+01 1.695099006292190680e+01 1.382310521175960183e+01 5.072842713883253474e+00 3.098100186304522996e+00 -3.035107284760727353e+01 -6.530312957788053652e-01 2.579349427351259649e+01 2.828408426211680649e+00 1.336939970241156184e+00 -2.234534987608919110e+01 3.607074504221048805e+00 -3.470656462769174055e+00 -1.132121200759913116e+01 3.133604524995917373e+01 -4.289663889225025173e+00 2.876538853456836264e+01 -6.026019202094966332e+00 -1.630011992817028954e+01 3.128409651807559655e+01 -1.981148241120562048e+01 5.175569347984601443e+00 2.717801164657329593e+01 -9.571099027863224862e+00 2.278169220220746638e+01 2.782319415096847215e-01 -2.100343469353871129e+01 -5.393870810944766170e+00 -1.740583975364451774e+01 2.363889392273040002e+01 -1.154501805093253175e+01 -2.018637507234305417e+01 -2.317039275198378334e+01 4.269190919447578558e+00 -1.015357096961762373e+01 1.146444412863798590e+01 -2.809468504519720611e+01 -1.630478829893365855e+01 -5.038433728103085762e+00 -2.659774815835434936e+01 2.095121159079317863e+01 -1.084561867605614971e+01 1.204435779031812537e+01 4.384263837643785244e+00 -7.888144120338060006e+00 2.604812972079448485e+01 -5.118504518776222589e+00 3.253986813900503705e+01 2.615024972477770326e+00 -1.693369590685659176e+01 1.498848612087727972e+01 -3.750421309349774024e+00 1.699583999426772962e+01 1.489696639207504347e+01 -1.713748727116881909e+01 -1.788214411890896027e+00 1.735628508224406508e+00 2.314783859590989223e+01 -2.070093783775586171e+00 5.060129320835731193e+00 -2.934467291928944022e+01 -1.542974519193117011e+01 -5.851342859739746771e+00 1.364945751180289335e+01 -7.536877049516632177e+00 -1.497261354234994002e+01 -1.672740703942413365e+00 1.286668461384638462e+01 -3.007232380769431757e+01 1.913986540978517503e+00 -1.157519324730299992e+01 -1.870602566138889866e+00 -6.598645816293451372e-01 -1.234148721954090355e+01 1.235960869400910322e+00 -3.614567763528495448e+01 2.491412258208510089e+00 -1.396798372438023783e+01 1.579380920118860310e+01 1.923796759924006494e+01 -5.093210356207626077e+00
-6.058541540980635354e+00 -2.898707691872129733e+00 -4.059775360916549225e+00 -1.714682868693369056e+00 1.947580382510954422e+01 1.099449850933069506e+01 1.178354578599389413e+01 -2.412426628878252188e+01 -1.557475868115140827e+01 -6.843954103432000835e+00 -3.865265211243535948e+00 5.494101737284763587e+00 -2.522432183109596693e+01 2.709393120395745314e+00 3.028229045815548748e+00 4.958825276605531407e+00 -5.562699855942790705e+00 -3.305730826404973755e+01 -2.475997632783722224e+01 1.988985256887280784e+01 1.371260420652568079e+01 1.199461604046136287e+01 8.320430660160322844e-01 -4.707850825571863851e+00 -1.301805966298207196e+01 -1.501105615696340756e+01 1.669546045432154813e+01 -9.100286105383910140e+00 -5.305350101604839885e+00 -1.259494891207676304e+01 5.493584034528622428e-01 -1.547079461972420411e+01 -1.642950451767858366e+00 3.698078347280429767e+01 2.396877911536686501e+00 4.867646373526757664e+00 -1.671087529266564786e+01 -1.966741023917450804e+01 2.101723711847972353e+01 -2.843210178471422367e+01 -8.031985123960602380e+00 2.398707274103601961e+01 -2.081570794109945766e+01 2.245834247460966537e+01 4.296496417965687264e+00 -2.363071967486411040e+01 -1.022517544583720461e+00 -5.701145701105335917e+00 2.630609415911441573e+01 -1.343144207587419992e+01 -3.092469668441751551e+01 -3.035798736186909608e+01 5.977148974146227367e+00 -8.109904348524883844e+00 1.176484940376015587e+01 -3.476030187677750405e+01 -1.105671933641268367e+01 -5.342298821510114981e-02 -2.148102331007492083e+01 1.823777917889912814e+01 -2.183752098814433396e+01 1.991614452147465997e+01 -1.964153089420269449e+00 -4.444673411196773394e+00 2.568685745016251332e+01 -1.520012481714803521e+00 3.613184030977874528e+01 -2.149273044010691436e+01 -7.820653407319031913e+00 7.983800535435758405e+00 -1.184686664739439266e+01 2.085412873878228979e+01 9.833352083275128663e+00 -2.353291471367147381e+01 -8.732535534619904283e+00 1.409657523868838025e+00 2.387392601837834150e+01 3.395321300792133012e+00 -4.136223413813926442e+00 -2.785023080624911529e+01 -1.432656077579565057e+01 -9.303374678147125820e+00 1.624384034100150487e+01 -1.832523460922549674e+01 -9.656071456490225913e+00 -6.147357636960304461e+00 1.934496487743852455e+01 -3.508221655482571322e+01 9.100626505168014191e+00 -1.326778683212302035e+01 3.413243436185329216e+00 -2.224544562750432886e-01 -7.157495831917699114e+00 -1.110339763490978804e+01 -3.032583465287130409e+01 -1.094224126626570381e+01 -1.102786095257995136e+01 1.306207444416937413e+01 1.126644537154411907e+01 -2.214058305262602744e+01
-8.704888612138141468e+00 -7.971861367059182690e+00 4.382720071873825063e+00 1.458343909350077405e+00 1.703011687781255290e+01 -3.297871956692133288e+00 1.014482242150785751e+01 -2.588195976123467190e+01 -1.922807159421396150e+01 5.580052703368916234e+00 1.026335414988292705e+01 -1.161064954112791814e-01 -1.887473929350797874e+01 1.168280438631828488e+01 9.053992904596229740e-01 1.809289940405737696e+01 -3.602169277056936636e+01 -1.701793042319056681e+01 -2.839354419364531168e+01 1.225899425216632466e+01 1.819637893991065569e+00 1.352054769524347755e+01 4.578027847240023762e-01 1.329921096876647191e+01 -3.864418527745080922e+01 -6.346437855869141664e+00 3.270977578019264342e+01 -4.409455236719264981e+00 -4.344252072938145304e+00 -1.363875809076932377e+01 7.074058916901324601e+00 -9.933129417311779008e+00 -3.454966530870358543e+00 3.296174106148040295e+01 -1.951714989104351616e+01 1.990214924563806065e+01 1.119546510328318423e+00 2.145518651463425464e+00 2.282480548382000407e+01 -2.651817505122673424e+01 -5.707992462975069792e+00 3.257763109668777446e+01 8.859053164370510602e-01 8.633998896745446183e-01 1.125802594748105712e+01 -2.546664980523896560e+01 4.580352595623002010e+00 -1.078236312893318338e+00 1.263172653870599405e+01 3.925011422230456848e+00 -2.063911887690451152e+01 -2.929937007387460213e+01 1.040333198803870474e+01 -1.473150002931204838e+01 1.823227733716477772e+01 -1.083621355735527025e+01 -1.203755644477992348e+01 -7.575230691021447527e+00 -1.149281167654602065e+01 1.572887567178516477e+01 6.521695060071157179e+00 4.185703629895392908e+00 -3.824828245396499238e+00 -1.538683864141280999e+01 2.064621263379263283e+01 3.806199931203437803e+00 2.872554209214694865e+01 -1.886287523637357566e+01 -2.942261311433303828e+00 1.637512586469754083e+01 -1.328000869351888902e+01 2.995085176119851056e+01 2.188121754230915528e+01 -1.284515892079083166e+01 -6.896384923306421832e+00 1.316258428027745708e+01 1.748780761068660183e+01 1.779898521360625807e+01 1.472560772286673547e+01 -2.755721896722513975e+01 -7.085824920403018368e+00 -2.313203987618661017e+01 1.582922123977285978e+01 -9.224342285215362480e+00 -2.714616807600456028e+01 1.235827686818938709e+01 3.550199053807849481e+01 -3.084469285171511999e+01 1.951264299175698369e+01 -1.205130482198817532e+01 -3.284077796935759963e+00 6.363457082073920024e-01 2.983560885608519953e-01 8.965961521781981247e+00 -3.887685416616049139e+01 -9.117260771587227808e+00 -1.247065108027820912e+01 8.063975150960491334e+00 2.537816458675435172e+01 -1.223045552972208050e+01
-1.816421702543325978e+01 -1.531427494900935748e+01 1.678050188847661417e+01 -3.556460111360077114e+00 1.851311791039261934e+01 -1.717290915587538658e+00 1.427453528825595086e+01 -2.480580929430688997e+01 -1.096847266905157881e+01 -1.290164510629261185e+00 -8.187356185590685120e-01 -9.337883578080962366e+00 -4.039390371585198380e+01 -4.246000521422479856e+00 -1.130076516159504152e+01 2.942699925071105582e+01 -3.791774058897757982e+01 -1.816919171515228015e+01 -7.521460057169611524e+00 1.715369306774967484e+01 1.514030741993855678e+01 6.823306275840503865e+00 4.301875523958657577e-01 5.056198318575279238e+00 -2.657697039194389532e+01 -9.743698535039097663e+00 1.722788415468990664e+01 6.717214293450578744e+00 7.402736224969221901e+00 -1.528459641369810917e+01 8.063456403694372554e+00 -1.032193338402136007e+01 -1.814635732790758382e+01 4.378119924980201461e+01 -1.852495667672645041e+01 1.826805373472919669e+01 -7.790905749252732271e+00 4.474739387137645075e+00 3.535182979468110887e+01 -2.488242819531222239e+01 -1.238450371435627240e+01 1.488572109211916050e+01 -3.121084407353959200e+00 1.813856305808126379e+01 7.199161213878857879e+00 -1.147637487149036239e+01 -2.483385511942626245e+00 -9.542932304825734846e+00 3.048587768872432946e+01 -6.340845386489973201e+00 -2.580184754722567320e+01 -2.287988226445022377e+01 1.666301050388034710e+01 -1.659212764525995354e+01 9.507497120160735449e+00 -3.294299405228665023e+01 -1.074967896320897331e+01 -2.405773276991796550e+00 -1.461018016990289858e+01 1.099693204051207829e+01 -4.890550992425660048e+00 2.306621321842276640e+00 -1.650319289304025716e+01 -2.058373495908969275e+01 2.367299452109255498e+01 1.002500042137552860e+01 3.524130090007791694e+01 -1.707596080889786094e+01 -1.173706240591179828e+01 2.750906270202971982e+01 -3.664016864981008581e+01 2.314803914216944136e+01 1.710993398913845098e+01 -1.100876449987685035e+01 3.264856317102699190e+00 8.473229580982442499e+00 2.384356427332143014e+01 1.279451889091799188e+01 1.845215998392048462e+01 -3.205867835909751307e+01 2.896964547624062414e-01 -3.725239769945566604e+00 1.721300554758874224e+00 -1.903356453191696218e+01 -2.890584362828350962e+01 1.379585442637859671e+01 3.556992570976882462e+01 -2.588746515380673330e+01 5.527994922695144808e+00 -1.243400929616216644e+01 6.634355102442309970e+00 8.674513173267479615e+00 1.117987497281092812e+00 1.169297660957512308e+00 -3.263968112438575986e+01 -1.862205712756273357e+01 -1.532706038210520205e+01 9.471451341549501635e+00 1.329031349872940027e+01 -2.556726017452259470e+01
-2.219193673789341759e+01 -2.348236803884951929e+00 2.710686458672083798e+00 9.904267013996179259e+00 1.660132803699036330e+01 7.774983045661259418e+00 -6.365243474912828603e+00 -3.066453316461450740e+01 -1.907167811978823124e+01 -4.252973111804509543e+00 1.196328006565785529e+01 5.679374136030445719e+00 -2.020494485982522548e+01 -6.186042321246721265e+00 -6.603531930509419112e+00 1.437216906483212675e+01 -1.567916358946706445e+01 -2.704043147811038139e+01 -2.765085461213024587e+01 1.638820192166208400e+01 1.301235287210444547e+01 4.486381363976610359e+00 5.307713720960570036e+00 1.548870986890989565e+00 -2.846993001559959779e+01 -4.626583164369871604e+00 1.573538242756509931e+01 3.523127971511631262e+00 -8.866805481510323661e-01 -2.078946864094675107e+01 9.454321874820870164e+00 4.383316750700156916e+00 -2.532215310193020485e+01 3.139028162825804102e+01 -2.719392186505492637e-02 2.334163000608253924e+01 -3.281429799060165298e+00 -1.606791305031863359e+01 3.883760191370733850e+01 -1.452865407243343832e+01 9.812593031421581458e+00 2.680398698384874479e+01 -1.106902505067235420e+00 2.055364575051435239e+01 1.564607131057243139e+00 -1.778218044475134718e+01 -6.099816663017847418e+00 -1.556881074060198245e+01 1.712443105010227384e+01 -1.195676376878193814e+01 -1.273750609331713690e+01 -2.283798284851717497e+01 4.236543491532343886e+00 -1.283511465190422918e+01 1.063375600401570686e+01 -1.902460728315919170e+01 -1.716396978513585836e+01 -6.665664484666429246e+00 -3.919667793283525725e+01 2.311188572358008031e+01 -1.301626382241953905e+01 1.477511850115552505e+01 9.400285081082717653e-01 -1.285710830598818610e+01 2.682969605442466943e+01 -3.059217180162636662e+00 2.505460698875570458e+01 6.556840226016045214e+00 -2.275469586222239116e+01 1.527726428622444210e+01 -5.037695112909052142e+00 2.064741322364093179e+01 1.171500586715462511e+01 -1.531812705955473497e+01 8.316707932196412134e-01 9.458319301610536911e+00 2.433231780882262996e+01 5.934055260667429721e+00 7.912926965368172638e+00 -2.554940087890085110e+01 -1.269755500192210818e+01 -7.093968801318325745e+00 1.394781087208590087e+01 -8.095635658680752300e+00 -1.438563919830544080e+01 -4.343755832950918716e+00 1.602238015995300557e+01 -2.635715471346318139e+01 -1.447754391976045829e+00 -1.224433736410943929e+01 -1.129075753475090416e+01 -2.181178107040589342e+00 -1.152199213917314502e+01 7.207168778417432975e+00 -2.444205318799970428e+01 -1.003505554717404102e+01 -1.722616609946800637e+01 1.866493810879967086e+01 1.656906297752430035e+01 -1.245485480432708947e+01
-1.503078256199292539e+01 -1.105023240251179395e+01 -5.152692121065892694e-01 5.945682056248129399e+00 1.752867115502244388e+01 -2.435704055367159171e+00 9.011202509860533283e+00 -3.052147081607508738e+01 -2.332915794393433018e+01 -2.239079004213986757e+00 1.235516447037453069e+01 7.901043333685661807e+00 -2.377305931793551252e+01 3.652345564659089661e+00 -4.703523610746450423e+00 1.030623235600544696e+01 -2.085445529947975984e+01 -1.859322073281366627e+01 -3.153622892174400150e+01 1.340666611598845215e+01 8.143865767932847888e+00 4.810062182190424807e+00 -4.942277062602314253e+00 5.654471880596906530e+00 -2.829864188215479004e+01 -8.457600695090023990e+00 2.638255495560676422e+01 -5.803658288140841393e+00 -2.290239997105557368e+00 -2.021917969431216022e+01 4.430048314241481933e+00 -2.550357172664523997e+00 -1.387893550901906536e+01 3.405586655350207792e+01 -4.463861319449206277e+00 1.079580269733298081e+01 -4.736008660189705566e+00 -1.376121493485420899e+01 2.728258854409390466e+01 -2.286137032761856602e+01 3.402796770840863516e+00 3.177576257943765370e+01 -3.894529487507858878e+00 7.186266100522052724e+00 5.860867878917884077e+00 -2.430447822536146418e+01 -2.496323047006625107e+00 -9.809338611684260911e+00 1.591679195420361204e+01 -8.300333315333503492e+00 -1.556466509325897540e+01 -2.860331665038678395e+01 7.858508007742479151e+00 -9.872610246430292946e+00 1.157090859771886748e+01 -2.287862407115638419e+01 -1.882832978578924354e+01 -1.083628992168107530e+01 -3.038734056248089743e+01 2.303331657197216131e+01 -7.718280555326329839e+00 1.530082701359959607e+01 2.830164212645532196e+00 -1.586434548526444388e+01 2.354111690489672881e+01 1.979219336242465044e+00 2.554730694969628502e+01 -1.421293931174110980e+01 -1.500223979296067434e+01 1.416962710931648672e+01 -9.153385683307472931e+00 2.695850290082502454e+01 2.123674358345261126e+01 -1.609847511624541028e+01 -5.132429213363722376e+00 1.034454520912640163e+01 1.980454297008655118e+01 1.776350729823515806e+01 4.721203942352373950e+00 -2.613070370626524408e+01 -7.295869363501855887e+00 -1.323788959636337204e+01 1.540163812871860216e+01 -7.337880187508322827e+00 -1.784935699855987323e+01 8.443465917181437463e-01 3.207479259250187908e+01 -3.007731879340480674e+01 6.804938461601724775e+00 -1.088431230531512917e+01 -7.852142401337900424e+00 -2.130177148115441899e+00 -5.457757925735361226e+00 5.472329967305687326e+00 -3.103246138340894333e+01 -8.919013891608150502e+00 -1.396328074143662334e+01 1.564586639514942767e+01 1.445427050329613117e+01 -2.294330086913398858e+01
-1.871563883139744533e+01 -1.041886968246696243e+00 6.659162911764886061e+00 7.051617781622370629e+00 1.765494748674352721e+01 7.396280625262932951e+00 -5.432961625592398924e+00 -2.739469421235277835e+01 -2.322547233302583791e+01 5.399790698780603249e-01 9.776930197752507823e+00 3.317084049092554388e+00 -2.022024514651551641e+01 4.797255721688818753e+00 -2.608026157182882443e+00 1.215531584433366596e+01 -2.010869486527025174e+01 -1.935256254096928785e+01 -2.689822517637662713e+01 1.454210167292009892e+01 1.583545766301068625e+01 1.143923791999221606e+01 4.933936929588986331e+00 8.235513489598091041e+00 -3.795926466255907172e+01 -2.141108813999719640e+00 2.413417237508848245e+01 2.797344716821451804e+00 -7.068585982228202669e-01 -1.792415595637082859e+01 4.872477281779864278e+00 2.624574641576639333e+00 -1.422919726343819846e+01 2.975255001894677065e+01 -1.228054227794581443e+01 2.971807091033784687e+01 -1.486349225856415268e+00 -9.059330468587438290e+00 3.480301863793768291e+01 -1.314404397819884807e+01 3.797126757103848504e+00 2.457923751783305732e+01 -2.556038973537861025e+00 1.425745313837901840e+01 4.509909960540882778e+00 -1.928483910838818005e+01 -3.590515663005663383e-01 -1.105624758968379773e+01 1.710782099589075500e+01 -7.374013622856550931e+00 -2.032307879313248478e+01 -2.372874028956204029e+01 7.447451843413942285e+00 -1.168997869868137052e+01 9.728787939709238941e+00 -1.497079765460716416e+01 -1.196034987387090354e+01 -6.810938534681003631e+00 -2.836109129713301513e+01 1.793753055038929745e+01 -1.616550238696539354e+00 1.218493889310669331e+01 7.138422040769558663e-01 -1.373292347959462667e+01 2.308971522378845620e+01 -3.380522916740839046e-01 3.213593971170602259e+01 -1.540810921767439945e+00 -1.512861927717634636e+01 1.753161923517322052e+01 -5.335736218684133725e+00 2.197098837240059410e+01 5.835384046148453407e+00 -1.130443555097601660e+01 -1.606005867873574466e+00 1.124442919867543722e+01 2.549329623038382309e+01 4.876286649056729594e+00 1.021291677439177370e+01 -2.587477060360877701e+01 -1.149327133647592625e+01 -8.681328255670818450e+00 1.425255880574822598e+01 -8.194684431199116048e+00 -1.404982578903759105e+01 -1.852098207954548048e+00 1.385905272757688422e+01 -2.781459448886991481e+01 6.498314389366240285e+00 -1.223347495984086386e+01 -4.233078049014824096e+00 -2.707220708357569894e+00 -5.458450050788782093e+00 9.898729765877492426e+00 -3.552342556323481659e+01 -6.575451725220327504e+00 -1.978127937596360653e+01 1.120999241632804377e+01 2.109235568406290540e+01 -2.750418347505278138e+00
-1.332929122519446885e+01 -7.195617077746193857e+00 9.086202563014415645e+00 -1.177012091734978227e+01 2.033348154308285416e+01 7.861578906878879280e+00 -1.120609529407724203e+01 -2.101988819500081362e+01 -1.342586780609251029e+01 7.077389314585728064e-01 8.091430580735410771e+00 -1.092002125815508151e+01 -3.193913081956554478e+01 4.304397335507534450e+00 -3.596082459916108753e+00 1.102865518848435933e+01 -3.235869099983101194e+01 -2.489027914570975852e+01 -2.418032323338892553e+01 2.146659467029560986e+01 9.622924568431315606e+00 1.085769174260876291e+01 5.021380431686011114e+00 1.009884416259505180e+01 -2.768345533471197584e+01 -2.303173447296978371e-01 2.202621986048663061e+01 1.326971070503715389e+01 5.095075014571539995e+00 -1.999112591202102607e+01 1.174300353737965708e+00 -1.015462836543331093e+01 -1.497249658262075656e+01 2.905443487256171409e+01 -1.134470825738977773e+01 3.786964052369998512e+01 -4.285490665655083298e+00 9.688153584567485765e+00 3.708068025088505237e+01 -2.151339468216582773e+01 1.154606300633096216e+00 2.277442916046219423e+01 -1.315373289915330091e+00 2.628271577345323351e+01 8.453577607927116322e-01 -1.762101000440556930e+01 -1.299923657907061436e+00 -1.682518924639723323e+01 2.861541635251233373e+01 -5.038106036754317785e+00 -1.783078969428422056e+01 -1.579540580559382335e+01 1.251753720480914467e+01 -1.066780731536848137e+01 8.106239204632622375e+00 -3.079413647558585510e+01 -7.469378780344116286e+00 -7.938146821668035535e+00 -9.730819955115569186e+00 1.920130654792491498e+01 -7.894361677185449899e+00 -5.581605502761765258e+00 -4.644783458085202987e+00 -1.526360359994819937e+01 2.529710042048921892e+01 3.092220735577314583e-01 3.749538995076791537e+01 4.469744971293200919e+00 -1.420834831973899881e+01 2.102087540207785565e+01 -2.342250930492922123e+01 2.054211347119140996e+01 2.547263609063771739e+01 -9.595385904877129946e+00 1.047792111752536570e+01 1.934476464142027841e-01 1.703392307569617614e+01 -9.507045775864434445e-01 1.384065676970376657e+01 -2.425579015027953034e+01 -1.454977510559398191e+01 2.550885719752931546e+00 6.104248745494706974e+00 -1.371121288272068028e+01 -2.980408018392517633e+01 3.091827855731195562e+00 1.951398264191576359e+01 -2.886357138903618136e+01 7.844562672114033575e+00 -6.431662875470705032e+00 6.736805665575396951e+00 7.432327747138572249e+00 -1.434832761261296774e+01 3.461637762936808471e+00 -3.915529062232599244e+01 -8.860022590114040586e-01 -9.265586639811017378e+00 1.444268304741453512e+01 2.248905155073370565e+01 3.546194870383341247e+00
-1.453702460428238830e+01 -2.596919760256763965e+00 3.771900637410910306e+00 6.068440809247979573e+00 1.679385581743335010e+01 5.673586701732368454e+00 1.188047026355206803e+01 -3.522964001850854743e+01 -1.942803251468300019e+01 1.145399571213662426e+00 1.304499773331749957e+01 6.396292535302253945e+00 -2.066519039059693341e+01 4.994215699716148649e+00 8.967604882243399578e-01 2.743923836052810117e+01 -2.678790909330804482e+01 -2.591615345019350514e+01 -2.491261447367573467e+01 1.285719088823994660e+01 1.134151948679043720e+01 1.645329211017521942e+01 4.109346290219127340e+00 6.290167000864151703e+00 -3.362763383549287255e+01 -3.501942834350769029e+00 2.650987308439981760e+01 -4.661985392330810107e+00 -1.155657307628388475e+00 -1.299697224251444894e+01 1.627209385991135093e+01 -9.854102631707952753e+00 -4.024862465906825726e+00 3.961011853814524386e+01 -1.548515199643061102e+01 1.994076160327545111e+01 6.382174316169003880e+00 -1.404641870741956211e+01 2.709844445863645390e+01 -1.996846933389479517e+01 -4.518218121161268641e+00 2.786670952261098577e+01 -4.014556758561667493e+00 9.368719062980979118e+00 1.009368102233776199e+01 -2.249989327291048014e+01 -1.563281503129009042e+00 -5.285554249040212760e+00 1.660439338034927559e+01 2.626251884884699961e-01 -2.893572733977453382e+01 -3.000658747793787740e+01 8.996830515800026129e-01 -1.933569633083302719e+01 2.363436246494623205e+01 -8.212714515077349731e+00 -1.254574452382304806e+01 -1.160014151786623815e+00 -2.211770044493166054e+01 1.778670220471835961e+01 2.814216228266029241e+00 1.423803577006700039e+01 -6.545236815966504196e+00 -1.172272476286007503e+01 2.171124168931634912e+01 1.784538984550433360e+00 2.480198171976793731e+01 -1.460565774468912714e+01 -2.471594177848937868e+00 1.595152141356762776e+01 -4.710801444340421362e+00 2.058778069789119769e+01 9.009478165286058271e+00 -1.662448918588879820e+01 -1.080847262084086502e+01 1.361187215168739328e+01 2.611940846711991071e+01 1.184462912621569863e+01 1.755550732916368162e+01 -3.749814641280519822e+01 -5.858139114386459845e+00 -2.232114685138544274e+01 1.437506707856764088e+01 -8.837337876909161949e+00 -2.501193898719021647e+01 1.415140826762765691e+01 2.613683209804512231e+01 -2.913431584143361874e+01 1.313669430104381419e+01 -1.698726850330431404e+01 -2.458942130520237246e+00 -2.472083308737961449e+00 5.220968370151677362e+00 9.106563929983115813e+00 -3.267286830073133075e+01 -8.183021947152234077e+00 -2.824360327894545364e+01 6.487427705597617944e+00 2.268045658992057767e+01 -1.476371747089415898e+01
-1.629928079613680225e+01 -9.367603449640675706e+00 -3.352071283339813412e+00 8.079391491790369750e-01 1.423051029402584255e+01 2.308486398469169920e+00 1.371680514308309995e+01 -2.602035217615530982e+01 -2.552373877613420561e+01 5.209834817779966931e-01 1.380389007293863557e+01 4.327445708112072964e+00 -2.966185411423823481e+01 1.374531631958501876e+01 -3.440547814562290974e+00 4.477955237539686273e+00 -1.979732288561795528e+01 -1.199113290783605024e+01 -4.099231926877197196e+01 1.323367812896346685e+01 1.506857129201619827e+01 6.798046679388034974e+00 -1.293384588782689626e+01 8.389199992875607137e+00 -2.239503945819689790e+01 1.265247039929126016e+00 2.633766653798340585e+01 1.298893690425784730e-01 1.115372146577371915e+01 -2.764845081261772108e+01 3.785593176859837428e+00 -7.554225050962147137e+00 -1.042531380646335748e+01 3.305577540440074813e+01 -3.942902822240138772e+00 9.175931164337569612e+00 -5.372260521311608805e+00 -1.366191000388002408e+01 1.897908438270078690e+01 -2.437719614062620010e+01 8.029373977426882414e-01 2.727963673058235017e+01 -9.666469387241768629e+00 4.546271328753258345e+00 3.758711839610207051e+00 -1.920194194789315389e+01 -4.264067419630481304e+00 -9.563906048388338021e+00 1.424074784009611072e+01 -3.478216225689393148e+00 -2.041526509474397955e+01 -2.752080824471843457e+01 1.298879742472657739e+01 -1.062794511422030075e+00 5.762445615231071905e+00 -3.277461461021110267e+01 -1.990453125667602308e+01 -6.050330446441289922e+00 -1.974657015528216064e+01 2.673581564667071575e+01 -7.530355069992059391e+00 1.432734680268188043e+01 7.342970528470763369e+00 -1.506333911594872355e+01 2.363840507025094340e+01 1.273850931734094694e+00 2.784471464366647453e+01 -1.815687795540344851e+01 -6.662424364441785762e+00 1.191968833156717444e+01 -1.073446023171561770e+01 2.532034398917866724e+01 3.053504796154430778e+01 -1.939878822098187428e+01 -4.842063716483026248e+00 4.086753052376980833e+00 2.344029567917155177e+01 1.475240812047255545e+01 -4.609824083099596792e-01 -2.446278775281013296e+01 -6.184520558773417775e+00 -1.488039770745663937e+01 1.784948221561850445e+01 -3.374139223916546304e-01 -2.089212064257197454e+01 9.267187355950934347e-01 3.508484885212217108e+01 -2.167361139666767400e+01 7.871583417553409845e+00 -1.352440966313372783e+01 -5.464010099671010146e+00 6.052727036745109146e-01 4.772949148753946602e+00 -1.743283598094198972e+00 -3.748090426993719859e+01 -2.324173720202852955e+00 -9.937495657569707319e+00 9.571748897326353145e+00 1.014903302743729796e+01 -2.533157527383649565e+01
-1.501315258713735723e+01 -5.359014217389876045e+00 1.194442073263417825e+01 -6.155024517029401565e+00 1.676011678775634550e+01 9.699398241558709888e-01 1.218760671349567559e+01 -2.388897949950720445e+01 -7.206659820069216238e+00 -3.580421537285217060e+00 8.542717139664706139e-01 -3.336374743786690633e+00 -3.740596484233676478e+01 -1.350834755845552015e+00 -7.999618363069994409e+00 1.818879355143870669e+01 -2.268698446919434275e+01 -2.661936977663773263e+01 -1.637705722196913882e+01 1.858618850660419497e+01 1.533273492624868695e+01 6.543195532059018049e+00 9.951474915992608583e-01 -1.142774039142118392e+00 -2.179131611901282639e+01 -1.583855163956775947e+01 2.277149600101769167e+01 3.318814572041553390e+00 4.408919717310928021e+00 -1.431949179226216273e+01 3.703271883626634065e+00 -1.070395884794148067e+01 -1.174796232596682088e+01 4.210043175533946425e+01 -8.771706662988785652e+00 1.578345785411326574e+01 -1.696278444445172440e+01 -3.764286914553285790e+00 2.376447093368828334e+01 -2.239218920216292830e+01 -1.163373230323565366e+01 2.051139384481383843e+01 -6.872527411695463329e+00 2.003859967055262459e+01 6.203723423525664415e+00 -1.650909796314923383e+01 -4.076684419107174939e+00 -1.112076078339826957e+01 2.814647530816308674e+01 -1.251262804719413069e+01 -2.421888626226890295e+01 -2.246935894331420158e+01 1.834862386024163428e+01 -1.057555609978346567e+01 6.177278271125323350e+00 -3.615008694225005570e+01 -1.249521709941094194e+01 -7.697548487266744566e+00 -1.295920759593456317e+01 1.004738532783630234e+01 -1.016898036447232023e+01 1.776805653102929483e+00 -9.131544187042765159e+00 -1.118406740634817176e+01 2.858596489462354384e+01 5.389930248782064837e+00 3.570861073616227088e+01 -1.737104475456600738e+01 -1.120351496458882679e+01 2.129980505780507372e+01 -3.107149025688497801e+01 2.313129297951711294e+01 2.367794853384718579e+01 -1.520894293368756145e+01 2.520283011411538876e+00 2.566044232458552177e+00 1.974884234279278061e+01 9.206230293472243531e+00 7.897989899641994604e+00 -3.030078028789784739e+01 -7.174107926487199194e+00 -2.601442296389955833e-01 9.099779864471443602e+00 -1.392041152855053987e+01 -1.642893472958677137e+01 4.851426604529765818e+00 3.223724330660822091e+01 -2.847471019285578464e+01 2.222567879244110589e+00 -7.479502501683220395e+00 5.681354160038182499e+00 7.140405348152411236e+00 -8.038438127704758074e+00 -5.171176061310056582e+00 -3.785822769022855283e+01 -1.225012096734042544e+01 -1.185219410447862609e+00 1.334689270584761012e+01 1.275645862474463144e+01 -2.540197259147989328e+01
-1.419303326622433659e+01 -6.974582455709932738e+00 6.434917397393356886e+00 -6.884805452444684448e+00 1.870551133534942068e+01 9.618273516722952721e-01 8.882572861056624802e+00 -2.715004083312054206e+01 -2.014801763325393225e+01 2.528087917451715683e+00 1.567956855126090154e+01 9.067391349470107498e-01 -3.254279544063965091e+01 8.127354137903063602e+00 -4.794414865078023169e+00 1.319708590754904165e+01 -2.212014493500682377e+01 -2.005336696356904724e+01 -3.256799508729432091e+01 1.630496384055746617e+01 1.650134394328705056e+01 1.244369935440813002e+01 -4.570474587990201343e+00 7.897844850844527365e+00 -2.971933640639245766e+01 -3.351569457504135485e+00 3.083126485268355310e+01 -9.467367430073667656e-01 7.048461429169242898e+00 -2.614962228863600302e+01 4.763026147439308744e+00 -1.001628750225206943e+01 -1.037204636040827843e+01 4.041709298715345966e+01 -1.049849914504776827e+01 1.766105961704715455e+01 -6.830784718282376211e+00 -9.988482998853195127e+00 2.673757795179502139e+01 -2.803338042714712230e+01 -1.023313419566890037e+00 2.752864100760601218e+01 -8.483726488115467035e+00 1.331388477629292133e+01 3.286794056246619800e+00 -1.821508469452546919e+01 -7.515106650562137780e+00 -1.524772135665558181e+01 2.411699476810263931e+01 -9.188860155486418435e+00 -2.450805044399992383e+01 -2.673969476806306034e+01 1.046131104699898984e+01 -1.070332130914839475e+01 7.506969590304722217e+00 -3.701362382958977548e+01 -2.057844295807355550e+01 -3.932355285290575875e+00 -1.951808535106247788e+01 1.889224925063755478e+01 -6.197139885606173237e+00 9.199492614065471585e+00 1.950268561327226369e+00 -1.326381005836108962e+01 2.524484721236681040e+01 4.602974105497081858e+00 3.284678004502731596e+01 -1.445493048298234662e+01 -9.436565816837665821e+00 1.730160497900261873e+01 -1.896243783554429285e+01 2.440571877086066621e+01 2.606875369699002576e+01 -1.715347786108688055e+01 -4.601836995186022961e+00 4.191354320633593034e+00 2.574721494055869542e+01 8.575578452770040272e+00 5.966372854723942964e+00 -3.152439243823613779e+01 -7.480418632112391997e+00 -1.142339208760448344e+01 9.534090040986322734e+00 -7.859694983323132433e+00 -2.346762086379307632e+01 8.185455469120615390e+00 3.139147273773644997e+01 -2.860355600922241592e+01 2.643770707279979870e+00 -1.479798653806759745e+01 1.205455939297342516e+00 6.324951748802214446e+00 -4.017606033650968023e+00 -5.852667524265003918e-01 -4.006808703254290549e+01 -1.350632190176585645e+00 -1.176468693862880599e+01 1.334806196539260270e+01 1.585260862073513977e+01 -2.207510852898630560e+01
-2.211503144884116523e+01 -1.239190149774911198e+01 7.839552221571215007e+00 9.844325625471114227e-01 1.869554314173807441e+01 -9.362014118536194918e-01 1.067534598597736384e+01 -2.838135476284834269e+01 -6.428765344552599181e+00 1.529558364433200257e+00 3.190801422282175892e+00 -8.570449300916664015e+00 -3.772839211339497467e+01 -4.738764281311762083e+00 -9.160772504884283407e+00 2.996586327839766639e+01 -4.050427917456677562e+01 -1.817599629960285057e+01 -1.542699124678442502e+01 1.542276687918826816e+01 4.501164808775176773e+00 5.750417682596381752e+00 2.069667424604255679e+00 4.611233117343151555e+00 -2.218625764775610065e+01 -9.979382563495963865e+00 2.456785015347812617e+01 9.843053337587358342e+00 8.390598603724550131e+00 -1.127145852674873794e+01 9.003713362271133391e+00 -1.053589712014811397e+01 -1.794278094602482554e+01 3.808221170495053087e+01 -1.667398700535895628e+01 2.055089577362592834e+01 -8.654451488563494332e-02 -2.014871663401514912e+00 3.418401011510280796e+01 -2.043914559965559974e+01 -1.131299702425348741e+01 1.663146497007006630e+01 6.819575336793379350e+00 1.299175315488084159e+01 1.060828367803647154e+01 -2.395494859338047178e+01 -8.357791635163327459e-01 -8.290910049976071505e+00 1.758683196842580898e+01 1.606047366801904852e+00 -2.433372025078264755e+01 -2.434110938044115002e+01 9.053860648837130043e+00 -1.632952634650528978e+01 1.688687048160918991e+01 -1.455723628172757955e+01 -6.388207618097865748e+00 -5.495698758929526306e+00 -9.067072696668391885e+00 1.996861641654619035e+01 -2.546033008925932872e+00 -3.389245022822386932e+00 -5.497304640508042795e+00 -1.537844471723961703e+01 2.577692087388589215e+01 8.173740734182302958e+00 2.636298614004937590e+01 -1.279743268781818166e+01 -6.770172665083291186e+00 2.013156512181042856e+01 -2.072531008890069515e+01 1.778679949640933700e+01 2.202875230317193100e+01 -1.493796156849912649e+01 6.901316454296011038e+00 1.223306832456938764e+01 1.645599890033014745e+01 1.963630243909576123e+01 1.950925758211683814e+01 -3.521253708107109048e+01 7.547426819193573166e+00 -9.250256050080578163e+00 2.924656528031623015e+00 -1.466039822946667748e+01 -3.021781514954382786e+01 1.524397227158571866e+01 3.422329081270591189e+01 -2.464279721192036376e+01 1.042874705775051503e+01 -1.593365705366306528e+01 1.451688336589234352e+00 2.885116318068493335e+00 -1.639837957290702641e-01 -9.338130826112514549e-02 -3.268490407731935932e+01 -1.630356659245717310e+01 -2.284294193680288387e+01 1.546095050413403094e+01 1.237897585295178793e+01 -1.717138933211154139e+01
-1.595974127579192370e+01 -4.866091600331516887e+00 -1.720059227501349319e+00 3.790578559801012215e+00 2.091630906081574892e+01 5.683079899336668461e+00 4.436541464714511385e+00 -2.910767554461985185e+01 -1.609528330432533139e+01 -6.578869213406227878e+00 9.721912162833595161e+00 9.150968299403951178e+00 -2.435542106437500109e+01 -2.835330851209930891e+00 -6.411569343387100162e+00 6.719467410891742709e+00 -9.278116735786266389e+00 -3.171196135954427575e+01 -2.960528555302025566e+01 1.880554206298790731e+01 1.407671391113189507e+01 3.389496123259539306e+00 2.923267140831425359e-01 -5.417024853993592792e+00 -2.088334867116384075e+01 -1.333363468268378149e+01 1.954345872011377239e+01 -4.920220720485194654e+00 -2.812357817554468120e+00 -1.996630702972928262e+01 3.105902069759659767e+00 -1.198061937804266286e+00 -1.783454612243833282e+01 3.864901716658522446e+01 6.550261100796767266e+00 9.340565208228046146e+00 -1.262633212865240040e+01 -2.013520847499878741e+01 2.762346062700713745e+01 -2.423082554402141398e+01 6.805525953755316770e+00 2.965900977442005981e+01 -1.036792534101126328e+01 2.082745723588083209e+01 3.360100803831505889e+00 -1.962926369289536055e+01 -8.503851091653759298e+00 -1.620834840762951501e+01 2.315823592966332711e+01 -1.922497490807461418e+01 -1.627457164084440677e+01 -2.617760487770460998e+01 5.124652591836931670e+00 -1.129804375567205632e+01 1.034027732299564306e+01 -3.240586198237797788e+01 -2.174351933319015018e+01 -9.534021232554549030e+00 -3.507096170437088745e+01 2.263662926191354785e+01 -1.921635701159224041e+01 1.878841978090380138e+01 2.723151695121831750e+00 -9.869731690579945038e+00 2.875408374467720662e+01 -8.919593641714200771e-01 2.815479936973553876e+01 -6.485643459638553487e+00 -2.169758259267005585e+01 1.273173666245156710e+01 -1.264761029852432905e+01 2.158760723721571750e+01 1.819886617302205778e+01 -1.995220784387709401e+01 -3.590070053599087707e+00 5.360952595322594050e+00 2.261525306540588431e+01 7.413019722646041920e+00 8.135821900650807015e-01 -2.764797540650544860e+01 -1.398987485947898435e+01 -4.649987797102607345e+00 1.616322961638808664e+01 -1.264178967221171668e+01 -1.107849609462738982e+01 -5.002358258527782375e+00 2.580592995777656640e+01 -3.215650607066299216e+01 -4.164675110383623036e+00 -1.030763200762297593e+01 -6.203211329447136713e+00 -1.658508885974623537e+00 -1.373124096950544981e+01 -3.821612184961519443e+00 -2.676144937122177225e+01 -8.272989238784967725e+00 -1.004422056180782086e+01 1.923525306911559341e+01 1.205962505039049582e+01 -2.558024064464369474e+01
-1.043864042005749937e+01 -3.040715943463792037e+00 8.418340396418997784e+00 -2.593625880276246409e+00 2.277913966670956825e+01 1.191265148978386179e+01 1.087781517663553910e+00 -3.209514612405957479e+01 -4.343532878283925314e+00 -6.084662251223819318e+00 4.373877384873810392e+00 -1.461106487613401082e-02 -2.578114123646219724e+01 -8.895628725593354602e+00 -3.711247536923317547e+00 2.126006881704966744e+01 -2.137053030292014810e+01 -4.030873508535603378e+01 -1.434623430564463931e+01 2.090759279043329144e+01 9.522059933006381982e+00 1.368069202962998254e+01 1.394591874517617214e+01 -4.918150940279085503e+00 -2.174506099872689546e+01 -1.579159978703704681e+01 1.720950265733967299e+01 -5.647809058698958218e+00 -8.250323580665904544e+00 -7.656069821038132162e+00 8.918690854737786111e+00 -1.358401769784801516e+01 -1.231206322149801657e+01 4.353050959747601212e+01 -2.143207922803695098e+00 1.865891728731775245e+01 -6.400810113638137899e+00 -8.924060217043550125e+00 3.252660188168518829e+01 -3.069926999761220898e+01 3.481876394190998592e-01 2.753864694031255667e+01 -8.292501727440901860e+00 3.225217263594174710e+01 7.389114513474444479e+00 -2.021343446638494257e+01 -5.882897338348798577e+00 -1.254472299606204011e+01 3.045497678505298467e+01 -1.291218187542999374e+01 -2.980753687456910583e+01 -2.655055353645754224e+01 -1.144995496895446330e+00 -2.721630991462349414e+01 1.934561130214371616e+01 -2.554376261839672679e+01 -1.430603930455592376e+01 -1.450495744110914309e+00 -2.204694806295024634e+01 1.242594141457008661e+01 -1.642706608934023649e+01 1.412237517734356729e+01 -1.213243852925582900e+01 -7.571606962881373803e+00 2.694779232209689823e+01 1.130252961528215527e+00 3.217361666781231833e+01 -6.188441385295194941e+00 -1.235287471823291128e+01 1.458736714250414401e+01 -2.335652279556444810e+01 2.127952961479417837e+01 9.433346996004923213e+00 -1.766082878702811243e+01 -6.624906007847742195e+00 6.992897853018675391e+00 2.457822023741612938e+01 3.025627436155170713e+00 1.486267274832567864e+01 -3.544754244270201582e+01 -1.619696398032508711e+01 -8.574367665628450652e+00 1.105422250822410390e+01 -2.431268932210718248e+01 -2.479017144105203485e+01 8.219303684241992869e+00 2.233657248719156385e+01 -4.032937639278632247e+01 2.752431187407225810e+00 -1.127563048830920778e+01 4.420492810806139872e+00 4.746872684919878793e+00 -1.378609339738446060e+01 -1.334398622584682448e+00 -2.543686032121144436e+01 -1.214667013349227886e+01 -1.822489685985225449e+01 1.597641910748630956e+01 2.368283621476908607e+01 -1.519099274298697999e+01
-1.261376688634305943e+01 -5.743018479441295732e+00 -3.784475378308539195e+00 8.350970374647506134e+00 1.662178671249078121e+01 5.045162974034837156e+00 1.456944400965020670e+01 -2.443028858497454081e+01 -1.543946596048616371e+01 -8.391165247895349566e+00 2.235120455046994969e+00 8.414442890782162010e+00 -1.944544665483972423e+01 -4.303652967882766411e+00 -2.804638290353736352e+00 6.975529625516331933e+00 -8.338355610591063893e+00 -3.127852151869188546e+01 -2.798815152453835964e+01 1.744974343963310304e+01 1.008335545787274157e+01 6.917665646237174393e-01 -2.996417236740128054e+00 -7.149192451687156336e+00 -1.595188747475931201e+01 -1.620061585497068890e+01 1.389970642952749103e+01 -7.337367334056664525e+00 -5.261316485714957913e+00 -1.678286252389404964e+01 5.286587222486484272e+00 -2.304100528405776505e+00 -1.455354493106912628e+01 3.814761335574588941e+01 7.559597906792797417e+00 1.610035539954075778e+00 -1.567308587062463943e+01 -1.740229541838123595e+01 2.302615344446391177e+01 -2.510628624997150737e+01 1.042406192890739769e+00 2.865922992805534619e+01 -1.318801456723921994e+01 1.595731745227410059e+01 4.442232592728376339e+00 -1.956072505564668162e+01 -6.616332469207876876e+00 -9.813390430025860312e+00 1.895357544215326229e+01 -1.750042982898217403e+01 -1.371059077633975853e+01 -2.780104462158038103e+01 9.807443586892775400e+00 -5.195071972076921618e+00 1.084654129969775305e+01 -3.070210261634490934e+01 -2.003685132975995131e+01 -9.081000150796313619e+00 -3.394557850491350592e+01 2.241772457435766341e+01 -2.034076104467096613e+01 1.862776556127285588e+01 -1.197398008852618378e+00 -9.088511745003646780e+00 2.909177013982022331e+01 -3.829289771509134965e+00 2.617531727190835156e+01 -1.346427432212621866e+01 -1.682021911361335498e+01 1.035186075286470242e+01 -1.387264822148522647e+01 2.322325087170083080e+01 1.749917021452877819e+01 -2.134262698144188874e+01 -5.399864117816081333e+00 3.853090341485582826e+00 2.205522200694776203e+01 9.679703641372100265e+00 -3.238677512502808664e+00 -2.359850690223829872e+01 -1.452520276887182504e+01 -8.624254494433934326e+00 2.027842833597232897e+01 -9.883368563317468158e+00 -7.488131867991271839e+00 -9.635610565027254992e+00 2.969575353690066422e+01 -2.928537507883309132e+01 -1.618375703042930491e-01 -1.075746391642962507e+01 -8.997595560425011740e+00 -2.720058584053874906e+00 -1.075958179266156733e+01 -6.125567280530256120e+00 -2.366022149221897308e+01 -1.611438923669861722e+01 -3.052878065014592135e+00 1.646003345146412755e+01 8.083999596917543329e+00 -3.418060874394244308e+01
-8.587992326442936530e+00 -9.672643266909139115e+00 6.029897924431741885e+00 -1.443816282072246082e+01 1.959521970991216833e+01 1.635929591474307054e+00 1.199318919473195244e+01 -1.848908858551577694e+01 -1.639331169605793548e+01 1.029975062931671292e+00 7.278677312576565583e+00 -6.674474761176691473e+00 -3.698996001795833166e+01 1.027341766908731202e+01 -3.739148966611198777e-01 1.208426339436294938e+01 -2.898281698942932394e+01 -2.156656347928248607e+01 -2.678380760017414630e+01 1.945626616310351764e+01 1.064228656672796625e+01 1.172887148774534616e+01 -5.596637554031678619e+00 8.140151003575144983e+00 -2.160875599741848063e+01 -3.323850932984987239e+00 2.758019485131755744e+01 4.968316319158653016e+00 9.102657366347052914e+00 -2.001749707212545104e+01 1.713991815587106560e+00 -1.707004988772141374e+01 -4.450542082471558913e+00 3.647370881352935612e+01 -1.300014168396723413e+01 1.983017914801646597e+01 -1.148612932978518231e+01 3.243591700582746373e+00 2.296605303528578190e+01 -2.932364227762863251e+01 -1.153850438354495367e+01 2.222148332216574218e+01 -9.760628345908052950e+00 1.582744122717067015e+01 3.540817474189457581e+00 -1.945148891173489858e+01 -1.669784959263073132e+00 -1.177760437747671673e+01 2.770808021106459762e+01 -3.516802124967580490e+00 -2.207822837191249477e+01 -2.302618781492174804e+01 1.907279144794841130e+01 -3.488725482888381801e+00 8.929010636687564784e+00 -4.003362241898938834e+01 -1.141553287097805303e+01 -6.298711548988859654e+00 -3.387624800946204662e+00 1.801570531516674478e+01 -7.473919930742157547e+00 -2.061214375366984708e+00 -3.934216292174644192e+00 -1.414360012921970799e+01 2.393001296616863272e+01 1.780313240065193092e+00 3.686692329187967943e+01 -1.825055633020697599e+01 -5.062009965305604986e+00 1.949155624283461208e+01 -2.671747077552140581e+01 2.231964382378581391e+01 3.265112795062272255e+01 -1.541300553881777979e+01 1.988499571313324887e+00 -3.678250276384789075e+00 1.609292590878016327e+01 6.838247590919920071e+00 6.067703444812920566e+00 -2.880228489609453035e+01 -5.872869097414350925e+00 -4.546173012914273670e+00 8.694261543302950201e+00 -8.077067532892098001e+00 -2.716125979057013495e+01 8.601260153321980795e+00 3.598496263904469572e+01 -2.738189992278006102e+01 1.047546368156258012e+01 -8.124304183310298910e+00 8.564049551858019527e+00 8.704087868593154198e+00 -4.197404556250506680e+00 -4.772410771456510048e+00 -4.395083328738108719e+01 -3.533411463960790755e+00 -2.590142364024373478e+00 8.570237072572242099e+00 1.241735968152833536e+01 -1.906568118174627102e+01
-8.919728406347401162e+00 -3.831182826550374454e+00 1.046085128999221681e+00 -1.080377455979792733e+00 1.543265911421058867e+01 4.833635389160949813e+00 6.173520092697910577e+00 -1.605035796382988877e+01 -1.267962704792370587e+01 2.419352790445599588e+00 4.598662674969340003e+00 -5.931750222445185017e+00 -1.853381750508800252e+01 6.175876264140612193e+00 2.311698227748991918e+00 1.044848358750070005e+01 -2.474457693015786575e+01 -2.485902753201867554e+01 -3.078996218871384372e+01 1.593652583924318478e+01 5.466645684432466901e+00 6.143545901258460340e+00 1.322303812049435423e-01 3.496548446703871882e+00 -3.111742618134810456e+01 -7.445874309164929983e+00 2.393948616368732019e+01 3.633991937915900916e+00 -2.925305636694430778e-01 -1.567759578403379095e+01 3.911930922214539752e+00 -1.060350360726212804e+00 -1.043347110421537671e+01 2.722673607391543626e+01 -1.029172762209356229e+01 2.406470058361279740e+01 -1.070179324364657170e+01 6.275094603592570763e+00 2.442378063130910348e+01 -2.540479151284103665e+01 -4.649834162422231465e+00 2.713719716339761234e+01 -6.956493713543119739e+00 1.097042944565150435e+01 4.198804016214009671e+00 -1.977548746975252314e+01 -3.487113763961557922e+00 -9.878294158835807082e+00 1.558995706230231981e+01 -7.178477413985249633e+00 -9.258270473764445896e+00 -1.983628043996263912e+01 1.673722904843545223e+01 -1.161204951867327972e+00 1.081770771467957637e+01 -2.674137994988047140e+01 -1.473570021160442245e+01 -1.138397934671777456e+01 -1.600078470121418306e+01 1.560759927260117585e+01 -7.177903014156924222e+00 -2.374653897776231037e+00 -3.728884944771938326e+00 -1.023964010877097763e+01 2.923027272469701998e+01 -7.666995725003467932e+00 2.875800253250329419e+01 -5.066985685020248376e+00 -1.173012852108852044e+01 1.755747341537319883e+01 -2.145691882098910952e+01 2.339979478115535372e+01 2.429588918468406433e+01 -1.163379565560659934e+01 4.324450102049147482e+00 -2.559833899696891013e+00 1.349024086308104664e+01 5.091928361931264746e+00 6.271015883414567504e+00 -1.736969505155954607e+01 -1.747671651596759190e+01 -7.276904589734366269e+00 1.726186501746237667e+01 -4.277601294973704782e+00 -1.413219689664431300e+01 -3.439316684726506868e+00 2.690951638703438320e+01 -2.524303634566457433e+01 4.344642541933647628e+00 -8.399641366859034619e+00 -4.009135594295589300e+00 4.334316810938229736e+00 -1.241773868386676405e+01 7.471825358213780577e-01 -3.580676823287939214e+01 -1.179071845097314686e+01 7.460175484124236256e+00 1.396729659845100358e+01 1.494894500712035246e+01 -1.408302921501940830e+01
-1.278948158188673290e+01 -1.196736480410167047e+01 -4.205208822538434532e+00 4.788393119969856393e+00 1.504627224477145653e+01 -3.988007294971424255e+00 1.760980963822634848e+01 -2.754929490150722415e+01 -2.691741659097860406e+01 2.050400581669607758e-01 1.079002986028044120e+01 7.382486109623931370e+00 -2.544774649597030702e+01 1.159487692438817596e+01 -1.926845729632312487e+00 5.689365214957656569e+00 -1.915842248150891081e+01 -1.106849523140984282e+01 -3.784611019177818747e+01 1.139615004480915061e+01 7.943018878504141789e+00 7.018687033022074750e+00 -1.174017788660298223e+01 9.099355193283821919e+00 -2.560024678016538147e+01 -6.865817376438775987e+00 3.034466939461511359e+01 -8.839718809630692675e+00 1.788867579024904897e+00 -2.181403474742705129e+01 2.194195501810027427e+00 -7.822400696265002118e+00 -6.610690814604540222e+00 3.381631145817610928e+01 -6.688794990817591213e+00 4.053728859356343861e+00 -5.688356138350635582e+00 -1.501472896729544537e+01 1.934319019468241407e+01 -2.539470117941609928e+01 -1.548957220885232910e+00 3.108365548962403579e+01 -7.465489182367855747e+00 -8.588373260692190314e-01 6.669005377350952557e+00 -2.637430331168872755e+01 -1.921317424137176932e-01 -5.882778009798945718e+00 1.106156152596481412e+01 -4.199348721494846615e+00 -2.011385815002606847e+01 -3.236090332708572248e+01 1.097113473882544277e+01 -4.037454699796029445e+00 9.251878095520744694e+00 -2.452645986105416043e+01 -1.805907968410150843e+01 -8.688315402188745651e+00 -2.319587626214348575e+01 2.525861870944973475e+01 -5.997494194460683659e+00 1.659037906026139808e+01 8.422972829574151277e+00 -1.509185115398761035e+01 2.214489257438040326e+01 3.422154791814747909e+00 2.709913332816543630e+01 -2.599350114288398572e+01 -6.026693394695048944e+00 9.933006382610441776e+00 -7.121624245525228325e+00 2.938036060589613641e+01 2.520928452950165166e+01 -1.917905496539056998e+01 -8.795237063445346948e+00 9.867561360456074127e+00 2.137931545749953699e+01 2.099684333068270803e+01 -1.754615555445342423e+00 -2.546345312407828487e+01 -3.357510337568129000e+00 -1.951687570542432937e+01 1.804286427412250760e+01 -3.320983940180170624e+00 -1.728195659914363347e+01 5.814483248163456741e-01 3.684992024730865978e+01 -2.766026971030599313e+01 1.211694836754740479e+01 -1.410015178671086389e+01 -7.032670930289357081e+00 -2.108936802020515699e+00 1.922666610098608064e+00 7.469065191589578934e-01 -3.677841235365163897e+01 -7.281685462222934113e+00 -1.234011989116101304e+01 1.175528062727840783e+01 1.143159794797551676e+01 -2.774605560565171203e+01
-1.730489470616220515e+01 4.153945282954480955e-01 9.508002741003577896e+00 -2.693559198241590291e+00 2.762900205810273846e+01 1.097342800104013349e+01 -4.942478942197755742e+00 -3.802182588517928963e+01 -9.089765363749004123e+00 -6.163354999797742373e+00 1.349497405368959768e+01 6.867184976045614953e+00 -3.185389314474907607e+01 -8.499966941100783657e+00 -8.394331005123092382e+00 2.098424975711483143e+01 -1.621301509455665624e+01 -4.132980996982276167e+01 -1.615349417222588357e+01 2.203011754684323265e+01 1.838186777246743731e+01 1.325967711862612397e+01 1.460424863409915375e+01 -4.757382246955010885e+00 -2.650499308851341240e+01 -1.457425644792046171e+01 2.450535995957519120e+01 -2.362145595431584422e+00 -3.941018856528462955e+00 -1.273341739611668721e+01 6.519538793123318854e+00 -7.348790550801052035e+00 -1.480366446071808184e+01 4.649676077865720458e+01 -1.871276055107090608e+00 2.374130713856190411e+01 -4.855984848394898634e+00 -2.099610811369329255e+01 3.629098769553434067e+01 -2.130470586660302956e+01 4.343993940190389758e+00 2.609109820423502057e+01 -5.202782263027898146e+00 3.477284882943447997e+01 5.988411765578494084e+00 -2.060694939547880367e+01 -7.819855933668685033e+00 -1.940509115807405038e+01 3.503673427665612650e+01 -1.791988663498673873e+01 -3.052072561080020918e+01 -2.503902980988960536e+01 -3.642496703293661930e+00 -2.918302247397904026e+01 1.742896821640328753e+01 -2.628875551035949343e+01 -1.544158604655034317e+01 -5.070576867838340718e+00 -2.844951716770605188e+01 1.474290719943384254e+01 -1.287216064680132632e+01 1.615369287607162363e+01 -4.522249222201385699e+00 -7.845271068814830606e+00 2.745422746386570267e+01 5.271542767883657277e+00 3.334017364091094038e+01 2.131689982984254494e-01 -2.137877498549318744e+01 1.790245416386499500e+01 -1.436157713556300486e+01 1.546747324068009988e+01 7.836051959270626810e+00 -1.756646052564012805e+01 -3.274873284141211371e+00 9.869839511759192163e+00 2.567964378351917176e+01 1.625261348430489639e+00 1.675396771870524049e+01 -4.201159154942499896e+01 -1.069625763536868668e+01 -9.549351555217071297e-02 6.246798609543525949e+00 -2.278681006317546931e+01 -2.039961031645010081e+01 9.957172902449915597e+00 1.691008981375250642e+01 -4.047681176341700393e+01 -3.108147793564401518e+00 -1.046583165436962304e+01 6.012290015197722326e+00 3.712930906834719935e-01 -1.564313872423659646e+01 1.342315388437845369e+00 -2.970103220971851954e+01 -3.296657622319681735e+00 -2.871194438381723657e+01 1.847231709014270606e+01 2.250786968220342743e+01 -1.050892987060777273e+01
-2.020147374801597095e+01 -6.186316224927877805e+00 -6.184503236947375804e+00 1.316882434224431009e+01 1.572363015916669404e+01 6.365417681813087647e+00 4.000289598594206630e+00 -2.544312089656844833e+01 -1.971771900870168182e+01 -8.247025779427929137e+00 1.002340964728000605e+00 7.051909767429534348e+00 -2.069130739303497890e+01 -3.031608563937727152e-01 -5.748563162799517734e+00 -1.467677616509187599e+00 -7.923374319233811747e+00 -2.027094083627115495e+01 -3.257363086521922924e+01 1.653714322590707653e+01 1.099106668015901711e+01 -1.978217304822257772e+00 -4.191333573954056035e+00 -2.424171686535733894e+00 -1.634473594323844026e+01 -1.077052906916068409e+01 1.210028715696089918e+01 -1.985450616627698395e+00 -1.103031110853448737e+00 -1.916287532861174370e+01 8.058661798670491150e-01 2.841726431640098305e+00 -2.110162869506799055e+01 3.099519750329891821e+01 7.998317325718614867e+00 8.015690826054989060e+00 -1.270410507269168754e+01 -1.811232323939961830e+01 2.812379758733081303e+01 -1.666466369171323691e+01 7.455952778382007651e+00 2.634025724085614684e+01 -8.032605793846521181e+00 1.362461291944116759e+01 3.657772535034270689e+00 -1.960462797776242994e+01 -3.079138462330015535e+00 -1.135403100359428130e+01 1.257062330554340157e+01 -1.505094510953507836e+01 -1.232546458245482413e+01 -2.630772607334717961e+01 9.583528629815946331e+00 -3.138708594811044694e+00 5.267652580908976923e+00 -2.257773606955675305e+01 -1.703466641277008975e+01 -1.053117173181145105e+01 -3.608143795447238489e+01 2.974538432394579601e+01 -1.977839731651662092e+01 2.087961463890269442e+01 8.354395689011223425e+00 -1.229403043173282128e+01 2.658047925476241247e+01 -1.054751597217243431e+00 2.868554534395146050e+01 -8.693023169486233215e+00 -1.818200373547846382e+01 8.712521830072230244e+00 -7.043981816019031506e+00 2.510098382522412663e+01 1.452689361072765983e+01 -1.919147749775029865e+01 -5.982183754776827511e-01 8.806490511739166749e+00 2.431474286832158427e+01 9.914746612953459604e+00 -5.584626323313502283e+00 -1.969577640848602584e+01 -1.089532179263958334e+01 -7.028132207632933337e+00 2.135713418189769541e+01 -9.434124240740795031e+00 -4.994037228996219824e+00 -1.581292944261288191e+01 2.267653054713126082e+01 -2.509399943614253203e+01 2.041374513817717506e+00 -1.117854615598488266e+01 -1.130894980060089416e+01 -5.704835382848175485e+00 -8.252750326331121045e+00 -4.066905206007220386e+00 -2.540277664373537192e+01 -1.260225038175227041e+01 -9.749394362503933209e+00 1.670637420505186910e+01 8.312070487414622733e+00 -2.201520283397129774e+01
-1.469519780529631525e+01 -9.173788033524944652e+00 -6.152044345864383423e+00 8.572844487316380935e+00 1.561577069639747428e+01 -1.209322237682913359e+00 1.325023695156415648e+01 -3.013690121110676046e+01 -2.718282308238987710e+01 -2.070551057823202257e+00 1.197180448526554564e+01 1.140921378426635435e+01 -2.214842193587328012e+01 8.365577956463173592e+00 -2.655186166958029226e+00 3.818335900553074147e+00 -1.334064206269511033e+01 -1.489125859376678207e+01 -3.898225619778571627e+01 1.187753762816878833e+01 8.993322369172355835e+00 5.672826555438658325e+00 -9.370982741388656834e+00 6.008263816571763449e+00 -2.446709274830407566e+01 -7.853486181535416222e+00 2.771646818076228413e+01 -1.004332389333454323e+01 -1.102002514391731358e+00 -2.215028757605912091e+01 2.619739460123769348e+00 -4.269838931037869934e+00 -9.958133259380264946e+00 3.362221625318664309e+01 -1.165785384483731146e+00 3.624753889088115688e+00 -5.516755756706848146e+00 -2.149800956016094133e+01 2.145296101799050703e+01 -2.290755471750089356e+01 3.609452154028867987e+00 3.271930488302181317e+01 -7.414186791497286322e+00 2.323158799656495965e+00 5.857431846643835094e+00 -2.656038378362283936e+01 -1.464209249063129770e+00 -7.433261041702771799e+00 1.041063048873800057e+01 -7.494486668089543002e+00 -1.872316495775150003e+01 -3.247977093953893757e+01 7.058101493729134646e+00 -5.778724876253384934e+00 9.713565753685312387e+00 -2.245308167432546753e+01 -1.967809747384016106e+01 -8.899355495590201670e+00 -3.041922695517535402e+01 2.706408719173814958e+01 -9.542407675066577610e+00 2.138712152912150444e+01 1.025885788147694200e+01 -1.354079435157017031e+01 2.311588149315065621e+01 1.876541788472942507e+00 2.532519232381083185e+01 -2.071693581537137518e+01 -1.014328254656936679e+01 7.854513907826017771e+00 -1.865811127847791351e+00 2.827086128688653233e+01 2.162784811968825238e+01 -2.051464287051457447e+01 -9.580804371353274007e+00 1.124988423780082236e+01 2.278497723199662417e+01 1.940957583307460865e+01 -2.973489363172209021e+00 -2.546335115291368822e+01 -5.825255566511796879e+00 -1.889015927336018308e+01 1.985669596023762651e+01 -4.146912645435098632e+00 -1.374834774471526799e+01 -2.795229629103642033e+00 3.221257073006144367e+01 -2.879853258853601261e+01 9.209400830091556855e+00 -1.405120621356234878e+01 -1.027607980603760396e+01 -4.755304538878315057e+00 -9.437603624980724915e-01 1.354351887067746452e+00 -3.253837449385619607e+01 -6.803394565259831772e+00 -1.485236691250140417e+01 1.423049554911112757e+01 1.192810754612184709e+01 -2.646412288474417096e+01
