-1.756874072595250880e+01 -9.198841960774752025e+00 1.240009889453847336e+01 8.192624770320563465e-01 1.954673039177179916e+01 1.412162628867457137e+00 -2.269683665930387839e+00 -3.123811207466258466e+01 -1.443262993970304997e+01 3.553362783834143723e+00 1.672866542476142371e+01 -4.898437239026613987e+00 -2.272411076058295976e+01 -1.184965535641736789e+00 -5.306546086172600596e+00 3.108817748224420541e+01 -4.152012866059765628e+01 -2.435570839808077537e+01 -2.038012337508148164e+01 1.526704088796515713e+01 6.966699284197827247e+00 1.050621157509303139e+01 7.738166668811508941e+00 9.822368602769413926e+00 -4.252650228797770637e+01 -1.521657281950380691e-01 2.545523572783341848e+01 7.380146488032096386e+00 9.942614183525511073e-01 -1.614999009219917880e+01 1.516587047790498133e+01 -5.109904742896226315e-01 -1.862006231556815905e+01 3.368798094365399720e+01 -1.983833363695238461e+01 3.631221827427626181e+01 7.006316307623717599e+00 7.561761175840834071e+00 4.044059986074245217e+01 -2.149532472133428485e+01 2.467221155031231294e+00 2.750127154257831208e+01 5.991626534869337384e+00 1.479424239625844173e+01 6.274947691558785401e+00 -1.717297085775897614e+01 -6.044601608479100996e+00 -1.519458616148307328e+01 2.043913784115927612e+01 -1.699848914777881692e+00 -1.381921231446012044e+01 -1.950301777154176719e+01 6.431164917531662084e+00 -2.013957936579916108e+01 2.036860209660816778e+01 -1.348116552690411751e+01 -1.495277710935876136e+01 -8.573119373314790792e+00 -2.248655519680851711e+01 1.586393439581629572e+01 3.815425679757067368e+00 -2.406299716856922455e+00 -1.209480166574089388e+01 -1.885883706709231689e+01 2.399669608055852521e+01 -3.831954742557379667e-01 2.502325718345389305e+01 4.286130778468889346e+00 -1.575357712792081344e+01 2.679092360969334052e+01 -2.077350363473041384e+01 2.103802149099979957e+01 1.723190547006258910e+01 -6.433190298912210281e+00 3.727617614155282588e+00 9.596963107623471601e+00 1.913836814972017919e+01 8.256782912681455144e+00 2.649603741720200745e+01 -3.123291763549610423e+01 -9.556137157850947972e+00 -9.092982279158462688e+00 7.157008035293076276e+00 -9.392448920401939461e+00 -3.292190333217918408e+01 1.467134312974233801e+01 2.765230434643908808e+01 -2.781913726475767490e+01 3.405968139490226587e+00 -1.091849944999743016e+01 -3.231464963751350172e+00 4.057387125938840988e+00 -7.854526957343120230e+00 1.608591060330536848e+01 -3.203100285760816490e+01 -9.685030262825859992e+00 -1.855494823311997266e+01 1.245004464129716126e+01 2.564694698970253839e+01 -5.622996601021756469e+00
-1.245122288421459622e+01 -1.214117456770966363e+01 2.754939759173942182e+00 -7.050657620340913034e+00 1.818500031293203634e+01 -5.189316653692978010e-01 1.145858343952242464e+01 -2.041451071819631125e+01 -1.799225789657039698e+01 -1.487768725119446245e+00 2.307886883641770748e+00 -3.123173549844442842e+00 -3.757778027036897583e+01 6.473347084923737782e+00 -4.816766423911420958e+00 6.376267266104224340e+00 -2.397825480150053679e+01 -1.518104440983680270e+01 -2.682767019116149143e+01 1.655979590221521391e+01 1.186686465233520948e+01 5.454854754383910098e+00 -8.349113364041565788e+00 5.449048496579299794e+00 -1.747959294738936720e+01 -6.305058235821611845e+00 2.340544027808784477e+01 2.462977436312641988e+00 7.085524500941332349e+00 -2.270722036403559940e+01 -3.564932066245271702e+00 -1.232038404683859412e+01 -1.180025488837167913e+01 3.380031979231969785e+01 -8.042674269654764174e+00 1.214626108495532897e+01 -1.415538816306989034e+01 -5.684937392605697859e+00 2.444110089276519560e+01 -2.808427229906367373e+01 -6.667117566266592910e+00 2.138404754387682516e+01 -1.083089820407713333e+01 1.381290027177141511e+01 2.747622199766738493e+00 -2.136315385825107072e+01 -2.011141895331427509e-01 -9.446516677404684259e+00 2.486967992104541381e+01 -6.595875836389982538e+00 -2.228717206075672763e+01 -2.526186339220229016e+01 1.665109994931098925e+01 -4.003326203632823876e+00 2.925542010895727962e+00 -4.245933565178467717e+01 -1.455273752124213793e+01 -6.469253518007764825e+00 -1.361059781745461628e+01 1.872386180985634141e+01 -1.330143201373664752e+01 8.270187275165138630e+00 -8.412659150812520359e-01 -1.524561904910832055e+01 2.356228218944442432e+01 4.676580664809334209e+00 3.501319134480147710e+01 -2.008788450825453964e+01 -9.886599724874923112e+00 1.705653037517508253e+01 -2.362757634949144148e+01 2.530830962780588678e+01 2.857450736517466439e+01 -1.616644647895054376e+01 1.105625592333159490e+00 4.326196811381283203e-01 1.792510743704665188e+01 1.417026589544825299e+01 5.595102729948477904e-01 -2.428648915531193708e+01 -3.635037292808066312e+00 -6.261328685780767955e+00 9.743878846841800723e+00 -1.100874795011476515e+01 -2.126168967103469853e+01 1.303746333379230293e+00 3.363060149769249563e+01 -2.701561255156702046e+01 9.613448406509606414e+00 -1.022591173486173410e+01 3.523490226572194128e+00 5.471422964733289263e+00 -3.214302766397353128e+00 -6.614342001050111719e+00 -3.658808501085577802e+01 -7.423562208638930571e+00 -2.736182759455541014e+00 1.452414260614700403e+01 8.135796876580585035e+00 -2.370604982733481947e+01
-1.250509215848872557e+01 -3.684495978344080491e+00 9.412895163594114933e+00 -8.193909298119432805e+00 2.752727280807919641e+01 9.227303052154969265e+00 -5.588261666566620711e+00 -2.591461974879128860e+01 -6.728008321554208138e+00 -1.005805411842223940e+00 5.656716785933197045e+00 -4.852930830195020029e+00 -3.126219149697321953e+01 -1.060975763938923011e+00 -5.626258742473184249e+00 1.350928187761476629e+01 -2.334658859034568579e+01 -3.378991802005484857e+01 -1.787354292024626901e+01 2.334719789345137642e+01 1.285070308676477069e+01 1.284378564956152147e+01 1.251583381479274593e+01 -4.517901783333155841e-02 -2.940289484478764237e+01 -1.474259738235093664e+01 2.668040138732159505e+01 2.380830167098684225e+00 -1.753735161631681860e+00 -1.013176922728977125e+01 -3.770790915682347144e-01 -7.347609043674817819e+00 -1.064592373858742924e+01 3.850042383245047972e+01 -8.192741521459455001e+00 2.842854579262896308e+01 -9.428090560428886491e+00 -1.698290808228710147e-01 3.332032630143212515e+01 -2.524219230748224874e+01 -1.099036814787522909e+00 2.316658740791305249e+01 -4.600749200778782466e+00 3.034556205438663667e+01 5.990298049557618576e+00 -1.983766384717834441e+01 -4.277137086702413882e+00 -1.852881865964463515e+01 3.097151609767932712e+01 -1.458911393483874797e+01 -2.535132153443789349e+01 -2.172875023703926090e+01 6.458978968763739559e+00 -1.973273515519068866e+01 1.313510330703936013e+01 -2.800946491869092370e+01 -1.009927183078902679e+01 -9.063609053047356312e+00 -1.350922121818868682e+01 1.404656455818075145e+01 -1.050118484279503761e+01 1.331643497285536437e+00 -1.915551688617612047e+00 -8.926301296970784449e+00 2.797001375235987553e+01 3.219821241177382554e+00 3.953698293794598584e+01 -2.633819279262179958e+00 -1.782933681498774803e+01 1.845981764434327843e+01 -2.426923946964590684e+01 1.812893028146529417e+01 1.382682719435671892e+01 -1.391826722713603814e+01 3.974971434511243906e+00 5.686988282631174840e+00 2.023597139465714889e+01 -2.382425828345477559e+00 1.341152928890999085e+01 -3.288096486248149120e+01 -1.265744664893627913e+01 4.667312333579600292e+00 7.154096535216655006e+00 -2.228782932398843286e+01 -2.018248823156276828e+01 4.276283536758479720e+00 1.939107823594206437e+01 -3.851973341139679263e+01 -3.480356856710441482e-01 -8.942782766924342042e+00 8.879332073611085008e+00 4.324533681663295326e+00 -1.845245006562321066e+01 -2.880389616812569109e+00 -3.862080873503594347e+01 -5.244815136320907456e+00 -1.618439369529712479e+01 1.646067724909070762e+01 2.181333874902322023e+01 -3.709893734474785099e+00
-1.644861414653549403e+01 -8.183672035003214162e+00 1.170306475561370618e+01 6.663466426733238857e-01 2.268872642488436497e+01 1.936133964533011120e+00 -3.920657249669409428e+00 -3.380547814294012454e+01 -1.341149291541357869e+01 2.135000215592353978e+00 1.653032594176669079e+01 -1.723258229514600171e+00 -2.340967347882138938e+01 -2.888066606786546586e+00 -6.291623558778017156e+00 2.793073675503644537e+01 -3.653948604750782181e+01 -2.759167420995880349e+01 -1.953810682104225194e+01 1.674326179281526450e+01 7.519395972595007471e+00 1.138210655756876477e+01 1.051614557467733846e+01 7.557970192569070100e+00 -4.171009249554505516e+01 -5.920664332684802744e+00 2.784741605499779382e+01 2.757147088969105209e+00 -2.985029929426663120e+00 -1.396920990085459735e+01 1.180438213174168638e+01 -8.961797370429893661e-01 -1.709260984613477774e+01 3.618445276983388226e+01 -1.650582779850232384e+01 3.329357290934209601e+01 4.994659288166969802e+00 1.970138805026315110e+00 4.034319488297185075e+01 -2.241088025187123733e+01 3.900858536275013666e+00 2.928275509694245571e+01 5.364475351333480191e+00 1.823568278233461015e+01 7.216025398148285142e+00 -2.008024465566531802e+01 -5.603390286633882056e+00 -1.598846733987838498e+01 2.281224025686977441e+01 -5.681083587929101064e+00 -1.703050194837874187e+01 -2.187235183654597748e+01 3.231557341171701125e+00 -2.402686070999662604e+01 2.025790664515797346e+01 -1.397247211193275618e+01 -1.497260079215125828e+01 -9.415834453255365943e+00 -2.435998623012858033e+01 1.528153307296870445e+01 1.161232111763558228e+00 1.359428042861219765e+00 -8.771620785254272690e+00 -1.645224325052718584e+01 2.455799939863144132e+01 1.939678122353337253e+00 2.708399340356977092e+01 2.793101944159940508e+00 -1.823721043143721232e+01 2.413504975767212102e+01 -1.868750925375063687e+01 2.133456497235179228e+01 1.433820154146419945e+01 -8.575825469269830137e+00 1.512321163807920144e+00 1.201125039229115643e+01 1.971511132437048275e+01 7.847047035120177760e+00 2.477309193946471666e+01 -3.342601330221059186e+01 -9.778149373638417075e+00 -7.588517278057099524e+00 6.745049343825106902e+00 -1.411090440333051887e+01 -2.988407073369461742e+01 1.360176829374577778e+01 2.508476504710795396e+01 -3.360576894888147592e+01 2.479157536353114644e+00 -1.089774952517086959e+01 -1.674897601196798425e+00 2.916719273322478045e+00 -1.175605878645636615e+01 1.422077399194114733e+01 -3.199874502466228421e+01 -8.591400208841399433e+00 -2.262587033628314259e+01 1.542551591601177741e+01 2.665417773729328843e+01 -5.177471981331621897e+00
-1.053640552466602820e+01 -1.730927189570668290e+01 4.257318391445308770e+00 -3.085887099460070115e-01 1.969066518288597933e+01 -1.274622380533281474e+00 6.842639122523960893e+00 -2.200875308592598145e+01 -1.330026757150258909e+01 3.437712288469300104e-01 -1.198592382293746539e+00 -1.082742588582695120e+01 -2.721360778331187902e+01 3.524858327399669200e+00 -1.030908748390459539e+00 1.750376495330502635e+01 -4.193185349976143783e+01 -1.635353438845159957e+01 -1.672048637816684646e+01 1.711656007476378250e+01 -1.957266286895221752e+00 6.662015315356548228e+00 2.636779640963160531e+00 1.062841917850733786e+01 -2.895527052202593765e+01 -8.077747201394698706e+00 2.164386162249616063e+01 4.258202441636265156e+00 9.585649301972415381e-02 -5.923653136196560531e+00 3.805473778193005696e+00 -9.072754692750772065e+00 -8.657236543918397587e+00 2.639182996852361285e+01 -1.853891758808054746e+01 2.525828115620044656e+01 -1.760912356763526310e+00 1.613812276082324715e+01 3.217108130763630669e+01 -2.396621029921478652e+01 -9.425802898235936311e+00 2.220209079399970520e+01 1.825510125416983875e+00 1.064465571119213472e+01 8.795059714628909120e+00 -2.414843682329411223e+01 5.555880259158440637e+00 -6.551283117500059205e+00 1.783634499865298650e+01 2.711473047115637858e+00 -1.510484385856428524e+01 -2.246435363205615232e+01 1.526237114361582847e+01 -1.016614234952854012e+01 1.675643843981358927e+01 -1.235936585428223822e+01 -2.838193260159674658e+00 -1.267422982239100904e+01 -8.241066885367432704e+00 1.953048046143472050e+01 -1.471821991093513526e+00 -5.231294505425060137e+00 -6.715611215805465051e+00 -1.917390938575979220e+01 2.107492200729681997e+01 1.471267494385631869e+00 3.283518975126246175e+01 -1.383980242622975076e+01 -8.986131391297206505e+00 2.046854216945274985e+01 -2.390627054086252201e+01 2.478746129720910929e+01 1.849838857607869969e+01 -7.910539031563366130e+00 7.210262833373715097e+00 8.146117359760214782e+00 1.205516449584657757e+01 1.252810556008291165e+01 1.562117476299708407e+01 -2.406368231152450221e+01 -3.632457513929906678e+00 -4.954162030956715590e+00 9.397680354404165826e+00 -1.346937361667406741e+01 -2.765103148657618704e+01 3.917733370681641958e+00 3.154333633019869154e+01 -2.924443406199402773e+01 1.642179424387544273e+01 -7.467203252838902294e+00 3.017173166034558651e+00 2.138391787766304564e+00 -6.628217515607274457e+00 5.703203857926167686e+00 -3.654538566377296149e+01 -1.634197388398098028e+01 -1.317262355991075218e+01 9.794660986687123483e+00 1.794376868414290271e+01 -6.418240930646677000e+00
-1.360717708540849635e+01 -6.240931761850077919e+00 3.082210276095847412e+00 -2.471210571646787368e+00 2.204384486265734111e+01 1.103656277952968834e+00 1.091697517510563209e+01 -3.196043348269499162e+01 -1.796420111813946008e+01 -3.406899971670026339e+00 1.337482839566264836e+01 9.613030804783202043e+00 -3.180548803854059159e+01 9.729590410454298510e-01 -7.111126049519904235e+00 1.157772575879933363e+01 -1.255410549946458509e+01 -2.823969416397448384e+01 -2.824647838969647395e+01 1.737943232391707937e+01 1.705734928165238173e+01 9.479235617073046072e+00 -1.589323804477154489e+00 -1.029505249275856515e+00 -2.463523635492405717e+01 -1.416425238475397030e+01 2.952545648512471743e+01 -8.803867863175554476e+00 -3.721293624626063612e-01 -2.098964379449967765e+01 2.413335139688541187e+00 -8.372154776263819542e+00 -1.053931240306490125e+01 4.487709485336262816e+01 -1.208608993793371500e+00 7.161816436099623040e+00 -1.134567170456971041e+01 -2.268134611208622076e+01 2.449623855078320389e+01 -2.790318047150904235e+01 6.620295553839399272e-01 2.951336704688665691e+01 -1.113567415248151526e+01 1.793886409343637567e+01 5.082582408390433848e+00 -2.202825284866714028e+01 -7.650598906896134643e+00 -1.463296314216506033e+01 2.750480973123587347e+01 -1.697500430892549517e+01 -2.624416602971792756e+01 -2.998379031794862470e+01 5.150923669806602767e+00 -1.544581693824213176e+01 1.005271111718403354e+01 -3.728959400498045795e+01 -2.186027691960722663e+01 -6.526899404821353556e+00 -2.860988999239414099e+01 1.754645127944867866e+01 -1.328487766125539515e+01 1.919293833153945172e+01 2.194473285703098853e+00 -1.006129041490553178e+01 2.659292688999084220e+01 5.635713420897231707e+00 3.100896674548070919e+01 -1.694275712198958317e+01 -1.613305369852840698e+01 1.439910491028136441e+01 -1.506771129285289845e+01 2.316756589989773829e+01 2.008617442885043403e+01 -2.064257613486910259e+01 -8.746888416263027821e+00 7.002788881936420573e+00 2.428015262942281183e+01 1.166796962562158413e+01 3.078011558517591784e+00 -3.422929993977486163e+01 -8.205539710624224270e+00 -8.620467314367328271e+00 1.122847950597953037e+01 -1.358339680257757998e+01 -1.598389186972109677e+01 5.040620415653123132e+00 3.046079476643912898e+01 -3.570790398983211844e+01 -7.211426469474484513e-01 -1.261275635310193621e+01 2.433634216142199491e-01 1.540846351389375535e+00 -8.763388151311122698e+00 -3.499349312742999096e+00 -3.362719840997394272e+01 -4.935597317504618609e+00 -1.514386967891207192e+01 1.736496869483514516e+01 1.340069657912333057e+01 -2.961951268178428975e+01
-1.220825670622306625e+01 -1.838403313440230136e+01 9.643356881682729309e+00 -6.238204073931436611e+00 1.995822718350157388e+01 -8.456225145571298896e+00 1.432638758571537174e+01 -2.841790363987946222e+01 -1.564125367007069833e+01 3.158464267478543697e+00 1.021789503219086903e+01 -5.151963811820884587e+00 -3.675872074642254717e+01 4.536549319567277472e+00 -5.935297120817975447e+00 2.266416609283929517e+01 -4.072094035560098035e+01 -1.408417645184446165e+01 -2.072369314062017409e+01 1.451856688658450523e+01 3.959233264281706965e+00 9.516467001845942519e+00 -3.403982865510961187e+00 1.216377473046470747e+01 -3.074402706015278142e+01 -9.135704892410835498e+00 3.307783650255800012e+01 -1.434062475394611569e-01 3.758948880792913005e+00 -1.543130187401401443e+01 4.860978260952747654e+00 -1.327539211853647316e+01 -9.223555688683168441e+00 3.753053708674016065e+01 -1.955141635732821825e+01 1.709476825452975390e+01 -2.595196997604524825e+00 3.925894891464527525e+00 2.866496273234826475e+01 -2.945515549479901907e+01 -9.667536725776024298e+00 2.616754923140726419e+01 1.409036118489243039e+00 7.510671704977290197e+00 8.973012372644152634e+00 -2.500000478058347042e+01 -3.768036195090577745e-01 -8.865407930183165419e+00 2.218355006155645270e+01 1.358651014821548320e-01 -2.256127410580488757e+01 -2.703701275137159854e+01 1.335939249701623233e+01 -1.469625667722779028e+01 1.369223377367464600e+01 -2.595343137929576827e+01 -1.205352046543520217e+01 -9.259684986720483124e+00 -9.270840610673714011e+00 1.599636066997755179e+01 5.988312549989338596e-01 -1.710521733633994401e+00 -5.544835301899185609e+00 -1.930902021257290002e+01 2.244646767817051014e+01 8.624073121143302600e+00 3.062334963357759676e+01 -2.197039502900614139e+01 -7.275994754957027411e+00 2.153547110049491664e+01 -2.627270795199659403e+01 2.669755781319026511e+01 2.899946692634924617e+01 -1.248695919479103367e+01 4.717988507420347588e-01 9.354085362659761316e+00 1.517355892922816274e+01 2.104297915757531356e+01 1.562741219638438039e+01 -3.217243389857719649e+01 1.461816988541807083e+00 -1.048185672077991448e+01 4.722597882866099717e+00 -1.223474253436736525e+01 -3.300668840801937165e+01 1.608565218011745657e+01 4.190303333168982647e+01 -3.148258881378439966e+01 1.236938836137934850e+01 -1.100598403238845435e+01 3.914132200653563487e+00 6.787537317178330198e+00 -2.551177639651535323e+00 5.361948754996240574e+00 -3.973040517022944584e+01 -1.072274548117408344e+01 -1.490465490613353339e+01 1.312704165463934025e+01 1.703831350667191913e+01 -1.997582464990347262e+01
-1.648784411578081333e+01 -4.217461891454429512e+00 2.645433577131312664e+00 1.994767277098207892e+00 1.574957310032631952e+01 3.314282934892844867e+00 9.074552255305398774e+00 -3.157203524210141765e+01 -2.528161053438715911e+01 -1.942749126802797155e-01 1.375279184117838760e+01 7.632833556472580661e+00 -2.723599895535754811e+01 9.854380117440763698e+00 -2.102450078211973494e+00 1.389061490971800517e+01 -1.839479758012914701e+01 -1.884512739348541643e+01 -3.230214857037812948e+01 1.315834286146960608e+01 1.619900825140197398e+01 1.310725885810479596e+01 -4.578716594150795238e+00 8.623259767627407868e+00 -2.861674038353155680e+01 -2.412302853722596119e+00 2.884649954336618194e+01 -2.595007500097925579e+00 3.503127458188687093e+00 -2.164175651239307285e+01 7.476356520470792688e+00 -9.229830954495493955e+00 -6.236707769417133562e+00 3.805081554395376031e+01 -9.207748064798721543e+00 1.619755047258971103e+01 -1.159884657372917127e+00 -1.872383418835081770e+01 2.490780509779343888e+01 -1.741787893245311025e+01 -1.794088936352612240e+00 2.720249479234085399e+01 -6.874605668006394943e+00 8.692166146643419466e+00 6.097707437657581941e+00 -2.151951042568535044e+01 -2.178658869912120544e+00 -8.430374004575709179e+00 1.828433942748097607e+01 -4.941524839284631376e+00 -2.779898444258853374e+01 -2.878717352168504817e+01 6.060061208379797115e+00 -1.010757595395786446e+01 1.188910231888340974e+01 -2.159229346999538279e+01 -1.391669799259688034e+01 -3.345154585255476487e+00 -2.250327359576338537e+01 2.203766679058384881e+01 -2.265080583920955792e+00 1.553789413145921827e+01 2.497283260612995992e+00 -1.317793733148073088e+01 2.257379192994930506e+01 3.971459546506546534e+00 2.973421969482731342e+01 -1.639920589003201457e+01 -5.472996923888734599e+00 1.374753852261792275e+01 -4.334532688334712169e+00 2.262921010357330331e+01 1.707425856710784373e+01 -1.799871690974327976e+01 -7.441297139542963457e+00 1.014222189199739432e+01 2.632387349992421122e+01 1.211792791257498969e+01 7.247566626531152245e+00 -3.240532107310963994e+01 -6.119503866638512868e+00 -1.518512559093023384e+01 1.388373182722275700e+01 -6.244301401879288171e+00 -1.947984408466417250e+01 6.549756145234034932e+00 2.609434592623619054e+01 -2.716475678926957471e+01 1.085880245547977019e+01 -1.421366060077754945e+01 -1.012059134444748487e+00 -1.741305331763035813e+00 3.225333879861174591e+00 5.176144154393840680e+00 -3.776153966500966419e+01 -1.835477398789664205e+00 -2.249070540664300566e+01 8.471020009299209619e+00 1.733299911962890150e+01 -1.617077538291943384e+01
-1.420624367492924200e+01 -7.093399136079239220e+00 -1.654428911788210943e+00 2.570691742388115930e+00 1.481038803049660757e+01 3.452126200800975209e+00 1.313238433146736561e+01 -2.507562377402439679e+01 -2.155734001549239665e+01 -1.997724614925705744e+00 7.936359151420470326e+00 3.879244002253624313e+00 -2.430323217371675071e+01 1.018116535510492859e+01 -1.924437319629615617e+00 7.416335733156254051e+00 -1.874683120024797134e+01 -1.833000862224928440e+01 -3.471173889209684660e+01 1.402442868807782794e+01 1.248912610690945080e+01 6.816904100769047403e+00 -8.320486055132350955e+00 4.262997102933817395e+00 -2.314195937311055218e+01 -3.854160963446631172e+00 2.267915103486147288e+01 -2.646739524503221030e+00 3.467789971895023360e+00 -2.174594517511893699e+01 4.908573163193973521e+00 -7.079380294104590909e+00 -9.018173410355380781e+00 3.568506736508083321e+01 -4.610823867436890211e+00 1.123741415572951396e+01 -7.009299907987943890e+00 -1.043496917161145632e+01 2.073295169741738064e+01 -2.327414720176568963e+01 -2.891322110155542316e-02 2.781525741216443137e+01 -1.055309773083573788e+01 7.106279168916243449e+00 5.323494158731657322e+00 -1.877412918698506772e+01 -3.530589761927925618e+00 -8.898584977711495370e+00 1.604101990258784483e+01 -7.435352757261625811e+00 -1.978855481956707862e+01 -2.663823078252000442e+01 1.129287781699417259e+01 -4.311127593592679830e+00 9.860477897957864002e+00 -2.754887664348016330e+01 -1.821710711559550688e+01 -7.071269967285497948e+00 -2.194287515257650512e+01 2.391082500878557582e+01 -8.334164562842246937e+00 1.470786329552853822e+01 1.337836641009828798e+00 -1.382036275047926033e+01 2.403973121542235702e+01 6.063610992046780668e-01 2.893316265668558174e+01 -1.749584385767407113e+01 -6.604734603575768581e+00 1.339685643136113669e+01 -1.367335292728615315e+01 2.556373076683656009e+01 2.276081325843605896e+01 -1.714025917008373412e+01 -5.458739973496074427e+00 5.010673895774482745e+00 2.385855784226575338e+01 1.158866411453302447e+01 1.724137498997768247e+00 -2.522720230451893997e+01 -9.962975067441423249e+00 -1.417722996387479206e+01 1.907780505210472555e+01 -5.343805462154292307e+00 -1.730900372663182196e+01 -4.548273333002270102e-01 3.260406720954958359e+01 -2.449088587752362045e+01 7.722254916220934184e+00 -1.196331880686893356e+01 -3.860521138537324592e+00 -7.644202849719344828e-01 7.473377327305184004e-01 -1.305375287245866378e+00 -3.450073094973244991e+01 -6.024691135921290908e+00 -7.899583390881992351e+00 8.700059785846006477e+00 1.295426890562697864e+01 -2.377200256081046703e+01
-1.286424156612831382e+01 -1.985153775670217113e+00 5.716680559952177276e+00 -1.127253791773123659e+01 2.492229313736545748e+01 7.625230247283177221e+00 1.246454030712907945e+00 -2.996347004289133409e+01 -1.640540819137686412e+01 -2.300221610581570708e+00 1.408250150587149818e+01 4.787759510936111518e+00 -3.732405451895054682e+01 4.550249091266529433e+00 -5.847226166057752472e+00 9.730310344606152739e+00 -1.410624939193160721e+01 -3.142224851412245101e+01 -2.727953158229920660e+01 2.060778210633530350e+01 2.100327771028080903e+01 1.458452262561509016e+01 2.609139294586090951e+00 1.393404879170680344e+00 -2.350548728323509451e+01 -8.755855720288765909e+00 3.058171116953869628e+01 -1.834530260487211129e+00 3.714667686062321561e+00 -2.170895312304075020e+01 -7.622647698112103853e-01 -1.348196169903969199e+01 -7.556399304025521069e+00 4.313438531532170117e+01 -3.581013885582065903e+00 1.864841854677153776e+01 -1.012171935381836008e+01 -1.870532795194342768e+01 2.644144841384702715e+01 -2.574314168317687646e+01 1.664813513778034548e-01 2.555644836962186162e+01 -1.193833524966079906e+01 2.711813861078254462e+01 2.891785710139593846e+00 -2.052879542318798300e+01 -5.700256651965080579e+00 -1.753149813814488667e+01 3.416347004052705927e+01 -1.486668338265122458e+01 -3.173070807809072846e+01 -2.590478407752739543e+01 4.711888493359003505e+00 -1.686181143452386877e+01 8.715883731891397090e+00 -4.115608407046050132e+01 -1.654385258346728449e+01 -4.261918749611492530e+00 -1.844110079267829505e+01 1.641682390023171934e+01 -1.264060279165310696e+01 1.404590072311301263e+01 2.344111940713437647e+00 -8.821184304752017979e+00 2.599139350270863602e+01 5.735882716095229483e+00 3.749213640968272188e+01 -1.019739649878354548e+01 -1.486059751301025322e+01 1.551704427903207240e+01 -1.579025126748318897e+01 1.890777085568584326e+01 2.106791055116747202e+01 -1.930714076975981897e+01 -3.978734874585778236e+00 3.025791056442231675e+00 2.413190498640935999e+01 3.235818649648644296e+00 6.512274032754638675e+00 -3.629859603401021673e+01 -9.833450733163477508e+00 -1.939152373187322365e+00 7.615950692733120420e+00 -1.600188629434000731e+01 -2.071747217617233972e+01 7.768857479019598777e+00 2.325030383914663901e+01 -3.637852082532499054e+01 1.579425329989377902e+00 -1.049150613076683669e+01 8.811014088731537797e+00 3.672296232927943382e+00 -1.009923528643668789e+01 -4.696518123162029212e+00 -3.932450293322768431e+01 3.915640398682595169e+00 -1.757250447863336262e+01 1.553202196329629459e+01 1.742424111386325691e+01 -1.517611077793544538e+01
-1.712616627518034207e+01 -1.085371121469113476e+01 1.091143778112887297e+01 3.110037878161978853e+00 2.108168660412860973e+01 -1.519145509482586087e+00 -9.455204961659621210e-01 -3.535377139530034896e+01 -1.666751412542135569e+01 1.832686740593888919e+00 1.592513795449015568e+01 -1.915056045151359854e-01 -2.480637459051360594e+01 -2.236344809607190065e+00 -6.159547072364667031e+00 2.735816064437896244e+01 -3.747421098821569529e+01 -2.213565688390219677e+01 -1.954160267794040351e+01 1.485784867939917042e+01 5.377777880301478852e+00 1.093090079185081898e+01 7.758855641593420671e+00 1.071022073630617477e+01 -4.054442788357816596e+01 -6.335077957087102973e+00 2.913421384825636551e+01 9.779700936478286089e-01 -3.146064954624355536e+00 -1.357271071275833840e+01 1.128098052974523213e+01 -2.508100596074803068e+00 -1.618211751927181297e+01 3.521182289934878895e+01 -1.768408284731196645e+01 2.978030739985940656e+01 6.154070065320560445e+00 -1.103388843359764282e+00 4.018738366380543425e+01 -2.072685806961912292e+01 1.856917323291467525e+00 2.939058460539342832e+01 7.250641258406017364e+00 1.358279055336124053e+01 8.355660313060759847e+00 -2.347168288979429818e+01 -2.479337059322661130e+00 -1.255836583708150833e+01 2.012006279872687387e+01 -2.612490256041008596e+00 -1.846453328917463566e+01 -2.468199897240108953e+01 3.583858330560033334e+00 -2.320496320317971595e+01 1.936064663020023247e+01 -1.018988467303129042e+01 -1.288736707582326879e+01 -9.268544055540544946e+00 -2.463783785174200602e+01 1.706263511364793928e+01 2.916896438009779491e+00 3.442077573591793449e+00 -6.437040350997724758e+00 -1.804250675409494065e+01 2.253514382911369296e+01 4.453579249805643236e+00 2.650460367493949576e+01 -2.818880758200462910e+00 -1.567004485059048768e+01 2.238069987542664663e+01 -1.454765806089317159e+01 2.347147874578547544e+01 1.408455579984688555e+01 -9.350185474367233240e+00 5.109180715550344642e-02 1.519890013071124990e+01 1.949239669532383346e+01 1.366054541117210697e+01 2.336271643118895014e+01 -3.351689978016461424e+01 -5.104447597186934971e+00 -1.086591954707368402e+01 6.174326727866161768e+00 -1.312511577251302519e+01 -2.989871762444285608e+01 1.373252634217694101e+01 2.654001507173866514e+01 -3.331372375905031902e+01 7.627651169816463295e+00 -1.168579236102010555e+01 -2.422680575775053136e+00 1.586558463007954334e+00 -8.429765148128188557e+00 1.603243851229165884e+01 -3.245775386841834376e+01 -9.988006390487493391e+00 -2.666804469156988944e+01 1.530563176073130016e+01 2.533356240456437547e+01 -6.524816083781580289e+00
-1.548616868205205677e+01 -5.356435057076025963e+00 -7.387782445867903114e+00 1.576317329958184210e+01 1.905439530831167616e+01 5.585173764450786393e+00 1.233885075333624570e+00 -2.809070848422767241e+01 -1.938599115065242628e+01 -6.567238937460327719e+00 2.649630367755785532e+00 1.006968063063150964e+01 -1.263242392431376082e+01 -9.030745745018554649e-01 -1.939264587703094955e+00 8.401309016567262145e-01 -8.961177236406193458e+00 -2.571888618634720203e+01 -3.034512971973474293e+01 1.652535477348742887e+01 4.475315474568220431e+00 2.387380616316233883e+00 3.041176942537452188e+00 -1.791646193636261541e+00 -2.503130932141471376e+01 -1.752201923882661561e+01 1.913459174119578066e+01 -8.363831609303906234e+00 -1.145915801138420598e+01 -1.005896423989052302e+01 1.137665661894140756e+00 4.425102219437656359e+00 -1.421187099154850131e+01 2.938696671822085449e+01 5.408137433835496388e+00 1.017795564920816531e+01 -8.779870263121482665e+00 -1.698177067597854162e+01 2.862774445530256173e+01 -1.663600997157272587e+01 6.729003541207887018e+00 3.131091563199994710e+01 -4.016478610247482095e+00 1.226756416647352488e+01 7.731250644798966398e+00 -2.674597584002304984e+01 9.127504782979525833e-02 -8.826567568330206726e+00 9.997984526442429853e+00 -1.447095906702053547e+01 -1.214956687779497102e+01 -2.890360058043270186e+01 4.152504196412843740e+00 -8.311383414525328917e+00 1.349878799034278209e+01 -8.525240335082724386e+00 -1.274860822155904749e+01 -1.422688930810166141e+01 -3.615333744874875066e+01 2.750485305007292069e+01 -1.449343351965374183e+01 1.872000888124306428e+01 9.718196089257524761e+00 -9.764449126914884758e+00 2.637316069725898160e+01 -2.811278078002684477e+00 2.735596061613796692e+01 -8.180895476033809288e+00 -1.900888095118157040e+01 6.358958026783913198e+00 3.215296419604927736e-01 2.454867925893795544e+01 7.278057984013474702e+00 -1.856051299890835438e+01 -3.436148282685404176e+00 1.394151549875714480e+01 2.018216639519325994e+01 9.848407818681961245e+00 -1.033635669569920035e+00 -2.157817381097586562e+01 -1.355396131965278883e+01 -8.563899723968198430e+00 2.237854769755066187e+01 -1.242375934758175227e+01 -3.036321783643589178e+00 -1.460254328451483197e+01 1.889453656686643868e+01 -3.340195807909687176e+01 5.322136945133949304e+00 -1.031941027671894595e+01 -1.156253914879392752e+01 -9.546205111511286034e+00 -1.408543928231714126e+01 1.580925575395314198e+00 -2.697972086737636133e+01 -1.439301807125396060e+01 -1.678124608307066623e+01 1.767165534751092082e+01 1.468191544973118567e+01 -1.412836748477495163e+01
-1.524600353599497105e+01 -1.368627221029278118e+01 1.170950710277590190e+01 -6.402123042647578366e+00 1.986758182613463219e+01 3.524220492937699678e+00 -4.322987778837812378e+00 -2.000477977080749881e+01 -8.788406205666371207e+00 3.313310495206981177e+00 3.874687969694294853e+00 -1.829847978340679759e+01 -2.961573490516508755e+01 6.013960475891111379e-01 -3.257134588037653877e+00 2.606228860091880151e+01 -4.976187984291335198e+01 -2.189954165783831996e+01 -1.414683856277060769e+01 2.005809191804157265e+01 2.491288369597242980e+00 8.116911707143286137e+00 7.868445783645486635e+00 1.176235864361530226e+01 -3.344202009494790673e+01 4.111169614924592430e-01 1.789151798796237003e+01 1.774112372588363584e+01 6.388958976893164277e+00 -1.148537672952230615e+01 9.451864644154166939e+00 -7.036001516270619760e+00 -1.703518759882729938e+01 2.697781773286343210e+01 -2.218659579513484204e+01 4.225100210341388163e+01 1.829229107402404075e+00 2.524621766909465137e+01 4.157036266605023656e+01 -2.092922937461446509e+01 -6.526612463622443627e+00 1.850524590259148638e+01 5.939102010605085802e+00 1.994122417590409668e+01 5.466027654441075967e+00 -1.522519410278848717e+01 2.233352588749613621e-01 -1.370413464451710617e+01 2.376507672629003309e+01 3.109252440847336985e+00 -1.151939540776794679e+01 -1.415966549708683608e+01 1.583689569112137541e+01 -1.248487963985118476e+01 1.675372935588789503e+01 -1.548993838745561114e+01 -2.928898132492758322e+00 -9.998996990501632709e+00 -5.888845686548697778e+00 1.820209748533265426e+01 1.311966340285626975e+00 -1.628459943787726161e+01 -1.314216032474996432e+01 -2.053581834433878228e+01 2.382756597427849243e+01 -5.814834926411511784e-01 3.312651683812656245e+01 3.704571893869017529e+00 -1.237718922282939893e+01 2.775663646114508865e+01 -3.037508724580771968e+01 1.909524429577316340e+01 2.173930658888454914e+01 -4.025751265428925585e+00 1.584551582074176679e+01 3.880854016336896972e+00 1.338468462967115258e+01 2.647819788860984680e+00 2.575891908534414654e+01 -2.536300647968621647e+01 -7.868928390547342389e+00 1.435302885022229358e+00 3.446025755229364496e+00 -1.333348513609089458e+01 -3.543283181665849924e+01 9.496202357810389572e+00 2.666396566169882121e+01 -2.384477131161907337e+01 1.020275968133665678e+01 -7.376435695326937214e+00 5.206277966419057712e+00 7.641130270464444152e+00 -9.839787660961640370e+00 9.199010813547618071e+00 -3.672811651045370951e+01 -1.216802068064701281e+01 -1.212332270162334424e+01 1.014860252753484637e+01 2.204746943317916674e+01 3.553301420655997855e+00
-1.451280947898463225e+01 -7.343013669130499466e+00 -1.000094542411617882e+00 1.637724873634720302e+00 1.941239234346410569e+01 6.809084965314077253e-01 1.111706061168509407e+01 -2.974027366079342016e+01 -2.100912871191869868e+01 -3.974432360706077194e+00 1.187217799117566841e+01 1.020472403219591406e+01 -2.833948314133995083e+01 2.618317679989996094e+00 -6.111960468603240493e+00 6.680667047527459879e+00 -1.082276000388961990e+01 -2.413244801814759199e+01 -3.255035560761967162e+01 1.603169999401216117e+01 1.479305212225983723e+01 6.083161296103568816e+00 -5.201468928800760949e+00 -6.563413920165529769e-02 -2.261210977823611401e+01 -1.216406614260994168e+01 2.655665422643074081e+01 -8.225150969115484045e+00 -2.099117955976807226e-01 -2.261039390394311610e+01 1.657242453762271861e+00 -5.539410516034340759e+00 -1.249593422416535127e+01 4.023785371207419104e+01 1.485180481997099733e+00 4.966206595257705025e+00 -1.166373749891166334e+01 -2.241069028676139041e+01 2.353869461699829202e+01 -2.590158561295153561e+01 2.731027786706285987e+00 3.019474896700332422e+01 -1.090612132990002259e+01 1.359267415100913112e+01 4.211343736534415960e+00 -2.228001041920228431e+01 -6.316706441264477334e+00 -1.309503678678083283e+01 2.188732918046178355e+01 -1.560763627592862512e+01 -2.118116964596274698e+01 -2.984238141613429462e+01 7.071476151377290797e+00 -9.880302986371734875e+00 8.165990118499950157e+00 -3.483979145223681684e+01 -2.194602419916907365e+01 -8.069975600785721070e+00 -3.108774964945011376e+01 2.171263334130861722e+01 -1.466093260984218816e+01 2.018644837200817577e+01 5.439097453011330074e+00 -1.128235502095963305e+01 2.625993465440031471e+01 3.239553069015884468e+00 2.901739575876498733e+01 -1.669499546802207135e+01 -1.612042873119569819e+01 1.199319557127261326e+01 -1.133739381870493368e+01 2.478316013412363716e+01 2.167558418587138291e+01 -2.078862104562345792e+01 -7.668387907416271965e+00 6.903791436744805665e+00 2.341806647411071651e+01 1.341046541157349559e+01 -1.159060030859786261e+00 -2.916051820684192109e+01 -8.705754338331210818e+00 -1.010483345384268716e+01 1.486087891922291249e+01 -9.869579359575448407e+00 -1.320592079669053653e+01 -6.753821347023842847e-01 3.084473844085977845e+01 -3.216511516686025374e+01 7.550423731564473995e-01 -1.230619364069107924e+01 -4.439025626604612640e+00 -6.001967622402786251e-01 -7.589873101345546935e+00 -3.269237318555636929e+00 -3.201134937220093946e+01 -6.178870144211497717e+00 -1.184163603626366879e+01 1.717430670554077565e+01 1.100925302470218270e+01 -3.008986498979771795e+01
-1.690069246887541610e+01 -4.276083036420343930e+00 4.414199864889600117e-02 1.259442201954906615e+01 1.885665528580589978e+01 7.814505061309978906e+00 -3.842674422666267464e+00 -3.202543863628000764e+01 -1.527242217338610075e+01 -2.808956999502374874e+00 4.522761221834009859e+00 5.959309808939186048e+00 -1.580833635218121813e+01 -5.168604081991451160e+00 -3.907249547047773941e+00 1.597005887821299908e+01 -1.932223965013661271e+01 -2.692914084738895752e+01 -2.430787246986995598e+01 1.423580353729177084e+01 5.135443977312487362e+00 6.182917819279106553e+00 8.128657802458720383e+00 1.414686375236095250e-01 -2.727958125185296723e+01 -1.167234810633585873e+01 1.860125848636746682e+01 -2.105840118730849753e+00 -1.030041567498687982e+01 -1.188564236496517879e+01 6.386239606394861212e+00 1.736999629273853651e+00 -1.837357380090799808e+01 2.965008752507723955e+01 -1.937914405030787046e+00 1.780799674254564735e+01 -4.166509305291373755e-01 -1.381455101196634061e+01 3.405837126095794787e+01 -1.788676313745774493e+01 6.388711697761345398e+00 2.856699437699060340e+01 6.249750458900058536e-01 1.701023059089498091e+01 6.902122609690390931e+00 -2.578343258894211587e+01 -1.916831039471056652e-01 -6.978543391449707478e+00 1.171235277381369322e+01 -6.349710481771776216e+00 -1.831993994799249847e+01 -2.639010297090556278e+01 -8.605797073516027185e-01 -1.707050059130153841e+01 1.729710866605136843e+01 -1.047120483168859906e+01 -1.153960944784330778e+01 -6.802045501597346444e+00 -3.036247324678996762e+01 1.968478492574197247e+01 -1.182294272538828395e+01 1.312899683724765154e+01 -2.565863867975488155e+00 -1.080779179892153508e+01 2.583722980084088050e+01 -2.353536434561989577e+00 2.316250223388033191e+01 -1.089321839592437557e+00 -1.707663854578843754e+01 1.110743230512516533e+01 -3.091759699905253456e+00 2.141186391848820492e+01 8.755599827840045535e+00 -1.678060226323283999e+01 -1.940275694139611318e+00 1.462703364323266442e+01 1.897581773761582369e+01 1.229858943323463016e+01 1.060787539810062974e+01 -2.556463410448586515e+01 -1.188966608836195604e+01 -1.244670088744469538e+01 1.707950208882645882e+01 -1.560736230761578902e+01 -1.734663568377039411e+01 -8.940202110521794365e-01 1.841581962112384829e+01 -3.315125482635220777e+01 7.247104986867294762e+00 -1.312539014433626150e+01 -1.105727532006366687e+01 -5.270786248455450185e+00 -8.590343866906165360e+00 6.909150973493253467e+00 -2.185647531554175416e+01 -1.447275006079777526e+01 -2.048938064738851494e+01 1.860747716486502057e+01 2.025774863090486022e+01 -7.316757013293663015e+00
-1.449998320077101432e+01 -1.193362079250662333e+01 -4.066663542999866543e+00 1.061924490655064979e+01 1.658807018507340558e+01 -1.500200476480766376e+00 6.017649791054894060e+00 -2.686088294020841261e+01 -2.298412939448725467e+01 -1.981504773766853855e+00 7.601983086687252644e+00 5.055512262364578291e+00 -1.724439025675287240e+01 3.675394389320218558e+00 -1.739721947179485362e+00 7.678663075776142044e+00 -2.349524659524041326e+01 -1.661985971113839256e+01 -3.127477222793733347e+01 1.329544221545935478e+01 1.854445757876721501e+00 2.464683932287335288e+00 -3.271696109198650060e+00 6.785674779016014568e+00 -2.876694092148952464e+01 -7.863411047507733009e+00 2.234885934354569770e+01 -3.595495103988687546e+00 -4.841526990285624166e+00 -1.582369399169004076e+01 3.978176863563373189e+00 9.283400936238053180e-01 -1.450540883177537665e+01 2.650297796618781376e+01 -5.095785472705398611e+00 1.402882612015835662e+01 -3.341054753513076570e+00 -6.896915682429230365e+00 2.901413412358101951e+01 -2.031352966482440081e+01 3.395612170976026967e+00 3.109908459466416275e+01 -1.067201737429239738e+00 4.442158381381413612e+00 6.470646441625635070e+00 -2.594997498505349043e+01 1.099515571885683274e+00 -7.305504030728207532e+00 9.624303246597854411e+00 -4.731841669168432851e+00 -9.410102787431606330e+00 -2.726959396015515225e+01 9.170006502254421932e+00 -6.272484308678124343e+00 1.332116801532901995e+01 -1.288182262955697688e+01 -1.424594815990648300e+01 -1.347620750866775374e+01 -2.940670248120587615e+01 2.597016768565534051e+01 -7.000717053584049943e+00 1.133096146181695119e+01 3.886982335212713302e+00 -1.642800187789109145e+01 2.290181476685472006e+01 -1.892590975792213248e+00 2.453112854933357312e+01 -1.094957558062853842e+01 -1.499646703353174537e+01 1.276102296290108917e+01 -6.006394823569157104e+00 2.700391642638278000e+01 1.821915418346658200e+01 -1.422463770401224892e+01 -1.380458236550289097e+00 1.124444994316635871e+01 1.646263555611838214e+01 1.690214394279874810e+01 4.400118052440734395e+00 -2.082858168572623470e+01 -8.180518730536954664e+00 -1.309058888008569888e+01 1.827394287157693142e+01 -6.361781857449351207e+00 -1.573334526262499899e+01 -5.060809403608571344e+00 2.901060838742410297e+01 -2.810149467720715677e+01 1.046997847542989035e+01 -1.009963653385586824e+01 -1.120187621188416927e+01 -4.806141312266951182e+00 -7.008235709391295032e+00 7.096167533733471089e+00 -2.942146574378920576e+01 -1.292973902871421465e+01 -1.243576639888236635e+01 1.517014106574968224e+01 1.482182963436836154e+01 -1.606754907336524241e+01
-2.096208936845305359e+01 5.996373119289694770e-02 1.906220372648172301e+01 -3.992936201198878265e+00 2.042182526715386359e+01 1.631227573604567738e+01 -1.517440857040810265e+01 -3.367064503702587075e+01 -5.311372161505468092e+00 -2.378705817908757236e+00 1.144252811467763031e+01 -1.004981308325645628e+01 -2.871969506632513003e+01 -1.330607910658018866e+01 -5.033046158367724843e+00 4.198248159720840533e+01 -3.954485392117958042e+01 -4.104026988129695042e+01 -5.088589016122921471e+00 2.191279137786554188e+01 1.454775503138295356e+01 1.535510528967701305e+01 2.207593654354684531e+01 3.763472496064686812e+00 -3.351741662518332987e+01 3.904697970476566304e+00 1.003150833509315554e+01 1.847770743919910430e+01 4.207995796463965377e+00 -1.117097576234557010e+01 2.223932302859779853e+01 -7.533139327675896446e+00 -2.325239734819433579e+01 3.625748144487194224e+01 -1.714361443567920773e+01 5.114273711940806777e+01 8.376019908420396121e+00 5.004540633895581792e+00 5.208661576638354518e+01 -1.434627236916173487e+01 -3.266596949205445855e-01 1.706958117083467741e+01 3.523204800858247054e+00 3.931752576966264456e+01 2.506323206351096733e+00 -1.001729305744289711e+01 -6.811449618240214221e+00 -1.875472639426580201e+01 3.484208167157921565e+01 -2.474776980146771610e+00 -2.271445649364776642e+01 -1.330893896166777601e+01 8.357724460395484778e-01 -2.912613752765336628e+01 2.362061073595635108e+01 -1.425931871059102107e+01 -5.877443852442264749e+00 1.805552392226505320e+00 -2.198884645867176246e+01 1.203217869456337219e+01 -3.737028872607234486e+00 -2.311618712162387013e+00 -2.412511817683646598e+01 -1.475939738268223778e+01 2.484165290388600766e+01 -2.898635297436788161e+00 2.991210367160513073e+01 2.080988337805516508e+01 -1.753111350392509848e+01 3.035476345059541003e+01 -2.227862140523599876e+01 1.065160990439433419e+01 4.514676071915594946e+00 -6.191025941458105031e+00 9.370112759026715921e+00 4.785077137146177328e+00 2.403237629924604946e+01 -6.960146072791450145e+00 3.596819538016131190e+01 -3.802406906878133697e+01 -1.345797968573334380e+01 6.200193356224297236e-01 -3.587736887256271490e-01 -1.767691540103636072e+01 -3.678557852875788825e+01 1.765284464159411471e+01 9.354390141308604356e+00 -2.710574050488041564e+01 1.965649196928497044e+00 -9.742673053301285080e+00 6.192310536444043834e+00 7.346426540446139519e+00 -1.065356605576161364e+01 1.522649035947511464e+01 -2.529951607227429022e+01 -9.022390155147752111e+00 -2.841073520983370315e+01 1.140452954936224472e+01 2.893147454622389958e+01 7.547290327526257059e+00
-1.252501120038693294e+01 -5.991745196389488548e+00 3.353779575312990868e+00 -4.237059295835488015e+00 1.895836445994568820e+01 6.711012607231269245e-01 1.020642354673636554e+01 -2.488939042828419801e+01 -2.215199893052155744e+01 1.345839506427071619e+00 1.392850020045654880e+01 3.969916850088952565e+00 -2.846808577625703407e+01 8.216595659202459601e+00 -2.437446330957173224e+00 1.232232451757701419e+01 -1.956781483541689326e+01 -2.266375856853730042e+01 -3.110586021322621519e+01 1.599503820717719371e+01 1.601114680471682306e+01 1.167426988714973568e+01 -3.987457742564597840e+00 5.600531999584607235e+00 -3.149444765255093870e+01 -4.979510051268114523e+00 3.068135556764907790e+01 -1.962816109984821589e+00 4.755579662448464973e+00 -2.245781223354963174e+01 4.241161380754983945e+00 -7.291369973643600844e+00 -7.247743810689162736e+00 3.738976752051738117e+01 -1.021949325590871460e+01 1.669103353393001044e+01 -8.494585992553780329e+00 -1.095463673097051682e+01 2.416452076388256032e+01 -2.545295415934789318e+01 -3.333711263033988015e+00 2.666772507886868482e+01 -1.039900274547131964e+01 1.152986092058052314e+01 3.797103034419686995e+00 -1.955599017607809742e+01 -5.430032336630058687e+00 -1.320427240136992175e+01 2.355140705960051761e+01 -1.025794890261335190e+01 -2.132236247170388665e+01 -2.654448014844077619e+01 1.146001488193484086e+01 -7.321703055920612435e+00 9.890366743351773238e+00 -3.319312002353657221e+01 -1.835870604938706308e+01 -6.925438844659430160e+00 -2.246390604366123611e+01 1.776365793413174643e+01 -5.258882616705189861e+00 1.060353801254440853e+01 1.452111307866219780e+00 -1.243622969908290798e+01 2.464928026579963927e+01 9.874383696172733815e-01 3.166330560974667918e+01 -1.453257015567829136e+01 -1.207607514716208463e+01 1.795450515453345375e+01 -1.438326990700308272e+01 2.227148094500476816e+01 2.145875884460012273e+01 -1.616032046552550128e+01 -4.994641044130330165e+00 3.110605303564600632e+00 2.209153496499576264e+01 8.246300735639048085e+00 4.686143608108819691e+00 -2.962335010646463118e+01 -8.888086715992914222e+00 -9.405938299606599884e+00 1.180343639101734787e+01 -5.500512762096850139e+00 -1.744373415411718042e+01 4.203953929225487940e+00 2.945293532202340359e+01 -2.867538444157742461e+01 3.223410907657616509e+00 -1.229751137812287531e+01 1.902834244731317070e-01 2.337099068838215832e+00 -5.226204106149952899e+00 9.465381001199429933e-02 -3.995595576885121147e+01 -3.934175030083012725e+00 -9.781533932510749096e+00 1.177638549662187373e+01 1.383981287108615277e+01 -2.305282653327103759e+01
-1.912987837085130494e+01 -5.284390053987869429e+00 5.121491809411046425e+00 5.283822169195202534e+00 1.848844740658634223e+01 5.161181054720461070e+00 2.812176657273463665e+00 -3.121655466341310614e+01 -1.382440543303474279e+01 -4.588569470464038957e+00 1.015204804843480346e+01 4.214937977190325036e+00 -2.334124607926970185e+01 -5.483484886697157279e+00 -6.724997823602047120e+00 1.966754767835609385e+01 -2.153281259764858646e+01 -2.977346816925583894e+01 -2.283388447876945548e+01 1.681799345565874049e+01 1.256777735921080463e+01 4.708436974977628253e+00 3.610575170046876448e+00 -1.783381421495872532e+00 -2.649625664282017823e+01 -7.675962392849347005e+00 1.675514944778116089e+01 1.418022027423310849e+00 -1.537313403535199852e+00 -1.847982083538489562e+01 1.088376472436450904e+01 -1.324207731277919353e-01 -2.144612077898923275e+01 3.798717538532626037e+01 -2.778088220509626893e+00 1.925453734389595439e+01 -5.221603633328072647e+00 -1.221792177073130858e+01 3.435991913142672161e+01 -2.119661960385050747e+01 4.615399166232650785e+00 2.697757588310041754e+01 -4.196328746732374881e+00 1.955723399905376780e+01 4.496553924330036089e+00 -1.664276751897234519e+01 -8.385879859952940052e+00 -1.451656913020116768e+01 2.223251358303397396e+01 -1.264359720555333055e+01 -1.610870133920639447e+01 -2.324437375104472991e+01 4.936140102802546004e+00 -1.574626457703883275e+01 1.439645750942078628e+01 -2.424360069073271262e+01 -1.972431356415739145e+01 -6.675133839299578042e+00 -3.318716195565103533e+01 1.943677868429836764e+01 -1.169626542664668278e+01 1.271900979071207161e+01 -7.231701205466992022e+00 -1.320601649746124906e+01 2.681980332943090772e+01 -4.364445034758350772e-01 2.529811258220697212e+01 -1.522025236936898729e+00 -1.885542619761690730e+01 1.934780891374382961e+01 -1.636827000683841860e+01 2.069140727638485089e+01 1.488290825933108863e+01 -1.501330968604612437e+01 -1.214791235718287288e+00 7.358121295600819955e+00 2.321006793619991626e+01 8.118269509554234986e+00 1.186151225057830949e+01 -2.983165434473970024e+01 -1.150003905275509375e+01 -7.751415789596554973e+00 1.264753165052314365e+01 -1.229006689794510265e+01 -1.893178619854436207e+01 2.877346540623336058e+00 2.529126039242544977e+01 -2.802237026668204933e+01 -1.564217768175133694e+00 -1.148533932823765547e+01 -6.188618340360184433e+00 4.668270872812017025e-01 -9.032636909301967165e+00 4.081358710012010782e+00 -2.435053781463835065e+01 -1.169912594290779850e+01 -1.369440306152686837e+01 1.639025824956697619e+01 1.609001714826046125e+01 -2.003877637289099312e+01
-2.028852897367170272e+01 1.994788787727174162e+00 1.378501147261299842e+01 -1.126011845605719541e+00 2.116486218261679753e+01 1.892039683379401538e+01 -1.167934978030357307e+01 -3.338363890999815453e+01 -3.504429526553379581e+00 1.924609605026103454e+00 1.019134863557757953e+01 -9.581839693395806989e+00 -2.253719589501906384e+01 -6.591577280753543100e+00 -3.614745877928939422e+00 4.198507067403203052e+01 -4.072670949365931392e+01 -3.915639955559817764e+01 -1.247095937698950507e+01 1.912252470447338126e+01 1.302181916745787404e+01 1.659671577759998584e+01 1.980331786092946800e+01 1.731076647351597275e+00 -3.475838229654943490e+01 4.486966317630466605e+00 1.386239856970678197e+01 1.664967913561676482e+01 2.731785853847098267e+00 -1.143078152363078281e+01 2.179128478469681340e+01 -6.000425123239514491e+00 -1.913890356291939199e+01 3.660752215556954781e+01 -1.854891630324449991e+01 4.749568212437683457e+01 1.266534105546947409e+01 5.464466277568739372e+00 4.504873680455016682e+01 -1.756508617256181282e+01 1.367267048263801188e+00 1.859274793799027492e+01 3.309522514835826712e+00 3.188998761823864214e+01 5.781095279954958421e+00 -1.209365874222889481e+01 -7.219055234462554260e+00 -1.510947859653007264e+01 2.603359492385023799e+01 1.214525842960143764e+00 -2.566144303025507156e+01 -1.443187432544397453e+01 -3.258271060710677958e+00 -2.888508620236225966e+01 2.882250449257545100e+01 -9.997735821081937146e+00 -8.189952670938126289e+00 3.006254970080200373e+00 -1.554831574014348838e+01 1.328417346662068610e+01 -1.062748782200417574e+00 -3.048623655694337131e+00 -2.341900125849538128e+01 -1.224934700611754046e+01 2.580268061430993853e+01 -3.506677401052252119e+00 2.553180542896515348e+01 1.748077445652080186e+01 -1.123370081732800152e+01 2.727471927500855031e+01 -1.980369897486036379e+01 9.485357044446208974e+00 6.237422434013244477e+00 -8.470685169671652304e+00 5.975367728363998765e+00 7.345089655113302918e+00 2.381257665508313437e+01 -4.693313574475929784e+00 3.627007488328552398e+01 -3.800257368931054458e+01 -1.394866351691818629e+01 -7.979822512238528454e+00 5.765122404840636428e+00 -1.839102138295219291e+01 -3.904080645081061363e+01 2.061890349351884311e+01 1.345329175114267528e+01 -2.625833358772767667e+01 3.656358141010834562e+00 -1.460191582867568982e+01 2.347376549304208471e+00 3.883782616819305034e+00 -3.652345416609716455e+00 1.147012344560277342e+01 -2.467403645626563247e+01 -7.943430422149487136e+00 -2.803226899877552825e+01 9.133884739211429959e+00 3.047198011713387800e+01 8.271675195757962840e+00
-8.896851357903221569e+00 -1.274337417149857465e+01 -4.258899904889354104e+00 8.160742793640864079e+00 1.540299043697228321e+01 -3.508677251758657523e+00 2.051263478405678242e+01 -2.543117947698917902e+01 -2.046832082269224529e+01 8.962639147716136012e-01 5.298810215377979915e+00 4.480769734597640941e+00 -1.742782573933533286e+01 6.228435310361279065e+00 -1.258453882477882146e+00 1.177243598180617568e+01 -2.168378012877178662e+01 -1.704691204854907838e+01 -3.276296001371572686e+01 1.197633529000103714e+01 3.379381800539881020e+00 5.980331793366141291e+00 -6.223393826334238099e+00 4.409160168327286300e+00 -3.017207351334292653e+01 -1.361434889709363638e+01 2.723837925944503624e+01 -1.222389250807226269e+01 -4.135247319052368198e+00 -1.450525387125526144e+01 5.312406255184069614e+00 -4.305169558378762140e+00 -5.967902489587350701e+00 3.459713041164274472e+01 -7.994240477445210935e+00 3.017208406392689390e+00 -6.285769770419834757e+00 -6.424280364439811208e+00 1.965797560872100291e+01 -2.972695647348539438e+01 -3.380268483595261220e+00 3.197830207710339323e+01 -7.544590190011510877e+00 -5.275924398086982992e-01 8.804209615308421277e+00 -2.480697341550298773e+01 -1.889748432201283412e+00 -4.525162214232566704e+00 9.475596669829750240e+00 -6.219265350752945842e+00 -1.580598691132033728e+01 -3.154945796491297472e+01 1.070644779739720320e+01 -6.609354937354050108e+00 1.485746697576819386e+01 -2.007628899737217765e+01 -1.814843766734241015e+01 -1.005605374278968078e+01 -2.532877508819426993e+01 2.038852482438755942e+01 -6.480029222171387104e+00 1.353581342515485808e+01 1.456093160907978579e+00 -1.323594115882505662e+01 2.436179303292177778e+01 9.482431053747399086e-02 2.435063473652759214e+01 -2.414530391998192371e+01 -8.227863237348149283e+00 1.150818369809793396e+01 -1.374281748598620112e+01 2.976738594532987392e+01 1.942493595671455253e+01 -1.702261040961777994e+01 -9.345218563859310379e+00 1.021699445030245279e+01 1.929720830904784279e+01 1.863804909938214038e+01 1.635076478587360604e+00 -2.267686925695102573e+01 -8.757106663451256878e+00 -2.052540794241495448e+01 1.996662677220711402e+01 -6.731883387015183295e+00 -1.525643432763327212e+01 -5.836952211249746281e-01 3.735722175007651202e+01 -3.048082882487276990e+01 8.469826375648970895e+00 -1.480398606617587731e+01 -9.651098009449160742e+00 -1.237722961397814014e+00 -2.551069684040662811e+00 7.772388449158076362e-01 -3.191025076953071959e+01 -1.662320752122773371e+01 -7.784310306451606820e+00 1.219246866636726523e+01 1.291183897199824671e+01 -3.153967402022749056e+01
-8.983235277933317775e+00 -1.591241737521454347e+01 7.168630486785562361e+00 -7.098375329686251511e+00 1.774210234113402151e+01 -5.162308383021668945e+00 1.428498785359010270e+01 -2.113029958127966523e+01 -1.431848386122794636e+01 4.075233446935775383e+00 7.048579132403994585e+00 -7.463651893319037889e+00 -3.046138500717698605e+01 3.646209921264219833e+00 -3.160680278686362588e+00 2.022728312731329225e+01 -3.597787051243773249e+01 -1.880216680222368808e+01 -2.343776066716820949e+01 1.595500878336469164e+01 4.768807085474269236e+00 8.332448781805615212e+00 -3.518765190312684865e+00 8.440129247853743522e+00 -3.018818413342021501e+01 -7.843388738963476214e+00 2.710783814601313679e+01 1.190906781189824848e+00 3.442175172932644411e+00 -1.806400561061763455e+01 5.836025271219544841e+00 -1.075760653133521494e+01 -1.049915741048113382e+01 3.483120942252755015e+01 -1.645663772223537080e+01 1.689395487952083030e+01 -7.639590377351157535e+00 8.051725916497217028e+00 2.765371959901700194e+01 -3.325081276867475566e+01 -9.355196705785193245e+00 2.583410595645067787e+01 -4.611143693569899504e+00 9.573071264192895669e+00 5.468540991743360280e+00 -2.024106481088654164e+01 -3.755594423899812906e+00 -9.892556550840145846e+00 2.200475459348727370e+01 -3.109452009246663096e+00 -1.652517018098487966e+01 -2.466671366382998087e+01 1.623402548102386689e+01 -8.458467064482835696e+00 1.207612699461274808e+01 -3.331551157874884694e+01 -1.484941711568261269e+01 -7.473482795000331969e+00 -1.231919091283064560e+01 1.462764119416101671e+01 -4.912167560051239334e+00 -3.436066676065316461e+00 -8.175577392823418776e+00 -1.667357177708930749e+01 2.533313925715432546e+01 1.556363699769865327e+00 2.984981733875447318e+01 -1.711614999583117935e+01 -9.329847173638070146e+00 2.134005522636903152e+01 -2.963684258623448287e+01 2.587850784119202530e+01 2.938786469262796430e+01 -1.282416119906381446e+01 1.085933240632348307e+00 2.557080921146314800e+00 1.521354673974897942e+01 1.416724770364276154e+01 1.088064370064512687e+01 -2.554781090488777195e+01 -6.884873521826952114e+00 -1.012226245016124082e+01 7.690632388225316696e+00 -1.003891276392935872e+01 -2.862830670357665852e+01 9.303949465336064151e+00 3.920855029116317780e+01 -2.855738535880211870e+01 7.297122691483796331e+00 -1.204630164092381506e+01 2.455372331555715770e-01 9.285376156252143076e+00 -6.448719149955467245e+00 1.228338549847560968e+00 -3.666645837423200049e+01 -1.377418177787306774e+01 -2.729086494465664980e+00 1.404627868569308902e+01 1.452241356766722369e+01 -2.420172268902180690e+01
-1.444300500883186622e+01 -9.560959686938547364e+00 3.275278326389650552e+00 -3.756102667912775694e-01 1.995887010747222590e+01 3.070576056053581082e-01 1.279976930815867497e+01 -2.848129246157488481e+01 -1.825862325574516731e+01 1.921698663725573408e-01 1.456423325890545506e+01 3.183721931390080417e+00 -2.605407158418091740e+01 4.315477406801866422e+00 -3.833151471213198214e+00 2.177136754523300510e+01 -2.890321736127880925e+01 -2.554062800883420792e+01 -2.656953186456485128e+01 1.543851544458435221e+01 1.275584652118635987e+01 8.478338287952393415e+00 -2.374439986580632933e+00 2.646292216897735194e+00 -3.143652243818978675e+01 -3.427178914910487872e+00 2.532356683690283816e+01 -7.545561738350131664e-01 3.688826304528674882e+00 -1.963077379267906153e+01 1.098617953314739637e+01 -5.265196041122771398e+00 -1.168863676782881456e+01 3.830989536506635318e+01 -1.140251702590613370e+01 1.686018111266875863e+01 -2.300801492961783268e+00 -5.626639606343319500e+00 2.647189434022893906e+01 -2.748001607112375666e+01 -1.194414259983491711e+00 2.733145783794640593e+01 -6.934958031777585852e+00 1.098708095585969957e+01 5.932102353470976475e+00 -1.767946468248353753e+01 -7.143007966071711401e+00 -1.315415437155408007e+01 2.231735280710710612e+01 -7.323389420456386745e+00 -1.759510361213881424e+01 -2.483011689042227488e+01 8.769101749539004231e+00 -1.256329746589321239e+01 1.805792581765936333e+01 -2.711671796371772913e+01 -2.063378621009928793e+01 -7.908310818227480610e+00 -2.433120745512533389e+01 1.839117331416142775e+01 -3.800288825294786399e+00 9.088921590961430041e+00 -6.914627762938104993e+00 -1.577826860134968001e+01 2.426832945420227361e+01 -4.664816385721130554e-01 2.542875372735274553e+01 -1.175773495848346428e+01 -1.372461363342316076e+01 2.215271613286378738e+01 -1.907781916076957884e+01 2.080530479507687147e+01 2.175010035269255226e+01 -1.394921063919104398e+01 -4.111324321963396144e+00 5.133366434981813775e+00 2.045745928099956501e+01 1.131900224350606443e+01 1.300649047870059327e+01 -3.232055333368420946e+01 -7.579933955930545864e+00 -1.127366931524921512e+01 1.234233457434075376e+01 -6.863704171556964440e+00 -2.506924882468050697e+01 9.967588394485192183e+00 3.602643145832617932e+01 -2.682207187915033231e+01 1.654889833987275738e+00 -1.197772873029740381e+01 -3.256277858756631005e+00 8.879789894108883752e-01 -2.383563246402836899e+00 3.063352960783408019e+00 -3.267184762791256958e+01 -8.671041057072292446e+00 -1.188933385846409152e+01 1.041112187919673993e+01 1.529009412588669647e+01 -2.562947080441056258e+01
-1.314933847641594333e+01 -1.106164046137742440e+00 1.077589322510007186e+01 -3.950533299493524275e+00 2.616898454970023735e+01 9.872073649602455703e+00 -6.239828946333878079e+00 -3.082896150993455819e+01 -8.623665100237355219e+00 -9.856708472339177352e-01 1.411681066273439633e+01 -5.062734274700587678e-01 -2.223040590907228164e+01 -3.649346085199697942e+00 -3.467718229190067003e+00 2.527482839010955118e+01 -2.828024703303054821e+01 -4.163912960044999068e+01 -1.633126475838282232e+01 2.181119984931262934e+01 1.304920963875322570e+01 1.432743140425721506e+01 1.636425082380488405e+01 -7.231459382456240093e-01 -3.895602619978696168e+01 -9.230730402747452601e+00 2.460070793220170060e+01 2.506302078519878851e+00 -4.761716821271202882e+00 -9.911998422418404786e+00 1.109899571484049829e+01 -2.859932487584581740e+00 -1.228009915675887775e+01 3.946576294944635066e+01 -1.126986190362890738e+01 3.539990743563667763e+01 -1.306749256033227224e+00 2.654960630769435115e-01 3.700012374708282437e+01 -2.307787546958929781e+01 2.380745943908663786e+00 2.754632453177393714e+01 -2.699498756049448556e+00 2.914091541977210298e+01 6.654151153510674099e+00 -1.642159733658801102e+01 -7.977042220544436901e+00 -1.918779440868854280e+01 3.142432545397666743e+01 -1.338388334482036512e+01 -1.948773030949091023e+01 -1.975971757378352223e+01 2.260041481962098864e+00 -2.452065133043288725e+01 2.249934179876511209e+01 -1.868178231916230914e+01 -1.413303712076623242e+01 -9.170494076392401439e+00 -2.368942698222226539e+01 1.235347435285687467e+01 -3.556127454811161215e+00 2.970531481551395903e+00 -1.109384038296882302e+01 -1.074585929526047146e+01 2.726804999995592027e+01 -2.183572237031826901e+00 3.183724580678351757e+01 6.448511565289786418e+00 -2.060544387255294296e+01 2.424639769123232114e+01 -2.079853152833804586e+01 1.581688372364899031e+01 8.960887717325922708e+00 -1.014024237676400730e+01 1.056483222538711741e+00 6.063792359942954846e+00 2.077390925945470812e+01 -4.007632689199460252e+00 2.372477950114950929e+01 -3.581317967096484267e+01 -1.779420009693892624e+01 9.560199748470690762e-02 8.482534672831697264e+00 -1.769881768585495863e+01 -2.349762492697626115e+01 9.958556034044326211e+00 1.887377208518769223e+01 -3.653204401909727750e+01 -2.710648711811598055e+00 -7.901220068272422736e+00 4.186540202268113298e+00 2.379572896239225521e+00 -1.778290561531959568e+01 7.780654898570430689e+00 -3.330090588656997141e+01 -6.156708205520451394e+00 -1.897082946798827763e+01 1.359045495822878635e+01 2.721587002443668979e+01 -3.787180258221808593e+00
-1.254759731130418920e+01 -5.080151249593945373e+00 1.701909928071763556e+00 -8.050468792177790656e-01 1.819483375460749386e+01 9.175680474564337885e+00 6.046627470767333534e+00 -3.012611584176198676e+01 -1.471553148756647289e+01 -2.014999571311907989e+00 1.390628485878451492e+01 4.333793923831446571e-01 -2.282153792752247412e+01 4.687684776023049338e+00 1.230103710111683846e+00 2.286146908564282754e+01 -3.045737713408474789e+01 -3.162308326621617027e+01 -2.612172281518622796e+01 1.606623140712481401e+01 7.495496811384346536e+00 1.269074536619781313e+01 3.544986851903741520e+00 3.445206166878504561e+00 -2.600583179969686043e+01 2.109780440752465624e-01 2.114970280551395021e+01 1.528915540387120631e+00 1.233097913226622433e+00 -1.301951626876372892e+01 1.505287088306808485e+01 -1.206183493703933429e+01 -8.444805453526459615e+00 3.480253019571257056e+01 -8.456694042352975060e+00 2.344992928037070712e+01 3.560203273841089366e+00 -2.413822726304553967e+00 2.589829410880014038e+01 -2.460977165732381877e+01 -8.427513314854717663e-02 2.841632399870431769e+01 -5.215453941907438384e+00 1.691066590682816440e+01 6.963484001390037648e+00 -1.916930290349092303e+01 -3.833429686034912631e+00 -1.090519158235258423e+01 1.981164932196738704e+01 -8.602264426708617906e-01 -2.075629126925667123e+01 -2.349357044271514283e+01 3.624298468703216258e+00 -1.570608773339216846e+01 2.429228879960555076e+01 -1.581936501757677505e+01 -1.401484810007979398e+01 -5.290719571321798043e+00 -1.649495971914685555e+01 2.094772978342461300e+01 -4.621495112986021780e+00 7.397527881393138216e+00 -8.550471872221041991e+00 -1.376030120468048246e+01 2.347048716677626956e+01 -5.280144776573763465e+00 2.486251114527354389e+01 -5.809700628449322224e+00 -6.383555047737560884e+00 1.680821297533260150e+01 -1.418209339915615885e+01 1.897646165895849890e+01 2.091737367373124457e+01 -1.459481173351244898e+01 -3.221260145981070355e+00 4.187589867377790931e+00 1.980801395304631285e+01 7.188806748625743204e+00 1.761701911691694988e+01 -3.332842766341920537e+01 -1.242447211695744791e+01 -1.286450672549809759e+01 1.619810828661897162e+01 -6.977902338867569831e+00 -3.084765274514228395e+01 1.197248851445870699e+01 3.176847607028743070e+01 -2.745271134708054106e+01 8.511555387843742437e+00 -8.870433786518244546e+00 -7.878167762772920746e-01 -2.958939693297151230e-01 -1.724156381669589511e+00 5.647448810391861862e+00 -3.168352958350459048e+01 -5.346442360968615581e+00 -1.562710882778401533e+01 6.374281105209966825e+00 2.211905247112686013e+01 -1.200195010858024425e+01
-2.014056453876118624e+01 -3.818578757383927602e+00 1.991686707449959570e+00 1.039685706161393419e+01 1.900526150055721430e+01 7.814541793995936736e+00 -3.170773002465907986e+00 -3.431897158324132135e+01 -1.773614068696335266e+01 -3.655853859131611650e+00 1.310761011715749191e+01 5.555072186369540255e+00 -1.832050548508836485e+01 -4.111452862836878275e+00 -4.685796520743510385e+00 1.879566459835018932e+01 -2.183082486755137097e+01 -2.813268364759123230e+01 -2.601481566769172105e+01 1.617831103699895579e+01 9.297990094027136720e+00 6.872987282146465482e+00 6.889601366891152878e+00 2.556768794159228086e+00 -3.025181331354852787e+01 -4.780423722860024149e+00 1.834714650470700192e+01 8.613038804526877978e-01 -3.156596263085521770e+00 -1.591743354504533237e+01 1.196385423073953014e+01 1.771499866895862585e+00 -2.011399708669113551e+01 3.352882187443869810e+01 -3.847373428694886410e+00 2.444756909309144532e+01 2.879567392177412977e+00 -1.282312022889552949e+01 3.765106185171654118e+01 -1.631117159018968010e+01 8.817541940537658718e+00 2.879632326312138346e+01 7.907092402418715027e-01 1.787784879320000542e+01 5.187005974162730126e+00 -2.033419739643703394e+01 -4.901904250029287091e+00 -1.406403684239369944e+01 1.621617633246416545e+01 -7.991784883008519635e+00 -1.521650717802384456e+01 -2.413315286082598021e+01 6.331629026970383434e-01 -1.780474007882280674e+01 1.818492901483092439e+01 -1.049454622150792460e+01 -1.573891359746275320e+01 -7.628072976976734587e+00 -3.445173428838439378e+01 2.446370583935531684e+01 -7.905427621974189911e+00 1.399271622589776243e+01 -1.318610744123250189e+00 -1.372872402382721013e+01 2.474357703401355124e+01 -1.984751531271379710e+00 2.408053812760365631e+01 3.367666948111657454e+00 -1.826716709956670570e+01 1.573951190426593705e+01 -5.175298751723976132e+00 2.022691387072468316e+01 1.010884434429995871e+01 -1.450760999270002749e+01 -1.081657307428547821e+00 1.252480416004972419e+01 2.408310182649194076e+01 7.415948188291077159e+00 1.406694304909204263e+01 -3.028095608961602991e+01 -1.045658653952735939e+01 -1.054649854780273621e+01 1.446814819365179083e+01 -1.022746236312108614e+01 -2.003648626385342624e+01 2.062057254056611111e+00 1.963017540685540041e+01 -2.892815830234160757e+01 2.724245262361237430e+00 -1.232965654332223160e+01 -8.969409955019864711e+00 -4.233139615645593601e+00 -8.549362565153655780e+00 9.493201186330370689e+00 -2.506487792054290864e+01 -9.001209138237321383e+00 -2.430674169541115148e+01 1.512004961716440121e+01 2.051114358277524730e+01 -9.397303348634659770e+00
-1.288586307249674867e+01 -9.202093315938714824e+00 9.960938898355896853e+00 -2.162445138852225668e+01 2.577141074024319423e+01 7.523280986704914852e+00 3.594873986466916360e+00 -1.729290023195317616e+01 -8.769145926414019243e-01 6.726367322400686355e+00 4.217705551145180642e+00 -1.761625490944818750e+01 -3.956742279668096529e+01 1.807922225519010384e+00 -4.216864794659170634e+00 3.022093472844409945e+01 -3.904317081210706419e+01 -3.298723655740265315e+01 -1.430952019173663636e+01 2.207186833691076799e+01 1.156481708897132599e+01 1.686519895594719998e+01 9.747139943452134858e+00 2.226955035974283792e+00 -2.813764523407055052e+01 -7.827688355198866077e+00 2.979802115525592043e+01 1.551146022505289501e+01 1.200422606958074923e+01 -1.034739376617380380e+01 5.060265157584087348e+00 -1.603242632335399165e+01 -4.756929963521032256e+00 3.649504118355190485e+01 -1.966114009112740746e+01 3.529903924214966793e+01 -6.460286600472565866e+00 1.713963624800363661e+01 2.819009836828011117e+01 -2.783765074886084534e+01 -1.720247228173318987e+01 1.166164744300901646e+01 -3.805104044938263375e+00 2.922734112009221263e+01 5.609070748255867933e+00 -1.483515396725646696e+01 -5.485271382063835688e+00 -1.693872426798603570e+01 3.120563399097438051e+01 -2.365465867521868049e+00 -2.567982333283340068e+01 -1.325115876680452587e+01 1.263160459711137484e+01 -1.253574389969080372e+01 1.670304749521318755e+01 -3.358060088317403569e+01 -2.641511388135135974e-01 -6.502169672190791339e+00 9.622318693051974847e+00 9.771039292787367714e+00 -2.318074715519937712e+00 -2.119699897246935194e+01 -1.155330447917850201e+01 -1.081951108524650529e+01 2.934620573362085949e+01 1.541403818692454353e+00 3.585497859057569059e+01 -3.152113396186983607e+00 -7.484663426095665706e+00 2.501920666050164854e+01 -3.314252560266916703e+01 8.692244462452435982e+00 2.757504658738929848e+01 -1.270289497800434475e+01 1.434679719154824795e+01 -3.043375713896086854e+00 1.116479190923948828e+01 -5.166852403547141037e+00 2.375549648359129762e+01 -3.499184656881333666e+01 -7.657797368037176255e+00 7.808812981503000294e+00 -2.063866678075296224e-01 -1.755300047393236440e+01 -3.444996496286461962e+01 1.808374988317304499e+01 2.952366141037902025e+01 -2.936947376945108701e+01 4.175383084803554468e+00 -9.989349540045621367e+00 1.821915386412362281e+01 1.148564848391794868e+01 -9.990246022906276835e+00 -5.892935782094831154e+00 -4.447252845150033096e+01 -4.663745485175379457e+00 -1.047951022294739509e+01 9.011269184401712096e+00 1.753884472749425782e+01 -2.092615020782479629e+00
-1.113453989468118621e+01 -1.353040612990482217e+01 7.435605622221364008e-01 -1.359974927643667231e+00 1.884653079650695418e+01 -2.577583875554185777e+00 1.151346549913617956e+01 -2.093869803093391724e+01 -1.751364509739644504e+01 -9.221391921238324407e-01 5.412545797475867282e+00 -1.043091666845185062e+00 -2.704085482329892542e+01 5.728181956133154173e+00 -3.795635472382459685e+00 6.107038119719545577e+00 -2.391697662200015273e+01 -1.884912318021342870e+01 -2.916981005170044838e+01 1.696419280943093355e+01 6.809448388631323290e+00 3.763113991874537767e+00 -5.893092159880117364e+00 4.312298763815557656e+00 -2.574998765095342179e+01 -1.141439292838658481e+01 2.507219794150275050e+01 -2.352424399036888047e+00 5.792883628921196015e-01 -1.823722358898516660e+01 -1.375442434023210481e-01 -5.154271193089548397e+00 -1.152338789833556021e+01 3.361062940216759642e+01 -5.927517409159118955e+00 1.158567075787199308e+01 -1.262076091030100677e+01 -2.981710262498771802e-01 2.442065238790639370e+01 -2.838624364621295371e+01 -2.478646327972496621e+00 2.805661352585877921e+01 -7.362565654349782385e+00 9.460389141908171595e+00 5.421549801531780233e+00 -2.096017786063590549e+01 -3.158375200926279103e+00 -1.157811956569166334e+01 1.952076090419862453e+01 -1.061867679619456872e+01 -1.326996721664697176e+01 -2.544048518521585933e+01 1.580136190349816694e+01 -4.127179726233951129e+00 8.151074657438847737e+00 -3.150229978701385036e+01 -1.667618948613278462e+01 -1.294664236517435363e+01 -1.979819801863919082e+01 2.123379551391259668e+01 -1.008845414983640687e+01 5.479563921742401256e+00 1.644773578319145058e+00 -1.527158801088587303e+01 2.600430792269110469e+01 1.138269694833427215e+00 3.183816500405032457e+01 -1.700994796189379699e+01 -1.385902334935898672e+01 1.605545883155178188e+01 -2.262939742274896915e+01 2.691437373855055881e+01 2.638915645610596528e+01 -1.486887992149809712e+01 4.805984775066471926e-01 3.931332765772001192e+00 1.705987486935867636e+01 1.225148052053396164e+01 1.922727440312494096e+00 -2.224912999190708618e+01 -9.622317697763120847e+00 -5.834296287107958001e+00 1.426114710449428635e+01 -9.659294178896915994e+00 -1.692817473177626653e+01 -2.669849873340931712e+00 3.568677051870725592e+01 -2.924818870625865230e+01 4.570993389861315315e+00 -9.033367383681195406e+00 -2.245336290764690101e+00 2.668938417476966585e+00 -9.932039600868728613e+00 -2.392249434560802079e+00 -3.633529254039740408e+01 -1.111961918344807998e+01 -2.184371498143974133e+00 1.460954126639916240e+01 1.168447645392060075e+01 -2.417636143664092785e+01
-1.479547917043752925e+01 1.407260340231891060e+00 2.208124046826231979e+00 -3.133144974640476477e+00 2.153877968737622695e+01 9.966770873341477710e+00 -5.053475870698021843e+00 -2.798508815090481505e+01 -1.960057542290592991e+01 -5.794228846720826942e-01 1.566280092173147231e+01 4.997777567566988211e+00 -2.442216017156906105e+01 4.251481577288762637e+00 -1.369973787994953174e+00 9.657686432668947774e+00 -1.418267898145909989e+01 -3.085703992156388153e+01 -3.150264783899666554e+01 1.899558296947936142e+01 1.677839766578880543e+01 1.327313635019916127e+01 4.821949443615949349e+00 3.131709091216244634e+00 -3.000131268352129510e+01 -2.225427537435932912e+00 2.605796946622882970e+01 1.889323795366720349e+00 1.474363463061594270e+00 -2.162612076851376131e+01 4.250277507740309879e+00 -4.451777463994232242e+00 -1.174592671036272407e+01 3.362320845945234993e+01 -4.703243158983367422e+00 2.686322351860157198e+01 -5.472976478617412432e+00 -1.533287449288587290e+01 3.124922907437285957e+01 -2.082521261076814412e+01 4.650416294681504858e+00 2.721322019712072304e+01 -8.637541470413946598e+00 2.258701773994170026e+01 1.302284770526941360e+00 -2.026256649491720196e+01 -5.798111790182241876e+00 -1.722350092833355717e+01 2.459621877876032059e+01 -1.158220567250327626e+01 -2.131392318804105912e+01 -2.363042918185728425e+01 4.103601770452364406e+00 -1.223314805712076492e+01 1.174615370838089667e+01 -2.844795110270573701e+01 -1.655399127190736053e+01 -5.186395918075472622e+00 -2.602034167486462124e+01 2.014703592774687735e+01 -1.019078293019712866e+01 1.198967511279683684e+01 3.017452133872857267e+00 -8.923618073613525326e+00 2.586581169103908096e+01 -2.950082368449443049e+00 3.218092110286738006e+01 6.849692537170590789e-01 -1.670003886472078136e+01 1.553575625206615207e+01 -6.770774224840643285e+00 1.788151497910781274e+01 1.565838621353444893e+01 -1.679421921489550229e+01 -2.108270763837595485e+00 3.094102730113225341e+00 2.340363008385944710e+01 -9.268909986306435311e-02 6.862460815235431610e+00 -3.041543586213549588e+01 -1.417650099224564464e+01 -5.831797444534347008e+00 1.243250834674251770e+01 -8.999321761707259171e+00 -1.698595327684535405e+01 9.066550196701274045e-01 1.586087033458238160e+01 -3.086872285412917094e+01 1.530882674059162341e+00 -1.157324605439047183e+01 -8.592612954074113629e-01 2.598795549676503613e-01 -1.155859018669067950e+01 1.667201549326155163e+00 -3.558012780704991940e+01 1.215791214441150014e+00 -1.543620271383685250e+01 1.554989755619230429e+01 1.924761480812350456e+01 -7.615706990577626456e+00
-7.849613341355285101e+00 -3.426299117253369886e+00 -2.065901624649764567e+00 -2.167313217493598287e+00 1.986955232070824806e+01 8.856423092028514077e+00 1.140464536763274950e+01 -2.539963807453262490e+01 -1.533483845169954662e+01 -5.829733498502862155e+00 -1.093017062378750376e-01 5.707066138371812869e+00 -2.679490018256895567e+01 2.155897837502934955e+00 7.471352910227095911e-01 6.437554886794840669e+00 -7.817969312153966399e+00 -3.192488489326253287e+01 -2.502503024982752322e+01 1.957514193006217695e+01 1.406957458529674732e+01 1.141401566450997151e+01 8.019872541811697841e-01 -3.688957555650296261e+00 -1.545850222662422624e+01 -1.477566939497296161e+01 1.940187334508854633e+01 -8.414816117449198885e+00 -3.809510260813387728e+00 -1.385064728492205255e+01 1.089926131108049923e+00 -1.417776659522811933e+01 -3.645208436569710830e+00 3.877568179446766550e+01 1.248449815439800936e+00 6.205528213943151350e+00 -1.540435558497882340e+01 -1.931659090898645559e+01 2.180463113922757046e+01 -2.805036880814972733e+01 -6.381371744170600380e+00 2.499149644507868118e+01 -1.822523268374569838e+01 2.161475034366178249e+01 4.699097580373545746e+00 -2.290958762212657263e+01 -2.307406609518380947e+00 -7.884111611452470747e+00 2.652185904820901285e+01 -1.383882453332393681e+01 -2.963889976617145905e+01 -3.015752125893747859e+01 6.090410912221371653e+00 -9.897077439858030345e+00 1.137133773240674550e+01 -3.444277335964116560e+01 -1.291589418322798366e+01 -1.638831892213910457e+00 -2.198508096672797052e+01 1.808243062712618965e+01 -1.950033608425714604e+01 1.892234893257406014e+01 -9.551673882563693763e-01 -5.616753392512681131e+00 2.583201475961151061e+01 1.642778492179456651e-01 3.516159143720719982e+01 -2.012986876850822071e+01 -9.154212311124213741e+00 9.373270587964100287e+00 -1.308619722111663464e+01 2.138625740113461760e+01 1.238040226701841107e+01 -2.279869452248462380e+01 -8.484897970738801476e+00 2.772266042160360655e+00 2.385808676532146322e+01 5.031694618149895604e+00 -2.083678168308149559e+00 -2.922984092235747866e+01 -1.283230431272881411e+01 -9.003543511378525821e+00 1.504838589516194958e+01 -1.729769224641815129e+01 -1.143567466231715990e+01 -3.382383809442552014e+00 2.185737266830768988e+01 -3.495280793653025597e+01 7.295519863879435185e+00 -1.296823068156815850e+01 3.008886640780474409e+00 6.390965461121228541e-01 -7.624708218031207352e+00 -9.478105809204166121e+00 -3.139130705599934146e+01 -9.483478803876044694e+00 -1.192636098764545416e+01 1.392891409156036886e+01 1.203889631165051810e+01 -2.334848959445167793e+01
-8.955886169858683132e+00 -9.044922949052132566e+00 4.774819030453973490e+00 1.060065994790340138e+00 1.743288780693835704e+01 -2.893016829181140448e+00 1.075423551832176372e+01 -2.704085340594821218e+01 -1.903460473280781429e+01 5.314340448235983949e+00 1.100351355708235879e+01 -1.717272131128095847e-01 -2.068042792116328243e+01 1.081663812098427258e+01 7.022102317915331904e-01 1.857478152361609602e+01 -3.619847927546268807e+01 -1.724685470774958063e+01 -2.807936611236640445e+01 1.223830655017338742e+01 2.746653695915499238e+00 1.331481255522586160e+01 2.597298246456004045e-01 1.297220497154427932e+01 -3.808776963927643067e+01 -6.193494419284576225e+00 3.298435011468156119e+01 -4.370467204749211909e+00 -3.551108432978161034e+00 -1.374980412437022004e+01 7.380047977494581524e+00 -9.938988775192836300e+00 -3.495053716589505033e+00 3.347789855346326249e+01 -1.963726364385712131e+01 2.007781793198938658e+01 1.448460203695766113e+00 2.039495919835215165e+00 2.369833782600797889e+01 -2.655546222384522892e+01 -5.418778096284087020e+00 3.198524566270332414e+01 3.358462510125840850e-01 2.078691445532660165e+00 1.095366164631527361e+01 -2.557056782253127025e+01 3.393301109221876111e+00 -2.601766186791258040e+00 1.377131193165473988e+01 3.171030998839975190e+00 -2.134573359509526824e+01 -2.915038891681400557e+01 9.773455889311620126e+00 -1.497622141453750011e+01 1.811517422803393274e+01 -1.219512520192692762e+01 -1.257231590589062620e+01 -7.871515731372720204e+00 -1.226720929813246208e+01 1.586811133040420252e+01 6.174171354900732211e+00 3.866800226200060919e+00 -3.779832319755077386e+00 -1.537537456080822018e+01 2.105029341531326281e+01 3.841039146375231805e+00 2.822169833459663124e+01 -1.873816449071074430e+01 -3.310194522011255192e+00 1.639854129817095085e+01 -1.375857235938713075e+01 2.874470360240216138e+01 2.152859833081112484e+01 -1.265521608867310732e+01 -6.768334254284450680e+00 1.261046610366099330e+01 1.799018294635435566e+01 1.756375361934484047e+01 1.492154300916766374e+01 -2.833147932110819767e+01 -6.819089847542742611e+00 -2.167897484653499163e+01 1.470529934498197910e+01 -8.863060712763083160e+00 -2.767595246440746592e+01 1.203335705068503003e+01 3.522605705224183481e+01 -3.108635325233210622e+01 1.814887800383113614e+01 -1.255716113115542676e+01 -2.573318745043966960e+00 1.155045525198036271e+00 -5.931085472745192128e-02 9.032759993170540014e+00 -3.883706888236335431e+01 -8.967068684530470790e+00 -1.374407899262019761e+01 9.133093299423086009e+00 2.449880473660442703e+01 -1.260669546859209156e+01
-1.690228860833510893e+01 -1.421978557573102719e+01 1.611629486092170538e+01 -5.495339008780078416e+00 1.948137567346838139e+01 -1.577817604293524134e+00 1.250639173742402832e+01 -2.642843892757876745e+01 -1.011526594528675638e+01 -3.560968063664172734e-01 3.091219072534058920e+00 -8.026972577241583195e+00 -3.972667774986951628e+01 -3.616584897668109200e+00 -1.011474114223667797e+01 2.942854794429272758e+01 -3.772897520062386434e+01 -2.092624715798950774e+01 -1.019843120744894627e+01 1.744982240624824854e+01 1.446856518176597106e+01 8.115670369915237714e+00 1.648242240797110014e+00 4.855874009845358330e+00 -2.723873090320981660e+01 -9.169633373437275026e+00 2.046576798226968208e+01 5.466974768077330182e+00 6.899166843286921313e+00 -1.565944528946252312e+01 8.640451495318416164e+00 -1.130571722552546987e+01 -1.599844394765565525e+01 4.384386340605213661e+01 -1.777618595011666258e+01 1.997277074910618921e+01 -6.667050780473876337e+00 3.483008716659129256e+00 3.435900418080185403e+01 -2.608596670712721988e+01 -1.080618465268645068e+01 1.755271861547993240e+01 -3.241299900294916547e+00 1.921321388626416393e+01 7.048934196797138618e+00 -1.342861028629542908e+01 -4.102986509000557724e+00 -1.139082732708584622e+01 3.114792830397063739e+01 -6.287773337854863698e+00 -2.596349461317499774e+01 -2.314854143211870152e+01 1.413223577801900888e+01 -1.796653219721079253e+01 1.136373280277278930e+01 -3.288518623140334540e+01 -1.205368827172890533e+01 -3.423777069618056501e+00 -1.451192900439893840e+01 1.101955516784852307e+01 -4.325631976611077789e+00 1.470170865904390833e+00 -1.505385983617179946e+01 -1.870537708475517036e+01 2.428106625688988629e+01 9.433652956031972181e+00 3.390276609339740332e+01 -1.544455075446885850e+01 -1.176916172441084285e+01 2.655550608723683936e+01 -3.487470405809256135e+01 2.230848154943983275e+01 1.892868274383051030e+01 -1.106012550247241144e+01 2.285796767257237683e+00 7.523125468770630597e+00 2.256550726608109159e+01 1.221745397078679041e+01 1.905834178850861704e+01 -3.364746428792127375e+01 -1.425892522596132972e+00 -3.875557680731859911e+00 1.576154999514292276e+00 -1.801978362207739082e+01 -2.984971310407345158e+01 1.500921002293944007e+01 3.532159284701678104e+01 -2.781637228321913824e+01 4.595221033334054184e+00 -1.231199426678240627e+01 7.067048193475026885e+00 9.231665833005624933e+00 -1.777604188406732399e+00 1.700780071812067584e+00 -3.350323213291015634e+01 -1.568908285658956281e+01 -1.532203723760001779e+01 1.114652705821960765e+01 1.461302161061745153e+01 -2.372438367172231111e+01
-2.085949382698614940e+01 -3.166788595057131506e+00 3.373269930192966282e+00 7.639626251981480820e+00 1.784581028135867342e+01 6.991577620250423841e+00 -4.563685503537214139e+00 -3.115936786697187699e+01 -1.829195044394205638e+01 -3.773717886670567623e+00 1.254807507617400297e+01 5.448693286140450454e+00 -2.167339093969469843e+01 -5.124661256193816961e+00 -6.677069558461840693e+00 1.526302900492204628e+01 -1.705696726962159460e+01 -2.764234809689767758e+01 -2.704613471806588265e+01 1.669633742522356457e+01 1.321957260337557294e+01 5.519513818150567630e+00 5.066657978670394691e+00 1.522372983078239317e+00 -2.879212539404687021e+01 -5.399779777452250684e+00 1.779350685384435948e+01 2.390838784898699387e+00 -8.644822541227281665e-01 -2.032320056094515337e+01 9.053743502014317102e+00 2.486290090988083179e+00 -2.309628380272231851e+01 3.339107995573981214e+01 -1.223383974650888550e+00 2.270494370104416504e+01 -3.261944573035865158e+00 -1.519179662003342557e+01 3.748690827883931576e+01 -1.653774062840168213e+01 8.627785906532729143e+00 2.723602609378669825e+01 -1.848118294744421908e+00 2.049131047877974154e+01 2.334075498295509199e+00 -1.801922525895985672e+01 -6.455444717272219357e+00 -1.580026037559788499e+01 1.900567432698514736e+01 -1.202543021990100591e+01 -1.452351198693594903e+01 -2.327432976770158035e+01 3.941931545553525762e+00 -1.417594757863046517e+01 1.164771197992019580e+01 -2.063814717893544781e+01 -1.750542586882421858e+01 -6.812359056046222605e+00 -3.676325736422307955e+01 2.216228374970485504e+01 -1.205387137242825446e+01 1.415369492985366584e+01 6.518225097054357320e-02 -1.288493233792233283e+01 2.657218912047563464e+01 -1.841717365364067494e+00 2.584094136437076017e+01 4.203890534377261901e+00 -2.169515660298406345e+01 1.599052041846898220e+01 -7.404815497436508132e+00 2.066816119841735500e+01 1.282356477531006611e+01 -1.526820083910615722e+01 3.072807491933600421e-02 9.236223823219898321e+00 2.407832756853685652e+01 6.270633551911652503e+00 9.122681677064187866e+00 -2.725883413876806216e+01 -1.221204566957916526e+01 -7.005042770254448214e+00 1.305065504956742473e+01 -9.401527167724532674e+00 -1.612753184022029984e+01 -1.657667796290931417e+00 1.824204265639359690e+01 -2.784004215252003434e+01 -1.225363171965846876e+00 -1.205547185572745050e+01 -9.047833686602919201e+00 -1.400340524113163676e+00 -1.119813060455485321e+01 6.561796605051045006e+00 -2.577157402097873984e+01 -8.962926057098584920e+00 -1.769486803065017355e+01 1.807384495401129598e+01 1.714296004753859748e+01 -1.338760573584188762e+01
-1.475440590319526990e+01 -1.055008655018311003e+01 4.169836754676400914e-01 4.500341152173978010e+00 1.810686020095207382e+01 -1.999876001012991455e+00 9.215933760356904259e+00 -3.042832486402648229e+01 -2.220718503766993024e+01 -1.759976376329625669e+00 1.272768696909600372e+01 7.150772155890805060e+00 -2.468821281983152360e+01 3.391451527004014199e+00 -4.849211208932954875e+00 1.161539010023724927e+01 -2.121138250994966512e+01 -1.949770965049612670e+01 -3.071527388051675089e+01 1.382037289521753998e+01 8.836529224506142199e+00 5.890143885568519977e+00 -4.050573867779651671e+00 5.517689693351962354e+00 -2.845224400055318981e+01 -8.584804803678922624e+00 2.707149351551457883e+01 -5.694710388811429880e+00 -1.574985187310135704e+00 -1.990231871401564234e+01 4.674826189854545788e+00 -3.603654503550208776e+00 -1.310005553010641677e+01 3.527797316612646483e+01 -5.304210081154629997e+00 1.135332528606412161e+01 -4.667717231100357189e+00 -1.355839622547263090e+01 2.724045582465715754e+01 -2.366659252212837217e+01 2.524053522596714672e+00 3.110525582476273598e+01 -4.219998647113791357e+00 8.264650867169457626e+00 5.891564678344026085e+00 -2.380409339872050012e+01 -3.104695090660170909e+00 -1.041414245079865175e+01 1.713910505389718253e+01 -8.424671181054256053e+00 -1.712826849070826540e+01 -2.857865278325741443e+01 7.459392062609629726e+00 -1.097964602540050194e+01 1.188987139968122086e+01 -2.381273686486305863e+01 -1.867871401692290334e+01 -1.002043947391725354e+01 -2.887097046227125574e+01 2.208978657185483740e+01 -7.427716627158587492e+00 1.456978561843560094e+01 2.396714202254622172e+00 -1.524747996715271547e+01 2.373996541909549762e+01 2.467249012835316613e+00 2.618266706371032271e+01 -1.419165833474741234e+01 -1.456102924222678041e+01 1.451007560821031106e+01 -1.039803381232500712e+01 2.621559330172027558e+01 2.109036567203603951e+01 -1.630388309087170384e+01 -5.238608860717843818e+00 1.003164591664375926e+01 2.027311490241087455e+01 1.680823177549705960e+01 5.580282381871240815e+00 -2.750101867486089802e+01 -6.892141185799499858e+00 -1.289373750196372548e+01 1.435369737792102285e+01 -8.002938440761649730e+00 -1.872208806425974359e+01 2.492378574599824148e+00 3.202137333643329242e+01 -3.055647952842004855e+01 6.169320430675326428e+00 -1.145071325478713220e+01 -6.418270076503247878e+00 -1.297360341929998828e+00 -5.596394527787646567e+00 4.773293203871150858e+00 -3.170598472406620161e+01 -8.421554631342708319e+00 -1.464631547305432591e+01 1.539245384587478505e+01 1.485923058821081177e+01 -2.295737629678352221e+01
-1.766253148801803619e+01 -2.333277369868533846e+00 6.478593294325000862e+00 4.763918408387128878e+00 1.834407382090529737e+01 6.269628055128548816e+00 -3.579787018135134335e+00 -2.837787562665862140e+01 -2.151645964628631091e+01 3.511555116762794526e-01 1.092972992365999652e+01 2.818535265691662239e+00 -2.153327804340204210e+01 3.759562494780845032e+00 -3.313490850060404558e+00 1.409997500852708185e+01 -2.144968731036634679e+01 -2.120088017494893862e+01 -2.663873663235338185e+01 1.507714925119750760e+01 1.447439049182584903e+01 1.142003193913434878e+01 4.727525623198533644e+00 7.779419386663935398e+00 -3.623929280171114442e+01 -3.021983540488650366e+00 2.490785176212211383e+01 1.874505035343957848e+00 -4.981991427283022356e-01 -1.773686995790516363e+01 5.825131400044391228e+00 1.365805737489096949e-01 -1.349054502532865207e+01 3.177562649699860486e+01 -1.162431692188994425e+01 2.807093152465437669e+01 -1.163048458880530323e+00 -8.763743124762061854e+00 3.432609862961191283e+01 -1.557193112977905791e+01 3.205697070963920314e+00 2.546706048035239434e+01 -2.387761889959557404e+00 1.497229843293709806e+01 4.640935060728639705e+00 -1.941273430848390547e+01 -1.506213818839293284e+00 -1.198701305957487584e+01 1.839188644543873608e+01 -7.341656121529580581e+00 -2.056256533537557729e+01 -2.419447954123794275e+01 6.493157841471179026e+00 -1.326006489193143523e+01 1.128705142971140596e+01 -1.661560919994315100e+01 -1.278763758798592320e+01 -6.580119899078838763e+00 -2.691339286760063487e+01 1.832272003971203844e+01 -2.551304078136108267e+00 1.110540222325912474e+01 2.671812915193187421e-01 -1.361722320958826060e+01 2.306779956602821713e+01 4.709798163062197118e-01 3.136515528586300050e+01 -2.476311765137054088e+00 -1.477052806704239707e+01 1.749661243658247400e+01 -7.493696049562188932e+00 2.204746788000640123e+01 8.781179997210708521e+00 -1.197824215349770860e+01 -1.832562433186735174e+00 1.070265373788175722e+01 2.471910154329003717e+01 5.424833712273241737e+00 1.124723668280110545e+01 -2.756202910810420192e+01 -1.056703489460110923e+01 -8.967194828534964302e+00 1.282546168901094674e+01 -9.142897332125874854e+00 -1.670846843195049303e+01 1.113388425954675576e+00 1.680478695498603869e+01 -2.884881583435710795e+01 5.979549054887205450e+00 -1.224507123061220071e+01 -3.148624951620489387e+00 -1.441654579382487755e+00 -6.202288452960933007e+00 8.931486769984797291e+00 -3.491208946101111366e+01 -5.929712449329148427e+00 -2.003562782846688251e+01 1.197355352277817708e+01 2.092767198531043604e+01 -5.497372318964376170e+00
-1.356926736328703420e+01 -7.422446193061833952e+00 9.857761397789932545e+00 -1.144512901293203555e+01 2.131076509579349931e+01 6.946040324647184683e+00 -8.536047973344686568e+00 -2.271749121064335952e+01 -1.296057628787320226e+01 9.896426091560464045e-01 9.655602084594320900e+00 -9.700700857570261348e+00 -3.255940574703610224e+01 3.322195439294745256e+00 -4.134355911130369599e+00 1.419813891862929189e+01 -3.285572964511156613e+01 -2.582901519542121704e+01 -2.284926469636947743e+01 2.107992813592014159e+01 1.047536342469459569e+01 1.134095429858649418e+01 5.576299640061632701e+00 9.225470911777454930e+00 -2.878349445440223420e+01 -1.006134989680070424e+00 2.317026186424583400e+01 1.161887386366692709e+01 5.064699103740458064e+00 -1.925983583711872882e+01 2.733339548017702736e+00 -9.896474731242200562e+00 -1.468933783200581544e+01 3.126490119691851888e+01 -1.218438523207146318e+01 3.622459909236621201e+01 -3.911336887535546314e+00 7.904032018235748858e+00 3.679223002248581764e+01 -2.280518127204220136e+01 1.928283012987968559e-01 2.292586936783599327e+01 -1.623147973647722564e+00 2.588433832547467972e+01 1.684995746486090518e+00 -1.722739648108721866e+01 -2.522817076223020205e+00 -1.721514502638158461e+01 2.926050545787916590e+01 -5.396205335782801704e+00 -1.889959481722771528e+01 -1.708674555781006532e+01 1.134900352008465063e+01 -1.287198019019338879e+01 9.793328127056390997e+00 -3.068931421036766949e+01 -9.059807670131549528e+00 -7.429660699406570146e+00 -1.074008206881228489e+01 1.807746539864696800e+01 -6.950878542527415327e+00 -4.574311792492237849e+00 -5.332665732344894494e+00 -1.530406334223819265e+01 2.518739992028613273e+01 9.138499179419892204e-01 3.658927141714762143e+01 2.921774014858119717e+00 -1.456551090136852267e+01 2.171306091094939816e+01 -2.410063506636533504e+01 2.000659289625564341e+01 2.454015716430551919e+01 -9.986587604332818557e+00 8.951414974724547946e+00 1.062880520950525431e+00 1.772470581272447632e+01 9.221167633093360627e-02 1.554169357187787170e+01 -2.687232326059867304e+01 -1.286003613084354669e+01 1.776938944998439185e+00 5.323051137884045048e+00 -1.403349767814638760e+01 -3.015506113462235760e+01 6.064861092669600495e+00 2.158686145180730520e+01 -2.956635378746589993e+01 6.349717783345571576e+00 -7.192974784474972516e+00 6.886349213756785659e+00 7.617191002355801821e+00 -1.343139398431990550e+01 3.813542548497077078e+00 -3.858952583524519753e+01 -1.524449960156775807e+00 -1.112369934906264568e+01 1.424042670431455981e+01 2.209278351342638302e+01 6.941204067039374870e-01
-1.448565607600290939e+01 -3.223056409757484531e+00 4.262317857938070276e+00 4.887889455487834489e+00 1.731718879408675349e+01 4.947270477391978893e+00 1.117056357018494062e+01 -3.529950053002273336e+01 -1.905644480447383771e+01 1.223045717378584918e+00 1.360861338324113312e+01 5.938586581443372481e+00 -2.171313707090878964e+01 4.699773441596624579e+00 4.684430567092777442e-02 2.715189490457464316e+01 -2.709699187409881560e+01 -2.578959982206177770e+01 -2.487890335469517566e+01 1.311036765011816208e+01 1.130199385027130710e+01 1.627859629332704827e+01 4.074203439858116838e+00 6.436163600108112171e+00 -3.384833113504468827e+01 -3.827573502384264081e+00 2.732765678206508397e+01 -4.556220312751547041e+00 -7.483701254414717452e-01 -1.326593673368108028e+01 1.553886390430269060e+01 -1.001687502352858417e+01 -4.609714734903484157e+00 3.970357245248523270e+01 -1.536962274766228553e+01 2.013851385300985442e+01 5.817842000442404071e+00 -1.346666688584361005e+01 2.740473740441436945e+01 -2.080229738076736012e+01 -4.192479903530656138e+00 2.804732746218697059e+01 -3.719658594331261892e+00 9.867931948269831111e+00 9.838974343121032362e+00 -2.247338762367933285e+01 -2.094993540073008198e+00 -6.233402832957164463e+00 1.737264261005185517e+01 -3.446431609735885471e-01 -2.873908527468159591e+01 -2.981661063357163854e+01 1.101846520048098022e+00 -1.970954778973797161e+01 2.300798067811220449e+01 -9.723128106978403906e+00 -1.301510154907541761e+01 -1.510609760163240001e+00 -2.193731934869876099e+01 1.754246444067327459e+01 2.358532490192146280e+00 1.371658383438729523e+01 -6.253608266905347435e+00 -1.199105326781200453e+01 2.178483818436855302e+01 2.107388152459640729e+00 2.526757944673944678e+01 -1.424470974410213131e+01 -3.408146500323251171e+00 1.642044344895362684e+01 -6.107113087812492402e+00 2.091307473116990323e+01 1.007788901082558475e+01 -1.636211013073962306e+01 -1.025914236829408921e+01 1.327986419691932696e+01 2.566544439139944700e+01 1.196838482514971957e+01 1.755921540939816694e+01 -3.750077190719762399e+01 -5.776143666490449746e+00 -2.136221090166102954e+01 1.355507750380230902e+01 -9.228973738921045111e+00 -2.549131731309252658e+01 1.454065092056904973e+01 2.668584242027936071e+01 -2.978455988983397162e+01 1.223503671526252390e+01 -1.653819925058763829e+01 -1.976907867997180546e+00 -1.702039820829792882e+00 4.084343825256618210e+00 8.906883648083029570e+00 -3.312266828189730461e+01 -7.719622962426631041e+00 -2.774115762376034411e+01 7.254755257383303402e+00 2.272835299284593091e+01 -1.499833763367068151e+01
-1.516338613242292332e+01 -9.168983731595764297e+00 -9.338056707462653039e-01 -8.373608261670719699e-01 1.620152970364689082e+01 3.496199007794653646e-01 1.304979714367897614e+01 -2.686940144878438019e+01 -2.430409878709816240e+01 3.262058750562900067e-01 1.357687003289542638e+01 4.387180641097200073e+00 -3.047231308510107795e+01 1.091391485376085058e+01 -4.025067042106836190e+00 8.671181562164012036e+00 -2.000491194448970234e+01 -1.527114945921143629e+01 -3.715534496362718642e+01 1.352766977865455722e+01 1.384091019845761572e+01 8.060527104842005741e+00 -1.023618144452584566e+01 7.618686666779259653e+00 -2.400446236551314172e+01 -1.904573804217125188e+00 2.825362300396561110e+01 -2.343508064986761674e+00 7.601898469150457416e+00 -2.598007395108475848e+01 3.623294491359600134e+00 -9.105676517690776350e+00 -9.814669649931730078e+00 3.608436356222050279e+01 -6.279285370709574821e+00 1.027995820837225871e+01 -5.555410038803171524e+00 -1.343805087320244773e+01 2.143210161630286947e+01 -2.495628566851157260e+01 1.089764147358276147e-01 2.781143694816628198e+01 -8.834529350009692195e+00 6.777468686900179229e+00 3.862530573231061304e+00 -2.067552398879652387e+01 -3.873777776137677709e+00 -1.103924888209932398e+01 1.702562713293859176e+01 -5.618083329911842227e+00 -2.152006121384559023e+01 -2.793201262506258331e+01 1.107039865301519299e+01 -5.223450373974301009e+00 8.095465345344981856e+00 -3.252035943552880326e+01 -1.946219864627560980e+01 -6.296651553166760173e+00 -2.071342044312794073e+01 2.413104815116144053e+01 -7.617392441158354899e+00 1.369970971846748320e+01 5.509619158533912042e+00 -1.505945015662410036e+01 2.367665993727091944e+01 2.795560526856860406e+00 2.863168040382971924e+01 -1.848135985740439935e+01 -8.015721836026076019e+00 1.333770475219827212e+01 -1.200757527440855554e+01 2.527863512615950370e+01 2.851816456199831151e+01 -1.839474207363580405e+01 -5.031336644283699755e+00 5.396390423692102978e+00 2.304456492999906203e+01 1.495512405594374172e+01 1.562187905762229656e+00 -2.787926737206672811e+01 -5.113024621431730310e+00 -1.413074412546785652e+01 1.509151865997285036e+01 -3.347124707593368775e+00 -2.147451395154913101e+01 4.140063765296912557e+00 3.549720527833073902e+01 -2.506960573749888610e+01 6.952932137640654098e+00 -1.334747027301781408e+01 -3.528783263733167530e+00 7.997271907416686476e-01 1.520520222002339938e+00 -1.049056567968869258e+00 -3.738546838328929312e+01 -2.465643431685413223e+00 -1.086127833006508681e+01 1.100822631939607277e+01 1.185477161424299020e+01 -2.522922378597139925e+01
-1.421400362106825455e+01 -7.091746185152185689e+00 1.114247249752017943e+01 -7.143132856254913676e+00 1.879572774287120041e+01 9.094489969507043581e-01 1.148223594395006764e+01 -2.462441788831782929e+01 -8.543281320198676809e+00 -2.640426721630603879e+00 3.922786928265091788e+00 -2.990080421645515241e+00 -3.692741138663080136e+01 -1.079137181175194193e+00 -7.518856383213094574e+00 1.858587216590796487e+01 -2.450819887689789667e+01 -2.698164180745153118e+01 -1.729340841754416047e+01 1.883177906337485297e+01 1.475660639667498053e+01 7.736026708253386452e+00 1.303002436674342901e+00 -7.537291883313236573e-02 -2.315707924010987284e+01 -1.416397379359049680e+01 2.391998786380486663e+01 2.257420691236503796e+00 4.255826700172466559e+00 -1.522020191480156726e+01 4.118915080013058727e+00 -1.110973520467165088e+01 -1.169915122506071548e+01 4.254533876119880631e+01 -9.131748297254263846e+00 1.617313499040766445e+01 -1.456504793418183752e+01 -4.214197899971776629e+00 2.551553412743359672e+01 -2.496164817661555091e+01 -9.746351579018689648e+00 2.158084656453607053e+01 -7.338157775285864659e+00 2.046817453006649146e+01 5.991711040081367123e+00 -1.682399137067320538e+01 -5.056363652053759594e+00 -1.248819588551977589e+01 2.960426957077646648e+01 -1.228462248759998232e+01 -2.460125157060005563e+01 -2.336221486129975489e+01 1.544178245798744165e+01 -1.249582537189821352e+01 8.112333980817876267e+00 -3.661623815126095138e+01 -1.368879897371851229e+01 -7.064758314505018788e+00 -1.419768633666124202e+01 1.130278413468188603e+01 -9.716106744431003861e+00 3.027985739457974557e+00 -8.395968437635600523e+00 -1.181750094281137464e+01 2.797761167489324663e+01 5.654250815479953118e+00 3.493247100714009434e+01 -1.593140295151729369e+01 -1.214045706915758949e+01 2.122540399850496229e+01 -3.010853294879456143e+01 2.220482408102211735e+01 2.328967092769466518e+01 -1.535368644230541513e+01 1.262859695953828076e+00 2.801029625038724102e+00 1.991487330263092659e+01 9.106143514736396938e+00 9.350529817593109527e+00 -3.153263163419344295e+01 -7.204230971823943008e+00 -1.127164701402262104e+00 7.755397453613860570e+00 -1.472038906002295278e+01 -1.947034248407483403e+01 6.838165334859404254e+00 3.253861889771886240e+01 -2.986733519561025574e+01 1.898821027460390942e+00 -8.779619072094343224e+00 6.130155892705772658e+00 7.357211806012738720e+00 -8.414526618957847148e+00 -4.132836729610278148e+00 -3.707737116033249691e+01 -1.104596338995865779e+01 -4.813274952339573254e+00 1.375681490521822781e+01 1.361750785448354506e+01 -2.467938951238735257e+01
-1.404760973306765237e+01 -7.252734879749480612e+00 6.662181717697763794e+00 -7.006436993224212983e+00 1.927591124644814613e+01 8.624844050995189582e-01 8.921514224197032661e+00 -2.774971015290849152e+01 -1.960966510652518835e+01 2.200269585762071323e+00 1.572288067522051058e+01 1.137339841379870986e+00 -3.298790244546287198e+01 7.341995298151713811e+00 -5.131180518718067241e+00 1.430115966502742708e+01 -2.271710660278010607e+01 -2.091256247469660323e+01 -3.135426462814490378e+01 1.638238861472603247e+01 1.633222416278304934e+01 1.244401643093129373e+01 -3.862535827653074794e+00 7.430018392015494300e+00 -2.967095787293209597e+01 -4.006659543642037136e+00 3.103623672024235347e+01 -1.146514199917324728e+00 6.661207127502139613e+00 -2.521786670079591275e+01 4.840975820620882608e+00 -1.023997868295139213e+01 -1.017057181498170593e+01 4.080320168404340819e+01 -1.060880157814489522e+01 1.757838021645761728e+01 -6.445385980100479806e+00 -1.006184397521376717e+01 2.680976302588539539e+01 -2.803936183399645188e+01 -1.273383132045067478e+00 2.736605955083506814e+01 -8.177468064674995318e+00 1.397245050149845014e+01 3.587278293833384701e+00 -1.857788677329533655e+01 -7.288954559070900174e+00 -1.520153044131136610e+01 2.488427670146590387e+01 -9.166162883354902036e+00 -2.487779233368710763e+01 -2.665164164404713176e+01 9.904498122873835797e+00 -1.177703598009616748e+01 8.424261501004634667e+00 -3.671429645746759007e+01 -2.016888402908374545e+01 -4.253431829778757667e+00 -1.936681341108719323e+01 1.826720523603474433e+01 -6.115595452983820124e+00 9.223181698943122342e+00 1.094532704277054513e+00 -1.335224039360630499e+01 2.514477499347740164e+01 4.811178160523232883e+00 3.255022998532655976e+01 -1.430174613571350406e+01 -1.004987994576397092e+01 1.772031709050808956e+01 -1.919946675218333354e+01 2.392665667442717137e+01 2.571429922201394191e+01 -1.691609229758949340e+01 -4.545992998486391379e+00 4.440772301969467151e+00 2.502581823927101112e+01 9.063963396480597012e+00 7.016589265487477967e+00 -3.222536833883919627e+01 -7.156407933331404791e+00 -1.080857214922340859e+01 9.076232769243537390e+00 -8.503803181905542630e+00 -2.404637944198942634e+01 9.145106295922147410e+00 3.168936632943566423e+01 -2.936453339871872714e+01 2.653099536004290382e+00 -1.428647891338199827e+01 1.721375717432025221e+00 6.052832525608500269e+00 -4.254956567608994433e+00 -2.604407529931204168e-01 -3.963520443549769112e+01 -1.624090787059873087e+00 -1.257592904657794186e+01 1.337675610345313615e+01 1.605494981089558593e+01 -2.209285234459282066e+01
-2.026437233322232601e+01 -1.239031731998718300e+01 8.529296373970597145e+00 -6.713929719510460803e-01 1.942976619674103134e+01 -9.655833254137167199e-01 9.932543330678482718e+00 -2.921423785425507447e+01 -7.991881445524105843e+00 1.517950636205307680e+00 5.391374004668446851e+00 -7.280141321762582329e+00 -3.684975509428237217e+01 -3.472394905818111166e+00 -8.410720701108955311e+00 2.955514473659571806e+01 -3.954631528475287183e+01 -1.945995138241042710e+01 -1.593989074432052000e+01 1.580270808866498200e+01 5.554857399757225700e+00 7.223435796321782121e+00 2.594020419018268520e+00 5.311028146487388746e+00 -2.429279857455037472e+01 -9.062608954375985348e+00 2.513351189023629928e+01 8.104927843212090366e+00 7.158274857226831323e+00 -1.198576277551850922e+01 9.387030681516487007e+00 -1.055450426703026245e+01 -1.649686517386269102e+01 3.842279871620261389e+01 -1.662148643281549099e+01 2.115319155534886164e+01 -1.698254503248471659e-01 -1.365900561357620502e+00 3.365193766507071160e+01 -2.197265867069457812e+01 -1.003550641348668115e+01 1.845745919163123716e+01 5.121077189795599338e+00 1.393280669244225578e+01 9.726126888779841551e+00 -2.283539152299317720e+01 -1.381123063389696703e+00 -9.508819862777301068e+00 1.961026081105034535e+01 7.004292855503482240e-01 -2.407986084190048004e+01 -2.442877768715115749e+01 8.753427340247707633e+00 -1.729267726532050986e+01 1.723686303286046595e+01 -1.697454427963380397e+01 -8.011185236482511129e+00 -5.494198511043325794e+00 -1.021157712269658191e+01 1.870107873419595634e+01 -2.666935208342928298e+00 -2.359237052701291137e+00 -6.360641388863620627e+00 -1.573099515504774359e+01 2.482579756458700615e+01 7.672064773248040481e+00 2.708602393339403491e+01 -1.243987578211734224e+01 -7.746449935885814320e+00 2.084787150055990068e+01 -2.170929283196374726e+01 1.884038772384773708e+01 2.204269583456681048e+01 -1.446963388094952130e+01 5.034534730542729264e+00 1.141446367312888732e+01 1.687477704234376930e+01 1.775736715433605184e+01 1.954503326963666154e+01 -3.528890441482089102e+01 5.185679947211985663e+00 -9.088658058438541687e+00 3.464018973587168926e+00 -1.463394466050855058e+01 -3.097639854454515884e+01 1.611913082236846506e+01 3.428802955261449625e+01 -2.637839787715929774e+01 9.614316773451875520e+00 -1.470462065400226948e+01 2.032891501016012459e+00 3.865837057428464618e+00 -8.938759005574146155e-01 1.480799504322713345e+00 -3.316219417425693905e+01 -1.443914090279157847e+01 -2.206887858376142830e+01 1.445310974788034386e+01 1.399101121120213520e+01 -1.675399986065056623e+01
-1.576466445839323960e+01 -5.173414353562196588e+00 -2.686134324942754947e-01 2.509169386264281432e+00 2.113619128168538097e+01 4.959999683997077469e+00 4.961668978402842711e+00 -2.965174716914210862e+01 -1.611595120786334334e+01 -5.887166537678815814e+00 1.040648827925581443e+01 8.637121276213607146e+00 -2.579089831267681632e+01 -2.543867176137797781e+00 -6.699633590622079637e+00 8.454011692859351612e+00 -1.069951928672342412e+01 -3.121214111413101833e+01 -2.874028289696581950e+01 1.865120365239036815e+01 1.452889036938288392e+01 4.538365024881407805e+00 4.700186046406940044e-01 -4.404962191192981713e+00 -2.193051871532563268e+01 -1.315157016577942528e+01 2.104063874462858408e+01 -4.950656995100917612e+00 -2.280059193548634067e+00 -2.004326112812332639e+01 3.394665790905945446e+00 -2.352715557770572286e+00 -1.701408242250247227e+01 3.969806971655604855e+01 4.618844520006175181e+00 1.001210474521756844e+01 -1.194738521554406674e+01 -1.967204153813155898e+01 2.788955369482513547e+01 -2.464626130073792609e+01 5.748125431643140715e+00 2.936225144617422700e+01 -9.964920065437594232e+00 2.076780047031486376e+01 3.568334811184974420e+00 -1.968787738859878189e+01 -8.363026597790680583e+00 -1.620740762926014256e+01 2.416328131203505691e+01 -1.856585998754639633e+01 -1.782179711487710350e+01 -2.641396111534174551e+01 5.129135736209131657e+00 -1.245557321102807968e+01 1.052621509555759083e+01 -3.292479348299939090e+01 -2.151404633381829967e+01 -8.912583848781096663e+00 -3.374381229468990284e+01 2.153700470914111875e+01 -1.790083295370202165e+01 1.812532883557648589e+01 2.051722713510842677e+00 -1.016274374312573237e+01 2.828954181265479662e+01 2.899926493445849074e-01 2.865432524117330004e+01 -7.478510617257995818e+00 -2.088694222637567321e+01 1.354095667472735975e+01 -1.356678599349644898e+01 2.172146586141075630e+01 1.839167363675031908e+01 -1.962917363699052586e+01 -4.015411179919263773e+00 5.706033857236537443e+00 2.287482821812588085e+01 7.821755346630184569e+00 2.078198965011995636e+00 -2.891174052500781855e+01 -1.293204639589909632e+01 -5.056232447644184447e+00 1.481491898748408254e+01 -1.300488888504999352e+01 -1.259194041363606509e+01 -2.695041613218276844e+00 2.637864853847423774e+01 -3.263099634513808667e+01 -3.650301788841134876e+00 -1.064284999892146644e+01 -4.900030003930379685e+00 -7.947319310190705810e-01 -1.298302976833677747e+01 -3.261731548931702473e+00 -2.783916371558349923e+01 -7.770179010736640635e+00 -1.122025474814517487e+01 1.886087951660240947e+01 1.261949753511882300e+01 -2.555170165750617173e+01
-1.083249380719747457e+01 -3.384809273474954860e+00 8.733914687373900421e+00 -3.225387268015980968e+00 2.310313547248160404e+01 1.084919377894079418e+01 1.692609963134379170e+00 -3.250265989556460511e+01 -5.037376358269419541e+00 -5.409842829671705822e+00 5.603549217076937872e+00 2.575884202608929030e-01 -2.684500104017631372e+01 -8.314078972245617649e+00 -4.176090673071511716e+00 2.198118640120560841e+01 -2.186219489370183311e+01 -3.985688710737844787e+01 -1.459507543354126646e+01 2.092756199553398488e+01 1.046390035595042711e+01 1.352976391234897591e+01 1.334533157310568363e+01 -4.381955935884434439e+00 -2.301888275616217072e+01 -1.549051210730993766e+01 1.867587543322695254e+01 -4.891686447081404765e+00 -7.219341790167815631e+00 -8.554956915022035702e+00 9.031056645724815368e+00 -1.286924697776235682e+01 -1.224513885300118332e+01 4.388483388102251581e+01 -3.233830319500701655e+00 1.918898763095771898e+01 -6.274467851968308807e+00 -9.064125763306504879e+00 3.262658888175814553e+01 -3.011886119294294417e+01 -1.627690525793950016e-01 2.729727401934226805e+01 -7.909531186690590410e+00 3.148961758534174038e+01 7.166715993542045915e+00 -1.994934709249752203e+01 -6.233018001446875900e+00 -1.330667479097531292e+01 3.097032231479710518e+01 -1.304910018467162303e+01 -2.929370073946316566e+01 -2.627152717514145408e+01 -5.177807127164133494e-01 -2.684225314193737333e+01 1.920739225095108438e+01 -2.627878846144503910e+01 -1.467176150967259041e+01 -1.949709496102191464e+00 -2.206062998032430045e+01 1.244194956598404467e+01 -1.531664532993164052e+01 1.301774599970413604e+01 -1.168799580163663165e+01 -7.904496964738028097e+00 2.685262438080321346e+01 1.716244313969632174e+00 3.209340501525340272e+01 -6.210675724475658299e+00 -1.304562535617763075e+01 1.569051984778089981e+01 -2.328968491591935575e+01 2.074457829625146132e+01 1.032788071043466616e+01 -1.744829240202200182e+01 -6.128659678816436696e+00 6.998422384603419921e+00 2.433239361095544240e+01 3.133172343087705869e+00 1.533531457973661816e+01 -3.594091239041199515e+01 -1.519815018514388960e+01 -7.828351770906870399e+00 1.008059580945962530e+01 -2.369747165214597473e+01 -2.481281844037694384e+01 9.110218915310330345e+00 2.273558799029446220e+01 -3.985157972992961106e+01 2.157543899915828511e+00 -1.135251667636443074e+01 4.553974775722252843e+00 4.905299291777733828e+00 -1.345378371141060825e+01 -9.406068611284484904e-01 -2.643416991189913645e+01 -1.129115664534300834e+01 -1.870227553111345031e+01 1.614450336294060762e+01 2.305797159387670803e+01 -1.557754571791697806e+01
-1.336215928835577316e+01 -6.726576566811353963e+00 -3.298293364192503851e+00 6.016098417903178230e+00 1.717333683223525043e+01 3.658297809610767448e+00 1.288866224069040634e+01 -2.596732996286761619e+01 -1.559722492218993750e+01 -6.986774347171501809e+00 4.090603487792936477e+00 8.186032642716140728e+00 -2.199648822013532623e+01 -2.643537997400820849e+00 -3.946261919735565726e+00 7.819191814910182003e+00 -9.777462538772001110e+00 -2.990184632498017692e+01 -2.799796831479081405e+01 1.741406615349182729e+01 1.101753916429713342e+01 2.160565150514265564e+00 -2.487220435353226122e+00 -5.945410320224854495e+00 -1.803450357261685255e+01 -1.552451528409515369e+01 1.637030257572253333e+01 -7.139001070582133401e+00 -3.806214455133690944e+00 -1.706076816183136557e+01 4.988148223957812100e+00 -3.530822346767840791e+00 -1.467918171158604679e+01 3.825678809679128278e+01 5.776957575833979952e+00 3.125000192650940090e+00 -1.501201369650440931e+01 -1.773637400747094972e+01 2.337269049274591382e+01 -2.560825805453827542e+01 8.132793314604540580e-01 2.887466302367950988e+01 -1.265909307640646553e+01 1.579445611158129026e+01 4.733010065979901704e+00 -1.953434447390496587e+01 -6.719193076013127097e+00 -1.095977235879542455e+01 2.004238644594948582e+01 -1.701078456668955496e+01 -1.551151889237216075e+01 -2.805630022857371841e+01 8.632030307747648123e+00 -7.243326991996169362e+00 1.093442597755520218e+01 -3.070706401409738362e+01 -1.996799034319965571e+01 -8.539673634356242715e+00 -3.329196446656379038e+01 2.174947758425437527e+01 -1.933372092103347128e+01 1.849018154167602646e+01 -2.026583019061394542e-01 -9.593313837327031024e+00 2.833304698482647410e+01 -1.977329913374315185e+00 2.685512556347005386e+01 -1.409123122061765621e+01 -1.674073253201304112e+01 1.144612171164991565e+01 -1.441958684822716918e+01 2.367999924974981241e+01 1.796886441056610551e+01 -2.087303910525031725e+01 -5.702316923433460971e+00 4.716897287092811197e+00 2.179682813179659817e+01 1.037687156474843420e+01 -1.850398551573869899e+00 -2.485887820155507200e+01 -1.363643464253941495e+01 -8.708183761887738683e+00 1.859237443725368522e+01 -1.124392826359726172e+01 -9.013246122000923677e+00 -6.787976214704482203e+00 2.967634267350383581e+01 -2.989848220125474043e+01 -4.012833359133050060e-01 -1.104838301635565934e+01 -7.544844053693431363e+00 -1.229533425480426212e+00 -1.020276500508356676e+01 -5.499864633549564452e+00 -2.547118088144494408e+01 -1.441422295913320184e+01 -5.234886145887192477e+00 1.678596871599598472e+01 9.126338586870524239e+00 -3.262034252075449103e+01
-9.324887529847901035e+00 -1.050727998052863477e+01 6.036590131741688126e+00 -1.390915459145846889e+01 1.951373601341650854e+01 7.274951276767662733e-01 1.172089465523009366e+01 -2.027192337865962202e+01 -1.550022850831982524e+01 1.523761279187336948e+00 8.451204605068520337e+00 -6.305450816753159771e+00 -3.748991578500535837e+01 9.331762635674476059e+00 -1.432802681782427312e+00 1.341444690190608746e+01 -2.992380744302830209e+01 -2.185283329303684852e+01 -2.579871601708411077e+01 1.873928302514471866e+01 1.126126714249467398e+01 1.169539872807211189e+01 -4.616713788151471043e+00 7.755807233233482201e+00 -2.302609269743326337e+01 -3.774704524728339727e+00 2.808779983992383222e+01 4.395673390450293816e+00 9.058812812054021890e+00 -1.979523732937387592e+01 2.279619046271532667e+00 -1.721282009843137573e+01 -5.270206242982352407e+00 3.657018455740833929e+01 -1.317744591866382997e+01 1.974060967338574457e+01 -1.042319424049773247e+01 2.173354309999470768e+00 2.322214707048488336e+01 -2.974511312122966444e+01 -1.059478398230820417e+01 2.267901875693788938e+01 -9.871456218030655094e+00 1.581103088134659984e+01 3.963264219006116473e+00 -1.918174999713929196e+01 -2.598109687567814685e+00 -1.230776240263953980e+01 2.828723329662271269e+01 -4.250331569498954742e+00 -2.328477715967373030e+01 -2.356118178679390951e+01 1.660407133760277176e+01 -6.131840151226592539e+00 9.417718746252610629e+00 -3.903601735844375042e+01 -1.230987719817410664e+01 -6.191861528185166996e+00 -5.392279129421167383e+00 1.718293942081084680e+01 -6.732733754513923863e+00 -7.921527674026220822e-01 -3.777955058484236073e+00 -1.434698135418268627e+01 2.440882524204300807e+01 2.427500010524952234e+00 3.612886745962459401e+01 -1.778063524374157822e+01 -5.988837816447979634e+00 1.962145759523651378e+01 -2.665756657485870562e+01 2.199784459089250532e+01 3.151107636658322519e+01 -1.515270918028001468e+01 1.796264479678632675e+00 -2.189573750394261609e+00 1.712485936069775860e+01 8.137603919705572508e+00 7.804957436545708838e+00 -2.956187654836158885e+01 -6.417338123691357588e+00 -4.537357397410488602e+00 7.793193865474173698e+00 -9.168701982375626613e+00 -2.752182875514619198e+01 9.099381175526760401e+00 3.573556151312595119e+01 -2.769947570571887141e+01 9.208281144683837738e+00 -9.019240748788320161e+00 8.488193818869302021e+00 8.437648656108660106e+00 -4.620389580905481353e+00 -4.069783434472733497e+00 -4.315476443872093881e+01 -3.499601104768406579e+00 -4.251704571592224369e+00 1.010873625084956728e+01 1.362674478792700938e+01 -1.891330254140920886e+01
-1.001797078427313714e+01 -5.978779274052803849e+00 2.154622424495594935e+00 -2.108394137198761786e+00 1.692280442491898640e+01 3.315328785999326566e+00 5.742759994860354489e+00 -1.868822522144974840e+01 -1.381365718405628407e+01 1.916210991243455730e+00 5.882496895807111770e+00 -4.655884751198636984e+00 -2.089506303279700816e+01 5.178754916686666654e+00 -5.306191901100590011e-03 1.201967351705679121e+01 -2.551559629910181926e+01 -2.457594883915529849e+01 -2.896555067676199258e+01 1.654863313591665630e+01 6.344825781310161616e+00 7.046318370637714601e+00 2.396453790509938120e-01 3.981866770186923699e+00 -3.071222638206484135e+01 -7.038921236310396345e+00 2.416600076956938281e+01 2.917283159927911651e+00 2.439897088604254527e-01 -1.623412746652336835e+01 4.364196990432122725e+00 -3.135031936661796692e+00 -1.090949218119902930e+01 2.952710503469716485e+01 -1.012791616753493074e+01 2.277609920295130763e+01 -9.438429329292763015e+00 4.447437008758326371e+00 2.603645227499107406e+01 -2.598407001302650343e+01 -3.726736204809745878e+00 2.695166519318449616e+01 -6.336532946156521184e+00 1.208581107290769374e+01 4.345851422660420127e+00 -1.923235823030710989e+01 -3.848744698030474698e+00 -1.108123390436001010e+01 1.754185358692193830e+01 -7.268535219194767194e+00 -1.160637919074300051e+01 -2.137635442796968732e+01 1.471289698738769580e+01 -4.271835039993032268e+00 1.159521976311796720e+01 -2.692603651070939819e+01 -1.478368199985590792e+01 -1.025430538246811096e+01 -1.698446799199507851e+01 1.673253503473983272e+01 -7.392903753972537295e+00 -5.067880125409769398e-01 -3.615950864646890306e+00 -1.184953591312098808e+01 2.746190678627984028e+01 -5.318560935445622029e+00 2.954968421247282961e+01 -6.530902058866314697e+00 -1.229081689248605613e+01 1.803545231027933937e+01 -2.128138284478589526e+01 2.338850010878006813e+01 2.348354208137002530e+01 -1.233059969926035393e+01 2.932906697180067468e+00 -8.238119257165772702e-02 1.527941030016611279e+01 5.894179988361086586e+00 7.319930489940754903e+00 -2.057281098381638884e+01 -1.502151447980775600e+01 -7.207104458896575139e+00 1.519817899659144445e+01 -6.708134472525748571e+00 -1.719909138732725395e+01 -7.479688294392423664e-01 2.825465026261203505e+01 -2.676465218139390956e+01 4.287426602327766290e+00 -9.120943004465932091e+00 -2.970716730534874284e+00 4.250323597459112257e+00 -1.130392507272415692e+01 8.653358574687588511e-01 -3.557850178189249135e+01 -1.068655099629461702e+01 2.035657020738299128e+00 1.378227107714293176e+01 1.570097479021818465e+01 -1.527106447673675760e+01
-1.274667288428092959e+01 -1.164960410403692492e+01 -3.051386516118669068e+00 3.705247350066450007e+00 1.586585893476159903e+01 -3.813506396966468426e+00 1.697907027102013089e+01 -2.810472724589289228e+01 -2.594613151806420603e+01 2.321595912339176060e-01 1.141971167160087219e+01 7.221308798326235845e+00 -2.623354524522696352e+01 1.067037311004728828e+01 -2.437656829318253671e+00 7.101170168357336721e+00 -1.958313283050358322e+01 -1.258670289093414851e+01 -3.663365609541074264e+01 1.186054289490075675e+01 8.583348305573210268e+00 7.574209426181597316e+00 -1.058782421917675975e+01 8.590483975935264027e+00 -2.612546230770758982e+01 -7.270110219482113223e+00 3.080902491510989449e+01 -8.679700895014399009e+00 1.707958268111403388e+00 -2.161194911807878682e+01 2.475127449359084242e+00 -8.145701733956208557e+00 -6.733969090103912869e+00 3.494590025903787023e+01 -7.051874148685208787e+00 4.962800317121999427e+00 -5.654538717533879932e+00 -1.497546359522773152e+01 2.003908131009924176e+01 -2.582344718365325065e+01 -1.597563141075492021e+00 3.094447738026951100e+01 -7.383692234624074757e+00 7.466377539304072108e-01 6.664806020206072823e+00 -2.601776383392362391e+01 -8.712983514575097788e-01 -6.738255176562096160e+00 1.274484491967763944e+01 -4.884070110828121258e+00 -2.084375183513777330e+01 -3.205962905723015410e+01 1.035569910490401213e+01 -5.564252081928819926e+00 9.729946875083154367e+00 -2.543981332621289937e+01 -1.828327768416963295e+01 -8.479485480917778872e+00 -2.308352992911494184e+01 2.418920970902453504e+01 -5.934165025908231250e+00 1.614606788157527006e+01 7.415265707594761224e+00 -1.486041298394709820e+01 2.239812680764521602e+01 3.786760840374023385e+00 2.740516841336148346e+01 -2.509912609449976628e+01 -6.772632234040188770e+00 1.077634727709148166e+01 -8.258846664358310719e+00 2.874805645542861043e+01 2.492881509876184154e+01 -1.896293979031337784e+01 -8.676839370395807549e+00 9.698763027283568761e+00 2.143717458928787423e+01 2.030414550397939166e+01 -4.454661428159271130e-01 -2.666964997798782733e+01 -3.512458925254040132e+00 -1.860796925788151768e+01 1.694560863144063489e+01 -4.282657366918538600e+00 -1.802704346248432188e+01 1.963412230941553815e+00 3.663353280260168532e+01 -2.852821452511724587e+01 1.112338904183521038e+01 -1.397494861921332010e+01 -6.020281271272203583e+00 -1.521392322677062925e+00 1.034814071459087215e+00 8.319902894330738485e-01 -3.678470930680752105e+01 -6.923512529422561457e+00 -1.291433807299127778e+01 1.215348940665045774e+01 1.204477564297229897e+01 -2.754160610808376219e+01
-1.690089635183146299e+01 -5.228546546892451907e-01 1.033347274358807333e+01 -4.136773961000500321e+00 2.728210176794046404e+01 9.685035801922142085e+00 -3.783075749167835067e+00 -3.765173015408971224e+01 -9.245618403857807976e+00 -5.104836825561908320e+00 1.438763158139342124e+01 6.008277607205380733e+00 -3.255791251886066107e+01 -7.813453351844275474e+00 -8.591944347469301135e+00 2.240263915190342914e+01 -1.802423582794738621e+01 -4.062795709884668582e+01 -1.628694455604983204e+01 2.178626442737577307e+01 1.856779838097873636e+01 1.363578494412089626e+01 1.376494450767336808e+01 -3.910802349969287661e+00 -2.786215887249451484e+01 -1.377982589527254298e+01 2.546268007888682305e+01 -1.847957639650195993e+00 -2.875460467475132287e+00 -1.362852763697837410e+01 7.266981870645523145e+00 -7.834007262555169326e+00 -1.467930598514173290e+01 4.674552349594975453e+01 -3.464375640242024712e+00 2.401667737127153757e+01 -4.798582661657742499e+00 -1.922615726117518875e+01 3.603229955369940285e+01 -2.261109548392441226e+01 3.356407752190888605e+00 2.613923203577031984e+01 -5.204945743685057913e+00 3.374522552366059358e+01 5.843609021122735392e+00 -1.978588147076028037e+01 -8.468410173803098573e+00 -1.958922585853396470e+01 3.547001386199342932e+01 -1.733154266816423572e+01 -3.015328182697808046e+01 -2.488708239875474248e+01 -2.623308155866900915e+00 -2.882410646005255828e+01 1.738756803998857947e+01 -2.787991597315265579e+01 -1.619626789033647185e+01 -4.672799081641006325e+00 -2.759164572996839127e+01 1.390357774679485026e+01 -1.186668593500176705e+01 1.465772980374443257e+01 -5.567395749706726349e+00 -8.425091016084639506e+00 2.725363172289470626e+01 5.393058528862690437e+00 3.307493414724991254e+01 -4.465193723128781378e-01 -2.087832559641723762e+01 1.917811010106008851e+01 -1.630150029766482334e+01 1.589921589062819329e+01 9.531662595620005618e+00 -1.715082939412243590e+01 -3.401633481635259582e+00 9.185409242233854243e+00 2.530582218440705589e+01 1.946850844028759742e+00 1.750127970948722123e+01 -4.186717349448722558e+01 -1.060194350453742906e+01 -7.288221362339407650e-01 5.431919280943315442e+00 -2.220038614989013226e+01 -2.185534847400773018e+01 1.161977046064608565e+01 1.854524395833210093e+01 -3.994434651576267470e+01 -3.366570595030542901e+00 -1.068349629532575484e+01 6.183775024591506408e+00 1.856425832135046194e+00 -1.493284731913383290e+01 1.726148823577430047e+00 -3.044562707986834837e+01 -3.301326516149042156e+00 -2.751210117110960596e+01 1.823909212223274423e+01 2.236420963341893398e+01 -1.194435849384568371e+01
-1.890319614779711088e+01 -6.457971997520907337e+00 -4.803657260275799423e+00 1.085643692450705622e+01 1.648565725264694848e+01 5.372345979468009958e+00 4.944708937310474006e+00 -2.624735625832729724e+01 -1.981232472500423825e+01 -7.208172029702631711e+00 3.329762701933107749e+00 7.304616829605660833e+00 -2.178145736115584086e+01 4.093009593594058165e-02 -5.587307142929716086e+00 8.311097822304407412e-01 -9.135644231327948006e+00 -2.133324725872603622e+01 -3.214510968447468997e+01 1.649239256227747674e+01 1.133888039015905669e+01 -1.555214898182565031e-01 -3.801000556887316861e+00 -1.642029768506037879e+00 -1.805715775223022490e+01 -1.090649390652553308e+01 1.491836232560027931e+01 -3.031996359218797732e+00 -1.394423839122003628e+00 -1.954679337331365119e+01 1.377435971854445107e+00 1.280750651167005261e+00 -1.936875582348482894e+01 3.267805752940279973e+01 6.241348793296370268e+00 8.194466912048865126e+00 -1.190696378656509502e+01 -1.810832694634725470e+01 2.782279514365952977e+01 -1.836376128109119676e+01 6.612787058391824679e+00 2.718597357302014217e+01 -8.145026639265024571e+00 1.388282070084332531e+01 3.716834306805996579e+00 -2.010573177892839780e+01 -3.516208052774407733e+00 -1.179746174016443661e+01 1.441846565372061661e+01 -1.485816257675363339e+01 -1.375796641539064424e+01 -2.672493026722793630e+01 8.857873328792024381e+00 -4.850611944449255475e+00 6.392082578401977244e+00 -2.429630223673149914e+01 -1.771159971495769625e+01 -1.013038222592166804e+01 -3.485563957537225122e+01 2.801603723723605555e+01 -1.842852485813358854e+01 1.999367128862163057e+01 7.450204977672233220e+00 -1.218678401799338040e+01 2.645712910470193435e+01 -3.509599306074359659e-01 2.858144158448905259e+01 -9.592250930452026481e+00 -1.783391195703482524e+01 9.458260035613704986e+00 -7.893559551627743254e+00 2.490119728478689609e+01 1.575255495262934069e+01 -1.916504371769435622e+01 -1.826143829997104229e+00 8.568046030013055869e+00 2.399185347847452121e+01 1.028085248955132336e+01 -3.974055948482756229e+00 -2.160144716649909213e+01 -1.066275407894051064e+01 -7.539033969420322556e+00 1.983825532177723261e+01 -9.618195120257587050e+00 -7.145574952501963395e+00 -1.243499278526172347e+01 2.401957206090877861e+01 -2.657113403544243013e+01 1.902660941976579867e+00 -1.133076685247839066e+01 -9.915221038917087171e+00 -4.661350029567150166e+00 -8.458023065249046013e+00 -3.291325345609191544e+00 -2.656511601532468347e+01 -1.140585493535735395e+01 -1.046908497796209403e+01 1.671446738288275213e+01 9.294309607921846350e+00 -2.274471761838171702e+01
-1.445546908008346776e+01 -9.120119152275416141e+00 -4.836794124153283470e+00 7.162553634533486147e+00 1.628801039866286970e+01 -1.303964335845433364e+00 1.322498659851155622e+01 -3.030762912707383094e+01 -2.623325276925526595e+01 -1.843342530483365271e+00 1.231759661154463004e+01 1.084610838140226541e+01 -2.326840205915607029e+01 7.848211062024163631e+00 -3.080197158698634308e+00 5.285779421908399556e+00 -1.418755472977756682e+01 -1.593179042837671311e+01 -3.764997034075189219e+01 1.229936190633253013e+01 9.645916373681648892e+00 6.344872220703714483e+00 -8.544777996757417782e+00 5.761541618226491579e+00 -2.511514572982843418e+01 -8.265267282271988591e+00 2.839603598013368924e+01 -9.772501797922725331e+00 -8.277962313677964534e-01 -2.187171558013983841e+01 2.810937374581047976e+00 -4.884442131023626565e+00 -9.693917084448072430e+00 3.478450941079147185e+01 -2.064279769443690515e+00 4.434811190394540859e+00 -5.685112511841015959e+00 -2.083480460509185761e+01 2.180067661354512865e+01 -2.354745260149033115e+01 2.903951803141548105e+00 3.231283851377151706e+01 -7.473150982536751918e+00 3.519949316229141090e+00 5.941403112189749258e+00 -2.609456491715884141e+01 -1.988259012797032099e+00 -8.064777029144133635e+00 1.214936124253261340e+01 -7.964137928907147668e+00 -1.959737739312063098e+01 -3.217860835341396353e+01 7.015668738266591653e+00 -6.946720969825143754e+00 1.001911341201452643e+01 -2.364772736981981893e+01 -1.972467001398496578e+01 -8.664932157941960256e+00 -2.962052758021615873e+01 2.578609374532865317e+01 -9.161071659530634292e+00 2.056691435669569046e+01 9.109352007066428669e+00 -1.341829560615867400e+01 2.327088907319672728e+01 2.412130138872496055e+00 2.589785050943730482e+01 -2.052544170867722073e+01 -1.043535873362143107e+01 8.913906174511021518e+00 -3.585581937967896149e+00 2.779617627406956970e+01 2.158994612885139475e+01 -2.019802616191823574e+01 -9.449051077576651636e+00 1.090378180066731950e+01 2.276373613364787474e+01 1.880466684590325599e+01 -1.732937746133198287e+00 -2.654088631189406655e+01 -5.765680429510765315e+00 -1.803217779721756386e+01 1.866928271765118552e+01 -4.988536285153044147e+00 -1.457909920877159138e+01 -1.262689924748748416e+00 3.240712857740589214e+01 -2.947668216697475785e+01 8.474978747005941671e+00 -1.393298125922063413e+01 -8.927757050622799895e+00 -3.901183609702131072e+00 -1.451647995818655223e+00 1.253936446526291659e+00 -3.304702816167124979e+01 -6.618307519177115239e+00 -1.505719391593293643e+01 1.426579528083559900e+01 1.233186929094408590e+01 -2.659726565121580322e+01
