-1.807573552835372510e+01 -9.198058306534466766e+00 1.226380659404584783e+01 2.202786677715060204e+00 1.883706671894899998e+01 1.341559219845586792e+00 -2.789664525845764853e+00 -3.091988667892373854e+01 -1.486766641816512369e+01 3.668892495824389588e+00 1.664911704172923379e+01 -4.952515567608353209e+00 -2.124214881623306184e+01 -1.124333932886989906e+00 -5.069335708566409693e+00 3.093432782849236418e+01 -4.198217016504290200e+01 -2.353019644223174822e+01 -2.086009260515890062e+01 1.481791935429421869e+01 6.401446175332615063e+00 9.844973753898541347e+00 7.483818004784071221e+00 1.011909465997378099e+01 -4.331181159757674948e+01 5.723090430315758148e-01 2.476473005180382359e+01 7.901484321369015795e+00 7.875364821595016718e-01 -1.644185171262739331e+01 1.553505855399691704e+01 8.682225376657326521e-01 -1.951644871952480642e+01 3.266831949772259236e+01 -1.998745115084830815e+01 3.703807390211313333e+01 7.461251703484521158e+00 8.307551306157108684e+00 4.094974080106400294e+01 -2.067954875019622563e+01 3.307025897474989762e+00 2.785972087836274014e+01 6.522280869441491546e+00 1.369061945849863093e+01 6.268205419499439657e+00 -1.704050075455207391e+01 -6.156533920043865571e+00 -1.489251064027580185e+01 1.910664478415096923e+01 -1.381979424493008812e+00 -1.232912813788643369e+01 -1.899153154864091064e+01 6.723357524546385022e+00 -1.935499646290918463e+01 2.024992009668736870e+01 -1.210393635042119698e+01 -1.509325230951982988e+01 -9.129638784984150490e+00 -2.360226763645442105e+01 1.628111313125394588e+01 4.423617234974857482e+00 -2.547232492421269257e+00 -1.239430687261986641e+01 -1.932813953488527403e+01 2.422247280205664310e+01 -1.195743780102774378e+00 2.437516583423714778e+01 5.298212219957172842e+00 -1.608196455476303655e+01 2.701836226606366864e+01 -2.023307545836516042e+01 2.123198702177221620e+01 1.683383726057456542e+01 -5.726595944292124152e+00 4.259307451058175431e+00 9.704906022243116936e+00 1.913871694218416053e+01 8.598580225929692844e+00 2.654440243519261244e+01 -3.024072917895988155e+01 -1.016384295969411689e+01 -9.336656823945494565e+00 7.958605169242431110e+00 -8.410405511733761941e+00 -3.242570226686255808e+01 1.351414217965940345e+01 2.741341405477077586e+01 -2.680692945803940574e+01 3.352098977927901124e+00 -1.089273224933964102e+01 -4.541088864210642839e+00 3.446937003576418412e+00 -7.932219705256059683e+00 1.704018724413230501e+01 -3.157112282302353989e+01 -1.041836077513836756e+01 -1.770747048068612273e+01 1.233690191210822995e+01 2.589276446299417955e+01 -4.979712815664187886e+00
-1.244908233718863677e+01 -1.221335726547011902e+01 2.391728571424108996e+00 -6.973786517655512718e+00 1.794554140597511349e+01 -3.931348329629135718e-01 1.139957413965361610e+01 -1.973427665358017435e+01 -1.811939958520736127e+01 -1.638988683919906153e+00 1.289726528944858508e+00 -3.515841792359031270e+00 -3.782156779039030425e+01 6.711914776895597790e+00 -4.695708148396399828e+00 5.524178769265172484e+00 -2.396134582283165670e+01 -1.437638650778399985e+01 -2.687004697559155986e+01 1.642632708521536955e+01 1.176529839227032248e+01 5.018675203060648293e+00 -8.813528554380118507e+00 5.470763838226543996e+00 -1.671907661049336369e+01 -6.013010570181837267e+00 2.279211163090950265e+01 2.922060344443912605e+00 7.337476517701084333e+00 -2.286696342089469525e+01 -4.309425540192269644e+00 -1.230437648442515375e+01 -1.206058341238987275e+01 3.298693338331493408e+01 -8.048094738121875480e+00 1.210743806425366564e+01 -1.466534538312164493e+01 -5.480536957762652150e+00 2.433734579319865432e+01 -2.799386775202482269e+01 -6.907612471580123703e+00 2.081579793417668967e+01 -1.115967116510324963e+01 1.365722638118644028e+01 2.543014057160218666e+00 -2.151049020597190875e+01 3.736460007317216614e-01 -8.948365489600755396e+00 2.467314027054506553e+01 -6.269021810058300836e+00 -2.217101260683950770e+01 -2.511667407476116765e+01 1.721716937399247271e+01 -3.232110853297593511e+00 2.199852203968000186e+00 -4.299382020862157106e+01 -1.429782563680652352e+01 -6.402297616819295989e+00 -1.330707746016566340e+01 1.875576522662749213e+01 -1.375956968582298323e+01 8.496015933478917148e+00 -8.857766705036209665e-01 -1.533695257915025500e+01 2.333565878360640866e+01 4.607179534156736089e+00 3.523062574671970992e+01 -2.032818012155832932e+01 -9.682887016667709901e+00 1.704741639766333350e+01 -2.375493999267198220e+01 2.550381333390051353e+01 2.861074814520887344e+01 -1.604183456926587326e+01 1.467350950776197482e+00 1.450842146527752535e-02 1.759897890410238475e+01 1.440506821399565318e+01 -9.974187426325153982e-02 -2.345523786746158734e+01 -3.417106597348158026e+00 -6.302936653309596515e+00 9.918511079217823934e+00 -1.096894973622038805e+01 -2.092039931616663750e+01 5.430785912884532607e-01 3.336090082199296347e+01 -2.658227404135094218e+01 1.024390324513388428e+01 -1.011868506940127688e+01 3.555297725235917028e+00 5.477576397043099732e+00 -2.833610307771753600e+00 -7.066199775397951299e+00 -3.639830702947075025e+01 -7.647800911650146638e+00 -1.849349404826754695e+00 1.456284753665960885e+01 7.515116343195845872e+00 -2.355601216461293035e+01
-1.237772173109710572e+01 -3.070556814190205319e+00 8.875350452163910830e+00 -7.746305126666490182e+00 2.808157500566013809e+01 1.030523070800347440e+01 -6.960049945987242914e+00 -2.499703263552005339e+01 -6.027102136191185622e+00 -1.060494399078659944e+00 4.009081530168767671e+00 -5.509891060546860508e+00 -3.077739018540726335e+01 -6.424094937710396191e-01 -5.429537084901881805e+00 1.149358238421332423e+01 -2.220163251607175425e+01 -3.375533328264678090e+01 -1.810198945190416353e+01 2.378459726493582238e+01 1.249032195012777002e+01 1.279251558465892558e+01 1.331682572269622433e+01 -5.633788134242708745e-01 -2.921386283835360231e+01 -1.594122263248160287e+01 2.674711641778466031e+01 2.435817609450852128e+00 -2.340231488403157201e+00 -8.929424407263628183e+00 -1.997935692544432706e+00 -6.692270775402481497e+00 -1.022919663603075158e+01 3.753742205376936170e+01 -7.643301974482259453e+00 2.875009817771870502e+01 -1.021327437625371992e+01 7.841467002463500258e-01 3.288201726488529886e+01 -2.475752168959626687e+01 -8.303449190234443167e-01 2.274522056544979520e+01 -4.475193429076639973e+00 3.094274180542435104e+01 6.204301600982542908e+00 -2.043223847540671656e+01 -3.561188530150062537e+00 -1.854966861936179967e+01 3.001714671762971065e+01 -1.513810206204153452e+01 -2.543205448257396739e+01 -2.143836787842679570e+01 6.833632960888310848e+00 -1.909417969435708073e+01 1.260725342559456408e+01 -2.712103156250026004e+01 -9.006115151619988879e+00 -9.901224218002679933e+00 -1.233978628670793753e+01 1.418544832601870631e+01 -1.117477254709643830e+01 6.867519660026146777e-01 -5.391547344225072758e-01 -8.189892607990284290e+00 2.852187197786266637e+01 2.875916774206689119e+00 4.068946185915724101e+01 -2.398449304188790432e+00 -1.797981412198213391e+01 1.754578260530395184e+01 -2.404480173858578596e+01 1.800959448817472008e+01 1.302814828410163805e+01 -1.405544669800893942e+01 4.895353193348356058e+00 5.889119585924976974e+00 1.996401996247585231e+01 -3.514867378810001775e+00 1.226595812517582118e+01 -3.208794078773964742e+01 -1.322925202081933804e+01 5.936258972826907510e+00 8.134643853705108896e+00 -2.292205505076708150e+01 -1.863966136899933801e+01 2.214809729747468925e+00 1.813104539725081210e+01 -3.909351389741186722e+01 -5.424809818966597197e-01 -8.711883652293334279e+00 9.004487539848863520e+00 3.609199615518266402e+00 -1.947103283808458229e+01 -4.076678915456458441e+00 -3.952150732488480145e+01 -5.395661173941408428e+00 -1.558785359172465590e+01 1.655619003599690942e+01 2.205148892558763407e+01 -1.638901071915825680e+00
-1.676029038487548561e+01 -8.193842902993525357e+00 1.139969143466934298e+01 1.913327403801574400e+00 2.249834450043755041e+01 1.849974395184548426e+00 -4.810348558153997089e+00 -3.391706630455283289e+01 -1.375629737533683361e+01 2.133508254360230172e+00 1.635185861108058702e+01 -1.551584546676266108e+00 -2.212214479475930773e+01 -2.898347313605079023e+00 -6.282978190508237581e+00 2.736663325819171533e+01 -3.653290298495339528e+01 -2.707680450351511681e+01 -1.996059091133475150e+01 1.652211653765105481e+01 6.823351993067249488e+00 1.086418571839797309e+01 1.066585327675480066e+01 7.756360440424462155e+00 -4.252267064845892719e+01 -6.015436318135471083e+00 2.760865571726179368e+01 2.756975765480247809e+00 -3.807724110387126881e+00 -1.382427339439712810e+01 1.172756375510861204e+01 4.497042610465959434e-01 -1.782026101569099552e+01 3.531040705782385913e+01 -1.636220042529276597e+01 3.376102519345508313e+01 5.346685568209766259e+00 2.444682401276276007e+00 4.091188699109882521e+01 -2.175894709174600550e+01 4.871719532994472246e+00 2.986104712683380313e+01 6.188137008369747782e+00 1.755115734890961932e+01 7.332434382516724192e+00 -2.035214012219126900e+01 -5.349428790006117929e+00 -1.582626004018268162e+01 2.158539238929122206e+01 -5.672597389107085775e+00 -1.579040664401527572e+01 -2.168697461209824695e+01 3.264542818373015187e+00 -2.377480833081216005e+01 2.026242152712150357e+01 -1.244368422194035340e+01 -1.502253279010543174e+01 -1.009863573819758642e+01 -2.537238734494821912e+01 1.572501534237656706e+01 1.350869073541419940e+00 1.370783680742608590e+00 -8.455430898838487863e+00 -1.671635490131355439e+01 2.458563802217702943e+01 1.553666062181800811e+00 2.671623228077790912e+01 3.597866802108979467e+00 -1.877788520614976875e+01 2.403011258987842425e+01 -1.795476913183368239e+01 2.182110306914557540e+01 1.384985372820343130e+01 -8.201289587290808925e+00 1.788819161295843951e+00 1.262688135592272864e+01 1.953974275579046349e+01 8.014080963978386762e+00 2.468301844713371196e+01 -3.255451418194455471e+01 -1.024238043949655896e+01 -7.813058804170959881e+00 7.484218599551466511e+00 -1.392334929776006014e+01 -2.926054571471410526e+01 1.256753632137470511e+01 2.457334045483225538e+01 -3.349108517075219282e+01 2.544616920586578068e+00 -1.072529801977415964e+01 -2.820796916171746105e+00 2.332650313319832858e+00 -1.214199187377712441e+01 1.502265561692843576e+01 -3.159676782290277330e+01 -9.039042871686230995e+00 -2.247934748953900908e+01 1.569686496147237875e+01 2.704745107334487741e+01 -4.238064151781618882e+00
-1.016469733886218663e+01 -1.846206700299713788e+01 3.051480304561295043e+00 7.822113532246450784e-01 1.956710665455767639e+01 -1.189047437182553901e+00 6.934667765109265858e+00 -2.108192711052328150e+01 -1.339494569991361850e+01 -3.454127826277217372e-01 -3.942569561071178175e+00 -1.197763402248580711e+01 -2.696324787149556457e+01 3.738031174770415799e+00 -5.575153148650231483e-01 1.641605355896727403e+01 -4.276593901458301161e+01 -1.514022124596163899e+01 -1.587965219268992811e+01 1.723789927953178847e+01 -3.419995431554296417e+00 5.753105835422392289e+00 2.513289460975415501e+00 1.084296489179234513e+01 -2.802408776692115566e+01 -8.474574036832260404e+00 2.015957102508006216e+01 4.555329794388508269e+00 1.158226337199805105e-02 -4.136620881327486288e+00 2.828118074663824366e+00 -9.063741704205899197e+00 -8.118787412326856412e+00 2.419862657825327190e+01 -1.890345294106970542e+01 2.517718717986304355e+01 -1.835932571260156632e+00 1.849358260608596893e+01 3.218009918650570000e+01 -2.326147593765358579e+01 -1.029522552014652526e+01 2.121173292332259663e+01 2.119628623221707642e+00 1.013419583712237504e+01 8.982631945619941050e+00 -2.499345243761001711e+01 7.408952086414764437e+00 -5.440586993863148813e+00 1.674819595026349361e+01 3.770713950720400387e+00 -1.416921205091574620e+01 -2.195464014165432332e+01 1.668045678586504721e+01 -8.776649983980814085e+00 1.682419860827673830e+01 -1.057706020315697870e+01 -7.369647470864061356e-01 -1.376518302943803285e+01 -7.457437302780819621e+00 2.017864141643333298e+01 -1.846830763287505173e+00 -5.734927963853061250e+00 -6.709703554649354196e+00 -1.974737557987244685e+01 2.060578517407842369e+01 9.437835727844917644e-01 3.339761800566046190e+01 -1.468336391685127573e+01 -9.030781950241928868e+00 2.042475169645244648e+01 -2.385413385161258404e+01 2.513224273288056310e+01 1.753427415664024380e+01 -7.089754566211528441e+00 8.606545343198867215e+00 8.134455006684078171e+00 1.082213031392550739e+01 1.280091452678684938e+01 1.490856580348642879e+01 -2.258107932916989569e+01 -3.081512010960267389e+00 -3.986227115716352909e+00 1.002147750052181330e+01 -1.348567912924694667e+01 -2.697838095768790367e+01 1.746406241594510078e+00 3.111741377100381456e+01 -2.884269102396377349e+01 1.798437426411467044e+01 -6.717436828961203865e+00 2.996177236234489616e+00 1.076813573581307359e+00 -6.478641427971925104e+00 5.407492071440918480e+00 -3.656934635184430959e+01 -1.794176945557974179e+01 -1.267824811921805939e+01 9.204796723508890111e+00 1.731776334381031646e+01 -5.222104696162426229e+00
-1.356780186804729915e+01 -6.113965672404651386e+00 2.485516535359928891e+00 -1.975947148616215454e+00 2.191952431227723608e+01 1.169722523339837617e+00 1.104958774113969966e+01 -3.182747177994178500e+01 -1.828329500305051170e+01 -3.665031409452647271e+00 1.309783752493147801e+01 1.011628922162499045e+01 -3.136706464868031219e+01 1.068394414091731637e+00 -7.014549338389967303e+00 1.061771864695460188e+01 -1.152502919885899679e+01 -2.816063436896437366e+01 -2.876971745218672893e+01 1.734365515253589152e+01 1.705383616998856766e+01 9.183917909206037677e+00 -1.900752362676031204e+00 -1.315675955663748509e+00 -2.425350082726390966e+01 -1.450394062621599289e+01 2.932415417505069755e+01 -9.271032343531789621e+00 -6.953243606062812221e-01 -2.106858254241376471e+01 2.056081337819981147e+00 -8.062386346979643292e+00 -1.052947189672400441e+01 4.470560760493162178e+01 -4.543641883175915663e-01 6.383245970896477495e+00 -1.181041497492104142e+01 -2.341737603645286470e+01 2.413979443381581902e+01 -2.779922112345995089e+01 9.460338230354654598e-01 2.972924842543988788e+01 -1.148708368749444908e+01 1.769373757176575523e+01 5.027000714555533101e+00 -2.220377972946952383e+01 -7.581622032205527439e+00 -1.448922867629324429e+01 2.710069619750369085e+01 -1.739786089825783222e+01 -2.600652879581353005e+01 -3.023123935870956203e+01 5.164546273948848132e+00 -1.494979347161626393e+01 9.738490576685476796e+00 -3.732456545876998888e+01 -2.203699532806991357e+01 -6.682901778793215897e+00 -2.924484602445069470e+01 1.791614957593349189e+01 -1.382140778429386607e+01 1.990638095210185554e+01 2.825899247390291080e+00 -9.857020433543867810e+00 2.666348808658478120e+01 5.474195781427177110e+00 3.098409567317730051e+01 -1.723379251159169456e+01 -1.627826884422416143e+01 1.385824290818961479e+01 -1.445764902420718556e+01 2.337480691398421584e+01 1.990667623766228900e+01 -2.096123446664148204e+01 -9.024997824190581497e+00 7.051674700133353291e+00 2.438680250558747531e+01 1.171981210162942766e+01 2.155830746065117598e+00 -3.380084431288469204e+01 -8.436985294369558019e+00 -8.746774441566660840e+00 1.177496358017011957e+01 -1.346701404858750983e+01 -1.506631643427156497e+01 4.097625384140203053e+00 3.026156661122329439e+01 -3.574016225076843511e+01 -7.824177701319213751e-01 -1.261984058633451511e+01 -1.974514892660726995e-01 1.173464857779975334e+00 -8.897815544610146787e+00 -3.850401793055010735e+00 -3.343180306502960519e+01 -5.037138261361948643e+00 -1.485316085151149146e+01 1.751104749673022098e+01 1.304564007422921890e+01 -3.005373034022827383e+01
-1.232269915514082470e+01 -1.897329950006439603e+01 9.459811945758076490e+00 -5.976219908978531947e+00 1.968422098921982766e+01 -8.919331782755493876e+00 1.458175768352548118e+01 -2.831234382047472309e+01 -1.570225414208070447e+01 3.052341143581281724e+00 9.810844874926628378e+00 -5.326685748595988201e+00 -3.703278109983693156e+01 4.688276310219635867e+00 -5.959204471833003502e+00 2.220320666329460835e+01 -4.106496183435310598e+01 -1.319305871361453697e+01 -2.068823673830837606e+01 1.436997047813693662e+01 3.412763040704721806e+00 9.131537184505061688e+00 -3.819722168202328572e+00 1.251128449991312408e+01 -3.047399599513999746e+01 -9.498975326274695874e+00 3.295217552520959714e+01 -3.520487410307884812e-02 3.819220699969802624e+00 -1.509373625435077493e+01 4.603758398648708727e+00 -1.319270555061381245e+01 -9.525038263921029369e+00 3.698623902002274377e+01 -1.950175903361663288e+01 1.665290772618648063e+01 -2.818913430386609686e+00 4.234653047830784445e+00 2.854525553427601992e+01 -2.936894764669489888e+01 -1.004002419529769696e+01 2.607026944410813485e+01 1.843822555976752930e+00 6.887699348624888529e+00 9.164772949060404628e+00 -2.532827316600292988e+01 4.344470385144369104e-03 -8.437519656146170277e+00 2.165710103811797538e+01 4.342480150038367515e-01 -2.231122595145529530e+01 -2.715046833223070877e+01 1.391531241973146216e+01 -1.425103574816123064e+01 1.336370837272572309e+01 -2.554894569609935928e+01 -1.166849295845518419e+01 -9.438571335556732222e+00 -8.965180338552503514e+00 1.626093536195836364e+01 5.785919871794096281e-01 -1.990985715913583309e+00 -5.387008264436068394e+00 -1.950627782161920365e+01 2.239280604457111323e+01 8.815669894733439094e+00 3.057474836361531345e+01 -2.255178154902757015e+01 -7.042732851919791592e+00 2.146295967590059917e+01 -2.640382985622198575e+01 2.708065222714296638e+01 2.937382669618403597e+01 -1.264325789654987453e+01 7.071274079764988674e-01 9.591806517582078584e+00 1.469689275711719212e+01 2.172700815344056835e+01 1.524965638015345348e+01 -3.166599320794642125e+01 1.858767412710252254e+00 -1.057342336172478525e+01 4.848243641054311937e+00 -1.225120734220151242e+01 -3.293347700010318846e+01 1.576831473948171869e+01 4.223157148470384215e+01 -3.134593359215076092e+01 1.292281254627359388e+01 -1.084675487488881984e+01 3.697175979176555938e+00 6.903277503455788278e+00 -2.258427101754024502e+00 5.461936167348723892e+00 -3.976496849705625181e+01 -1.126307153042481524e+01 -1.482143875395616917e+01 1.316123170017534605e+01 1.675322167545812491e+01 -1.999201596364747502e+01
-1.710315972290263176e+01 -3.674473578929250639e+00 2.330075109005256717e+00 2.853861383061181201e+00 1.479379918399882854e+01 3.698231095274074232e+00 9.128652738371595632e+00 -3.150294769601094558e+01 -2.648105693579918452e+01 -3.618161852044506910e-01 1.320383621018371301e+01 8.311752769433081056e+00 -2.669899126500050102e+01 1.095260887079820478e+01 -1.577980736992300015e+00 1.324960091901514225e+01 -1.729621963844796539e+01 -1.813858187188576210e+01 -3.299079547393498757e+01 1.276084228322035408e+01 1.692423042798303712e+01 1.319706083721477974e+01 -5.601209502706546495e+00 8.969918282747789462e+00 -2.835710798399779264e+01 -1.776137675921196646e+00 2.826782280915903200e+01 -2.103061001084473247e+00 3.582350994069617656e+00 -2.216578737880182004e+01 7.753370816075483063e+00 -9.079183626408765306e+00 -5.810826854174285572e+00 3.780607677946544243e+01 -8.895865784099877160e+00 1.617253580855695105e+01 -1.024678335552948072e+00 -1.983647672631748549e+01 2.455484675260709437e+01 -1.552606046703886555e+01 -2.126505681582143481e+00 2.692811797724838030e+01 -7.166479178306034648e+00 7.779733585380333771e+00 6.163986266487883725e+00 -2.125701901264989147e+01 -1.937287228397748695e+00 -7.567418323743616781e+00 1.753891097412273226e+01 -4.770843879915183550e+00 -2.826324279660648386e+01 -2.869486452287385347e+01 6.241360459812894668e+00 -8.635000821308828733e+00 1.150218629846544083e+01 -2.061184769303095266e+01 -1.297091493179003763e+01 -2.877842656166557322e+00 -2.272029937190020021e+01 2.281667609521081630e+01 -1.766535401619427237e+00 1.582878454753204522e+01 2.556994973602956911e+00 -1.320769983531549663e+01 2.267102848778045043e+01 3.822430640532543222e+00 2.984282458419049533e+01 -1.686029810525296924e+01 -4.364801364320485710e+00 1.342094329862618629e+01 -2.642248624788675837e+00 2.234787673699130295e+01 1.638967196607559274e+01 -1.832069304852650404e+01 -7.370181105598553550e+00 1.041302051824849251e+01 2.691816018924301446e+01 1.195245115458935814e+01 6.725149191855690489e+00 -3.201566369480831753e+01 -6.563551624940734186e+00 -1.534691187520586908e+01 1.456009613012873594e+01 -5.761897955957031137e+00 -1.843328931445315533e+01 5.610755343883005786e+00 2.512149942702489369e+01 -2.609899964991882015e+01 1.179088463353089189e+01 -1.434374592649571944e+01 -1.234663950834638202e+00 -2.462863476706150578e+00 4.614529585628589281e+00 5.684693384093139734e+00 -3.805732449025292397e+01 -1.580521950542683740e+00 -2.309646810589176269e+01 7.507276285336886623e+00 1.727315627232755446e+01 -1.520258655898154565e+01
-1.441039965571808423e+01 -6.557592368654515447e+00 -2.377512048141082524e+00 3.406405450974337779e+00 1.393627358229843338e+01 4.293287190449792234e+00 1.353095517226032385e+01 -2.427454881134170606e+01 -2.193285498491795948e+01 -2.434332919703038556e+00 6.827102410231327134e+00 3.793814315765059231e+00 -2.318268767241058370e+01 1.132590090931214277e+01 -1.398641380412577462e+00 6.247412970148572775e+00 -1.823170717004466113e+01 -1.781009200913478097e+01 -3.570332263886885471e+01 1.370869434929477215e+01 1.264702711954575598e+01 6.298567718015889660e+00 -9.410828033220512978e+00 3.954515780295759786e+00 -2.239892147046016291e+01 -3.063986266566579797e+00 2.137669418439980973e+01 -2.233009982096549884e+00 3.502179804665499052e+00 -2.215690501714662375e+01 4.933066710147276268e+00 -6.702382495235014837e+00 -8.867475460207526083e+00 3.533035077435907567e+01 -4.117881440711752106e+00 1.120948180544547057e+01 -7.141470692574973356e+00 -9.967483632455355291e+00 1.987199546760812652e+01 -2.248636222917289018e+01 3.449549543218907721e-01 2.769894931303914021e+01 -1.123767847382553065e+01 6.224000508909207419e+00 5.356289705681498425e+00 -1.811263944195489728e+01 -3.364811598375045509e+00 -8.260466187234682067e+00 1.511452753812104710e+01 -7.402917846854569106e+00 -1.931634146582309697e+01 -2.610822134540813266e+01 1.191911525418509576e+01 -2.810695307298108681e+00 9.591553491484784644e+00 -2.718040101044021739e+01 -1.826621042323588995e+01 -7.148246552649466956e+00 -2.183254893814352471e+01 2.468181090365754571e+01 -8.397671011862755108e+00 1.523327322955328889e+01 9.481385751894695346e-01 -1.396952037146794190e+01 2.406435108991012584e+01 5.883851356149183420e-02 2.886928664667171418e+01 -1.765368110700743998e+01 -5.532426048231712024e+00 1.321768018009404422e+01 -1.362405143744846647e+01 2.581572978551583475e+01 2.267901481960545951e+01 -1.693140382790702247e+01 -5.397159647468105170e+00 4.546831111295571048e+00 2.429771606982455978e+01 1.114883874086153170e+01 1.013887075655424796e+00 -2.415365125407888058e+01 -1.089933029209365678e+01 -1.467534512213202014e+01 2.061815654337497605e+01 -4.717734670931572616e+00 -1.655628875159165503e+01 -1.768179220926072492e+00 3.260596795274138771e+01 -2.324311555234457316e+01 8.274995868798825427e+00 -1.170638349969408942e+01 -4.245538152749023908e+00 -1.416892547223599363e+00 1.863591950543548759e+00 -1.600025536536005655e+00 -3.427505429498752676e+01 -5.959310922181320080e+00 -6.472411688485434134e+00 7.526639334151578709e+00 1.276752436214214548e+01 -2.363716024540249450e+01
-1.261963491853063601e+01 -1.338108465943832037e+00 4.886323748235215092e+00 -1.155000040159336550e+01 2.505412257514493035e+01 8.469284488842461656e+00 3.418000898780977903e-01 -2.955813331848628067e+01 -1.688046287566138304e+01 -2.504850541755392346e+00 1.365108757309296728e+01 5.073905577950732493e+00 -3.735857083749584717e+01 5.437892289354032904e+00 -5.536525408693473871e+00 7.840613682721432554e+00 -1.274039832671431505e+01 -3.145750286062338930e+01 -2.822551755186175981e+01 2.081514161774438421e+01 2.141554697827992015e+01 1.474558606975243613e+01 2.443238404042825440e+00 1.363332568482389595e+00 -2.275079612866105805e+01 -8.602622506204768982e+00 3.059116145083020655e+01 -1.797792312567401574e+00 3.717826156381078384e+00 -2.199442834959348758e+01 -1.919698853714644660e+00 -1.376523041677790893e+01 -6.939410812720782751e+00 4.253882226432133251e+01 -2.744015750252825736e+00 1.866994742684901709e+01 -1.057224498844829519e+01 -1.942478776509947380e+01 2.582115584815340981e+01 -2.525760681533230567e+01 5.494046987045589914e-01 2.547945283139652162e+01 -1.258062244706173161e+01 2.761181698588901767e+01 2.595995465781705480e+00 -2.084123098471390989e+01 -5.116277992738504032e+00 -1.738937047271437564e+01 3.417631835745413582e+01 -1.502986480473461484e+01 -3.216752286305619180e+01 -2.582618423644875705e+01 4.691061136200700865e+00 -1.617492572213831536e+01 8.023821441085086548e+00 -4.166691771734820549e+01 -1.604863965848441509e+01 -4.296161188420422938e+00 -1.798221709752386843e+01 1.685033967224832807e+01 -1.328215987765889672e+01 1.461646120187857179e+01 3.407633074326803957e+00 -8.387819505354730865e+00 2.596985421208414380e+01 5.607768668248077404e+00 3.819715923487795095e+01 -1.007997671743682488e+01 -1.476814805474483627e+01 1.471275816021101690e+01 -1.470043403456126008e+01 1.880440266667794091e+01 2.110865228021308582e+01 -1.964394843933352774e+01 -3.846517044465488588e+00 2.688421768397504241e+00 2.411790978577720068e+01 2.567328946701775472e+00 5.422472748626587347e+00 -3.577127538872251478e+01 -1.035038583422937997e+01 -1.500599199977668219e+00 8.163174603253919415e+00 -1.607188276480662736e+01 -1.996230472423254554e+01 6.646958118217810352e+00 2.218650942217383104e+01 -3.654551493276848362e+01 2.107369098778685945e+00 -1.021953156754174152e+01 9.166133917632770078e+00 3.218085649992267872e+00 -1.020445503446169866e+01 -5.382630876334594916e+00 -3.980810573202048630e+01 4.964726808094425792e+00 -1.738657356254121211e+01 1.546498664522145106e+01 1.741935752857943953e+01 -1.397592291813264964e+01
-1.767487010740277142e+01 -1.134117892005494710e+01 1.075714347468641208e+01 4.586011523482416585e+00 2.066570956643765200e+01 -2.013521813081354139e+00 -1.574835371958769770e+00 -3.563889113989883839e+01 -1.719097202744529795e+01 1.659990916966459285e+00 1.577015112055231860e+01 3.551600174711869867e-02 -2.398603437139626138e+01 -2.612343604782704887e+00 -6.196438224321549448e+00 2.675804213018789923e+01 -3.784990642638150860e+01 -2.097920190337379864e+01 -1.950097700970870562e+01 1.452670322618580201e+01 4.472276594300454988e+00 1.030319658927205140e+01 7.755920510945414570e+00 1.134056434144270042e+01 -4.099721380537796733e+01 -6.478803738733286188e+00 2.877318006482904522e+01 9.845855639030044459e-01 -3.767459471743605626e+00 -1.331282028352638314e+01 1.118350434737641486e+01 -1.527643554241181034e+00 -1.704322102237513548e+01 3.418365486032372758e+01 -1.757555572127181520e+01 2.993758290921261889e+01 6.601679559384407092e+00 -1.231204979747486661e+00 4.106464098510252825e+01 -1.985067094672424304e+01 2.431766374361954863e+00 2.977516452613077647e+01 8.316556103207840778e+00 1.268464031142611681e+01 8.605509603332228252e+00 -2.411493792409712356e+01 -1.972877141386995659e+00 -1.197720758652271655e+01 1.903410711477469164e+01 -2.275172386454304974e+00 -1.764167144482085448e+01 -2.481600843897362907e+01 3.581790203224862079e+00 -2.304097167454650119e+01 1.900708181058121227e+01 -8.283788133821962774e+00 -1.246702359032345342e+01 -9.846624078139971203e+00 -2.575207867812045848e+01 1.769334295112564703e+01 3.389990589810449872e+00 3.715557421275512695e+00 -5.987753257587429268e+00 -1.850538716769279901e+01 2.247054620058459307e+01 4.526120309290212695e+00 2.618680814856537253e+01 -2.473608203033035302e+00 -1.606197602300868255e+01 2.212369479386476456e+01 -1.343591593421437835e+01 2.397896446728033126e+01 1.338713380595609515e+01 -9.074969155627563566e+00 3.919346266213591390e-01 1.614484564303096548e+01 1.936776789600844850e+01 1.460333559471423470e+01 2.330558322384134584e+01 -3.278579371874946702e+01 -4.944319841634306378e+00 -1.108976589198388041e+01 6.423566150044759837e+00 -1.296605882102618246e+01 -2.937502338439614391e+01 1.258131366726508382e+01 2.591043673939681113e+01 -3.313260377290578163e+01 8.290108675921915804e+00 -1.166535508859100112e+01 -3.372093394670024225e+00 9.610332490866312360e-01 -8.696301284786606800e+00 1.713764467502574362e+01 -3.201927098102056846e+01 -1.081500941413990269e+01 -2.734065354779924206e+01 1.574337337368847045e+01 2.560052491129279062e+01 -5.632176573679775089e+00
-1.572004393929534061e+01 -4.976527297291149843e+00 -8.445756086116135819e+00 1.772819572134447696e+01 1.891121140096957376e+01 6.342585817116509261e+00 4.549491060614892501e-01 -2.728053836550716227e+01 -1.919419914717902031e+01 -7.030182408698725460e+00 1.335787931256376515e+00 1.032022877960982932e+01 -1.081735361597449518e+01 -1.349644899970557255e+00 -1.353363130206751475e+00 -6.034698809582892398e-01 -7.965902394840745693e+00 -2.579195695551941725e+01 -3.025859057056715784e+01 1.669283718296066610e+01 3.354889957090234187e+00 1.766673824853156827e+00 3.615504158936252210e+00 -2.401876368618790725e+00 -2.447580945440300582e+01 -1.863818303561477663e+01 1.817891237355577516e+01 -8.502723218152802076e+00 -1.270192749587834768e+01 -8.710683305489006045e+00 6.005450268825487381e-01 5.916576340683504576e+00 -1.411221598146159550e+01 2.818822323957539311e+01 6.655081237097274283e+00 9.938589643033422405e+00 -8.949600826942745613e+00 -1.711590832826363950e+01 2.862469719772500554e+01 -1.546040807716940613e+01 6.948619971706192722e+00 3.110189696275765314e+01 -3.483059157244317916e+00 1.217393331311658500e+01 8.105632348995134961e+00 -2.755523363808332604e+01 9.583822972465638745e-01 -8.147554171391991673e+00 8.608726312361007160e+00 -1.466286464341692586e+01 -1.110709792072467472e+01 -2.870872188905388356e+01 4.118264295287128007e+00 -7.293628246737409171e+00 1.375200353710403789e+01 -6.032155326764600645e+00 -1.145211525855308210e+01 -1.540035614000425035e+01 -3.648764920425033864e+01 2.841572046748447988e+01 -1.496035115304018781e+01 1.867016448401947670e+01 1.092768552233160761e+01 -9.316168404971239880e+00 2.675517376081768006e+01 -3.457102178012659177e+00 2.718591278430109526e+01 -7.420052141505107279e+00 -1.959219779227420588e+01 5.087142349498014582e+00 2.022847688599804350e+00 2.428043024827861274e+01 5.961848563406181079e+00 -1.869160564037265004e+01 -2.762845095351377900e+00 1.456530678538806534e+01 1.941877642989269148e+01 9.395638493373995814e+00 -1.752544204293362995e+00 -2.044407012287639347e+01 -1.403967363367733512e+01 -7.754158882263976871e+00 2.361629452307699495e+01 -1.251000594887291584e+01 -1.038775038069047696e+00 -1.698522711496573478e+01 1.746129352227529807e+01 -3.348191957527124174e+01 5.644180833045214563e+00 -9.909361364096353597e+00 -1.234506440113599091e+01 -1.101517235124980232e+01 -1.505817561684386163e+01 1.542147952806018685e+00 -2.648993138208799181e+01 -1.562726990293516849e+01 -1.685462202240034202e+01 1.751816331403303550e+01 1.434159464190053335e+01 -1.274453134119356257e+01
-1.553909392599966033e+01 -1.424010944229491571e+01 1.074529792402088724e+01 -5.625198644548377480e+00 1.921882579645328448e+01 3.841978060924674310e+00 -4.993111332641022138e+00 -1.832211654215193875e+01 -8.774205452282346940e+00 3.186686393939424988e+00 1.729293869094314484e+00 -1.977941250165005016e+01 -2.904011201140735920e+01 9.180398129132130158e-01 -2.876593201999848137e+00 2.503446094706163549e+01 -5.062630860020970403e+01 -2.094154821955135759e+01 -1.401386011603579540e+01 2.034028459820758883e+01 1.551856561773358179e+00 7.054621800142765409e+00 7.553891832244820748e+00 1.209497613829836382e+01 -3.279777504273899780e+01 8.218097783171730564e-01 1.607012565198746046e+01 1.945857968220276035e+01 6.923246317326436028e+00 -1.101072440806992425e+01 8.995989900315862542e+00 -6.581414470951315820e+00 -1.752280564582036959e+01 2.500738600616419660e+01 -2.233977115275813929e+01 4.322937745866704518e+01 1.576992239191172596e+00 2.768507714592292857e+01 4.210377654277840520e+01 -1.963004331537273117e+01 -7.075885363925785931e+00 1.739224310510724081e+01 6.496091055949820614e+00 1.948765532118263621e+01 5.381364171108571348e+00 -1.495775066532928044e+01 1.354885369885942215e+00 -1.301177612597698285e+01 2.269604562616351018e+01 3.955291360988771210e+00 -9.762322326564426334e+00 -1.311602797450388636e+01 1.741929650122603590e+01 -1.042762012756512036e+01 1.627631752184690228e+01 -1.390036726113592103e+01 -1.124052993631800001e+00 -1.070394237105899116e+01 -5.225500076385664272e+00 1.931466840451712841e+01 1.303470292700612765e+00 -1.780380000486506020e+01 -1.295476943387364166e+01 -2.098426151861507094e+01 2.381751286553449987e+01 -1.231686677980440514e+00 3.343285322022626360e+01 4.382241463156726802e+00 -1.232782789981775728e+01 2.781883834315036808e+01 -3.019738893694945858e+01 1.899242487268223911e+01 2.154525013484406060e+01 -3.403349399760532190e+00 1.781123197285313609e+01 3.593585857019621521e+00 1.253561709309466998e+01 2.073931279259008775e+00 2.528584932762340287e+01 -2.344077342609310932e+01 -7.983493757968397553e+00 2.316354542247744952e+00 3.806020200583267066e+00 -1.302657682550454510e+01 -3.470497477510580353e+01 7.305282081042866693e+00 2.576176595590289864e+01 -2.234087878725535958e+01 1.130519984906693409e+01 -7.070505372360309515e+00 4.813168840486770073e+00 7.122299933672365135e+00 -9.844508673263872467e+00 8.938239301611750065e+00 -3.679444031634901080e+01 -1.326878248070980781e+01 -1.115936569627089447e+01 9.785563388421302022e+00 2.136343807233931003e+01 5.068494491354806009e+00
-1.460033118486374093e+01 -7.300896395260650706e+00 -1.721015572255953696e+00 2.261518037633776679e+00 1.912351393331085703e+01 7.525148501470144691e-01 1.111903882584642034e+01 -2.946646069773742127e+01 -2.143778024470679355e+01 -4.250591973406216972e+00 1.157284157231948996e+01 1.059896710976833667e+01 -2.780130387482704535e+01 2.721642359961200963e+00 -5.998741910222188167e+00 5.652329155008398054e+00 -9.917332353084562513e+00 -2.389707410407596555e+01 -3.322486011722658361e+01 1.595263517354413807e+01 1.467018716127578237e+01 5.567624832255761547e+00 -5.671188521199058918e+00 -2.782625229355501495e-01 -2.212460533457056400e+01 -1.220771185980096263e+01 2.606914734163820313e+01 -8.400144133093823129e+00 -3.926354251212902380e-01 -2.286130927153801196e+01 1.382217224139025813e+00 -5.077397470894045028e+00 -1.277396441208923683e+01 3.975897212434828276e+01 2.324518796762920836e+00 4.322927943758037017e+00 -1.207034844737270163e+01 -2.291994662239844160e+01 2.328947390443411436e+01 -2.564354267532567277e+01 3.151171104861712369e+00 3.037661906769540821e+01 -1.116229276805118431e+01 1.324870271220341955e+01 4.036196397424314242e+00 -2.234803954435125561e+01 -6.231879176338511961e+00 -1.296223588614253330e+01 2.126480100634452697e+01 -1.587585181320458894e+01 -2.053534933925023509e+01 -2.992054427589162557e+01 7.237776151692017379e+00 -9.082239976634172152e+00 7.781383115767903647e+00 -3.480714485980513473e+01 -2.211106443620343853e+01 -8.290844793854146744e+00 -3.182282058225701249e+01 2.230211258210726655e+01 -1.526305682524338536e+01 2.074686837919562521e+01 6.063056804458091698e+00 -1.123936381166994813e+01 2.633320823401770383e+01 2.866523475466351556e+00 2.883676883985446793e+01 -1.670095806169921460e+01 -1.633689625412041835e+01 1.148272405960149278e+01 -1.066213889737592879e+01 2.499227946420284852e+01 2.171854780363098669e+01 -2.101487786398506685e+01 -7.688657174194709398e+00 6.832981955170422061e+00 2.341567946030352232e+01 1.348671991947724358e+01 -2.124325791520432993e+00 -2.845564415492479426e+01 -8.993662364716385582e+00 -1.018680202714867633e+01 1.550171098216464571e+01 -9.497043329248825216e+00 -1.234306392071254344e+01 -1.822799551013942976e+00 3.068718658594231030e+01 -3.187171785613256247e+01 7.117658315204765662e-01 -1.223283999594130655e+01 -5.128817899970509409e+00 -1.000234374590074582e+00 -7.680589649304505606e+00 -3.519713454376593553e+00 -3.168073251508873867e+01 -6.329839102616799273e+00 -1.128261092769231055e+01 1.730913967736891834e+01 1.054614691718480834e+01 -3.043284210938837120e+01
-1.700203875264881148e+01 -3.979478735790146438e+00 -2.219067250718688711e-01 1.362378743393493785e+01 1.866703406097881057e+01 8.416799231207127363e+00 -4.577003590827584567e+00 -3.188162151113099441e+01 -1.519164464324213348e+01 -2.850661110428168499e+00 3.550154263339607041e+00 6.100137236485834613e+00 -1.498395412374267188e+01 -5.598651134092706982e+00 -3.793523668478548494e+00 1.583304895709835058e+01 -1.896529823995491881e+01 -2.678610745902082968e+01 -2.424773694973737648e+01 1.391263938108211917e+01 4.637645483537392366e+00 5.892091396316700980e+00 8.438781919482615024e+00 -1.594000630095269710e-01 -2.679748265578374955e+01 -1.198429849711158823e+01 1.806553575872997541e+01 -1.932988850647910040e+00 -1.117790055581406783e+01 -1.166473339853399338e+01 6.035872447171903410e+00 2.466812333466748886e+00 -1.881047209130761999e+01 2.891312138807088061e+01 -1.407214914249659721e+00 1.752276230414247493e+01 -1.929192360074425683e-01 -1.411208561456076005e+01 3.416782293800298476e+01 -1.735804991957981258e+01 6.842615121930873734e+00 2.843726366422651353e+01 9.874423361010589151e-01 1.709451811862108173e+01 6.928091584618891297e+00 -2.631054211900074691e+01 3.367351987926002210e-01 -6.149823253185250138e+00 1.064095727624511412e+01 -5.937570031161405026e+00 -1.825482391403826909e+01 -2.629200760441508322e+01 -1.310149887223094778e+00 -1.691646123724994055e+01 1.727451662551709788e+01 -9.809014955259286239e+00 -1.099719531421940921e+01 -6.744340185339944505e+00 -3.036641762673482248e+01 1.955968941039709463e+01 -1.230842860641505609e+01 1.317691589474541836e+01 -2.744759925689908009e+00 -1.056445385986634911e+01 2.601123598422235261e+01 -2.765974787214755093e+00 2.267681341427105224e+01 -5.207639453379040440e-01 -1.720703398837941833e+01 1.044260436114296198e+01 -2.074900455611634609e+00 2.124309718100189315e+01 8.291991368018631903e+00 -1.696625007477410207e+01 -1.696884594268983415e+00 1.500848246812813791e+01 1.862493240019002272e+01 1.263513318824349518e+01 1.040194010922417078e+01 -2.490868079851757599e+01 -1.213827248332764164e+01 -1.263034069398629988e+01 1.770725476090757056e+01 -1.587262081337638087e+01 -1.707274035828218217e+01 -1.531864266259729046e+00 1.776794692820663357e+01 -3.322613176371599764e+01 7.690552214026872946e+00 -1.326012907551271347e+01 -1.185878831653000098e+01 -5.918022617445880762e+00 -8.471956155425646173e+00 6.968281579163464912e+00 -2.093668250217964655e+01 -1.515190143841176074e+01 -2.043197418212911742e+01 1.886973263570929049e+01 2.027263095377405833e+01 -6.385471554664457372e+00
-1.458622125284948545e+01 -1.230049500921201222e+01 -5.175899429347150082e+00 1.199762888108856274e+01 1.630014277299932246e+01 -1.690591713927536377e+00 5.562986597228800179e+00 -2.639534054715234035e+01 -2.366167751440848477e+01 -2.339102226871904833e+00 6.758254732357275252e+00 5.308437949070862416e+00 -1.605194264251035108e+01 3.732544711722900033e+00 -1.289285643481048904e+00 6.573329500840945805e+00 -2.351805286663666550e+01 -1.603561583160914950e+01 -3.157248095630163931e+01 1.311074535255346163e+01 6.988130682542346150e-01 1.478045480132153200e+00 -3.592830224634400160e+00 6.822170114955125264e+00 -2.860978097975227641e+01 -7.809042513581879952e+00 2.141813889784055647e+01 -3.357368036098020259e+00 -5.569630318842953010e+00 -1.549507332192624531e+01 3.606089610713444138e+00 1.993553077381045480e+00 -1.507501647831393754e+01 2.482007281891951678e+01 -4.632414524077269391e+00 1.400229944079434219e+01 -3.367935314013007719e+00 -6.449099236628495824e+00 2.921962535212562884e+01 -1.953326996094437362e+01 3.818470880225535158e+00 3.129440172831253975e+01 -6.268028782393327836e-01 3.590932140404617723e+00 6.472721631328107073e+00 -2.659908246636496187e+01 2.002724669393883161e+00 -6.616232298360158026e+00 8.381707317767011389e+00 -4.327356611562244382e+00 -7.709970237016533723e+00 -2.708531474189229016e+01 9.631174312008939253e+00 -5.125079862167257083e+00 1.336948564788121452e+01 -1.138680318442754036e+01 -1.371430876968743107e+01 -1.436333677328998348e+01 -3.027274581438462420e+01 2.680634141739447784e+01 -7.224310907746149368e+00 1.142159145405275744e+01 4.168898107279332521e+00 -1.685250133989567090e+01 2.274688641521052901e+01 -2.694540472314125967e+00 2.404339974211839603e+01 -1.052990573922599538e+01 -1.555573256945217153e+01 1.253802341695499578e+01 -4.769946094390220104e+00 2.727324473393096582e+01 1.795975921004509601e+01 -1.393984547164386889e+01 -7.380579219334005847e-01 1.140889274412807097e+01 1.551230893879914241e+01 1.745268268805719458e+01 3.764569460329626693e+00 -1.947374204779845286e+01 -8.381045801137203100e+00 -1.307275895261496679e+01 1.919626420666187272e+01 -5.900119163154883495e+00 -1.487174763918235953e+01 -6.789402906524202308e+00 2.865489250922674103e+01 -2.763743894643417320e+01 1.130287381980935812e+01 -9.573837570629541105e+00 -1.243362586470276909e+01 -5.777410836002156991e+00 -7.191386813871873507e+00 7.584409466698669888e+00 -2.878391478397728775e+01 -1.374259694117018427e+01 -1.171821164061253029e+01 1.534488778345977700e+01 1.450469990141369969e+01 -1.532688409496142334e+01
-2.155868493710953970e+01 7.926344167390008133e-01 1.867404609670358795e+01 -2.530763739139969992e+00 1.913930432716808383e+01 1.785768504557797698e+01 -1.629843335394159709e+01 -3.347706932351315601e+01 -5.804918820023011072e+00 -3.427943117063315892e+00 9.889765946877304259e+00 -1.054892593021533820e+01 -2.788663066673747437e+01 -1.429804963721401556e+01 -4.275777605169677642e+00 4.244186433850967433e+01 -3.894423296129710366e+01 -4.126290584513145632e+01 -4.190552330483319210e+00 2.189806309592468025e+01 1.451299220141379998e+01 1.512045981678090989e+01 2.256986977264968530e+01 3.857869747407722372e+00 -3.242186699550452289e+01 5.273632876482962750e+00 7.036104229371099805e+00 1.994941537864475833e+01 4.433028904592609010e+00 -1.065201842389921971e+01 2.341832734845067421e+01 -7.414810626276677752e+00 -2.425496046333296007e+01 3.470981458952061161e+01 -1.682525597020194397e+01 5.249078230667295486e+01 8.933115088137954629e+00 4.948208429360509086e+00 5.367011791380404162e+01 -1.239811523409190208e+01 -5.596416018975298723e-01 1.582060618682171871e+01 3.475259283418539624e+00 4.021868834953178862e+01 1.786764821833738415e+00 -9.544471912518867285e+00 -6.003987966313093061e+00 -1.795918494033068669e+01 3.438348973198086611e+01 -1.620602643437508039e+00 -2.219148945729559230e+01 -1.253733659489138930e+01 1.031671419525626909e+00 -2.818836476842763616e+01 2.375492751791713530e+01 -1.262901410662262336e+01 -4.477562422048478652e+00 2.903056709406270475e+00 -2.333135087162644439e+01 1.267842236517233623e+01 -4.705146921870814403e+00 -1.558772715679874743e+00 -2.529477721564489556e+01 -1.489859862335758045e+01 2.443919167048138519e+01 -4.248888277459291984e+00 2.973141964849572005e+01 2.258029308555224901e+01 -1.735992325504849987e+01 3.038745089445281522e+01 -2.081069414840144205e+01 1.020254788116919364e+01 2.376003034866185359e+00 -5.869060340770380080e+00 1.006436832174421703e+01 4.290476268949710459e+00 2.444623211411267860e+01 -7.920125975768069537e+00 3.594075738651697094e+01 -3.695853157962632451e+01 -1.396316241540447933e+01 5.177211492380209279e-01 -1.395423479020106716e-02 -1.703038961802807805e+01 -3.616798500910508807e+01 1.607799376571672312e+01 6.707342607131509205e+00 -2.561272889844045508e+01 3.002310494031602772e+00 -9.513056718764321573e+00 5.575392763339192648e+00 6.802334705207880639e+00 -9.910346580384340243e+00 1.601127648475202392e+01 -2.380478928895447766e+01 -1.015839004406857882e+01 -2.893762170165243930e+01 1.074204083508790397e+01 2.855857628495390799e+01 8.948229391551171474e+00
-1.236019587012772192e+01 -5.462193165935544492e+00 2.780446712355944427e+00 -4.071582410121314055e+00 1.860809967735748316e+01 6.669711988068773856e-01 1.048907026909516738e+01 -2.377205587505421036e+01 -2.326496860967344915e+01 1.622636737952521280e+00 1.383620005368724470e+01 4.282261973463653781e+00 -2.769451614466634481e+01 9.205997462862494984e+00 -1.666575325311136169e+00 1.151791378520453968e+01 -1.873996735418065995e+01 -2.249239706196744137e+01 -3.189369781256433001e+01 1.593829387762673733e+01 1.654399941392458473e+01 1.183817153894816165e+01 -4.621632176356996524e+00 5.647374530413980409e+00 -3.231292477742505298e+01 -4.366015453520922129e+00 3.080735163994841486e+01 -1.618114344825804851e+00 5.144163046274337070e+00 -2.290670401767656372e+01 4.144184965907231621e+00 -6.657723806401648403e+00 -6.675280366443022473e+00 3.656058634545904340e+01 -1.054068117876825461e+01 1.696235913950050644e+01 -9.174507412550990892e+00 -1.091562664223350509e+01 2.356739894743373398e+01 -2.498924099385208208e+01 -3.832331356790367849e+00 2.636744259088089137e+01 -1.119796594790666866e+01 1.071230361095694761e+01 3.480646036765253193e+00 -1.934527664484667397e+01 -5.332576239264716023e+00 -1.303181794549075789e+01 2.317237683068553622e+01 -1.049698802500771322e+01 -2.047829066069889947e+01 -2.637977753111192669e+01 1.246731315724199440e+01 -5.520071996344324994e+00 9.539589244389940603e+00 -3.329532616970993075e+01 -1.833791162784417494e+01 -7.137379715109505973e+00 -2.300388811047283966e+01 1.783828568056066644e+01 -4.864421466542295569e+00 1.060426297498637105e+01 1.901745790081552423e+00 -1.226598764261726515e+01 2.463641621504185153e+01 2.830373710249706881e-02 3.185805333546447571e+01 -1.463716491455755353e+01 -1.211413631882900077e+01 1.821333206701772767e+01 -1.344053517348076809e+01 2.200321744359092335e+01 2.104644958017429701e+01 -1.606600953558665879e+01 -5.031323482770396538e+00 2.340962466568014655e+00 2.198568749089996643e+01 7.463415049305944571e+00 3.642561719011813803e+00 -2.886657352580922264e+01 -9.382030186491657986e+00 -9.350045438524801966e+00 1.239648203739285748e+01 -4.163695857149306789e+00 -1.593609708261590363e+01 2.883217629600638876e+00 2.886647142221642071e+01 -2.784951640885924107e+01 3.110069973317784786e+00 -1.225580492351740780e+01 -2.224518234654959126e-01 1.905551922931670861e+00 -5.067300650216364666e+00 -1.169343374097623345e-01 -4.082231997176133831e+01 -3.964443915690508469e+00 -8.514817417179264325e+00 1.120637618258828638e+01 1.315457738808688859e+01 -2.334576000848055344e+01
-1.994498576010370172e+01 -4.891966989107908503e+00 4.751853513803208529e+00 6.764764088499151562e+00 1.782244939202275802e+01 5.563975573551064535e+00 2.567212925516468847e+00 -3.116612260279049806e+01 -1.380845127296050556e+01 -5.266570128336050871e+00 9.334005254946427854e+00 4.514676252434301595e+00 -2.217152759082207325e+01 -5.885040408318783278e+00 -6.554696084674331402e+00 1.938025821520394132e+01 -2.119799934267848585e+01 -2.973092782221392483e+01 -2.290990906226067736e+01 1.655348280038281672e+01 1.236535285450098520e+01 3.734200222384277623e+00 3.272830025187201564e+00 -2.506087039934343785e+00 -2.588607201764087407e+01 -7.300622950708164360e+00 1.502745318726987023e+01 2.025392777549566592e+00 -2.070155949466266687e+00 -1.872126026900234663e+01 1.140081750013023054e+01 1.122149575520996923e+00 -2.284058911559014149e+01 3.733965029812588909e+01 -1.953159314628093002e+00 1.926281254066135773e+01 -5.518302587122475344e+00 -1.265873136971393009e+01 3.484285600865872823e+01 -2.040617849890012181e+01 5.261586628226508466e+00 2.695786016114562500e+01 -4.151399217908655181e+00 1.922057356814926976e+01 4.460196922576493250e+00 -1.633798944660897945e+01 -8.585536881031250900e+00 -1.406559956298320913e+01 2.131221909188034758e+01 -1.290658088752596377e+01 -1.503919706535077871e+01 -2.286638309601727315e+01 5.048197438280312532e+00 -1.500240780299322729e+01 1.426877405331315884e+01 -2.346685313333549772e+01 -2.022071877190917988e+01 -6.689897373703264982e+00 -3.467509979483481430e+01 2.002979380594114645e+01 -1.226214158022962941e+01 1.329434119938310843e+01 -7.945550732564126584e+00 -1.332730434527139529e+01 2.700615845515258684e+01 -1.112384624127449317e+00 2.464825913944445190e+01 -7.995925031997910271e-01 -1.907208255482827042e+01 1.949415973819821701e+01 -1.599424217320262898e+01 2.072916008333875837e+01 1.423938590622914369e+01 -1.492952727692223647e+01 -9.011894190495838286e-01 7.240814690785082774e+00 2.340313683196664130e+01 8.121423693140910061e+00 1.150327045024853589e+01 -2.910419315305948373e+01 -1.196805067054907923e+01 -8.083083827594277793e+00 1.358405170971814435e+01 -1.201459393312046942e+01 -1.793554241298038932e+01 1.502910747803720470e+00 2.481179202373914450e+01 -2.695089401022511666e+01 -1.725337827374932020e+00 -1.140886590496214126e+01 -7.394601047136478478e+00 -1.583251180941966929e-01 -8.761029654412284984e+00 4.246526000479522445e+00 -2.301714418956859376e+01 -1.263614442235026303e+01 -1.268956905706281368e+01 1.644249456019644740e+01 1.565376585034130308e+01 -2.007233892043712586e+01
-2.064655620207680187e+01 2.619323372095223590e+00 1.317424114720338402e+01 -3.072176094647320888e-01 2.078931254981601739e+01 2.008435731598281038e+01 -1.220300193630104424e+01 -3.314203428687306996e+01 -3.193071134948219481e+00 1.919759670973340437e+00 9.166939991824184730e+00 -9.867233848258704754e+00 -2.155400517883445843e+01 -6.522326014980037279e+00 -3.341249038675502270e+00 4.222851015298305555e+01 -4.063762304178646900e+01 -3.933228546789213453e+01 -1.268907755923254754e+01 1.892931117441862199e+01 1.305874187467159686e+01 1.649724330598607480e+01 1.992758197120556929e+01 1.260617267290970123e+00 -3.427367217048119130e+01 5.078726699440173853e+00 1.273542040842934320e+01 1.745151231943695791e+01 2.651542112506147131e+00 -1.137914538326415581e+01 2.211679082440308974e+01 -5.630362928191934735e+00 -1.942275095238090543e+01 3.608843881044414559e+01 -1.836673346839137722e+01 4.792385066522366799e+01 1.321776447455451553e+01 5.502795362114870414e+00 4.519261183142314309e+01 -1.694806741003252526e+01 1.591636235674325883e+00 1.801291283982790858e+01 3.243803532950808588e+00 3.191102020753764279e+01 5.795094787291458438e+00 -1.189238075251785176e+01 -7.097643432558863097e+00 -1.445446438760786556e+01 2.518882052505233560e+01 1.750385193094263991e+00 -2.579927964499499282e+01 -1.394179868039990922e+01 -3.760216400873368503e+00 -2.853564744668175379e+01 2.933911916279733134e+01 -9.150746055116355748e+00 -7.778324665699336116e+00 3.651722463970399790e+00 -1.543287218608315747e+01 1.357846690167301773e+01 -1.343460699367829081e+00 -2.980530470919714681e+00 -2.413301440863316571e+01 -1.195559023346162775e+01 2.592811616825527565e+01 -4.077082405307121959e+00 2.500570653399524801e+01 1.838333828111730739e+01 -1.075744969225727132e+01 2.709014235686486671e+01 -1.911327712461630313e+01 8.878915299481372259e+00 5.406063301880369210e+00 -8.497084347315620789e+00 6.183427940286679636e+00 7.315930366201746082e+00 2.392637587035915914e+01 -5.091085855478756805e+00 3.649155241157105678e+01 -3.746842366156303683e+01 -1.448478530737771841e+01 -8.553239384631128317e+00 6.407365848899230443e+00 -1.857774040362973267e+01 -3.899261224205269372e+01 2.017550267981117074e+01 1.246227878352449459e+01 -2.549646554314179170e+01 4.057941156813726025e+00 -1.504804709930404982e+01 1.805599985647655448e+00 3.317088371587596285e+00 -2.818493487163049149e+00 1.124894770499306240e+01 -2.371671204727180537e+01 -8.346694161529216061e+00 -2.813863308864089774e+01 8.801789531178513926e+00 3.047796746973555670e+01 9.207144340935847993e+00
-8.161378098530413183e+00 -1.298138604926289652e+01 -5.501406556028446637e+00 9.431056453089315283e+00 1.478601351663936292e+01 -3.381997160546055259e+00 2.169909590642768293e+01 -2.461959985170945231e+01 -2.045014153144994040e+01 1.162324026585343173e+00 3.967991648709273456e+00 4.142328263372109909e+00 -1.569498005879075642e+01 6.396863589531902150e+00 -9.137837853866811466e-01 1.167968186196613978e+01 -2.146483799593782393e+01 -1.669602743258180055e+01 -3.342836555860402825e+01 1.154834906777373860e+01 2.478303887613631851e+00 5.561662310316680902e+00 -6.428828314432883495e+00 4.144950686830104480e+00 -3.062774796755610041e+01 -1.424919457414184265e+01 2.674706867379472897e+01 -1.311867422812201589e+01 -4.605248632172257217e+00 -1.375386016236913456e+01 5.343782536153631746e+00 -3.673620960453008788e+00 -5.344336961467627489e+00 3.395070592398495535e+01 -7.982806980199589120e+00 1.930857997992283526e+00 -6.254842737397938279e+00 -5.218775874878040177e+00 1.874705402152047284e+01 -3.013069490966463704e+01 -3.634293897359934800e+00 3.210353795645450958e+01 -7.917189545821946339e+00 -1.786107367050986161e+00 8.999975962547267727e+00 -2.476391008768323942e+01 -1.598131992380360078e+00 -3.597514427483115007e+00 7.826036291140837875e+00 -5.886983186415136515e+00 -1.483211579861873020e+01 -3.159114704265561713e+01 1.115669284165804065e+01 -5.720164361270505538e+00 1.529533794049166495e+01 -1.919647184042090871e+01 -1.801403255820862626e+01 -1.031875395456438760e+01 -2.565045970451737389e+01 2.028164170981290937e+01 -6.596472962661201755e+00 1.373429832592552025e+01 1.344265998423660680e+00 -1.305875970051770629e+01 2.453347817446433865e+01 -6.719841369848316148e-01 2.360912177593401040e+01 -2.461003557997172564e+01 -7.984139405718931215e+00 1.097240140893386240e+01 -1.374198147297584960e+01 3.030979932227158713e+01 1.886125636981850917e+01 -1.679135022857403925e+01 -9.626315349491825657e+00 1.026411975025543377e+01 1.892646115717484179e+01 1.877592772001130328e+01 1.046167989534233067e+00 -2.117287729481483538e+01 -9.562660442313164921e+00 -2.155480060858848290e+01 2.121425738017445539e+01 -6.231372133256646961e+00 -1.436664623000827845e+01 -1.731336655329186902e+00 3.764794051440954803e+01 -3.027426093341462376e+01 8.617410464007658533e+00 -1.512583827986721730e+01 -1.077807513737741374e+01 -1.595361797712314900e+00 -2.251643426654897251e+00 5.584589004501194776e-01 -3.130204123515517267e+01 -1.805590637956873934e+01 -6.533629381388514012e+00 1.174523733653795965e+01 1.257162080179529795e+01 -3.255839449715982425e+01
-8.354911185129719087e+00 -1.650439513661563140e+01 6.752140009086961214e+00 -6.904322243011192128e+00 1.694462142861635812e+01 -5.679688609550218814e+00 1.494235005719573905e+01 -1.972328988251970472e+01 -1.444274080819696060e+01 4.523310239553919310e+00 5.840957660788410166e+00 -8.340908512393747642e+00 -2.967294686947966653e+01 3.749202863795524365e+00 -2.625637793695777766e+00 1.986026851774610336e+01 -3.625645679379109509e+01 -1.801596202128013147e+01 -2.377733022285623932e+01 1.577087510710373586e+01 3.741976185314169534e+00 7.885776218628373968e+00 -4.212721120694258303e+00 8.718914985838861043e+00 -3.012747482435690571e+01 -7.899690985174835589e+00 2.642984377649495542e+01 1.414765479090238642e+00 3.312448040365997048e+00 -1.824186201351225023e+01 5.692010594652153976e+00 -1.065049358727776685e+01 -1.062817890909390250e+01 3.369692528689393640e+01 -1.669665187862230482e+01 1.634101295252835939e+01 -8.369915161014727545e+00 9.613751921288670843e+00 2.748052277789273390e+01 -3.387268909984535981e+01 -1.011003377790871305e+01 2.576859044713250668e+01 -4.812713799873577614e+00 8.604431522980100056e+00 5.209403755040393769e+00 -2.031029421185371220e+01 -3.479295205700375426e+00 -9.123353190516116484e+00 2.094923890021463464e+01 -2.575775579393627890e+00 -1.526487390598869709e+01 -2.458142423290061274e+01 1.746380179167324087e+01 -6.826258518496605809e+00 1.158745452699402634e+01 -3.376552693064071775e+01 -1.455751824801509464e+01 -7.389977626390636267e+00 -1.203102966702116206e+01 1.454441879988022990e+01 -5.336273373449547108e+00 -4.512634671628936722e+00 -8.503182302356309563e+00 -1.678148683576415579e+01 2.560455011131424996e+01 6.751677138529127431e-01 2.964936030814006429e+01 -1.761447911720029680e+01 -8.975473704086782689e+00 2.119874459934539601e+01 -3.017119572853088272e+01 2.645463424184915979e+01 3.007546263965417310e+01 -1.277755895199946856e+01 1.544148182378012768e+00 1.931514112425742224e+00 1.455914881279165485e+01 1.444183367360805903e+01 9.931306171458313514e+00 -2.391465323506319862e+01 -7.376510349738724770e+00 -1.064965776075502646e+01 8.083845247035680970e+00 -9.507676063142991296e+00 -2.827538565541372151e+01 8.151052179746486104e+00 3.960194648972392883e+01 -2.787507369807923041e+01 7.729290070198563178e+00 -1.228682773342312018e+01 -6.977748816168122259e-01 9.721628531112473937e+00 -6.525182203223541144e+00 9.110265561156316583e-01 -3.650035760946941821e+01 -1.507929368866298603e+01 -5.388521844409328576e-01 1.426387536721999183e+01 1.391202994690387662e+01 -2.491328491101119269e+01
-1.449732904396767985e+01 -9.614718856146982517e+00 2.719151915220950677e+00 6.635349303789170317e-02 1.998085953559688477e+01 3.642518699773749646e-01 1.326229123476448635e+01 -2.813818898860342443e+01 -1.866111489892201192e+01 7.732877826229313245e-02 1.456189477841678759e+01 3.443102977038354773e+00 -2.548556696168830626e+01 4.729611438867793893e+00 -3.530572873481139684e+00 2.162895640856697455e+01 -2.901274867438237948e+01 -2.562367639984338652e+01 -2.678031921878768529e+01 1.540455787058605885e+01 1.290817190005890147e+01 8.225441564635174174e+00 -2.795131458794178236e+00 2.356198868536804714e+00 -3.158806598147963385e+01 -2.998080573135341265e+00 2.482671833118197213e+01 -6.303970711576374342e-01 3.783955192526820444e+00 -1.967963816497375973e+01 1.128581605752783368e+01 -4.765977733860208509e+00 -1.172667057695228898e+01 3.786450416602600910e+01 -1.140293190852679039e+01 1.665040425423623915e+01 -2.185587352802883299e+00 -5.399072381503938090e+00 2.616454614409610713e+01 -2.757113299531115658e+01 -1.130897249086285195e+00 2.723660484068114584e+01 -7.224939851289764015e+00 1.050050714679730213e+01 5.921916375238478025e+00 -1.744813111439001929e+01 -7.137787777111967991e+00 -1.302250468661202021e+01 2.205959062298996542e+01 -7.364169148325289349e+00 -1.697543563487927543e+01 -2.470329627496241542e+01 9.092822403106987750e+00 -1.195988221270648566e+01 1.847303423599452188e+01 -2.693174560527769046e+01 -2.094582870463182189e+01 -8.088278789351646125e+00 -2.476077545021580661e+01 1.865751204376908490e+01 -3.696370232548830348e+00 9.304818438918943002e+00 -7.198970666473361923e+00 -1.596083277115663890e+01 2.419916083857988554e+01 -1.052766676732723061e+00 2.510854486218195802e+01 -1.180363603228281200e+01 -1.395249998700566962e+01 2.253291401633016022e+01 -1.894097008143724992e+01 2.059364385229732264e+01 2.165818687334436277e+01 -1.393357517404448842e+01 -4.206149764532145063e+00 4.929198776235908852e+00 2.028762986395232915e+01 1.116864628059521358e+01 1.284793155067468007e+01 -3.210701007492593106e+01 -7.709035922959234455e+00 -1.140122184577541375e+01 1.287491961025366649e+01 -6.385880415891436179e+00 -2.487002715331507474e+01 9.554432611933739494e+00 3.630598558057366176e+01 -2.626224797233101071e+01 1.491606653765592760e+00 -1.190373691814138368e+01 -3.791488613798708940e+00 3.940348975098174611e-01 -1.896161716756283422e+00 2.967682472065277910e+00 -3.245538744591979707e+01 -8.968632946292341757e+00 -1.146799960261200901e+01 9.960264610921811368e+00 1.497615942825749968e+01 -2.613947126773613050e+01
-1.273093624721324701e+01 -2.420477246905510527e-01 9.895007849543064893e+00 -3.133064371744289200e+00 2.636075001982089461e+01 1.076722554825373024e+01 -6.935938901173007487e+00 -3.016644872889327900e+01 -8.746327338003926144e+00 -1.278751652718222998e+00 1.374541794654802018e+01 -2.371065673308594968e-02 -2.028896605353331850e+01 -3.145640191032468724e+00 -2.609294837994010408e+00 2.431589541425427825e+01 -2.749058076165930586e+01 -4.292996392440527131e+01 -1.656869063912983364e+01 2.205955772757506494e+01 1.294371948691295593e+01 1.429232589611471127e+01 1.707832534307235051e+01 -1.455940570414560931e+00 -3.975404051426883711e+01 -9.430031604976411685e+00 2.409418300612141906e+01 2.322787409094119404e+00 -5.811328995731412483e+00 -8.942987416448483273e+00 1.105228121536942609e+01 -1.789830275051926822e+00 -1.162855634223175905e+01 3.856763950958266918e+01 -1.076027210808967816e+01 3.606548561405918463e+01 -1.562715517739002413e+00 9.329715746497562190e-01 3.648259735933476122e+01 -2.242423073589039717e+01 2.810516282307167657e+00 2.792087802638627281e+01 -3.115703019523197614e+00 2.921719775439770217e+01 6.884289523721078830e+00 -1.626773128657843870e+01 -7.703940609206047618e+00 -1.903300555038518738e+01 3.095561136185620654e+01 -1.395150553243163927e+01 -1.828932820267895565e+01 -1.933801470255443533e+01 2.395679529344026282e+00 -2.386151787130193824e+01 2.321583713472501742e+01 -1.704647001822876362e+01 -1.383699727814964220e+01 -1.014662704481120059e+01 -2.431043050640951009e+01 1.242886997044813668e+01 -3.288552856283111669e+00 3.045906853630127475e+00 -1.103621849009921796e+01 -1.039232962457138676e+01 2.749543118355778049e+01 -3.549857596466690079e+00 3.187465894434611613e+01 7.372074151020823862e+00 -2.121541355412932717e+01 2.413151878106144466e+01 -1.989291030052955733e+01 1.542883362824519544e+01 7.736884825848980185e+00 -9.799243853525908321e+00 1.152637612813252721e+00 5.802634092690154510e+00 2.038776308184575115e+01 -5.313388955841159778e+00 2.360118497295188433e+01 -3.511831184478624834e+01 -1.937954692609853424e+01 7.200681336658404375e-01 9.851685411993138075e+00 -1.734622507950011894e+01 -2.191475393157034546e+01 8.352039492352224315e+00 1.793181184750404711e+01 -3.654813472649170336e+01 -2.917385782749388312e+00 -7.150964978156856944e+00 3.749631079528824351e+00 1.305867163100959072e+00 -1.860799897520053037e+01 7.970463162089710174e+00 -3.341489390231301826e+01 -6.294548949264921589e+00 -1.811368711381536656e+01 1.301642354233779209e+01 2.770020665058891396e+01 -2.652888761660938233e+00
-1.236750338010646111e+01 -4.750487355860116168e+00 1.033959034573378899e+00 -4.831377357233387349e-01 1.785781707048317912e+01 9.901725764602320012e+00 5.994769188778759528e+00 -2.986434818830166193e+01 -1.490365520912304476e+01 -2.476571699889676292e+00 1.374522347019454926e+01 4.877724644419813571e-01 -2.219047443365409933e+01 5.102759912915450613e+00 1.905473913019054333e+00 2.279612807303152877e+01 -3.031957372309694421e+01 -3.225330544464173954e+01 -2.643488370335419901e+01 1.591358666372140362e+01 7.075373664066132662e+00 1.275551823181587885e+01 3.398294326021671363e+00 3.153408948602387518e+00 -2.529120669651194930e+01 7.408576650273887010e-01 2.039211510233216273e+01 1.581569261755820577e+00 8.971418747021574491e-01 -1.263239404647083752e+01 1.559621716594766383e+01 -1.243739998925363643e+01 -8.262813843821325221e+00 3.433094072501615557e+01 -7.917609389477720860e+00 2.338858363365689286e+01 3.903212800014776551e+00 -2.052800710471289758e+00 2.535698529301145854e+01 -2.444023792674224183e+01 2.092585631242070143e-01 2.858441445395302694e+01 -5.474876748926686076e+00 1.697381394510632902e+01 6.947827765196699090e+00 -1.913363915916115943e+01 -3.527067277494368991e+00 -1.062014072448854662e+01 1.923007638372245864e+01 -5.548971803905177191e-01 -2.042602733188149244e+01 -2.329033786824484054e+01 3.473197642813358854e+00 -1.531702255355036968e+01 2.514311183645165215e+01 -1.495200038684212274e+01 -1.388292224314469081e+01 -5.279483857924137880e+00 -1.631122051284660657e+01 2.145895344426829965e+01 -4.984674026798640689e+00 7.657026124176717907e+00 -8.805167659135035407e+00 -1.383909661686575987e+01 2.340245040505178054e+01 -6.284619194420180577e+00 2.447008044442635466e+01 -5.615011885832744021e+00 -5.860338298459232043e+00 1.640627046738743289e+01 -1.364557649765795233e+01 1.884433391417742243e+01 2.112444992888482531e+01 -1.466757160072591937e+01 -3.332999824541885481e+00 3.805526276163669230e+00 1.964175800656121496e+01 6.954225281013710180e+00 1.754584724798782958e+01 -3.319113534873829963e+01 -1.307557739721274004e+01 -1.315643732338871885e+01 1.723016662735095750e+01 -6.386900526941565737e+00 -3.103799693959214778e+01 1.178009980837089010e+01 3.215241513202922619e+01 -2.698295485469143173e+01 8.822651746596635647e+00 -8.350055349325691267e+00 -1.104475837785915404e+00 -9.200102139927044398e-01 -1.284299205253292442e+00 5.626255095818522456e+00 -3.141841405918175312e+01 -5.299581499973027299e+00 -1.502687924691175603e+01 5.583473256790788319e+00 2.229234596520618439e+01 -1.172347795708543039e+01
-2.020392891256979695e+01 -3.260109999353239196e+00 1.874339300170476008e+00 1.147446925801046014e+01 1.887171777784640980e+01 8.376214565077967578e+00 -3.245975331563790700e+00 -3.411358135337633968e+01 -1.823595205149472775e+01 -4.076902628183723287e+00 1.278956002880675591e+01 5.622727726390874814e+00 -1.731189309308824420e+01 -4.742356946153387653e+00 -4.487291822537547326e+00 1.871584685284453542e+01 -2.135059843092996701e+01 -2.813583325989436545e+01 -2.603677975867133298e+01 1.615794285741906577e+01 8.810827042274436138e+00 6.533523265144999925e+00 6.865929477057298946e+00 2.683503107821546774e+00 -2.977462629260188010e+01 -4.782708781101455031e+00 1.772694494430095347e+01 1.074041852680951425e+00 -3.734587399765032512e+00 -1.600353073847209373e+01 1.198531007485974520e+01 2.667829383657919440e+00 -2.049232977689063517e+01 3.336436012370742077e+01 -3.514056389877282971e+00 2.457667949487096948e+01 3.450267237069253756e+00 -1.300256920341469069e+01 3.829771478352074610e+01 -1.572104311103671925e+01 9.488595780730060270e+00 2.873483186433495007e+01 1.291103954532006215e+00 1.776958674265882010e+01 4.853505417826758261e+00 -2.061227140407572378e+01 -4.641020679544515914e+00 -1.381698385573103138e+01 1.542681046278242896e+01 -7.945169251576726488e+00 -1.444430047348439672e+01 -2.391594398525171172e+01 7.377600702473591232e-01 -1.756340308471102674e+01 1.819561533153891375e+01 -9.786472624233663709e+00 -1.567999941329082958e+01 -7.766492017576812401e+00 -3.476700869512857395e+01 2.532588362196773346e+01 -8.098064922040647318e+00 1.430444183349747966e+01 -1.249793369504794471e+00 -1.385734202834551887e+01 2.467856933557670018e+01 -2.534178452238700086e+00 2.400334116182635569e+01 4.278869306157547570e+00 -1.852620194063424108e+01 1.540885564441346212e+01 -4.261479277148233713e+00 2.010258826212811911e+01 9.788535639698329405e+00 -1.467486371499861697e+01 -7.507811209711998668e-01 1.273080969213380342e+01 2.461974476505773524e+01 7.081429290902681473e+00 1.383451589043165697e+01 -3.020917208786710972e+01 -1.011985715914351402e+01 -1.070920345359660786e+01 1.497071665895906811e+01 -9.767381539423750425e+00 -1.984996443806826605e+01 1.477184699579520588e+00 1.918254528475127429e+01 -2.868955039382084848e+01 2.980708108135389445e+00 -1.232930853369128599e+01 -9.653375963862233178e+00 -5.230487595590729732e+00 -8.651463670307990128e+00 9.633029839487065260e+00 -2.443238352688626946e+01 -9.064182412544088407e+00 -2.470514638560730347e+01 1.481108893914429636e+01 2.046017729701433296e+01 -9.144465390550500672e+00
-1.412403080260100907e+01 -9.937702058231463909e+00 7.327437937098110865e+00 -2.290483144684367289e+01 2.579899285982516233e+01 8.054952776178799567e+00 4.818746112412655158e+00 -1.487109198457040016e+01 7.371099752850490683e-01 7.898217576528265838e+00 2.290822601924954682e+00 -1.896116326076192848e+01 -3.886558354073522992e+01 1.665920082320658802e+00 -3.973454097114174299e+00 3.067379521837670353e+01 -3.719774439380559272e+01 -3.333401691571822312e+01 -1.509691759292484470e+01 2.154456895149877838e+01 1.164321313779703004e+01 1.748368810481980162e+01 9.895805479099779589e+00 7.210072254406570957e-01 -2.722130860334750579e+01 -9.176969983267500908e+00 3.101682172343040023e+01 1.659134310234373899e+01 1.321899500498873614e+01 -9.231822158765783826e+00 4.184970286787929261e+00 -1.523336118563599229e+01 -3.061674521031429563e+00 3.463182431158223551e+01 -1.912251566500114208e+01 3.541256956672189204e+01 -7.637072191877949834e+00 1.896640389964615991e+01 2.610871204959171621e+01 -2.708796787302864928e+01 -1.970057322930538035e+01 8.928080124245418858e+00 -3.918583519271706894e+00 2.964619354014158148e+01 5.445622383786284715e+00 -1.456780207328640309e+01 -5.604377297717986650e+00 -1.621445423317969414e+01 2.875162713148274918e+01 -1.792869233937722795e+00 -2.514347248039898020e+01 -1.086212671809488839e+01 1.270743144698810667e+01 -9.637492842607059629e+00 1.590387845602978523e+01 -3.363430393833681364e+01 3.390036104836476216e+00 -7.584119148757047846e+00 1.316141664775377862e+01 9.474597700860696747e+00 -2.059568274996594006e+00 -2.501753256199904385e+01 -1.076600802202532670e+01 -9.640496142396100865e+00 3.064763355133785794e+01 9.739802074360046635e-01 3.489518044014184284e+01 -2.891241011397243987e+00 -6.276563294048955299e+00 2.410731627037041847e+01 -3.161718893249245355e+01 6.289565962133636390e+00 2.817965730560300841e+01 -1.366598113374891099e+01 1.665623812352955113e+01 -3.765082986444943103e+00 9.253055029454603897e+00 -7.749366526828446844e+00 2.352019124928675708e+01 -3.398145958411112133e+01 -7.944747486543104920e+00 9.642578799064541073e+00 1.451607102632695712e-01 -1.715496967753302471e+01 -3.317784667567244838e+01 1.693862290233649759e+01 2.919845392204890189e+01 -2.826466179642095256e+01 4.524812580066853940e+00 -1.030073490441028028e+01 1.995017970607710467e+01 1.122156991351596744e+01 -9.897103644014780599e+00 -8.114956858716624311e+00 -4.509796602116988140e+01 -4.884175410598290412e+00 -9.509662123064822836e+00 8.003242324584650902e+00 1.579203008796339880e+01 -1.641710670417300955e-01
-1.086169363709737468e+01 -1.391995604624386829e+01 5.269435467672258823e-03 -8.645052533061946543e-01 1.847691873357346637e+01 -2.756013587518931107e+00 1.181381769923707914e+01 -1.952944570206012997e+01 -1.757643573698003081e+01 -1.095356110056588061e+00 4.548630005000052101e+00 -1.567967848084826032e+00 -2.605215797939578692e+01 6.198526949557613186e+00 -3.472493164511447628e+00 4.381193252276473160e+00 -2.382441251215038847e+01 -1.809800483099012425e+01 -2.958291297669643427e+01 1.710601819721023986e+01 5.945091254795764613e+00 2.942831992327317181e+00 -6.504678200357331797e+00 4.344379070186768388e+00 -2.565879203763514482e+01 -1.179154603391244471e+01 2.441287676765506021e+01 -2.110212421919111847e+00 5.323658720610878747e-01 -1.792358967585857954e+01 -9.102106955602460303e-01 -4.392476753735709671e+00 -1.168555340233119821e+01 3.241342936896123916e+01 -5.345789213100996307e+00 1.113917648718291709e+01 -1.344512548837789723e+01 8.619673318831360120e-01 2.384834287204224879e+01 -2.854172753636910542e+01 -2.549542009105354445e+00 2.812603772158129090e+01 -7.517821553956652636e+00 8.468775630812627853e+00 5.450252322893705426e+00 -2.086926314310830222e+01 -2.926059625280146292e+00 -1.111808667295171382e+01 1.872480115995747241e+01 -1.088407787457503950e+01 -1.183655556199433967e+01 -2.514395952419938851e+01 1.703900116982976698e+01 -2.532257409543230864e+00 7.401791334365345421e+00 -3.133598760368411718e+01 -1.640235200310546304e+01 -1.379914084103363336e+01 -1.948630959637037918e+01 2.178643242553083681e+01 -1.025215728811074456e+01 5.100519006962326074e+00 2.004155693115416526e+00 -1.545042429598166223e+01 2.639927877312565485e+01 4.113938508679837458e-01 3.222971433271307973e+01 -1.708069020926761894e+01 -1.408822898384108768e+01 1.599091337650995825e+01 -2.320967275333445912e+01 2.733774880041326227e+01 2.682329173234059638e+01 -1.482069002200570118e+01 1.352927736556248428e+00 3.440089651735209753e+00 1.650652447244805643e+01 1.214086215949117786e+01 9.189713623344528681e-01 -2.075044613336207178e+01 -1.023419158573382326e+01 -5.238459430293948671e+00 1.519095595652177799e+01 -9.306368175842456125e+00 -1.585407096624247991e+01 -4.532986600835775093e+00 3.588798555274988900e+01 -2.871842001050418247e+01 4.643119362426062935e+00 -8.523340899185456010e+00 -2.733837223983784259e+00 2.320236326769901769e+00 -1.048630880451095138e+01 -2.780558301294716372e+00 -3.655358475065911961e+01 -1.183966472617596821e+01 -4.652881148200447847e-01 1.428771171493004033e+01 1.139986414208543231e+01 -2.426236574283551661e+01
-1.469483639862490065e+01 2.777639700107049414e+00 1.190539063154684607e+00 -2.975088070866658274e+00 2.148498994075958635e+01 1.089144478413705563e+01 -6.388479389512220941e+00 -2.726802110038218174e+01 -2.037164385894932650e+01 -4.041890122727226919e-01 1.577069320992287871e+01 5.377835458575856542e+00 -2.321929200878492594e+01 5.029233993148427118e+00 -2.481448223898596872e-01 8.064478060074092625e+00 -1.266755316454325708e+01 -3.129421934283550399e+01 -3.279207020960550523e+01 1.920091961577135464e+01 1.692032135840388207e+01 1.361791379411594249e+01 4.970162947553909305e+00 3.101110196563566568e+00 -3.023776879921412686e+01 -1.206261261271210250e+00 2.588605593073300781e+01 2.490481362314337144e+00 1.406574161056667105e+00 -2.210649831017149225e+01 3.831018476562027431e+00 -3.820443808769658389e+00 -1.149441747903191668e+01 3.214391457736311253e+01 -4.392904966006815570e+00 2.808058149780811519e+01 -5.829393136129981556e+00 -1.597342684596008233e+01 3.126087847712777190e+01 -2.017269795399431587e+01 5.037526251128623400e+00 2.722170954573104495e+01 -9.249531566767453583e+00 2.272146128482076577e+01 6.606621698332777459e-01 -2.073427983991059875e+01 -5.568576372879933345e+00 -1.734048588509072886e+01 2.398600242551093231e+01 -1.157846263240939777e+01 -2.060695727163184543e+01 -2.333980574562716015e+01 4.197220379312233796e+00 -1.089663977931903105e+01 1.153750254644553941e+01 -2.821734732299747961e+01 -1.641013706922231208e+01 -5.102518417802244244e+00 -2.644359268410642727e+01 2.068428167272239548e+01 -1.060649469465403349e+01 1.206675247683264196e+01 3.912868256416118129e+00 -8.263938586486538895e+00 2.601000995291149565e+01 -4.350303615701468729e+00 3.241954867442225918e+01 1.933254849995964975e+00 -1.686320688385675837e+01 1.516949343936617467e+01 -4.820880091310319138e+00 1.731854678975604855e+01 1.516415706781125472e+01 -1.701307226204573908e+01 -1.898104135014962335e+00 2.225495283664267188e+00 2.326510375107492479e+01 -1.354452675598133204e+00 5.698713077315635367e+00 -2.971249306105042010e+01 -1.503830297719779807e+01 -5.828205125645269824e+00 1.323810667692010057e+01 -8.056263235744120621e+00 -1.567815061034034052e+01 -8.017632678764375909e-01 1.392643191366744837e+01 -3.036143424142796476e+01 1.751872549231259679e+00 -1.157439438697610967e+01 -1.519042848247674327e+00 -3.363038014937785869e-01 -1.206935763597382838e+01 1.395620621915150572e+00 -3.596066868056409760e+01 2.035498728587354922e+00 -1.450844797460378111e+01 1.572283824818735276e+01 1.926392590239106539e+01 -5.974953619789176607e+00
-6.711349770405247384e+00 -3.068373177218532089e+00 -3.351414879638566102e+00 -1.871867393937278967e+00 1.961343511228027126e+01 1.022704388924166707e+01 1.165487088390482562e+01 -2.460249298484997738e+01 -1.548269116265839784e+01 -6.492473919561946083e+00 -2.520093356061031020e+00 5.603732406771997354e+00 -2.581527348311309566e+01 2.518346275001722478e+00 2.199906474113966226e+00 5.416125584654808200e+00 -6.331467376555541371e+00 -3.267105122073063228e+01 -2.487631191017876375e+01 1.979770350053340167e+01 1.385361036239545918e+01 1.178319443945675715e+01 8.165584234487113235e-01 -4.374636092269108545e+00 -1.389557145674404026e+01 -1.496492737049077526e+01 1.767496619218350418e+01 -8.858750113691829853e+00 -4.763827064024738434e+00 -1.304558671721886576e+01 7.236009494936154196e-01 -1.502206464003248954e+01 -2.379208029816198611e+00 3.766109316589611922e+01 2.026080274849450191e+00 5.327801221982911173e+00 -1.628100739083782145e+01 -1.958251505159103445e+01 2.126663269237334219e+01 -2.830204666003555758e+01 -7.423266031617036020e+00 2.437997719074087399e+01 -1.990750525587163722e+01 2.217762366582329037e+01 4.458527604782116960e+00 -2.338839126101797916e+01 -1.488875548350145239e+00 -6.488091728793189183e+00 2.639196706776944978e+01 -1.361937285338801296e+01 -3.047063288134884829e+01 -3.031358486212538494e+01 6.036676932094407810e+00 -8.754178208391103055e+00 1.159932435096065362e+01 -3.465274319043048479e+01 -1.174871540092493838e+01 -6.338756041407439534e-01 -2.168926998018395125e+01 1.819424865363870936e+01 -2.102316205719814235e+01 1.960572181031027128e+01 -1.585914762147674795e+00 -4.853750591684742766e+00 2.576696013006955255e+01 -9.148893807229948605e-01 3.580841946587759850e+01 -2.103904037842555397e+01 -8.282000800489505821e+00 8.476212476058272216e+00 -1.229891993136611283e+01 2.107426716759314544e+01 1.076485380070437259e+01 -2.330222215608591085e+01 -8.669855195609164511e+00 1.905889649717909196e+00 2.389641514179933424e+01 3.988593659246284062e+00 -3.433952262859268245e+00 -2.835021785751641943e+01 -1.382453997495823117e+01 -9.214097937220266488e+00 1.585589446989582640e+01 -1.796307549349615940e+01 -1.026220300324935053e+01 -5.207501480617874989e+00 2.025619750817203268e+01 -3.505462919612012485e+01 8.449586920727083950e+00 -1.314985165270837797e+01 3.248633358042343211e+00 9.773837891876591133e-02 -7.324142139331889290e+00 -1.055958483407588133e+01 -3.073970525013298172e+01 -1.040925931608869526e+01 -1.132512245699533260e+01 1.339746764637163245e+01 1.155844861161615889e+01 -2.262375736051007991e+01
-8.760351441429378383e+00 -8.410080423624615165e+00 4.535564880638670360e+00 1.375591168725491142e+00 1.717022591098605488e+01 -3.098433290811339003e+00 1.043425712260045479e+01 -2.634190541446069389e+01 -1.913309236362769994e+01 5.492806959793922417e+00 1.053870834397198664e+01 -1.245782982016490625e-01 -1.958208025454494106e+01 1.136933120369398331e+01 8.974411781630624585e-01 1.820675832404980810e+01 -3.617013699662404491e+01 -1.709489404949300351e+01 -2.830353731863889521e+01 1.220117616803298333e+01 2.189892061665226208e+00 1.339499136020769399e+01 3.732698529965269296e-01 1.318784745570193273e+01 -3.842647475319998307e+01 -6.282813727502194467e+00 3.282338122533437286e+01 -4.401758488814325077e+00 -4.076058880980194310e+00 -1.366694182747273523e+01 7.194912060166835488e+00 -9.935319609488354686e+00 -3.428277453918110673e+00 3.313390140699706166e+01 -1.959530558325796434e+01 1.997310903618984312e+01 1.243848243971667156e+00 2.185493123660711579e+00 2.310981342911846070e+01 -2.650393075077958116e+01 -5.576526928391880134e+00 3.236542926175182089e+01 6.507993369178906029e-01 1.322410510697898278e+00 1.117873508520414028e+01 -2.553712913756226754e+01 4.158630396177033894e+00 -1.622882656855616279e+00 1.305674063138708618e+01 3.664697090835469684e+00 -2.093322273566990788e+01 -2.925875408400672839e+01 1.016234800526885884e+01 -1.482415936748637719e+01 1.817219608006858067e+01 -1.131328441797875151e+01 -1.227193303161510585e+01 -7.736908757153426741e+00 -1.179721120190150785e+01 1.576215341388818558e+01 6.474526843894745198e+00 4.018265790927077141e+00 -3.802174048423615726e+00 -1.535200753613292335e+01 2.082328593429308938e+01 3.834423530256726220e+00 2.846773053150325694e+01 -1.885146612461297622e+01 -3.031348964823849634e+00 1.629611591352158229e+01 -1.340722861245843767e+01 2.945606401154006093e+01 2.172926580477772873e+01 -1.274275593174655441e+01 -6.898059587614431720e+00 1.296338017391141406e+01 1.770585232583599478e+01 1.776373804280074609e+01 1.479417015298600191e+01 -2.779414914537629144e+01 -7.046427181119491401e+00 -2.259875068832365486e+01 1.542950144589696215e+01 -9.017131897282068209e+00 -2.735054851875475634e+01 1.211896880177650182e+01 3.539652126055413817e+01 -3.092281980366361793e+01 1.905501284835983000e+01 -1.228048600148246905e+01 -3.034051351560182574e+00 8.256397243498927452e-01 1.874624726639959049e-01 9.017091485569688203e+00 -3.885907628607628794e+01 -9.092269610963148452e+00 -1.291505929818324461e+01 8.553577571258275114e+00 2.504010962671608098e+01 -1.232069841044511449e+01
-1.775450090282568283e+01 -1.500378082013528847e+01 1.661729517141852241e+01 -4.203979269983817879e+00 1.882036865043936658e+01 -1.736534924428805526e+00 1.357561003711381709e+01 -2.544365090040649235e+01 -1.053082941700372110e+01 -8.620255299287801209e-01 5.885679023768105589e-01 -8.832183406339753517e+00 -4.025722463465955059e+01 -3.997853557754026177e+00 -1.080192727770642946e+01 2.944813412585306622e+01 -3.802031740873059107e+01 -1.912438845837315071e+01 -8.607357605668921607e+00 1.721249014231209529e+01 1.499902353184835135e+01 7.195963704720909959e+00 8.598918300138429505e-01 4.915720439475858683e+00 -2.666641790232823439e+01 -9.436008338614742641e+00 1.838290347683674852e+01 6.199217996836771327e+00 7.311693173505207533e+00 -1.548359687897963433e+01 8.316168910018790328e+00 -1.077130878211393039e+01 -1.723412888837981427e+01 4.381072415457784786e+01 -1.822308101147407200e+01 1.894185173363734265e+01 -7.404805308672448128e+00 4.240063353540683977e+00 3.493844031946555617e+01 -2.528014990952732433e+01 -1.177780849336947888e+01 1.590356370283184972e+01 -3.282225330487154036e+00 1.863763838494379144e+01 7.205650640266656026e+00 -1.226716497855888122e+01 -3.182331203166362421e+00 -1.025416786792901647e+01 3.077506082788492492e+01 -6.219187761928325564e+00 -2.593678938196720196e+01 -2.302744041395886399e+01 1.567162276284881806e+01 -1.709829913321913963e+01 1.021031247384850360e+01 -3.291449773801418388e+01 -1.124504217363277014e+01 -2.886923099006770244e+00 -1.469512796974313673e+01 1.095296879693132652e+01 -4.586433951877959991e+00 1.939966253398158091e+00 -1.594877997103498934e+01 -1.982096501947523848e+01 2.398250193881257530e+01 9.927483954497954954e+00 3.464890492548290979e+01 -1.663715840968997739e+01 -1.170074947820531364e+01 2.705958764837652453e+01 -3.597863319885719591e+01 2.282078154871388520e+01 1.772725626699262591e+01 -1.084563728906235269e+01 2.851657334732315974e+00 8.156718114876767345e+00 2.336526315117081509e+01 1.273016930975651029e+01 1.869147974760461750e+01 -3.265417377756374151e+01 -4.826701308863919904e-01 -3.704894719375680268e+00 1.630247170698282622e+00 -1.859208708607059890e+01 -2.917409788682914495e+01 1.406000991822126345e+01 3.555255494719298781e+01 -2.654801333505963257e+01 5.154470666399524781e+00 -1.248186206764918893e+01 6.803902565310906425e+00 8.966674065189149445e+00 -4.688559213365565276e-02 1.351375773135208513e+00 -3.292892335970132933e+01 -1.763753903604943218e+01 -1.522480188438822069e+01 1.022978396140069712e+01 1.363412685749601216e+01 -2.482732482541199914e+01
-2.173602459212376203e+01 -2.640131401278383638e+00 2.921367762503324528e+00 9.124888091249532707e+00 1.705422673456717320e+01 7.495049770813444034e+00 -5.755536308723279149e+00 -3.086768379927685046e+01 -1.881391087219792979e+01 -4.091896030988239730e+00 1.215546761441153834e+01 5.619131345516250597e+00 -2.070399192192549620e+01 -5.801170914119012423e+00 -6.645646113909788433e+00 1.466778451188953092e+01 -1.614060368570396520e+01 -2.726951897672671521e+01 -2.746996946938881834e+01 1.649967431604883217e+01 1.308827000186318656e+01 4.835029545523235051e+00 5.204672850587207300e+00 1.513817869609124012e+00 -2.859198295698638148e+01 -4.891997620601469698e+00 1.645745928662376301e+01 3.116334603960574157e+00 -8.962132595446330452e-01 -2.064596494595054210e+01 9.308187131906922929e+00 3.722519624488418888e+00 -2.455166918125609499e+01 3.210508525754097775e+01 -4.222067083306374480e-01 2.311843319511850936e+01 -3.277234142816779716e+00 -1.576145539806589824e+01 3.837260981689553319e+01 -1.522724677215067501e+01 9.437686135111308161e+00 2.698669788032907135e+01 -1.370700578335200648e+00 2.052626550512227155e+01 1.844180303371202312e+00 -1.786826918683527410e+01 -6.243067066125309594e+00 -1.566332033163615911e+01 1.777386837426313448e+01 -1.200010532561421606e+01 -1.334549146629749927e+01 -2.299230586005811361e+01 4.114417106441528027e+00 -1.329913854936452644e+01 1.100654708953809724e+01 -1.958148234898018458e+01 -1.730427835488494992e+01 -6.729899629431819186e+00 -3.838936062511834990e+01 2.280935967194628589e+01 -1.269448893991633298e+01 1.457995378051127666e+01 6.355485790541157698e-01 -1.288749646327068632e+01 2.674192373133943335e+01 -2.647444837629147063e+00 2.533592761597118681e+01 5.729300825634995320e+00 -2.239484505187118302e+01 1.553029822561877182e+01 -5.857236008658087023e+00 2.066616400114279628e+01 1.209679914886683605e+01 -1.528904567792020686e+01 5.570180009125565990e-01 9.389804008543709557e+00 2.425619469471401146e+01 6.055893156827494295e+00 8.337657208678155740e+00 -2.614917076785719630e+01 -1.255670538249605706e+01 -7.062951611393706308e+00 1.365172379026203586e+01 -8.569789876123859784e+00 -1.498383161829561061e+01 -3.423048668235012304e+00 1.681466083747716311e+01 -2.688466473687579850e+01 -1.382085927674693515e+00 -1.216934166787033433e+01 -1.052465412642300535e+01 -1.930956583321638886e+00 -1.141569280181031232e+01 6.976272219744396708e+00 -2.490648065498165309e+01 -9.643635971011057961e+00 -1.738949036404056514e+01 1.847224114803751860e+01 1.678185657977855172e+01 -1.277866818652016434e+01
-1.493714227325102328e+01 -1.086394085202066329e+01 -1.939491849972597992e-01 5.459693796986292647e+00 1.773318268735945935e+01 -2.293103735155293421e+00 9.102077650369352568e+00 -3.045816512131204590e+01 -2.294620026261773660e+01 -2.071976400329269996e+00 1.250360192566278705e+01 7.645897627745593894e+00 -2.405948978937050953e+01 3.556591268609275325e+00 -4.752776026500110440e+00 1.074731919299474114e+01 -2.096481731056112352e+01 -1.889295644933716289e+01 -3.127346099659793666e+01 1.354761631703559388e+01 8.362808003080237640e+00 5.187544415479713678e+00 -4.649781418400336541e+00 5.616566673018627220e+00 -2.835000676589378443e+01 -8.501780071799000638e+00 2.662109194909668375e+01 -5.802988292762090161e+00 -2.037880050438217960e+00 -2.013247909158008753e+01 4.493938093416267598e+00 -2.918641775350758749e+00 -1.360420656842478593e+01 3.450364738819494193e+01 -4.755360814661779401e+00 1.096694584885868551e+01 -4.700405181690298306e+00 -1.372544800925481567e+01 2.726865156613935426e+01 -2.315981765516778523e+01 3.115815984075601452e+00 3.155685853739009161e+01 -4.006446740182044941e+00 7.530733198946442997e+00 5.871303377549240032e+00 -2.414631528733334065e+01 -2.729116659936337896e+00 -1.001789995295051128e+01 1.633222364714025687e+01 -8.361231488377606880e+00 -1.612127514081505453e+01 -2.860149278007028428e+01 7.718968002397502026e+00 -1.025389279707622592e+01 1.166198108123765387e+01 -2.321204176520367568e+01 -1.877550580639380939e+01 -1.055595060241195426e+01 -2.986760630148274487e+01 2.272151473925681842e+01 -7.602577334725372005e+00 1.507018135392879898e+01 2.687806951624456264e+00 -1.565620059315648405e+01 2.364585645350418375e+01 2.145398546745987733e+00 2.577953283085564351e+01 -1.420337775510196998e+01 -1.485989424374187706e+01 1.427970132232120548e+01 -9.587571057046789136e+00 2.669741991383949298e+01 2.118792424210704795e+01 -1.617777757444282472e+01 -5.147023904275974004e+00 1.024129127831826125e+01 1.998527670144476076e+01 1.745146324176812413e+01 5.000872697028074576e+00 -2.663709592559198924e+01 -7.134502225134507825e+00 -1.312151365634605682e+01 1.504089829802590295e+01 -7.552829561583890516e+00 -1.814921668366515561e+01 1.406802313593962461e+00 3.207770777358103231e+01 -3.024334213705301977e+01 6.565445815010519937e+00 -1.110575576675634935e+01 -7.360279862960609876e+00 -1.868381066595403039e+00 -5.533424163062130141e+00 5.224749267407588604e+00 -3.127645209846519236e+01 -8.751449093993548090e+00 -1.418956545712909723e+01 1.554254550844128246e+01 1.462763134133017218e+01 -2.296332316285806385e+01
-1.835217306173197827e+01 -1.453669017646826100e+00 6.598958394307412156e+00 6.223091883570759819e+00 1.793160738810392729e+01 6.945120039543049018e+00 -4.832439222081718277e+00 -2.778197794804529508e+01 -2.266895782549141458e+01 4.550912226503211477e-01 1.013596353607926659e+01 3.139219998508447684e+00 -2.063017750832597841e+01 4.415225113170072824e+00 -2.929659108739707918e+00 1.289421884859452483e+01 -2.050841866014949133e+01 -2.007033466695932944e+01 -2.686040185280212711e+01 1.473596834484633433e+01 1.531584789674103675e+01 1.143781106060855279e+01 4.821258866203205429e+00 8.057469479606726992e+00 -3.735945000922281167e+01 -2.429391852458028911e+00 2.444976214347218502e+01 2.450503010054560615e+00 -6.926262268487477503e-01 -1.791422888288604298e+01 5.212631189106098795e+00 1.694570651710764819e+00 -1.394834376365136563e+01 3.052503811090869235e+01 -1.204428714710813253e+01 2.915530784421965294e+01 -1.351674876899458422e+00 -8.931106210149144076e+00 3.469838787957100124e+01 -1.397373994913939654e+01 3.645556523187885478e+00 2.494079149988323607e+01 -2.438989796964923240e+00 1.450300715824950437e+01 4.535709795034343905e+00 -1.933367800781865853e+01 -7.672716984353152858e-01 -1.142517027658455753e+01 1.750556597715895890e+01 -7.386206150104330348e+00 -2.036107860006778836e+01 -2.391326469860070247e+01 7.099225537420194243e+00 -1.222670476639235559e+01 1.033201275055809631e+01 -1.553602100215634785e+01 -1.227154818521076507e+01 -6.714760328931252076e+00 -2.788888357847061172e+01 1.813793951557159900e+01 -2.003682168813439191e+00 1.179944085003346643e+01 5.880120115132306813e-01 -1.374146515816740965e+01 2.302928276438751709e+01 -7.598077579978070040e-02 3.190952754094921318e+01 -1.878203003028977136e+00 -1.499949944581520178e+01 1.753164885607812451e+01 -6.066159969610743552e+00 2.206806040417101400e+01 6.895707051338110460e+00 -1.151810749619089869e+01 -1.661001274123435678e+00 1.107980118443663464e+01 2.525239469372375112e+01 5.030817797343497766e+00 1.057830871743812118e+01 -2.650738548297066899e+01 -1.113840726704272832e+01 -8.822262178999098481e+00 1.373802102732792108e+01 -8.554046251572357207e+00 -1.498567467909834505e+01 -7.685095035120756979e-01 1.493879942166420349e+01 -2.820124204146764058e+01 6.305737478192297907e+00 -1.221535234430611183e+01 -3.883744403831623337e+00 -2.312316359833573198e+00 -5.746467470623857210e+00 9.533783338879370461e+00 -3.532384290070665855e+01 -6.258341724417569196e+00 -1.985413658199247067e+01 1.149981357137425597e+01 2.105884118331103139e+01 -3.754220580594459289e+00
-1.343445266682702943e+01 -7.296784021655519759e+00 9.382255095076155627e+00 -1.164496615643650479e+01 2.074143732039131294e+01 7.514578951564279130e+00 -1.019675008214049505e+01 -2.168874234378712629e+01 -1.325779140536046619e+01 8.174069096247716937e-01 8.709868985339031866e+00 -1.046180295431143037e+01 -3.220261214336552769e+01 3.951620164179467931e+00 -3.796219809770563280e+00 1.222054141812451356e+01 -3.255983180452980719e+01 -2.524570705189384867e+01 -2.368302982886880770e+01 2.133393825289373780e+01 9.957198169352301065e+00 1.104516588557509138e+01 5.229930108795363353e+00 9.768436515210789040e+00 -2.812836055158313187e+01 -5.168624236266017302e-01 2.246581158118851107e+01 1.265038986848938940e+01 5.098002231803137718e+00 -1.971514168582909932e+01 1.764267703488877403e+00 -1.003914487473502248e+01 -1.489274500635683829e+01 2.988739154375699059e+01 -1.166446633946047662e+01 3.725114162758683989e+01 -4.162462135206741465e+00 9.024616188424063878e+00 3.699349436206800590e+01 -2.203412604556475785e+01 7.915165223579414544e-01 2.284371200014214409e+01 -1.433729620376120506e+00 2.614125764570573551e+01 1.174903676939323738e+00 -1.747177648997227450e+01 -1.782090435886628299e+00 -1.699416310002866126e+01 2.886553222707782496e+01 -5.179360646013679847e+00 -1.821653982320159670e+01 -1.628883808969215963e+01 1.210190805748214515e+01 -1.150225900455387773e+01 8.749970551810806185e+00 -3.076684000323069412e+01 -8.102415636437719115e+00 -7.754411706244100699e+00 -1.012535060039956925e+01 1.879253483807131886e+01 -7.538614419388648180e+00 -5.207644645502051972e+00 -4.890170595676316623e+00 -1.530077977375310461e+01 2.527093513629857213e+01 5.169269911789817762e-01 3.718069098653706561e+01 3.874961943031168587e+00 -1.436962603457440046e+01 2.130209822924094354e+01 -2.370617831539243880e+01 2.034303961393614202e+01 2.513275538518011132e+01 -9.750449401348024736e+00 9.925525850594164368e+00 5.131083144026815646e-01 1.730287848280175567e+01 -5.625280721554609675e-01 1.450025255424576720e+01 -2.526704129878180538e+01 -1.390129494715574054e+01 2.282145042122874834e+00 5.813964451143737833e+00 -1.383799489025413010e+01 -2.993476840477312351e+01 4.220865645773145047e+00 2.032638667498258300e+01 -2.912856571817967577e+01 7.251348860733552115e+00 -6.709082748327351631e+00 6.787260975530273299e+00 7.503615464134188784e+00 -1.399983099938276077e+01 3.599347794834819148e+00 -3.896723736854814035e+01 -1.124964323635554875e+00 -9.971194711695451574e+00 1.436732450777047632e+01 2.234055010645465700e+01 2.487678409504266774e+00
-1.452834655997484603e+01 -2.814018616652119942e+00 3.916502389147242802e+00 5.650391263892442062e+00 1.697269005915492102e+01 5.400632866331652515e+00 1.161140911500152839e+01 -3.527484305363471861e+01 -1.930224744980988305e+01 1.173798024024471420e+00 1.323519410938105345e+01 6.246333643989041562e+00 -2.102611790581935836e+01 4.906290499586280163e+00 5.800557141688619245e-01 2.734093560855838234e+01 -2.688634086487880026e+01 -2.587414151335383039e+01 -2.491376509478618217e+01 1.293944367244350602e+01 1.132769264958790068e+01 1.639801907136585868e+01 4.091511682304124875e+00 6.335058002798639620e+00 -3.372250709626808884e+01 -3.608582137633739695e+00 2.679676161895578801e+01 -4.626169817184547561e+00 -9.951379840768631579e-01 -1.307566774831682288e+01 1.602183112783494678e+01 -9.933188154537798908e+00 -4.234401778447620224e+00 3.962068287946008383e+01 -1.543639907959555302e+01 2.001084011281262676e+01 6.177554838484947020e+00 -1.385248392213361335e+01 2.719040138584317390e+01 -2.026422866175810711e+01 -4.411536682432818601e+00 2.794084365634876832e+01 -3.909924475950829592e+00 9.519497603474281533e+00 1.001817576623425765e+01 -2.248201532748045750e+01 -1.766304310671281241e+00 -5.607400986927317810e+00 1.685143752266531081e+01 5.494064453544746790e-02 -2.887335508262704309e+01 -2.995765495059179884e+01 9.630823446078694561e-01 -1.946900006015382090e+01 2.342305565045198179e+01 -8.704545982274753513e+00 -1.270267815513890142e+01 -1.260930489476643768e+00 -2.207646172191152445e+01 1.770997778825477198e+01 2.654983481381319343e+00 1.407982444955242585e+01 -6.447271114235386236e+00 -1.182147607951804424e+01 2.172705513243805697e+01 1.875960259095231342e+00 2.497176930596244304e+01 -1.448963021555697139e+01 -2.791884664072191935e+00 1.612830915233482898e+01 -5.190874558466338051e+00 2.071591993470545390e+01 9.369357221502667699e+00 -1.653834392958589916e+01 -1.061403636970452879e+01 1.350402596285661261e+01 2.595827083116817136e+01 1.189695692531184790e+01 1.756046976373373880e+01 -3.749930239429195922e+01 -5.839436368986365089e+00 -2.200684628719992730e+01 1.409650700864862927e+01 -8.985860892622524077e+00 -2.516763764560421990e+01 1.429473997663830254e+01 2.633062021588386870e+01 -2.936071432776603984e+01 1.282308997846977761e+01 -1.682750394516758519e+01 -2.300016210466784283e+00 -2.198290465101127911e+00 4.836661487914183155e+00 9.036536569841567612e+00 -3.283727421574309346e+01 -8.016765659850589643e+00 -2.807727585541900339e+01 6.757530694956900064e+00 2.271762208124330584e+01 -1.484699110262083543e+01
-1.616359207416202537e+01 -9.185096085782717523e+00 -3.123190786287162179e+00 5.904011413745460235e-01 1.441629455703174756e+01 1.932038457769730488e+00 1.357021884171147086e+01 -2.579690941253516101e+01 -2.561651973222243583e+01 4.817323917446834636e-01 1.350147460102273023e+01 4.242451632834386643e+00 -2.968925812403200482e+01 1.344878859452779984e+01 -3.506372232321054216e+00 5.239911743836840330e+00 -1.949798430942967542e+01 -1.242328100053138940e+01 -4.062940463938855373e+01 1.310037701597672921e+01 1.477855099957530172e+01 6.913732430573850785e+00 -1.275982067474247827e+01 8.309917687205791381e+00 -2.241405983913939082e+01 9.587707999174865936e-01 2.649769157344348613e+01 -3.795937565440200001e-01 1.046089876321485690e+01 -2.767222368471949778e+01 3.658158162529391522e+00 -7.960547318609116907e+00 -1.033278884005664544e+01 3.358213536962875168e+01 -4.447965053320974249e+00 9.354650352445471384e+00 -5.366261687226476340e+00 -1.349685667604889616e+01 1.941452904114520805e+01 -2.416951014758755178e+01 8.538049607160851373e-01 2.728421293420779747e+01 -9.602160741869777638e+00 4.751497566421433838e+00 3.534478910758688031e+00 -1.936637144382983067e+01 -3.980038293583595621e+00 -9.936486285951209751e+00 1.436838095930624881e+01 -3.873914159111764288e+00 -2.042436227294948026e+01 -2.749143577060823418e+01 1.268111773888363558e+01 -1.505245743782011703e+00 6.186688767415117418e+00 -3.271003019349524266e+01 -1.977397643294389695e+01 -6.044097523229074120e+00 -1.995733745357402000e+01 2.651616989889119935e+01 -7.742944284517847109e+00 1.423050747187772558e+01 7.245081499520759749e+00 -1.523163857154618128e+01 2.361037066495972425e+01 1.463398614306262058e+00 2.795759490917582823e+01 -1.826224300247816856e+01 -6.746136899402667808e+00 1.201629322048744974e+01 -1.070386887175754964e+01 2.539212510393406319e+01 3.032224569985801921e+01 -1.911893464511957674e+01 -4.712135259907479501e+00 4.333886276924525660e+00 2.349569986056927107e+01 1.478239337507306495e+01 -4.304432979587946573e-01 -2.501813025155159309e+01 -5.865243117105550574e+00 -1.488917938117663553e+01 1.751253064456896524e+01 -6.361331283248711221e-01 -2.089776139728029491e+01 1.423919051674173541e+00 3.537510138507548163e+01 -2.193386783341730606e+01 7.729504537264706876e+00 -1.355629843570896398e+01 -5.289125805273940273e+00 3.962296308911790188e-01 4.346511244924775141e+00 -1.770052896335807979e+00 -3.745607221196760861e+01 -2.104604436681720703e+00 -9.670416044406412226e+00 9.634662097618981846e+00 1.035551357825114671e+01 -2.529093151664704919e+01
-1.472807649443874922e+01 -6.082509580805905536e+00 1.162238938746620320e+01 -6.498835024905281976e+00 1.754438127812980852e+01 9.705028793967526157e-01 1.200342992120275909e+01 -2.406827146180076937e+01 -7.670346801331617392e+00 -3.250408525427153084e+00 2.051181315238013170e+00 -3.237780936092196082e+00 -3.724194257491161864e+01 -1.229224436320923042e+00 -7.763029139555305491e+00 1.820525819615654939e+01 -2.344382597040315730e+01 -2.669087244874302556e+01 -1.674256325070980722e+01 1.868956376477173364e+01 1.509773128939779951e+01 6.950383135789035549e+00 1.109872349819212234e+00 -7.434774380253569293e-01 -2.229423974829011712e+01 -1.521262128797600610e+01 2.313768421755717242e+01 2.882553931200364516e+00 4.406212599519524709e+00 -1.462736188882263377e+01 3.833669078505280048e+00 -1.087237676515791129e+01 -1.177959387637207378e+01 4.226491666839464756e+01 -8.879654021026727406e+00 1.586175877056451711e+01 -1.609618145942421208e+01 -3.978841515152756081e+00 2.439643093076961122e+01 -2.339108720448610512e+01 -1.093658232141463316e+01 2.091737278639644160e+01 -7.121388867170110437e+00 2.020057567537315890e+01 6.151946173925779249e+00 -1.663332440466911066e+01 -4.465768844646321512e+00 -1.162152841559910854e+01 2.876490130525664313e+01 -1.248186250759570370e+01 -2.442874072781121342e+01 -2.281465208800067401e+01 1.729197603590172605e+01 -1.125698204864277585e+01 6.837688311723416845e+00 -3.637248241459571574e+01 -1.292375861589203012e+01 -7.488118491694619294e+00 -1.344222083605967022e+01 1.050494922782692342e+01 -9.961164042017724540e+00 2.283927765566515333e+00 -8.870924232894452643e+00 -1.139886143210510028e+01 2.850024233768294479e+01 5.552984308035561867e+00 3.540695248250612792e+01 -1.685723811175400755e+01 -1.155625453810248615e+01 2.127399582927346700e+01 -3.079048438595406267e+01 2.272425779543723223e+01 2.351775455866778586e+01 -1.528876617144286421e+01 2.077434808000307775e+00 2.606203829791421622e+00 1.977369906778075048e+01 9.248271383901199627e+00 8.398652866344214374e+00 -3.075171713170930943e+01 -7.243304622768801160e+00 -5.221883476294778559e-01 8.595879505336091242e+00 -1.420605624780370846e+01 -1.755512887259932953e+01 5.453679969903701519e+00 3.237298480073231843e+01 -2.893809319283984394e+01 2.064095820956096894e+00 -8.018679111050648345e+00 5.884863856985344199e+00 7.251376815021844280e+00 -8.196548411758115549e+00 -4.785125387236435657e+00 -3.758231321442123374e+01 -1.190394605160451746e+01 -2.468960273887404355e+00 1.348512236275796461e+01 1.310725626148578726e+01 -2.512757092554040739e+01
-1.413701299578424830e+01 -7.082705771147619345e+00 6.516625319298141150e+00 -6.924804481106385801e+00 1.892435491580835816e+01 9.253555388954639582e-01 8.904903219586335794e+00 -2.737755505920630839e+01 -1.995369581674052739e+01 2.399516248282954400e+00 1.569841069612317774e+01 1.000259504055896809e+00 -3.271607347597666404e+01 7.833261831910089512e+00 -4.922728492836389691e+00 1.360979712675601050e+01 -2.234258741295511186e+01 -2.037485977693703276e+01 -3.211486776600818871e+01 1.633248802944282474e+01 1.643897598373560953e+01 1.244193087206460291e+01 -4.311080551743781797e+00 7.719938898915169823e+00 -2.969917531901608498e+01 -3.602856944874134548e+00 3.091402014983945890e+01 -1.030044261779501369e+00 6.902823909175308970e+00 -2.580160974739738577e+01 4.783535407976057030e+00 -1.010045147908929764e+01 -1.029036740557931395e+01 4.056681880190971867e+01 -1.053801322524277673e+01 1.761955072401158873e+01 -6.679101433829282009e+00 -1.002223219568812240e+01 2.675860976153313686e+01 -2.803415612594409367e+01 -1.111414510213499129e+00 2.746816667611104279e+01 -8.369795332776991614e+00 1.356221316916076169e+01 3.399333423717322500e+00 -1.836384404405754722e+01 -7.424832582331153397e+00 -1.522849999557601564e+01 2.440960704556907146e+01 -9.182697460196337147e+00 -2.465036999599590573e+01 -2.670324510233225013e+01 1.025450227303899098e+01 -1.110597248038649099e+01 7.854907911986996893e+00 -3.691097879385724667e+01 -2.042332647095075160e+01 -4.063365541414999171e+00 -1.946304308201042588e+01 1.865589648918214394e+01 -6.166604617092183993e+00 9.218965062996700155e+00 1.625918105953547466e+00 -1.330159619306738961e+01 2.521287478023633710e+01 4.682837368030741132e+00 3.273307482406484326e+01 -1.440203706594759225e+01 -9.674951391642473197e+00 1.746055873176420903e+01 -1.904802392677307665e+01 2.422287279378088698e+01 2.594004047137594782e+01 -1.706177282428167530e+01 -4.579737583022591707e+00 4.285085180710321850e+00 2.546999352579044285e+01 8.770691794757116355e+00 6.358707027596770089e+00 -3.179138369112906659e+01 -7.357005671405789649e+00 -1.118514335853127228e+01 9.366662537838497116e+00 -8.095644367836220212e+00 -2.368849204889277260e+01 8.543224944193331893e+00 3.151284257256167720e+01 -2.889448158051423121e+01 2.646477744169874136e+00 -1.459941888560296164e+01 1.399486541327288780e+00 6.208781486225078972e+00 -4.105485738186327893e+00 -4.628997844684175078e-01 -3.990734655896973493e+01 -1.453812070416719671e+00 -1.206885230096919059e+01 1.335264755611014564e+01 1.592796455442964820e+01 -2.208861577468119108e+01
-2.123716485572428070e+01 -1.242128931812907489e+01 8.171080625969144862e+00 1.525335655554546366e-01 1.906682292911886734e+01 -9.770330021641028262e-01 1.027661372933862971e+01 -2.886923543897320954e+01 -7.224708843796647351e+00 1.519629527936852798e+00 4.255284824103163999e+00 -7.920111161914038078e+00 -3.736357588486875159e+01 -4.048789063333499527e+00 -8.798968016177790119e+00 2.980301460934532543e+01 -4.001148546177562793e+01 -1.879102420791680927e+01 -1.567890565443261863e+01 1.564324130402434854e+01 5.009676543723548647e+00 6.507503960231566964e+00 2.321366806181486719e+00 4.956273249584634222e+00 -2.325118479657841064e+01 -9.564059529994031195e+00 2.482790646142497337e+01 9.016657440224291165e+00 7.760194347716477203e+00 -1.160283055868031887e+01 9.232567796689441053e+00 -1.050773394865564292e+01 -1.728075235480828198e+01 3.826642805303527695e+01 -1.665299542377925945e+01 2.085364918197044304e+01 -1.518144390150836243e-01 -1.658745220876669757e+00 3.394041402726649181e+01 -2.118513657905797842e+01 -1.070096559085248877e+01 1.752877455900274839e+01 6.034986959329893708e+00 1.347539646404514002e+01 1.017917816590913027e+01 -2.341363258246350654e+01 -1.050034596092300321e+00 -8.923438413378340428e+00 1.856370647579041133e+01 1.172004742370711394e+00 -2.414525481176764998e+01 -2.436825474590077079e+01 8.962841945990991377e+00 -1.679340184146562365e+01 1.712899885045668924e+01 -1.573507123756191461e+01 -7.195138679725495479e+00 -5.490743189917898448e+00 -9.639191281902544262e+00 1.936825347708451162e+01 -2.699879591704353210e+00 -2.907541493256103671e+00 -5.915089987646078740e+00 -1.558075130711175227e+01 2.525021403665046194e+01 7.960041352675513160e+00 2.671421988871733078e+01 -1.267187702983737374e+01 -7.232686484546738015e+00 2.053542757984111233e+01 -2.123882470757197538e+01 1.838109812604610127e+01 2.207078175062701675e+01 -1.474433404858145558e+01 5.945302167099897339e+00 1.186805496155778350e+01 1.660354619001345355e+01 1.868363925851357976e+01 1.948910347537175625e+01 -3.524061548474072936e+01 6.418252141662202703e+00 -9.219085217277344313e+00 3.233107431357851613e+00 -1.469544381545245315e+01 -3.060171648618576867e+01 1.574887310849992694e+01 3.427889409928990716e+01 -2.551042079461646850e+01 1.004312784946374748e+01 -1.527598329629094209e+01 1.693266170288572292e+00 3.411893397040194120e+00 -4.417138446795739748e-01 6.917474065811465289e-01 -3.293596302100470297e+01 -1.541207516029517599e+01 -2.247754659162567847e+01 1.491844172554863057e+01 1.311479600281387548e+01 -1.695427786311800844e+01
-1.589828125470252473e+01 -4.968752014137003847e+00 -1.216945757705101494e+00 3.349831959104035306e+00 2.098789505690733748e+01 5.423271717143400394e+00 4.613112797945579047e+00 -2.930242503055841041e+01 -1.613031746619216733e+01 -6.344161537725284461e+00 9.939367051343888093e+00 8.981458461367600066e+00 -2.486124103376583605e+01 -2.726201134865746667e+00 -6.516305532857896488e+00 7.327102481585266780e+00 -9.732331395857110934e+00 -3.153794767421825540e+01 -2.931465545527341021e+01 1.875171490233783089e+01 1.423692660971361335e+01 3.789521919253147519e+00 3.435001149281028399e-01 -5.072525814482486517e+00 -2.124697589783695051e+01 -1.328558325483627023e+01 2.006720267027158755e+01 -4.942572072757294599e+00 -2.657787891411602654e+00 -2.001165326582312787e+01 3.203624599686513363e+00 -1.591243403669476253e+00 -1.756313024616605389e+01 3.903397920150852229e+01 5.879119675268744238e+00 9.565639661124881954e+00 -1.240125909939691873e+01 -1.998179286909619634e+01 2.773153883883708914e+01 -2.435635694237066673e+01 6.451518437604764955e+00 2.956170101098239655e+01 -1.022626049270440873e+01 2.081189294100549247e+01 3.416828893816974411e+00 -1.965584590458787773e+01 -8.432763735594804189e+00 -1.622284490695693648e+01 2.349689141450425467e+01 -1.901812757808889742e+01 -1.679501389956814705e+01 -2.625694199018685282e+01 5.130589759718319876e+00 -1.169317613130677458e+01 1.041169451859519768e+01 -3.259616375186392645e+01 -2.167579999574129346e+01 -9.319740088308043013e+00 -3.463771722924854402e+01 2.226511975567386159e+01 -1.879672906450738878e+01 1.857050620173049893e+01 2.507993162274690047e+00 -9.981448307630522265e+00 2.858169048532823098e+01 -4.691726184132828936e-01 2.833293383263595189e+01 -6.848127337286367577e+00 -2.141689471903166719e+01 1.300982972318628228e+01 -1.295305324454255569e+01 2.165841790128538946e+01 1.826826981166298935e+01 -1.983963522861569828e+01 -3.750413425385680455e+00 5.493894948930359234e+00 2.271606419147762068e+01 7.546951041838852348e+00 1.225562000705542554e+00 -2.808554980924647637e+01 -1.361843922917940297e+01 -4.805771442329243470e+00 1.570416213532453220e+01 -1.277544021482201053e+01 -1.158421528877582496e+01 -4.203126608993450475e+00 2.600807081959914058e+01 -3.232273852979246698e+01 -3.991668070812961489e+00 -1.041777149453959161e+01 -5.767141129688609702e+00 -1.366206708182414076e+00 -1.346426561751770912e+01 -3.635876004740317580e+00 -2.713577017426672100e+01 -8.090906588921365383e+00 -1.043954706882207617e+01 1.910242055793074201e+01 1.223428058337868052e+01 -2.558513502648595050e+01
-1.056263329804191997e+01 -3.166747100586678965e+00 8.522867118843763024e+00 -2.812103490384937121e+00 2.289102915873473520e+01 1.155404128098120076e+01 1.313501811419448106e+00 -3.227854815845953595e+01 -4.591097089130120601e+00 -5.855861329375074753e+00 4.788901340764920356e+00 8.610167256563515392e-02 -2.617326740008304498e+01 -8.688787657066324499e+00 -3.867188027075220358e+00 2.151151579641040712e+01 -2.153098688621274093e+01 -4.017213183103277174e+01 -1.442378739093343576e+01 2.092127460651966331e+01 9.863269483179387009e+00 1.362453781878799042e+01 1.374405993109967739e+01 -4.742084874978679920e+00 -2.219994120486236611e+01 -1.571746580072348465e+01 1.773578379126515259e+01 -5.362489447151413735e+00 -7.917631884740508497e+00 -7.954334129359107664e+00 8.971423482852948439e+00 -1.331420841851775627e+01 -1.229879196319678947e+01 4.365582575892614869e+01 -2.522036638377319395e+00 1.884322098244242127e+01 -6.365295357081085292e+00 -8.962589700986596242e+00 3.256245546012830516e+01 -3.048943414902072746e+01 1.681447486950147507e-01 2.745894808808950316e+01 -8.158600246115300436e+00 3.200039124155605919e+01 7.305452839836485524e+00 -2.012604167824537527e+01 -5.988089182890089290e+00 -1.281546205178180386e+01 3.063406680966515694e+01 -1.297451393792609764e+01 -2.961190325957437963e+01 -2.644950741956351337e+01 -9.175180547776710105e-01 -2.709159589474631602e+01 1.931326890042663891e+01 -2.580054528741800013e+01 -1.445357845571665756e+01 -1.629713749123348210e+00 -2.206040244967012143e+01 1.243967699704958640e+01 -1.606419753988808452e+01 1.372622361921263057e+01 -1.197868160673472815e+01 -7.678386488486047767e+00 2.689832358942087254e+01 1.333572414361085423e+00 3.214341316645259639e+01 -6.203624361818110167e+00 -1.258868264223579736e+01 1.497302894074181978e+01 -2.332516456815333328e+01 2.109456405746298557e+01 9.750138314572268428e+00 -1.760228111309139010e+01 -6.472766689390551775e+00 6.998568191064830302e+00 2.450625438595216465e+01 3.042444151218661741e+00 1.502326883257712886e+01 -3.560475650650000290e+01 -1.586317315996344490e+01 -8.322616967114036868e+00 1.072800942296481885e+01 -2.410940404089870626e+01 -2.478983927920553043e+01 8.519585244467446472e+00 2.245703641711059007e+01 -4.017002566583627043e+01 2.549809341511011240e+00 -1.129212061222272467e+01 4.451750232499380289e+00 4.802602939663264792e+00 -1.364838758888086012e+01 -1.206776635818336274e+00 -2.578164505409314344e+01 -1.184221555594419151e+01 -1.840375926523936201e+01 1.605162453392021860e+01 2.344191499587455496e+01 -1.532853186366260445e+01
-1.303397685119199778e+01 -6.285520052156305937e+00 -3.913919932339112950e+00 7.316993321831735564e+00 1.666566442951193139e+01 4.351592175301437493e+00 1.371212115904434903e+01 -2.510832133245500941e+01 -1.542266204529432194e+01 -7.772714325907553956e+00 2.883940490246800437e+00 8.376732080625263421e+00 -2.052006725378956631e+01 -3.419729760953047926e+00 -3.311613880911473018e+00 7.250350137586440091e+00 -8.828031251603842833e+00 -3.071228594922960298e+01 -2.802778319566694520e+01 1.744940916198243031e+01 1.046614768179118649e+01 1.253822181787130452e+00 -2.750058942870496459e+00 -6.842164042132006685e+00 -1.684026263326653350e+01 -1.594142070621233209e+01 1.471761288790024302e+01 -7.223710845335419073e+00 -4.569408033726226392e+00 -1.673771968526802212e+01 5.263857659439341141e+00 -2.888636767377203540e+00 -1.477901595216523489e+01 3.794663294457068048e+01 6.989784335828824524e+00 2.162399887607066695e+00 -1.562683971646848313e+01 -1.761367719828398037e+01 2.299782944673836482e+01 -2.530847267317027871e+01 8.491562809714745530e-01 2.881123775103288054e+01 -1.313942449406163249e+01 1.580107597951913689e+01 4.615185026094592580e+00 -1.939864377262043860e+01 -6.682987686863253174e+00 -1.029942772311768096e+01 1.932135120183270516e+01 -1.734878298320440138e+01 -1.434214932383530616e+01 -2.791279873980696635e+01 9.232734748464416441e+00 -5.994937465589365466e+00 1.097147581803114491e+01 -3.047479609778930154e+01 -1.993999299381569656e+01 -8.799651639594928909e+00 -3.393158779924313961e+01 2.217676070392469967e+01 -2.016403261269660518e+01 1.868858672265371723e+01 -7.385652015296769735e-01 -9.282077741132281901e+00 2.877222313500720219e+01 -3.145895427680663659e+00 2.637822067818000349e+01 -1.382361956680209403e+01 -1.680099864429339362e+01 1.084538546159563488e+01 -1.411196835109395487e+01 2.351322281871913944e+01 1.764052657079958664e+01 -2.116127425640715032e+01 -5.544561627974964324e+00 4.194693341737705694e+00 2.177293225888702821e+01 1.001732671221702731e+01 -2.761882058071603918e+00 -2.391781834528218909e+01 -1.441211562070060381e+01 -8.693900643660828820e+00 1.972140591031274326e+01 -1.061691277026187841e+01 -7.868423579106423205e+00 -8.567740201108888343e+00 2.962685940204641000e+01 -2.938629626866222466e+01 -3.687990557863354835e-01 -1.081887488833711863e+01 -8.519614524885186668e+00 -1.954302885679328972e+00 -1.048090738296753699e+01 -5.949705744273738439e+00 -2.436021351815099933e+01 -1.556366766656018186e+01 -3.763027027942816183e+00 1.661510567253789006e+01 8.460759986046243242e+00 -3.355850773042629243e+01
-8.987391012665467471e+00 -1.025001750560121572e+01 5.874191768650534939e+00 -1.419350103644047678e+01 1.939702455104367473e+01 1.042273442874252609e+00 1.189319780659950254e+01 -1.941468717744145422e+01 -1.581862522178953867e+01 1.364394224726442673e+00 7.898412455787891417e+00 -6.555345590385736720e+00 -3.735725557302582445e+01 9.853449346910396756e+00 -9.044853904905665321e-01 1.268463938115320033e+01 -2.959734744261991679e+01 -2.167491836555660711e+01 -2.622958377218091641e+01 1.898924208716546147e+01 1.099229226300969131e+01 1.166244287999285234e+01 -5.109310634499033554e+00 7.915588708912109972e+00 -2.236089200292739321e+01 -3.494713778722077446e+00 2.780466180539395893e+01 4.737306122326418567e+00 9.221805257944378553e+00 -1.986664915217629712e+01 1.999066909123973446e+00 -1.734111371851333772e+01 -4.861942188058306691e+00 3.629891117296509151e+01 -1.308094414393190874e+01 1.977496932657071937e+01 -1.096840613884853433e+01 2.697002927451700227e+00 2.292085926207000313e+01 -2.958930865340084182e+01 -1.109377384205679284e+01 2.245425990236644509e+01 -1.002496114397921545e+01 1.571922278653200777e+01 3.784497173588017738e+00 -1.925190871087096767e+01 -2.198977020742054922e+00 -1.203846074549135636e+01 2.805127805648353601e+01 -3.920993076293493917e+00 -2.280887734038181236e+01 -2.334955533025737395e+01 1.763338692880692449e+01 -4.887837507829589256e+00 9.125005203407779319e+00 -3.944269909611373492e+01 -1.186998225585322331e+01 -6.254367350610680276e+00 -4.502432276096238972e+00 1.754838848733977841e+01 -7.025601720338042533e+00 -1.343936518758507059e+00 -3.766565587932115822e+00 -1.426629528391179491e+01 2.427696773900658656e+01 2.052669165328561807e+00 3.648243492268929344e+01 -1.806777009145717727e+01 -5.495896330959869402e+00 1.950708310763928210e+01 -2.668159259885210233e+01 2.209175718497744256e+01 3.206217747948474539e+01 -1.524809086067880237e+01 2.002059486995480864e+00 -2.912156895215412433e+00 1.669014464789179897e+01 7.668557072841547750e+00 7.015284580036744266e+00 -2.910216161624312647e+01 -6.345414974388660312e+00 -4.449271427842226956e+00 8.207432927979590787e+00 -8.649481069788159004e+00 -2.727820687260505750e+01 8.646289209617510352e+00 3.582466940059195082e+01 -2.739142410193658250e+01 9.789693495982637828e+00 -8.651739826812868017e+00 8.563115229469003609e+00 8.542220365341567145e+00 -4.450361385622561450e+00 -4.465072999692646150e+00 -4.358173007188381831e+01 -3.491564908606185735e+00 -3.306897181302556277e+00 9.529039789320984610e+00 1.311940494611751795e+01 -1.889316117907774029e+01
-9.347747548102269377e+00 -4.630276546302899199e+00 1.384447850591912887e+00 -1.562775103660725806e+00 1.601426678860900310e+01 4.148409897029694093e+00 5.855357574553633704e+00 -1.704138930109550287e+01 -1.318465068397807727e+01 2.245653582468231324e+00 4.911993429020113489e+00 -5.453117153862462096e+00 -1.931698923637971888e+01 5.858239018830460942e+00 1.286084799703955062e+00 1.104000726439769409e+01 -2.490939886761477595e+01 -2.480508412513799144e+01 -3.015345934097819480e+01 1.619843560117069359e+01 5.719438240937056328e+00 6.497968502370146560e+00 1.187233451855431304e-01 3.602429495613561183e+00 -3.105486045862997813e+01 -7.233859783315259584e+00 2.403042913397453972e+01 3.424571126785468600e+00 -9.801060753193957531e-02 -1.591136161883039968e+01 4.051339922051572451e+00 -1.934411624891542614e+00 -1.063592454956727096e+01 2.803316468947744156e+01 -1.020695210389403584e+01 2.359052077434512285e+01 -1.034979241562783869e+01 5.687496769442127231e+00 2.503576422574065674e+01 -2.561865587017595658e+01 -4.303169362252561747e+00 2.712183876011573602e+01 -6.703002576105353327e+00 1.130299458171053928e+01 4.254347687633925901e+00 -1.948664140514913612e+01 -3.643271128538265291e+00 -1.033287993638040980e+01 1.618529314267821562e+01 -7.215571843884692527e+00 -1.000251910829982016e+01 -2.043904244023358885e+01 1.602369210737989391e+01 -2.223610589763152401e+00 1.113641189181895719e+01 -2.676213161115995121e+01 -1.472526116133705720e+01 -1.090878709045354178e+01 -1.642195141587402318e+01 1.610858821851915224e+01 -7.376759609860112477e+00 -1.701550069388057640e+00 -3.691832199066543918e+00 -1.095112090376010983e+01 2.846699145131240982e+01 -6.958881458601771541e+00 2.916242661657881285e+01 -5.656742532262157397e+00 -1.195207743077703633e+01 1.781887369331560222e+01 -2.140093085312544829e+01 2.351033834059395744e+01 2.399444170459078407e+01 -1.186450422476365496e+01 3.880732164395748640e+00 -1.640405594105366127e+00 1.414217540989901778e+01 5.330209561881544822e+00 6.618626608554458279e+00 -1.852389492073251631e+01 -1.657839744079032585e+01 -7.285355949764336536e+00 1.653806704718131826e+01 -5.264216388724922702e+00 -1.523282038370414426e+01 -2.431862889746512657e+00 2.748282560055740120e+01 -2.580653565843429220e+01 4.304292606264572996e+00 -8.609013770342457406e+00 -3.696617042357841054e+00 4.283413144311774445e+00 -1.200288554601757163e+01 7.117420312317549458e-01 -3.579986288543379658e+01 -1.131097924309782243e+01 5.573355361036560041e+00 1.390532378273856295e+01 1.529851661940605467e+01 -1.459361720576174193e+01
-1.277406018639049812e+01 -1.185635513005019170e+01 -3.813830570386203878e+00 4.423720495891533488e+00 1.533263090199987211e+01 -3.942251434805908783e+00 1.739661058550313300e+01 -2.773760619769399582e+01 -2.659658474790674987e+01 2.144745023979796050e-01 1.099962830655149304e+01 7.336238639471512002e+00 -2.570820262435725567e+01 1.127856952050615114e+01 -2.107790560927075063e+00 6.169370252128400622e+00 -1.929193282593670489e+01 -1.158829246835015603e+01 -3.744826489241307854e+01 1.154641982277031609e+01 8.158181541464962550e+00 7.203621615937208844e+00 -1.136095589587937127e+01 8.922010971764924747e+00 -2.577738172379829962e+01 -6.999204793985223994e+00 3.051257358513616680e+01 -8.806198795848338534e+00 1.752921886258488104e+00 -2.176079321279747703e+01 2.279873706239754050e+00 -7.945175714998110372e+00 -6.641426340319532606e+00 3.421077181346313978e+01 -6.812334182237760771e+00 4.353688434513717453e+00 -5.678795362762010690e+00 -1.500570938316752745e+01 1.957835128353658760e+01 -2.553949045080321412e+01 -1.554791928552424540e+00 3.104700112196475104e+01 -7.440956344913553622e+00 -3.190473967702469604e-01 6.668550411192049054e+00 -2.626059811392824628e+01 -4.283498087321936931e-01 -6.176519135331368204e+00 1.162685849800092441e+01 -4.436775991906549699e+00 -2.036495258839673284e+01 -3.226812299501737868e+01 1.075579106755534653e+01 -4.553373617527249451e+00 9.413917959596874496e+00 -2.484150214226928455e+01 -1.814021311598840569e+01 -8.621842591891864416e+00 -2.317165417521791326e+01 2.489617024999943240e+01 -5.972615767675156562e+00 1.644680629727308485e+01 8.087612631079633019e+00 -1.501997963976626060e+01 2.223325235216822549e+01 3.544861720700474894e+00 2.720570655115679770e+01 -2.570364090847095895e+01 -6.281052969827110921e+00 1.021345338698067096e+01 -7.497848011918392785e+00 2.917156729759878431e+01 2.511349392383442236e+01 -1.909685504713355186e+01 -8.753108061658371852e+00 9.814931147902969499e+00 2.140454095561838344e+01 2.077405196645619512e+01 -1.315550763094688991e+00 -2.588292926291126861e+01 -3.407832410564487713e+00 -1.921094249633380713e+01 1.766747674529998946e+01 -3.642559644276698982e+00 -1.752965501038600138e+01 1.046634975211949925e+00 3.679441716969793674e+01 -2.796124156296245289e+01 1.177574502302186232e+01 -1.406206238704302613e+01 -6.692257326931965622e+00 -1.921881908469175615e+00 1.610770357317150347e+00 7.721823002114592827e-01 -3.678569348085557067e+01 -7.149921380443458041e+00 -1.252177216762366996e+01 1.190078221191808261e+01 1.164585118482109571e+01 -2.768665927173701036e+01
-1.718550669640323747e+01 6.458017453304734645e-02 9.757965088524152009e+00 -3.230481150206375496e+00 2.750805173109572976e+01 1.049827307640097196e+01 -4.581367748831111975e+00 -3.796906300354837072e+01 -9.149437856663547919e+00 -5.791114690749047611e+00 1.381157831907025368e+01 6.594802446239127036e+00 -3.213061439216353676e+01 -8.219924351904804638e+00 -8.500496718037071631e+00 2.146484137899415146e+01 -1.681989338433680814e+01 -4.110725485430788240e+01 -1.621610227143488459e+01 2.196004257126092796e+01 1.848559833110203243e+01 1.340223669933331507e+01 1.431428316506160847e+01 -4.492733798843354442e+00 -2.704102674040277776e+01 -1.431120299185301725e+01 2.485804897311959039e+01 -2.146649150346755075e+00 -3.552130867863231956e+00 -1.301604523290468407e+01 6.816218119092479988e+00 -7.511876147255746261e+00 -1.480374026886405936e+01 4.654409998037827023e+01 -2.394959522612674085e+00 2.383983533674827626e+01 -4.879550073840634106e+00 -2.038597692917849358e+01 3.618080857291055707e+01 -2.177772463480794229e+01 3.978464384811276844e+00 2.612513205545073802e+01 -5.198985933567142226e+00 3.441270865198510620e+01 5.954351325457364119e+00 -2.028720299619763878e+01 -8.061064633167074334e+00 -1.948164488357718938e+01 3.518618245956935198e+01 -1.773438939164856620e+01 -3.037284909397589061e+01 -2.500600839236390982e+01 -3.277448591754045459e+00 -2.905075350130953282e+01 1.743624461241182289e+01 -2.682567270803878756e+01 -1.573445616155711768e+01 -4.902150039892505973e+00 -2.820196275501327676e+01 1.445391182664455165e+01 -1.256636076675870406e+01 1.564648764285265869e+01 -4.882376581617831057e+00 -8.041352428392460894e+00 2.734326954628314255e+01 5.300671558789959548e+00 3.324625951824262415e+01 -3.324597019982428181e-02 -2.120426711695587230e+01 1.838804827528033314e+01 -1.504880340433089003e+01 1.565599878341054030e+01 8.429945270948127956e+00 -1.745288076264941779e+01 -3.358057347820153193e+00 9.638734294566994265e+00 2.551852188461911908e+01 1.709003381122363940e+00 1.701591762839779065e+01 -4.191848768675853165e+01 -1.071441891378403355e+01 -3.489227333760787086e-01 5.977746582993814783e+00 -2.263083828950706788e+01 -2.087733731026201411e+01 1.054761994749923915e+01 1.744990291553406081e+01 -4.030325880321276344e+01 -3.214817064833568327e+00 -1.050880260810192368e+01 6.044307170607478241e+00 9.456228776149632198e-01 -1.534810771688226083e+01 1.475675437240445476e+00 -2.996898135007306507e+01 -3.292475683150115184e+00 -2.831547828005752621e+01 1.841762567529424999e+01 2.243872121131363429e+01 -1.102999256405442985e+01
-1.973703309672923112e+01 -6.278674642670330819e+00 -5.685092342202250570e+00 1.238763145071210658e+01 1.597964715737096775e+01 6.031195807415524079e+00 4.357455215369776091e+00 -2.570874515001278482e+01 -1.980031786908654468e+01 -7.887950639438408906e+00 1.815569755933930551e+00 7.149739336383868604e+00 -2.106067226737742359e+01 -1.820858823423903150e-01 -5.655528304946370710e+00 -6.551193431020920777e-01 -8.305681098136183493e+00 -2.065177600812052461e+01 -3.244464795154902959e+01 1.652538562994634930e+01 1.109549428732695553e+01 -1.339379714479244754e+00 -4.066951986716124345e+00 -2.151803129368169643e+00 -1.693251723023294275e+01 -1.083568521575389276e+01 1.309666348259497504e+01 -2.381487310442135907e+00 -1.288189750957237978e+00 -1.935315791014679832e+01 1.005566705734530997e+00 2.320502166164735591e+00 -2.049567660921090706e+01 3.163489794833141744e+01 7.379091160663145743e+00 8.058951802851197499e+00 -1.240950094151232008e+01 -1.811700167315981957e+01 2.805413298284005208e+01 -1.723385465114252568e+01 7.210883470753884694e+00 2.666337149177929078e+01 -8.079752054576106346e+00 1.373844615634809863e+01 3.639494899800884919e+00 -1.982060185783102924e+01 -3.179829394288361755e+00 -1.153304242924863487e+01 1.321528870665428457e+01 -1.501515298361596606e+01 -1.278787141117554604e+01 -2.643059443244666440e+01 9.325325088776057925e+00 -3.720916820531233071e+00 5.683452855362033596e+00 -2.322090046176248634e+01 -1.730665529714353568e+01 -1.042857904955678805e+01 -3.567694219120613752e+01 2.915878687377419709e+01 -1.935102546257730083e+01 2.056683292412029829e+01 8.070517878905477005e+00 -1.227094445458833860e+01 2.655573945843666905e+01 -7.902608799052784905e-01 2.863543598062348394e+01 -9.022695793605052472e+00 -1.806445908755605245e+01 8.936806259900343719e+00 -7.301217040631631683e+00 2.504329968038965504e+01 1.498605214058475532e+01 -1.917274124868950480e+01 -1.047443617054245157e+00 8.728039348141502174e+00 2.422899089478377377e+01 1.003642557211797204e+01 -5.059180206462428053e+00 -2.037011148226510571e+01 -1.082179065564389653e+01 -7.209839489939269264e+00 2.084631228865587005e+01 -9.475554709519288465e+00 -5.741045326394041304e+00 -1.466040825071420173e+01 2.316147003507443713e+01 -2.560671641684546174e+01 1.984827803302383620e+00 -1.123170688646638204e+01 -1.085293436403622280e+01 -5.385714988456305363e+00 -8.343963825084873775e+00 -3.798944408661981242e+00 -2.580298301427867713e+01 -1.217666888467202924e+01 -9.957416685406611734e+00 1.670053992883534733e+01 8.625501232519710015e+00 -2.228093169929652717e+01
-1.461401678683958139e+01 -9.156319136202402120e+00 -5.709799251903559636e+00 8.094334632988132938e+00 1.584613277716265678e+01 -1.251567669379356262e+00 1.324803163901885483e+01 -3.019911060894742505e+01 -2.687160277784386153e+01 -1.993156499376613544e+00 1.208667356314386332e+01 1.122677576023333934e+01 -2.253077660238950841e+01 8.198251939902647223e+00 -2.805436377114891577e+00 4.312788028037747523e+00 -1.361761408332957046e+01 -1.524357031462506562e+01 -3.853921540368926912e+01 1.201890434583744849e+01 9.219416998606629221e+00 5.902681960802602212e+00 -9.100511389357391678e+00 5.920304943006347465e+00 -2.469887803195036113e+01 -8.000493526033826797e+00 2.795944849110582453e+01 -9.961574850205909826e+00 -1.011039364144091568e+00 -2.206068247327630161e+01 2.679818482594309437e+00 -4.479289384896066650e+00 -9.864748529158418933e+00 3.402251531061918399e+01 -1.470655320294159019e+00 3.890359784822691402e+00 -5.581735404486573238e+00 -2.127902771809735682e+01 2.156356964911098117e+01 -2.312710064598080351e+01 3.369854006184577866e+00 3.258753412364089286e+01 -7.437586651739490406e+00 2.720230954647245181e+00 5.888742618288524078e+00 -2.640526148003092288e+01 -1.643687823355563848e+00 -7.647367644432483402e+00 1.099879425491185181e+01 -7.663550588580385181e+00 -1.902043437323262864e+01 -3.238391547644197743e+01 7.048700160496815137e+00 -6.169770087276878812e+00 9.816342522719038399e+00 -2.286405991654117997e+01 -1.970044472689808401e+01 -8.821860880322354603e+00 -3.016014757556715153e+01 2.662956131623609934e+01 -9.413290195691047302e+00 2.112005800921910392e+01 9.873312864396748267e+00 -1.350260990473024769e+01 2.316788256420905867e+01 2.059321820222680177e+00 2.552417644979311717e+01 -2.066777839268150174e+01 -1.024289619527421102e+01 8.218210556749383500e+00 -2.447641616230680661e+00 2.811864446918724880e+01 2.161436281132102977e+01 -2.040725285178965009e+01 -9.541618362312220825e+00 1.113510429059401829e+01 2.277934678843190497e+01 1.920843815965818635e+01 -2.560555844595963304e+00 -2.582969166799088967e+01 -5.807236906162730250e+00 -1.860406237621173631e+01 1.945778655440365768e+01 -4.432441890618002311e+00 -1.401883051699441118e+01 -2.277988937719927165e+00 3.228680663054142741e+01 -2.903400530611366293e+01 8.955890371573017816e+00 -1.400935339719522688e+01 -9.821803418708229927e+00 -4.468738530309089185e+00 -1.113716512200612296e+00 1.316529778516592586e+00 -3.272118914373133691e+01 -6.739132314175394711e+00 -1.491572152864419287e+01 1.424259575854754267e+01 1.206327458718133450e+01 -2.652482974605691268e+01
