date,SMALL LoBM,ME1 BM2,ME1 BM3,ME1 BM4,SMALL HiBM,ME2 BM1,ME2 BM2,ME2 BM3,ME2 BM4,ME2 BM5,ME3 BM1,ME3 BM2,ME3 BM3,ME3 BM4,ME3 BM5,ME4 BM1,ME4 BM2,ME4 BM3,ME4 BM4,ME4 BM5,BIG LoBM,ME5 BM2,ME5 BM3,ME5 BM4,BIG HiBM
1971-07-31,0.91307,0.9174640000000001,0.928623,0.940974,0.938763,0.93746,0.949788,0.961548,0.931106,0.939311,0.922199,0.953774,0.969792,0.943836,0.951355,0.9663889999999999,0.958225,0.961692,0.958471,0.923135,0.961003,0.957641,0.967191,0.967033,0.945057
1971-08-31,1.033568,1.043553,1.032447,1.045109,1.055905,1.038126,1.074508,1.035009,1.056475,1.083463,1.065752,1.04553,1.022789,1.065719,1.090763,1.0686309999999999,1.038291,1.026126,1.033057,1.104271,1.053477,1.04867,0.988757,1.019668,1.136489
1971-09-30,1.016029,1.018328,0.99551,0.994083,0.978462,1.022058,0.991054,0.981419,0.980709,0.976987,1.01342,1.000526,0.988523,0.99056,0.968405,1.0193,0.990464,0.998679,0.997478,0.954453,1.002972,0.987245,0.987702,0.985443,0.978515
1971-10-31,0.923857,0.9293899999999999,0.932368,0.953407,0.928775,0.942949,0.946338,0.966894,0.953631,0.935165,0.922036,0.9352,0.972692,0.949173,0.952489,0.96922,0.966041,0.97755,0.942672,0.941496,0.964587,0.938471,0.969825,0.972929,0.959791
1971-11-30,0.965374,0.940524,0.963713,0.955246,0.945294,0.979609,0.976895,0.982859,0.972061,0.979355,0.981846,0.988059,0.98806,0.960438,0.950615,1.001973,0.981442,0.975105,1.00747,0.957968,1.01053,1.006682,1.002505,0.9945,1.002865
1971-12-31,1.141158,1.139603,1.110308,1.118317,1.1296249999999999,1.128132,1.139788,1.127723,1.110867,1.124891,1.136589,1.099252,1.10148,1.118165,1.118179,1.124427,1.095834,1.08622,1.080027,1.125141,1.083917,1.098387,1.085138,1.0694,1.089455
1972-01-31,1.142909,1.138985,1.115459,1.107206,1.14668,1.0827849999999999,1.067927,1.054259,1.069906,1.104317,1.053639,1.044874,1.02394,1.055107,1.079983,1.028103,1.019338,1.01724,1.032088,1.079686,1.027438,1.006149,0.993347,1.008173,1.063915
1972-02-29,1.031049,1.055733,1.043438,1.042718,1.034596,1.051515,1.045114,1.042193,1.019249,1.03694,1.065406,1.04382,1.016947,1.00509,1.020938,1.055301,1.015444,1.000138,1.021711,1.003998,1.046863,1.02454,1.011482,1.003758,1.000593
1972-03-31,1.020309,1.005014,0.981738,0.986131,0.991514,1.020305,1.016417,0.990935,0.992646,0.986439,1.026255,1.010574,1.016183,1.008502,0.985759,1.009864,0.997216,1.03177,1.016582,1.01169,1.025422,1.004736,0.968914,0.980907,1.028562
1972-04-30,1.001183,1.00591,0.989641,1.010529,1.011717,1.001923,1.006046,1.02059,1.015404,1.016177,1.017915,0.99016,0.999734,1.011069,0.998135,0.990241,0.993881,0.996255,1.012523,1.035201,1.009814,1.012741,1.001887,1.001583,0.989066
1972-05-31,0.979409,0.9803,0.962963,0.978295,0.975858,0.995943,0.98425,0.980582,0.965218,0.982408,1.014503,0.978418,1.010055,0.988709,0.959627,1.041909,0.98092,0.986953,0.998563,1.006327,1.03278,0.994244,1.030205,1.009967,0.973162
1972-06-30,0.958014,0.957344,0.964996,0.969865,0.96,0.96058,0.966994,0.984453,0.986441,1.009341,1.001678,0.98039,0.960444,0.946681,0.941342,0.9576,0.977897,0.978448,0.954135,0.9219269999999999,0.992882,0.965242,0.974126,0.976562,0.9332469999999999
1972-07-31,0.932629,0.949573,0.964114,0.964083,0.972005,0.946587,0.951388,0.965579,0.980634,0.958049,0.966345,0.985291,0.968369,0.990217,0.996427,0.963658,0.971739,0.979319,1.000058,0.974196,1.01616,0.98461,1.00254,0.986254,0.983549
1972-08-31,0.98493,0.976445,1.011239,0.995331,1.022496,0.994937,0.983735,1.016323,1.016127,1.052534,1.002251,1.021338,1.028098,1.056772,1.028455,1.001321,1.026995,1.048851,1.052513,1.070215,1.007528,1.068195,1.073998,1.089123,1.061666
1972-09-30,0.951484,0.951504,0.95539,0.960571,0.958405,0.96493,0.962165,0.97931,0.974708,0.970242,0.986801,0.971465,0.990021,0.979112,0.972832,0.980717,0.967509,0.994214,0.97627,0.959277,1.001573,0.98371,0.981813,1.020076,0.9624
1972-10-31,0.964304,0.972728,0.97533,0.977871,0.980448,0.959315,0.995708,1.015488,1.005279,0.995271,0.970414,0.991764,1.015119,1.006182,0.994159,0.983763,1.002499,1.010631,1.023506,0.993012,1.009982,1.009907,1.021373,1.023989,1.010565
1972-11-30,1.006383,1.041349,1.042884,1.059963,1.058901,1.041785,1.047685,1.076456,1.047139,1.071715,1.031327,1.042273,1.06501,1.078544,1.07481,1.067518,1.069367,1.07026,1.070691,1.10923,1.016207,1.067555,1.066457,1.08119,1.1385399999999999
1972-12-31,0.980904,0.970279,0.971217,0.974387,0.984374,0.994085,0.973655,1.001867,0.966866,0.975808,1.008022,0.99703,0.995259,0.986832,0.971257,1.003942,0.985644,0.990363,0.984995,0.955757,1.037077,0.999548,0.99364,0.999393,0.973642
1973-01-31,0.917647,0.958297,0.962582,0.964578,0.985964,0.893757,0.942639,0.931474,0.974149,0.940064,0.925499,0.9228959999999999,0.940139,0.964465,0.946311,0.936455,0.9227879999999999,0.943588,0.965454,0.954631,0.983992,0.960811,0.989514,1.006285,0.956389
1973-02-28,0.859276,0.9112750000000001,0.912827,0.920158,0.941005,0.862454,0.919303,0.926621,0.942303,0.944509,0.8869469999999999,0.917504,0.925751,0.966326,0.930328,0.9199539999999999,0.916792,0.954909,0.9636979999999999,0.977233,0.977726,0.970503,0.950591,0.940591,0.966136
1973-03-31,0.936075,0.959506,0.975429,0.989906,0.981398,0.949963,0.975515,0.975591,0.97823,0.99717,0.955049,0.955606,0.97795,0.983479,1.009617,0.959678,0.960381,0.982325,0.976031,1.00699,0.99269,0.990325,1.018182,1.018676,1.015684
1973-04-30,0.87489,0.9015070000000001,0.933025,0.938163,0.946041,0.860679,0.90593,0.94277,0.958361,0.950014,0.891975,0.934655,0.961597,0.961903,0.95578,0.891064,0.920893,0.968266,0.971558,0.957232,0.941201,0.966259,0.97871,0.99258,0.972333
1973-05-31,0.886228,0.887698,0.91098,0.921628,0.916316,0.888258,0.908644,0.9220200000000001,0.942559,0.906906,0.90896,0.914593,0.956692,0.966507,0.931745,0.931517,0.915947,0.976896,0.974415,0.950995,1.002196,0.989283,0.990067,0.966793,0.943505
1973-06-30,0.949265,0.961087,0.95149,0.972163,0.976426,0.930833,0.963121,0.970647,0.978814,0.980918,0.939264,0.969641,0.983682,0.987321,0.972853,0.954284,0.961935,0.968702,0.990523,0.961478,0.996241,0.99656,1.008658,0.992202,0.979654
1973-07-31,1.19072,1.161685,1.119528,1.13397,1.107737,1.214626,1.14035,1.11414,1.067447,1.100291,1.188871,1.096239,1.079777,1.023553,1.077105,1.1535090000000001,1.09038,1.062119,1.037711,1.087438,1.054259,1.057071,0.998083,1.019714,1.042147
1973-08-31,0.946015,0.931629,0.939542,0.94045,0.954429,0.972715,0.926628,0.952535,0.947677,0.959025,0.96974,0.95532,0.965272,0.972652,0.992261,0.975438,0.988606,0.974808,0.981289,0.992134,0.965611,0.977724,0.96306,0.974614,1.007834
1973-09-30,1.120577,1.111544,1.069156,1.078112,1.070507,1.110609,1.114221,1.11848,1.069878,1.103359,1.112856,1.098005,1.101708,1.090113,1.105263,1.0989,1.119637,1.111434,1.10001,1.11407,1.003144,1.070786,1.086242,1.086143,1.082805
1973-10-31,0.974938,1.004746,1.014577,0.999588,1.013363,0.969899,0.970138,1.008678,1.017736,1.008798,0.961442,1.023487,1.008595,0.997696,1.015237,0.976787,0.981227,1.008811,0.997724,1.016343,1.005308,0.992327,1.001652,0.970036,1.025391
1973-11-30,0.748591,0.789565,0.8071470000000001,0.830639,0.818047,0.767562,0.801064,0.805405,0.841574,0.838367,0.771999,0.816076,0.8366359999999999,0.879561,0.846313,0.79694,0.828325,0.860613,0.873312,0.8525780000000001,0.891136,0.876101,0.891544,0.9370769999999999,0.917072
1973-12-31,0.96201,0.952885,0.971935,0.961195,0.957119,0.994506,0.9569529999999999,0.993018,0.989704,0.989178,0.987524,1.004103,1.007942,1.011274,1.023758,1.002822,1.023343,1.068016,1.030468,1.070613,0.983038,1.007835,1.07279,1.050341,1.111402
1974-01-31,1.103843,1.144836,1.148589,1.12919,1.185375,1.04682,1.105891,1.095355,1.102557,1.138823,1.050404,1.048892,1.081885,1.070388,1.115607,0.978039,1.028295,1.02924,1.07978,1.056402,0.980977,1.007523,0.970189,1.006854,0.999189
1974-02-28,0.995496,0.9908,0.994982,1.001953,1.011295,1.003744,1.019002,1.011871,1.017737,1.038966,0.972085,1.004491,1.011826,1.00308,1.023508,0.975593,1.009941,1.02395,1.021288,1.035661,0.988415,1.016036,0.99156,1.02767,1.038685
1974-03-31,1.001496,0.993492,1.002994,1.014259,1.021476,0.985372,1.012051,0.98564,0.990987,1.005404,0.984566,0.991567,0.970551,0.982107,0.989876,0.97443,0.962079,0.95036,0.972229,0.977945,0.985828,0.962925,0.97601,0.96517,0.952361
1974-04-30,0.953548,0.940901,0.943956,0.947968,0.960601,0.916301,0.93593,0.938166,0.966139,0.96747,0.937392,0.9323,0.963682,0.94316,0.976211,0.930634,0.931131,0.940944,0.933241,0.983612,0.972756,0.951693,0.949733,0.938811,0.945646
1974-05-31,0.9167069999999999,0.92588,0.919934,0.929189,0.936383,0.935531,0.919269,0.923274,0.925848,0.926146,0.926891,0.911233,0.93158,0.9252130000000001,0.9167609999999999,0.93867,0.912553,0.946199,0.939742,0.926517,0.991304,0.967193,0.94315,0.966568,0.921415
1974-06-30,0.962849,0.967275,0.975533,0.976715,0.984653,0.964676,0.959555,0.967632,0.993213,0.99417,0.957374,0.973657,0.967728,0.954445,0.995183,0.9669490000000001,0.966028,0.975994,0.94692,0.955778,0.9851,0.968504,0.982469,0.979568,1.015684
1974-07-31,0.915285,0.94458,0.949099,0.954822,0.958593,0.922175,0.956812,0.956954,0.964038,0.971628,0.933285,0.977413,0.975661,0.968988,1.0097,0.9149970000000001,0.94116,0.977848,0.992537,0.983823,0.8910560000000001,0.958289,0.963577,0.9588,0.948456
1974-08-31,0.908976,0.9167069999999999,0.924914,0.924791,0.930067,0.90417,0.890001,0.939869,0.923922,0.945227,0.891308,0.895725,0.932338,0.92721,0.9310039999999999,0.882167,0.911461,0.914068,0.940031,0.934697,0.899929,0.923536,0.954075,0.920595,0.913111
1974-09-30,0.871082,0.913594,0.930412,0.930131,0.9132830000000001,0.8784190000000001,0.925005,0.920874,0.923414,0.92616,0.868052,0.917872,0.931902,0.952338,0.935469,0.884368,0.93149,0.947054,0.943882,0.923369,0.850814,0.900247,0.950705,0.9475480000000001,0.9336869999999999
1974-10-31,1.164012,1.071661,1.072194,1.077012,1.08855,1.164286,1.107328,1.0678860000000001,1.081387,1.067567,1.187726,1.109698,1.073522,1.083584,1.102116,1.212099,1.1321780000000001,1.115073,1.100293,1.087818,1.2220309999999999,1.138352,1.133401,1.106006,1.013923
1974-11-30,0.938882,0.943368,0.949514,0.947717,0.930638,0.957608,0.959596,0.961093,0.948474,0.929476,0.952874,0.960318,0.971414,0.958507,0.980474,0.977117,0.996435,0.984756,0.959997,0.952063,0.954332,0.966857,0.959141,0.975968,0.958169
1974-12-31,0.929147,0.918666,0.927526,0.925002,0.910295,0.936651,0.938608,0.947774,0.931237,0.94356,0.94398,0.95773,0.959128,0.950122,0.927519,0.955297,0.971772,0.960374,0.97887,0.913255,0.961726,1.004302,1.013441,0.988954,1.018779
1975-01-31,1.251985,1.30069,1.2828140000000001,1.282656,1.3320349999999999,1.214454,1.266206,1.266153,1.271808,1.296542,1.189787,1.250351,1.220549,1.234949,1.292201,1.156047,1.2024599999999999,1.238873,1.240697,1.278541,1.093012,1.139775,1.13932,1.1986620000000001,1.156797
1975-02-28,1.077169,1.051878,1.032137,1.036068,1.049859,1.085324,1.067867,1.015567,1.038163,1.020191,1.074185,1.031953,1.032423,1.045844,1.046654,1.064918,1.027081,1.017455,1.02832,1.027556,1.096064,1.0275,1.037671,1.022084,0.967661
1975-03-31,1.089409,1.107724,1.08807,1.080019,1.097477,1.068158,1.071514,1.068766,1.058896,1.085342,1.059567,1.066347,1.042543,1.071121,1.053077,1.059257,1.062005,1.053121,1.050619,1.050417,1.027082,1.018429,0.988057,1.062754,1.061513
1975-04-30,1.072429,1.062618,1.041693,1.02889,1.030793,1.060252,1.03783,1.027489,1.013663,1.039616,1.056696,1.048498,1.051843,1.038238,1.032776,1.069673,1.032652,1.027861,1.049253,1.066052,1.057208,1.047546,1.008657,1.054812,1.050109
1975-05-31,1.117289,1.111419,1.0838700000000001,1.079429,1.070959,1.121382,1.0785420000000001,1.069722,1.078459,1.07699,1.052595,1.081834,1.043832,1.079967,1.012462,1.07744,1.056637,1.054565,1.039196,1.058189,1.049723,1.085905,1.04661,0.996259,1.00952
1975-06-30,1.056052,1.076895,1.074868,1.08958,1.081412,1.095278,1.07333,1.071415,1.083878,1.029795,1.057932,1.052228,1.066343,1.055792,1.047688,1.052291,1.07772,1.076449,1.10544,1.089636,1.035527,1.071334,1.048652,1.068054,1.074251
1975-07-31,0.982648,1.002287,0.986264,0.993251,0.99378,0.96396,0.967649,0.976879,0.965375,0.959102,0.948383,0.965898,0.965488,0.962198,0.940247,0.927209,0.936059,0.957936,0.957069,0.931524,0.918571,0.958968,0.953721,0.942938,0.984452
1975-08-31,0.931713,0.937226,0.953382,0.945763,0.92183,0.952834,0.961383,0.946076,0.958979,0.92094,0.960909,0.96672,0.968255,0.957001,0.943523,0.955954,0.966269,0.968526,0.975581,0.993136,0.980534,0.981758,0.982633,1.021809,0.955364
1975-09-30,0.945093,0.974454,0.966836,0.970326,0.961629,0.967138,0.96049,0.96508,0.965477,0.945517,0.947382,0.971656,0.959403,0.958266,0.959735,0.954823,0.965613,0.965403,0.968519,0.955268,0.953735,0.986906,0.975868,0.957613,0.946458
1975-10-31,1.012311,1.01341,1.027032,1.029432,1.010143,1.022264,1.041316,1.014048,1.041053,1.042278,1.018721,1.038634,1.035306,1.052559,1.003648,1.056899,1.063416,1.070906,1.05576,1.069316,1.071686,1.056243,1.04413,1.068431,1.039012
1975-11-30,0.999197,1.020314,1.018333,1.023037,1.037319,0.999662,1.031542,1.021169,1.041683,1.041218,1.019551,1.028979,1.046344,1.042177,1.011077,1.029615,1.040792,1.040087,1.070322,1.060613,1.032696,1.021354,1.032359,1.02973,1.047373
1975-12-31,0.991391,0.987814,0.988672,0.987709,0.987393,0.973777,0.985613,1.008702,0.989816,0.97763,0.991657,0.985126,1.00712,0.997867,1.030862,0.975683,1.007102,0.998344,0.995775,0.992343,0.974014,1.009139,1.002335,1.006389,1.052476
1976-01-31,1.156909,1.169568,1.214911,1.234947,1.269278,1.13032,1.164669,1.165383,1.212334,1.2676180000000001,1.161852,1.150803,1.169741,1.1832829999999999,1.215876,1.12738,1.134483,1.165284,1.185687,1.225976,1.111489,1.095133,1.138833,1.170251,1.151633
1976-02-29,1.101979,1.073918,1.101221,1.117814,1.157746,1.07532,1.064103,1.073684,1.086847,1.113194,1.038959,1.03767,1.055082,1.071075,1.130954,1.007301,1.033738,1.043052,1.049045,1.039316,0.976679,1.014153,0.991618,0.989935,1.0944180000000001
1976-03-31,1.032229,1.021417,1.020225,1.007255,1.01447,1.009158,1.01025,1.001692,1.011911,1.027152,1.013066,1.008596,1.019781,1.019552,1.021419,1.008853,1.020607,1.012048,1.015671,1.068046,1.031416,1.036845,1.0298910000000001,1.031458,0.989893
1976-04-30,0.987397,0.991626,0.973268,0.988901,0.981228,0.98764,0.9841530000000001,0.993995,0.990026,0.978539,0.984423,1.00031,0.993113,0.990317,0.995061,0.9839,0.986216,0.994708,0.977213,0.962655,0.977262,1.003527,1.016001,1.008283,1.011439
1976-05-31,0.981379,0.981891,0.984562,0.9637519999999999,0.955065,0.994241,0.979276,0.989662,0.973716,0.955988,0.98508,0.985528,0.983658,0.985388,0.970131,0.976469,0.987798,0.989746,0.957652,1.01226,0.98945,1.005886,0.990343,0.979493,1.013951
1976-06-30,1.042856,1.022115,1.019918,1.033202,1.020504,1.026463,1.031161,1.034032,1.03589,1.060871,1.043787,1.053241,1.065488,1.045276,1.081408,1.041091,1.050403,1.070142,1.083753,1.039122,1.043087,1.039802,1.056331,1.058088,1.029431
1976-07-31,0.990114,0.980831,1.007693,0.996572,1.010965,0.989135,0.998638,1.027177,1.003105,1.014731,0.984987,0.994391,1.005854,1.005073,1.003137,0.984162,1.004934,1.004675,1.016078,1.013878,0.983713,1.001927,1.002302,0.992471,1.026397
1976-08-31,0.956102,0.982459,0.987612,0.982858,0.98232,0.95503,0.98254,0.975287,0.986831,0.984112,0.973355,0.985968,0.990412,0.998719,0.958313,0.973292,1.003136,1.015037,0.990528,1.004255,0.997219,1.004178,1.018684,0.994658,1.010659
1976-09-30,1.023366,1.019606,1.012838,1.0239,1.021038,1.044135,1.042939,1.027978,1.03272,1.0202,1.034857,1.027979,1.025616,1.027622,1.008445,1.022722,1.022509,1.030474,1.032274,1.013028,1.0163,1.043966,1.032888,1.036978,0.993701
1976-10-31,0.972516,0.982612,0.983828,0.983692,0.975127,0.971098,0.9651460000000001,0.977134,0.985463,0.988665,0.965796,0.999404,0.984989,0.989434,0.963303,0.977677,0.986524,0.988706,0.981791,0.9705,0.976262,0.975011,0.99286,0.970651,0.959846
1976-11-30,1.056255,1.034143,1.019969,1.023169,1.034236,1.028389,1.034643,1.031028,1.044569,1.045656,1.037549,1.034575,1.031625,1.0431,1.070215,1.044273,1.032413,1.033879,1.025963,1.016988,0.983662,1.001409,1.020629,1.017308,1.043755
1976-12-31,1.106765,1.094519,1.097171,1.109845,1.09824,1.09187,1.091725,1.092798,1.092276,1.117441,1.056555,1.094646,1.087591,1.085218,1.080482,1.06106,1.070511,1.073888,1.094744,1.09536,1.038982,1.072958,1.05683,1.074438,1.0667659999999999
1977-01-31,1.029468,1.041455,1.02867,1.043467,1.055571,0.997272,1.024785,1.00298,1.021941,1.031947,0.979137,0.997751,1.010223,1.009507,1.006386,0.957756,0.973081,0.975265,0.997982,1.016007,0.921349,0.966637,0.990164,0.983924,1.007307
1977-02-28,0.995697,0.99706,0.998183,0.996088,1.002955,0.982141,0.988462,0.998103,0.998654,0.983654,0.958643,0.990014,0.977254,1.001956,0.965165,0.969911,0.982821,0.980009,0.983535,0.977815,0.987979,0.967275,0.992839,0.976457,0.990718
1977-03-31,1.003162,1.002264,1.010908,1.016379,1.011277,1.005049,0.992361,1.016654,0.997837,0.994384,0.999465,1.014691,0.997597,0.998415,1.006897,0.981147,1.002271,1.009226,1.011323,1.049324,0.98307,0.981735,0.986867,0.994874,1.002231
1977-04-30,1.012996,1.002428,1.015422,1.023004,1.02647,1.011216,1.015786,1.013778,1.021097,1.026711,1.004823,1.00796,1.020498,1.025082,1.023517,0.993549,1.02134,1.027578,1.024154,1.027234,0.978285,1.021636,1.014198,1.036595,1.059976
1977-05-31,0.982614,0.994678,1.004569,1.00281,1.012295,1.008186,0.99116,0.99746,1.007264,0.983019,0.993309,1.00024,1.005396,1.004513,1.008114,0.995278,0.989727,0.999506,0.987977,0.983403,0.974311,0.991377,1.005775,0.9852069999999999,0.969529
1977-06-30,1.058909,1.065888,1.073944,1.054224,1.074068,1.085342,1.065403,1.06351,1.055186,1.085088,1.089809,1.062573,1.060875,1.047694,1.059251,1.064793,1.04875,1.049353,1.048295,1.069802,1.059862,1.039638,1.029144,1.052415,1.019827
1977-07-31,1.012372,1.006483,1.013261,1.006021,1.009172,0.990453,0.999874,0.994562,1.005865,1.003159,0.999931,1.001171,0.987297,0.989588,0.989472,0.989518,0.967305,0.993681,0.989429,0.955372,0.987091,0.972357,0.99232,0.998203,0.951104
1977-08-31,1.010469,0.995239,0.9955,0.986713,0.982239,1.008287,0.991904,0.98419,0.990906,0.984918,1.018413,0.987444,0.992983,0.993678,0.98897,0.985793,0.986761,0.979886,0.97969,0.966933,1.010813,0.964794,0.970438,0.951366,0.957834
1977-09-30,1.020987,1.024654,1.008299,1.01747,1.013348,1.006201,1.008292,1.016064,1.005393,1.004857,1.019635,1.014879,1.012543,1.000902,0.999675,1.009432,1.003188,1.007994,1.007406,0.987848,0.991073,0.992064,1.022634,1.0039,0.998877
1977-10-31,0.954313,0.972379,0.974484,0.989476,0.977662,0.946997,0.975784,0.962,0.999844,0.970729,0.964167,0.977802,0.975983,0.976604,0.972272,0.96058,0.967601,0.971047,0.958786,0.950349,0.954759,0.958936,0.949583,0.974975,0.964051
1977-11-30,1.09484,1.0858970000000001,1.083217,1.068677,1.090621,1.084746,1.095917,1.089305,1.070556,1.082075,1.067549,1.075852,1.060309,1.057625,1.085688,1.0709,1.063677,1.056258,1.069659,1.079523,1.035976,1.033564,1.030003,1.029662,1.047229
1977-12-31,1.048478,1.036101,1.027604,1.026417,1.018094,1.028472,1.01572,1.007393,1.004616,1.024525,1.015987,1.005906,1.020017,1.011467,1.005587,1.003869,1.008654,1.005652,0.99818,0.993726,1.000396,1.010678,1.011936,1.003695,1.013495
1978-01-31,0.987804,0.967413,0.986346,0.989378,1.004276,0.946222,0.945953,0.974738,0.980081,0.979675,0.932023,0.950067,0.965471,0.968637,0.986341,0.938775,0.937928,0.945164,0.958198,0.984577,0.937039,0.927972,0.945919,0.950335,0.970684
1978-02-28,1.032652,1.029558,1.039082,1.03271,1.036666,1.017923,1.014516,1.013822,1.021326,1.00442,1.005822,1.017624,1.005637,1.005267,1.013743,0.987719,0.99309,0.992211,1.009222,0.986871,0.96787,0.984538,1.024314,0.989857,0.963475
1978-03-31,1.08371,1.070412,1.085479,1.068455,1.081612,1.061532,1.060499,1.077158,1.062587,1.075504,1.055633,1.055202,1.044477,1.047728,1.079953,1.050514,1.048684,1.047477,1.047508,1.051025,1.012408,1.039187,1.030256,1.0286,1.033942
1978-04-30,1.102521,1.087968,1.078985,1.071124,1.084243,1.101408,1.073855,1.081932,1.072494,1.0685850000000001,1.098589,1.082879,1.077586,1.048199,1.067266,1.08666,1.071978,1.052979,1.05907,1.083444,1.119007,1.086,1.046468,1.051088,1.052702
1978-05-31,1.082793,1.060368,1.086622,1.065809,1.081463,1.06623,1.072979,1.051864,1.03919,1.048221,1.063082,1.055183,1.054076,1.02176,1.03911,1.048346,1.036672,1.013114,1.021906,1.037014,1.013389,1.013275,0.9992,1.011113,1.019956
1978-06-30,1.006311,1.007157,1.000892,1.001134,1.002197,0.988012,0.973925,1.004516,1.031164,1.001409,0.99349,0.994827,1.007612,1.010939,1.009916,0.989926,0.993532,1.000131,1.005597,0.995084,0.988001,0.969828,0.980015,0.982138,0.991814
1978-07-31,1.064019,1.065261,1.058455,1.046303,1.048218,1.0792410000000001,1.053479,1.058897,1.049774,1.0815,1.063166,1.052526,1.044068,1.042474,1.052849,1.061275,1.060461,1.061427,1.060885,1.0996299999999999,1.076186,1.049381,1.047768,1.028254,1.047604
1978-08-31,1.096287,1.095379,1.083225,1.078624,1.10457,1.09223,1.07905,1.098324,1.066246,1.092153,1.078348,1.102226,1.076683,1.050473,1.087022,1.07529,1.063334,1.044306,1.038063,1.028278,1.025832,1.032579,1.048413,1.030747,1.002142
1978-09-30,0.990374,1.003178,0.980324,0.999951,1.002474,0.984332,0.982628,0.979274,1.006856,0.981504,0.963526,0.972523,0.985616,0.996599,0.990373,0.967921,0.977295,1.005554,1.000074,0.988225,0.967747,1.001947,1.018541,1.010586,1.008863
1978-10-31,0.733864,0.765157,0.782539,0.8136220000000001,0.788006,0.750433,0.80675,0.817729,0.8481110000000001,0.807085,0.813351,0.811867,0.8574269999999999,0.857599,0.80192,0.844103,0.868431,0.863044,0.8790910000000001,0.851788,0.916452,0.906582,0.9159619999999999,0.928964,0.878458
1978-11-30,1.085965,1.077838,1.069994,1.042098,1.044858,1.114461,1.053337,1.044562,1.030189,1.057065,1.07114,1.050734,1.041722,1.028688,1.034132,1.046851,1.021853,1.035566,1.019477,1.0274,1.02415,1.027366,1.040554,1.033099,1.025331
1978-12-31,1.036023,1.02855,1.020357,1.011275,1.008399,1.029996,1.032003,1.012765,1.022793,1.020913,1.027673,1.020885,1.002791,1.015493,1.031988,1.012976,1.017936,1.010465,1.006307,1.002718,1.034423,1.009287,1.008645,0.999497,0.992527
1979-01-31,1.100914,1.098299,1.081086,1.104734,1.115649,1.087719,1.081731,1.07636,1.074107,1.101791,1.070079,1.062163,1.0776,1.070859,1.093765,1.054769,1.054148,1.060157,1.084975,1.06334,1.024515,1.050162,1.044335,1.046975,1.076414
1979-02-28,0.970239,0.962756,0.978287,0.971045,0.98597,0.97053,0.968305,0.972857,0.966642,0.976655,0.953277,0.974424,0.982901,0.985172,0.989416,0.960514,0.961844,0.968519,0.969187,0.956924,0.959928,0.974771,0.972451,0.987005,0.971648
1979-03-31,1.120992,1.095182,1.080015,1.072209,1.084466,1.122746,1.090239,1.0842559999999999,1.072686,1.084834,1.105183,1.091025,1.078585,1.085224,1.130084,1.0764529999999999,1.080658,1.068968,1.080295,1.096557,1.050174,1.060493,1.068028,1.036827,1.065217
1979-04-30,1.030671,1.027068,1.0225629999999999,1.02989,1.034751,1.016822,1.031079,1.021845,1.028438,1.021536,1.014033,1.003717,1.028178,1.018941,1.041719,1.020263,1.009619,1.013997,1.004871,1.016831,0.998404,1.006767,1.009741,0.995065,0.990061
1979-05-31,0.973791,0.989643,0.986655,0.993712,0.988905,0.978303,0.981663,0.996314,0.997117,0.995185,0.9655320000000001,0.969936,0.997938,1.005336,0.978624,0.997056,0.986266,0.983299,0.994724,0.98973,0.978739,0.991419,0.982645,0.987631,0.986761
1979-06-30,1.058664,1.055601,1.054278,1.044477,1.054251,1.074306,1.05658,1.035945,1.060432,1.083953,1.033265,1.047867,1.064203,1.061186,1.061734,1.052284,1.072923,1.063145,1.079204,1.061149,1.022949,1.04681,1.062651,1.046123,1.027239
1979-07-31,1.024182,1.030465,1.032504,1.031219,1.021556,1.01866,1.025567,1.03028,1.04868,1.039932,1.033026,1.037053,1.042127,1.028197,1.053546,1.014928,1.028665,1.029425,1.024332,1.030017,0.995907,1.017061,1.015107,1.012936,1.036745
1979-08-31,1.087439,1.087061,1.061727,1.06905,1.08164,1.086529,1.086068,1.070404,1.067484,1.071492,1.096699,1.076349,1.056425,1.057738,1.068602,1.085745,1.06329,1.069459,1.048177,1.077352,1.063766,1.071381,1.044259,1.054152,1.053131
1979-09-30,0.998016,0.998353,0.984842,0.995765,0.990004,1.007359,1.00775,0.974096,0.985681,0.981381,1.014921,0.999399,0.986482,0.969005,0.985022,0.99698,1.001426,0.999701,0.98344,0.982505,0.982498,1.008616,1.016337,1.007365,1.004898
1979-10-31,0.888809,0.899592,0.884508,0.904507,0.88357,0.913667,0.893777,0.884179,0.880639,0.884044,0.918713,0.912844,0.896946,0.923448,0.877508,0.924714,0.922088,0.917175,0.898432,0.894813,0.93707,0.945062,0.942845,0.929323,0.928363
1979-11-30,1.110154,1.084053,1.065416,1.051575,1.065722,1.109096,1.080604,1.0675189999999999,1.072211,1.074476,1.115661,1.0686,1.066088,1.0680290000000001,1.054093,1.09946,1.073073,1.074092,1.059781,1.060935,1.050081,1.073722,1.041544,1.07288,1.010009
1979-12-31,1.114031,1.0825960000000001,1.058768,1.068224,1.050867,1.08557,1.061759,1.057298,1.037809,1.049373,1.059067,1.033344,1.02771,1.021958,1.078031,1.046356,1.037808,1.02273,1.020515,1.040932,1.019072,1.03725,0.998924,1.008515,1.022653
1980-01-31,1.12625,1.101349,1.085221,1.089163,1.109806,1.069885,1.0736539999999999,1.063475,1.046943,1.091152,1.054302,1.065762,1.068494,1.060474,1.091079,1.074168,1.066669,1.0683799999999999,1.007494,1.078363,1.033804,1.075185,1.056937,1.076993,1.102369
1980-02-29,1.006036,0.998894,0.978754,0.981021,0.977132,0.986346,0.996981,0.965205,0.958206,0.987721,0.989166,0.962568,0.956357,0.958737,0.973069,0.975329,0.986623,0.971247,0.950968,0.982766,0.956362,1.010576,1.040105,1.016555,1.025468
1980-03-31,0.7788619999999999,0.807458,0.823484,0.844821,0.823137,0.80705,0.834677,0.83256,0.853382,0.819148,0.840001,0.848715,0.833894,0.869971,0.8108690000000001,0.878764,0.8581920000000001,0.869148,0.887879,0.834858,0.9369810000000001,0.88267,0.904432,0.886759,0.871081
1980-04-30,1.063429,1.064933,1.067734,1.053563,1.060369,1.06089,1.047969,1.066367,1.079475,1.043842,1.071202,1.071895,1.072976,1.084694,1.062516,1.047131,1.0637,1.0716350000000001,1.088955,1.069112,1.030011,1.037657,1.054671,1.078218,1.028701
1980-05-31,1.071858,1.065372,1.070007,1.066479,1.075974,1.089379,1.100245,1.066902,1.079057,1.097821,1.07202,1.070803,1.087732,1.078756,1.091818,1.075641,1.077391,1.092837,1.072272,1.089136,1.049975,1.05231,1.053078,1.040844,1.061947
1980-06-30,1.050124,1.037262,1.034802,1.040684,1.054312,1.044461,1.067254,1.04078,1.056696,1.021793,1.050442,1.054024,1.041244,1.044785,1.025432,1.058354,1.038332,1.045889,1.033903,1.047444,1.021559,1.04199,1.019448,1.0487,1.002559
1980-07-31,1.119605,1.124288,1.10175,1.08242,1.090358,1.141596,1.113457,1.102377,1.075589,1.082715,1.132352,1.08364,1.093645,1.05373,1.06053,1.1120079999999999,1.103759,1.077041,1.033628,1.04827,1.111623,1.060126,1.034522,1.03203,1.05164
1980-08-31,1.114163,1.087409,1.06626,1.072303,1.055378,1.080247,1.070761,1.041287,1.030165,1.036437,1.066865,1.064612,1.023196,1.017389,1.007395,1.043309,1.020759,1.025445,1.001896,1.006474,1.01996,1.009653,1.011432,1.022378,0.999972
1980-09-30,1.064538,1.029879,1.027391,1.013331,1.027869,1.047993,1.036201,1.036396,1.008314,1.011691,1.05532,1.023988,1.027448,1.014666,0.986831,1.05973,1.043668,1.020943,1.002426,1.002377,1.030989,1.056387,1.032025,0.988546,1.00064
1980-10-31,1.077054,1.058537,1.044844,1.036067,1.022327,1.06652,1.020934,1.006185,1.032327,1.016839,1.023861,1.022752,1.028271,1.0141,1.006883,1.022392,1.035664,0.992466,0.98591,0.99833,1.006026,1.040756,1.045969,0.982602,1.006636
1980-11-30,1.163041,1.061213,1.055298,1.010337,1.017586,1.133326,1.0725,1.04744,1.064886,1.036777,1.114652,1.07118,1.035053,1.023385,1.029982,1.12885,1.139229,1.043917,1.030103,1.008619,1.106566,1.142553,1.185374,1.051851,1.0393270000000001
1980-12-31,0.937959,0.943585,0.96318,0.97323,0.964659,0.94869,0.976635,0.981553,0.985609,0.996748,0.961947,0.968126,0.995447,0.990269,0.998749,0.96467,0.95532,0.991208,1.005046,0.995706,1.000956,0.944088,0.943272,0.987441,0.998441
1981-01-31,0.956151,0.996507,1.014112,1.016792,1.032552,0.952537,0.992546,1.000284,1.018336,1.031017,0.957462,0.984144,0.990142,1.019988,1.027036,0.93174,0.965485,0.996229,1.005511,1.014298,0.93862,0.926886,0.935843,0.999317,1.022764
1981-02-28,0.9659,0.98796,1.012525,1.020378,1.023178,0.99654,1.018115,1.02561,1.032927,1.03868,1.033537,1.023909,1.037622,0.999535,1.013653,1.013817,1.024142,1.044923,1.016688,1.038189,1.032819,1.02083,0.993652,1.031139,0.995491
1981-03-31,1.073664,1.103421,1.087605,1.090041,1.072482,1.080794,1.083187,1.076754,1.076075,1.07555,1.075641,1.07653,1.078425,1.091051,1.06977,1.089507,1.067198,1.084585,1.082615,1.077287,1.032784,1.036496,1.004141,1.034018,1.081981
1981-04-30,1.027871,1.045343,1.035393,1.046487,1.054125,1.016258,1.035803,1.035347,1.036961,1.040233,1.01239,1.033638,1.01156,1.009557,1.037056,1.000344,0.991574,1.006191,0.997572,1.01704,0.96955,0.952186,0.973441,1.021697,0.970276
1981-05-31,1.050053,1.052081,1.040379,1.025547,1.026729,1.06176,1.018737,1.031615,1.002218,1.025213,1.022994,1.029826,1.027748,1.014665,1.051335,1.033858,1.02061,1.019832,1.008182,1.033651,1.015915,0.978061,0.980646,1.037471,1.00754
1981-06-30,0.929125,0.995755,1.012426,1.027454,1.013188,0.928656,0.994145,0.992236,1.001194,1.015584,0.950063,0.999509,0.99741,1.02359,0.983003,0.948206,0.985678,1.00794,1.025971,0.994115,0.95522,1.012327,1.033072,0.993457,1.006096
1981-07-31,0.953875,0.9661109999999999,0.973134,0.979659,0.977842,0.975839,0.966012,0.992158,0.986516,0.979973,0.986569,0.980142,0.97003,0.971516,0.996257,1.022673,0.98768,0.975551,0.975234,0.968312,1.016172,1.026517,0.979731,0.97762,1.005977
1981-08-31,0.874094,0.9136960000000001,0.926749,0.943528,0.952066,0.89581,0.916705,0.948373,0.948009,0.944057,0.916487,0.93994,0.944813,0.941198,0.966174,0.929511,0.941735,0.96057,0.947358,0.969326,0.93808,0.933446,0.941548,0.94771,0.995644
1981-09-30,0.865565,0.918914,0.924902,0.933907,0.9362429999999999,0.89613,0.930627,0.935924,0.966659,0.94452,0.906468,0.941303,0.938766,0.984031,0.960646,0.908992,0.919963,0.93449,0.962182,0.956704,0.93704,0.939344,0.938135,0.978308,1.005143
1981-10-31,1.105048,1.078048,1.08549,1.0713,1.049517,1.109,1.06818,1.067014,1.077447,1.058445,1.106472,1.054423,1.072455,1.048072,1.043837,1.101144,1.076939,1.051416,1.041541,1.037316,1.078001,1.073064,1.02639,1.016139,1.048132
1981-11-30,0.988259,1.020228,1.03894,1.02592,1.039549,1.015209,1.050482,1.049142,1.061329,1.056315,1.004721,1.026576,1.042922,1.031491,1.054365,1.041778,1.042069,1.033482,1.074031,1.048408,1.035564,1.060203,1.05213,1.044414,1.037414
1981-12-31,0.958001,0.981944,0.994708,0.994733,0.988549,0.982995,0.996982,0.979628,0.977066,0.985088,0.981456,0.978508,0.99092,0.987681,0.969511,0.967191,0.978195,0.982099,0.977371,0.975391,0.971128,0.965598,0.962524,0.979786,0.982375
1982-01-31,0.968498,0.997831,0.983214,0.981618,1.000512,0.944958,0.96617,0.966058,0.965425,1.002526,0.937066,0.966384,0.951158,0.98012,1.01342,0.934836,0.958185,0.961187,0.983306,0.983581,0.997564,0.960515,0.972444,0.988498,1.014541
1982-02-28,0.924237,0.960463,0.9702,0.970955,0.989819,0.9266490000000001,0.945279,0.961913,0.989054,0.994848,0.921632,0.968493,0.985824,0.969424,1.003633,0.930813,0.936596,0.963969,0.99712,1.007972,0.926327,0.925347,0.973956,0.988119,0.959929
1982-03-31,0.980267,0.994731,0.988117,0.9948,1.005426,0.96038,1.007152,0.986235,1.021204,1.017794,0.975385,1.000104,1.01111,0.997868,1.028084,0.96905,0.982336,1.001354,1.001681,1.01064,0.965106,1.005401,0.9844310000000001,1.025907,1.020363
1982-04-30,1.063881,1.062386,1.05812,1.04519,1.041413,1.068277,1.0735540000000001,1.057794,1.043458,1.042055,1.062184,1.057708,1.045904,1.049762,1.047627,1.062692,1.05123,1.045643,1.036677,1.050142,1.066528,1.038598,1.030462,1.029792,0.995728
1982-05-31,0.967778,0.982999,1.000938,0.98726,0.997669,0.9608,0.960764,0.967464,0.981906,0.976486,0.963566,0.97911,0.966359,0.973488,0.987877,0.95396,0.955761,0.959025,0.960591,0.973708,0.959525,0.981298,0.984476,0.966546,0.996439
1982-06-30,0.9566479999999999,0.962438,0.976165,0.988727,0.985163,0.955062,0.99028,0.983424,0.993799,0.98966,0.961264,0.993476,0.995522,0.976895,0.981001,0.958066,0.969698,0.992974,0.984525,1.004224,0.971797,0.988035,0.994544,0.981119,0.97106
1982-07-31,0.960063,0.973736,1.003278,0.991913,0.996369,0.964934,1.015196,0.997576,0.99886,0.988892,0.982455,0.993792,0.972862,0.96946,0.981113,0.982295,0.958746,0.975467,0.966849,0.971862,1.006367,0.962215,0.95694,0.9788,0.977573
1982-08-31,1.047757,1.070785,1.06738,1.052159,1.056032,1.079072,1.08041,1.100689,1.081739,1.081717,1.106151,1.107981,1.123831,1.112827,1.110025,1.120251,1.124897,1.106978,1.126246,1.140854,1.113461,1.121711,1.131746,1.135805,1.1413470000000001
1982-09-30,1.022356,1.023369,1.05588,1.037959,1.043517,1.022882,1.030224,1.050359,1.055001,1.053148,1.032851,1.052463,1.041617,1.042034,1.021631,1.02609,1.024495,1.082599,1.024497,0.999632,1.017273,1.018611,1.011009,0.999463,0.999525
1982-10-31,1.17729,1.132691,1.131171,1.130593,1.116612,1.174251,1.122446,1.131626,1.107683,1.11492,1.147746,1.135775,1.126187,1.135352,1.12777,1.156155,1.1449150000000001,1.129097,1.127677,1.128371,1.115613,1.11346,1.101838,1.106856,1.088139
1982-11-30,1.087173,1.103875,1.113917,1.10222,1.105783,1.096469,1.090544,1.077455,1.072989,1.088752,1.105865,1.087633,1.066629,1.050446,1.08715,1.072908,1.072282,1.041571,1.054055,1.072869,1.072384,1.040667,1.012836,1.024452,1.032999
1982-12-31,1.025193,1.021087,1.018575,1.019788,1.023348,0.996857,1.02227,1.013549,0.998575,1.008306,1.006052,1.006648,0.988475,1.002958,1.021521,1.010654,1.00137,1.021151,1.003567,1.026497,1.023232,0.999932,1.011583,1.006979,1.039695
1983-01-31,1.133089,1.08465,1.087573,1.089281,1.0752,1.082664,1.079883,1.036584,1.044554,1.04739,1.064231,1.029615,1.04056,1.031566,1.040268,1.048287,1.034708,1.027373,1.024294,1.020823,1.020276,1.03071,1.038565,1.066297,1.016519
1983-02-28,1.030917,1.047233,1.079432,1.073348,1.085616,1.049336,1.050789,1.080707,1.060707,1.052084,1.049404,1.047924,1.055535,1.040469,1.054393,1.047694,1.027769,1.032812,1.033764,1.044829,1.024502,1.039467,1.031055,1.005363,1.041145
1983-03-31,1.027513,1.055461,1.066481,1.046974,1.074978,1.016646,1.040412,1.065271,1.070984,1.048409,1.02211,1.065669,1.044167,1.07526,1.048861,1.006344,1.026615,1.045155,1.055848,1.051553,1.033461,1.025152,1.040751,1.030387,1.035157
1983-04-30,1.071253,1.073557,1.088831,1.087505,1.090312,1.083953,1.082039,1.087477,1.06779,1.079482,1.068205,1.070212,1.071265,1.06443,1.067791,1.049556,1.05746,1.0778699999999999,1.068398,1.062401,1.065801,1.061135,1.088831,1.084955,1.092648
1983-05-31,1.124084,1.102811,1.086553,1.087276,1.076357,1.052038,1.06142,1.053519,1.040295,1.050291,1.05481,1.052123,1.028055,1.023754,1.008912,1.050232,1.055057,1.040164,1.019494,1.010394,0.990864,0.977482,0.995684,0.986741,0.996285
1983-06-30,1.043555,1.067131,1.03602,1.032099,1.04366,1.068921,1.054468,1.011766,1.035671,1.031283,1.050516,1.054279,1.047111,1.017467,1.011632,1.062651,1.04725,1.037495,0.991806,1.018657,1.058797,1.051813,1.028322,1.012674,1.020054
1983-07-31,0.939218,0.978133,0.991202,1.007748,1.007141,0.927254,0.954827,0.990474,1.01644,1.008908,0.938515,0.973303,1.026781,1.009625,1.006894,0.954221,0.966888,0.952485,0.991713,0.994186,0.951722,0.939966,0.963208,0.998165,0.978093
1983-08-31,0.938757,0.965719,0.976066,0.9641,0.987532,0.945503,0.966326,0.972681,0.989265,1.007415,0.960009,0.959245,0.984609,0.991117,1.022023,0.971331,0.982289,1.00074,1.024093,1.037039,0.993732,0.995606,1.002845,1.043008,1.0661990000000001
1983-09-30,0.971661,1.001967,1.003794,1.017343,1.017243,1.014112,1.014183,1.04172,1.047694,1.036132,1.01894,1.039276,1.027762,1.049193,1.067714,1.032242,1.019532,1.034846,1.025626,1.015046,1.028778,1.019135,1.019638,0.988943,1.005797
1983-10-31,0.895415,0.939021,0.94755,0.963473,0.971161,0.899125,0.9261820000000001,0.96064,0.983077,0.969019,0.916004,0.952504,0.97228,0.992259,0.984371,0.926471,0.98091,0.982496,0.982462,0.995973,0.975486,0.976317,0.997353,0.999878,0.993215
1983-11-30,1.036777,1.03545,1.034749,1.027067,1.042102,1.058085,1.051286,1.04851,1.052134,1.049959,1.064145,1.040797,1.046959,1.041354,1.039433,1.05596,1.022469,1.050661,1.044372,1.038104,1.012175,1.033292,1.027903,1.016184,1.007164
1983-12-31,0.949253,0.988465,0.992266,0.996795,1.007956,0.968779,0.988689,1.000926,0.999816,1.002338,0.967958,0.987786,0.995758,0.989403,1.011591,0.965923,0.995216,0.976474,0.984517,0.994583,0.998772,1.000139,0.97784,0.989476,1.004981
1984-01-31,0.980777,0.990619,1.005153,1.013567,1.031213,0.937466,0.987035,0.994453,1.00123,1.036471,0.930796,0.955984,0.978795,1.002858,0.998996,0.9260349999999999,0.965675,0.978856,0.99533,1.004714,0.942595,0.99213,1.011459,1.016451,1.065189
1984-02-29,0.925775,0.932287,0.948464,0.957335,0.953487,0.928815,0.940218,0.961057,0.966502,0.96275,0.931126,0.92862,0.951638,0.954008,0.97743,0.945515,0.937227,0.944021,0.968801,0.952986,0.962295,0.939317,0.958299,0.974764,1.009154
1984-03-31,0.990668,1.013433,1.005962,1.018606,1.021599,0.99734,1.012349,1.011852,1.012525,1.02116,1.006679,1.012665,1.0216210000000001,1.013268,1.032957,1.001669,1.016759,1.023937,1.017071,1.042472,1.017911,1.030839,1.001381,1.01646,0.987465
1984-04-30,0.961517,0.982414,0.994566,0.999812,0.990816,0.987586,1.014881,1.006234,1.00086,0.988298,1.001943,1.009622,0.9978,0.987447,1.001613,0.985176,1.00112,0.995129,0.976939,0.981559,1.01462,0.993349,1.012532,1.016357,1.023354
1984-05-31,0.938348,0.957232,0.947219,0.966092,0.965116,0.939864,0.951764,0.950044,0.959178,0.959579,0.94002,0.9448,0.94136,0.960009,0.933771,0.960029,0.958333,0.939675,0.946491,0.924301,0.9478800000000001,0.966589,0.937013,0.95955,0.937121
1984-06-30,1.013763,1.034405,1.021429,1.016227,1.012213,1.040913,1.042527,1.019654,1.028045,1.010191,1.063658,1.052977,1.008053,1.015477,0.99624,1.059445,1.045353,1.017937,1.015424,1.025492,1.034855,1.053136,1.020284,0.989829,1.047439
1984-07-31,0.927884,0.949359,0.95347,0.981881,0.978284,0.947149,0.946106,0.985102,0.963965,0.962174,0.965296,0.966557,0.968812,0.970625,0.990261,0.962361,0.953173,0.974834,0.955316,0.991394,1.003627,0.984729,0.99997,0.969812,0.976916
1984-08-31,1.114334,1.117429,1.086934,1.067951,1.087243,1.159092,1.10552,1.099556,1.091424,1.10394,1.154313,1.128551,1.108139,1.1206450000000001,1.094725,1.128418,1.1323509999999999,1.124291,1.114683,1.100304,1.106809,1.103348,1.100344,1.116498,1.125151
1984-09-30,0.973869,0.984331,1.004091,1.014747,1.024417,0.944358,1.003675,1.018485,1.01453,1.032094,0.961225,1.013614,1.016292,1.019914,1.036093,0.983646,0.987148,1.006653,1.014409,1.04457,0.972827,0.984749,0.994846,1.01899,1.031276
1984-10-31,0.960161,0.986088,0.978261,0.98437,0.985929,0.970476,0.984952,0.998384,1.009621,1.007489,0.983263,0.996182,1.013672,0.983426,1.021323,0.996297,1.001328,1.006972,1.000613,1.017319,1.008735,1.026731,1.012607,0.995576,0.985021
1984-11-30,0.943644,0.960119,0.986212,0.986365,0.990074,0.941478,0.979505,0.996837,0.999512,1.012197,0.961499,1.00245,1.011333,1.016448,1.013936,0.967171,0.99364,0.989857,1.006548,1.019842,0.975493,0.990107,0.983549,0.992635,1.013551
1984-12-31,1.003578,1.009953,1.010399,1.00477,1.007621,1.021304,1.022349,1.017339,1.022501,1.025329,1.044428,1.035104,1.009204,1.013627,1.019159,1.032751,1.017239,1.022417,1.029788,1.034811,1.025979,1.023902,1.02799,1.030818,1.01358
1985-01-31,1.157035,1.150685,1.105991,1.100879,1.084746,1.160494,1.128342,1.089653,1.096403,1.090607,1.1370770000000001,1.105137,1.096221,1.091077,1.081962,1.122266,1.126443,1.084302,1.080397,1.063004,1.096492,1.076952,1.075339,1.069001,1.044841
1985-02-28,1.038199,1.047299,1.03369,1.027589,1.03818,1.028989,1.031936,1.024811,1.02016,1.012259,1.021026,1.009171,1.011407,1.013996,0.994288,1.026123,0.991659,1.020002,1.0249,1.011111,1.003417,1.02469,1.015316,1.025124,1.027597
1985-03-31,0.973518,0.970595,0.986461,0.988488,0.995752,0.954432,0.965567,0.992228,1.003918,1.0301,0.956858,0.989284,0.978023,1.005943,1.036181,0.971588,0.979053,1.001043,1.008024,1.046277,0.983894,1.010331,0.993214,1.010751,1.015803
1985-04-30,0.977251,0.983239,1.002735,1.00497,0.992523,0.968362,0.987852,0.996981,1.024846,1.006674,0.987157,0.982932,0.99688,1.027323,1.013762,0.987286,0.968855,1.005084,1.009454,1.008969,0.982961,0.976968,0.987203,1.012474,1.029046
1985-05-31,1.025719,1.041281,1.036837,1.026072,1.010915,1.039384,1.040044,1.031269,1.053817,1.029486,1.061684,1.054948,1.033015,1.043092,1.039404,1.066611,1.059056,1.05519,1.042969,1.063053,1.058044,1.075565,1.086701,1.055579,1.045944
1985-06-30,1.004302,1.005559,1.010283,1.012352,1.021224,1.008559,1.025048,1.024173,1.029172,1.035033,1.026341,1.019192,1.040222,1.024022,1.033666,1.019388,1.019044,1.0227,1.035954,1.009125,1.006533,1.0289,1.013836,1.003612,1.023318
1985-07-31,1.025607,1.027879,1.024289,1.015135,1.021856,1.032306,1.034291,1.045804,1.000316,1.008853,1.012439,1.02779,1.01434,1.009912,1.018966,0.99436,1.0039,1.011739,0.978807,1.009037,1.006327,0.995243,0.983425,0.984883,0.976362
1985-08-31,0.9834309999999999,0.990084,0.99341,0.999685,0.992795,0.980457,0.99012,1.00997,1.004032,1.003158,0.975467,0.99181,0.999765,0.993009,1.005459,0.981702,0.997646,1.009979,1.003911,1.002453,0.981533,0.999993,0.994596,1.003208,1.007733
1985-09-30,0.9193560000000001,0.941323,0.950774,0.959874,0.959231,0.925639,0.9380269999999999,0.96634,0.96478,0.944747,0.932273,0.955865,0.968343,0.961352,0.964626,0.949564,0.959286,0.954072,0.9349540000000001,0.954032,0.963458,0.986919,0.968603,0.968656,0.958633
1985-10-31,1.006786,1.019497,1.035702,1.032012,1.018546,1.041113,1.036255,1.041396,1.057844,1.032777,1.039681,1.044385,1.043535,1.023098,1.033522,1.057234,1.053607,1.042588,1.055173,1.052327,1.037156,1.042181,1.048352,1.058386,1.064049
1985-11-30,1.054155,1.064722,1.063604,1.05012,1.045515,1.093635,1.072187,1.078192,1.06912,1.067223,1.076452,1.075463,1.058051,1.063642,1.063681,1.087119,1.066973,1.083655,1.055119,1.050513,1.10019,1.079823,1.078667,1.039867,1.047189
1985-12-31,1.035877,1.052765,1.041272,1.039742,1.033359,1.051416,1.042424,1.053512,1.037701,1.00292,1.055851,1.044749,1.025265,1.02681,1.05296,1.037185,1.041775,1.028359,1.049828,1.055329,1.068206,1.037154,1.04929,1.029889,1.04421
1986-01-31,1.0381070000000001,1.020436,1.025692,1.02167,1.03122,1.01022,1.021732,1.007398,1.002156,1.024772,1.017716,1.030872,1.016371,1.021478,1.026065,1.0113509999999999,1.005037,1.01965,1.027291,1.0348,1.004246,1.013219,1.017331,0.986219,1.014209
1986-02-28,1.058456,1.064923,1.065104,1.078458,1.054909,1.074547,1.071148,1.071068,1.09274,1.050557,1.067664,1.095758,1.077429,1.071936,1.063926,1.078687,1.094778,1.070236,1.072683,1.075316,1.075733,1.100511,1.08765,1.065332,1.072164
1986-03-31,1.046244,1.054281,1.050816,1.045244,1.06512,1.036535,1.051407,1.057927,1.050182,1.063238,1.049975,1.073619,1.050898,1.059102,1.053786,1.059696,1.053,1.058745,1.039722,1.049128,1.060032,1.0728010000000001,1.053412,1.047774,1.047372
1986-04-30,1.02746,1.023361,1.008821,1.005291,1.004177,1.023746,1.019488,0.998927,1.010472,0.984861,1.019919,1.023235,1.009502,1.011314,0.988633,1.017791,0.99883,0.989261,0.976091,0.952861,1.004383,0.990385,0.977962,0.97174,0.972773
1986-05-31,1.041267,1.034979,1.045105,1.038415,1.036893,1.032634,1.024009,1.05571,1.044363,1.022869,1.059758,1.042292,1.060248,1.051761,1.034575,1.06058,1.037986,1.057467,1.044165,1.043133,1.051848,1.062676,1.03401,1.065845,1.055465
1986-06-30,1.00163,0.983742,1.001716,1.013759,1.020652,1.006975,1.00168,1.024061,1.018004,1.022872,1.012847,0.992302,1.023084,1.006124,1.023214,1.017664,1.010228,1.000994,1.037787,1.012601,1.02249,1.020837,1.0105,1.006238,1.029181
1986-07-31,0.898874,0.9142939999999999,0.91604,0.938423,0.913,0.885976,0.901878,0.911209,0.950409,0.931423,0.900303,0.9228419999999999,0.919834,0.939553,0.943787,0.914284,0.9244600000000001,0.930803,0.952868,0.955236,0.92852,0.941453,0.951252,0.974928,0.974287
1986-08-31,1.002984,1.005591,1.022655,1.018007,1.017033,1.02498,1.042329,1.042936,1.054715,1.045585,1.04221,1.03815,1.059252,1.0733030000000001,1.084808,1.042744,1.063162,1.072281,1.102022,1.095066,1.043237,1.065204,1.061206,1.103436,1.107372
1986-09-30,0.918562,0.9374709999999999,0.947064,0.955528,0.967252,0.91259,0.942668,0.951845,0.975663,0.943335,0.920622,0.924309,0.95679,0.952092,0.95003,0.907105,0.9374480000000001,0.923886,0.932679,0.939533,0.895974,0.890727,0.924153,0.920942,0.9355789999999999
1986-10-31,1.01923,1.028514,1.01836,1.030977,1.007873,1.064162,1.044562,1.031337,1.027999,1.01515,1.057477,1.026385,1.012114,1.020401,1.026121,1.058207,1.066266,1.051319,1.058268,1.042395,1.049311,1.070161,1.067606,1.046103,1.059328
1986-11-30,0.977197,1.002845,1.003274,1.00408,1.011878,1.002596,1.002887,0.996431,0.978553,1.00001,0.999979,1.00353,0.989201,1.012122,0.995923,1.013001,1.011996,1.015137,0.987541,1.012962,1.02634,1.018538,1.027438,1.024865,1.017048
1986-12-31,0.944289,0.979032,0.964137,0.978384,0.967506,0.968903,0.983005,0.966533,0.97053,1.008561,0.974249,0.983118,0.961508,0.979299,0.994802,0.955405,0.966503,0.971272,0.973738,0.96646,0.981988,0.974694,0.95778,0.97174,0.97026
1987-01-31,1.109883,1.102204,1.105302,1.096776,1.096077,1.13565,1.124261,1.105102,1.095289,1.107428,1.141495,1.129934,1.087987,1.105088,1.101479,1.140593,1.122056,1.105908,1.123069,1.117106,1.1356359999999999,1.164911,1.115736,1.124854,1.119064
1987-02-28,1.104375,1.083574,1.069208,1.071948,1.064314,1.097091,1.090711,1.063423,1.060329,1.055754,1.08696,1.080112,1.052951,1.0423,1.044821,1.069893,1.070086,1.066144,1.031993,1.026728,1.08278,1.058675,1.029539,0.995534,0.989069
1987-03-31,1.016124,1.038669,1.019327,1.03377,1.045072,1.010898,1.030472,1.016395,1.027661,1.034826,1.00463,1.013831,1.015997,1.02614,1.032646,1.019699,1.014979,1.016694,1.018477,0.986967,1.014406,1.022091,1.006335,1.029849,1.048029
1987-04-30,0.976861,0.976894,0.976415,0.994435,0.986724,0.960555,0.976046,0.97057,0.957074,0.952361,0.978126,0.978722,0.954962,0.981055,0.972009,0.96413,0.978248,0.974922,0.982089,0.98397,0.987644,0.988059,0.979097,0.992896,0.995126
1987-05-31,0.996703,0.987228,0.999303,1.005761,1.032911,0.991035,0.999517,1.000494,1.002127,1.00509,1.006846,1.004478,0.991835,1.00233,1.006177,1.019353,1.004393,0.994906,0.995083,1.007685,1.018663,0.994498,0.997523,1.007645,1.005314
1987-06-30,0.99842,1.01461,1.030642,1.018911,1.046099,1.017176,1.03052,1.035293,1.022793,1.039962,1.023263,1.017362,1.057835,1.055561,1.024014,1.051005,1.031926,1.042241,1.041037,1.037693,1.046229,1.054155,1.061321,1.051447,1.051784
1987-07-31,1.015626,1.021386,1.019181,1.028919,1.053957,1.022093,1.020171,1.037855,1.033783,1.059601,1.024698,1.044389,1.037879,1.035841,1.081446,1.041565,1.048846,1.048302,1.040216,1.049189,1.059149,1.031686,1.061699,1.026668,1.030083
1987-08-31,1.008083,1.020692,1.027462,1.024512,1.007235,1.025468,1.037878,1.039453,1.025175,1.040289,1.038336,1.034177,1.047693,1.035691,1.005426,1.04663,1.040799,1.038091,1.03829,1.01638,1.049457,1.052966,1.034716,1.046284,1.025956
1987-09-30,0.972317,0.99753,0.988764,0.995527,0.989905,0.980231,0.975041,0.993553,0.993436,0.974259,0.967158,0.977618,0.977121,0.976276,0.989663,0.981139,0.986338,0.980994,0.984091,0.998446,0.977753,0.959527,0.99773,0.978968,0.973211
1987-10-31,0.658347,0.693221,0.71407,0.7164170000000001,0.715157,0.675151,0.680587,0.713399,0.753384,0.7074590000000001,0.703044,0.715236,0.750887,0.775403,0.729402,0.744529,0.7131419999999999,0.759755,0.815001,0.76532,0.783487,0.775501,0.779716,0.845533,0.812986
1987-11-30,0.916527,0.950981,0.951665,0.955778,0.963894,0.928098,0.946223,0.963467,0.967442,0.970977,0.9315249999999999,0.975517,0.972179,0.969251,0.957486,0.935866,0.936339,0.940278,0.956147,0.975888,0.903878,0.916134,0.91734,0.922454,0.927338
1987-12-31,1.027267,1.053592,1.054135,1.04826,1.034174,1.118082,1.0933869999999999,1.067582,1.072973,1.050938,1.123088,1.09666,1.062682,1.048318,1.066058,1.130231,1.10831,1.091547,1.039267,1.039424,1.083148,1.074149,1.08031,1.032887,1.062951
1988-01-31,1.060319,1.06964,1.044944,1.049831,1.062216,1.018609,1.033566,1.051187,1.04114,1.065378,1.012671,1.035603,1.038789,1.075263,1.064408,1.000532,1.046896,1.049726,1.054078,1.048429,1.022403,1.015523,1.051184,1.09046,1.087797
1988-02-29,1.060389,1.0744259999999999,1.076647,1.076149,1.075975,1.086803,1.122428,1.080576,1.088604,1.083993,1.086843,1.078625,1.070395,1.072114,1.064883,1.085938,1.094131,1.06379,1.04742,1.062162,1.045771,1.054937,1.047217,1.018113,1.030609
1988-03-31,1.043074,1.053649,1.061687,1.051527,1.0474,1.020709,1.068687,1.04101,1.029425,1.044914,1.027698,1.010257,1.011929,0.999656,1.012587,0.990337,1.014049,0.999683,0.997168,1.034565,0.954006,0.957581,0.960155,0.961876,0.996098
1988-04-30,1.009058,1.012214,1.026531,1.009377,1.038302,1.02164,1.046141,1.026543,1.021204,1.021064,0.991856,1.002356,1.019123,1.004455,1.023526,0.997662,1.006536,1.018558,0.993582,1.007152,0.992532,1.011248,1.011106,1.024639,1.020338
1988-05-31,0.96376,0.980526,0.988461,0.983304,0.991278,0.955676,0.976668,0.974183,0.9896199999999999,0.994981,0.993009,0.98245,0.989346,1.014008,1.008733,0.988735,0.993358,0.995765,1.022826,1.012137,1.001123,1.002983,0.997343,1.025255,1.020945
1988-06-30,1.064487,1.067027,1.059327,1.062989,1.047497,1.073027,1.110642,1.080147,1.055461,1.084565,1.07003,1.075026,1.065443,1.059777,1.049836,1.075049,1.064045,1.064769,1.039721,1.083846,1.041727,1.070585,1.055746,1.030829,1.030081
1988-07-31,0.990742,0.993506,0.992841,1.011099,0.988471,0.972652,0.978051,0.999923,1.003975,1.009014,0.958696,0.979344,0.983262,1.001009,0.996324,0.968444,0.968186,0.99273,1.000681,1.002879,0.990008,0.991092,1.004092,1.000383,1.008872
1988-08-31,0.959242,0.974416,0.989681,0.985118,0.979857,0.957169,0.957007,0.979767,0.991944,0.992382,0.959224,0.97366,0.978227,1.001235,0.989984,0.963933,0.968966,0.988228,1.001727,1.01357,0.971579,0.94826,0.975021,0.986479,0.968254
1988-09-30,1.009328,1.032451,1.024683,1.019477,1.025737,1.028166,1.027753,1.028129,1.029447,1.02759,1.036286,1.022917,1.02732,1.015187,1.030535,1.045687,1.015545,1.039021,1.019898,1.04602,1.057496,1.054294,1.02026,1.04073,1.040313
1988-10-31,0.96984,0.980768,0.989544,0.976452,0.991865,0.977712,0.995384,1.003767,1.001704,0.994414,0.983224,1.001696,1.008225,1.008423,1.02508,0.986574,1.00701,1.00849,1.01052,1.02573,1.018429,1.055025,1.016125,1.024157,1.041992
1988-11-30,0.951057,0.954493,0.966621,0.966175,0.957592,0.959568,0.967071,0.982685,0.968894,0.978938,0.971035,0.973146,0.961812,0.990948,0.985315,0.983313,0.976158,0.965225,0.983459,0.9887,0.981121,0.989501,0.981411,0.994965,1.003435
1988-12-31,1.017273,1.044822,1.03174,1.048186,1.025059,1.052121,1.043598,1.039917,1.045223,1.026211,1.043665,1.039613,1.032119,1.024593,1.026713,1.031319,1.032848,1.015395,1.020763,0.992733,1.02603,1.020635,1.018137,1.005443,1.000206
1989-01-31,1.0506,1.058583,1.04517,1.044993,1.054504,1.038418,1.048665,1.047611,1.036069,1.072897,1.047654,1.053077,1.050838,1.040832,1.053175,1.048454,1.055691,1.058523,1.056769,1.085102,1.077253,1.068098,1.065596,1.063987,1.08218
1989-02-28,0.989475,1.00052,1.008456,1.014252,1.016319,1.010417,1.017417,1.014444,1.009793,1.015749,1.001172,1.006549,1.001769,1.014549,1.001895,0.996698,1.000073,0.990126,1.003369,1.013955,0.969102,0.972372,0.973815,0.983041,0.974326
1989-03-31,1.011495,1.031448,1.047995,1.024302,1.029296,1.016641,1.021112,1.024172,1.015859,1.032846,1.023214,1.016123,1.0144,1.032012,1.027228,0.997474,1.017889,1.031438,1.006397,1.034532,1.029154,1.005425,1.039884,1.02716,1.011432
1989-04-30,1.026714,1.031799,1.038454,1.027358,1.027565,1.047283,1.048171,1.050011,1.026521,1.053366,1.055725,1.03979,1.046457,1.039762,1.038186,1.062484,1.053007,1.040954,1.054453,1.055708,1.061189,1.051362,1.049834,1.04431,1.036392
1989-05-31,1.026471,1.058114,1.024411,1.035171,1.03501,1.050522,1.022762,1.044724,1.036722,1.036668,1.057885,1.04578,1.038154,1.040874,1.040017,1.045729,1.02866,1.034186,1.040004,1.059809,1.0472,1.028686,1.044969,1.043522,1.03288
1989-06-30,0.966622,0.983023,0.974219,1.007772,1.00558,0.95465,0.98611,0.992327,0.994707,0.982122,0.96683,0.984926,0.987321,1.003389,1.021948,0.98061,0.984659,1.002037,1.02085,1.032801,0.993315,0.997438,0.986616,0.994167,1.008856
1989-07-31,1.027303,1.047316,1.023852,1.031269,1.016378,1.054497,1.049911,1.032952,1.039166,1.030958,1.052991,1.048594,1.031931,1.050084,1.033036,1.084678,1.085664,1.06254,1.059907,1.065102,1.115393,1.095053,1.067601,1.078162,1.066859
1989-08-31,1.02301,1.000727,1.006723,1.023962,1.016911,1.032104,1.028811,1.034793,1.036675,1.025917,1.030971,1.026965,1.051412,1.030851,1.021543,1.036325,1.040138,1.034869,1.036029,1.012493,0.998817,1.022847,1.029732,1.016656,1.029557
1989-09-30,1.011873,0.994003,0.997091,1.005229,0.994872,1.023389,1.00204,1.006788,1.007897,0.989989,1.015016,0.9847,0.986679,0.997587,0.991533,1.00342,0.9687,0.965553,0.992276,1.006437,1.010341,0.991371,1.001395,1.007301,0.994396
1989-10-31,0.949296,0.944324,0.950271,0.954753,0.933505,0.948392,0.931796,0.950518,0.94323,0.921875,0.962826,0.940642,0.935514,0.951103,0.947719,0.971784,0.95727,0.930455,0.969002,0.955236,1.00173,0.96503,0.972829,0.967704,0.997666
1989-11-30,0.994279,1.000017,0.993676,0.997577,0.9903,1.003239,1.014825,1.007141,1.016892,0.991369,1.016033,1.022806,0.997456,1.00935,1.02536,1.023154,1.018662,1.003847,1.006694,1.006934,1.019133,1.024143,1.027205,1.01232,1.008203
1989-12-31,0.993633,0.98992,0.989411,0.991875,0.983097,1.010025,0.998742,1.008811,1.007154,1.003244,1.003608,1.00507,0.985131,1.019106,1.002735,1.025303,1.020303,1.015839,1.013222,1.021198,1.006937,1.010035,1.045545,1.048918,1.010475
1990-01-31,0.917636,0.9260200000000001,0.948913,0.933678,0.936978,0.908443,0.903403,0.9280619999999999,0.9248460000000001,0.909853,0.90367,0.907892,0.9203,0.934389,0.92304,0.929727,0.946411,0.914132,0.914853,0.900397,0.923667,0.942352,0.928488,0.926789,0.941068
1990-02-28,1.019141,1.0207869999999999,1.011086,1.034487,1.015145,1.033179,1.036562,1.028742,1.033203,1.023794,1.032731,1.035761,1.022408,1.012576,1.031374,1.016269,1.015777,1.014873,1.018295,1.035317,0.999172,1.017983,1.023749,1.014147,1.020563
1990-03-31,1.042963,1.022911,1.024861,1.037168,1.013778,1.046401,1.04766,1.049896,1.031619,1.015408,1.051161,1.027948,1.030016,1.010625,0.998134,1.037276,1.043154,1.0196209999999999,1.019239,0.995506,1.038536,1.038098,1.004402,1.005368,1.012023
1990-04-30,0.975055,0.973498,0.981235,0.974438,0.964446,0.959654,0.964233,0.980366,0.969691,0.944122,0.976493,0.981759,0.965438,0.946152,0.940455,0.971849,0.95827,0.941442,0.945205,0.94059,1.00402,0.986693,0.962226,0.958407,0.958591
1990-05-31,1.085047,1.064747,1.059255,1.041918,1.03674,1.106511,1.087681,1.055877,1.055192,1.0364119999999999,1.093967,1.088237,1.075443,1.045683,1.064514,1.110156,1.078249,1.102134,1.074323,1.086495,1.116552,1.111217,1.077203,1.064604,1.076916
1990-06-30,1.010482,1.019821,1.026986,1.003864,0.996902,1.001356,1.008545,0.989415,1.000984,0.993887,1.019148,1.004718,0.995934,0.984194,0.993875,1.005701,0.982138,0.980852,0.982005,0.999765,1.034341,0.978624,0.976734,0.965138,0.996994
1990-07-31,0.95256,0.949768,0.965051,0.969639,0.954501,0.945422,0.961423,0.955427,0.974281,0.953955,0.95487,0.985653,0.967788,0.951455,0.957468,0.976482,0.991575,0.957271,0.977361,0.971821,0.991595,0.985022,1.021151,0.985989,0.979642
1990-08-31,0.837113,0.8524579999999999,0.873491,0.88945,0.877669,0.854568,0.865667,0.874537,0.89554,0.888332,0.861686,0.86602,0.891977,0.910934,0.9016230000000001,0.905257,0.891029,0.889561,0.9052560000000001,0.89445,0.913123,0.898799,0.933971,0.904581,0.894057
1990-09-30,0.8949130000000001,0.907664,0.918966,0.9309959999999999,0.913208,0.901655,0.909978,0.912377,0.930501,0.9142939999999999,0.9056420000000001,0.928244,0.932995,0.918265,0.9182,0.941505,0.937207,0.902616,0.934645,0.920475,0.947841,0.94748,0.98485,0.933643,0.925661
1990-10-31,0.933912,0.9335,0.936793,0.944786,0.927129,0.936866,0.947296,0.956431,0.958655,0.924742,0.949285,0.950165,0.958349,0.974851,0.951392,0.993145,0.966531,0.926796,0.987455,0.976202,1.015293,0.98369,0.99028,1.00432,1.009095
1990-11-30,1.035051,1.057029,1.040641,1.02939,1.016237,1.118491,1.061617,1.0699130000000001,1.0691060000000001,1.042688,1.109549,1.092039,1.077201,1.077843,1.070843,1.091257,1.078959,1.112655,1.091462,1.059001,1.064113,1.077426,1.059444,1.062304,1.043625
1990-12-31,1.003483,0.998053,1.000694,1.022842,1.003384,1.042667,1.058604,1.043178,1.040177,1.038772,1.067485,1.043869,1.036469,1.038469,1.03301,1.039669,1.03866,1.048848,1.04417,1.033653,1.033358,1.037003,1.016735,1.023972,1.008096
1991-01-31,1.078057,1.071576,1.107585,1.088886,1.111865,1.100161,1.066071,1.072899,1.063987,1.08938,1.092578,1.091605,1.070495,1.079457,1.036878,1.08401,1.040079,1.078052,1.043646,1.054534,1.051921,1.058633,1.019126,1.060378,1.039829
1991-02-28,1.144542,1.120217,1.137227,1.122548,1.1169229999999999,1.119072,1.102468,1.100669,1.083063,1.139236,1.094827,1.1063209999999999,1.085083,1.083987,1.085387,1.086841,1.093691,1.087872,1.074544,1.066159,1.082108,1.068529,1.051308,1.060836,1.079712
1991-03-31,1.1031,1.086407,1.079126,1.066892,1.077665,1.07687,1.052332,1.05836,1.061972,1.060611,1.077138,1.028027,1.02221,1.046938,1.060055,1.050691,1.040302,1.033706,1.036764,1.029516,1.045463,1.018986,1.003316,1.017511,1.011991
1991-04-30,1.009448,1.011322,1.011807,1.006363,1.005057,0.984259,1.00891,1.007901,1.018309,1.018442,0.972467,0.993318,1.029513,1.024705,1.013928,0.990074,1.005598,1.032814,1.016899,0.99497,1.000224,0.999987,1.000539,1.016328,0.998248
1991-05-31,1.027906,1.037681,1.047025,1.033565,1.036783,1.054506,1.028178,1.058653,1.033293,1.033963,1.03662,1.066735,1.048303,1.044189,1.002327,1.065656,1.03093,1.058425,1.046354,1.051447,1.039851,1.053044,1.016741,1.042921,1.069352
1991-06-30,0.929675,0.962834,0.959213,0.96007,0.962144,0.947588,0.950974,0.969225,0.97104,0.942014,0.952517,0.954464,0.964554,0.978712,0.953985,0.947149,0.957501,0.941146,0.965973,0.962236,0.955892,0.943462,0.96343,0.948663,0.960344
1991-07-31,1.028254,1.039835,1.023152,1.033888,1.024734,1.04147,1.035989,1.029707,1.039178,1.020584,1.061781,1.040888,1.036808,1.026795,1.073737,1.05973,1.037002,1.029366,1.042601,1.073379,1.062278,1.032834,1.048694,1.046764,1.008156
1991-08-31,1.037308,1.048966,1.03373,1.008023,1.027947,1.039935,1.0344,1.036917,1.032984,1.037402,1.055215,1.041826,1.025662,1.04109,1.062111,1.015777,1.019912,1.03253,1.026905,1.031127,1.043134,1.006985,1.026552,1.014422,1.017597
1991-09-30,1.04429,1.025734,1.002002,1.002863,0.9849019999999999,1.005632,1.00817,1.019587,1.009642,0.983735,1.001174,0.995503,0.99233,1.007386,0.962796,0.996734,0.982586,0.991481,0.999702,0.987683,0.977794,0.989182,0.990163,1.005243,0.961694
1991-10-31,1.065752,1.041495,1.018624,1.038383,1.012713,1.023274,1.014029,1.034099,1.005585,1.013106,1.027666,1.010275,1.016324,1.029463,1.036073,1.025246,1.006612,1.012885,1.023167,1.028539,1.015326,1.009423,1.019451,1.032662,1.005042
1991-11-30,0.98138,0.967883,0.958442,0.967128,0.974005,0.952159,0.93467,0.971095,0.948406,0.931267,0.963865,0.951639,0.960261,0.949131,0.942384,0.976956,0.951266,0.960387,0.968893,0.938751,0.989126,0.944188,0.944434,0.962598,0.916665
1991-12-31,1.06597,1.036013,1.053221,1.044472,1.046512,1.114488,1.06893,1.054201,1.057123,1.079763,1.145303,1.107565,1.076348,1.100206,1.111812,1.131353,1.087769,1.105845,1.085771,1.105556,1.152806,1.09319,1.083699,1.0692949999999999,1.128873
1992-01-31,1.146152,1.157778,1.084346,1.131233,1.164436,1.083609,1.046291,1.064057,1.07563,1.096096,1.014375,1.048664,1.051179,1.054583,1.092936,0.997555,1.020355,1.009462,1.006766,1.064133,0.968351,0.978251,0.975398,1.000055,1.067472
1992-02-29,0.998327,1.048854,1.035013,1.051405,1.098197,1.00201,1.02424,1.016468,1.045002,1.065827,1.001846,1.026203,1.036045,1.029095,1.088406,0.9943379999999999,1.029899,1.030985,1.021931,1.051887,1.00219,0.9947,1.019293,1.042776,1.10113
1992-03-31,0.934827,0.943184,0.974716,0.999241,0.989682,0.9219040000000001,0.974972,0.983086,0.994908,0.989101,0.9496290000000001,0.977754,0.995633,1.000646,0.985841,0.943096,0.992499,0.967579,0.99309,0.979265,0.970753,0.983211,1.001304,0.984858,1.007934
1992-04-30,0.89981,0.961754,0.950614,0.953982,0.972236,0.934901,0.965745,0.974115,0.974491,1.005295,0.948311,0.984662,0.988532,1.005039,1.025582,0.980012,1.009842,1.02238,1.028668,1.040872,0.99846,1.053015,1.054825,1.032809,1.074908
1992-05-31,0.985105,0.997227,1.002121,0.986607,1.016116,0.99815,1.002964,1.018657,1.007003,1.040301,0.996264,0.990744,1.018656,1.008393,1.025156,1.001799,1.0137369999999999,1.012849,1.00653,0.998264,1.012365,1.00413,0.999157,1.000866,0.999985
1992-06-30,0.910128,0.947141,0.948124,0.951596,0.955451,0.946455,0.93952,0.974452,0.966757,0.991389,0.953734,0.960458,0.974871,0.986152,1.006266,0.982285,0.95953,0.980318,1.002738,0.997805,0.969543,1.000109,0.977465,1.004128,1.007537
1992-07-31,1.007307,1.014122,1.015704,1.02966,1.02784,1.027434,1.044085,1.030897,1.042553,1.027801,1.046122,1.047099,1.039094,1.0522,1.042807,1.052039,1.040047,1.037097,1.042296,1.02057,1.049198,1.035172,1.040144,1.047464,0.997181
1992-08-31,0.954456,0.968433,0.991122,0.982734,0.965831,0.960839,0.966114,0.99203,0.997927,0.963599,0.957939,0.975143,0.978658,0.988427,0.970681,0.987366,0.974046,0.976841,0.9842,0.955781,0.994175,0.969917,0.987493,0.96825,0.916198
1992-09-30,1.002962,1.015372,1.0183,1.022765,1.013107,1.015557,1.018221,1.042257,1.023461,1.018333,1.030697,1.026344,1.014937,1.005658,1.018407,1.009265,1.034423,1.019533,1.01104,1.001628,1.007961,1.033326,1.005488,1.011058,1.001762
1992-10-31,1.025383,1.018944,1.025688,1.020581,1.014988,1.049675,1.04232,1.02316,1.011994,1.032857,1.056471,1.040142,1.018302,1.024325,1.014696,1.047768,1.009736,1.011405,1.02109,1.04747,1.020576,1.014373,0.974507,1.001828,1.000328
1992-11-30,1.106494,1.110948,1.082551,1.080868,1.078462,1.092061,1.082522,1.063671,1.047711,1.070207,1.093925,1.065907,1.061603,1.050041,1.04126,1.070465,1.048608,1.041267,1.029252,1.038265,1.036768,1.049988,1.010653,1.029428,1.083543
1992-12-31,1.0163,1.031959,1.050501,1.044694,1.05022,1.016088,1.025187,1.032855,1.063621,1.048926,1.037539,1.049656,1.028912,1.037981,1.050137,1.012262,1.02671,1.036452,1.041335,1.045833,0.992956,1.034563,1.010783,1.03,1.030076
1993-01-31,1.028961,1.051035,1.043131,1.056017,1.079548,0.993563,1.030377,1.044064,1.045692,1.081658,0.975874,1.042971,1.039783,1.034117,1.036656,1.011725,1.017824,1.030735,1.026367,1.046934,0.975783,1.011224,1.008972,1.033609,1.089824
1993-02-28,0.925103,0.947711,0.979087,0.991782,1.007861,0.918479,0.956913,0.99421,1.026372,1.016493,0.921393,1.000149,1.012312,1.006963,1.030075,0.94922,1.014612,1.015923,1.031469,1.018688,0.969251,1.021066,1.050582,1.046791,1.021197
1993-03-31,1.010175,1.017524,1.03151,1.025465,1.049945,1.006452,1.026206,1.04193,1.024847,1.040651,1.049378,1.031568,1.032351,1.036273,1.058088,1.025558,1.050139,1.043812,1.036598,1.018443,1.007033,1.035955,1.027976,1.013939,1.03503
1993-04-30,0.958636,0.962919,0.967688,0.978916,0.987826,0.970847,0.968374,0.980175,0.976987,0.959923,0.950249,0.97756,0.974914,0.982938,0.982803,0.949908,0.975153,0.980775,0.982206,0.985984,0.93997,0.978214,0.997231,0.985099,1.008501
1993-05-31,1.058706,1.044424,1.0390220000000001,1.029393,1.045345,1.06963,1.043192,1.03451,1.019864,1.043785,1.079872,1.058203,1.038702,1.022228,1.022347,1.06811,1.038494,1.023395,1.011039,1.029602,1.031481,1.044805,1.016212,1.012471,0.996269
1993-06-30,0.985412,0.997401,1.005189,0.991744,1.019068,0.992846,1.007525,1.002805,1.006866,1.023964,0.993434,1.002527,1.012154,1.026077,1.009614,1.007597,1.006141,1.019582,1.012359,1.038689,0.975403,1.010699,1.010732,1.027614,1.047147
1993-07-31,0.984987,0.996466,1.010043,1.017241,1.028918,1.002393,0.997596,1.017534,1.018135,1.027439,0.993103,1.000043,1.008978,1.026182,0.995217,0.967474,1.017044,1.011582,1.023379,1.013856,0.968519,0.998202,1.020331,1.01563,0.998679
1993-08-31,1.0369,1.054045,1.035657,1.042158,1.030829,1.033529,1.060206,1.049966,1.051592,1.034092,1.040541,1.049154,1.038229,1.032431,1.023413,1.060174,1.041395,1.045248,1.038232,1.050046,1.035413,1.026308,1.040657,1.041455,1.04017
1993-09-30,1.023166,1.021835,1.032019,1.029272,1.030529,1.036932,1.036296,1.026797,1.022549,1.024328,1.041171,1.010854,1.011661,1.012163,1.003364,1.006374,1.013501,1.008382,0.990347,0.991509,0.986945,0.983852,1.002194,1.014351,0.995505
1993-10-31,1.054357,1.043121,1.047227,1.046769,1.042507,1.039966,1.020403,1.016697,1.008216,1.006391,1.023762,0.989503,1.002685,0.998378,1.031162,1.033845,1.006957,1.001949,0.99319,0.977726,1.04719,1.013893,0.99256,0.995091,0.995131
1993-11-30,0.960025,0.969237,0.981523,0.978757,0.982827,0.967895,0.976613,0.976327,0.958549,0.956426,0.974562,0.980583,0.968027,0.964548,0.995638,0.976513,0.975282,0.97752,0.974189,0.95013,1.018852,0.980178,0.978398,0.960713,1.00707
1993-12-31,1.00818,1.003909,1.019232,1.012319,1.010429,1.022317,1.044544,1.04538,1.018034,1.038085,1.037118,1.062907,1.052086,1.050855,1.022353,1.042124,1.06394,1.040523,1.028444,1.026347,1.002342,1.022266,1.008351,1.012346,1.017944
1994-01-31,1.02607,1.063154,1.055552,1.047982,1.058043,1.013069,1.018425,1.021841,1.026419,1.049746,1.017448,1.021527,1.013877,1.032224,1.061967,1.024014,1.032401,1.051023,1.031792,1.020139,1.016584,1.047973,1.041719,1.029785,1.027417
1994-02-28,0.96982,1.007361,1.005191,1.000405,0.998682,0.993236,1.005305,0.999874,0.980663,0.98823,0.993546,1.015471,1.006305,0.987621,0.987921,0.985503,1.003034,0.988055,0.974078,0.950029,0.981858,0.979494,0.9654,0.946478,0.950286
1994-03-31,0.921777,0.949603,0.951844,0.955273,0.971038,0.930119,0.944916,0.947288,0.958484,0.947457,0.942459,0.951764,0.955923,0.957398,0.949672,0.939429,0.949981,0.949931,0.970348,0.99108,0.951982,0.960523,0.967342,0.958945,0.960307
1994-04-30,0.9606,0.999532,0.985119,0.989702,1.006945,0.987516,1.008723,1.013669,1.019439,1.01999,0.98744,1.020202,1.010288,1.007568,1.011053,0.997596,1.006469,1.009734,1.017894,1.019827,1.012047,1.002474,1.021911,1.01634,1.021477
1994-05-31,0.973235,0.978854,0.987096,1.000672,0.996146,0.977704,0.975507,0.989131,0.996082,1.013874,0.978592,0.987034,1.005874,0.991839,1.002875,0.996567,0.99516,1.012881,0.989116,0.979293,1.010712,1.027206,1.027188,1.000321,1.034329
1994-06-30,0.935075,0.953012,0.955474,0.978171,0.979773,0.940959,0.96699,0.997036,0.981255,0.992011,0.958304,0.969666,1.00293,0.983729,0.981881,0.950143,0.981645,0.966567,0.980933,0.96691,0.971344,0.97354,0.978135,0.986671,0.96255
1994-07-31,1.001886,1.001976,0.992184,1.009688,1.011544,1.022703,1.021695,1.01836,1.025888,1.023234,1.032613,1.01766,1.007727,1.037644,1.035881,1.023857,1.039097,1.032214,1.049195,1.039122,1.030956,1.029083,1.043448,1.038701,1.014054
1994-08-31,1.038151,1.041132,1.051216,1.025715,1.028197,1.097018,1.06117,1.041083,1.04247,1.046721,1.09724,1.050644,1.044459,1.027935,1.052206,1.078567,1.048163,1.029864,1.031779,1.044922,1.052737,1.034613,1.018741,1.038469,1.033881
1994-09-30,1.009049,1.019547,1.007736,1.027458,1.008228,1.001258,1.008275,0.98639,1.009622,0.985201,1.006511,0.986497,0.980158,0.983244,0.989144,0.992091,0.981217,0.972528,0.966896,0.974581,0.987973,0.9652499999999999,0.976546,0.959078,0.937738
1994-10-31,0.992585,1.009649,0.99771,1.012103,1.002307,1.0187599999999999,0.999939,0.997062,0.995474,0.961894,1.034383,0.992753,0.999659,0.993784,0.973404,1.005655,1.013723,1.01041,0.992642,0.980193,1.023942,1.023585,1.033545,1.017499,1.025049
1994-11-30,0.955169,0.967788,0.972606,0.968009,0.968946,0.969997,0.962881,0.961162,0.961622,0.9501269999999999,0.94573,0.956519,0.954457,0.970947,0.949088,0.959443,0.962839,0.959775,0.960271,0.945913,0.979182,0.94824,0.972654,0.949072,0.972625
1994-12-31,0.972498,0.991051,0.997328,1.000808,0.998637,1.016996,1.020336,1.025898,1.025628,1.01055,1.017545,1.031198,1.020369,1.025405,1.045287,1.020471,1.011875,1.000008,1.009441,1.011911,1.016066,1.010769,1.011418,1.011139,1.001702
1995-01-31,1.011066,1.023207,1.0319180000000001,1.022938,1.022048,0.980093,0.990809,0.999103,0.995708,1.002609,0.986177,0.976121,0.994594,0.999715,1.005912,0.998594,1.012516,1.009635,1.039371,1.046626,1.027691,1.016709,1.035451,1.043476,1.064907
1995-02-28,1.024426,1.038224,1.019633,1.022163,1.032976,1.034811,1.045122,1.034208,1.028009,1.059165,1.054058,1.056934,1.041939,1.048395,1.052637,1.043862,1.047534,1.050538,1.040774,1.048349,1.035546,1.046831,1.029146,1.036047,1.075757
1995-03-31,1.007663,1.015807,1.012794,1.010865,1.008022,1.045577,1.011513,1.027385,1.019727,1.019184,1.036868,1.022508,1.01768,1.002144,1.010854,1.031749,1.034356,1.026236,1.0144,1.006306,1.027306,1.039251,1.035669,1.004744,1.011671
1995-04-30,1.015341,1.02902,1.033299,1.02242,1.039593,1.00028,1.015667,1.03482,1.020994,1.035311,0.998858,1.016927,1.019755,1.036249,1.020355,1.003855,1.021425,1.0369950000000001,1.010515,1.037429,1.027238,1.033025,1.026925,1.023646,1.059711
1995-05-31,1.015282,1.021927,1.018735,1.013174,1.03178,1.011852,1.012379,1.016527,1.027263,1.025762,1.020959,0.993453,1.018199,1.030288,1.029881,1.019239,1.015788,1.023845,1.034552,1.050637,1.038495,1.029118,1.043852,1.06298,1.061654
1995-06-30,1.0794380000000001,1.06848,1.070659,1.050279,1.052106,1.098801,1.043654,1.045974,1.040402,1.047797,1.065418,1.031684,1.030868,1.031611,1.021738,1.06652,1.032704,1.026504,1.025183,1.02813,1.033656,1.02611,1.001066,1.015432,1.015827
1995-07-31,1.073039,1.068396,1.051186,1.049206,1.049766,1.091515,1.065003,1.039287,1.051152,1.050085,1.081297,1.04902,1.045039,1.037661,1.044946,1.080306,1.045953,1.039598,1.043292,1.036226,1.029956,1.03927,1.040559,1.027344,1.034017
1995-08-31,1.041365,1.047315,1.04316,1.037293,1.041467,1.007324,1.018049,1.007284,1.035914,1.034319,1.005037,1.021315,1.010503,1.042464,1.030852,1.001026,1.008228,1.025051,1.022636,1.044378,1.000734,1.003728,1.001906,1.027056,1.043724
1995-09-30,1.034452,1.028168,1.02032,1.018791,1.024809,1.022334,1.013852,1.019855,1.029535,1.005578,1.021605,1.01109,1.015493,1.01973,1.010291,1.035126,1.020675,1.013504,1.020219,1.03483,1.055287,1.025077,1.03527,1.047456,1.071058
1995-10-31,0.93669,0.942508,0.951299,0.963502,0.972311,0.930962,0.932312,0.945378,0.950611,0.949271,0.972651,0.961689,0.9736,0.968513,0.972205,0.981919,0.95682,0.977327,0.991279,0.988804,1.003605,1.007558,1.007892,0.968017,0.966149
1995-11-30,1.021326,1.024955,1.007402,1.023183,1.015341,1.049358,1.049635,1.038818,1.04626,1.059429,1.063371,1.035027,1.038072,1.04778,1.051378,1.04306,1.049393,1.039843,1.047279,1.046705,1.048716,1.020393,1.048947,1.049509,1.053539
1995-12-31,1.024222,1.029216,1.017045,1.013309,1.014631,1.028807,1.022128,1.034155,1.032689,1.033367,1.012257,1.018338,1.028956,1.032865,1.014297,0.985142,1.00642,1.012253,1.002472,1.004044,1.011885,1.009499,1.038817,1.009966,1.014852
1996-01-31,1.015372,1.004245,1.013865,1.014805,1.008087,0.998437,0.987371,1.006593,0.99138,1.003891,0.983247,1.003971,0.998672,1.010032,1.008012,1.0163,1.021328,1.016493,1.021008,1.012085,1.039699,1.025867,1.033743,1.029295,1.043258
1996-02-29,1.03884,1.010917,1.038552,1.018964,1.034915,1.05432,1.057169,1.02072,1.019514,1.013205,1.046929,1.040005,1.021663,1.025577,1.016162,1.054292,1.010876,1.004878,1.016553,0.991204,1.005819,1.030463,1.014961,1.006027,1.029718
1996-03-31,1.027839,1.037828,1.031612,1.040984,1.019836,1.019559,1.032139,1.009729,1.018474,1.039309,1.029344,1.010438,1.033547,1.032145,1.019585,1.012142,1.008591,1.030354,1.007508,1.021938,0.99944,1.021681,1.009239,1.017778,1.013612
1996-04-30,1.084767,1.097516,1.08582,1.060244,1.056875,1.101676,1.09132,1.025194,1.042759,1.064714,1.057558,1.046473,1.019961,1.012811,1.015941,1.063757,1.041554,1.038187,0.997609,0.981322,1.012794,1.032201,1.012419,0.995664,0.985889
1996-05-31,1.085706,1.0673300000000001,1.078494,1.063869,1.05756,1.060885,1.044222,1.042858,1.048327,1.075531,1.027932,1.03798,1.020889,1.013399,1.0116,1.028479,1.00367,1.004325,1.012663,1.016087,1.038805,1.013666,1.006942,1.029746,1.022019
1996-06-30,0.922818,0.943622,0.948521,0.974594,0.971212,0.931238,0.962081,0.974853,0.991582,0.94475,0.926781,0.972494,0.989595,0.995989,1.001441,0.956689,0.9838,0.989059,1.003979,1.021837,1.014484,0.990764,1.00151,0.991197,1.007029
1996-07-31,0.849732,0.904055,0.9129929999999999,0.955161,0.944756,0.849627,0.900989,0.920248,0.944124,0.947071,0.884834,0.923509,0.938833,0.950995,0.937525,0.910718,0.9460189999999999,0.951237,0.95864,0.95307,0.949866,0.952083,0.971222,0.966222,0.953409
1996-08-31,1.046142,1.051199,1.042664,1.038688,1.038458,1.078202,1.058252,1.041503,1.046538,1.047894,1.081959,1.05745,1.061643,1.065235,1.045265,1.055745,1.052136,1.059182,1.04921,1.040874,1.012676,1.030132,1.040983,1.021366,1.029697
1996-09-30,1.02357,1.039618,1.016003,1.034826,1.026321,1.059541,1.029557,1.021465,1.038281,1.039749,1.080249,1.040824,1.032526,1.03261,1.016496,1.056734,1.053899,1.025427,1.042309,1.0347,1.072707,1.044769,1.036416,1.034251,1.049684
1996-10-31,0.943832,0.972964,0.985497,1.011103,1.009281,0.946047,0.985459,1.001544,1.019823,1.011143,0.934245,0.975318,1.002317,1.011203,1.015057,0.960763,1.008279,1.022644,1.029812,1.033906,1.016608,1.011424,1.056155,1.055768,1.046019
1996-11-30,0.994021,1.018958,1.032591,1.042677,1.042846,1.011139,1.038452,1.044282,1.04518,1.038162,1.01534,1.058615,1.062766,1.070593,1.039764,1.054239,1.054299,1.056379,1.067179,1.082978,1.074883,1.072096,1.082519,1.086856,1.066994
1996-12-31,0.997767,1.005883,1.024377,1.024391,1.017083,1.017008,1.0207869999999999,1.032079,1.032868,1.020619,0.996961,1.00641,1.017918,1.008803,1.021837,0.979272,1.004265,0.994373,0.999897,1.019939,0.979905,0.995219,0.974377,0.973758,0.987383
1997-01-31,1.063435,1.046521,1.067731,1.048322,1.040728,1.040518,1.027263,1.019268,1.00923,1.017805,1.002157,1.039509,1.006116,1.029493,1.04753,1.021594,1.036778,1.043217,1.019251,1.050162,1.076782,1.050839,1.049721,1.053784,1.040137
1997-02-28,0.940947,0.947698,0.975313,1.007713,1.006873,0.910522,0.971585,0.993332,1.00612,1.02658,0.936366,0.982699,1.004085,1.015337,1.020282,0.962578,1.011339,1.00078,1.024983,1.037466,1.008133,0.984282,0.99934,1.030265,1.049558
1997-03-31,0.903885,0.937938,0.960365,0.974424,0.981071,0.905933,0.942259,0.972059,0.975208,0.985272,0.920395,0.963954,0.964577,0.972538,0.979647,0.925473,0.963391,0.9681960000000001,0.954801,0.963211,0.945083,0.990944,0.96075,0.941991,0.943822
1997-04-30,0.948646,0.96049,0.966247,0.985787,0.974822,0.956205,0.997613,0.998537,1.018826,1.000871,0.987638,1.024743,1.039179,1.032648,1.0128,1.02061,1.024583,1.019888,1.030713,1.01983,1.07961,1.024821,1.06229,1.049844,1.013764
1997-05-31,1.125753,1.111792,1.110515,1.084541,1.079802,1.170976,1.14764,1.098434,1.091649,1.085523,1.1516899999999999,1.104701,1.078365,1.069501,1.070456,1.09696,1.074311,1.055854,1.071565,1.069965,1.061198,1.071483,1.060522,1.043475,1.065452
1997-06-30,1.039427,1.046884,1.058493,1.071977,1.0738159999999999,1.027462,1.057003,1.05887,1.054893,1.067854,1.042445,1.035419,1.051382,1.054152,1.052207,1.022359,1.037825,1.051076,1.025849,1.043212,1.047141,1.027025,1.051081,1.043558,1.040599
1997-07-31,1.035717,1.051456,1.060325,1.06208,1.056416,1.055802,1.051004,1.040456,1.047587,1.053787,1.048166,1.074068,1.06751,1.053713,1.060176,1.070897,1.066717,1.064601,1.076941,1.056572,1.075638,1.089245,1.108379,1.06406,1.08094
1997-08-31,1.055477,1.049008,1.037275,1.034262,1.042396,1.034467,1.028362,1.038276,1.019056,1.037029,1.02185,1.026539,1.015283,1.003166,1.010715,1.002686,1.001618,1.005377,0.99047,1.003958,0.9295910000000001,0.966708,0.949937,0.954967,0.944737
1997-09-30,1.103088,1.098094,1.095662,1.076611,1.090164,1.074865,1.080169,1.070803,1.077591,1.072951,1.069736,1.066324,1.069892,1.069914,1.071006,1.052558,1.055387,1.054359,1.057445,1.040544,1.048886,1.053265,1.066187,1.061953,1.07259
1997-10-31,0.942606,0.963392,0.958706,0.993305,0.988202,0.940029,0.95031,0.95417,0.969927,0.974621,0.9351659999999999,0.968394,0.961472,0.974945,0.9687209999999999,0.935277,0.938954,0.972238,0.955227,0.953832,0.97318,0.960722,0.966384,0.989964,0.96638
1997-11-30,0.967079,0.965663,0.974407,0.998663,0.997287,0.965954,0.973378,0.995283,0.997624,0.998697,0.966506,0.98085,1.008965,1.026116,1.015835,1.008277,0.999964,1.042811,1.031772,1.034937,1.056435,1.042439,1.024544,1.049062,1.03914
1997-12-31,0.941548,0.970585,0.979221,1.007169,1.013904,0.988711,0.983313,1.012746,1.039791,1.021872,1.00895,1.000398,1.023805,1.045816,1.032218,0.983557,1.020434,1.028993,1.058884,1.011587,1.013247,1.018266,1.033844,1.046645,1.030148
1998-01-31,1.002811,0.991499,0.9846239999999999,0.994605,0.992252,1.00369,0.98104,0.982146,0.979062,0.980579,0.992649,0.992464,0.981931,0.955456,1.016617,0.986861,0.994809,0.980525,0.981352,1.01252,1.036527,0.994684,0.9675549999999999,0.999523,1.004601
1998-02-28,1.063703,1.068942,1.05539,1.051309,1.065111,1.088039,1.085681,1.092554,1.063909,1.073892,1.091868,1.097263,1.068571,1.076439,1.087373,1.094368,1.076912,1.070468,1.061042,1.061586,1.068024,1.071108,1.096327,1.073372,1.073356
1998-03-31,1.04498,1.062291,1.049267,1.046324,1.050095,1.044599,1.063908,1.02932,1.039485,1.047846,1.044484,1.029969,1.052889,1.036656,1.057973,1.036659,1.05083,1.050766,1.044256,1.076845,1.05202,1.037078,1.05576,1.085147,1.07137
1998-04-30,1.02427,1.025934,1.036147,1.021101,1.027965,0.999688,1.013164,1.007106,1.022295,1.019969,1.014045,1.00201,1.00214,1.002384,1.008291,1.001282,0.999095,1.000101,1.008332,1.004889,1.010083,1.022497,1.011698,1.025616,0.992714
1998-05-31,0.931228,0.936367,0.960032,0.967574,0.97705,0.909585,0.93721,0.950668,0.96476,0.973839,0.923145,0.938399,0.949142,0.954595,0.975753,0.950225,0.970383,0.966499,0.969891,0.964148,0.976996,0.984994,0.982974,1.007039,0.987143
1998-06-30,0.997165,1.011143,0.972098,0.996004,0.988496,1.019822,0.977346,1.00239,0.989746,1.00196,1.03749,0.979802,0.991744,0.999365,1.002391,1.01309,0.994167,1.001763,1.016135,1.008176,1.070709,1.015923,1.023963,1.051279,1.007498
1998-07-31,0.924141,0.928075,0.941937,0.937052,0.944919,0.922629,0.925733,0.922336,0.90894,0.929241,0.920944,0.924858,0.921986,0.919522,0.912996,0.939037,0.953904,0.942869,0.946171,0.959173,1.004594,0.975363,0.986898,0.971451,0.975061
1998-08-31,0.7199180000000001,0.785535,0.797003,0.808512,0.815222,0.7466710000000001,0.796369,0.823601,0.839662,0.813682,0.771542,0.783563,0.823923,0.837041,0.81514,0.801878,0.813077,0.817906,0.881136,0.873378,0.870358,0.830317,0.822702,0.844386,0.87427
1998-09-30,1.071655,1.03467,1.036392,1.035826,1.015481,1.126676,1.082,1.051632,1.043544,1.057215,1.114165,1.053139,1.083701,1.049229,1.025943,1.056566,1.07136,1.067253,1.061295,1.061219,1.08541,1.038726,1.028947,1.039459,1.097833
1998-10-31,1.033522,1.033009,1.011229,1.029131,1.010943,1.053631,1.057304,1.036437,1.030366,1.020131,1.038993,1.064832,1.049172,1.035178,1.03974,1.086532,1.09293,1.064653,1.044913,1.034023,1.078418,1.078835,1.085849,1.082828,1.032383
1998-11-30,1.106173,1.08474,1.061135,1.063256,1.087453,1.091106,1.0721289999999999,1.039767,1.038339,1.06388,1.093349,1.066211,1.027638,1.029953,1.030578,1.076243,1.022458,1.04274,1.028283,1.043471,1.073633,1.060792,1.055577,1.049483,1.048269
1998-12-31,1.051491,1.012849,1.0283,1.017251,1.012221,1.071462,1.05483,1.03267,1.04331,1.05019,1.113118,1.081807,1.036953,1.045749,1.030915,1.102468,1.053732,1.037241,1.0331380000000001,1.023602,1.08895,1.023436,1.027919,1.028904,1.050262
1999-01-31,1.077109,1.059439,1.049,1.04054,1.041225,1.063769,1.007878,0.981101,0.972859,1.007931,1.048925,1.005128,0.986184,0.97969,0.988672,1.015983,0.964756,0.982975,0.963786,0.976988,1.059903,1.014312,1.021379,1.015761,1.00179
1999-02-28,0.921867,0.917762,0.937875,0.944285,0.943233,0.90757,0.904322,0.925298,0.9212359999999999,0.892317,0.912104,0.911482,0.936906,0.94269,0.936891,0.943804,0.953377,0.967584,0.955429,0.983341,0.95286,0.992803,0.999899,0.991715,0.987197
1999-03-31,0.980267,0.926929,0.989653,0.962379,0.971585,1.000336,1.007617,1.001439,1.000371,0.96199,1.049731,1.019864,1.021041,0.991531,0.999445,1.038377,1.040674,1.017482,1.004561,0.996415,1.043966,1.031082,1.045239,1.034152,1.02143
1999-04-30,1.076532,1.093996,1.128698,1.113551,1.085678,1.108472,1.108167,1.070932,1.085053,1.073751,1.076051,1.126215,1.089613,1.111381,1.083828,1.059276,1.116423,1.077879,1.117397,1.088819,1.007752,1.087991,1.074213,1.060063,1.024029
1999-05-31,1.018583,1.036293,1.02154,1.021296,1.041159,1.007631,1.003397,1.028526,1.043345,1.036375,0.994629,0.99973,1.006953,1.020915,1.026517,1.024519,0.994005,1.016168,1.019439,1.017045,0.967177,0.984697,0.978838,0.992918,1.028338
1999-06-30,1.066715,1.079625,1.08952,1.053379,1.060453,1.081664,1.073692,1.068805,1.045634,1.068845,1.048144,1.058553,1.029305,1.013596,1.067572,1.07302,1.078419,1.028294,1.038785,1.034497,1.070009,1.029543,1.027508,1.000619,0.999702
1999-07-31,1.010507,1.023705,1.016269,1.012623,1.01607,0.985242,0.992587,0.990427,0.981845,0.961881,0.971508,0.980672,0.975748,0.986709,0.982078,0.972043,0.983171,0.981868,0.98682,0.991654,0.970851,0.957572,0.948952,0.976398,0.914952
1999-08-31,0.967774,0.979599,0.981527,0.983199,0.964287,0.973376,0.959395,0.951451,0.971974,0.957284,0.980255,0.942649,0.9624,0.962592,0.993108,0.987161,0.952202,0.976247,0.975745,0.929183,1.006106,0.975853,0.968617,0.95697,0.986128
1999-09-30,1.015148,0.996694,0.989932,0.979551,0.960162,0.994847,1.015546,0.991842,0.97897,0.983284,1.040326,1.010195,0.976001,0.967649,0.985878,1.015252,0.961336,0.968919,0.950655,0.980107,0.979515,0.965086,0.935249,0.912649,0.927774
1999-10-31,0.995768,0.994413,0.992121,0.990583,0.973638,1.026246,0.99217,0.986347,0.989838,0.948307,1.021887,1.004127,0.991987,0.983101,1.00411,1.076038,1.013461,1.020173,1.045005,1.043143,1.062344,1.103044,1.0779320000000001,1.048393,1.075978
1999-11-30,1.191233,1.127881,1.096911,1.076282,1.066471,1.119728,1.093801,1.046558,1.033819,1.029098,1.116859,1.075588,0.989783,1.000441,0.999143,1.117715,0.997556,0.987179,1.004921,1.037278,1.041169,1.001272,0.966044,0.950142,1.013106
1999-12-31,1.243643,1.263654,1.077241,1.124526,1.074093,1.1725889999999999,1.120092,1.044278,1.041638,1.065232,1.151592,1.094857,1.001991,1.043969,1.034057,1.21021,1.051343,1.007335,1.069516,1.034741,1.076911,1.045591,0.994132,1.009016,1.001876
2000-01-31,1.096769,1.062783,1.045476,1.035375,1.046712,1.007449,0.975778,0.973981,1.005586,0.969883,0.967946,0.954927,0.9871,0.953918,0.942939,0.960652,0.970893,0.959811,0.959153,0.910229,0.952227,0.959014,0.947286,0.939634,0.941398
2000-02-29,1.363894,1.435163,1.204192,1.260642,1.148022,1.306694,1.1935,1.036528,1.091831,1.143012,1.226034,1.132867,1.008411,1.00431,0.986759,1.258131,1.01164,0.976647,1.029549,0.9678370000000001,1.003456,0.944058,0.920917,0.902054,0.9184140000000001
2000-03-31,0.862744,0.807668,0.920802,0.92536,0.974969,0.862936,0.937536,1.006149,0.994812,0.973183,0.872206,0.982492,1.10756,1.06003,1.134854,0.970181,1.123506,1.144446,1.102665,1.127271,1.092029,1.114515,1.101183,1.16826,1.1806510000000001
2000-04-30,0.7715609999999999,0.816269,0.898805,0.89079,0.902242,0.868609,0.912903,0.93973,0.983803,0.974663,0.89973,0.994816,0.986392,1.028685,1.002572,0.930594,0.962209,1.025734,1.009181,1.013364,0.95858,0.972318,1.005635,1.011705,0.958217
2000-05-31,0.8589439999999999,0.907394,0.942211,0.925554,0.929937,0.903398,0.943829,0.944708,0.932586,0.985508,0.947718,0.971483,0.980101,0.995616,1.028168,0.920775,0.993959,0.997371,0.983824,1.012712,0.964819,0.985506,1.049516,1.013225,1.068187
2000-06-30,1.279663,1.28884,1.174954,1.190034,1.10095,1.14632,1.11736,1.033475,1.044161,1.097251,1.147506,1.025846,1.008589,0.991448,1.020647,1.107586,1.03107,0.961502,0.970825,0.955389,1.055181,0.95389,0.93652,0.930945,0.951427
2000-07-31,0.912876,0.987641,1.00715,1.01215,1.013435,0.9283319999999999,0.983222,1.014883,1.013103,1.008479,0.903286,0.989783,1.042789,1.02273,1.071622,0.931694,0.989257,1.029162,1.018218,1.01851,0.970689,1.005374,1.044215,1.063138,1.023143
2000-08-31,1.091654,1.084639,1.040065,1.055057,1.052617,1.08228,1.046861,1.039881,1.063581,1.068451,1.084664,1.102512,1.063428,1.0693,1.0714730000000001,1.137074,1.060951,1.064216,1.072257,1.06746,1.073452,1.067094,1.085976,1.064489,1.05698
2000-09-30,0.894287,0.991811,0.967441,0.99704,0.994299,0.958736,0.957519,0.9997,0.98452,0.97915,0.898289,0.969374,0.995624,1.028041,1.018549,0.907228,0.991318,0.99705,1.020396,0.99308,0.93878,0.974919,1.013128,1.092925,0.983605
2000-10-31,0.881911,0.894802,0.964986,0.950767,0.953824,0.907384,0.995487,0.994585,0.994166,0.984006,0.895259,0.980957,1.004614,0.991124,1.024558,0.939021,1.02148,1.021497,0.97867,1.040013,0.979746,1.023415,0.961016,1.019002,1.033945
2000-11-30,0.793253,0.874258,0.937993,0.950114,0.954432,0.819763,0.9320390000000001,0.97507,0.949811,0.972568,0.79721,0.934687,0.94611,0.994356,1.015496,0.813481,0.979495,1.007984,1.01356,1.009209,0.89482,0.936403,0.9215450000000001,0.997312,1.001051
2000-12-31,0.904323,1.011548,1.006186,1.032512,1.027546,0.997007,1.064078,1.118595,1.1069309999999999,1.123947,1.020186,1.141458,1.104046,1.130153,1.111663,1.039877,1.083794,1.117532,1.132408,1.113009,0.984928,1.08677,1.05627,1.077186,1.008439
2001-01-31,1.269306,1.178155,1.1273659999999999,1.122423,1.128175,1.141418,1.0791439999999999,1.044498,1.06273,1.053773,1.130553,1.028221,1.00308,0.98801,1.029444,1.072883,1.018318,0.99542,0.964914,1.067914,1.034497,1.02461,1.081442,0.952741,1.027202
2001-02-28,0.869759,0.897966,0.975601,1.004225,0.997795,0.861356,0.977293,0.995831,0.970858,1.01587,0.828912,0.959452,0.990576,1.01691,0.991781,0.849347,0.975195,0.998361,1.002041,1.018777,0.880421,0.977287,0.972606,1.030697,1.02394
2001-03-31,0.87381,0.987725,0.98558,1.00042,0.9826,0.943491,0.992108,0.98597,0.980501,0.985664,0.883324,0.947413,0.968909,0.972106,0.98762,0.879072,0.964144,0.988043,0.987641,1.00025,0.914149,0.978307,0.994719,0.969352,0.973584
2001-04-30,1.097283,1.06722,1.036769,1.044497,1.052348,1.106753,1.050559,1.069088,1.043249,1.049961,1.111608,1.090333,1.06463,1.060472,1.035782,1.166329,1.073344,1.056962,1.082164,1.078239,1.09078,1.052047,1.039808,1.021893,1.074823
2001-05-31,1.125495,1.111912,1.101998,1.114022,1.101568,1.01792,1.043984,1.026948,1.041699,1.057344,1.049488,0.995535,1.029729,1.01365,1.017927,1.03699,1.042319,1.033427,1.00584,1.046293,1.000023,1.012131,1.022493,1.04243,1.056346
2001-06-30,1.021968,1.023167,1.045062,1.029495,1.009251,1.074005,1.105039,1.062201,1.064141,1.048194,1.053886,0.988527,1.012487,1.003512,1.009318,1.0343849999999999,0.985889,0.992,0.963644,1.028229,0.977954,0.966598,0.997737,0.977529,0.973084
2001-07-31,0.911088,0.928265,0.957977,1.003115,0.9991,0.893411,0.92284,0.941446,0.964577,0.958524,0.906603,0.954127,0.978343,0.999561,0.991677,0.954991,0.988928,0.993239,1.018403,0.99123,0.984506,0.999735,0.984945,0.950416,1.073672
2001-08-31,0.910671,0.944089,0.967391,0.983871,0.99018,0.898625,0.959968,0.969374,0.985215,0.989287,0.926119,0.971001,0.973473,0.97845,0.997702,0.930778,0.957098,0.963747,0.985553,0.908895,0.927564,0.959488,0.971276,0.9258649999999999,0.916506
2001-09-30,0.83482,0.846071,0.900442,0.900612,0.8728009999999999,0.812169,0.843963,0.872596,0.8504700000000001,0.836336,0.842282,0.866499,0.886172,0.862128,0.813082,0.840728,0.868844,0.896765,0.85825,0.8498129999999999,0.928403,0.890896,0.9288339999999999,0.888712,1.016444
2001-10-31,1.087881,1.080519,1.058754,1.051421,1.04564,1.113391,1.085983,1.060412,1.030102,1.051245,1.133861,1.063806,1.035851,1.051308,1.087705,1.081624,1.041212,1.0145,1.034732,1.019894,1.032924,0.997618,0.9810719999999999,1.018246,0.8536170000000001
2001-11-30,1.061341,1.108947,1.052262,1.056071,1.06624,1.102446,1.080769,1.066291,1.09319,1.122289,1.096718,1.060428,1.060702,1.097016,1.1304020000000001,1.102928,1.086412,1.067882,1.102501,1.084701,1.075761,1.084115,1.047295,1.110388,1.112876
2001-12-31,1.129067,1.060814,1.059284,1.055907,1.072941,1.080633,1.056778,1.065976,1.078599,1.072899,1.058098,1.059806,1.075042,1.055123,1.049722,1.037621,1.052351,1.049409,1.067045,1.033574,1.000156,1.026181,1.03639,1.004628,1.013083
2002-01-31,0.92925,0.985342,1.02394,1.033651,1.050065,0.936762,0.972923,0.998319,1.01368,1.011993,0.947609,0.979732,0.99349,1.023277,1.050925,0.959545,0.998712,1.012509,1.022548,0.964449,0.991751,0.976898,0.99465,0.983693,0.908124
2002-02-28,0.894862,0.941132,0.955816,0.987169,0.968072,0.903083,0.95614,0.986593,1.006299,0.99941,0.927438,0.994203,1.002394,0.995998,1.042774,0.958775,1.008152,1.025651,0.960845,1.022289,0.973762,1.005167,1.00439,0.96523,0.872369
2002-03-31,1.058754,1.074958,1.084881,1.083398,1.092047,1.087968,1.092597,1.073777,1.080938,1.113512,1.087845,1.067229,1.068379,1.076227,1.090625,1.065413,1.069889,1.058282,1.051272,1.082385,1.029742,1.060731,1.0354700000000001,1.088511,1.001129
2002-04-30,0.902266,0.994988,1.019475,1.036425,1.050299,0.952119,1.003821,1.03653,1.039059,1.049079,0.947843,1.009084,1.022681,1.008938,1.00648,0.970051,1.002977,0.997377,0.981832,1.012585,0.920132,0.970825,1.009584,0.976774,0.778537
2002-05-31,0.933581,0.940434,0.968011,1.013963,1.002191,0.920747,0.958305,0.952822,0.967507,0.933766,0.939651,0.97184,0.959309,0.971966,0.979957,0.971573,0.995035,0.990578,0.989729,1.002946,0.986713,1.004547,1.006388,1.010067,0.922931
2002-06-30,0.917483,0.9211320000000001,0.991195,1.010262,0.989332,0.92232,0.958222,0.971602,0.983095,0.967733,0.923307,0.923689,0.950427,0.948004,0.940483,0.903401,0.929909,0.928355,0.941434,0.9092830000000001,0.92421,0.952808,0.932072,0.899722,0.885521
2002-07-31,0.805199,0.845056,0.8504039999999999,0.884962,0.879587,0.847592,0.833644,0.859213,0.846579,0.817048,0.902244,0.91144,0.881363,0.8780209999999999,0.825368,0.902174,0.91255,0.906927,0.877058,0.817546,0.945152,0.897459,0.928297,0.895528,0.853246
2002-08-31,0.998627,0.99611,0.973782,0.99178,0.982394,1.007889,1.001804,0.996252,1.011205,0.986468,1.00896,0.993669,1.0269490000000001,1.015092,1.02283,0.987349,0.998689,1.016597,0.999842,1.066553,0.998694,1.00924,1.017436,1.053081,1.083212
2002-09-30,0.893521,0.9159740000000001,0.922233,0.929933,0.931979,0.919556,0.9352199999999999,0.9413009999999999,0.926855,0.906801,0.923758,0.91457,0.904851,0.921357,0.909473,0.909675,0.914614,0.881692,0.891688,0.7825759999999999,0.891349,0.887476,0.907282,0.91429,0.938047
2002-10-31,1.05817,1.045233,1.027008,1.020311,1.015206,1.102258,1.025326,1.041139,1.015574,0.986191,1.073502,1.026928,1.054365,1.0335239999999999,1.011012,1.070125,1.04717,1.038342,1.033606,1.047484,1.103647,1.069862,1.046846,1.059407,1.1413280000000001
2002-11-30,1.178132,1.126759,1.102545,1.0849820000000001,1.092358,1.132245,1.109837,1.075702,1.060261,1.088661,1.092486,1.074397,1.065921,1.055016,1.116523,1.105488,1.07668,1.075461,1.069125,1.178959,1.049571,1.060858,1.044747,1.063004,1.070504
2002-12-31,0.902273,0.942805,0.947951,0.973984,0.973304,0.897793,0.9276530000000001,0.955503,0.963491,0.963039,0.926781,0.955938,0.972577,0.961577,0.932301,0.930844,0.949066,0.974643,0.967674,0.963062,0.937573,0.937995,0.9666170000000001,0.96205,0.902609
2003-01-31,0.994378,0.997275,0.976255,0.994812,1.002386,0.96735,0.968829,0.96617,0.98437,0.974394,0.985318,0.959221,0.966628,0.962093,0.973728,0.988612,0.965674,0.9946,0.975237,0.949014,0.971785,0.972884,0.988398,0.948725,0.944144
2003-02-28,0.938883,0.969009,0.975341,0.984747,0.978513,0.973685,0.983479,0.97871,0.973095,0.942956,0.95899,0.989839,0.977727,0.960617,0.97314,0.971959,0.984495,0.978813,0.982966,0.944421,0.989207,0.972587,0.975785,0.965635,0.950793
2003-03-31,1.024135,1.011616,1.005948,1.021077,1.000167,1.022765,1.013701,1.005046,1.014793,0.996416,1.028826,1.008287,0.998528,0.995581,1.036281,1.015294,0.995249,1.00413,1.022464,0.955057,1.017086,1.004975,1.008505,0.99357,0.970506
2003-04-30,1.120014,1.107894,1.08376,1.0764,1.096398,1.109871,1.094528,1.092121,1.095519,1.101564,1.083325,1.080211,1.107673,1.116398,1.10163,1.087045,1.070186,1.092793,1.0855,1.090993,1.073132,1.095945,1.088043,1.088223,1.1481810000000001
2003-05-31,1.195403,1.155143,1.111925,1.107619,1.112877,1.130253,1.094653,1.112696,1.1009929999999999,1.113989,1.085535,1.08956,1.096751,1.094753,1.092535,1.097616,1.105836,1.082129,1.100833,1.09953,1.042374,1.06561,1.067839,1.0670600000000001,1.078462
2003-06-30,1.075443,1.040502,1.048092,1.044223,1.056135,1.018821,1.007016,1.013522,1.020796,1.034328,1.025887,1.016741,1.004807,1.011966,1.020494,1.017426,1.008825,1.002105,0.993883,1.071292,1.010081,1.024522,1.019197,0.992035,1.036635
2003-07-31,1.085891,1.084226,1.084676,1.087621,1.081457,1.088314,1.053636,1.059201,1.066316,1.077585,1.074419,1.046915,1.01326,1.044423,1.02445,1.040276,1.034307,1.030997,1.050101,1.020426,1.006261,1.054221,1.018459,0.995713,1.016269
2003-08-31,1.04415,1.049655,1.035157,1.045771,1.063445,1.040049,1.032021,1.054158,1.0494,1.060007,1.03988,1.041336,1.048732,1.073852,1.07785,1.046646,1.036863,1.041118,1.048947,1.093991,1.015688,1.014238,1.020364,1.024463,1.013199
2003-09-30,1.035252,1.003826,0.998721,1.020958,1.048728,0.978971,0.978712,0.974001,0.960847,0.99203,0.980276,0.966819,0.977557,0.988001,0.992762,0.984779,0.974459,0.992386,0.988474,1.003164,0.991139,0.989141,0.988937,0.977806,0.954453
2003-10-31,1.057436,1.086748,1.077462,1.104933,1.115739,1.082458,1.083877,1.067381,1.101946,1.10827,1.090372,1.066626,1.05875,1.109696,1.126033,1.0762990000000001,1.078367,1.072008,1.09653,1.082152,1.034965,1.089015,1.0805690000000001,1.062939,1.027794
2003-11-30,1.027926,1.030925,1.051873,1.038191,1.066921,1.02527,1.03716,1.028398,1.037117,1.037003,1.03789,1.031442,1.022151,1.049327,1.024979,1.012944,1.031911,1.03748,1.03446,1.045095,1.007864,1.004556,1.020796,1.003011,1.032305
2003-12-31,1.002425,1.027945,1.031163,1.014894,1.036811,1.0211,1.019354,1.032533,1.025821,1.027189,0.992771,1.026069,1.043983,1.022282,1.056274,1.011245,1.034578,1.02305,1.049589,1.031094,1.053222,1.046391,1.0370219999999999,1.062784,1.04791
2004-01-31,1.061711,1.053493,1.05542,1.061121,1.087408,1.035949,1.036949,1.033439,1.033978,1.078983,1.033152,1.022147,1.014739,1.044263,1.058024,1.023066,1.010851,1.043906,1.027168,1.051804,1.017302,1.001054,1.035595,1.016579,1.068544
2004-02-29,0.997695,1.000336,1.002677,1.008821,1.002501,1.010034,1.022155,1.005882,1.001338,0.998718,0.999118,1.029163,1.029662,1.019845,1.013099,1.02513,1.015082,1.028646,1.038072,1.007018,1.011317,1.011005,1.027377,1.008379,1.054939
2004-03-31,0.985794,0.992477,0.993439,1.007081,0.992098,1.024472,1.011406,1.002892,1.006013,1.016855,1.018318,1.015493,0.999921,1.003301,1.008752,1.001173,0.994611,1.003999,0.99271,0.990446,0.978558,0.988738,0.987801,0.994311,0.989114
2004-04-30,0.958844,0.952453,0.961377,0.960388,0.937369,0.960075,0.95667,0.976058,0.956889,0.916436,0.979201,0.979684,0.972991,0.937623,0.935291,0.983046,0.960379,0.955674,0.970496,0.968141,1.006777,0.968774,0.955609,0.976444,0.982329
2004-05-31,0.980585,0.994592,0.99798,0.993119,1.006262,1.01031,1.020528,1.01215,1.017126,1.02317,1.015702,1.020349,1.017678,1.016523,1.01542,1.013069,1.02212,1.022825,1.017929,1.041238,1.008196,1.020017,1.011705,1.001021,1.012395
2004-06-30,1.007177,1.045148,1.043384,1.035753,1.040143,1.03651,1.051496,1.057328,1.053438,1.076229,1.020134,1.045572,1.024953,1.013599,1.038917,1.011975,1.032312,1.019338,1.03383,1.042538,1.018121,1.006889,1.004304,1.029127,1.022546
2004-07-31,0.8725229999999999,0.92665,0.9278770000000001,0.944485,0.95606,0.913892,0.913256,0.951046,0.947076,0.95484,0.90878,0.94289,0.963535,0.965901,0.9629,0.932759,0.949419,0.965217,0.944352,0.965032,0.950997,0.993628,0.983985,0.97195,0.99109
2004-08-31,0.982318,0.996988,0.990226,0.985438,0.98217,0.953446,0.984385,0.994524,1.008433,1.010527,0.97181,0.995802,1.003747,1.010498,0.978001,0.99183,0.987683,1.003457,1.003941,1.007682,0.997342,1.014963,1.01268,1.009963,0.998917
2004-09-30,1.047611,1.048783,1.045352,1.049058,1.03692,1.080857,1.062614,1.056014,1.039344,1.037159,1.041849,1.041571,1.03758,1.028896,1.048861,1.030858,1.03057,1.051261,1.031347,1.023898,1.001398,1.012459,1.024442,1.018358,1.036059
2004-10-31,1.017057,1.0240339999999999,1.025669,1.012825,1.004364,1.033909,1.030829,1.011189,1.00853,1.023106,1.015865,1.03573,1.023354,1.000218,1.023197,1.032467,1.028977,1.021364,1.017625,0.994559,1.013629,1.006077,1.027675,1.006215,1.025479
2004-11-30,1.107598,1.086444,1.08688,1.079837,1.087571,1.0720399999999999,1.094274,1.094765,1.091776,1.096158,1.070181,1.057565,1.079859,1.062985,1.094864,1.057641,1.073675,1.0675270000000001,1.068522,1.076987,1.030976,1.042539,1.052173,1.03649,1.060568
2004-12-31,1.051335,1.046153,1.044043,1.029818,1.057606,1.036587,1.036132,1.023643,1.024728,1.03201,1.05405,1.033627,1.021644,1.019101,1.026288,1.044139,1.041702,1.042087,1.040389,1.036715,1.037549,1.023639,1.024883,1.055069,1.027737
2005-01-31,0.939171,0.956474,0.957656,0.96659,0.987348,0.945247,0.957789,0.978437,0.972262,0.971576,0.965863,0.96043,0.962778,0.997263,0.971297,0.969716,0.964364,0.973565,0.980669,0.974066,0.969603,0.980404,0.988492,0.980816,1.003743
2005-02-28,0.987407,1.000042,0.997293,1.007485,1.030388,1.026049,1.019304,1.036189,1.032901,1.019104,1.010554,1.022888,1.028345,1.01669,1.040613,1.021747,1.023317,1.037497,1.02623,1.031614,1.009443,1.044574,1.022981,1.00719,1.048745
2005-03-31,0.938485,0.976987,0.968682,0.971638,0.972864,0.958106,0.975769,0.973378,0.99523,0.996845,0.982615,0.978393,0.976951,0.97606,0.990374,0.980366,0.990861,1.001085,0.98783,0.990134,0.988935,0.961104,0.993004,0.99855,0.996603
2005-04-30,0.939191,0.937148,0.943905,0.937369,0.938454,0.92302,0.938599,0.937159,0.938829,0.950501,0.948556,0.954386,0.947477,0.957569,0.951611,0.958773,0.955352,0.952036,0.969565,0.980638,0.988571,0.981116,0.973108,0.988081,0.973777
2005-05-31,1.068352,1.066383,1.05168,1.041377,1.047744,1.092765,1.081476,1.073545,1.055201,1.070837,1.06213,1.061437,1.054294,1.043135,1.070889,1.060761,1.061465,1.045914,1.061746,1.053844,1.038695,1.020884,1.019763,1.025259,1.042173
2005-06-30,1.040605,1.038465,1.036357,1.04433,1.0546,1.020816,1.042964,1.041257,1.043139,1.053116,1.017145,1.028144,1.027063,1.041182,1.037036,1.011638,1.024174,1.036138,1.044086,1.031262,0.983618,1.011376,1.021385,1.013843,1.0328330000000001
2005-07-31,1.075029,1.082304,1.067144,1.0675270000000001,1.068305,1.073091,1.066324,1.078346,1.059883,1.055394,1.048272,1.065473,1.060204,1.05738,1.034987,1.061929,1.053732,1.051743,1.056587,1.042093,1.045205,1.032195,1.019177,1.024423,1.041912
2005-08-31,0.971621,0.992059,0.988345,0.989264,0.994743,0.978225,0.985659,0.988916,0.97782,0.983524,0.975297,0.99225,0.991172,0.989627,0.989618,0.977717,1.000355,1.003252,1.016249,0.982418,0.98509,0.98905,0.997114,1.005429,0.998345
2005-09-30,1.011286,1.018018,1.004171,1.010545,0.99264,0.999444,1.016798,1.010717,0.993442,1.013446,0.994078,1.02279,1.012168,0.994821,1.0076,1.003279,1.005007,1.015753,1.029628,1.022153,0.996533,1.0116290000000001,1.022896,1.009441,1.022612
2005-10-31,0.963689,0.960425,0.975108,0.976086,0.97935,0.961513,0.979873,0.972029,0.9643660000000001,0.979202,0.969137,0.956097,0.97955,0.962049,0.967595,0.989621,0.965682,0.974476,0.95574,0.969876,0.998938,0.966237,0.982925,0.989943,0.989967
2005-11-30,1.051521,1.040093,1.04641,1.042299,1.038215,1.051733,1.046025,1.048676,1.052392,1.042441,1.070846,1.065966,1.039608,1.045723,1.015152,1.050293,1.04765,1.036399,1.040781,1.040803,1.036202,1.041767,1.036952,1.033008,1.024187
2005-12-31,0.997036,1.001906,0.99646,0.998377,1.008534,1.002661,0.99189,0.996717,0.993361,0.991088,1.009571,1.005299,1.003385,1.004646,0.992386,1.002886,1.016101,1.020014,1.017346,1.006206,0.992217,0.998443,1.010564,1.008047,0.995171
2006-01-31,1.118557,1.09142,1.083354,1.0832600000000001,1.085155,1.074154,1.093307,1.096336,1.095733,1.074513,1.060338,1.079971,1.075303,1.064627,1.060167,1.048967,1.052107,1.050467,1.040274,1.039708,1.009438,1.032507,1.023163,1.037818,1.036752
2006-02-28,0.995298,1.005552,1.004613,0.993017,1.000018,0.997917,0.995161,0.994027,0.994342,0.99456,1.003179,0.987803,0.997499,0.975836,0.994821,1.00512,0.99971,0.991279,0.982781,1.017797,1.000273,1.003678,1.004989,1.005894,0.990587
2006-03-31,1.039184,1.046883,1.047858,1.05285,1.067277,1.03178,1.048496,1.072848,1.041136,1.046131,1.048134,1.043853,1.030855,1.020267,1.018523,1.032044,1.023422,1.03182,1.023497,1.020725,1.007307,1.021372,1.014528,1.008499,1.008793
2006-04-30,0.99079,0.985102,0.993602,1.010327,1.014334,0.995571,1.019252,1.021519,0.998912,1.011347,0.989948,0.994826,1.017618,1.011781,1.013206,1.007399,1.011305,1.007961,1.017405,1.03533,0.994175,1.017665,1.017536,1.02942,1.050951
2006-05-31,0.904485,0.940936,0.952132,0.957463,0.960663,0.938829,0.934812,0.960008,0.949346,0.967503,0.937994,0.947844,0.964076,0.96809,0.974282,0.95068,0.965496,0.975289,0.963606,0.97222,0.972773,0.970325,0.977989,0.986372,0.975003
2006-06-30,0.990061,0.996402,0.984808,1.000593,0.995355,1.001384,1.013343,0.999681,1.007217,0.996341,0.992559,0.995672,0.994896,0.992854,0.999222,0.999504,0.976448,0.996227,1.005227,0.991074,1.00291,0.99372,1.009864,1.00126,1.013364
2006-07-31,0.941135,0.962601,0.966423,0.979249,0.974981,0.949223,0.95186,0.965477,0.986975,0.9678599999999999,0.935381,0.9677,0.960377,0.983808,0.98771,0.955402,0.971149,0.970785,0.959801,0.989954,0.990615,1.013494,1.021818,1.022309,1.026582
2006-08-31,1.034115,1.023743,1.032119,1.021837,1.028731,1.031598,1.027686,1.034465,1.029574,1.017435,1.026367,1.019183,1.020352,1.029543,1.02776,1.014088,1.033922,1.011556,1.032156,1.026633,1.037309,1.026884,1.0203,1.001135,1.000149
2006-09-30,0.999593,1.002562,1.000635,1.003739,1.02151,1.002434,1.013895,1.011682,1.020376,1.009915,1.015864,1.004524,1.018769,1.00609,1.004705,1.020066,1.024218,1.009874,1.018639,1.007684,1.02428,1.028403,1.021738,1.02186,1.04369
2006-10-31,1.070895,1.061505,1.060783,1.049319,1.049718,1.064378,1.056235,1.045238,1.044848,1.052177,1.056682,1.047896,1.035406,1.035367,1.05433,1.038924,1.047542,1.029579,1.038185,1.025981,1.035298,1.018247,1.032205,1.040586,1.044972
2006-11-30,1.009289,1.034991,1.016328,1.01884,1.025955,1.019603,1.028331,1.02188,1.03394,1.023048,1.035174,1.041745,1.038578,1.036102,1.039455,1.037338,1.034832,1.03612,1.027247,1.044071,1.012083,1.026382,1.018522,1.020365,1.000382
2006-12-31,1.006886,1.002156,1.015081,1.023143,1.034569,0.981735,0.989141,1.008729,1.001546,1.020493,0.991728,0.997618,1.009067,1.00784,1.01128,0.988957,1.001949,1.000288,1.017219,1.025019,1.001577,1.012685,1.032355,1.026546,1.030808
2007-01-31,1.013796,1.004728,1.000984,1.002396,1.029493,1.02319,1.010471,1.007215,1.009406,1.027101,1.046482,1.023301,1.019307,1.034255,1.012427,1.046404,1.032273,1.022439,1.021239,1.011959,1.022586,1.007131,1.012906,1.007813,1.025574
2007-02-28,0.993499,0.99371,0.991398,0.993292,0.999732,0.989832,0.997058,1.001147,0.984268,1.000879,1.005184,1.00453,1.016631,1.000379,1.011195,0.995984,1.002075,1.005564,1.007302,1.002801,0.975671,0.986839,0.967968,0.989134,0.969206
2007-03-31,1.003647,1.000718,1.010521,1.01361,1.004389,1.010635,1.011379,1.005814,1.007581,0.992683,1.029306,1.026014,1.015326,1.007283,1.010747,1.01131,1.009914,1.008914,0.998581,1.030396,1.006906,1.01163,1.022347,1.011999,0.998499
2007-04-30,1.03363,1.00885,1.000955,1.001827,1.013643,1.023757,1.025654,1.019523,1.005849,1.017665,1.042568,1.037299,1.045358,1.024707,1.0207060000000001,1.042359,1.04858,1.048988,1.038608,1.02626,1.054791,1.038498,1.03881,1.024857,1.048554
2007-05-31,1.021628,1.034545,1.021827,1.033169,1.025807,1.03482,1.042523,1.042293,1.017216,1.036892,1.07145,1.051647,1.050959,1.042643,1.034217,1.045587,1.031881,1.052125,1.048647,1.023304,1.027964,1.041678,1.042462,1.030832,1.027065
2007-06-30,1.002738,0.996924,0.990997,0.995498,0.998379,0.986308,0.979483,0.988414,0.976617,0.982357,0.989616,0.997897,0.995538,0.986197,0.966344,0.98844,0.984076,0.976824,0.96438,0.981852,0.982927,0.997956,0.978618,0.97262,0.979443
2007-07-31,0.944587,0.9309000000000001,0.936932,0.932029,0.916107,0.956157,0.938689,0.951468,0.9230700000000001,0.909228,0.968065,0.968258,0.946935,0.935144,0.935524,0.967633,0.9640839999999999,0.9570110000000001,0.945377,0.916813,0.990435,0.984985,0.957379,0.945028,0.950898
2007-08-31,1.009707,1.011167,1.01286,1.012776,0.967866,1.02597,1.025257,1.026936,1.033795,0.99341,0.993941,1.028093,1.003892,1.001118,0.97641,1.013021,1.009963,0.983131,0.989352,0.98474,1.018554,1.02198,1.018442,1.019048,1.000733
2007-09-30,1.021203,1.028104,1.004133,1.007159,0.988287,1.031486,1.008128,1.006363,1.006524,0.999226,1.035971,1.033693,1.013965,1.01731,1.014138,1.037665,1.031243,1.010645,1.013279,1.004549,1.052746,1.034378,1.029494,1.023347,1.042087
2007-10-31,1.03594,1.015149,0.996683,1.007644,0.986286,1.036882,1.041523,1.005436,1.020716,1.003593,1.045266,1.022577,1.042857,1.000495,1.033119,1.033886,1.02852,1.015357,1.018644,0.967739,1.039369,1.016103,1.011613,1.001754,0.995661
2007-11-30,0.90221,0.916292,0.9215059999999999,0.926912,0.907384,0.934416,0.92744,0.936223,0.935513,0.916969,0.946241,0.9325060000000001,0.943049,0.937092,0.954024,0.956104,0.957318,0.926863,0.948089,0.929702,0.968328,0.97711,0.945213,0.95056,0.945503
2007-12-31,0.99105,1.010694,0.983703,0.993647,0.987945,1.012465,1.000617,1.000541,1.001548,0.992547,0.989659,0.986717,0.9992,0.987552,0.993721,0.99867,1.011102,0.969224,0.979896,0.97242,0.997898,0.990533,0.991464,0.982459,1.013015
2008-01-31,0.883441,0.914392,0.928952,0.950789,0.953277,0.904948,0.930199,0.921787,0.971271,0.959443,0.93283,0.937229,0.937196,0.973029,0.9331389999999999,0.932968,0.918548,0.96057,0.945907,0.972232,0.9189,0.946792,0.956777,0.971702,0.954482
2008-02-29,0.944014,0.959812,0.953728,0.974662,0.958419,0.951725,0.98658,0.982314,0.964703,0.964836,0.971374,0.988142,0.975194,0.990189,0.971036,0.991863,0.986242,0.979986,0.969897,0.94226,0.978086,0.981155,0.960913,0.945036,0.946291
2008-03-31,0.963302,0.98301,1.014739,1.005012,0.995832,0.996149,1.010621,1.015327,1.020204,1.007625,0.967473,1.011329,0.986026,0.98538,0.997129,0.997563,0.976796,0.970786,0.979888,0.993116,0.999039,1.024266,0.964219,0.963124,1.011016
2008-04-30,1.036623,1.035189,1.011636,1.00021,1.009025,1.030813,1.037858,1.033114,1.026063,1.008173,1.072692,1.070586,1.082249,1.097319,1.075475,1.060014,1.066015,1.060415,1.066448,1.027266,1.043995,1.013777,1.073793,1.035346,1.061847
2008-05-31,1.054366,1.047487,1.02503,1.032977,1.020496,1.067927,1.033401,1.080616,1.049746,1.03417,1.038545,1.040782,1.069048,1.045282,1.040964,1.044324,1.052452,1.051435,1.044411,1.035313,1.028506,1.001806,1.006818,0.981108,1.018477
2008-06-30,0.937105,0.913926,0.891787,0.927104,0.900327,0.9238379999999999,0.928246,0.941867,0.920957,0.895419,0.926512,0.927356,0.93804,0.908486,0.955134,0.94147,0.904333,0.939451,0.927629,0.850485,0.939392,0.90925,0.915919,0.856364,0.8994489999999999
2008-07-31,1.050142,1.038126,1.049164,1.073934,1.034294,1.023812,1.029105,1.047704,1.043749,1.058205,1.005698,0.994637,1.018617,1.006913,1.051428,0.989916,0.994601,0.934186,0.972908,0.969628,0.984062,0.987035,0.97988,1.033512,1.081557
2008-08-31,1.009263,1.036399,1.025024,1.037299,1.063981,1.04114,1.040368,1.045501,1.056412,1.105909,1.022447,1.035475,1.047314,1.021546,1.056971,1.010549,1.022086,1.029787,1.039875,1.018661,1.011103,1.014944,1.020175,0.99097,0.997056
2008-09-30,0.867002,0.902407,0.9118459999999999,0.956789,0.942023,0.913714,0.918231,0.927188,0.959616,0.924248,0.857087,0.88776,0.930273,0.927563,0.930002,0.862331,0.874939,0.868494,0.8989119999999999,0.8794,0.90413,0.910624,0.930211,0.918172,0.961058
2008-10-31,0.76,0.807289,0.801238,0.837406,0.782807,0.770956,0.765937,0.817305,0.814835,0.777135,0.767528,0.808364,0.837356,0.8124709999999999,0.797184,0.7971440000000001,0.7991010000000001,0.749356,0.787241,0.826948,0.850275,0.850796,0.85222,0.724855,0.863971
2008-11-30,0.8695390000000001,0.873174,0.870217,0.881074,0.835456,0.890665,0.894794,0.886586,0.90958,0.835876,0.887289,0.898617,0.908415,0.9074720000000001,0.927001,0.91833,0.914392,0.916578,0.922687,0.834164,0.941515,0.949416,0.935321,0.8526469999999999,0.821766
2008-12-31,1.035439,1.060708,1.061248,1.030846,1.036858,1.046075,1.047574,1.070918,1.059087,1.067225,1.0632139999999999,1.043125,1.017355,1.029929,1.100274,1.046723,1.068104,1.009487,1.035689,1.023643,1.014056,1.012558,1.00509,0.981424,1.0374
2009-01-31,0.9342699999999999,0.920715,0.902733,0.83635,0.848662,0.934143,0.928525,0.894777,0.862919,0.819292,0.934115,0.9136839999999999,0.918014,0.913415,0.826279,0.953816,0.935967,0.9340310000000001,0.911658,0.839963,0.965883,0.9097999999999999,0.890794,0.809362,0.863829
2009-02-28,0.886167,0.894087,0.8775120000000001,0.86091,0.85273,0.8968929999999999,0.907648,0.8903449999999999,0.855129,0.809266,0.9280539999999999,0.896677,0.901752,0.868684,0.890313,0.93567,0.912762,0.890136,0.872604,0.859812,0.921346,0.899182,0.879181,0.807925,0.876275
2009-03-31,1.111725,1.106439,1.103258,1.082827,1.101945,1.091164,1.102964,1.103203,1.085675,1.14569,1.096521,1.085489,1.099517,1.080853,1.138418,1.080857,1.095914,1.091525,1.096616,1.101221,1.083911,1.079446,1.093904,1.130853,1.12194
2009-04-30,1.184139,1.164034,1.1597870000000001,1.180161,1.178501,1.147944,1.186461,1.156401,1.151524,1.175694,1.141403,1.1875040000000001,1.127467,1.151366,1.160774,1.112317,1.135992,1.160021,1.153243,1.173536,1.068745,1.069263,1.118806,1.148297,1.202698
2009-05-31,1.067495,1.052962,1.055161,1.044046,1.033127,1.051228,1.031308,1.019722,1.011847,1.056706,1.040339,1.009433,1.029625,1.016206,0.98441,1.039171,1.022779,1.037358,1.094807,1.042194,1.048259,1.057251,1.048812,1.071385,1.09936
2009-06-30,1.074973,1.052237,1.056205,1.021561,1.032407,1.068061,1.01994,1.007599,0.986225,1.001409,1.018892,1.008759,0.986555,1.015779,0.998192,1.018233,1.009002,0.992806,0.984947,0.998218,1.016789,0.985782,0.998846,0.992452,0.972232
2009-07-31,1.084941,1.070936,1.09613,1.0954,1.136357,1.060501,1.077284,1.11276,1.119411,1.12752,1.070038,1.096795,1.104592,1.121052,1.154974,1.08037,1.074221,1.097228,1.10623,1.111296,1.060396,1.0897000000000001,1.073628,1.084762,1.094536
2009-08-31,1.027822,1.016349,1.032727,1.038581,1.106279,1.001049,1.019936,1.018261,1.031683,1.08553,1.008732,1.009471,1.044499,1.040523,1.119186,1.020976,1.042693,1.03016,1.057084,1.148757,1.011983,1.037875,1.031483,1.073364,1.120145
2009-09-30,1.046964,1.062453,1.046069,1.067657,1.087585,1.080268,1.071111,1.056327,1.067282,1.074776,1.064971,1.03915,1.070071,1.076804,1.084471,1.067153,1.056733,1.058877,1.053087,1.086447,1.033712,1.035881,1.026589,1.049073,1.02578
2009-10-31,0.893918,0.9244479999999999,0.93613,0.922692,0.910448,0.925156,0.941105,0.942187,0.912342,0.897113,0.948996,0.967983,0.940631,0.938613,0.899919,0.956649,0.973088,0.95696,0.939436,0.938166,1.003081,0.979914,0.980282,0.963584,0.905827
2009-11-30,1.00628,0.994528,1.025612,1.014592,1.015625,1.024338,1.012499,1.021379,1.034442,1.057268,1.031933,1.033847,1.023802,1.062192,1.068771,1.046889,1.04827,1.041185,1.033649,1.042693,1.071598,1.05753,1.036706,1.051067,1.042628
2009-12-31,1.061841,1.08992,1.076234,1.080694,1.100927,1.093551,1.099759,1.085631,1.069718,1.089416,1.070492,1.070025,1.070221,1.0803180000000001,1.077118,1.06022,1.044629,1.079608,1.053336,1.061007,1.008826,1.022924,1.040796,1.019867,0.969263
2010-01-31,0.956868,0.948095,0.956404,0.964556,0.990193,0.968271,0.976428,0.987302,0.966007,0.963491,0.964782,0.965679,0.95231,0.965265,0.97366,0.964955,0.960245,0.948579,0.983937,0.978992,0.957837,0.964246,0.995392,0.95424,0.974212
2010-02-28,1.0417,1.047194,1.045035,1.054187,1.072253,1.020935,1.030575,1.029275,1.06124,1.051675,1.043086,1.043212,1.046643,1.060409,1.091416,1.051436,1.068455,1.042044,1.039705,1.070129,1.025601,1.021349,1.03995,1.042404,1.056363
2010-03-31,1.069945,1.066186,1.077339,1.073548,1.0996,1.070961,1.076436,1.075616,1.080516,1.115472,1.092124,1.0645850000000001,1.098893,1.069254,1.077224,1.08131,1.069933,1.077997,1.049479,1.1198649999999999,1.049912,1.060366,1.057143,1.064139,1.082999
2010-04-30,1.065238,1.072093,1.061082,1.095334,1.116809,1.020251,1.056392,1.04444,1.0685419999999999,1.07549,1.028341,1.052832,1.03318,1.077386,1.048701,1.036859,1.037045,1.033604,1.070024,1.050752,1.003805,1.026134,1.01322,0.995685,0.995121
2010-05-31,0.9290700000000001,0.946736,0.927962,0.910832,0.8945529999999999,0.952952,0.93809,0.929837,0.90779,0.902037,0.937009,0.941731,0.9288879999999999,0.902058,0.903212,0.94637,0.921278,0.914753,0.929198,0.918069,0.925627,0.917485,0.909668,0.918397,0.9190579999999999
2010-06-30,0.933242,0.93324,0.930887,0.9298649999999999,0.88102,0.945644,0.944245,0.931157,0.902241,0.870097,0.9459919999999999,0.938918,0.925191,0.924914,0.879151,0.954963,0.938369,0.9278500000000001,0.919542,0.901852,0.960825,0.93503,0.9672229999999999,0.928191,0.906609
2010-07-31,1.062433,1.047175,1.07007,1.066637,1.057431,1.068339,1.077993,1.062383,1.071956,1.067564,1.064596,1.072632,1.05293,1.08227,1.072643,1.068472,1.06545,1.080175,1.083602,1.065775,1.07278,1.054951,1.075119,1.070441,1.05256
2010-08-31,0.9127419999999999,0.91255,0.915695,0.906347,0.905872,0.939838,0.922384,0.929742,0.924816,0.922721,0.954687,0.937649,0.923589,0.932212,0.931285,0.957295,0.956267,0.945397,0.964853,0.9374089999999999,0.961502,0.957314,0.984118,0.933997,0.910726
2010-09-30,1.114688,1.11016,1.125856,1.122215,1.09945,1.147417,1.150542,1.124433,1.109598,1.11652,1.129635,1.145783,1.127639,1.113252,1.109468,1.125133,1.109449,1.103794,1.079603,1.104308,1.102608,1.081186,1.079255,1.081432,1.070281
2010-10-31,1.070555,1.059985,1.057181,1.051453,1.034574,1.039741,1.041146,1.041457,1.029695,1.026181,1.044844,1.030271,1.055671,1.03266,1.042157,1.025372,1.050127,1.032938,1.030495,1.003923,1.049795,1.039744,1.039174,1.024271,0.997082
2010-11-30,1.009259,1.03911,1.051476,1.048247,1.028562,1.032961,1.045746,1.03646,1.036238,1.037003,1.038744,1.059765,1.015801,1.04222,1.015252,1.042841,1.032574,1.025486,1.013214,1.000071,0.991581,1.018494,0.988554,1.006779,0.967024
2010-12-31,1.102916,1.073908,1.074306,1.083393,1.093775,1.071912,1.068614,1.081511,1.081658,1.105387,1.066902,1.084678,1.08335,1.073063,1.072778,1.054327,1.06894,1.075935,1.07023,1.098634,1.047558,1.057702,1.065518,1.091904,1.138773
2011-01-31,0.971505,0.9777,0.986898,0.991872,0.991087,1.004548,0.992598,1.024433,1.001382,1.01795,1.019607,1.017507,1.001992,1.033129,1.003289,1.019752,1.034951,1.019241,1.028355,1.002436,1.013503,1.034544,1.016653,1.03498,1.033414
2011-02-28,1.022389,1.052854,1.046711,1.045129,1.060537,1.046454,1.080027,1.051234,1.05615,1.052381,1.056287,1.063235,1.047424,1.054796,1.045846,1.038627,1.041456,1.041181,1.04577,1.031537,1.022149,1.033568,1.047518,1.04096,1.03894
2011-03-31,1.033025,1.041163,1.018166,1.018724,1.01414,1.033997,1.034187,1.026708,1.017331,1.026304,1.041931,1.026375,1.02891,1.019217,1.014499,1.019061,1.033319,1.022667,1.02089,0.998721,1.003716,0.991562,1.019246,0.986311,0.967863
2011-04-30,1.025571,1.004816,1.009124,1.011198,1.004138,1.038392,1.024364,1.015501,1.0253,0.997424,1.040668,1.037008,1.033634,1.029603,1.020015,1.0367709999999999,1.016383,1.019959,1.038409,1.017731,1.036679,1.043526,1.032693,1.003115,1.012607
2011-05-31,0.991034,0.99076,0.980965,0.954877,0.97232,0.979255,0.987326,0.993463,0.966895,0.970973,0.985918,0.988724,0.979747,0.963215,0.989279,0.998175,0.993784,0.986348,0.982174,0.996588,0.998249,0.980158,0.991749,0.975015,0.963113
2011-06-30,0.953187,0.964229,0.973218,0.985176,0.974776,0.995229,0.981141,0.983749,0.996755,0.986147,0.986506,0.980817,0.978707,0.990864,0.962865,0.985255,0.979262,0.972499,0.989398,0.972731,0.987556,0.983081,0.983469,0.983994,0.972902
2011-07-31,0.950667,0.970077,0.969257,0.985309,0.985953,0.965629,0.962791,0.950895,0.967744,0.94833,0.950657,0.963006,0.966377,0.94676,0.964236,0.960111,0.96354,0.966776,0.982115,0.965567,1.001239,0.979765,0.982832,0.958658,0.948874
2011-08-31,0.881757,0.878884,0.909268,0.8948240000000001,0.90469,0.907156,0.917444,0.895968,0.918529,0.889654,0.92009,0.918054,0.920278,0.905627,0.915782,0.92564,0.916142,0.919955,0.931378,0.936315,0.961489,0.954237,0.929269,0.970199,0.881615
2011-09-30,0.886563,0.87419,0.892683,0.894284,0.8984639999999999,0.897204,0.885391,0.872645,0.907559,0.886779,0.895392,0.883369,0.868628,0.888744,0.894651,0.910942,0.885347,0.886663,0.922412,0.9050549999999999,0.936722,0.949859,0.930011,0.945886,0.85882
2011-10-31,1.122337,1.150652,1.138886,1.149749,1.100677,1.175737,1.143594,1.160812,1.1482890000000001,1.136056,1.14294,1.161065,1.1669450000000001,1.1617169999999999,1.115536,1.139237,1.1553390000000001,1.143341,1.112772,1.123059,1.094196,1.104354,1.124483,1.086051,1.151525
2011-11-30,0.979228,0.988325,0.973179,0.985232,0.998037,1.00342,0.983117,1.002779,1.015134,1.000913,0.981216,1.009009,0.991716,1.009012,1.003615,0.994243,0.997229,1.011431,1.01465,0.984785,0.995956,1.011316,1.005245,1.010213,0.934613
2011-12-31,0.994972,1.020578,1.00924,1.017433,1.012724,0.991105,1.006387,1.008561,1.007376,1.011148,0.973029,0.999501,1.011556,1.011439,1.015763,0.976998,1.006895,0.995628,1.03628,0.995069,0.99474,1.012321,1.0294,1.027323,1.009487
2012-01-31,1.121449,1.081143,1.078993,1.070982,1.077104,1.080041,1.056448,1.082065,1.055908,1.04936,1.090415,1.049619,1.068383,1.055395,1.036519,1.092528,1.062044,1.048935,1.021561,1.041817,1.070544,1.023622,1.026981,1.014304,1.10026
2012-02-29,1.012353,1.012187,1.009339,1.010775,1.026771,1.044889,1.039106,1.014221,1.026594,1.045164,1.0451,1.03083,1.035826,1.038613,1.049291,1.046935,1.047028,1.042602,1.036808,1.060121,1.051883,1.030301,1.035837,1.049164,1.066916
2012-03-31,1.02057,1.039082,1.035728,1.034477,1.049301,1.017772,1.017709,1.02659,1.034056,1.026767,1.013503,1.020567,1.015292,1.019435,0.997716,1.039058,1.003619,1.006311,1.020911,1.014174,1.040357,1.022789,1.011104,1.033159,1.077521
2012-04-30,0.958817,0.981536,0.980657,0.98559,0.996707,1.000443,0.984032,0.973709,0.979839,0.981118,0.976686,0.992784,0.985749,0.991082,1.000557,0.994904,0.996874,0.994972,1.016006,0.970869,1.000178,0.992925,0.993043,0.997592,0.957484
2012-05-31,0.913617,0.94089,0.929127,0.919776,0.953721,0.94547,0.949905,0.923306,0.947296,0.928532,0.922072,0.937892,0.919791,0.938733,0.936141,0.934906,0.913357,0.911868,0.9369419999999999,0.945101,0.936059,0.951773,0.946863,0.975807,0.871286
2012-06-30,1.074554,1.070179,1.056322,1.054769,1.052535,1.068983,1.050196,1.038503,1.036548,1.046036,1.053322,1.035606,1.019762,1.023047,1.039863,1.008557,1.018332,1.039208,1.024392,1.034698,1.028088,1.042192,1.054172,1.051008,1.056085
2012-07-31,0.979001,1.009975,0.966862,0.982341,0.977898,0.960873,0.995001,0.992148,0.989773,0.990387,0.973532,0.996966,0.986643,1.004514,0.962185,0.97874,1.001576,1.004596,1.002218,0.988661,1.013732,1.02505,1.01408,1.011006,0.982678
2012-08-31,1.026657,1.004943,1.039644,1.027338,1.033079,1.018351,1.023952,1.028523,1.032465,1.043852,1.051324,1.035245,1.046121,1.042119,1.03495,1.042001,1.038785,1.025858,1.036481,1.063422,1.020822,1.025384,1.015463,1.00539,1.06445
2012-09-30,1.045721,1.056121,1.042545,1.046007,1.045853,1.048735,1.035214,1.033649,1.040298,1.040098,1.029193,1.016791,1.015771,1.031368,1.038869,1.017469,1.01839,1.024552,1.024032,1.033558,1.017873,1.025854,1.035857,1.032924,1.054383
2012-10-31,0.949843,0.950422,0.962777,0.967818,0.9869,0.945078,0.980758,0.987821,0.984713,0.988501,0.96101,1.00373,0.995641,1.010094,0.997927,0.987659,1.001537,0.994199,1.002642,1.015562,0.966987,0.985995,0.97408,0.99617,1.033179
2012-11-30,1.00086,1.011317,1.00688,0.998063,1.011906,0.995611,0.997141,1.01031,1.005451,1.022333,1.028835,1.026373,1.025113,1.020912,0.998344,1.03005,1.02851,0.999495,1.010858,1.005712,1.01218,1.005135,0.998622,0.997074,0.984586
2012-12-31,1.002639,1.033582,1.043236,1.045318,1.043839,1.035808,1.033975,1.030134,1.03792,1.051677,1.023782,1.037883,1.023897,1.028549,1.036393,1.020756,1.02323,1.028551,1.038898,1.034605,0.990443,1.003057,1.015409,1.023104,1.072489
2013-01-31,1.065747,1.049321,1.055631,1.056109,1.055677,1.07391,1.057957,1.075427,1.066609,1.051371,1.052756,1.06488,1.062127,1.071309,1.076621,1.0724879999999999,1.065956,1.066681,1.083211,1.091309,1.036126,1.058335,1.056,1.067356,1.073615
2013-02-28,0.980355,1.006075,0.999656,1.017514,1.015188,1.009567,1.011367,1.009336,1.01857,1.007071,1.004269,1.012721,1.00487,1.026138,1.019255,1.005247,1.011008,1.016982,1.011717,1.02618,1.011784,1.012274,1.019792,1.022329,1.006953
2013-03-31,1.077941,1.057277,1.051135,1.041721,1.04401,1.052075,1.05236,1.03992,1.043381,1.048275,1.044385,1.045204,1.052829,1.036034,1.051462,1.036184,1.040834,1.042198,1.055273,1.062938,1.039569,1.03293,1.036318,1.048642,1.033327
2013-04-30,1.004011,0.994232,0.990141,0.992216,1.005791,0.99091,0.980203,0.987275,0.987215,1.015704,0.980971,1.001505,0.992891,0.991644,0.98225,1.011011,1.011205,0.993328,1.019277,1.00904,1.02303,1.013019,1.018478,1.01635,1.027605
2013-05-31,1.077388,1.046231,1.035717,1.065535,1.042678,1.053385,1.045862,1.056779,1.046122,1.078774,1.030211,1.058934,1.041347,1.050238,1.039285,1.041705,1.031459,1.015315,1.035833,1.045173,1.012043,1.02557,1.013823,1.033372,1.089338
2013-06-30,0.989808,0.993848,1.017794,1.010997,1.003103,1.018782,0.998026,0.996239,0.991455,0.989094,0.995129,0.990192,0.984753,0.992388,0.998242,0.979584,0.9749,0.987633,0.984469,0.987568,0.976902,0.996643,1.001531,0.996659,0.971163
2013-07-31,1.069319,1.10555,1.073033,1.089501,1.074394,1.069894,1.063373,1.06385,1.070166,1.08093,1.082928,1.076337,1.057981,1.07738,1.090022,1.080176,1.046352,1.065184,1.079794,1.050203,1.059978,1.042681,1.046444,1.046924,1.071844
2013-08-31,0.976783,0.97464,0.976952,0.962647,0.968488,0.994319,0.993114,0.968368,0.96056,0.963025,0.983466,0.97976,0.965017,0.953124,0.961135,0.983045,0.979081,0.968615,0.975955,0.956211,0.985155,0.974708,0.964256,0.963286,0.954866
2013-09-30,1.072942,1.075884,1.071963,1.069327,1.058445,1.068252,1.061363,1.075391,1.060436,1.055432,1.057374,1.058356,1.058569,1.055928,1.042874,1.055387,1.057379,1.051904,1.056465,1.033946,1.043089,1.026355,1.025945,1.025619,1.022688
2013-10-31,0.99261,1.007764,1.021975,1.040429,1.0287,1.006633,1.015231,1.012683,1.038146,1.042497,1.033835,1.034728,1.037265,1.042349,1.055606,1.0214509999999999,1.036554,1.02806,1.046422,1.061959,1.048861,1.043822,1.054352,1.032953,1.037175
2013-11-30,1.077434,1.053439,1.057074,1.071859,1.049367,1.064781,1.036126,1.03311,1.028899,1.057144,1.027704,1.032757,1.037207,1.025847,1.039181,1.022359,1.023322,1.008498,0.995569,1.0375510000000001,1.031878,1.035527,1.016052,1.019314,1.062891
2013-12-31,1.016088,1.036044,1.02509,1.012559,1.01501,1.028395,1.003287,1.035485,1.018065,1.008336,1.016469,1.038949,1.029865,1.036152,1.023866,1.031418,1.035541,1.028176,1.032868,1.034234,1.02593,1.023791,1.035924,1.023356,1.018527
2014-01-31,1.032675,0.975572,0.977078,0.96404,0.968248,1.001207,0.978159,0.94739,0.960458,0.937531,0.996433,0.970014,0.958357,0.973631,0.977017,0.974217,0.966566,0.991848,0.94941,0.969844,0.959652,0.974955,0.964898,0.955668,0.958883
2014-02-28,1.046905,1.040772,1.039063,1.058009,1.045226,1.048235,1.031074,1.060029,1.050177,1.040957,1.066358,1.045408,1.045552,1.069644,1.041514,1.059804,1.06279,1.048088,1.054186,1.054397,1.051051,1.051728,1.029857,1.04258,1.024437
2014-03-31,0.956012,1.007966,1.003539,1.008661,1.013924,0.958628,1.000844,1.014743,1.011256,1.025457,0.953125,0.999838,1.00605,1.013672,1.01917,0.977596,0.9953,1.00209,1.01964,1.051469,0.985727,1.004986,1.022111,1.038416,1.035796
2014-04-30,0.914048,0.934972,0.94621,0.966901,0.957545,0.932033,0.966315,0.969995,0.981005,0.980376,0.94319,0.984063,0.979132,0.985312,0.968981,0.969548,0.990522,1.001289,1.001196,0.994499,1.015398,0.999269,1.014137,1.01925,0.978209
2014-05-31,0.972901,0.99258,0.993686,0.99415,0.996868,0.995599,1.002627,1.01466,0.994435,0.996353,1.012433,1.004539,1.025203,1.00594,1.017474,1.027405,1.016332,1.033027,1.011566,1.016349,1.031845,1.015127,1.023498,1.018439,1.012388
2014-06-30,1.056882,1.101586,1.03581,1.041741,1.038144,1.07526,1.065626,1.057216,1.049122,1.058045,1.062082,1.053507,1.037615,1.04965,1.050388,1.045285,1.037798,1.039543,1.039478,1.03625,1.011359,1.012916,1.02564,1.032655,1.034557
2014-07-31,0.907393,0.924734,0.934734,0.956921,0.9501269999999999,0.949758,0.933539,0.945504,0.937404,0.94152,0.945295,0.945029,0.9388,0.935558,0.957235,0.976085,0.955828,0.968106,0.962497,0.961913,0.983382,0.991215,0.995744,0.97284,0.985746
2014-08-31,1.029355,1.046341,1.028737,1.044624,1.034066,1.055697,1.052829,1.038959,1.046173,1.052244,1.063988,1.041871,1.046362,1.055168,1.045515,1.061773,1.047651,1.049797,1.040481,1.046271,1.048826,1.044484,1.021838,1.026307,1.051222
2014-09-30,0.929547,0.957583,0.927924,0.9422,0.94398,0.950038,0.957484,0.945763,0.949202,0.920893,0.970065,0.944173,0.952563,0.933781,0.930088,0.967991,0.967394,0.957437,0.954549,0.95286,0.993926,0.991017,0.983474,0.96145,0.997825
2014-10-31,1.062621,1.070908,1.057929,1.072509,1.043991,1.083606,1.065875,1.06248,1.053694,1.042247,1.058786,1.055072,1.038243,1.04088,1.039068,1.04043,1.005491,1.033711,1.036884,0.996856,1.02283,1.028195,1.020152,1.00185,1.015011
2014-11-30,1.002015,1.006734,0.98173,0.987388,0.973893,1.016146,0.99669,0.99523,0.990092,0.990885,1.027658,1.027462,0.996167,1.001903,1.000401,1.033009,1.02902,1.035197,1.007125,0.981279,1.035515,1.037097,1.033115,0.999691,1.010042
2014-12-31,1.060012,1.070639,1.054269,1.043534,1.038594,1.009829,1.029053,1.027994,1.027155,1.029699,1.017988,1.0084,1.005259,1.01593,1.003583,1.005099,0.997709,1.00406,1.008361,1.007172,0.987632,0.985944,0.998011,1.010104,1.021234
2015-01-31,0.964932,0.934612,0.950216,0.94909,0.949568,0.987693,0.95091,0.956569,0.9555400000000001,0.929054,0.994169,0.98491,0.961533,0.953371,0.947151,0.98821,0.976579,0.989078,0.984566,0.962595,0.991647,0.973551,0.958123,0.95901,0.9243
2015-02-28,1.041648,1.067002,1.064212,1.051146,1.059324,1.074649,1.089569,1.064773,1.054782,1.049398,1.073006,1.079359,1.086395,1.060563,1.057,1.076343,1.06929,1.0803180000000001,1.055284,1.073378,1.059661,1.060165,1.066734,1.040288,1.058128
2015-03-31,0.991499,1.02989,1.017009,1.018305,1.012099,1.03186,1.025136,1.009025,1.027807,1.013385,1.005411,1.011372,1.016435,1.011549,1.010122,1.010077,1.005538,1.012875,0.994428,0.995227,0.989547,0.979001,0.977039,0.982453,0.983901
2015-04-30,0.960569,0.972644,0.972001,0.979435,0.994408,0.960876,0.975215,0.972207,1.000211,0.991726,0.968994,0.986508,0.990083,0.98989,0.995829,0.984171,0.998514,0.988146,0.983622,1.004603,1.002214,1.011071,1.014294,1.028452,1.017763
2015-05-31,1.036122,1.047494,1.004012,0.998354,1.004206,1.028908,1.047682,1.029322,1.012534,0.999835,1.044006,1.022313,1.02887,1.020129,1.006682,1.021767,1.014021,1.026144,1.014924,0.99937,1.015755,1.006504,1.012418,1.005754,1.016744
2015-06-30,1.047587,1.021082,1.023638,1.022,1.018549,1.012554,1.012444,0.997416,0.997254,1.014226,1.012921,1.002174,0.98846,0.980306,0.997754,0.98544,0.997214,0.978453,0.97627,1.001809,0.995198,0.966332,0.983147,0.965845,0.993584
2015-07-31,0.946353,0.987165,0.952444,0.944373,0.935366,0.998145,0.986415,0.991779,0.959633,0.952712,1.018617,1.002663,0.966643,0.964645,0.934168,1.024568,1.002528,0.99802,1.009187,0.979423,1.031311,1.035654,1.001147,1.0007,1.005948
2015-08-31,0.91301,0.93188,0.9519299999999999,0.9642850000000001,0.988129,0.899848,0.945693,0.964839,0.950603,0.958128,0.919061,0.9451620000000001,0.964209,0.9463550000000001,0.974683,0.92021,0.948401,0.952512,0.966839,0.944136,0.940816,0.934336,0.943563,0.946619,0.9238919999999999
2015-09-30,0.913525,0.907786,0.941548,0.960239,0.943294,0.904641,0.948931,0.948056,0.973122,0.947092,0.938373,0.957671,0.948564,0.939797,0.945307,0.942422,0.960129,0.956186,0.970324,0.956974,0.983,0.97297,0.981613,0.981781,0.943113
2015-10-31,1.064383,1.065469,1.054488,1.053867,1.044463,1.030215,1.070943,1.064877,1.053875,1.052016,1.041126,1.063451,1.074104,1.049525,1.070792,1.058912,1.07101,1.07451,1.023116,1.063845,1.085501,1.088143,1.085874,1.062188,1.075433
2015-11-30,1.053323,1.046671,1.030765,1.031959,1.023467,1.080647,1.024142,1.029979,1.050765,1.049512,1.020072,1.019772,1.007963,1.030258,1.02434,1.01081,1.007801,1.009557,1.014321,1.010031,1.000862,1.003173,0.994904,1.000735,1.032175
2015-12-31,0.962969,0.946805,0.952159,0.947613,0.954398,0.969555,0.954816,0.949936,0.942034,0.935577,0.972551,0.954566,0.953196,0.941854,0.910239,0.967238,0.969221,0.955397,0.945341,0.93518,0.986077,0.994202,0.977227,0.979319,0.956624
2016-01-31,0.8649290000000001,0.858667,0.9062209999999999,0.934617,0.924877,0.823299,0.935616,0.917504,0.932414,0.917277,0.882289,0.930631,0.931086,0.933652,0.930416,0.901729,0.931529,0.935277,0.940344,0.913931,0.939806,0.96476,0.958801,0.965091,0.880428
2016-02-29,0.967922,1.004082,1.000619,0.984391,1.0043,0.985932,1.005961,1.018084,1.01413,1.002083,0.997333,1.014523,1.023766,1.009676,1.015905,1.010853,1.0187,1.001069,1.008521,0.980502,1.002648,0.996715,1.013535,1.000754,0.936856
2016-03-31,1.037167,1.083681,1.063073,1.06853,1.065273,1.085956,1.070926,1.086171,1.072457,1.084359,1.056993,1.074959,1.078786,1.102703,1.116886,1.080647,1.075757,1.095151,1.087062,1.09546,1.065164,1.063831,1.065163,1.075104,1.074437
2016-04-30,1.03117,1.02588,1.028722,1.017559,1.05779,1.045758,1.00132,1.000011,1.026206,1.036975,1.011893,0.995772,1.016005,1.033709,1.045772,1.019888,1.004683,1.018491,1.01762,1.051963,0.992853,0.989636,1.025925,1.025397,1.0717889999999999
2016-05-31,1.010273,1.023475,1.014442,0.992381,0.985335,1.033482,1.019646,1.006871,1.022273,1.012927,1.035164,1.016282,1.006008,1.008648,1.009713,1.033021,1.018064,1.045514,1.012782,1.021895,1.016604,1.021426,1.021844,0.995442,1.018589
2016-06-30,0.957228,0.985502,0.992739,1.008838,1.007554,0.996369,1.013384,0.990861,0.983039,1.000062,1.008241,0.976273,0.999205,0.991617,0.981504,0.992039,0.987665,0.987209,1.003003,0.953454,1.000702,0.999766,1.024846,1.011387,0.9344250000000001
2016-07-31,1.047272,1.059955,1.068474,1.048806,1.055088,1.080686,1.063271,1.05865,1.047479,1.064452,1.070001,1.051755,1.064832,1.043018,1.061749,1.051292,1.041222,1.031396,1.02247,1.063589,1.051821,1.035444,1.017121,1.010956,1.0442
2016-08-31,1.028986,1.024245,1.045573,1.040926,1.033058,1.00136,1.032393,1.021658,1.03104,1.031357,0.99,1.024605,1.03641,1.019508,1.017482,1.011067,1.006354,1.02113,0.992913,1.058929,0.992841,0.996355,1.003912,1.013718,1.045917
2016-09-30,1.116858,1.026541,1.043608,1.030316,1.018848,1.053587,1.015328,1.009925,1.009436,1.008769,0.997666,1.005053,1.00328,1.014179,1.013483,0.995213,0.997706,1.011186,0.999367,0.996745,1.005453,1.002302,1.009629,0.977442,1.002218
2016-10-31,0.888746,0.908883,0.930916,0.964166,0.969442,0.900829,0.932141,0.943362,0.973922,0.953523,0.95242,0.954333,0.969207,0.970687,0.964823,0.963043,0.980783,0.991222,0.979224,0.994777,0.976251,0.980502,0.986764,0.993992,1.023855
2016-11-30,1.072185,1.092838,1.136333,1.138537,1.13572,1.094871,1.100119,1.130835,1.158953,1.146382,1.057479,1.086702,1.100278,1.134117,1.1728830000000001,1.037343,1.070129,1.072794,1.0697969999999999,1.166082,1.010556,1.038112,1.043656,1.063619,1.141398
2016-12-31,1.014093,1.038606,1.024963,1.080093,1.043956,0.973391,1.012823,1.024077,1.045315,1.040358,1.006007,1.017577,1.017716,1.020166,1.016442,1.001169,1.001463,1.011218,1.01909,1.020497,1.012329,1.013318,1.015779,1.046035,1.041845
2017-01-31,1.018952,0.960856,0.998084,0.981574,0.99855,1.02546,1.017825,0.994726,0.97965,0.999489,1.022613,1.018432,1.014569,0.998849,1.010046,1.031317,1.037093,1.015364,1.016845,1.015836,1.034037,1.024546,0.993175,1.011467,0.997138
2017-02-28,1.028459,1.016132,1.022794,1.00463,0.986854,1.05919,0.999327,1.006226,1.015659,1.010858,1.039237,1.015013,1.011162,1.010796,1.003981,1.039105,1.026427,1.030538,1.018282,1.028293,1.047372,1.030569,1.026336,1.03231,1.045126
2017-03-31,1.019593,1.032491,1.023729,1.00685,1.003213,1.037536,1.003967,0.992517,0.993775,0.979628,1.014034,0.9977,1.008983,0.992104,0.977404,1.006959,1.000073,1.005657,0.997799,0.965519,1.014383,1.003279,0.994132,0.98823,0.968878
2017-04-30,1.038406,1.003716,1.008077,1.022856,1.002914,1.036384,1.012831,1.010098,1.016225,1.00392,1.019455,1.010871,1.014077,0.997934,0.977755,1.018732,1.015734,1.001876,0.996754,0.991346,1.019205,1.019084,1.008835,0.992278,0.992399
2017-05-31,0.980125,0.961972,0.984272,0.975123,0.966511,1.003287,0.9925,0.976062,0.958825,0.957295,1.016143,0.99166,0.974639,0.980373,0.957721,1.016218,0.994068,1.002422,0.998097,0.969854,1.028893,1.021743,1.008519,0.994571,0.975951
2017-06-30,1.094758,1.088023,1.047934,1.038381,1.043485,1.061147,1.02907,1.032326,1.030004,1.040952,1.024993,1.02085,1.027464,1.025114,1.032395,1.015006,1.016377,1.012275,1.024713,1.039228,0.99549,1.002256,0.995345,1.017052,1.052688
2017-07-31,0.991892,0.971799,0.99199,0.991995,0.997618,0.999293,1.006592,1.010639,1.013408,1.023299,1.007932,1.005463,1.014574,1.000499,1.026142,1.016712,1.011914,1.011218,1.028886,1.019761,1.025623,1.022453,1.014927,1.021881,1.022896
2017-08-31,0.991,0.999148,0.981645,0.979851,0.984546,0.991678,0.988588,0.981061,0.969022,0.961035,1.007953,0.981414,0.980271,0.990576,0.967939,1.00901,1.001535,0.99685,0.98272,0.975044,1.02111,1.000712,0.99378,0.999751,0.983217
2017-09-30,1.071923,1.05849,1.100218,1.097705,1.091039,1.056939,1.065072,1.08756,1.093012,1.069507,1.024036,1.046011,1.070008,1.067982,1.055792,1.030275,1.037843,1.046703,1.034049,1.056489,1.010474,1.012862,1.036556,1.028143,1.050913
2017-10-31,0.970149,0.974801,1.029561,0.999907,1.009073,1.002457,1.014941,1.002272,0.99956,1.008648,1.023892,1.01906,1.014219,1.00535,1.033494,1.026216,1.032391,1.019136,0.995701,1.020043,1.042284,1.007849,1.021606,1.012073,1.042464
2017-11-30,1.014022,1.045252,1.025637,1.020916,1.03861,1.021676,1.032668,1.023744,1.0220069999999999,1.014171,1.038463,1.034775,1.036682,1.033907,1.036887,1.047855,1.048332,1.043053,1.032237,1.048384,1.032246,1.024267,1.046506,1.028034,1.024165
2017-12-31,1.014033,1.000926,0.995251,0.986165,1.002164,1.000668,1.024431,0.980561,0.998968,1.001966,1.01021,0.998554,1.003904,0.986809,1.004002,1.004199,1.007703,1.006324,1.011674,1.035384,1.010423,1.014506,1.015447,1.011786,1.012048
2018-01-31,1.035172,1.029971,1.024151,1.027465,1.005313,1.028132,1.023933,1.029965,1.022074,1.021157,1.050764,1.037257,1.034016,1.036353,1.024584,1.05055,1.056247,1.046011,1.033897,1.016835,1.080568,1.053436,1.050716,1.042437,1.060404
2018-02-28,0.977885,0.980294,0.958038,0.967979,0.961633,0.959118,0.979884,0.960001,0.963129,0.960236,0.970625,0.964649,0.948631,0.959015,0.953724,0.967407,0.950518,0.965212,0.9540690000000001,0.952801,0.986381,0.950571,0.947871,0.943643,0.980152
2018-03-31,1.02973,0.990853,1.006012,1.027967,1.024923,1.020508,1.004668,1.011741,1.013443,1.009736,1.021376,1.01168,0.990544,1.016383,1.00431,0.995352,1.001997,0.998339,1.007823,1.002994,0.971949,0.960138,0.987706,0.983354,0.953532
2018-04-30,1.000982,1.046808,1.007233,1.011595,1.009816,1.001011,1.013596,1.00887,1.008587,1.045123,0.998034,1.002978,0.983444,1.013182,0.999922,0.999895,0.99279,0.99328,0.994369,1.023362,1.002292,1.009306,1.014465,1.006463,0.998962
2018-05-31,1.142749,1.104853,1.075027,1.065421,1.063579,1.086613,1.064566,1.06982,1.071675,1.037877,1.060957,1.052862,1.046834,1.055146,1.046801,1.041052,1.045945,1.025715,1.018185,1.015536,1.044338,1.0220069999999999,1.008348,1.004198,0.984034
2018-06-30,1.037192,1.029695,1.003867,1.010875,1.017622,1.011741,1.044922,0.997942,0.988325,1.011497,0.99739,1.007789,1.001733,0.998833,0.986614,1.01575,1.013577,0.995364,0.989375,0.9951,1.008912,1.013903,0.999507,1.005174,0.976449
2018-07-31,0.990499,0.991245,1.011665,0.998125,0.99961,1.01153,1.041003,1.037919,1.005728,1.028081,1.011896,1.026966,1.020645,1.024132,0.99674,1.0235,1.031178,1.024557,1.014976,1.029162,1.029916,1.052508,1.034844,1.034879,1.056014
2018-08-31,1.044539,1.08304,1.026452,1.017252,1.027105,1.075869,1.050613,1.041281,1.021804,1.025775,1.066075,1.049521,1.029448,1.024864,1.039437,1.07386,1.031503,0.993769,1.009273,0.98958,1.062181,1.01952,1.019118,1.006381,1.013578
2018-09-30,0.974266,0.989493,0.958791,0.9664699999999999,0.976282,0.980579,0.989354,0.964574,0.964961,0.985187,0.979922,0.988381,0.979816,0.959544,0.973401,0.99093,1.003622,0.98199,1.001285,0.999218,1.009488,1.012577,0.996223,0.990594,0.983459
2018-10-31,0.856418,0.852173,0.89383,0.9077729999999999,0.91636,0.872605,0.8804069999999999,0.877813,0.886048,0.91677,0.863686,0.895892,0.913366,0.9257340000000001,0.910042,0.903848,0.899895,0.91829,0.932783,0.908927,0.911505,0.949083,0.951584,0.952286,0.9245950000000001
2018-11-30,0.98234,1.000319,0.999239,1.001919,0.965741,1.035265,1.017,1.028303,1.017296,1.009547,1.00289,1.024952,1.030184,1.023248,0.993526,1.026368,1.01902,1.035196,0.994197,1.051961,1.008286,1.032135,1.0225,1.027376,1.003275
2018-12-31,0.860406,0.86592,0.8878550000000001,0.885589,0.877867,0.876586,0.887993,0.884698,0.873552,0.880605,0.888181,0.89089,0.881947,0.88138,0.855573,0.898978,0.885823,0.89301,0.876353,0.870861,0.915405,0.928038,0.899692,0.895065,0.872293
2019-01-31,1.124361,1.110811,1.097658,1.08517,1.1093169999999999,1.106201,1.109348,1.09659,1.103059,1.103918,1.14371,1.100836,1.116082,1.106978,1.140254,1.11301,1.10528,1.105701,1.120059,1.117566,1.081277,1.06413,1.101691,1.064705,1.13155
2019-02-28,1.08018,1.055647,1.063049,1.049972,1.048124,1.062237,1.067034,1.05807,1.051802,1.00921,1.068264,1.059177,1.0505,1.036992,1.025415,1.06969,1.049014,1.030243,1.022954,1.031284,1.038978,1.028411,1.039263,1.01336,1.017459
2019-03-31,1.003104,0.998148,0.970257,0.94758,0.962091,0.996863,0.986679,0.968615,0.938769,0.97355,0.986455,0.981315,0.991268,0.977397,0.96506,1.017969,1.009375,0.994047,0.99465,0.969067,1.032718,1.01843,1.002255,0.992826,0.968194
2019-04-30,1.004851,1.015843,1.02053,1.041304,1.017483,1.032466,1.017039,1.038395,1.036657,1.034775,1.031352,1.04568,1.067307,1.059475,1.039122,1.032145,1.040175,1.042376,1.052887,1.045064,1.043915,1.031167,1.036722,1.052356,1.089563
2019-05-31,0.944013,0.946304,0.921204,0.911504,0.919431,0.9134720000000001,0.921689,0.921787,0.895516,0.894761,0.9463550000000001,0.919029,0.922554,0.915349,0.896965,0.944874,0.922844,0.92654,0.91037,0.921296,0.930967,0.944194,0.950121,0.917665,0.9122589999999999
2019-06-30,1.0724,1.063652,1.046214,1.066623,1.047421,1.089556,1.085397,1.088179,1.068342,1.067454,1.095594,1.08163,1.075833,1.06569,1.065448,1.071522,1.095604,1.088546,1.074514,1.06896,1.076465,1.058061,1.061362,1.076129,1.079632
2019-07-31,0.968908,0.986074,0.988235,0.981428,0.979099,0.972055,1.010536,1.008935,1.008882,0.999372,1.03093,1.017349,1.006112,0.999513,1.013158,1.020525,1.013717,1.019253,1.00375,0.999735,1.015604,1.020138,1.017032,1.005541,1.032012
2019-08-31,0.95981,0.943761,0.927313,0.933861,0.9125840000000001,0.992601,0.930857,0.954057,0.937884,0.9020630000000001,0.944302,0.958343,0.958419,0.922202,0.897778,0.979921,0.954301,0.951039,0.95122,0.918117,0.997689,0.977237,0.969973,0.966899,0.913775
2019-09-30,0.964451,1.000774,1.02739,1.054784,1.079525,0.984669,1.021163,1.037548,1.055453,1.042482,0.966469,1.01212,1.02719,1.063092,1.064588,0.967923,1.030587,1.053268,1.061351,1.050447,1.004095,1.014975,1.029107,1.047123,1.053352
2019-10-31,1.005759,1.002823,1.008955,1.01138,0.994272,1.035581,1.044979,1.014702,1.027114,1.017889,1.039171,1.026092,1.018342,1.026587,1.004319,1.027696,1.015256,0.997365,1.002694,0.968011,1.03018,1.017711,1.028212,1.016769,1.036973
2019-11-30,1.079407,1.059645,1.029984,1.034336,1.040045,1.08435,1.035,1.031274,1.035496,1.01786,1.072294,1.030057,1.013644,1.051659,1.036955,1.076228,1.039479,1.029876,1.029897,1.038335,1.038716,1.045297,1.023238,1.029351,1.048865
2019-12-31,1.038663,1.127668,1.028011,1.046332,1.070372,1.039919,1.018591,1.062359,1.026587,1.06965,1.002074,1.032491,1.043023,1.021164,1.033039,0.995356,1.028354,1.037826,1.023494,1.0586,1.036704,1.016053,1.023032,1.030182,1.040296
2020-01-31,0.986422,0.968604,0.954343,0.940824,0.903089,0.975658,0.977362,0.943651,0.935575,0.908466,0.988288,0.988518,0.97511,0.95046,0.913926,1.010704,0.981642,0.982584,0.973756,0.965934,1.024594,1.005051,0.993965,0.945458,0.957582
2020-02-29,0.938948,0.957505,0.956537,0.916291,0.915191,0.925214,0.91744,0.89226,0.8975029999999999,0.894056,0.93332,0.931984,0.887562,0.909486,0.885671,0.933531,0.929065,0.907012,0.893311,0.866449,0.92973,0.919635,0.90937,0.89147,0.882721
2020-03-31,0.788408,0.848329,0.781406,0.735035,0.723077,0.805263,0.806894,0.783037,0.7642800000000001,0.680272,0.823381,0.814343,0.81841,0.73454,0.688063,0.878039,0.8149379999999999,0.798179,0.679167,0.6748160000000001,0.922185,0.8897470000000001,0.842462,0.798474,0.715404
2020-04-30,1.243389,1.1807750000000001,1.15187,1.108935,1.15782,1.1932719999999999,1.124528,1.123554,1.099268,1.259626,1.175197,1.134751,1.103317,1.153083,1.191823,1.165389,1.1452689999999999,1.116757,1.1626509999999999,1.1747049999999999,1.140905,1.135805,1.0982,1.105089,1.146389
2020-05-31,1.122445,1.063917,1.062791,1.043916,1.041402,1.101704,1.072753,1.036226,1.015516,1.07167,1.124951,1.092354,1.051624,1.043509,1.014479,1.109131,1.090164,1.058419,1.034749,1.019194,1.056438,1.054962,1.036816,1.011631,1.038204
2020-06-30,1.10584,1.021569,1.065852,1.044366,1.064665,1.053935,1.028424,1.038156,1.028691,1.031663,1.04711,1.012661,0.998885,1.044589,1.002299,1.022766,1.00761,0.992277,1.028019,1.018633,1.050972,0.991075,0.993391,0.981417,1.020764
2020-07-31,1.003305,1.001079,1.032659,0.991937,1.036474,1.007253,1.035905,1.035615,1.017674,1.02819,1.011045,1.037942,1.025894,1.042985,1.024369,1.060034,1.074489,1.060667,1.025861,1.024797,1.07725,1.053871,1.04407,1.017882,1.029427
2020-08-31,1.034207,1.058416,1.037787,1.056166,1.060696,1.079862,1.069178,1.045969,1.030372,1.091547,1.084196,1.055215,1.03218,1.05474,1.038113,1.042064,1.035349,1.04837,1.055635,1.03808,1.107972,1.063251,1.023828,1.026214,1.034865
2020-09-30,0.986534,0.99804,0.957858,0.966194,0.967208,1.003401,0.952615,0.949084,0.93192,0.948952,0.968913,0.988146,0.957036,0.968127,0.928076,1.00853,0.974905,0.963243,0.969462,0.955461,0.954479,0.966103,0.987671,0.953251,0.938841
2020-10-31,0.973247,0.990702,0.995559,1.034274,1.012595,0.980191,1.03365,1.024776,1.056662,1.061753,1.030388,1.020769,1.030633,1.050201,1.074952,1.014059,1.015228,1.014828,1.019421,1.015225,0.954257,1.001671,1.000113,0.977198,1.009898
2020-11-30,1.2576,1.214574,1.199117,1.201528,1.2452860000000001,1.214791,1.188158,1.183297,1.1870370000000001,1.190474,1.207556,1.176056,1.152673,1.166688,1.2292429999999999,1.135594,1.1268340000000001,1.168167,1.161394,1.203849,1.107281,1.095437,1.142612,1.160894,1.219976
2020-12-31,1.125156,1.0773139999999999,1.093959,1.08227,1.07451,1.115065,1.101547,1.08958,1.088872,1.071491,1.12645,1.08836,1.069227,1.086023,1.085676,1.068794,1.058211,1.045756,1.077555,1.044087,1.053002,1.018008,1.034491,1.032226,1.080558
2021-01-31,1.165083,1.146098,1.082666,1.074101,1.4121139999999999,1.116678,1.049816,1.077042,1.042029,1.089893,1.024415,1.00942,1.026253,1.018859,1.043525,0.997663,1.006644,0.997941,1.023801,1.025945,0.990649,0.995737,0.979094,1.008233,1.010958
2021-02-28,1.083909,1.062924,1.106119,1.112949,0.964616,1.040745,1.086155,1.09566,1.122259,1.08839,0.999517,1.0799590000000001,1.083383,1.124743,1.138744,1.034689,1.052711,1.092254,1.121902,1.127692,0.994146,1.033434,1.067356,1.084093,1.143346
2021-03-31,0.944756,1.012307,1.018588,1.06177,1.117823,0.951527,0.991738,1.02182,1.046456,1.074558,0.952163,1.025467,1.050807,1.062936,1.064522,0.979994,1.041592,1.040771,1.052824,1.066474,1.01839,1.050128,1.059385,1.07392,1.061788
2021-04-30,0.972997,0.975971,1.017138,1.008277,0.989843,1.032353,1.015677,1.023396,1.006733,1.012305,1.02869,1.039993,1.039311,1.022207,1.029652,1.043697,1.031215,1.058012,1.032792,1.062121,1.059373,1.057761,1.040311,1.047877,1.045694
2021-05-31,1.018956,1.006597,1.008568,1.021009,1.107327,0.974051,1.002446,1.011055,1.026615,1.071065,0.966579,0.992147,1.00368,1.019771,1.065904,0.979686,0.999004,1.022358,1.037667,1.045177,0.9864850000000001,1.008179,1.033246,1.036587,1.080383
2021-06-30,1.083779,1.053254,1.015969,0.994309,1.037629,1.06983,1.035313,1.012853,0.982016,1.004465,1.054695,1.001045,0.979383,0.967868,0.941725,1.05157,1.002585,0.987487,0.961246,0.95338,1.057192,1.014271,0.977826,0.976497,0.962754
2021-07-31,0.896658,0.924492,0.960973,0.952351,0.984305,0.924624,0.971722,0.981845,0.977966,0.939625,0.97499,0.991693,0.985639,0.990107,0.955157,0.991386,1.018709,0.987138,1.013609,0.954424,1.032936,1.031948,1.003887,0.984539,0.965625
2021-08-31,1.025586,1.05447,1.042598,1.027964,1.03808,1.020545,1.0243120000000001,1.013589,1.01685,1.024565,1.019022,1.01354,1.019025,1.018473,1.035352,1.031631,1.015678,1.016428,1.032297,1.050378,1.033156,1.041276,1.00556,1.012886,1.04297
2021-09-30,0.943662,0.955723,0.963361,0.986058,1.000428,0.947194,0.958879,0.965937,0.992892,1.033738,0.961439,0.960061,0.970343,0.951508,1.020392,0.957029,0.94952,0.978412,0.954085,1.018128,0.947198,0.937619,0.956118,0.992455,1.006758
2021-10-31,1.018208,1.001521,1.012365,1.017536,1.041354,1.024457,1.023534,1.039859,1.049723,1.028453,1.046626,1.038484,1.039369,1.039037,1.041177,1.047924,1.055583,1.053756,1.045505,1.046196,1.089956,1.056413,1.008145,1.055337,1.07528
2021-11-30,0.91571,0.93051,0.960449,0.963188,0.966534,0.919387,0.965445,1.0057,0.973081,0.959609,0.9142399999999999,0.978709,0.97448,0.975642,0.960631,0.936134,0.980396,0.969537,0.986367,0.952814,1.012325,0.969932,0.969801,0.954616,0.933321
2021-12-31,0.932335,1.004989,1.022606,1.022914,1.0343849999999999,0.994734,1.001539,1.0589,1.060643,1.050249,1.000968,1.044855,1.043022,1.052503,1.044554,1.003966,1.058722,1.054007,1.061869,1.038335,1.021218,1.052595,1.069104,1.058993,1.016617
2022-01-31,0.841319,0.855248,0.898539,0.9630879999999999,0.980909,0.836225,0.8834029999999999,0.9041710000000001,0.94751,1.003868,0.857891,0.898581,0.936581,0.960692,1.017767,0.872859,0.928799,0.958595,0.972052,1.059416,0.922387,0.936596,0.981691,1.03027,1.075582
2022-02-28,0.984777,0.98688,1.008251,1.005067,1.029208,0.998389,1.020508,1.005483,1.031228,1.027265,0.992284,1.005679,1.015302,0.997612,1.030461,1.001103,1.004318,1.006859,1.02007,1.035105,0.966723,0.9567060000000001,1.002844,1.000341,0.991297
2022-03-31,1.008697,1.017694,1.005535,1.012956,1.024942,1.012199,1.022185,1.017931,0.998376,0.999713,1.017833,1.008371,1.008021,1.003781,1.031499,1.001259,1.011975,1.035932,1.011779,1.021024,1.048718,1.035373,1.01653,1.039921,0.970943
2022-04-30,0.838624,0.868515,0.899573,0.936958,0.959202,0.819315,0.880436,0.919576,0.936535,0.939321,0.882045,0.923908,0.935943,0.933649,0.946182,0.892978,0.92136,0.951148,0.942179,0.930766,0.89137,0.907785,0.928891,0.94296,0.929014
2022-05-31,0.944705,0.964876,0.990434,0.998736,1.029279,0.967234,0.971262,1.023442,1.040402,1.059566,0.946923,1.009316,1.012167,1.042167,1.061138,0.971176,1.01079,1.044371,1.009084,1.08355,0.969921,0.996807,1.027771,1.06335,1.06784
2022-06-30,0.934402,0.956658,0.960437,0.934168,0.900801,0.980662,0.936079,0.927885,0.93507,0.871023,0.955681,0.926737,0.926026,0.8932789999999999,0.845753,0.9273750000000001,0.90511,0.886932,0.899405,0.865246,0.9219310000000001,0.944984,0.912297,0.878063,0.880125
2022-07-31,1.1496520000000001,1.13204,1.079374,1.095238,1.058884,1.128546,1.134021,1.115972,1.098137,1.092258,1.116268,1.115445,1.0968849999999999,1.076186,1.094429,1.130065,1.110504,1.068956,1.096505,1.066745,1.127169,1.054063,1.041753,1.073352,1.067379
2022-08-31,1.036347,1.00417,1.007614,1.002085,0.996655,1.036743,0.992071,0.955446,0.961385,0.975229,0.961459,0.9643390000000001,0.971477,0.981296,0.98622,0.974819,0.967736,0.9604550000000001,0.974473,0.996687,0.946502,0.969509,0.980866,1.000433,0.970372
2022-09-30,0.870985,0.905146,0.926234,0.884584,0.907169,0.911978,0.911996,0.885197,0.905823,0.898724,0.911488,0.905405,0.901164,0.898371,0.916819,0.908647,0.905481,0.888744,0.9013869999999999,0.910244,0.899612,0.94595,0.891505,0.9120429999999999,0.921716
2022-10-31,1.033099,1.053112,1.088856,1.087971,1.099183,1.076143,1.092762,1.104466,1.1276,1.157299,1.034639,1.089635,1.123919,1.145012,1.148928,1.057844,1.081503,1.1186,1.08813,1.121664,1.052883,1.074028,1.093206,1.1587049999999999,1.130409
2022-11-30,0.939595,0.9681109999999999,1.006611,1.006429,1.015688,0.997685,0.981859,1.004422,1.044059,1.014679,1.031372,1.054622,1.063679,1.068526,1.028522,1.043218,1.052569,1.053685,1.068372,1.021633,1.047454,1.066318,1.047102,1.04735,1.060555
2022-12-31,0.934955,0.952067,0.948163,0.948462,0.965601,0.949411,0.926243,0.929867,0.947132,0.943237,0.956467,0.922609,0.945152,0.931943,0.929758,0.946474,0.948499,0.952848,0.945859,0.922729,0.917967,0.962821,0.962403,0.958666,0.945628
2023-01-31,1.154106,1.13506,1.138585,1.099022,1.071003,1.141421,1.160132,1.1231,1.082098,1.066881,1.106176,1.129377,1.10525,1.076904,1.069175,1.096917,1.095059,1.08114,1.112513,1.056827,1.087217,1.019518,1.064044,1.035402,1.061744
2023-02-28,0.959229,0.945711,0.963197,0.976519,0.989788,0.959335,0.970916,0.99535,0.973742,0.984914,0.996382,0.987164,0.984076,0.982425,0.986594,0.975752,0.976522,0.970942,0.967425,0.957839,0.98683,0.978471,0.961632,0.958049,0.970958
2023-03-31,0.896855,0.932849,0.928862,0.930091,0.9030320000000001,0.965368,0.969706,0.967035,0.947514,0.899142,0.991348,0.989968,0.972606,0.95406,0.888456,1.012549,0.995693,0.974981,0.959808,0.877775,1.081256,1.032772,1.005123,0.962687,0.932988
2023-04-30,1.01904,0.975039,0.985669,0.974146,0.958308,0.972033,1.000974,0.967351,0.969261,0.970871,0.967485,0.996206,0.985432,0.988384,0.986422,0.981024,0.977444,0.99606,0.983961,1.002398,1.01129,1.014341,1.011881,1.024192,1.035119
2023-05-31,1.045464,1.025373,1.031756,0.987699,0.981241,1.012513,1.034374,1.019558,1.020507,0.950552,1.010489,0.980867,0.963538,0.963317,0.953895,1.00158,0.976833,0.959992,0.967727,0.935757,1.054991,0.988733,0.9492,0.927752,0.95153
2023-06-30,1.07288,1.033891,1.056048,1.0646309999999999,1.071504,1.070349,1.0713759999999999,1.091615,1.088055,1.082103,1.068229,1.08979,1.084293,1.091356,1.095738,1.08151,1.091639,1.091469,1.099205,1.06833,1.072447,1.054671,1.061606,1.056433,1.053738
2023-07-31,1.023517,1.029025,1.039629,1.073592,1.101725,1.046529,1.057196,1.061017,1.082772,1.104283,1.051321,1.032119,1.039272,1.088377,1.081547,1.012495,1.043147,1.049151,1.097039,1.085167,1.023838,1.062584,1.039894,1.052207,1.067308
2023-08-31,0.883948,0.924442,0.895342,0.941503,0.922936,0.926326,0.932627,0.962499,0.95335,0.957326,0.947029,0.95441,0.948538,0.931882,0.948661,0.975353,0.976312,0.972058,0.96216,0.978711,0.9916739999999999,0.99189,0.972936,0.97093,0.925942
2023-09-30,0.916981,0.924039,0.934751,0.941363,0.939447,0.909315,0.944646,0.952776,0.946094,0.939022,0.940624,0.953087,0.939316,0.947809,0.927453,0.941264,0.954105,0.932943,0.951813,0.964986,0.94458,0.956278,0.984969,0.978604,0.977635
2023-10-31,0.902967,0.911906,0.920635,0.937667,0.922924,0.893289,0.924499,0.9292940000000001,0.960741,0.927999,0.928006,0.937574,0.94601,0.952099,0.9342159999999999,0.93912,0.941385,0.928579,0.945241,0.937174,0.990046,0.950914,0.97462,0.973151,0.959615
2023-11-30,1.049912,1.080315,1.107119,1.087524,1.070605,1.108324,1.09065,1.086457,1.085456,1.102264,1.111236,1.07445,1.085409,1.113253,1.1551420000000001,1.098774,1.090922,1.090999,1.08531,1.0785,1.098907,1.069409,1.070776,1.086643,1.152885
2023-12-31,1.150898,1.158289,1.14676,1.167645,1.15023,1.124892,1.142232,1.110004,1.123999,1.153731,1.102605,1.108978,1.10072,1.127545,1.172187,1.08847,1.077786,1.090679,1.089012,1.11719,1.037524,1.047821,1.050621,1.046596,1.116082
2024-01-31,1.006965,0.969401,0.96325,0.959046,0.9622809999999999,0.957798,0.960469,0.965784,0.952092,0.942582,0.958882,0.969023,0.960058,0.9627829999999999,0.946277,0.983095,0.999813,0.985062,0.967145,0.975501,1.022668,0.994886,1.03555,1.02666,0.991115
2024-02-29,1.099101,1.065461,1.117395,1.025236,1.043191,1.097333,1.069342,1.068794,1.038027,1.00947,1.032432,1.053766,1.053956,1.019831,1.01242,1.070309,1.080568,1.036154,1.04613,1.025456,1.060191,1.016618,1.080005,1.049929,1.029209
2024-03-31,0.969823,1.016148,1.007567,1.019273,1.045873,0.999794,1.022814,1.025965,1.031508,1.042038,1.007937,1.0283,1.046765,1.044288,1.066674,1.038473,1.046856,1.050535,1.082041,1.076679,1.016533,1.064515,1.036182,1.061457,1.089895
2024-04-30,0.875023,0.928747,0.924969,0.925475,0.9250160000000001,0.921992,0.917314,0.9352739999999999,0.948076,0.933586,0.940351,0.937081,0.940205,0.932973,0.921914,0.942673,0.93574,0.939351,0.931432,0.94266,0.959807,1.01242,0.955375,0.950036,0.945253
2024-05-31,1.073358,1.032529,1.046762,1.038453,1.046775,1.019228,1.031489,1.052764,1.046414,1.050165,1.04598,1.051406,1.041597,1.05548,1.041052,1.025533,1.021786,1.025392,1.052938,1.036068,1.059598,1.040278,1.031691,1.040482,1.042631
2024-06-30,0.958094,0.976599,0.944038,0.979991,0.974646,0.983253,0.982945,0.978653,0.984058,0.971599,1.02719,0.991527,0.980625,0.974603,0.976615,0.993931,0.982371,0.976097,0.983435,0.971633,1.061092,1.01096,1.003339,0.983284,1.006083
2024-07-31,1.119222,1.08544,1.141625,1.140276,1.1451069999999999,1.074212,1.097074,1.099516,1.122306,1.149324,1.064974,1.060491,1.091399,1.10384,1.115109,1.032133,1.073394,1.065698,1.067612,1.0705770000000001,0.991487,1.022329,1.040102,1.064227,1.030025
2024-08-31,0.982919,0.957184,0.973453,0.96232,0.978653,1.005129,1.001613,0.962851,0.977142,0.981648,0.998528,0.979371,0.99129,0.986194,0.989639,1.017784,1.020276,1.016155,1.014801,0.996784,1.021543,1.038852,0.99356,1.041204,1.006358
2024-09-30,1.01531,1.010588,0.984523,0.987914,0.997721,1.005382,1.014147,1.00856,0.995333,0.990472,1.042635,1.023503,1.010932,1.000274,1.001618,1.034516,1.022294,1.012623,1.036539,0.9867900000000001,1.024194,1.039933,1.010625,0.993041,0.98048
2024-10-31,1.053682,1.004745,0.992489,0.991715,1.006354,0.990932,0.991422,0.966864,0.995766,0.990385,0.983412,0.972711,0.987897,0.986178,1.001278,0.989935,0.981987,0.983722,1.015997,1.013028,0.992076,0.986936,0.989222,1.005079,1.061921
2024-11-30,1.105481,1.100125,1.095951,1.089876,1.107587,1.143044,1.131884,1.10689,1.128024,1.11257,1.102793,1.111932,1.116544,1.097858,1.119435,1.097341,1.068909,1.057648,1.104277,1.125219,1.063182,1.053371,1.051812,1.086401,1.125095
2024-12-31,0.945644,0.950043,0.932373,0.921628,0.954783,0.956197,0.9078999999999999,0.912042,0.910776,0.932296,0.9205220000000001,0.920902,0.918987,0.91094,0.909636,0.917349,0.928337,0.935107,0.937691,0.944431,1.003266,0.951757,0.91046,0.934142,0.937371
2025-01-31,1.019595,1.003739,1.005309,1.013057,0.998891,1.004702,1.027053,1.037151,1.030689,1.0254240000000001,1.053794,1.028509,1.045901,1.027402,1.039426,1.042638,1.04394,1.050203,1.067514,1.044249,1.014885,1.078641,1.020826,1.058987,1.076281
2025-02-28,0.9285950000000001,0.940273,0.934929,0.939471,0.976597,0.917168,0.912702,0.916409,0.944396,0.957611,0.943072,0.950648,0.950699,0.971029,0.972004,0.957175,0.932426,0.977733,0.97189,0.982131,0.968891,0.98116,1.025459,1.034061,0.997235
2025-03-31,0.860685,0.879006,0.9059280000000001,0.9030739999999999,0.933602,0.91643,0.9286570000000001,0.917558,0.937336,0.927926,0.92549,0.931804,0.936259,0.945223,0.955024,0.9335789999999999,0.941796,0.967337,0.93567,0.981941,0.923367,0.95002,0.998394,0.980764,0.9216759999999999
2025-04-30,1.008639,1.016899,1.008944,0.993269,0.97486,1.005969,0.990661,0.973843,0.967937,0.939353,0.999551,0.974017,0.962615,0.949841,0.958916,0.991234,0.987301,0.979854,0.960724,0.929423,1.014106,0.969888,0.926133,0.986692,0.969032
2025-05-31,1.108539,1.05766,1.053431,1.04214,1.057465,1.044605,1.052771,1.068979,1.049012,1.053425,1.049387,1.057256,1.044237,1.038414,1.054531,1.062577,1.050222,1.035353,1.081175,1.065779,1.078077,1.061296,1.018407,1.025027,1.076402
2025-06-30,1.138117,1.060432,1.086403,1.046583,1.055543,1.062285,1.06514,1.074056,1.057724,1.046573,1.038802,1.038059,1.042253,1.030968,1.050536,1.020351,1.043192,1.024175,1.073815,1.058331,1.055279,1.062451,1.047405,1.036649,1.074811
2025-07-31,1.014462,1.057227,0.998423,1.026264,1.010122,1.017686,1.020155,1.02582,1.008892,1.017949,1.02232,1.01646,1.013469,1.008744,1.026904,1.037842,1.022035,1.007689,0.998931,0.980697,1.032774,1.014143,1.012503,1.00233,0.986256
2025-08-31,1.088311,1.089555,1.093716,1.09206,1.100123,1.092309,1.053462,1.0855920000000001,1.083354,1.107331,1.044937,1.044647,1.057111,1.059837,1.097169,1.037006,1.016417,1.023779,1.058848,1.071342,1.011724,1.012003,1.030575,1.054262,1.090799
2025-09-30,1.049927,1.036843,1.061974,1.016244,1.017864,1.015671,1.024403,1.027634,0.985671,0.987724,1.028279,0.99406,0.988442,1.014888,1.013145,0.985342,1.01927,1.026965,0.989384,0.988251,1.055558,1.007702,1.027883,1.002281,1.097883
2025-10-31,1.017331,1.041783,1.0352190000000001,0.992445,0.993905,1.033873,1.052954,1.023757,0.971082,0.994497,1.025013,0.995542,0.97911,0.986613,0.974681,1.011585,1.011194,1.007901,0.980041,0.961562,1.03819,1.013658,1.007666,0.97787,1.056126
2025-11-30,0.953487,1.065423,0.993447,1.037618,1.036556,0.986037,1.042102,1.030292,1.022557,1.035127,1.010887,1.010697,1.028548,1.042392,1.033502,0.979867,1.018464,1.048564,1.052554,1.045621,0.989617,1.003071,1.022375,1.039767,1.026288
2025-12-31,1.002808,1.013821,0.985121,1.019168,1.009981,1.027014,1.010433,0.999911,1.026181,0.991214,0.972038,1.000041,0.996926,0.989295,1.024044,1.003517,0.998895,1.021711,1.011429,1.03827,0.993261,1.003489,1.02819,1.0119,1.042624
2026-01-31,1.0677780000000001,1.009116,1.046074,1.051888,1.058604,1.011545,1.048183,1.06462,1.075831,1.083002,1.04422,1.055572,1.047156,1.082187,1.048593,1.001924,1.049961,1.044762,1.06386,1.057044,0.997409,1.021192,1.062308,1.020611,1.04166
2026-02-28,0.959736,1.024008,1.000067,1.014406,1.020843,0.998862,0.991749,1.022262,1.018037,1.016291,1.032457,1.026669,1.031715,1.028006,1.008183,0.990027,1.05314,1.041865,1.039867,1.02958,0.969374,1.024614,1.027392,1.021192,0.994735
2026-03-31,0.939811,0.983505,0.987717,1.000095,0.973366,0.947159,0.96702,0.942012,0.9867900000000001,1.01523,0.925596,0.938504,0.919206,0.974703,0.965794,0.940994,0.93271,0.952342,0.968174,0.991875,0.945654,0.946021,0.981452,0.986157,0.960702
