date,SMALL LoBM,ME1 BM2,ME1 BM3,ME1 BM4,ME1 BM5,ME1 BM6,ME1 BM7,ME1 BM8,ME1 BM9,SMALL HiBM,ME2 BM1,ME2 BM2,ME2 BM3,ME2 BM4,ME2 BM5,ME2 BM6,ME2 BM7,ME2 BM8,ME2 BM9,ME2 BM10,ME3 BM1,ME3 BM2,ME3 BM3,ME3 BM4,ME3 BM5,ME3 BM6,ME3 BM7,ME3 BM8,ME3 BM9,ME3 BM10,ME4 BM1,ME4 BM2,ME4 BM3,ME4 BM4,ME4 BM5,ME4 BM6,ME4 BM7,ME4 BM8,ME4 BM9,ME4 BM10,ME5 BM1,ME5 BM2,ME5 BM3,ME5 BM4,ME5 BM5,ME5 BM6,ME5 BM7,ME5 BM8,ME5 BM9,ME5 BM10,ME6 BM1,ME6 BM2,ME6 BM3,ME6 BM4,ME6 BM5,ME6 BM6,ME6 BM7,ME6 BM8,ME6 BM9,ME6 BM10,ME7 BM1,ME7 BM2,ME7 BM3,ME7 BM4,ME7 BM5,ME7 BM6,ME7 BM7,ME7 BM8,ME7 BM9,ME7 BM10,ME8 BM1,ME8 BM2,ME8 BM3,ME8 BM4,ME8 BM5,ME8 BM6,ME8 BM7,ME8 BM8,ME8 BM9,ME8 BM10,ME9 BM1,ME9 BM2,ME9 BM3,ME9 BM4,ME9 BM5,ME9 BM6,ME9 BM7,ME9 BM8,ME9 BM9,ME9 BM10,BIG LoBM,ME10 BM2,ME10 BM3,ME10 BM4,ME10 BM5,ME10 BM6,ME10 BM7,ME10 BM8,ME10 BM9,BIG HiBM
1971-07-31,0.890722,0.928879,0.920199,0.905969,0.924697,0.920497,0.934733,0.9383859999999999,0.954476,0.940626,0.888525,0.929644,0.860613,0.968236,0.943218,0.927148,0.933433,0.955736,0.930455,0.922768,0.890606,0.939777,0.92927,0.99211,0.952319,0.966217,0.9249080000000001,0.930125,0.941845,0.951934,0.936943,0.970264,0.9332320000000001,0.959634,0.941526,0.982173,0.950451,0.919428,0.935729,0.9257029999999999,0.936978,0.948742,0.956638,0.986214,0.97103,0.98105,0.954036,0.95191,0.927332,0.96891,0.912612,0.904828,0.945037,0.937761,0.958968,0.970681,0.909186,0.955602,0.988127,0.89693,0.977583,0.981889,0.931461,0.98979,0.954946,0.925203,0.960535,0.912739,0.927381,0.926196,0.953963,0.958271,0.953868,0.948826,0.983686,0.968382,0.947403,0.974867,0.908702,0.929327,0.95866,0.985321,0.961755,0.968973,0.940304,0.96873,0.958333,0.986037,0.928589,0.942179,0.952952,0.970841,0.945963,0.960252,0.985464,0.94435,0.966828,0.961419,0.98331,0.920846
1971-08-31,0.999278,1.039622,1.052139,1.043682,1.013326,1.026966,1.026859,1.04682,1.039275,1.047527,1.083795,1.013259,1.063417,1.019957,1.035894,1.063323,1.057818,1.052394,1.046629,1.107119,1.026679,1.030714,1.054566,1.0881,1.048264,1.008938,1.054019,1.055653,1.103056,1.137463,1.052417,1.030852,1.118051,1.034757,1.045829,1.03718,1.025243,1.092117,1.017848,1.101867,1.066303,1.001668,1.030148,1.040165,1.033771,1.017093,1.071554,1.052289,1.047258,1.104929,1.127569,1.05182,1.059968,1.042132,1.015301,1.029067,1.085731,1.059219,1.115397,1.092083,1.079065,1.063184,1.093171,1.041403,1.023246,1.048043,1.022652,1.075587,1.055922,1.132514,1.079276,1.051716,1.008873,1.03457,1.019908,1.023491,1.025355,1.040433,1.1254330000000001,1.095859,1.032272,1.010007,1.04858,1.028348,1.044189,1.01668,1.043343,1.052017,1.145664,1.142365,1.042506,1.08151,1.061269,1.049954,0.974115,0.98664,1.014269,1.005783,1.093016,1.169535
1971-09-30,0.991194,1.012439,1.007023,0.999056,0.991298,0.997092,0.989273,1.006825,0.990396,0.985599,1.057995,1.002733,1.019552,1.050338,0.987459,1.008966,0.992427,0.986906,0.987205,0.939526,1.004761,0.991594,0.989832,0.98992,0.973318,0.989358,0.990132,0.972026,1.003902,0.94791,1.045198,1.021776,0.991662,0.992227,0.970985,0.989964,0.979094,0.983108,0.990665,0.952602,1.009306,0.98715,1.011408,0.977069,0.980597,1.014267,1.015828,0.99725,0.991046,0.933496,1.032811,1.013684,1.003539,1.008915,0.968843,0.989815,0.990617,0.96116,0.977806,0.967776,1.023463,1.007998,0.965632,0.983233,1.037495,0.945984,1.00429,0.974874,0.934489,0.970172,1.038433,1.002482,1.007355,0.995598,0.987419,0.998422,0.979384,1.012252,0.94445,0.959795,0.996885,1.006258,1.003522,0.982859,0.995681,0.990039,0.967029,0.971219,0.984629,1.036481,1.008305,0.995606,0.993441,0.971479,0.996835,0.965234,0.992241,0.97096,0.992352,0.945078
1971-10-31,0.904427,0.926067,0.935636,0.920349,0.925963,0.936492,0.950053,0.935361,0.930109,0.929204,0.946231,0.915348,0.917389,0.938495,0.922469,0.947847,0.990034,0.947929,0.946412,0.903859,0.926797,0.926444,0.9471,0.9265410000000001,1.008729,0.983621,0.946481,0.945369,0.93782,0.888508,0.948069,0.9572,0.958369,0.945292,0.93624,0.953004,0.984489,0.939993,0.965773,0.936747,0.96491,0.934086,0.939548,0.947824,0.96365,0.99192,0.942485,0.958184,0.908629,0.922001,0.885979,0.931727,0.928121,0.9313359999999999,0.978298,0.958154,0.930501,0.961105,0.985444,1.00319,0.9640880000000001,0.976583,0.966478,0.960728,0.96738,0.926775,0.950844,0.975669,0.871944,0.94875,0.976391,0.959807,0.971831,0.964611,0.991225,0.994713,0.9401349999999999,0.933924,0.99041,0.926917,0.94134,0.978455,0.926621,0.945708,0.951528,0.930186,0.956076,0.925875,0.904649,0.956198,0.973813,0.953013,0.941116,0.937609,0.980163,0.966608,0.976525,1.006206,0.989571,0.959987
1971-11-30,0.97097,0.945875,0.941021,0.93541,0.944873,0.960273,0.949745,0.947425,0.949615,0.929606,0.997669,0.955147,0.957101,0.93369,0.96484,0.992073,0.963361,0.962554,0.952124,0.95625,0.966235,0.943847,0.986334,0.963082,0.960459,0.953063,0.989378,0.943041,0.96323,0.98316,1.000651,0.981132,0.978271,0.976348,0.98929,1.016428,0.983057,0.975764,0.994354,0.972179,0.985224,0.97033,0.946924,1.00858,0.999159,0.997214,0.950843,0.989178,0.954384,0.946441,0.986032,0.983915,0.990864,0.993928,0.983706,0.981347,0.943963,0.950471,0.973132,0.90416,1.021178,0.972974,0.974512,0.981709,0.98365,1.001925,1.009679,0.966714,0.949303,1.04407,1.0113509999999999,0.995727,0.9714,0.997531,0.997256,0.950081,1.007999,1.012271,0.978553,0.923825,0.967641,0.992172,1.016673,1.001442,0.982437,0.967865,0.980633,0.979516,1.072336,0.967168,1.016249,1.012482,1.016481,0.991067,1.007922,1.008631,0.998618,0.992308,0.978886,1.007185
1971-12-31,1.101311,1.164639,1.1546669999999999,1.150518,1.115782,1.118798,1.126361,1.1274009999999999,1.1269529999999999,1.122419,1.1506669999999999,1.133926,1.125042,1.121462,1.101888,1.102501,1.092905,1.121137,1.126131,1.150298,1.1747239999999999,1.084519,1.147757,1.16704,1.095302,1.165442,1.118514,1.112847,1.127991,1.127319,1.129364,1.125323,1.1262780000000001,1.130284,1.1514929999999999,1.101754,1.105669,1.106363,1.125292,1.116946,1.144994,1.136974,1.114002,1.104805,1.088488,1.07488,1.075915,1.09785,1.110532,1.1385830000000001,1.154384,1.112584,1.091721,1.095196,1.1605699999999999,1.077478,1.1646239999999999,1.1421000000000001,1.089019,1.164917,1.137429,1.15011,1.119581,1.121466,1.068091,1.096127,1.077484,1.14345,1.187585,1.065153,1.120264,1.096908,1.078985,1.073221,1.083766,1.096368,1.070867,1.079392,1.147611,1.118376,1.130765,1.085567,1.095431,1.0785339999999999,1.098626,1.15042,1.079008,1.097374,1.094181,1.082943,1.087183,1.069795,1.100252,1.115025,1.071274,1.094081,1.067202,1.052918,1.081949,1.096217
1972-01-31,1.2184490000000001,1.101375,1.118082,1.161989,1.126242,1.136444,1.118678,1.139045,1.164047,1.1507290000000001,1.1672690000000001,1.120255,1.137427,1.144096,1.072946,1.123979,1.086079,1.079023,1.101076,1.172364,1.119873,1.079944,1.089943,1.052761,1.038668,1.077576,1.058613,1.090914,1.07689,1.104424,1.104121,1.028697,1.098253,1.021386,1.053153,1.046703,1.051243,1.077788,1.143449,1.070248,1.078795,1.046639,1.035095,1.047673,1.064554,1.030029,1.044332,1.02661,1.068528,1.087084,1.068985,1.027594,1.037564,1.057209,0.991892,1.033288,1.067625,1.085857,1.076983,1.093264,1.0870090000000001,1.008276,1.025327,1.023556,1.031243,1.050521,1.031221,1.137829,0.990131,1.1588910000000001,1.000571,1.019429,0.999503,1.033508,0.992505,1.009707,1.017093,1.026911,1.088282,1.068729,1.056773,1.011044,1.011527,1.011032,1.004306,0.99548,1.044944,1.00091,1.048487,1.039668,1.035595,1.010873,1.023441,0.975223,0.998492,0.977123,1.003431,1.010925,1.070382,1.0735540000000001
1972-02-29,1.069914,1.01957,1.080605,1.046665,1.054589,1.055251,1.038262,1.039178,1.039781,1.048398,1.048246,1.003281,1.02666,1.054093,1.0411,1.016417,1.041537,1.052204,1.034473,1.005287,1.061221,1.078805,1.056128,1.011897,1.071154,1.012706,1.022723,1.012942,1.010971,1.022111,1.021368,1.076634,1.035597,1.071089,1.07989,1.015223,1.030121,1.011925,1.065455,1.039822,1.064645,1.035974,1.049834,1.016195,1.071956,0.978719,0.992433,0.977865,1.004238,1.041618,1.078877,1.072169,1.059361,1.044075,1.00397,1.035436,1.033462,1.0210650000000001,1.01423,1.029647,1.057461,1.067646,1.050009,1.027618,1.005218,1.000568,1.034571,0.996583,1.045318,0.995079,1.079013,1.013956,0.998854,0.997719,1.004513,0.994358,1.001306,1.035322,0.9671,1.022618,1.050521,1.051242,1.038769,1.036484,0.994881,1.016906,1.024166,1.028402,1.009762,1.017547,1.049895,1.040482,1.021958,1.007164,1.003456,1.035392,0.997561,1.005033,0.974546,1.013754
1972-03-31,1.011384,0.986497,1.032262,0.991191,0.978911,1.001423,0.989247,0.981811,0.971398,1.007121,1.074374,1.008077,1.007362,0.982975,0.96429,0.981436,1.00019,0.976666,0.988257,1.00144,1.009459,1.020518,1.028832,1.003326,0.972372,0.994295,1.016067,0.996002,1.002108,1.000573,1.026465,1.01837,1.030373,0.995672,0.98167,1.008926,0.98433,0.9737,0.970947,0.975403,0.989076,1.004005,1.003663,1.020851,1.058022,1.002848,0.996079,1.042612,1.017682,1.00092,1.055147,1.03,0.999136,1.020296,1.011328,1.013612,1.009372,0.983025,0.97778,0.933798,1.043472,0.993134,1.012208,0.990261,0.98302,1.02526,1.019134,1.011946,0.997952,0.98888,0.980866,1.024302,1.013376,0.97635,1.069263,1.047869,0.99635,1.033078,1.03352,1.008445,0.987311,0.991826,0.999982,1.021792,1.001756,1.010017,0.958959,0.980999,0.982303,1.044278,1.025336,1.038351,1.006328,0.991129,0.969148,0.943792,0.983719,0.984317,1.064449,1.013831
1972-04-30,1.042026,0.974828,1.016125,1.013168,0.98133,0.992804,1.005084,1.00982,1.026742,1.006638,1.004054,0.99695,0.970285,1.009759,0.985845,1.002092,1.029684,1.001858,1.005633,1.004754,0.998694,0.981468,1.025508,0.998317,1.010953,1.066656,1.013365,1.015594,1.009524,1.026069,1.026006,0.979556,0.999349,1.000618,0.998533,1.010166,1.017392,1.015341,1.014018,1.017105,1.013692,1.023508,1.005245,1.032523,0.971575,1.007595,1.053201,0.994341,0.973515,0.967468,1.035925,0.994664,0.971864,0.969938,1.007525,0.999121,0.972209,1.028131,1.028803,1.019632,0.97681,1.013018,1.010903,0.991307,1.026865,1.023688,0.9929790000000001,0.998761,1.002061,1.055144,1.003703,0.969928,0.992473,0.985936,0.982849,0.974297,1.019514,1.02392,1.056325,1.02227,1.009745,1.019129,1.010206,1.001201,1.00175,1.019244,1.016742,1.0255,1.065864,1.008339,1.013005,1.003283,1.011964,1.026374,0.999828,1.002268,0.995783,1.00521,0.963868,0.97146
1972-05-31,0.974201,0.949235,0.976933,0.959977,0.957219,0.952604,0.995485,0.98436,0.969108,0.976148,0.996311,0.994276,1.021257,0.977644,0.987202,0.957996,0.963091,0.965876,0.97475,0.987372,1.006297,0.925297,0.950022,0.983769,0.97396,0.947055,0.971612,0.956692,0.967225,0.948211,1.01778,0.995958,1.000696,0.998431,0.992915,1.001748,0.988527,0.944029,1.013808,0.989399,0.99366,0.965612,0.950169,0.996787,1.042399,1.017621,0.982765,1.010968,0.943906,0.948553,1.05604,1.009737,0.988203,0.968779,1.002567,0.99892,0.987601,0.971362,0.986293,0.942601,1.082981,1.048777,1.004496,0.980316,0.999645,1.010068,1.00423,0.99054,0.990645,1.023146,1.024388,1.011574,0.972064,0.974176,0.975354,0.976212,1.00936,0.987054,1.027699,0.990202,1.042118,1.028112,1.018679,0.976619,0.971387,0.975152,1.009101,0.986059,1.010693,0.983499,1.039935,1.019655,1.007765,0.971709,1.046378,1.039893,1.017273,0.982996,0.957259,0.9655050000000001
1972-06-30,0.945072,0.944339,0.925716,0.9622809999999999,0.959702,0.971338,0.9474899999999999,0.97067,0.965341,0.961572,0.959408,0.977653,0.99405,0.968992,0.96276,0.967365,0.987504,0.979085,0.956016,0.954094,0.988192,0.973448,1.000051,0.964594,0.977915,0.990079,0.985733,0.989681,0.967019,0.968467,0.961633,0.932136,0.957186,0.94893,0.996627,0.973156,1.006366,0.96263,1.079155,0.979267,0.97679,0.977456,0.962541,0.98104,0.950058,0.974202,0.943431,0.942903,0.944071,0.929105,1.030704,0.994316,0.990873,0.977835,0.969002,0.948155,0.970547,0.933943,0.956009,0.9228149999999999,0.956522,0.980209,0.951327,0.980142,0.968705,0.983756,0.990456,0.950925,0.944251,0.919761,0.951721,0.947198,0.982992,0.990086,1.01312,0.964815,0.948995,0.932429,0.930544,0.9127810000000001,0.985435,0.989068,0.984857,0.951621,0.938501,0.975083,0.977076,0.939969,0.947072,0.852315,1.003897,0.976183,0.981156,0.937891,0.980855,0.977179,0.982758,0.965298,0.9312199999999999,0.95714
1972-07-31,0.928492,0.96286,0.941308,0.981802,0.975229,0.957768,0.967425,0.961723,0.981386,0.972531,0.90949,0.943395,0.93966,0.938067,0.954125,0.969028,0.952955,0.973248,0.961869,0.964713,0.98147,0.965639,0.948429,0.937705,0.988877,0.972868,0.971935,0.986214,0.975018,0.945231,0.923679,0.934481,0.940847,0.971104,0.925563,0.983261,0.968238,0.997983,0.976119,0.907274,0.936782,0.946999,0.994813,0.978871,0.967286,0.94714,1.00079,1.002023,1.037377,0.995103,0.97235,1.004926,0.984806,0.981956,0.944078,0.998256,0.985048,0.971365,0.988352,0.956523,0.937611,0.994708,0.960189,0.957512,0.958828,1.034341,0.962091,0.987281,0.978356,1.0085,0.966543,0.95441,0.981108,0.988611,0.987343,0.941787,1.007344,1.026702,0.96476,0.968727,0.977311,0.986445,0.983864,0.963143,0.978297,0.97927,0.963928,0.98403,0.977917,0.977993,1.024089,1.00056,0.987102,0.991989,1.01509,1.010452,0.985392,0.991515,0.982537,0.991483
1972-08-31,0.944731,1.007311,0.992654,0.988171,0.992757,1.026688,1.01088,1.001104,1.018697,1.009053,0.976717,1.005097,0.9571,0.965982,1.012672,1.01639,0.978572,0.991658,1.019873,1.050187,1.041506,0.955882,0.989345,0.938314,1.015495,1.027004,1.016083,1.030928,1.065597,1.035062,0.975063,1.016108,1.009601,0.982706,1.025089,0.997233,1.024854,0.991691,1.063185,1.02528,0.960369,1.049731,0.994673,1.076695,1.048671,1.036205,1.062546,0.990949,1.035889,1.06266,0.998315,1.014733,1.000677,1.028248,1.026005,1.012991,1.047082,1.127035,1.026049,0.983152,0.995033,0.998964,1.038333,1.015153,1.040137,1.023213,1.050581,1.024648,1.096748,1.071053,1.00955,0.993399,1.0292,1.027814,1.067928,1.047724,1.064442,1.048437,1.057223,1.077905,1.012825,1.026819,1.03906,1.06698,1.064942,1.045828,1.044209,1.091668,1.070465,1.070328,1.002226,1.025271,1.063061,1.102505,1.065488,1.088209,1.139767,1.078883,1.083615,1.03909
1972-09-30,0.93002,0.943002,0.950906,0.946857,0.958764,0.950757,0.956898,0.948536,0.954607,0.95761,0.974952,0.942983,0.948386,0.960029,0.954781,0.95688,0.957593,0.977754,0.956293,0.966756,0.983844,0.949531,0.946914,0.974671,0.966833,0.964368,0.986622,0.973966,0.980776,0.964013,0.965632,0.966201,0.977338,0.956252,0.984223,0.998345,0.969614,0.973828,0.967849,0.961736,0.995383,0.959777,0.971481,0.99411,0.992455,0.9619759999999999,0.98756,0.977938,0.990656,0.964686,1.009763,0.967689,0.9616979999999999,0.965181,0.987646,1.000967,0.980179,0.968576,0.97277,0.953999,0.975034,0.957537,0.946333,0.957662,0.985179,0.957942,0.979889,0.98402,0.929088,0.950511,0.994404,0.978648,0.976126,0.988903,1.015053,0.998349,0.974659,0.973088,0.962415,0.970559,0.974515,0.991324,0.996111,0.978257,0.968149,0.975472,0.974381,1.006094,0.96687,0.954454,1.008856,0.979218,0.974151,1.007824,0.973359,0.991219,1.025176,1.02975,0.96156,0.962194
1972-10-31,0.957682,0.952723,0.9458,0.972941,0.989536,0.958867,0.978115,0.957312,0.966728,0.982116,0.961009,0.980557,1.014713,0.962045,0.949354,1.005713,0.984144,0.992312,1.011609,0.976033,0.980292,0.962715,0.983634,0.961657,1.005484,1.00455,1.000514,0.978582,1.004669,1.008783,0.953001,0.951101,1.049166,0.978428,0.972806,1.075164,1.033813,0.995951,0.992583,0.9670030000000001,0.960811,0.964803,0.983016,0.98836,1.020866,1.043279,0.995874,1.001732,0.970767,1.031389,0.980285,0.969925,0.966254,1.026501,0.993689,1.018247,1.031411,0.994763,0.995579,0.983982,0.937977,1.000444,0.985397,1.009541,1.025568,0.977127,1.015523,1.01565,1.020549,0.963668,0.987883,0.995641,1.013402,0.999203,1.010897,1.024195,1.030372,1.023904,1.025664,0.954809,0.964139,1.009362,1.031327,1.048243,0.992124,1.031783,1.025356,1.002425,1.011643,1.034499,1.009126,1.027945,0.989812,1.030705,0.99913,1.036825,1.028997,1.026343,1.006245,1.001613
1972-11-30,1.019292,1.016234,1.020793,1.036318,1.020035,1.056337,1.067103,1.049726,1.065453,1.049029,1.006191,0.992219,1.058502,1.051796,1.062411,1.03519,1.077748,1.049886,1.053632,1.068312,1.05025,1.035537,1.048718,1.060473,1.033037,1.078755,1.076077,1.062321,1.067089,1.083205,1.018993,1.057166,1.047609,1.039946,1.07956,1.099066,1.025119,1.042741,1.071893,1.067199,1.038923,1.059461,1.005874,1.061041,1.056501,1.087058,1.060945,1.070741,1.081639,1.077669,1.007513,1.038767,1.044496,1.056614,1.063894,1.063471,1.099406,1.083466,1.060419,1.093901,1.053377,1.0681289999999999,1.0682369999999999,1.085758,1.081812,1.041799,1.077087,1.032781,1.1175869999999999,1.180173,1.066661,1.077785,1.057773,1.063963,1.075641,1.073236,1.068939,1.079216,1.064397,1.133928,1.052533,1.03109,1.074054,1.092715,1.062649,1.049358,1.09705,1.081225,1.124458,1.077334,1.008261,1.0387170000000001,1.076633,1.023444,1.08453,1.064015,1.052489,1.089367,1.148405,1.173496
1972-12-31,0.920462,0.972273,0.962582,0.976657,0.973229,0.958251,0.974796,0.972899,0.971801,0.969215,0.993042,1.008909,0.978194,0.964019,0.956493,0.998861,0.974177,0.975618,1.009523,1.007709,1.023714,0.95943,0.993267,0.922902,0.967002,0.986309,0.946189,0.973447,0.992698,0.985918,1.021605,0.985099,0.981144,0.976634,1.021153,1.019681,0.971136,0.970142,0.962143,0.957065,0.987996,1.004682,0.98854,1.035795,1.001579,1.003852,1.007459,0.967706,0.978679,0.971832,1.036132,0.99025,0.99105,0.981652,0.985591,0.995297,0.99162,0.972935,0.957802,0.988086,1.036023,0.988155,0.99741,0.968253,1.006523,0.97317,0.988565,1.00942,0.982732,0.888304,0.995173,1.010506,1.009918,0.971366,0.988429,0.992265,0.979844,0.981352,0.954963,0.982247,0.997036,1.012828,0.97974,0.995851,0.973831,0.982929,0.981958,0.965968,0.970517,0.991858,1.04357,1.026084,0.994324,1.028897,0.965163,1.014152,0.981802,1.015879,0.98943,0.9608140000000001
1973-01-31,0.905895,0.979169,0.92884,0.973241,0.95467,0.989159,0.987433,0.964771,0.990067,0.984127,0.876123,0.931795,0.96113,0.972161,0.950491,0.958863,0.962872,0.948147,1.002163,0.970381,0.898505,0.929358,0.967142,0.950388,0.930282,0.970427,0.939516,0.996169,0.945964,0.924727,0.8777820000000001,0.8785890000000001,0.914763,0.942508,0.935406,0.894682,0.97817,0.972854,0.949619,0.927403,0.917205,0.936774,0.915239,0.939207,0.927963,0.929763,0.960229,0.956413,0.958451,0.933168,0.9315329999999999,0.916447,0.902043,0.935717,0.913986,0.973337,0.977153,0.961739,0.95453,0.929187,0.942678,0.934514,0.941912,0.879136,0.941867,0.925262,0.955939,0.953938,0.956124,0.9637,0.932667,0.940285,0.946334,0.930225,0.942174,0.9608140000000001,0.969169,0.971865,0.959208,0.943846,0.93645,0.911396,0.907265,0.941618,0.914614,0.928126,0.9292860000000001,0.97893,0.940478,0.960933,0.997364,0.956082,0.9622040000000001,1.000438,0.964392,1.034146,1.062101,1.004916,0.981753,0.955157
1973-02-28,0.876773,0.880055,0.911049,0.898771,0.901349,0.950922,0.918113,0.914135,0.933447,0.935123,0.863946,0.829681,0.9186529999999999,0.916687,0.882443,0.92036,0.945276,0.906775,0.949072,0.95457,0.82482,0.86284,0.926384,0.931918,0.9298569999999999,0.920784,0.951381,0.913464,0.929413,0.923137,0.847633,0.891907,0.90261,0.9213979999999999,0.901948,0.953022,0.949627,0.953939,0.9629220000000001,0.964834,0.868045,0.898249,0.920448,0.909296,0.894621,0.915909,0.954506,0.976543,0.942594,0.951811,0.879961,0.905981,0.921305,0.918073,0.913782,0.958983,0.986523,0.948696,0.918391,0.910272,0.894739,0.93188,0.93901,0.9322509999999999,0.92454,0.968994,0.955945,0.938917,0.960569,0.969358,0.910797,0.943389,0.876756,0.9221779999999999,0.959632,0.963726,0.979835,0.957677,1.000136,0.957124,0.94536,0.934044,0.954813,0.989801,0.97345,0.93969,0.981151,0.981453,0.971394,0.997051,0.985849,0.959232,0.973476,0.959133,0.94495,0.950019,0.912912,0.936833,0.93637,0.964873
1973-03-31,0.897555,0.953172,0.952448,0.970661,0.957429,0.98802,0.99667,0.979353,0.973253,1.006716,0.913837,0.97147,0.978264,0.936732,0.957348,1.001851,0.975043,1.007165,0.961894,0.970408,0.991633,0.9461040000000001,0.981603,0.964282,0.974177,0.955817,0.966176,0.98433,0.992382,0.999233,0.903876,0.961643,0.986442,0.965797,0.976042,0.994039,0.971369,0.990218,0.987531,1.024289,0.943511,0.988447,0.962159,0.979372,0.973703,0.982228,0.971497,0.965104,0.997124,0.989543,0.94726,0.951763,0.927187,0.958704,0.973243,0.982392,1.003358,0.988492,1.028875,1.014548,0.973834,0.946809,0.97556,0.9436,0.996315,0.976756,0.978989,0.966926,1.006458,1.067549,0.9553,0.967815,0.931843,0.991924,0.976015,0.984508,0.965952,0.988624,0.961381,1.040324,0.965125,0.992671,0.977526,0.959585,0.979622,1.010274,0.991875,1.017313,0.989637,1.018116,0.990937,1.008694,0.985805,1.028485,0.99109,1.039366,1.041377,1.015056,1.030045,1.030139
1973-04-30,0.85686,0.925998,0.8867510000000001,0.916451,0.929589,0.923423,0.91493,0.941625,0.945616,0.948658,0.81778,0.910439,0.898664,0.9055880000000001,0.93401,0.945358,0.938111,0.952797,0.940443,0.94699,0.8692880000000001,0.877227,0.884767,0.922339,0.95376,0.968685,0.973052,0.933002,0.947214,0.944889,0.840916,0.8572230000000001,0.92058,0.904203,0.900209,0.950635,0.951494,0.98093,0.955589,0.950382,0.874984,0.866846,0.947898,0.975574,0.965649,0.926518,0.981491,0.925731,0.979731,0.957589,0.909189,0.902172,0.875552,0.945229,0.944996,0.983387,0.945693,0.986916,0.939916,0.952078,0.8668359999999999,0.921058,0.913841,0.894469,0.945996,0.939829,0.971688,0.947029,0.959667,0.973621,0.896509,0.875353,0.932341,0.942809,0.972111,0.999791,0.956909,0.995691,0.984923,0.912878,0.888452,0.94856,0.917998,0.986131,0.940571,0.961308,0.981348,0.964943,0.951268,0.984173,0.94169,0.95043,0.966346,0.978408,0.957432,0.998573,0.990596,1.000661,1.013924,0.963013
1973-05-31,0.8917740000000001,0.911742,0.889409,0.8872519999999999,0.919654,0.882628,0.891901,0.941008,0.910403,0.915817,0.850749,0.899869,0.85788,0.9177839999999999,0.891814,0.948345,0.937989,0.9119539999999999,0.921979,0.9214100000000001,0.861502,0.890876,0.906451,0.921443,0.927561,0.914401,0.957875,0.937308,0.917229,0.888134,0.918056,0.882605,0.874352,0.936045,0.92571,0.9229080000000001,0.936322,0.944903,0.937267,0.847864,0.917357,0.917578,0.889433,0.943314,0.926338,0.964175,0.936577,0.988391,0.909423,0.959748,0.905281,0.900352,0.874015,0.943288,0.938917,0.984576,0.940492,1.019417,0.942221,0.907101,0.940221,0.9060280000000001,0.922538,0.922551,0.946707,0.976252,0.957984,0.991969,0.980069,0.9257070000000001,0.932952,0.943344,0.896901,0.921287,0.989656,0.981665,0.989284,0.9649220000000001,0.948732,0.956672,0.985949,0.968957,0.963329,0.9972,0.974425,0.95656,0.988391,1.006557,0.925008,0.938245,1.007954,0.986905,0.981624,1.016192,1.000292,0.996454,0.9351,0.967705,0.991862,0.934173
1973-06-30,0.948747,0.937675,0.957685,0.981453,0.945336,0.949251,0.975387,0.945734,0.972336,0.990961,0.980026,0.92937,0.976793,0.929731,0.960035,0.951957,0.978839,0.98929,0.961713,0.971945,0.957868,0.942967,0.946721,0.978918,0.956982,0.990701,0.948936,0.978114,0.996841,0.988402,0.931479,0.908695,0.971481,0.963672,0.961107,0.967901,0.987868,0.988217,0.98482,0.929839,0.937216,0.9375020000000001,0.972759,0.981288,0.976009,0.982576,0.971605,0.93885,0.947241,0.984039,0.928034,0.957543,0.946811,0.975357,0.972359,0.995741,1.054469,0.96395,0.984503,0.970864,0.984857,0.967882,0.924892,0.964087,0.959404,0.942988,0.975556,0.997411,0.982066,0.936739,0.955038,0.92228,0.940614,1.01016,0.982804,0.969901,1.005904,0.981606,0.957731,0.971436,0.958649,0.929258,0.962443,0.95607,0.973182,0.988675,0.940267,0.992471,0.988135,0.990211,1.000838,0.999451,0.993723,1.042178,0.989159,1.026624,0.992651,1.000593,0.979686,0.967907
1973-07-31,1.173618,1.203884,1.178352,1.159828,1.150352,1.13834,1.136259,1.120639,1.103691,1.101281,1.198139,1.186761,1.17115,1.123692,1.107094,1.052501,1.180011,1.121112,1.117634,1.120825,1.276871,1.18014,1.19618,1.115855,1.132112,1.123827,1.038234,1.067859,1.091297,1.088806,1.21551,1.18447,1.138198,1.109232,1.108838,1.089627,1.067391,1.088094,1.088009,1.127457,1.25043,1.133084,1.103338,1.082811,1.125408,1.060235,1.036743,1.023934,1.041241,1.090252,1.200173,1.173901,1.133028,1.07273,1.094263,1.048671,1.016668,1.018168,1.071453,1.126524,1.19839,1.143734,1.076091,1.08559,1.055007,1.047815,1.036293,1.034886,1.128679,1.110874,1.117152,1.167667,1.119398,1.062629,1.0785879999999999,1.066943,1.002058,1.063614,1.071063,1.087185,1.116255,1.104145,1.064525,1.050534,1.047366,1.046753,1.054049,1.035731,1.062319,1.033335,1.041859,1.075942,1.041493,1.073647,0.993655,0.962715,1.002092,1.041108,1.056762,0.992818
1973-08-31,0.947305,0.948524,0.9247799999999999,0.92574,0.942094,0.926777,0.931933,0.939883,0.943639,0.959425,0.94387,0.943913,0.947816,0.938046,0.924586,0.969748,0.956628,0.940209,0.940052,0.979523,0.988998,0.941279,0.929534,0.94922,0.953031,0.950224,0.948233,0.948335,0.955641,0.967763,0.996581,0.955842,0.903756,0.9325680000000001,0.969957,0.941246,0.958059,0.936893,0.94682,0.968367,1.002015,0.964807,0.985747,0.957079,0.962934,0.958027,0.948301,0.972667,0.969672,1.025832,0.980468,0.934046,0.934988,0.949996,0.977772,0.955979,0.989184,0.979323,0.992251,0.981107,0.986447,0.986524,0.991136,0.985056,0.982569,0.952026,0.998282,0.98229,1.010568,1.019845,0.962664,0.973866,1.001246,0.970248,0.984729,0.978687,0.971199,0.977992,0.972863,0.999167,1.011928,0.953387,0.971319,0.961325,0.988338,0.985804,0.995069,0.989833,1.003456,1.02546,0.957065,0.989511,0.972435,0.989172,0.961234,0.943479,0.96714,0.977633,1.007803,1.000435
1973-09-30,1.1363590000000001,1.123579,1.10321,1.110979,1.063916,1.073244,1.071378,1.050943,1.051392,1.059505,1.089688,1.13205,1.110825,1.130059,1.058985,1.086249,1.095627,1.111465,1.092932,1.110186,1.1261320000000001,1.157197,1.070024,1.099715,1.149646,1.121681,1.063836,1.074492,1.090581,1.088982,1.087318,1.086158,1.145251,1.135607,1.078508,1.105831,1.056728,1.082744,1.113562,1.114687,1.120019,1.08896,1.096537,1.095972,1.120485,1.078908,1.107776,1.064925,1.1383130000000001,1.089032,1.1059350000000001,1.134252,1.097968,1.100002,1.099307,1.106775,1.086244,1.094545,1.090023,1.100529,1.082197,1.140306,1.104689,1.116309,1.092516,1.13091,1.113759,1.093728,1.13511,1.073218,1.101577,1.082782,1.125862,1.124098,1.110854,1.113764,1.085505,1.10367,1.135967,1.096973,1.074783,1.065899,1.09859,1.117676,1.11051,1.105843,1.092307,1.037773,1.067104,1.087716,0.976562,1.070926,1.04614,1.081283,1.07474,1.085991,1.0857890000000001,1.0980240000000001,1.072333,1.123891
1973-10-31,0.984015,0.985758,1.010089,1.017855,1.020271,1.04253,1.01298,0.999592,1.010592,1.003956,0.942815,0.984845,1.000441,0.973648,0.970084,1.0183,0.975842,1.000836,1.007062,1.045638,0.999841,0.90269,0.931843,0.9487,1.004598,1.056308,1.014845,1.014414,1.006323,1.075112,0.975185,0.986006,0.968913,1.024555,1.018732,0.973867,1.016914,1.023389,0.958308,1.018928,0.936194,1.008417,0.997132,1.0054,1.032801,0.97978,0.968979,1.018409,0.976308,1.015318,0.953702,0.955237,1.021851,1.051788,1.018135,0.998981,1.005644,1.003266,1.049636,1.026606,0.9640340000000001,0.977209,0.9994,1.003518,0.98737,1.015404,0.991129,1.033899,1.047731,1.1623459999999999,0.986591,0.976196,0.973995,0.960261,1.032265,0.998494,1.000339,0.987127,0.946727,1.043433,0.949425,0.974951,0.988865,0.989214,0.986032,0.982123,1.010803,1.020659,0.998786,1.043429,1.011091,1.009675,0.972686,1.016841,1.010879,1.002673,0.965286,0.946287,1.020462,1.058739
1973-11-30,0.7460279999999999,0.761447,0.769093,0.7731169999999999,0.773653,0.802316,0.827623,0.8105450000000001,0.807948,0.824898,0.738246,0.74664,0.834692,0.810122,0.835485,0.850024,0.873876,0.832355,0.799396,0.840086,0.768427,0.7583770000000001,0.785043,0.806651,0.8201080000000001,0.78615,0.824695,0.875843,0.79245,0.914092,0.7556579999999999,0.786805,0.80759,0.804014,0.785729,0.814917,0.825044,0.838664,0.827841,0.845269,0.726748,0.790964,0.825815,0.860447,0.8107260000000001,0.832371,0.875562,0.8884259999999999,0.897661,0.8131120000000001,0.766429,0.802925,0.795433,0.803603,0.846804,0.841886,0.899267,0.85665,0.840468,0.825028,0.751653,0.786088,0.834086,0.814647,0.849744,0.870366,0.848512,0.883762,0.864237,0.773607,0.830166,0.8045329999999999,0.84023,0.816549,0.8543540000000001,0.869941,0.85979,0.892076,0.839725,0.874054,0.834298,0.870042,0.883928,0.928837,0.880801,0.8775040000000001,0.880543,0.8584080000000001,0.85919,1.051682,0.9047499999999999,0.863601,0.834374,0.9118310000000001,0.908974,0.871393,0.972737,0.906994,0.902828,0.916759
1973-12-31,0.959284,0.973357,0.940494,0.945529,0.960158,0.960279,0.936281,0.946183,0.94952,0.951113,0.955403,0.958039,0.954306,0.989215,0.957618,1.022578,0.966884,1.003295,0.949543,0.989805,1.01999,0.94287,0.964396,0.961036,0.982535,0.975959,0.949833,1.024164,0.99694,1.00086,1.022345,0.975545,0.968384,0.935443,1.005926,1.010286,0.997018,0.978072,1.015903,0.953298,0.99819,0.979159,0.973767,0.973508,1.027419,0.994724,0.994357,1.023448,0.968244,1.067512,0.960835,1.01406,1.007725,1.037368,0.997499,1.016634,1.006687,1.02395,1.025515,1.041465,1.013601,0.961246,0.975272,0.992401,1.030153,1.07036,1.032685,1.033016,1.036247,1.135537,0.995706,1.031064,1.054736,1.036926,1.099905,1.068887,1.015001,1.037781,1.069237,1.070575,0.995498,0.994136,0.995179,0.971077,1.025412,1.005744,1.04675,1.004323,1.084131,1.187831,0.972842,1.015782,1.003299,1.022516,1.074269,1.129021,1.0670250000000001,1.023228,1.083025,1.130765
1974-01-31,1.094451,1.118653,1.1681300000000001,1.163506,1.159055,1.156115,1.153728,1.137427,1.176451,1.19315,1.076946,1.122134,1.095641,1.12366,1.161974,1.109603,1.111223,1.106202,1.162399,1.20532,1.009375,1.122982,1.1414279999999999,1.102032,1.080754,1.126857,1.13733,1.091291,1.14911,1.122463,1.049268,1.03335,1.100787,1.083362,1.082815,1.101234,1.096552,1.096488,1.105941,1.168887,1.045881,1.048474,1.047268,1.003408,1.072655,1.106373,1.089654,1.089134,1.137985,1.101508,1.088029,1.017852,1.047309,1.072934,1.065001,1.095099,1.031259,1.082204,1.100284,1.1313010000000001,0.968674,1.011888,1.037712,1.051082,1.052786,1.013241,1.048258,1.108835,1.104366,1.088401,0.964552,0.979408,0.993032,1.061825,1.02887,1.02201,1.089615,1.081281,1.023176,1.062868,0.982605,0.994452,1.038159,1.05245,1.035755,1.040354,1.028884,1.082142,1.051935,0.924809,0.980284,0.979919,1.04647,0.951163,0.940242,0.963963,0.97671,1.053302,0.982962,1.033735
1974-02-28,1.010372,0.989801,0.979207,1.01187,1.001707,1.011844,1.001402,0.991442,1.021917,1.001265,0.996619,0.98531,0.998193,0.964009,0.993414,0.964577,1.02395,1.000981,1.029854,0.997575,1.073865,0.986825,0.978743,1.015309,1.009781,1.048709,1.007743,1.019938,1.013116,1.005659,0.950028,0.999739,1.05465,1.018651,0.993279,1.001046,1.01386,1.025967,1.081277,1.048693,0.983641,1.002611,1.020487,0.997974,0.984187,0.979498,1.013923,0.986089,1.051996,1.029808,0.972839,0.936059,0.983926,1.01177,1.034519,1.017601,1.003374,1.004574,1.012395,0.988021,0.960757,0.978384,0.999187,1.01022,1.005652,1.029322,1.03293,0.997337,1.051823,0.995476,0.959752,1.003166,1.022936,0.997106,1.046896,1.009569,1.01859,1.025027,1.037056,1.03727,0.970914,0.970853,0.979185,1.030663,1.009968,1.034918,1.016175,1.030812,1.044317,1.02128,0.983591,1.015378,1.014627,1.033291,0.986478,0.969431,1.043471,0.994137,1.034582,1.05314
1974-03-31,0.981583,1.012912,0.991298,1.014397,1.013271,1.016343,1.024405,1.025611,1.023054,1.025419,0.993032,1.017591,0.987435,0.962255,0.967219,1.003879,0.968781,1.020634,1.008404,1.022547,0.98745,0.978676,1.022872,0.991339,1.002195,0.957948,0.983432,0.959485,1.006024,1.026577,0.975288,0.99931,1.044918,0.979555,0.997195,0.97707,1.011481,1.006656,0.98457,1.00944,0.980367,0.979291,1.011212,1.002052,0.996534,0.996693,0.974939,0.98704,0.987431,0.974366,0.954915,1.024275,0.981731,0.982007,0.964068,0.950819,0.980167,0.987451,0.991343,1.017481,0.97065,0.98787,0.977534,0.981572,0.945509,0.942951,0.973692,0.969831,1.025149,1.000626,0.967471,0.976204,0.953797,0.947272,0.953208,0.960119,0.991535,0.960856,0.99391,0.949008,0.995194,0.984979,0.949278,0.94571,0.956341,0.968705,0.965101,0.977451,0.969677,0.94853,0.983508,0.991699,0.98243,0.950984,0.977769,0.986265,0.953916,0.990386,0.9412739999999999,0.952838
1974-04-30,0.963878,0.956311,0.927071,0.947549,0.944792,0.942193,0.943144,0.953351,0.963981,0.965594,0.95811,0.935338,0.9266179999999999,0.969196,0.964919,0.923929,0.939429,0.952133,0.969223,0.93706,0.842904,0.919611,0.95094,0.919569,0.942754,0.932091,0.962203,0.963848,0.94051,0.972469,0.944036,0.973401,0.94269,0.925969,0.936043,0.938074,0.96606,0.970802,0.981487,0.975834,0.939607,0.925575,0.955547,0.918011,0.948174,0.996132,0.924949,0.964551,0.970091,0.975096,1.001313,0.882744,0.926414,0.928525,0.972605,0.944686,0.940739,0.947792,0.966938,1.003372,0.939988,0.903578,0.921049,0.951891,0.937951,0.924967,0.918696,0.957116,0.988367,1.020414,0.938393,0.932863,0.931109,0.920909,0.942672,0.959123,0.922705,0.939329,0.947434,1.002949,0.95405,0.909555,0.94923,0.974536,0.92827,0.939306,0.920452,0.938553,0.948052,0.966272,0.972873,0.991697,0.965418,0.935102,0.954677,0.9563159999999999,0.931346,0.966962,0.897611,1.0052
1974-05-31,0.90191,0.915103,0.909072,0.936562,0.9269620000000001,0.929618,0.917546,0.935276,0.940137,0.93962,0.921017,0.930716,0.941949,0.918547,0.914516,0.900111,0.927974,0.935099,0.931968,0.927072,0.952561,0.926668,0.919063,0.93668,0.917874,0.914255,0.911624,0.917206,0.928199,0.890378,0.940449,0.918693,0.931083,0.892636,0.9140429999999999,0.9437,0.933256,0.935593,0.934335,0.940074,0.950393,0.912601,0.94398,0.882951,0.919584,0.930466,0.9324520000000001,0.931719,0.91969,0.935493,0.962203,0.879364,0.8865190000000001,0.9201,0.960443,0.902898,0.909009,0.9306490000000001,0.915263,0.885266,0.907317,0.935371,0.922662,0.945001,0.943197,0.920679,0.92599,0.908319,0.894577,0.840695,0.976597,0.922809,0.882822,0.923399,0.975259,0.938943,0.944408,0.954927,0.992438,0.904596,0.968301,0.936449,0.913613,0.9207110000000001,0.921123,0.931721,0.9079200000000001,0.951491,0.982164,0.925621,1.001758,0.972412,1.005808,0.955072,0.954193,0.938984,0.981324,0.964992,0.859642,0.938435
1974-06-30,0.954924,0.975841,0.955909,0.968218,0.967575,0.984565,0.962708,0.976619,0.977465,0.99081,0.952885,0.965321,1.003143,0.948132,0.986599,0.968532,0.978474,0.990795,0.981683,0.987571,0.951116,0.95181,0.943152,0.950794,0.980653,0.95204,0.969702,1.009049,0.980509,1.030197,0.959248,0.994953,0.965952,0.974556,0.943927,0.978044,0.983521,1.000952,0.971248,1.001359,0.945291,0.978344,0.999919,0.978045,0.99841,0.979709,0.966219,0.961498,0.983841,1.004468,0.939752,0.971008,0.951278,0.969435,0.9462,0.971543,0.94083,0.952423,0.972846,1.035057,0.967721,0.96897,0.963461,0.980132,0.951991,0.97255,0.942215,0.959786,0.986356,0.986316,0.969938,0.961669,0.968063,0.951909,0.990068,0.986312,0.93755,0.950621,0.9096770000000001,0.977399,0.987375,0.964515,0.973955,0.989583,0.984685,0.955754,0.951381,0.943032,0.990769,1.00575,0.986423,0.983831,0.9389149999999999,0.997979,0.97825,1.003875,0.99821,0.95799,1.02267,1.044277
1974-07-31,0.898953,0.929176,0.944232,0.934606,0.943782,0.96373,0.951915,0.952304,0.943917,0.959994,0.912508,0.91785,0.939854,0.960834,0.933543,0.95083,0.96876,0.947293,0.976914,0.967722,0.916794,0.9288879999999999,0.965108,0.97215,0.973629,0.948978,0.950778,0.944842,0.955359,0.977691,0.89741,0.93401,0.924058,0.966755,0.947042,0.960191,0.948822,1.015129,0.979877,0.980534,0.901832,0.976201,0.941128,0.9562,0.951881,0.974162,0.955905,0.957242,0.995913,1.05376,0.910946,0.948233,0.983943,1.025763,0.992439,0.978437,0.971347,0.983413,0.985813,1.035933,0.926948,0.9239189999999999,0.930228,0.93152,0.965698,0.977363,1.030076,0.963328,1.0145710000000001,0.986212,0.909812,0.908216,0.958133,0.938469,0.984269,0.979107,0.966693,1.027289,0.984551,0.946237,0.89318,0.906218,0.926002,0.976537,0.974117,0.997203,0.953244,0.969365,0.994938,1.023633,0.878371,0.936411,0.992741,0.920302,0.950301,1.024994,0.957143,0.9565939999999999,0.917072,0.935484
1974-08-31,0.915833,0.89505,0.911043,0.93792,0.920314,0.92336,0.930816,0.92387,0.928705,0.923388,0.921444,0.904966,0.902549,0.908648,0.92534,0.929821,0.926073,0.913336,0.931575,0.950846,0.922874,0.908784,0.919872,0.906859,0.9017,0.933684,0.919929,0.909083,0.905755,0.982201,0.874235,0.9060509999999999,0.8727389999999999,0.853295,0.942309,0.974434,0.928229,0.935927,0.936043,0.980502,0.881596,0.942647,0.88607,0.885127,0.928588,0.93089,0.896334,0.898781,0.891879,0.933863,0.906443,0.85513,0.885437,0.923188,0.926103,0.951699,0.924248,0.972678,0.962458,0.937249,0.883685,0.893852,0.894594,0.949224,0.902294,0.911933,0.918759,0.932397,0.8993329999999999,0.843848,0.886909,0.867535,0.925451,0.890332,0.926838,0.909837,0.94523,0.949534,0.974419,0.958281,0.860438,0.904684,0.889973,0.889834,0.900716,0.920494,0.923961,0.915009,0.880085,0.946674,0.905898,0.887404,0.905373,0.965917,0.972331,0.9157919999999999,0.92027,0.9223129999999999,0.914761,0.918008
1974-09-30,0.897313,0.893567,0.889142,0.92249,0.94813,0.924578,0.921782,0.928286,0.9219809999999999,0.918659,0.829922,0.8706780000000001,0.917556,0.930599,0.933037,0.920791,0.918701,0.968172,0.9021129999999999,0.892124,0.812654,0.880968,0.908372,0.937418,0.913946,0.914782,0.933523,0.908018,0.96426,0.910069,0.892368,0.907203,0.899469,0.960934,0.901275,0.948731,0.911807,0.942548,0.92514,0.891746,0.789308,0.891832,0.937314,0.927275,0.9091629999999999,0.94149,0.960392,0.924837,0.936537,0.957673,0.853495,0.9149309999999999,0.909755,0.900872,0.940039,0.932603,0.948568,0.965002,0.927343,0.9316720000000001,0.898982,0.865383,0.9131549999999999,0.917072,0.955155,0.9301280000000001,0.984549,0.9187529999999999,0.901998,0.862685,0.873078,0.901012,0.951355,0.932769,0.956032,0.94388,0.953821,0.930099,0.969937,0.889175,0.860814,0.917935,0.918303,0.937605,0.954615,0.940005,0.97948,0.916041,0.950219,0.947756,0.82882,0.915312,0.886332,0.905185,0.947058,0.995694,0.958289,0.927098,0.924206,0.932692
1974-10-31,1.188218,1.101166,1.094476,1.036216,1.092904,1.049103,1.0783179999999999,1.05624,1.067022,1.093228,1.1922329999999999,1.178873,1.111254,1.058639,1.083387,1.071823,1.114606,1.072717,1.115198,1.092336,1.177807,1.1887,1.148314,1.058163,1.058852,1.084175,1.1023,1.064336,1.069819,1.077786,1.1687699999999999,1.14019,1.089558,1.133569,1.08036,1.05015,1.088811,1.069984,1.05557,1.069454,1.1531150000000001,1.167017,1.115955,1.083357,1.083496,1.053671,1.091183,1.103132,1.102082,1.096896,1.260685,1.153568,1.138251,1.091654,1.075572,1.085403,1.092182,1.057027,1.117734,1.08342,1.25203,1.186809,1.098106,1.159766,1.126981,1.136778,1.072524,1.135944,1.027002,1.196386,1.256166,1.137601,1.114014,1.154433,1.104205,1.105992,1.088387,1.104739,1.077551,1.119845,1.253945,1.226181,1.169518,1.195543,1.158235,1.163942,1.113728,1.124236,1.1542430000000001,1.191615,1.224514,1.204978,1.193126,1.048374,1.135167,1.040826,1.09609,1.08289,0.944082,0.835052
1974-11-30,0.9320390000000001,0.950999,0.931486,0.938732,0.949433,0.934712,0.954915,0.935849,0.934685,0.921,0.945668,0.927758,0.942352,0.964072,0.931916,0.98212,0.966889,0.9344,0.952124,0.918987,0.944771,0.969531,0.939788,0.976752,0.971684,0.977203,0.947848,0.955404,0.9083060000000001,0.968073,0.947656,0.961019,0.954994,0.9708,0.936471,0.960389,0.953536,0.937071,0.947039,0.907638,0.910436,0.990061,0.955266,0.939666,0.955904,0.955693,0.976634,1.012527,0.989385,0.961961,0.966813,0.938747,0.965679,0.976248,0.984476,0.987674,0.94897,0.9308,0.985294,0.974185,0.966764,0.953861,0.969079,0.987652,0.977215,0.998953,0.945142,0.968756,0.90474,0.88864,0.977896,0.998915,1.000983,1.012843,0.972547,0.992589,0.970607,0.948802,1.018686,0.899639,0.958973,0.987008,1.004652,0.971551,0.967379,0.99435,0.993765,0.97442,0.973342,1.00582,0.949825,0.961087,0.971147,0.947855,0.945678,1.024072,0.961121,0.963463,0.957797,0.805345
1974-12-31,0.91571,0.928805,0.898814,0.931539,0.905747,0.932443,0.915772,0.916867,0.904695,0.902469,0.9328190000000001,0.936652,0.895797,0.942689,0.937715,0.930018,0.946421,0.930191,0.92548,0.92537,0.94002,0.927514,0.971609,0.917958,0.921527,0.961139,0.929168,0.897721,0.945426,0.915664,1.012841,0.905446,0.899239,0.963896,0.939791,0.962156,0.948365,0.942084,0.967407,0.938277,0.893121,0.939728,0.930096,0.986437,0.952215,0.958205,0.957705,0.921693,0.923289,0.955189,0.968825,0.947797,0.968641,0.954532,0.950644,0.985087,0.949563,0.960066,0.95213,0.879485,0.939151,0.9181509999999999,0.950336,0.994227,0.95131,0.949463,0.966376,0.931269,0.896497,0.926762,0.976486,0.959093,0.968143,0.974899,0.9569,0.97577,0.98929,1.005691,0.95389,0.850216,0.96331,0.99329,0.984448,1.002371,0.980571,0.990372,1.020895,0.984455,0.996352,0.981441,0.955308,0.975682,1.009037,1.004435,1.026097,0.980165,0.953986,0.973987,1.05549,0.920635
1975-01-31,1.253935,1.195254,1.280378,1.28271,1.267791,1.289418,1.305387,1.281097,1.3058,1.3473950000000001,1.300384,1.255302,1.3676080000000002,1.300918,1.269838,1.298259,1.279922,1.247257,1.324195,1.3644720000000001,1.199227,1.233584,1.212903,1.303655,1.273455,1.243596,1.251878,1.338304,1.284066,1.326435,1.182574,1.226489,1.283253,1.2790810000000001,1.3034189999999999,1.2480959999999999,1.259022,1.248605,1.289242,1.296744,1.297603,1.210124,1.263531,1.259239,1.260469,1.22832,1.256523,1.275993,1.311882,1.32014,1.097837,1.2191049999999999,1.25776,1.218116,1.220852,1.162463,1.217901,1.219124,1.25563,1.303909,1.122462,1.2298580000000001,1.244871,1.229301,1.225108,1.235773,1.253114,1.283374,1.329804,1.439856,1.0826500000000001,1.250327,1.153125,1.208246,1.267077,1.221991,1.208658,1.245118,1.217165,1.243945,1.141969,1.094022,1.1555900000000001,1.144499,1.220043,1.149915,1.19654,1.165848,1.156726,1.126853,1.099886,1.057678,1.115856,1.1687699999999999,1.127968,1.118111,1.22077,1.2210670000000001,1.119433,1.586207
1975-02-28,1.080298,1.059038,1.065522,1.037226,1.036904,1.043127,1.045319,1.032081,1.026359,1.04412,1.07497,1.091883,1.072212,1.039375,1.009961,1.036022,1.040773,1.019912,1.079222,1.07816,1.162932,1.106991,1.061939,1.088203,1.029733,1.024614,1.017587,1.061204,1.000843,1.036523,1.100235,1.022045,1.076506,1.035516,1.015429,0.995446,1.024788,1.05162,0.978524,1.078208,1.070887,1.052876,1.02452,1.0269759999999999,1.028041,1.030494,1.037522,1.061502,1.01733,0.997423,1.093295,1.071827,1.011552,1.071838,1.035664,1.034494,1.054789,1.032096,1.076579,1.076238,1.110087,1.010609,1.026498,1.001824,1.024787,1.03866,1.028592,1.048909,0.951991,1.091393,1.085124,1.037326,1.025806,1.042256,1.012925,1.004804,1.014136,1.030629,1.023018,1.0789,1.09359,1.071294,1.024632,1.014369,1.020794,1.021138,1.029678,1.052166,1.044912,0.993306,1.115728,1.03449,1.036956,1.018394,1.043976,1.028855,0.978208,1.014464,0.937373,0.891304
1975-03-31,1.064893,1.114353,1.10911,1.111278,1.090425,1.09118,1.088429,1.088602,1.088806,1.107736,1.080731,1.097041,1.095303,1.110971,1.074142,1.094642,1.055075,1.081962,1.1050200000000001,1.079239,1.025133,1.042693,1.110757,1.033847,1.082725,1.05267,1.060414,1.080723,1.08031,1.0742099999999999,1.150263,1.068224,1.089268,1.041853,1.086871,1.055311,1.054768,1.042658,1.082242,1.104185,1.069777,1.035627,1.076659,1.086073,1.07884,1.023072,1.062464,1.057783,1.102414,1.019304,1.028678,1.098591,1.0772680000000001,1.024568,1.031587,1.042696,1.075291,1.080194,1.067704,0.988861,1.069709,1.073458,1.076292,1.080698,1.017316,1.088687,1.024491,1.061507,1.138704,0.90944,1.057669,1.045752,1.042715,1.06016,1.0433,1.061211,1.028383,1.080087,1.047821,1.068298,1.057156,1.037351,1.025419,1.003192,1.027982,1.019405,1.017673,1.045714,1.033046,1.050624,1.02922,1.007818,1.013179,1.0275859999999999,0.979047,0.965952,1.074053,1.148522,1.085028,1.02439
1975-04-30,1.101423,1.045966,1.084868,1.036892,1.050249,1.012832,1.051817,1.027863,1.03135,1.025548,1.080831,1.063946,1.106815,1.035885,1.040854,1.068125,1.019697,0.996628,1.066662,0.991156,1.092087,1.073552,1.03717,1.029381,1.012197,1.080553,1.032094,0.989436,1.021632,1.004395,1.0381879999999999,1.045147,1.055088,1.027564,1.004335,1.011292,0.981271,1.059702,1.057028,1.07359,1.060439,1.106155,1.03904,1.013887,1.051019,1.057428,1.012687,1.059716,1.01754,1.032196,1.074673,1.009544,1.075141,1.056159,1.043828,1.060808,1.019409,1.074195,1.027053,1.064808,1.085352,1.062552,1.021184,1.051184,1.036662,1.031033,1.03345,1.026039,1.035079,1.0973600000000001,1.087151,1.038596,1.046037,1.018391,1.010456,1.037761,1.001079,1.122712,1.084383,1.04696,1.051667,1.048021,1.041341,1.008761,1.033969,1.032668,1.011,1.06613,1.1477330000000001,1.12029,1.045676,1.105642,1.062761,1.037431,1.006793,0.94559,1.077359,1.090337,0.992066,0.964286
1975-05-31,1.060101,1.102821,1.120304,1.109135,1.063865,1.075314,1.109514,1.077704,1.082616,1.078645,1.161835,1.130121,1.15788,1.068978,1.070076,1.119513,1.048944,1.065821,1.070867,1.022531,1.137122,1.1256439999999999,1.087659,1.052553,1.123893,1.076588,1.088847,1.080326,1.108279,1.001549,1.136649,1.099783,1.07606,1.106843,1.051691,1.0334,1.069434,1.078164,1.051639,1.122408,1.0716269999999999,1.089916,1.087893,1.037459,1.041905,1.052172,1.0655000000000001,1.1464509999999999,0.998822,1.004833,1.02763,1.041902,1.110311,1.074415,1.044528,1.034233,1.080763,1.054258,1.012985,1.035685,1.088263,1.080582,1.03441,1.095439,1.046168,1.045435,1.094827,1.062018,1.174896,1.1217489999999999,1.061415,1.08902,1.045631,1.056579,1.070376,1.050202,1.051999,0.990825,1.028885,0.944795,1.033989,1.065792,1.087946,1.084282,1.039638,1.029732,1.0315,1.010852,0.978182,1.045785,1.046152,1.063071,1.083054,1.089773,1.048347,1.071494,0.988352,0.939148,0.999748,1.08642
1975-06-30,1.067295,1.066762,1.075787,1.114627,1.079515,1.062873,1.083125,1.088808,1.089021,1.083466,1.066112,1.030511,1.047272,1.057673,1.089976,1.071696,1.099545,1.090763,1.057019,1.094349,1.099541,1.085106,1.0954,1.085733,1.053188,1.085665,1.07442,1.092765,1.037445,1.016763,1.102895,1.095651,1.043914,1.059523,1.075247,1.068951,1.080482,1.087722,1.060104,1.002584,1.078053,1.036485,1.062331,1.068385,1.073183,1.075175,1.054383,1.022801,1.04131,1.039524,1.04396,1.074629,1.023083,1.066266,1.060015,1.057366,1.042753,1.093182,1.039429,1.074152,1.032138,1.064829,1.069367,1.045787,1.04983,1.102539,1.0973060000000001,1.047649,1.128835,1.026676,1.05254,1.061032,1.089409,1.091006,1.07035,1.080338,1.11443,1.137907,1.115468,1.032754,1.061978,1.08308,1.070668,1.051029,1.114598,1.046496,1.069793,1.05657,1.027964,1.022802,1.02412,1.057022,1.068675,1.080254,1.038291,1.045484,1.087538,1.062354,1.113029,1.125
1976-07-31,0.995587,0.993634,0.978987,0.994825,0.997724,1.0068,0.991611,0.993784,1.006053,1.003988,0.973758,0.997734,0.970596,0.975733,0.997464,1.024945,1.018897,0.989496,1.024778,1.020505,0.9686980000000001,0.995802,1.017226,0.996911,1.001391,1.037544,0.999553,1.017647,1.017052,1.012132,0.981449,1.006793,1.006129,0.97924,1.019246,1.038484,1.011924,0.990376,1.022952,1.003019,0.977805,0.964197,1.002651,1.010219,1.012396,1.011098,1.004087,1.010392,1.025453,0.974613,0.992281,0.998085,0.968543,1.004604,0.989869,1.009899,1.009015,0.995521,0.975469,1.014541,0.992863,0.977639,0.999898,1.015059,1.000183,1.020292,0.99376,1.023592,1.02193,1.002724,0.979494,0.989982,1.009042,0.999369,1.006176,0.989809,1.009021,1.028729,1.029488,0.994019,0.968507,0.979963,1.035727,0.993938,0.986918,0.993472,1.013569,0.990944,0.996992,1.010734,0.987253,0.97793,0.99718,1.004982,1.016201,0.983496,0.997259,0.959244,1.034965,1.161074
1976-08-31,0.958894,0.953502,0.980113,0.969023,0.996268,0.975701,0.976939,0.969696,0.979173,0.972401,0.953197,0.959422,0.990107,0.993941,1.007815,0.974785,1.001432,1.00047,0.992981,0.999033,0.9254290000000001,0.957211,0.96426,0.986699,0.975123,0.976535,0.977033,0.998768,1.003375,0.947289,0.944806,0.983081,0.98661,0.987798,0.981885,0.970647,0.971166,0.999969,0.992284,0.993768,0.943564,0.979934,0.972183,0.993943,0.991544,1.013045,0.993921,0.993701,0.986408,0.963902,0.985377,0.966515,0.978087,0.996785,0.997694,0.975566,0.996101,1.01353,0.960496,0.91781,0.981204,0.969554,0.997295,1.006491,1.003444,0.991251,0.99024,1.02304,1.039255,1.035087,0.982928,0.959013,0.999889,1.008556,1.041728,1.009316,1.0014,0.96224,0.944003,1.001577,0.97945,0.984382,0.997577,1.004156,1.014627,1.027675,0.99339,0.983207,1.024704,0.994926,1.001709,0.991158,1.00519,1.004715,1.031489,0.986824,1.008891,0.982561,1.056442,0.960223
1976-09-30,0.995315,1.006683,1.023266,1.012734,1.004436,0.999051,1.031185,1.013618,1.01549,1.02057,1.064068,1.029794,1.031803,1.013156,1.034183,1.015586,1.027609,1.027532,1.026319,1.028882,0.994537,1.068535,1.033137,1.030551,1.027664,1.018133,1.043009,1.043186,1.012986,1.016279,1.0306,1.073885,1.052621,1.049821,1.037964,1.027399,1.018395,1.031133,1.021141,1.031357,1.020583,1.049201,1.031034,1.026235,1.037804,1.016249,1.017234,1.031303,1.013996,1.018369,1.021677,1.055793,1.038803,1.016884,1.03508,1.014746,1.028049,1.034975,1.049437,0.963998,1.001622,1.030025,1.026343,1.029877,1.032022,1.002284,1.032692,1.03457,1.026196,1.015985,1.027554,1.023912,1.019564,1.019617,1.051154,1.023452,1.005629,1.059517,1.004619,1.000921,1.012242,1.031728,1.014512,1.039131,1.025906,1.039339,1.021176,1.032373,0.994514,0.994907,1.015348,1.016863,1.048821,1.048937,1.025079,1.054627,1.034805,1.065068,1.019608,0.963636
1976-10-31,0.988311,0.983347,0.972668,0.991111,0.98473,0.972693,0.974667,0.978115,0.979127,0.971291,0.944836,0.974087,0.998688,0.970474,0.982784,0.992894,0.989519,1.003738,0.978054,0.968636,0.961025,0.960041,0.951088,0.965313,0.958603,0.973799,0.989483,0.982019,0.992123,0.988939,0.965224,0.988298,0.972788,0.96675,0.991426,0.97815,0.996315,0.975996,0.98492,0.990582,0.960006,0.971423,0.984687,0.988533,0.984439,1.009646,0.99365,0.983805,0.969232,0.943772,0.958853,0.976961,1.024333,0.991569,0.981808,0.977066,0.993571,0.986935,0.979188,0.955693,0.959571,0.97536,0.958278,0.988828,0.984202,0.977238,0.989174,0.971876,0.975234,0.998783,0.981299,0.985809,1.001706,0.987573,0.988177,1.007678,0.98951,0.976398,1.004168,0.912262,0.958715,0.981296,0.980615,0.969127,0.98613,0.976523,0.951198,0.977591,0.969441,0.929292,0.974376,0.985895,0.971814,0.987606,1.002582,0.980135,1.000634,0.949485,0.974359,0.981132
1976-11-30,1.036604,1.043521,1.013257,1.020986,0.998016,1.017747,1.032734,1.015584,1.027655,1.014753,1.077934,1.068642,1.040387,1.065474,1.046331,1.021088,1.016852,1.026814,1.055083,1.067125,0.979321,1.065171,1.040494,1.036457,1.068682,1.046901,1.04248,1.011506,1.071189,1.028416,1.033271,1.030524,1.030041,1.03406,1.017279,1.014303,1.043266,1.066344,1.056561,1.018397,1.038476,1.03558,1.037096,1.026277,1.022,1.049656,1.05069,1.039798,1.049047,1.055111,1.04451,1.026425,1.034623,1.038758,1.032299,1.030159,1.039353,1.042139,1.092182,1.093012,1.014281,1.03677,1.036934,1.058635,1.046561,1.039855,1.022346,1.041664,0.997127,1.036542,1.066284,1.039115,1.025319,1.024361,1.020835,1.03661,1.016571,1.028596,1.002637,1.049775,1.008967,0.992428,1.016452,1.036032,1.023177,1.0385,1.037834,0.997004,1.056094,1.079133,0.97275,1.008891,0.990143,1.004474,1.027471,0.994623,1.039168,0.968745,1.048211,0.923763
1976-12-31,1.142032,1.114662,1.109216,1.095363,1.117983,1.094215,1.11191,1.126137,1.088775,1.111897,1.070621,1.101074,1.069862,1.099727,1.101509,1.078107,1.084962,1.099836,1.078172,1.12471,1.106653,1.111825,1.090437,1.104691,1.087351,1.089554,1.085579,1.1279620000000001,1.155462,1.118122,1.078768,1.086138,1.117004,1.055435,1.076605,1.107911,1.076117,1.090102,1.088265,1.120625,1.058313,1.095047,1.104733,1.131977,1.07615,1.076951,1.108959,1.077963,1.067476,1.138292,1.033421,1.060495,1.081411,1.077564,1.092063,1.097426,1.073571,1.077839,1.086194,1.055242,1.087542,1.071559,1.082306,1.063569,1.065275,1.088293,1.110148,1.048086,1.100432,1.076433,1.045505,1.058486,1.054889,1.082989,1.069244,1.076463,1.112273,1.096374,1.086107,1.110542,1.052187,1.067879,1.098651,1.052776,1.085315,1.06084,1.070838,1.081081,1.070918,1.026073,1.030942,1.053002,1.065303,1.099711,1.043688,1.069576,1.047402,1.119585,1.076923,1.13986
1977-01-31,1.050209,1.047743,1.050443,1.073995,1.053239,1.028656,1.04681,1.033915,1.052118,1.069759,1.006626,1.010259,1.030602,1.006431,0.989056,1.038677,1.049433,1.050064,1.02859,1.075793,0.975532,0.995537,1.060321,1.064417,1.002379,0.977904,1.031312,1.03931,1.011857,1.021985,0.992837,1.013426,0.998668,0.995263,1.036868,0.995671,1.027361,1.001339,1.028651,1.070419,0.982716,0.996109,0.990672,1.021452,1.013403,1.021972,1.015595,1.011205,1.008205,0.97247,0.930786,1.045356,1.004626,0.979014,0.998981,1.010486,0.992596,1.017782,1.007236,1.027473,0.93022,0.981076,0.990416,0.941672,0.9844,1.003865,1.031415,0.987409,0.993132,1.041402,0.959058,0.954349,0.954319,0.996938,0.96559,0.950703,0.99002,0.998211,1.060847,0.986539,0.917627,0.923947,0.987587,0.974632,0.974554,1.000271,0.943371,0.972736,0.971077,1.023653,0.914755,0.941025,0.967561,0.9449,0.989737,0.997858,1.022283,0.988201,1.089286,1.01227
1977-02-28,1.021905,1.003559,0.99277,1.005021,0.993479,0.996048,0.98772,1.001194,1.003066,1.005424,0.97223,0.982196,1.010776,0.982224,0.996084,1.005892,1.008053,0.990087,1.011835,0.981619,0.973548,0.986154,0.982632,0.968234,0.997078,0.979139,1.004692,0.991998,1.014154,0.984903,0.980483,0.985543,1.015465,0.982034,1.000009,1.008663,0.974208,1.01761,0.970434,0.973108,0.963472,0.985794,0.998083,0.98754,0.977047,0.970397,0.995122,1.020066,1.002389,0.965122,0.953238,0.941064,0.998107,0.978376,0.978047,0.979922,0.978945,1.01309,0.990931,0.892954,0.966833,0.972499,0.974731,1.018295,0.97525,0.980867,1.027373,0.990328,0.96559,0.96205,0.969902,0.969646,0.97282,0.981063,0.985877,0.974138,0.961807,0.983857,0.976919,1.007565,0.967115,0.999582,0.951671,0.97405,0.974363,0.982677,0.967075,1.004219,0.987505,1.006584,0.989501,0.986479,0.971693,0.956837,1.002515,0.985329,0.985642,0.958238,0.995167,0.970479
1977-03-31,1.001973,1.031206,1.008526,0.984601,1.007814,1.007719,1.017045,1.014386,1.024284,1.002295,0.99401,0.979283,0.992827,1.023002,1.015232,1.012877,1.010128,1.024177,0.993522,1.028522,0.97045,0.99689,0.996022,1.006778,1.010206,1.016821,0.994682,0.998133,0.975659,1.040373,1.03244,1.002052,0.952613,1.021157,1.029961,1.010373,0.999794,0.998412,1.009719,0.941223,1.013469,1.033409,1.001797,1.014051,1.004095,0.993866,0.989194,0.991402,1.000191,0.965918,0.979903,0.991284,1.032711,1.005035,0.998336,0.994199,1.017826,0.998211,1.047163,1.01022,0.96945,0.993903,1.001098,1.012783,1.013897,0.993964,1.007422,1.002661,1.023911,1.046955,0.984528,0.973232,0.995381,1.004871,0.993727,1.0494,1.029771,0.999012,1.074552,1.059532,0.992595,1.004773,0.983878,1.000046,0.997624,1.004062,1.008611,1.007636,1.035107,0.993982,0.982171,0.97813,0.975954,0.985384,0.98178,0.98541,0.996098,0.96674,0.994382,0.91195
1977-04-30,1.027658,1.021246,1.001588,0.99836,1.008381,1.002331,1.020415,1.038063,1.026482,1.020869,1.012769,0.985449,1.012267,1.000975,1.0284200000000001,1.021891,0.993095,1.025366,1.032163,1.031398,0.999689,1.014611,1.036189,1.01158,1.016435,1.019419,1.035957,1.003101,1.022669,1.040389,1.042045,0.987421,1.011786,1.008438,1.012203,1.010303,1.020131,1.021719,1.01821,1.029041,0.990405,1.017758,1.005155,0.980828,1.020097,1.006469,1.030478,1.020814,1.019633,1.019243,0.994564,1.01865,1.022034,1.016141,1.025117,1.023831,1.003376,1.04506,1.046188,1.010824,0.978627,1.003396,1.021178,1.032195,1.027374,1.031314,1.015446,1.018021,1.01003,1.045766,0.994053,0.993466,1.007887,1.029383,1.034068,1.012626,1.019089,1.036524,1.062508,1.000152,0.999516,1.015676,1.025718,1.026533,1.012371,1.001401,1.049463,1.037702,1.096074,1.045422,0.964506,1.003315,1.017562,1.029117,1.019214,1.008156,1.008742,1.06419,1.022599,0.993103
1977-05-31,0.974247,1.00177,0.988444,0.999134,1.005234,0.999573,1.004422,0.999656,1.014541,1.017568,0.923604,1.030879,0.99815,0.993587,0.99932,1.011922,1.011474,0.999021,0.994924,1.020719,0.953286,1.025959,0.990149,0.99263,0.997878,1.007385,1.006132,0.989269,1.030853,0.97383,1.02573,1.007602,0.977274,1.005136,0.989472,0.997085,1.003052,1.021456,0.986858,0.937811,0.982155,0.979721,1.003378,0.9871,1.006154,1.031282,0.990509,1.030576,0.997685,1.018428,1.002635,0.9988,1.006334,1.001771,1.002852,0.995365,1.001641,0.994879,0.991561,1.033088,0.980554,1.004174,0.999703,0.984919,1.008639,0.989166,1.002933,0.973406,0.981318,1.029885,1.001711,0.987654,0.981502,0.993655,1.012297,0.978357,0.989813,0.987124,0.983245,0.954662,1.000366,0.987465,1.003697,0.989179,1.009391,1.007112,1.002513,1.010254,0.960132,0.986899,0.970193,0.975681,0.990821,0.988243,1.014447,0.980538,0.969785,0.970205,0.999876,0.9369000000000001
1977-06-30,1.038024,1.079213,1.053396,1.083574,1.072921,1.076763,1.042036,1.054661,1.068921,1.074648,1.05967,1.055767,1.058192,1.064331,1.090774,1.059097,1.063627,1.064738,1.076965,1.081809,1.060191,1.083184,1.0805690000000001,1.048791,1.067718,1.049813,1.046557,1.046517,1.050987,1.095723,1.0790980000000001,1.102656,1.064159,1.069086,1.085002,1.054397,1.037648,1.079047,1.090941,1.099123,1.092862,1.098708,1.053574,1.082498,1.064286,1.09218,1.040297,1.053449,1.056249,1.05663,1.088456,1.082025,1.068737,1.048077,1.053817,1.049294,1.043794,1.053371,1.027042,1.095849,1.059995,1.049381,1.021425,1.06075,1.04929,1.051912,1.048331,1.059444,1.070288,1.05599,1.078124,1.062184,1.055118,1.054025,1.04862,1.047837,1.039736,1.051352,1.050604,1.102059,1.06214,1.030619,1.055125,1.036008,1.025992,1.053741,1.050537,1.060152,1.000189,1.02077,1.068854,1.041755,1.038784,1.0367709999999999,1.017116,1.052574,1.053786,1.04793,1.101695,0.992481
1978-07-31,1.041509,1.089555,1.06254,1.063448,1.057531,1.055889,1.040435,1.055431,1.05489,1.049021,1.062914,1.081161,1.086038,1.048848,1.060199,1.060705,1.04701,1.039671,1.052574,1.026732,1.068403,1.080646,1.048765,1.038995,1.033714,1.063147,1.060585,1.049364,1.034587,1.102561,1.109116,1.048999,1.055111,1.072365,1.083865,1.049904,1.043854,1.051445,1.102988,1.088478,1.084009,1.057072,1.061559,1.07549,1.060452,1.012203,1.033363,1.073437,1.032665,1.107987,1.044928,1.069298,1.056196,1.029326,1.03746,1.077167,1.028987,1.041817,1.054531,1.019542,1.043315,1.05867,1.082985,1.024659,1.026734,1.09632,1.063728,1.044035,1.101429,1.161211,1.072339,1.068025,1.061946,1.063483,1.063594,1.073415,1.061834,1.06436,1.076865,1.094591,1.065735,1.049192,1.055468,1.020595,1.051063,1.048041,1.051416,1.066563,1.042323,1.096928,1.077297,1.081616,1.052029,1.051578,1.052514,1.039128,1.009904,1.049265,1.019044,1.100474
1978-08-31,1.126967,1.119575,1.101017,1.114203,1.096333,1.122638,1.084112,1.091542,1.106366,1.108383,1.068635,1.060722,1.097455,1.067632,1.048526,1.056966,1.056054,1.077313,1.092434,1.100849,1.119397,1.090272,1.082773,1.109138,1.102229,1.036692,1.101788,1.045507,1.065342,1.096477,1.089369,1.071672,1.04491,1.074458,1.141289,1.101178,1.0626,1.068174,1.099847,1.108778,1.06082,1.07674,1.05806,1.116066,1.095471,1.099037,1.047138,1.043468,1.071699,1.099868,1.095775,1.077569,1.112509,1.111379,1.056372,1.054957,1.041192,1.070715,1.093485,1.091369,1.064951,1.052876,1.050758,1.049413,1.062588,1.019746,1.087913,1.061651,1.032778,1.021312,1.109308,1.050519,1.071796,1.073033,1.020341,1.0857809999999999,1.020183,1.021263,1.040328,1.012598,1.032335,1.044085,1.024002,1.052248,1.031493,1.038285,1.064125,1.041047,1.017661,1.014821,1.027165,1.018908,1.031451,1.032388,1.053641,1.05082,1.033766,1.009053,0.998601,0.912664
1978-09-30,1.008274,0.996582,0.992622,1.01454,0.980248,0.971259,1.008342,0.99486,1.008216,1.009177,0.969391,0.97972,0.994115,1.016081,0.980602,0.991084,1.01097,0.988594,0.962255,1.00661,0.978395,1.012835,0.974376,1.000949,0.966891,0.977062,1.012116,0.999656,0.987567,0.944164,0.974935,0.989692,0.964539,0.987017,0.971279,0.993827,1.008209,1.008256,0.993716,0.992666,0.970681,0.969653,0.982979,0.950882,0.992553,0.990783,1.007296,0.999235,0.983909,0.97494,0.953549,0.962691,0.986553,0.953173,0.981691,0.976268,0.989125,0.990099,1.001586,1.009665,0.988445,0.986034,0.970181,0.974098,0.988826,0.977606,0.992859,0.98059,1.004304,0.96296,0.9377759999999999,0.975027,0.971938,0.989815,1.026277,1.006302,1.009486,1.001628,0.983022,0.997299,0.979577,1.008288,0.998357,0.976715,1.013863,0.977915,0.985078,0.972836,1.007826,0.993891,0.962476,0.966441,1.009023,1.003425,1.021631,1.032476,1.02194,1.007474,1.017608,1.009569
1978-10-31,0.744625,0.740532,0.756452,0.781568,0.801021,0.76968,0.81972,0.802945,0.780206,0.7736959999999999,0.686725,0.766023,0.746683,0.7807310000000001,0.780233,0.779377,0.801117,0.833233,0.853422,0.7896259999999999,0.723238,0.738593,0.813733,0.8105450000000001,0.824989,0.765688,0.826834,0.864713,0.838825,0.768564,0.7455499999999999,0.7888580000000001,0.777187,0.821293,0.853859,0.815492,0.839715,0.857326,0.84487,0.75171,0.777188,0.830436,0.835048,0.814748,0.82919,0.847361,0.826682,0.843137,0.822142,0.778808,0.829258,0.817287,0.81032,0.796261,0.872015,0.883678,0.89758,0.862997,0.792626,0.808385,0.838215,0.826514,0.890356,0.856154,0.842551,0.892347,0.835326,0.891327,0.880923,0.7696259999999999,0.852229,0.857618,0.8633770000000001,0.863745,0.883805,0.827118,0.888456,0.890139,0.8611340000000001,0.862603,0.878974,0.857681,0.871516,0.905378,0.890631,0.9111,0.884855,0.88635,0.875688,0.849602,0.936123,0.902787,0.920511,0.908992,0.916962,0.925445,0.946932,0.918397,0.894446,0.886256
1978-11-30,1.079062,1.064418,1.052957,1.075259,1.065019,1.070565,1.035611,1.046442,1.047469,1.040121,1.124387,1.075091,1.119318,1.06613,1.050561,1.092473,1.020747,1.061591,1.040192,1.055946,1.151751,1.11722,1.051073,1.042616,1.018131,1.052068,1.032142,1.015047,1.042241,1.101305,1.117456,1.076739,1.072467,1.051631,1.031019,1.064589,1.039252,1.030826,1.039974,1.062092,1.089521,1.049096,1.09043,1.059434,1.047834,1.057111,1.050672,1.040192,1.035644,1.050191,1.076908,1.064464,1.030767,1.050226,0.994691,1.06981,1.011697,1.013626,1.05189,0.986873,1.04538,1.0698,1.008956,1.023714,1.045403,1.029651,1.035281,1.015425,0.98137,1.072331,1.036147,1.042643,1.025295,1.02749,1.031672,1.037282,1.019291,1.012634,1.039484,1.0271,1.033306,1.041216,1.058154,1.000988,1.023596,1.028918,1.005887,1.010712,1.037618,0.998294,1.024974,1.01767,1.023293,1.02525,1.049506,1.037154,1.032845,1.050254,1.029214,0.989917
1978-12-31,1.035847,1.020472,1.029833,1.045665,1.035017,1.01172,1.018381,1.02663,1.017565,0.999386,1.070178,1.011217,1.039244,0.997719,1.004322,1.027935,1.006135,0.989945,1.001724,1.01707,1.026897,1.027927,1.040602,1.048618,0.997591,1.00116,1.017962,0.999709,1.016683,0.998218,1.018002,1.050492,1.008207,1.026605,1.033119,1.010732,1.02733,1.038764,1.010204,1.065466,1.033969,1.016663,1.033598,1.054921,1.011732,0.978961,1.009999,1.002289,1.063083,1.066166,1.039153,1.016488,1.008395,1.014449,0.994913,1.031569,1.007366,1.041784,0.968716,1.009579,1.002274,1.024727,1.03173,1.018087,1.005794,1.006494,1.01883,0.983754,1.005834,0.9966,0.999928,1.036701,1.012647,1.012447,1.025257,0.989955,1.005868,1.007911,0.996242,1.012404,1.013256,1.014625,1.008474,1.008947,1.016329,0.980975,1.004888,1.015595,0.987782,0.957767,1.0629,0.99253,1.01738,1.002918,1.012462,1.010811,1.003457,0.984388,1.029459,0.9340660000000001
1979-01-31,1.118949,1.087628,1.122505,1.081671,1.067061,1.081553,1.103652,1.090731,1.101656,1.143987,1.074375,1.113451,1.079491,1.107453,1.089539,1.089039,1.127191,1.104313,1.091136,1.096835,1.091282,1.152214,1.051567,1.055346,1.098602,1.091505,1.085056,1.082652,1.119795,1.139726,1.086231,1.057072,1.158693,1.075064,1.07258,1.060132,1.076371,1.058269,1.062625,1.10786,1.0755379999999999,1.058946,1.040209,1.02657,1.096733,1.087813,1.058653,1.086807,1.060242,1.082591,1.074181,1.069013,1.062636,1.097812,1.080485,1.044478,1.052466,1.091512,1.114058,1.153419,1.040995,1.036496,1.077424,1.060641,1.077582,1.070003,1.080776,1.082935,1.02281,1.009826,1.059806,1.084153,1.037475,1.048488,1.03405,1.086787,1.088564,1.084284,1.072665,1.112362,1.024695,1.022538,1.057668,1.043186,1.05973,1.049683,1.074688,1.06424,1.0835,1.110865,1.010473,1.051271,1.041085,1.056476,1.041914,1.040833,1.041092,1.046194,1.030947,1.170588
1979-02-28,0.980017,0.981266,0.951484,0.98435,0.976782,0.983636,0.969264,0.97599,0.987534,0.9859020000000001,0.96003,0.955664,0.95197,0.967406,0.990111,0.964096,0.967974,0.969054,0.986438,0.98175,0.9729,0.970412,0.963849,0.97015,0.979304,0.960851,0.963226,0.974441,0.994561,0.992161,0.971562,0.967089,0.932009,1.003394,0.974989,0.975247,0.961009,0.968851,0.961878,0.964152,0.952413,0.964293,0.99966,0.983175,1.005006,0.963577,0.986909,0.973908,0.98947,1.00338,0.952784,0.944567,0.979918,0.943669,0.97963,0.985826,1.003392,0.973567,0.998226,0.958445,0.953324,0.987376,0.974193,0.975008,0.98813,0.95695,0.953701,0.975025,0.951831,0.981698,0.960615,0.941158,0.9576,0.949062,0.9675,0.958491,0.973492,0.971256,0.95677,0.950425,0.961811,0.989101,0.960385,0.973581,0.975303,0.968819,0.980801,0.952282,0.97459,0.944005,0.961094,0.951731,0.985905,0.971376,0.964011,0.986018,0.993865,0.983111,0.990621,0.9298960000000001
1979-03-31,1.143558,1.110769,1.1069849999999999,1.054989,1.092673,1.079099,1.069729,1.067368,1.06527,1.076591,1.10173,1.113715,1.141621,1.070485,1.083209,1.063611,1.080111,1.073787,1.095528,1.1477330000000001,1.134409,1.096455,1.101187,1.076458,1.065536,1.130616,1.086514,1.049906,1.092825,1.127242,1.138051,1.104371,1.098911,1.086179,1.076365,1.071957,1.081558,1.073065,1.059434,1.075589,1.135877,1.080914,1.106254,1.087456,1.118133,1.071792,1.098495,1.110496,1.099183,1.113413,1.106637,1.09043,1.086865,1.089323,1.074104,1.047038,1.066941,1.070406,1.134915,1.208864,1.059103,1.067671,1.057205,1.072991,1.091592,1.058455,1.081091,1.078063,1.074009,1.12697,1.071655,1.120524,1.094566,1.09002,1.069642,1.051588,1.086264,1.074404,1.097418,1.09897,1.055332,1.106137,1.072361,1.051126,1.077594,1.057705,1.069178,1.108467,1.070299,1.09131,1.042734,1.051306,1.058364,1.059777,1.072748,1.06136,1.016059,1.053921,1.045115,1.071429
1979-04-30,1.028684,1.022074,1.026446,1.033388,1.026599,1.030421,1.03217,1.035514,1.024904,1.04265,1.004856,1.071404,1.017709,1.032494,1.027043,1.004115,1.04455,1.007118,1.020548,1.048599,0.975735,0.986453,1.008165,1.028154,1.017327,1.012614,1.021453,1.039216,1.022968,0.987067,1.04723,1.023601,1.018395,1.064189,0.985061,1.056981,1.012515,1.044094,1.035247,1.031113,0.997866,1.019801,0.991148,0.98766,1.051918,1.042956,1.029749,1.009056,1.045378,1.091121,1.014611,1.02773,1.008869,1.01215,1.004918,1.008429,1.005956,1.028925,1.029892,0.983254,1.022072,1.016331,1.020077,1.004826,1.020877,1.020867,1.031238,1.031148,1.061045,0.979286,1.020404,1.0222310000000001,1.027175,0.987468,1.010821,1.008679,0.991886,0.997034,1.011676,1.008169,0.998993,1.020137,0.98537,1.024357,0.992976,0.984427,1.003966,1.00873,0.987765,0.956503,0.997079,0.996023,0.993762,1.021757,1.009343,1.025553,0.984091,1.012572,1.014704,0.965128
1979-05-31,0.977373,0.967464,0.986986,1.026843,0.96223,0.987812,0.987648,0.986276,0.994869,0.986074,0.991549,0.954154,0.962988,0.986867,0.996566,1.005038,1.023105,0.982309,1.013577,0.963056,0.981532,1.007833,0.982684,0.967677,1.008096,0.993324,0.983228,1.000302,0.974966,1.018481,0.962042,0.985913,0.971608,1.000829,0.9855970000000001,0.999644,0.98966,1.012593,0.972452,1.030998,0.964679,0.969854,0.976411,0.96295,0.991982,0.996983,0.999208,1.007984,0.996446,1.007312,0.952423,0.978873,0.963081,0.980415,0.993699,1.011799,0.996275,1.019255,0.957046,0.92988,0.985982,0.998804,0.979953,0.997537,0.967031,0.990491,0.988198,0.966964,0.992075,1.018439,1.012454,0.982362,0.973097,0.997886,0.992036,0.979232,1.015467,0.985746,0.976829,0.992255,0.979838,0.985713,1.00258,0.986503,1.009368,1.024951,0.995049,1.001942,1.003452,0.98299,0.97943,0.975726,0.988619,0.990879,0.978855,0.964413,0.986604,0.983116,0.973504,0.945946
1979-06-30,1.077505,1.061573,1.062105,1.038005,1.057742,1.047624,1.020479,1.048039,1.039225,1.07066,1.049293,1.034806,1.059754,1.060296,1.069698,1.044096,1.052483,1.056126,1.036304,1.059885,1.1459570000000001,1.045266,1.038456,1.080038,1.040127,1.0908039999999999,1.033107,1.052323,1.026266,1.045008,1.052691,1.062271,1.0752869999999999,1.036841,1.02516,1.006162,1.102888,1.03234,1.108764,1.149926,1.037452,1.036985,1.048913,1.050842,1.061026,1.067132,1.101444,1.046962,1.025518,1.125609,1.016325,1.045622,1.044471,1.051244,1.082822,1.03975,1.032632,1.057952,1.025569,1.080425,1.048788,1.054692,1.051867,1.060532,1.072102,1.045554,1.100496,1.066586,1.054121,1.080787,1.014974,1.122341,1.094977,1.073144,1.051254,1.087938,1.0738590000000001,1.080052,1.048398,1.074199,1.052617,1.093068,1.052908,1.055908,1.046247,1.041324,1.048163,1.105592,1.045344,1.015791,1.008206,1.028212,1.033303,1.053813,1.074056,1.058963,1.031959,1.058923,1.013717,0.988571
1979-07-31,1.008357,1.024497,1.036282,1.011682,1.023172,1.023952,1.024311,1.015637,1.017218,1.020423,1.036648,1.035914,1.021227,1.057304,1.035375,1.049602,1.036908,1.052543,1.018284,1.034597,1.018446,1.040398,0.983621,1.05593,1.03888,1.01529,1.0324,1.044331,1.018423,1.0216,1.026482,0.987603,1.041969,1.029469,1.01309,1.054626,1.074196,1.030548,1.042534,1.080438,1.034963,0.9972799999999999,1.013544,1.067337,1.063481,1.021405,1.022441,1.034965,1.046054,1.004435,1.022145,1.060368,1.026812,1.038967,1.033267,1.061708,1.017822,1.03945,1.081983,1.079067,1.0133,1.012123,1.049612,1.050311,1.050341,1.041415,1.01648,1.022305,1.023958,1.053225,1.004464,1.030185,1.003127,1.010845,1.020346,1.024416,1.032645,1.021215,1.024785,1.03163,1.009171,1.028895,1.043687,1.007259,1.04049,1.033715,1.024597,1.029371,1.017263,1.064613,0.980939,1.01294,1.0109,1.0177,1.013123,1.010016,0.997499,1.012499,1.03721,1.041481
1979-08-31,1.093378,1.091564,1.075069,1.09368,1.056919,1.061426,1.070357,1.073529,1.080443,1.071441,1.0904449999999999,1.067732,1.095663,1.083145,1.064094,1.065471,1.070197,1.060999,1.104639,1.080506,1.087593,1.117193,1.108856,1.084304,1.062127,1.054732,1.063472,1.061362,1.041805,1.102847,1.094762,1.042662,1.074383,1.075942,1.07985,1.078163,1.095222,1.042128,1.068668,1.08854,1.107202,1.111106,1.062464,1.06812,1.0628549999999999,1.085394,1.06665,1.058271,1.082862,1.108002,1.082258,1.092039,1.101977,1.070571,1.038472,1.06044,1.075046,1.030739,1.031585,1.048671,1.074689,1.113391,1.061355,1.048147,1.08303,1.071509,1.036458,1.07592,1.058154,1.073906,1.092417,1.074489,1.087327,1.060631,1.071922,1.061835,1.044595,1.040006,1.064678,1.105518,1.057943,1.070969,1.07507,1.095423,1.047345,1.02733,1.048816,1.062635,1.03822,1.036801,1.057781,1.07383,1.063321,1.074072,1.055148,1.036649,1.07435,1.027123,1.079077,1.02889
1979-09-30,0.996712,0.989868,0.988891,0.997441,0.989119,0.987117,0.99483,0.985927,0.996337,0.988525,1.002076,1.002957,0.994605,1.012864,0.972,0.985978,0.99555,1.00836,0.969586,1.006721,0.9806,1.029832,0.983268,0.982124,0.971759,0.977873,0.98891,0.99122,0.994293,0.970328,1.006168,1.024766,1.073672,0.997728,0.969477,0.978247,0.980355,0.985396,1.003533,0.941503,1.04652,0.997871,0.978992,0.998463,0.983794,1.016766,0.978056,0.980829,0.996189,1.005079,1.000275,1.002446,1.034545,0.980067,0.980295,0.971169,0.971736,0.9510730000000001,0.964745,0.969989,1.006878,1.011478,0.994637,0.998735,0.997262,1.030635,1.013771,0.976125,0.989638,0.968286,0.970412,1.011063,1.035249,0.985334,0.976456,1.003748,0.983135,0.963439,0.967851,1.007282,0.994723,1.012756,1.000695,0.997363,0.992195,1.002529,0.994232,1.00398,1.003148,0.972299,0.977014,0.982133,1.009988,1.014599,1.028204,1.01147,1.022452,0.999291,1.008665,1.020325
1979-10-31,0.894385,0.897922,0.895903,0.888071,0.89196,0.894647,0.90968,0.8982680000000001,0.898453,0.890605,0.883606,0.876671,0.90059,0.915707,0.878541,0.870606,0.8949590000000001,0.916027,0.891367,0.836727,0.888966,0.956604,0.873137,0.87948,0.884783,0.860962,0.917739,0.885617,0.856173,0.8431960000000001,0.9088080000000001,0.907581,0.921388,0.900269,0.88461,0.89995,0.8661490000000001,0.87771,0.909026,0.914459,0.926427,0.906485,0.91686,0.912609,0.898421,0.910508,0.903653,0.919605,0.869895,0.8686389999999999,0.916145,0.9183209999999999,0.905931,0.917545,0.895074,0.88382,0.9292469999999999,0.934818,0.875068,0.893987,0.906108,0.913654,0.910642,0.93662,0.912994,0.9360580000000001,0.917483,0.877991,0.8944650000000001,0.8754,0.929789,0.942184,0.9613659999999999,0.890663,0.933545,0.893663,0.900251,0.896586,0.9038930000000001,0.888973,0.944081,0.929436,0.919283,0.91613,0.922385,0.905091,0.91033,0.916642,0.929148,0.897841,0.938601,0.935305,0.931745,0.99037,0.9423,0.95272,0.938414,0.939214,0.962079,0.875602
1979-11-30,1.113714,1.103979,1.093493,1.06123,1.048694,1.056095,1.053249,1.055784,1.072581,1.056436,1.124315,1.088472,1.086054,1.097972,1.082317,1.081998,1.06543,1.029478,1.068634,1.071855,1.118368,1.109467,1.103768,1.087663,1.077531,1.058768,1.059315,1.063098,1.058445,1.07621,1.108115,1.097131,1.063271,1.06945,1.059486,1.074391,1.089189,1.066371,1.069013,1.101219,1.141257,1.111553,1.07844,1.076479,1.048532,1.077711,1.052808,1.089509,1.062883,1.097309,1.090156,1.111994,1.069078,1.049904,1.087308,1.023951,1.0898349999999999,1.039406,1.071538,1.006027,1.099033,1.0904,1.100925,1.056684,1.103184,1.087921,1.0754920000000001,1.061171,1.069088,1.068457,1.088115,1.116966,1.083017,1.052458,1.079975,1.050827,1.03726,1.077854,1.061707,1.054267,1.061009,1.078255,1.061829,1.07687,1.067525,1.085716,1.086913,1.042934,1.032729,1.042776,1.058306,1.025277,1.080571,1.067699,1.018985,1.051855,1.091885,1.063094,1.034974,0.902899
1979-12-31,1.127412,1.101797,1.080002,1.099863,1.078317,1.053999,1.098717,1.062905,1.066259,1.047904,1.117245,1.096349,1.093043,1.057166,1.060763,1.042223,1.05448,1.050967,1.048883,1.034181,1.087886,1.094687,1.075673,1.064918,1.082781,1.065373,1.073224,1.03093,1.019416,1.046197,1.083674,1.074565,1.062417,1.04498,1.056315,1.033433,1.039986,1.026162,1.086496,1.029315,1.05872,1.068778,1.04517,1.042553,1.035211,1.026851,1.016548,1.038251,1.072493,1.077952,1.0659399999999999,1.047965,1.038803,1.005034,1.023519,1.029424,1.033054,1.000988,1.091656,1.077169,1.037233,1.067564,1.056115,1.039035,1.021559,1.045397,1.015916,1.041369,0.979392,1.015288,1.048966,1.041059,1.05738,1.001563,1.004394,1.02595,1.00956,1.022919,1.020643,1.101981,1.026106,1.039637,1.075677,1.063629,1.025439,1.028529,1.029994,1.010404,1.012995,1.069699,1.007049,1.034331,1.032694,1.017401,0.992947,0.995456,1.018788,0.980818,1.017106,1.016114
1980-01-31,1.151107,1.146538,1.09761,1.111734,1.097491,1.082835,1.130426,1.086053,1.120103,1.103154,1.106655,1.085604,1.079149,1.115018,1.067836,1.08536,1.060817,1.070921,1.132652,1.080807,1.073579,1.093738,1.09565,1.077135,1.091095,1.037444,1.115746,1.030006,1.057122,1.101889,1.067438,1.041535,1.050633,1.070896,1.100386,1.020461,1.055231,1.026361,1.082427,1.135879,1.032532,1.056702,1.071399,1.089238,1.039072,1.105009,1.030689,1.092715,1.083244,1.094468,1.072019,1.062177,1.077792,1.019179,1.086747,1.0132,1.087273,1.0261,1.108694,1.088177,1.044603,1.116092,1.07561,1.045125,1.054788,1.083403,1.07664,1.038676,1.0067,1.073042,1.035849,1.120367,1.130732,1.019167,1.06124,1.070012,0.969893,0.972055,1.025922,1.173899,1.011881,1.068996,1.028766,1.112878,1.04461,1.064521,1.057195,1.025937,1.079688,1.187739,1.017664,1.057221,1.070118,1.092574,1.089605,1.028136,1.08469,1.118297,1.086054,1.111033
1980-02-29,1.035272,0.991624,0.985291,0.995839,1.005233,0.968598,0.978111,1.006768,0.98403,0.963896,0.990646,0.984776,1.006366,1.008571,0.958982,0.972428,0.974056,0.96443,0.98912,0.98092,0.991347,0.987848,1.031712,0.974518,0.997228,0.983775,0.9796,0.940237,0.980332,0.985205,0.988272,0.974595,1.012249,0.967028,0.933331,0.96105,0.97509,0.945167,0.998204,0.980783,0.985513,1.011881,0.979234,0.953038,0.952643,0.976062,0.944713,0.977427,0.969346,0.949354,0.99588,0.975182,0.95686,0.963299,0.95934,0.926094,0.959794,0.954331,0.938426,1.015127,0.970815,0.983341,0.97467,0.972105,0.996368,0.989078,0.993678,0.925368,0.94709,0.960609,0.971267,0.979036,1.030966,0.967548,0.962938,0.959222,0.914521,0.983275,0.967073,1.017809,0.957625,0.954876,0.979965,0.951741,0.982087,0.92522,0.98605,0.976209,0.949467,1.008189,0.957299,0.954923,0.993154,1.073142,1.059887,1.050234,1.0323,1.042519,1.083223,0.994677
1980-03-31,0.758972,0.778531,0.802351,0.820738,0.819033,0.822029,0.850664,0.829747,0.825361,0.827778,0.78186,0.818245,0.809079,0.796569,0.82344,0.829853,0.845494,0.85307,0.818424,0.814379,0.796744,0.806987,0.812909,0.837404,0.816241,0.829941,0.864756,0.855671,0.822975,0.816012,0.83031,0.790677,0.847645,0.845035,0.828259,0.8537250000000001,0.848043,0.852873,0.804928,0.840059,0.8276129999999999,0.813377,0.812219,0.838533,0.857207,0.816683,0.901806,0.834375,0.815396,0.772125,0.840545,0.867359,0.857627,0.891552,0.823004,0.858479,0.851619,0.897992,0.8359530000000001,0.8179730000000001,0.899014,0.8220419999999999,0.839954,0.860245,0.821596,0.861518,0.8610599999999999,0.864758,0.896413,0.851748,0.897811,0.873386,0.8466009999999999,0.888191,0.881907,0.879365,0.932483,0.876038,0.89332,0.7486090000000001,0.88241,0.928681,0.901093,0.894245,0.927156,0.900398,0.890747,0.916575,0.901994,0.810575,0.941427,0.940606,0.869653,0.889741,0.881731,0.923569,0.8784810000000001,0.877092,0.862559,0.906339
1980-04-30,1.053512,1.064049,1.060969,1.063155,1.055991,1.089772,1.032195,1.05504,1.067666,1.038042,1.065395,1.080068,1.045189,1.088604,1.067555,1.05944,1.060699,1.074305,1.088595,1.062732,1.071715,1.074596,1.076671,1.035653,1.088068,1.076396,1.052047,1.0665,1.038777,1.05672,1.049597,1.045081,1.020511,1.051563,1.03996,1.06959,1.080869,1.103625,1.055592,1.021639,1.055867,1.06053,1.10418,1.054045,1.052745,1.112328,1.061675,1.052873,1.065725,1.067502,1.061919,1.102729,1.056085,1.078064,1.05578,1.09323,1.110453,1.096544,1.059309,1.05738,1.044574,1.054012,1.028945,1.050841,1.020735,1.099928,1.073469,1.087894,1.10484,1.086681,1.038845,1.054303,1.117696,1.054541,1.081184,1.063505,1.085204,1.110461,1.06187,1.062478,1.078282,1.055231,1.060263,0.989393,1.048533,1.047078,1.054264,1.077555,1.062157,0.97891,1.023437,1.02696,1.039967,1.040382,1.036082,1.073894,1.086396,1.081786,1.058484,0.942249
1980-05-31,1.06707,1.091629,1.069801,1.056996,1.076239,1.057927,1.056632,1.044775,1.068715,1.073084,1.061796,1.075572,1.049401,1.08454,1.073552,1.073245,1.101072,1.063682,1.091504,1.074829,1.072626,1.094972,1.098489,1.093069,1.046189,1.067953,1.058553,1.070809,1.066493,1.105126,1.105486,1.087038,1.105249,1.103656,1.087167,1.062852,1.089987,1.082375,1.124296,1.087095,1.096583,1.042035,1.067173,1.06142,1.101116,1.089288,1.087865,1.070554,1.097772,1.074127,1.087299,1.044087,1.074106,1.080945,1.079499,1.09007,1.062438,1.09958,1.157526,1.059596,1.075826,1.081713,1.068627,1.07546,1.083817,1.139566,1.080438,1.072946,1.107079,1.14456,1.090918,1.05717,1.096132,1.067342,1.072845,1.085889,1.081839,1.050746,1.101155,1.048896,1.05851,1.064485,1.039813,1.064054,1.065553,1.06026,1.031658,1.0649899999999999,1.059051,1.110905,1.046543,1.050403,1.068666,1.03127,1.064125,1.040323,1.033542,1.040262,1.068549,1.006508
1980-06-30,1.03064,1.065679,1.047864,1.024115,1.047111,1.036323,1.043118,1.037844,1.063725,1.04027,1.05936,1.05828,1.053792,1.027074,1.045927,1.013962,1.029283,1.054814,1.067587,1.052004,1.048638,1.044076,1.071343,1.049107,1.039012,1.03553,1.058875,1.034445,1.026219,1.014318,1.02303,1.0678,1.101597,1.048082,1.040887,1.045968,1.060442,1.073027,1.028962,1.013055,1.049551,1.048961,1.058194,1.068877,1.035974,1.043621,1.052247,1.076516,1.035416,1.012772,1.048755,1.053778,1.053804,1.034487,1.042525,1.041426,1.03261,1.030983,0.995325,1.039799,1.042676,1.089213,1.042782,1.038916,1.047374,1.045284,1.028179,1.017799,1.0202309999999999,1.04461,1.045389,1.068996,1.034546,1.037929,1.0387170000000001,1.051944,1.044326,1.0385,1.054548,1.047357,1.04199,1.002892,1.061746,1.035434,1.049199,1.042017,1.041124,1.013303,1.006929,1.000939,1.020696,1.025213,1.025718,1.058914,1.030313,1.001649,1.073855,1.042936,0.997009,1.015219
1980-07-31,1.098894,1.133298,1.13941,1.096684,1.124676,1.105762,1.076808,1.074963,1.094368,1.085276,1.125106,1.14916,1.144364,1.110203,1.092904,1.085666,1.072047,1.117018,1.100825,1.085998,1.139424,1.158808,1.1381269999999999,1.08447,1.104914,1.078652,1.075304,1.058117,1.065077,1.103198,1.135731,1.1484670000000001,1.137178,1.102529,1.127027,1.098712,1.090224,1.082224,1.078634,1.090062,1.105319,1.140234,1.157998,1.091453,1.093887,1.091621,1.095526,1.060494,1.006839,1.042999,1.154422,1.125638,1.067625,1.062838,1.088142,1.101652,1.046988,1.015759,1.045413,1.214064,1.121487,1.12163,1.123391,1.101672,1.045839,1.095556,1.039395,1.051596,1.046626,1.07034,1.090375,1.119945,1.087376,1.109918,1.073236,1.0862,1.047606,1.004303,1.008013,1.089233,1.160582,1.09018,1.093106,1.111963,1.048154,1.056238,1.054494,1.057914,1.033411,1.107283,1.115713,1.099817,1.049061,1.055558,1.023144,1.040594,1.064018,0.99894,1.011257,1.055313
1980-08-31,1.133847,1.127747,1.111446,1.090645,1.063096,1.067821,1.073473,1.062895,1.067047,1.067258,1.107157,1.067875,1.080835,1.056352,1.071866,1.062845,1.067119,1.090438,1.04286,1.034112,1.077607,1.067086,1.063577,1.078719,1.067631,1.06103,1.072406,1.019702,1.057356,1.023829,1.07891,1.09612,1.045409,1.087193,1.044173,1.005801,1.027597,1.008643,1.03087,1.034489,1.070464,1.064873,1.066685,1.048927,1.018029,1.005589,1.014287,1.025322,1.008236,1.055873,1.063881,1.068471,1.061621,1.075621,1.01713,1.057073,1.015704,1.013304,1.009675,0.957977,1.053329,1.029382,1.018356,1.026321,1.062334,1.06331,1.0084089999999999,1.041334,1.003061,1.053105,1.057941,1.02396,1.005952,1.030067,1.011847,0.992937,0.99094,0.995173,0.981158,1.012034,1.061541,1.061161,1.027589,1.046837,1.012336,1.019915,0.994212,1.027696,0.981296,1.002126,1.017817,1.000921,1.003047,1.005284,0.999463,1.027225,1.012274,1.035166,1.013793,1.00584
1980-09-30,1.068222,1.051849,1.035365,1.045519,1.041677,1.023366,1.017679,1.025664,1.034899,1.029994,1.074958,1.038391,1.0229,1.011427,1.022416,1.022456,1.018679,0.98258,1.014418,1.026653,1.032945,1.034555,1.05273,1.045975,1.05345,1.053541,1.034645,1.004504,1.013408,1.013282,1.062441,1.045767,1.019649,1.029379,1.029302,1.016438,1.019259,0.985457,1.006904,1.017733,1.068922,1.047912,1.046897,1.024807,1.008747,1.034291,1.017977,1.003973,1.01258,0.993614,1.057223,1.043,1.011801,1.02498,1.039828,1.017441,1.026091,1.012984,0.974592,0.956693,1.053139,1.053136,0.980692,1.049814,1.028968,1.030628,1.022749,0.995847,1.013637,1.000818,1.074676,1.054218,1.074907,1.046198,1.025133,1.0039,0.996135,1.002136,1.000881,0.994044,1.067015,1.033286,1.067823,1.078302,1.018915,1.042402,0.991123,1.000114,1.007257,1.008195,1.020297,1.036294,1.044324,1.068515,1.058463,0.995594,1.001942,0.975339,1.014927,0.982183
1980-10-31,1.093487,1.06711,1.081475,1.025717,1.048864,1.045927,1.03032,1.050695,1.024712,1.041636,1.063845,1.076268,1.082392,1.032425,1.054658,1.031919,1.010766,1.058064,1.002528,1.003935,1.077251,1.055165,1.067409,0.997894,0.999285,1.025418,1.039518,1.031801,1.005743,0.997776,1.082223,1.020473,1.038503,0.995281,0.995293,1.005449,1.038801,1.023584,1.026366,1.040277,1.041244,1.014633,1.022399,1.025534,1.0683340000000001,1.023813,1.011866,1.063261,1.012652,1.002766,1.037948,0.991179,1.030508,1.013593,1.027472,1.012817,0.992531,0.984866,1.002345,1.008576,1.025575,1.015433,1.042096,1.014125,0.992241,1.001601,1.009493,0.968469,0.989717,0.998378,1.040599,0.999387,1.039601,1.051812,0.982698,0.996804,1.002206,0.959033,0.964014,1.047641,1.010772,1.023968,1.011844,1.013562,1.030221,0.987403,1.007486,1.000915,0.998794,1.063423,1.021948,0.976128,1.035451,1.069898,1.057619,1.049527,0.971149,0.981972,1.038951,0.954901
1980-11-30,1.156992,1.1424349999999999,1.074999,1.048793,1.074289,1.031892,1.012689,0.999685,1.011952,1.021064,1.1872099999999999,1.133686,1.086701,1.020352,1.06401,1.052334,1.0061,1.026879,1.030692,1.008616,1.159259,1.112485,1.085196,1.063705,1.058785,1.055321,1.039789,1.036566,0.989802,1.053515,1.135459,1.098404,1.054402,1.080657,1.053258,1.027465,1.076013,1.101983,1.049596,1.054445,1.119207,1.0714299999999999,1.107288,1.055298,1.027869,1.019646,1.038597,1.008654,0.989981,1.0782829999999999,1.142209,1.092521,1.060605,1.073104,1.037217,1.058849,1.035108,1.014012,1.002554,1.098897,1.158075,1.113799,1.117734,1.205431,1.095197,1.063923,0.99466,1.047619,1.010394,1.030053,1.148052,1.074693,1.105266,1.113276,1.006915,1.042844,1.035863,1.035764,1.002801,0.999976,1.153824,1.1665269999999999,1.085296,1.103207,1.06641,1.087995,1.014763,1.07117,1.030579,1.0764529999999999,1.092218,1.09617,1.132007,1.194188,1.250553,1.154147,1.038974,1.065521,1.134115,0.956639
1980-12-31,0.93846,0.959427,0.94553,0.956417,0.957944,0.973674,0.973946,0.966687,0.963254,0.961709,0.926613,0.94885,0.949568,0.915582,0.927197,0.989687,0.978723,0.974246,0.971013,0.966341,0.945722,0.975846,0.965596,1.001599,0.947827,0.962365,0.9723,0.968577,0.992018,0.999198,0.942344,0.953179,0.960088,0.978285,1.00107,1.005589,0.950495,1.026297,1.001407,0.989326,0.9265909999999999,0.980727,0.975977,0.96805,0.976362,1.033209,1.001987,0.998829,1.005142,1.009811,0.973141,0.973804,0.949495,0.982958,0.993431,0.957227,0.956584,0.998459,0.990322,0.992693,0.977925,0.952261,0.933319,0.949122,0.989029,0.979897,0.995511,0.984175,1.016136,0.945169,0.956921,0.968668,0.959293,0.971103,1.005491,0.985693,1.014653,1.007792,1.03281,0.95652,0.973825,0.974951,0.9619260000000001,0.952735,1.005226,1.015441,1.019389,0.997507,0.975748,0.939789,1.020177,0.988649,0.954896,0.917372,0.9271199999999999,0.930572,0.974783,0.987763,0.996231,1.071208
1981-01-31,0.967202,0.979875,0.998317,1.000441,0.999607,1.03209,0.998789,1.031506,1.017981,1.042659,0.926643,0.98317,0.95929,1.041814,1.024392,1.002119,1.050042,0.984018,1.033742,1.031603,0.944217,0.97645,1.010571,0.974347,0.991132,1.012095,1.0054669999999999,1.043142,1.068811,1.035995,0.939437,0.985592,0.966351,1.007719,0.989477,1.006894,1.022131,1.009326,1.00024,1.041612,0.968186,0.975735,0.960265,1.027673,1.014058,0.987631,1.011038,0.995174,0.983935,1.074888,0.910299,1.009678,0.985055,0.971494,1.004648,0.966085,1.040249,1.040432,1.04064,1.038096,0.923879,0.9494,0.999151,0.960473,0.983116,0.999739,1.001819,1.004509,1.016803,1.007669,0.914524,0.953151,0.963526,0.954629,1.015336,0.97913,0.98915,1.030848,1.006514,1.029494,0.930929,0.919388,0.972453,0.902327,0.984724,0.970989,1.005646,0.986817,1.00163,1.040854,0.928587,0.962999,0.935333,0.900824,0.90427,0.96169,0.981123,1.014608,1.065686,0.995947
1981-02-28,0.968942,0.985702,0.980835,0.985585,1.003397,1.004231,1.020735,1.024499,1.007673,1.024717,0.94917,0.982272,0.990197,1.000265,1.02817,1.014674,1.002588,1.037481,1.048387,1.018238,0.985341,1.014454,0.986988,1.022341,1.014722,1.025993,1.026254,1.026646,1.000359,1.026948,0.997162,1.002138,1.033438,1.02829,1.036255,1.023587,1.042676,1.037543,1.068728,1.044319,1.008066,1.011678,0.994724,1.042592,1.033799,1.05898,0.980818,1.011084,0.996406,1.031091,1.001319,1.120409,1.06176,0.99035,1.038996,1.006906,1.025114,0.984205,0.979774,1.077533,1.008123,0.993746,1.093147,1.01669,1.004926,1.038784,0.998046,0.987065,1.010442,1.055319,1.021269,1.030133,1.029959,0.987974,1.061839,1.052921,1.036644,1.014055,1.022031,1.0883,1.012969,1.01613,1.019067,1.014563,1.013059,0.990359,1.03481,1.050718,0.992816,0.995707,1.027839,1.05141,1.02311,1.018917,1.005127,0.967398,1.046484,1.014667,0.987642,1.003647
1981-03-31,1.053489,1.098426,1.120338,1.100735,1.112431,1.090076,1.088367,1.08718,1.0759,1.089548,1.090192,1.065283,1.084621,1.102607,1.067454,1.08186,1.094613,1.090764,1.049547,1.057947,1.072653,1.066703,1.087962,1.100614,1.072873,1.079457,1.0780210000000001,1.080104,1.060131,1.103895,1.085461,1.091953,1.086279,1.067096,1.079544,1.074846,1.03627,1.090975,1.050242,1.114679,1.064563,1.058912,1.098466,1.097827,1.039613,1.069759,1.080681,1.108664,1.042462,1.01205,1.111092,1.04732,1.051548,1.078948,1.074433,1.120494,1.090206,1.082861,1.067802,1.156866,1.096652,1.098242,1.031099,1.099058,1.09018,1.060471,1.073003,1.07681,1.080052,1.110083,1.056978,1.118433,1.047801,1.071786,1.093202,1.090993,1.086145,1.085042,1.055837,1.078482,1.089511,1.033211,1.059757,1.1778330000000001,1.093543,1.067342,1.069056,1.1248879999999999,1.055923,1.106383,1.015461,1.042157,1.017902,1.026734,0.974032,0.998814,1.043464,0.998077,1.039358,1.117056
1981-04-30,1.030518,1.022361,1.049769,1.064345,1.042303,1.02793,1.029804,1.048101,1.062342,1.030683,1.029707,1.020819,1.028511,1.036946,1.032532,1.038779,1.068436,1.041646,1.064353,1.077785,0.985645,0.995187,1.015889,1.025873,1.042392,1.047788,1.052942,1.035224,1.046763,1.053973,1.033842,1.035322,1.045251,1.050231,1.011299,1.042689,1.0475,1.022362,1.038096,1.017095,1.006669,1.021084,1.082725,1.017947,1.027648,1.027576,1.02894,1.007304,1.038046,1.00595,1.024739,0.996634,1.030353,1.021571,0.985026,1.005643,1.014635,0.987166,1.030762,1.065268,1.018241,1.004497,0.981277,0.997199,1.056201,0.988435,1.001988,0.982227,1.032024,1.001086,0.985359,0.99195,0.991148,0.991527,1.006055,0.993254,1.016677,0.97629,1.021717,1.004572,0.976075,0.944121,1.006103,0.990346,0.979589,1.00922,0.979628,1.000489,0.977986,0.973319,0.983363,0.955266,0.957768,0.908686,0.943519,1.01044,1.01196,1.045307,0.946402,0.978688
1981-05-31,1.046298,1.06065,1.063683,1.062933,1.053944,1.011641,1.032447,1.035577,1.02793,1.04014,1.060491,1.021566,1.038386,1.037421,1.061959,1.035025,1.036935,0.986365,1.026947,1.002332,1.084622,1.066737,1.00874,1.023516,1.032161,1.027594,1.000987,0.996167,1.015306,1.023222,1.064289,1.016877,1.035394,1.012611,1.04027,1.026685,0.997319,1.0096,1.035338,1.019408,1.01659,1.056231,1.070817,1.034711,1.042903,1.019113,0.996588,1.004239,1.017325,1.002157,1.021377,1.014637,1.00819,1.027033,1.018748,1.039576,1.015079,1.046367,1.060127,1.114793,1.05106,1.04446,1.025088,1.009525,1.021175,1.010996,1.027671,0.997596,1.022135,1.040943,1.016208,1.024014,1.009228,1.044575,1.031481,1.011987,1.003766,1.009871,1.041163,1.031457,1.017305,1.003365,1.029079,0.985091,1.00743,1.023472,1.04135,1.044217,1.002349,0.999913,1.032578,0.994237,0.970449,0.966679,0.963529,0.982504,1.025222,1.044443,1.006185,1.018577
1981-06-30,0.906451,0.954253,0.984283,1.00573,0.995317,1.019333,1.052034,1.019701,1.0137369999999999,1.019234,0.923628,0.98763,0.95611,1.052849,1.002321,1.031818,1.014611,1.017721,1.005812,1.00805,0.933344,0.927521,0.9837359999999999,1.017353,0.967424,0.991168,1.011842,0.991973,1.015497,1.016467,0.921406,0.940919,0.972893,0.998961,0.988436,1.014051,1.031044,0.98828,1.015948,1.013621,0.953701,0.964607,0.963558,0.993746,1.00834,0.997162,1.024562,1.016858,1.028274,1.063055,0.919041,0.988012,1.020709,1.001914,1.011858,0.979054,1.017245,1.036016,0.989884,0.877645,0.92439,0.959809,0.956459,0.968787,0.999264,1.025291,1.031519,1.032944,0.997862,1.007345,0.938658,0.98504,0.971146,1.03982,0.997363,1.01231,1.0118,1.040322,1.023144,0.933449,0.9172279999999999,0.959916,0.962956,1.038866,0.984451,1.006958,1.001057,0.999132,0.997198,0.993099,0.950268,0.972252,1.008495,1.036072,1.034833,1.062169,0.990262,0.992741,1.009962,1.02034
1981-07-31,0.955222,0.976155,0.958224,0.964456,0.975709,0.982006,0.966885,0.99748,0.981304,0.975416,0.947141,0.948183,0.96373,0.97644,0.9648410000000001,0.970368,0.946978,1.005098,0.990468,0.964943,1.001988,0.935772,0.958736,0.98701,0.981612,0.975945,0.991911,0.986368,0.980593,0.9551,0.980633,0.955619,0.970488,0.958921,0.98408,1.011487,0.986336,0.984002,0.989574,0.986657,0.990887,0.972704,1.012546,0.961658,0.970011,0.953994,0.99311,0.98893,0.996233,0.96796,0.981593,0.997484,0.957943,0.990224,0.981781,0.965261,0.945234,0.970321,1.027168,0.97572,1.044776,1.000457,0.974323,0.95966,0.934716,0.966205,0.959155,0.96688,0.98183,0.956077,1.03998,0.99021,1.009368,0.991195,0.970254,0.995533,0.973444,0.994861,0.980288,0.9433549999999999,1.012476,1.038469,1.002497,0.975934,0.971286,0.961206,0.94555,0.959696,1.019097,0.996974,1.014658,1.013918,1.01354,1.062815,0.981116,0.995296,0.991927,0.984979,1.00619,1.001616
1981-08-31,0.879537,0.889572,0.879977,0.939393,0.928382,0.925191,0.938975,0.934976,0.957672,0.937381,0.860237,0.880532,0.908515,0.92467,0.93381,0.919474,0.935418,0.97129,0.943956,0.978171,0.887837,0.896445,0.922769,0.878331,0.969862,0.941201,0.924246,0.949404,0.950792,0.931,0.896943,0.905128,0.915321,0.9289270000000001,0.924159,0.950977,0.959561,0.949233,0.970312,0.916886,0.91043,0.957249,0.93255,0.978542,0.946705,0.954702,0.9222090000000001,0.974833,0.960004,0.943826,0.906229,0.919874,0.917559,0.946624,0.971175,0.895576,0.945014,0.928794,0.99919,0.947771,0.921104,0.942486,0.92744,0.956681,0.957058,0.940046,0.975122,0.933825,0.986297,0.943063,0.915343,0.949996,0.945663,0.940635,0.965942,0.968811,0.945153,0.945579,0.979824,0.956677,0.904641,0.931073,0.956035,0.92485,0.939572,0.933491,0.959615,0.951538,0.989374,0.969905,0.922812,0.954352,0.919224,0.952042,0.934443,0.97043,0.930164,0.962447,1.006725,0.971692
1981-09-30,0.840946,0.885474,0.909543,0.9092629999999999,0.917107,0.929194,0.927339,0.937107,0.936266,0.925591,0.880113,0.897229,0.952527,0.901546,0.913663,0.93899,0.919421,0.951497,0.950859,0.940008,0.87175,0.896706,0.940325,0.917543,0.942093,0.919122,0.90962,0.957178,0.937869,0.947644,0.891694,0.939109,0.940345,0.922656,0.927457,0.94447,1.010284,0.967234,0.97135,0.920293,0.8851249999999999,0.930659,0.9523,0.942815,0.915953,0.962058,0.946806,0.96687,0.969854,0.946547,0.910317,0.918846,0.933423,0.939131,0.944782,0.940963,1.002254,1.010172,0.968089,0.942114,0.8783920000000001,0.946216,0.940524,0.935597,0.968978,0.942151,0.969983,0.952482,0.94933,0.951205,0.902639,0.924696,0.8955690000000001,0.922644,0.926632,0.924297,0.966336,0.960961,0.955769,0.973255,0.913003,0.932863,0.950276,0.941925,0.937587,0.965491,0.955704,0.995711,0.937167,0.922073,0.936396,0.943743,0.955504,0.913593,0.932038,0.9416370000000001,0.977299,0.986902,1.039438,0.970599
1981-10-31,1.109931,1.135373,1.097161,1.042747,1.103865,1.061351,1.062367,1.067483,1.04975,1.030042,1.080173,1.132482,1.054989,1.115436,1.09936,1.081137,1.087561,1.069725,1.064184,1.0671599999999999,1.109456,1.093238,1.124252,1.058575,1.06651,1.081078,1.072997,1.081592,1.044496,1.065263,1.115968,1.105221,1.085916,1.025768,1.079776,1.054349,1.087455,1.06656,1.065375,1.062905,1.12687,1.096922,1.052392,0.999803,1.088062,1.049091,1.065165,1.042972,1.049703,1.0640209999999999,1.102984,1.086698,1.04572,1.095906,1.088386,1.045542,1.040769,1.045886,1.033187,1.032702,1.112544,1.056633,1.105667,1.032112,1.065371,1.079925,1.021825,1.035006,1.041823,1.030339,1.121814,1.096217,1.0825,1.069635,1.025715,1.044809,1.039261,1.062143,1.047368,1.019653,1.128685,1.102889,1.058899,1.071106,1.03511,1.028482,1.044806,1.083116,1.081927,1.047858,1.105675,1.050395,1.076224,1.071566,1.013858,1.053518,0.976289,1.026704,1.045868,1.03249
1981-11-30,0.968471,1.017307,1.041415,1.02793,1.016789,1.035295,1.009482,1.017291,1.034309,1.018129,0.993694,1.015779,0.998595,1.019305,1.043045,1.05653,1.04553,1.035666,1.090112,1.033375,0.997194,1.008667,1.019052,1.091092,1.065558,1.067503,1.06254,1.054459,1.045733,1.059935,1.008572,1.054245,1.030129,1.071104,1.045637,1.032608,1.073409,1.056191,1.073671,1.046231,0.992957,1.031528,1.01915,1.041834,1.068504,1.057017,1.036404,1.045312,1.0596,1.007251,1.005583,1.004664,1.025486,1.025067,1.023562,1.027149,1.028506,1.020122,1.052348,1.085596,1.041046,1.068157,1.013351,1.060102,1.006598,1.017565,1.087013,1.055757,1.056428,1.074135,0.995094,1.086091,1.039962,1.072314,1.037915,1.047491,1.074594,1.081109,1.049315,1.010117,1.008119,1.026327,1.021503,1.035398,1.044996,1.058263,1.052664,1.046941,1.048753,1.084237,1.002054,1.058976,1.067657,1.062332,1.052646,1.05423,1.054599,1.0265,1.024344,1.057993
1981-12-31,0.935833,0.975415,0.971702,0.992633,0.979007,0.986234,0.996415,0.998788,0.993978,0.985768,0.95722,1.018453,0.988463,0.975918,0.998357,1.011793,0.999388,0.981879,0.980529,0.993899,0.973429,1.032448,1.022873,0.985453,0.999645,0.982495,0.9715,0.973877,0.993849,0.965936,0.960558,1.006225,0.951746,1.023057,0.975928,0.968871,0.98181,0.97842,0.981837,0.992181,0.981229,0.979927,0.981209,1.005532,0.966468,1.042511,0.986776,1.003829,0.986009,0.958939,0.977652,0.989635,0.970864,0.969014,0.982898,0.994419,0.988791,0.974502,0.962384,0.955198,0.961943,0.978238,0.96471,0.996446,1.034512,0.967104,1.017711,0.970102,0.986607,0.970975,0.955992,0.978126,0.971012,0.99391,1.012158,0.961332,0.978907,0.957492,0.970605,0.975919,0.969665,0.975612,0.982886,1.003206,0.994679,0.98422,0.980173,0.962852,0.950778,0.975942,0.956068,0.977082,0.962081,0.958647,0.951332,0.95077,0.989704,0.973663,0.990684,0.973728
1982-01-31,0.974717,0.982243,1.018723,1.019681,0.99335,0.983843,0.974693,0.993057,1.002957,0.998361,0.956154,0.968995,0.974219,0.986907,0.971655,0.987191,0.988369,0.964858,1.00732,0.99385,0.950498,0.952905,0.991646,0.972531,0.995227,0.957503,0.979535,0.978452,0.999582,0.992014,0.925816,0.964212,0.978191,0.939157,0.954162,0.959715,0.948091,0.962806,1.008607,1.006342,0.925262,0.923541,0.949537,0.944542,0.947331,0.952926,1.001078,0.976085,0.999019,1.008214,0.930204,0.97736,0.95954,0.99745,0.949447,0.957429,0.980448,0.965753,1.045698,0.997925,0.913482,0.945733,0.978892,0.89052,0.938534,0.954149,0.958528,0.990476,0.977666,0.979211,0.931595,0.953367,0.954944,1.002495,0.997895,0.956271,0.972896,1.00554,1.005602,0.951008,0.952246,0.989961,0.967355,0.940966,0.968323,0.984993,0.955339,0.970419,1.052635,0.992099,1.003877,1.006758,0.977588,0.9366,0.965372,0.989313,0.989642,1.013648,1.014401,1.001899
1982-02-28,0.908874,0.953489,0.97013,0.979917,0.970966,0.960539,0.972823,0.966997,1.001427,0.983703,0.918687,0.959783,0.95253,0.944904,0.969574,0.980172,0.960349,0.986689,0.970767,1.002619,0.906536,0.971726,0.962654,0.9578409999999999,0.932356,0.969893,0.98338,0.989147,0.98483,0.991152,0.91256,0.947316,0.935895,0.936881,1.011798,0.950014,0.980722,0.99952,0.999122,1.004644,0.876947,0.9617020000000001,0.955236,0.962378,0.971297,1.001922,0.979909,0.966536,1.014866,1.015008,0.92181,0.96422,0.973077,0.978,0.996785,0.975349,0.957487,0.978411,1.014425,0.954288,0.9150389999999999,0.919804,0.949199,0.944578,0.939702,0.989579,0.951631,1.001654,0.997925,1.012949,0.926258,0.960498,0.943066,0.900232,0.969129,0.958813,0.999905,1.017756,1.034083,0.959273,0.86277,0.939597,0.934619,0.965373,0.986102,1.014562,0.976562,0.96757,1.012188,1.003992,0.916825,0.94237,0.915916,0.929013,0.967164,0.957346,0.991717,0.997561,0.932153,1.020368
1982-03-31,0.970852,0.981704,0.984671,0.981135,0.979817,0.990536,1.003166,1.013805,1.000614,1.00423,0.981764,1.002858,0.998307,1.010417,0.982774,0.998437,0.973891,0.98148,1.001042,1.017856,0.972302,0.990691,1.013592,0.991262,0.982241,0.972044,1.000075,1.036009,1.001356,0.997927,0.932101,0.971446,1.040425,0.984677,1.002764,0.986986,1.021164,1.018298,1.065584,0.994103,0.965507,0.980983,1.01561,1.025974,0.990895,1.018059,0.985068,0.993532,1.035607,1.031974,0.96105,1.008628,0.97604,0.996652,1.024227,1.012811,1.009495,0.996852,1.051323,0.969019,0.9601999999999999,0.972303,1.016778,0.962004,1.001835,0.997166,1.000006,0.996792,1.036619,0.981558,0.949981,0.996622,0.976199,0.963044,0.979436,1.012674,1.017822,0.98819,0.997905,1.039518,0.9658599999999999,0.968642,1.008363,0.988825,0.985422,1.004171,0.978136,1.015479,1.007368,1.039304,0.95957,0.966652,1.017168,0.989593,0.976792,0.992499,1.036455,1.043241,1.017788,1.028762
1982-04-30,1.042082,1.070037,1.054565,1.052183,1.073712,1.025329,1.019252,1.056426,1.029909,1.058734,1.081688,1.078376,1.086201,1.0544,1.063433,1.072638,1.044584,1.05736,1.026207,1.042587,1.065157,1.060459,1.063575,1.064706,1.036318,1.055104,1.057679,1.053544,1.043433,1.035336,1.069512,1.074956,1.056148,1.095822,1.082003,1.057548,1.041372,1.029365,1.023778,1.068656,1.055065,1.072342,1.077159,1.054007,1.061922,1.046253,1.06971,1.003676,1.033366,1.064899,1.061314,1.066759,1.035489,1.065432,1.047197,1.022043,1.067641,1.051404,1.057242,1.048445,1.065465,1.048578,1.046983,1.006421,1.014362,1.033517,1.034095,1.039947,1.059749,1.041995,1.082961,1.046356,1.077743,1.045743,1.052633,1.057288,1.028694,1.044888,1.066494,1.009865,1.038804,1.075694,1.02255,1.075514,1.06963,1.043907,1.053202,1.03195,1.040839,1.042835,1.065415,1.071257,1.038843,1.031685,1.013407,1.02891,1.016189,1.033365,0.967279,1.050464
1982-05-31,0.966774,0.976579,1.001952,0.985066,1.001135,0.983025,0.994472,0.987194,0.983954,0.991822,0.970464,0.956082,0.972943,0.975763,0.996529,1.022777,0.982378,0.984843,0.997724,1.024659,0.962282,0.96529,0.930783,0.973678,0.961829,0.985456,0.9649179999999999,0.996067,0.985332,0.986663,0.954116,0.966166,0.9654469999999999,0.970517,0.948977,0.971739,0.992052,0.967657,0.969497,0.967713,0.928156,0.984884,1.017753,0.982001,0.96932,0.978054,0.949314,0.99049,0.984117,0.971975,0.965467,0.99433,0.957986,0.966299,0.988783,0.916305,0.958568,0.99865,1.001413,0.985895,0.958705,0.958301,0.965513,0.946933,0.95376,0.964293,0.971808,0.955895,0.964915,0.960476,0.95387,0.946512,0.950037,0.961689,0.951398,0.961656,0.953608,0.966116,0.979239,0.988629,0.937058,0.970184,0.969902,0.939199,0.9637249999999999,0.976328,0.934552,0.931771,0.990425,0.957282,0.947938,0.96698,0.980878,0.996166,0.99185,0.992336,0.992855,0.965293,1.007345,0.985677
1982-06-30,0.937546,0.995751,0.950485,0.961566,1.006722,0.971823,0.981068,1.001703,0.989115,0.990267,0.959017,0.969405,0.971373,0.964412,0.989707,0.939619,0.9866,0.98004,0.988012,0.970052,0.9316329999999999,0.970403,0.992084,0.999409,0.96562,1.026909,0.951289,0.997645,0.96146,0.97359,0.947141,0.985944,1.015674,0.968275,0.972154,0.976447,1.005878,0.999547,0.993203,1.030287,0.9372739999999999,0.980029,1.013408,0.980134,0.991407,0.992888,0.987312,0.954149,0.974953,1.01384,0.956421,0.986622,0.990058,0.987114,1.027026,0.951207,0.994288,0.96498,0.980773,0.966427,0.946633,0.958952,0.966602,0.96263,1.01585,0.99321,0.980063,0.99043,0.987768,0.989233,0.939517,0.990776,0.971819,0.978766,0.965062,0.99796,1.006025,0.957638,1.004135,1.043887,0.93345,0.964398,0.949378,0.990132,1.006968,0.992061,0.955552,0.979539,0.971348,0.995684,0.978415,0.977744,0.994596,0.984722,0.988852,0.998889,0.978075,0.99843,0.964249,0.979089
1982-07-31,0.955024,0.979775,0.953269,0.981509,0.99706,1.012537,0.996222,0.995881,1.002302,1.004278,0.94643,0.992842,0.985102,0.97728,1.009416,0.996417,0.997312,0.97093,0.985165,0.982781,0.945227,0.967264,0.965328,1.010602,0.991424,0.98334,1.001647,1.012407,1.000938,0.999579,0.972782,0.98017,1.055948,1.018449,0.997606,1.00748,1.002173,0.983846,0.985246,0.967765,0.978099,1.004463,1.006217,1.006823,0.97989,0.968218,0.974488,0.977264,0.992669,0.975016,0.976193,0.987081,0.973141,1.002937,0.99294,0.944587,0.979141,0.944571,0.981063,0.970071,0.986012,0.994618,0.992733,0.971863,0.992275,0.979844,0.973795,0.952991,0.986325,0.975996,0.959376,0.99459,0.949061,0.910174,0.984414,0.957839,0.982354,0.95348,0.969253,0.965017,0.970206,0.950525,0.977581,0.9339999999999999,0.973698,0.954933,0.964274,0.980289,0.986654,0.979518,0.994273,1.029185,0.977042,0.947645,0.949436,0.957941,0.962997,0.99453,0.972139,0.990687
1982-08-31,1.037857,1.037466,1.070895,1.05707,1.039183,1.06195,1.044585,1.033351,1.048564,1.031668,1.05672,1.0773679999999999,1.0799509999999999,1.073761,1.087225,1.080916,1.060258,1.078865,1.090317,1.085555,1.070977,1.065586,1.086345,1.05983,1.086347,1.090043,1.078854,1.10082,1.067494,1.070326,1.089119,1.078192,1.087088,1.078644,1.117195,1.099099,1.089871,1.061533,1.094149,1.09618,1.119563,1.091898,1.10409,1.122965,1.110724,1.119302,1.1150660000000001,1.108323,1.095573,1.157707,1.089659,1.11862,1.105259,1.105515,1.123703,1.144765,1.105893,1.125032,1.150726,1.063267,1.105332,1.131408,1.107697,1.110911,1.113521,1.094684,1.097481,1.107676,1.147151,1.112642,1.145964,1.098627,1.154117,1.1428180000000001,1.086066,1.128885,1.125426,1.151067,1.135199,1.1614010000000001,1.105795,1.103218,1.07881,1.163076,1.143352,1.133899,1.1398329999999999,1.118655,1.127179,1.093435,1.127025,1.106546,1.120493,1.123988,1.110051,1.148493,1.13822,1.137052,1.1491419999999999,1.145027
1982-09-30,1.007129,1.009621,1.014309,1.033476,1.0780669999999999,1.050641,1.032,1.041686,1.042486,1.044664,1.042917,1.045265,1.012673,1.037748,1.038699,1.054548,1.039223,1.041293,1.032143,1.049312,1.016407,1.009336,1.029081,1.050912,1.031358,1.051797,1.049287,1.037545,1.05372,1.065238,1.031081,1.022836,1.016845,1.034828,1.024753,1.080214,1.055905,1.070871,1.06373,1.028341,1.035037,1.065664,1.038417,1.074666,1.02552,1.052994,1.042,1.052451,1.058821,1.049399,1.03661,1.0093,1.030687,1.07544,1.055755,1.029631,1.045684,1.028039,0.998158,0.98522,1.019835,1.01938,1.005407,1.057931,1.027046,1.067056,1.012074,1.045031,1.012472,1.027118,1.015063,1.04814,1.010635,1.028933,1.143138,1.064968,1.032651,1.009902,0.986749,0.99243,1.01908,1.003101,1.038243,1.021392,1.00625,1.022244,1.024308,1.000121,1.021742,1.037134,1.006714,1.026433,1.01527,1.0163470000000001,1.019435,0.999461,0.997747,0.996175,0.995874,0.966943
1982-10-31,1.151016,1.184511,1.123473,1.13352,1.111159,1.118627,1.146255,1.111262,1.128684,1.116186,1.2172640000000001,1.169133,1.150813,1.120275,1.13971,1.1517330000000001,1.144608,1.108647,1.113716,1.104662,1.205146,1.099278,1.122089,1.104459,1.1415359999999999,1.153492,1.10952,1.1293790000000001,1.126308,1.151505,1.174083,1.157162,1.114155,1.142664,1.100939,1.14221,1.08974,1.112889,1.120593,1.060368,1.1527,1.149184,1.1456279999999999,1.133637,1.117353,1.147628,1.1694499999999999,1.102014,1.113946,1.183723,1.159779,1.122161,1.1434090000000001,1.121675,1.099259,1.148807,1.148441,1.115086,1.125695,1.120777,1.189677,1.144663,1.146495,1.178273,1.1511529999999999,1.145038,1.1670479999999999,1.124441,1.126232,1.129204,1.172198,1.121684,1.134964,1.121075,1.102748,1.1353360000000001,1.10086,1.14329,1.102702,1.159454,1.179429,1.118545,1.086373,1.142429,1.118323,1.122974,1.113295,1.10855,1.080004,1.081154,1.124855,1.098803,1.14443,1.072637,1.080551,1.106525,1.136485,1.080925,1.083739,1.128452
1982-11-30,1.085075,1.1239460000000001,1.138671,1.112284,1.110364,1.154278,1.135148,1.1188690000000001,1.139111,1.137868,1.061853,1.117725,1.066943,1.099674,1.098701,1.096175,1.083939,1.050625,1.0693489999999999,1.037804,1.111731,1.052878,1.088286,1.051013,1.098284,1.071879,1.050157,1.066085,1.083797,1.088987,1.098954,1.084219,1.090974,1.114304,1.081728,1.067141,1.090493,1.075566,1.08756,1.096852,1.124837,1.092464,1.078634,1.054911,1.0703,1.059403,1.076982,1.053519,1.087708,1.168713,1.106001,1.084468,1.07555,1.1270470000000001,1.078376,1.055352,1.034869,1.047442,1.08411,1.046205,1.073469,1.082248,1.112508,1.081451,1.04257,1.068352,1.088031,1.055015,1.066975,1.081525,1.095497,1.041153,1.041068,1.031269,1.034896,1.033946,1.029485,1.065781,1.026574,1.123152,1.1268799999999999,1.037033,1.004228,1.082614,1.061716,1.026207,1.022647,1.046754,1.05509,1.002007,1.074211,1.066641,1.071965,0.994034,0.991176,1.004447,1.014888,1.027843,1.029288,1.029722
1982-12-31,1.031341,1.015814,1.008427,1.046973,1.026277,1.026697,1.003975,1.02094,1.020565,1.028992,1.021502,1.023025,1.022003,1.007421,1.016593,1.007061,1.032378,1.028046,1.036131,1.010382,0.990858,1.0404,1.033111,1.005011,1.015269,1.025494,1.03039,1.007063,1.012021,1.033523,0.994388,0.996352,1.015381,1.029929,1.006107,1.013314,0.989814,0.977893,1.003676,0.985722,1.013347,1.017059,1.005965,1.044385,0.993024,0.971662,0.990183,0.988692,1.020597,0.9310039999999999,0.998649,1.001221,1.0305,0.961003,0.996561,0.991323,1.009008,1.018087,1.026292,1.071312,1.012106,1.010382,0.992338,0.986086,1.009933,1.038035,0.993069,0.995242,0.969403,1.028906,0.995023,1.026996,1.040809,1.001367,1.042089,0.999298,1.004497,1.011902,1.034604,1.045131,0.975598,1.050845,1.019834,0.983693,0.996842,1.021951,1.022308,1.012728,1.013474,1.014395,0.993139,1.049991,0.982496,1.026047,1.02666,0.998942,1.013621,0.996937,1.036847,1.102891
1983-01-31,1.149213,1.186493,1.129254,1.084914,1.092602,1.11523,1.102636,1.066314,1.069153,1.099312,1.09022,1.118529,1.065289,1.052586,1.060102,1.080093,1.086897,1.100293,1.041752,1.062142,1.086081,1.039645,1.105468,1.065916,1.053764,1.019891,1.029801,1.035708,1.059844,1.033288,1.099001,1.0636079999999999,1.080483,1.064839,1.016951,1.051791,1.04527,1.062152,1.033344,1.063353,1.111746,1.073176,1.019893,1.057917,1.033643,1.038912,1.036549,1.012299,1.014154,1.057981,1.043652,1.019874,1.046344,1.000758,1.05936,1.025537,1.030058,1.045205,1.004714,1.105029,1.025797,1.03922,1.039205,1.032186,1.010778,1.02639,1.00303,1.01572,1.058703,1.014428,1.084355,1.036229,0.97236,1.074675,1.036286,1.027928,1.028822,1.033699,1.033887,0.993774,1.031253,0.998204,0.989201,1.049405,1.000493,1.030927,1.029049,1.043259,1.023116,1.097592,1.019934,1.021554,1.036955,1.026858,1.031158,1.0693489999999999,1.025886,1.114388,1.008527,1.01532
1983-02-28,1.023731,1.026713,1.017295,1.065275,1.076601,1.084084,1.088943,1.089187,1.077942,1.094408,1.049106,1.02017,1.049444,1.064178,1.046168,1.100702,1.049338,1.060093,1.073984,1.087271,1.043924,1.040324,1.048271,1.063505,1.08695,1.097362,1.063392,1.089342,1.061597,1.062024,1.036852,1.082036,1.033669,1.065191,1.066139,1.081312,1.024099,1.077694,1.044918,1.039014,1.038755,1.058961,1.069505,1.044417,1.066219,1.052477,1.054837,1.079242,1.025745,1.144411,1.050645,1.059881,1.057421,1.022677,1.050224,1.05353,1.02611,1.017568,1.073302,1.031848,1.052587,1.071118,1.049081,1.045138,1.046625,1.032581,1.054302,1.050269,1.029339,1.072817,1.045173,1.028207,0.992181,1.007064,0.989889,1.058566,1.043747,1.005267,1.021697,1.06112,1.029091,1.025388,1.019975,1.031682,1.041871,1.014649,1.026639,1.03798,1.052751,1.042563,1.025622,1.022859,1.058524,1.018853,1.020848,1.044101,0.999611,0.998705,1.044352,1.009826
1983-03-31,1.021208,1.048633,1.048452,1.085207,1.064792,1.062601,1.062103,1.0419,1.093473,1.0660020000000001,1.007384,1.0733,1.052107,1.034155,1.078945,1.062734,1.038295,1.038461,1.041111,1.085417,1.021126,1.030945,1.03813,1.037032,1.086478,1.073145,1.04925,1.056176,1.058858,1.072383,1.012342,1.013674,1.018222,1.067333,1.02816,1.079447,1.063602,1.107641,1.051259,1.006533,1.009678,1.021662,1.073754,1.081596,1.049987,1.065623,1.092278,1.049173,1.049623,1.0949119999999999,1.017135,1.051011,1.048896,1.069354,1.022392,1.04316,1.073061,1.084697,1.029613,1.045725,1.004902,1.031084,1.025599,1.013796,1.021364,1.059456,1.061557,1.064909,1.050894,1.078128,0.975924,1.022661,1.001888,1.058839,1.08188,1.02311,1.062118,1.041277,1.053722,1.034686,1.052819,1.028014,1.034155,1.020189,1.057759,1.025743,1.07735,1.018457,1.052246,1.043743,1.028496,1.034317,1.012706,1.044261,1.053719,1.0263390000000001,1.041482,1.015433,1.03228,1.021798
1983-04-30,1.076771,1.054774,1.086797,1.071738,1.061382,1.121026,1.097644,1.080826,1.08991,1.067209,1.076488,1.059358,1.096168,1.028946,1.0948579999999999,1.078987,1.090142,1.073132,1.093971,1.129796,1.063206,1.06106,1.125192,1.078666,1.078346,1.0754,1.093863,1.034792,1.07058,1.100928,1.106555,1.081145,1.071639,1.059207,1.095859,1.091495,1.062249,1.075291,1.056015,1.10248,1.09483,1.043446,1.060253,1.045289,1.095141,1.061643,1.083124,1.036735,1.052313,1.106121,1.07271,1.032242,1.09454,1.065463,1.069224,1.055083,1.091831,1.029201,1.031779,1.10282,1.050734,1.097646,1.052602,1.060555,1.055671,1.077424,1.042106,1.081634,1.048471,1.064322,1.020299,1.041183,1.084152,1.043892,1.083012,1.084862,1.059993,1.083479,1.051011,1.079552,1.064859,1.052885,1.064309,1.110626,1.08333,1.046567,1.06365,1.05479,1.038697,1.072428,1.043082,1.083176,1.032268,1.0865339999999999,1.082133,1.116552,1.125847,1.062663,1.097016,1.156523
1983-05-31,1.1382430000000001,1.10531,1.108261,1.09847,1.108174,1.095798,1.100699,1.109175,1.099925,1.084534,1.116848,1.111755,1.107922,1.09372,1.07686,1.066499,1.055751,1.078859,1.041316,1.050548,1.072865,1.099687,1.055372,1.032271,1.071873,1.062067,1.019602,1.041518,1.054693,1.05159,1.035981,1.037781,1.082645,1.05926,1.048365,1.044383,1.038351,1.057945,1.03194,1.066938,1.066464,1.033081,1.079055,1.058061,1.024489,1.006739,1.027693,1.027996,1.03177,0.935093,1.033269,1.0828470000000001,1.06407,1.012261,1.04148,1.03935,1.009145,1.039443,1.016372,1.013962,1.033,1.057377,1.063218,1.044111,1.04928,1.041993,1.039665,0.99692,1.016059,1.032794,1.073663,1.033122,1.026777,1.073416,1.013091,1.055978,1.022279,1.01925,1.023276,0.982017,1.018791,1.035562,1.00373,1.042305,0.978817,1.064661,1.016315,1.004288,1.006537,1.059248,0.997788,0.976128,0.956041,0.977035,0.970687,1.000611,0.971897,0.989685,0.992276,0.977091
1983-06-30,1.050396,1.058993,1.039403,1.096299,1.053766,1.060591,1.047117,1.04665,1.034048,1.054782,1.027006,1.038502,1.085976,1.042076,0.985361,1.03392,1.016434,1.003723,1.046981,1.035767,1.05633,1.052064,1.093195,1.058745,1.048404,1.012994,1.046058,1.010423,1.018841,1.043333,1.049035,1.1261860000000001,1.049891,1.024009,1.042979,0.96986,1.035178,1.044972,1.007521,1.067246,1.035044,1.053566,1.096093,1.084431,1.0802100000000001,1.061531,1.03761,0.986211,0.99988,0.980205,1.048447,1.077822,0.999795,1.069093,1.025175,1.018334,1.015999,1.023168,1.001218,1.048934,1.080917,1.075048,1.031775,1.101881,1.055444,1.067069,1.012521,0.982584,1.028828,0.990319,1.047887,1.051674,1.014788,1.037809,1.05278,1.001464,1.001052,0.976501,0.994176,1.056203,1.049795,1.050052,1.072821,1.054059,1.065979,1.007362,1.003609,0.993235,1.016912,1.012393,1.06768,1.055514,1.032926,1.07212,1.033661,1.014819,1.030791,1.003723,1.009835,1.0742180000000001
1983-07-31,0.930503,0.935049,0.967019,0.972998,0.962677,1.008926,1.006355,1.011709,0.998379,1.005144,0.941141,0.968418,0.973495,1.007266,1.00152,0.988781,1.013363,0.999485,1.010656,1.016804,0.921691,0.972203,0.957044,0.992593,0.989718,1.024344,1.021356,1.041555,1.012215,1.009425,0.90057,0.95308,0.926289,0.957129,0.976528,0.982582,1.016885,0.988589,1.007887,1.006752,0.922764,0.96257,0.997254,0.974814,1.013388,1.094774,1.014846,1.048199,1.017325,0.98587,0.924435,0.959431,0.955841,0.9709,0.995093,1.040154,0.993475,0.994685,1.016202,0.995058,0.9382,0.982311,0.97841,0.970469,0.94588,0.986988,0.982498,0.958301,1.022844,0.962053,0.944246,0.968421,0.966176,0.957952,0.901988,0.958281,1.029733,0.97273,0.992956,0.997842,0.957447,0.956677,0.946025,0.946482,0.935554,0.98499,0.995753,1.002174,0.978906,1.018508,0.960098,0.934204,0.925909,0.971054,0.985497,0.93482,0.987764,1.006947,0.968611,1.00378
1983-08-31,0.921574,0.941222,0.956453,0.966242,0.948662,0.971896,0.954165,0.96257,0.972448,0.980075,0.949828,0.962626,0.985575,0.950968,0.970973,1.00573,0.967212,0.977302,1.008,0.995694,0.926853,0.931052,0.973274,0.978179,0.963455,0.957603,1.008011,0.993465,0.988106,1.026027,0.94192,0.98603,0.946677,0.971839,0.973296,0.989692,0.97043,0.990415,0.998359,1.019133,0.960613,0.971116,0.938395,0.933619,0.975055,0.999276,0.974957,0.996426,1.022119,1.001644,0.965543,0.938366,0.964703,0.984505,0.973767,0.995492,0.992134,1.001868,1.024984,1.029649,0.960832,0.968906,0.932868,0.981066,0.988991,1.00379,1.024372,0.997276,1.011889,1.087031,0.975787,0.980722,0.973794,1.019059,1.014847,1.001193,1.02977,1.036658,1.039557,1.013493,0.957363,1.004388,0.972045,1.009785,1.015069,0.993507,0.995068,1.008962,1.033373,1.052385,0.986061,1.017094,0.998127,0.994962,0.986861,1.026675,1.044784,1.064319,1.060891,1.108381
1983-09-30,0.950386,0.983803,0.994923,1.002995,0.990579,0.997854,1.017334,1.012886,1.012028,1.004241,0.980335,1.00209,1.016304,0.990269,1.007716,1.016607,1.017201,1.024252,1.03357,1.029809,1.019325,1.025155,1.014323,1.034607,1.046423,1.028749,1.024114,1.042432,1.06082,1.016868,1.003893,1.016547,1.004941,1.006699,1.042595,1.045563,1.045472,1.080498,1.054266,1.010504,0.991314,1.033587,1.026405,1.05283,1.036971,1.008493,1.033806,1.058517,1.019126,1.202877,1.015527,1.046703,1.051017,1.031378,1.023007,1.035491,1.048698,1.057442,1.067415,1.077791,1.040884,1.038875,1.067011,1.025597,1.042524,1.026731,1.045312,1.048166,1.025717,0.995845,1.019421,1.035304,1.009426,0.999114,1.070513,1.022583,0.997301,1.030966,1.024832,1.001517,1.007988,1.028003,1.044062,1.048264,1.01394,1.030229,1.016585,1.021541,1.021802,0.98942,1.037033,1.020808,0.99618,1.038636,1.027841,1.005689,0.969557,0.98966,1.011567,0.98036
1983-10-31,0.899386,0.8956500000000001,0.937808,0.932631,0.92926,0.95366,0.972691,0.960907,0.975611,0.970215,0.890201,0.896901,0.943031,0.943258,0.949193,0.953972,0.9517100000000001,0.964076,0.981971,0.956306,0.906006,0.917273,0.9339580000000001,0.930084,0.954859,0.945625,0.97533,0.986351,1.003089,0.962545,0.870685,0.922723,0.92594,0.9117,0.963047,0.972353,0.976857,0.995628,0.967228,0.945267,0.907725,0.940205,0.903063,0.951318,0.990048,0.952829,0.974373,1.019491,0.980225,0.980047,0.882615,0.956887,0.978827,0.966211,0.950207,0.990275,0.979538,1.004105,1.017291,0.967036,0.918959,0.967517,0.989531,0.962454,0.925357,0.97097,1.002909,0.966158,1.019764,0.962625,0.899627,0.942456,0.996162,0.979316,1.021863,1.005889,0.995415,0.962244,1.003391,0.986526,0.9041399999999999,0.9403859999999999,0.9915080000000001,0.979615,1.00434,0.977762,1.004476,0.981183,0.998589,1.016276,0.97815,0.999427,0.958217,1.010906,1.030575,0.944864,0.987543,1.014334,0.984184,1.017323
1983-11-30,1.018344,1.044439,1.025275,1.022205,1.029676,1.026213,1.025464,1.049082,1.044125,1.031392,1.049504,1.050823,1.057004,1.035518,1.049442,1.035577,1.011927,1.00805,1.038662,1.064425,1.020474,1.044821,1.042411,1.059253,1.052965,1.04331,1.02859,1.07361,1.035902,1.051324,1.090661,1.067163,1.03681,1.075582,1.065113,1.033606,1.064618,1.040084,1.052057,1.059985,1.071585,1.020442,1.061064,1.015448,1.057447,1.041846,1.04191,1.031006,1.03239,1.046678,1.072218,1.08739,1.064539,1.013096,1.053012,1.037011,1.030658,1.059574,1.0203,1.063038,1.061204,1.034535,1.044277,1.028538,1.039613,1.058635,1.026244,1.050468,1.07379,1.018295,1.059089,1.06395,1.016116,1.010916,1.090302,1.038741,1.030317,1.073154,1.026648,1.042535,1.070701,1.049917,1.039486,1.008616,1.037597,0.98177,1.005255,1.005603,1.028913,0.962394,0.985421,1.035631,1.048377,1.011002,1.009139,1.072103,1.018707,1.019841,1.009903,0.995784
1983-12-31,0.937015,0.971317,0.965409,0.987437,0.978079,0.98762,0.991992,1.002219,1.000714,0.999001,0.952617,0.952241,1.004928,0.997978,0.994135,1.006119,0.992387,0.998398,1.016997,1.021898,0.972763,1.009767,0.981487,1.013533,0.992246,1.013655,1.010078,0.985404,1.007272,0.996479,0.95878,0.95424,0.967065,1.002226,0.985083,1.014182,1.007402,0.994044,1.001922,1.002797,0.963107,0.989013,0.97665,0.967727,1.013195,0.980623,0.972086,0.99632,1.014717,1.004229,0.961081,0.964004,0.96749,1.028653,0.986282,0.999568,0.997834,0.991433,1.005972,1.015594,0.957669,0.99238,0.978792,0.982761,0.96565,0.992731,0.984334,0.98786,0.982587,1.009465,0.958291,0.964742,1.009182,1.002903,1.015858,0.959991,0.97098,0.999435,0.984216,1.015833,0.964506,0.982659,1.017657,0.977523,0.981213,0.96559,0.997241,0.9466870000000001,0.995076,1.00791,1.010862,0.991535,0.995004,1.019866,0.980156,0.975878,1.013052,0.979513,1.010851,0.989093
1984-01-31,0.99192,1.003755,0.999637,1.016517,1.024557,1.001707,1.009301,1.0147,1.018495,1.038031,0.967359,0.957747,0.968435,0.979083,0.992124,1.005189,0.992919,1.033369,1.017625,1.04622,0.934394,0.948551,0.971155,0.972856,0.969617,1.00441,1.035155,0.99267,1.024415,1.035997,0.918409,0.963818,0.984511,1.025596,0.98938,1.011177,0.984565,0.997621,1.050412,1.032073,0.924882,0.969257,0.950375,0.986056,0.954371,1.014522,1.008954,1.00336,1.014151,0.993677,0.92518,0.908524,0.920851,0.981165,0.996023,0.964323,1.001698,0.998368,0.979525,0.992576,0.912577,0.949452,0.955684,0.977295,0.985534,0.979519,1.006059,0.979433,0.975534,1.008163,0.919848,0.931458,0.967995,0.957642,0.954248,0.984773,1.011368,0.979031,1.017419,1.006943,0.92188,0.94889,0.985023,1.015864,0.986829,1.012427,0.983969,1.013398,1.029755,0.98229,0.938846,0.953403,0.978584,1.013382,0.977017,1.083936,1.024606,1.018808,1.070116,1.08153
1984-02-29,0.921591,0.931771,0.911906,0.941337,0.955365,0.928671,0.952498,0.968904,0.96215,0.950604,0.919899,0.946494,0.9342239999999999,0.946379,0.956796,0.956161,0.94764,0.953492,0.967892,0.935142,0.925535,0.933753,0.933851,0.934279,0.965565,0.970949,0.971737,0.962171,0.95716,0.978498,0.9181239999999999,0.945476,0.955273,0.935853,0.963506,0.949809,0.956076,0.977689,0.966263,0.951407,0.919585,0.94514,0.951047,0.906683,0.947693,0.951829,0.952038,0.961761,1.001818,0.9356720000000001,0.927797,0.935787,0.921229,0.929223,0.971029,0.936038,0.954822,0.949548,0.957674,0.978316,0.927299,0.944865,0.945085,0.927812,0.950245,0.93742,0.961106,0.975417,0.94515,0.939264,0.96493,0.940794,0.931246,0.948479,0.938726,0.945619,0.992021,0.940095,0.95198,0.975238,0.948179,0.951418,0.913566,0.95063,0.955672,0.920789,0.955535,0.96369,0.966929,0.948057,0.95535,0.979778,0.944588,0.936458,0.953708,0.977518,0.980845,0.977291,0.986917,1.118865
1984-03-31,0.983724,0.987111,0.998281,1.022192,1.013004,1.015144,1.012454,1.014306,1.011975,1.026354,0.994941,1.003922,1.010918,1.026502,1.029829,0.973848,1.009431,1.039693,1.009794,1.035266,0.985641,1.010649,1.018727,1.025434,1.0116290000000001,1.007861,1.027287,1.002877,1.024478,1.041852,1.007827,0.988635,1.005557,1.001373,1.028075,1.000933,1.013021,1.005986,1.029793,0.99196,0.999594,1.012829,1.015851,0.998432,1.022747,1.045385,1.014578,0.989232,1.047021,1.108795,0.9915080000000001,1.031895,1.01717,1.012778,1.007812,1.022811,1.026756,1.013087,1.005281,0.98787,1.020066,1.017294,0.989976,1.011625,1.001804,1.036666,1.020175,1.017251,1.063435,1.032451,0.971802,1.009742,1.028747,1.025725,1.036147,1.025492,1.016271,1.015516,1.039923,1.035394,1.011658,1.005078,1.03951,1.0505,1.048773,1.012158,1.036634,1.004851,1.027242,0.940265,1.0186,1.02083,1.017737,1.040849,0.986003,0.998293,1.014889,1.01576,0.973105,1.014762
1984-04-30,0.948023,0.961005,0.969906,0.970454,0.981041,0.974237,0.99762,1.000716,0.996565,0.976559,0.962932,0.996355,0.998064,0.991513,1.019382,1.00612,1.018255,0.988212,0.993506,1.007721,0.965968,0.996713,1.015137,0.985305,0.989657,1.032199,1.003131,1.016114,0.995679,0.987223,0.984553,1.012519,1.003176,1.054395,1.005978,1.001649,1.003267,0.982082,1.00194,0.963445,1.003406,1.006263,1.005505,1.037719,1.005852,0.988592,0.962956,1.010509,1.03136,1.013109,0.998589,1.000627,1.009127,1.000347,0.978455,1.014144,0.976566,1.00674,0.929222,1.00018,1.003134,1.006786,1.009357,1.000195,0.988984,0.990928,0.973533,1.002074,0.994608,0.968332,0.951595,0.991854,1.000976,0.997337,1.03787,0.983634,0.96208,0.980229,0.990047,0.962757,0.973644,1.022063,0.984483,1.002337,1.009457,0.968924,0.969488,0.988239,1.018271,0.944472,1.023443,1.009362,0.988479,1.004506,1.017417,1.018873,1.008352,1.042223,1.025866,1.027821
1984-05-31,0.922755,0.929567,0.953869,0.955897,0.964243,0.943218,0.984216,0.960952,0.96351,0.969739,0.957087,0.944091,0.954698,0.967049,0.94407,0.940558,0.9629179999999999,0.953163,0.960555,0.963676,0.940616,0.945866,0.954937,0.981854,0.942903,0.959632,0.946869,0.975702,0.975373,0.956354,0.916525,0.968943,0.932961,0.944416,0.945228,0.952358,0.963461,0.95088,0.938817,0.972693,0.911593,0.953146,0.945935,0.930883,0.917886,0.943624,0.969605,0.956666,0.9391,0.909169,0.94128,0.958126,0.930169,0.964141,0.936662,0.959802,0.954147,0.959937,0.928508,0.942473,0.973196,0.953302,0.948913,0.96139,0.950354,0.947143,0.969358,0.935362,0.898515,0.92178,0.961679,0.94641,0.946436,0.973401,0.8965609999999999,0.948491,0.942529,0.942349,0.959714,0.8813690000000001,0.99254,0.95084,0.937818,0.948568,0.920331,0.935185,0.968938,0.946417,0.9264749999999999,0.971085,0.937613,0.953236,0.966398,1.004247,0.938344,0.944059,0.970935,0.950979,0.934835,0.944951
1984-06-30,1.00272,1.002707,1.023267,1.008783,1.022752,1.012586,1.021263,1.016789,1.005532,1.009493,1.028253,1.018404,1.058479,1.045517,1.031237,1.021091,1.014742,1.010009,1.001237,1.034238,1.02947,1.032562,1.048205,1.019623,1.017696,1.003606,1.008324,1.017398,1.03291,1.011191,1.04865,1.047173,1.061051,1.034505,1.050994,1.007673,1.050524,1.030359,1.009296,0.984926,1.088845,1.049429,1.097537,0.985642,1.0366900000000001,0.990124,1.017674,1.021125,0.984049,1.013467,1.052461,1.066142,1.046708,1.058765,1.000497,1.004416,1.017628,1.007839,1.017041,0.994231,1.080729,1.042178,1.022066,1.030632,1.031165,0.98847,1.004334,1.022401,1.076961,0.991862,1.063383,1.040282,1.064624,1.053621,1.044333,1.013592,1.020967,1.011653,1.001538,1.054053,1.080734,1.065073,1.08571,1.030739,1.009748,1.007625,0.988749,1.003997,1.048618,0.979171,1.020507,1.040564,1.047578,1.061985,1.024475,1.022666,0.977525,0.997235,1.076594,0.97621
1984-07-31,0.91876,0.934577,0.943204,0.949796,0.926986,0.950724,0.982302,0.963354,0.994419,0.966435,0.93821,0.926704,0.962798,0.938611,0.963312,0.98639,0.997489,0.988672,0.983852,0.97494,0.935426,0.926206,0.937649,0.952646,0.969912,0.95646,0.986742,0.992753,0.977127,0.95039,0.957507,0.970242,0.948474,0.945526,0.999301,0.996711,0.962727,0.927795,0.944289,0.970317,0.9323,1.002849,0.960136,0.950283,0.950429,1.006856,1.006386,0.97591,0.959681,0.968533,0.979824,0.942861,0.976174,0.972631,0.918154,0.977873,0.95818,0.958137,1.029169,0.995646,0.950358,0.976726,0.958551,0.969518,0.963562,0.95209,0.932316,0.951922,0.988491,0.963193,0.96501,0.963188,0.943318,0.944076,1.017635,0.966185,0.965316,0.958682,0.998969,1.00416,0.99731,1.017762,0.975141,0.953315,0.980731,1.003805,0.994559,0.964227,1.001465,0.984783,1.017419,0.983347,0.98551,1.004364,0.995656,1.008707,0.955685,0.971939,0.961793,0.998844
1984-08-31,1.093398,1.095326,1.100534,1.095368,1.095731,1.084841,1.057299,1.058107,1.076745,1.069232,1.137455,1.1448800000000001,1.13588,1.140291,1.084483,1.078582,1.07271,1.092008,1.098813,1.109087,1.161359,1.1457869999999999,1.151337,1.106195,1.093116,1.101775,1.089153,1.080511,1.096609,1.094441,1.167049,1.139881,1.076281,1.108613,1.088817,1.111799,1.093504,1.097204,1.126458,1.101037,1.160802,1.12255,1.14835,1.1265450000000001,1.132801,1.10899,1.130213,1.116785,1.083,1.100127,1.172156,1.138517,1.147656,1.081808,1.161681,1.077384,1.111191,1.131689,1.080056,1.108727,1.116669,1.120012,1.084503,1.11582,1.118837,1.120901,1.115838,1.115089,1.084943,1.124024,1.124539,1.149768,1.157236,1.162521,1.124736,1.1273710000000001,1.116318,1.112675,1.103794,1.088684,1.152965,1.092104,1.090284,1.118532,1.103474,1.114824,1.129243,1.107668,1.0976110000000001,1.093057,1.110835,1.095673,1.094943,1.109759,1.094356,1.09769,1.125761,1.111035,1.141878,1.118672
1984-09-30,0.974839,0.98596,0.983525,0.989657,0.98422,1.027103,1.017428,1.005648,1.019824,1.020556,0.962135,0.98359,0.972788,0.996243,1.014304,0.99854,1.026081,1.00904,1.018331,1.038601,0.960601,0.976184,1.009908,0.974562,1.00061,1.016942,1.014738,1.002328,1.039027,1.016039,0.918447,0.954159,1.004347,1.018067,1.033933,1.013932,1.020665,1.012517,1.010503,1.050268,0.956258,1.004423,1.034167,1.022088,1.014194,1.021304,1.026889,1.019775,1.007096,1.052274,0.940078,0.963716,1.00213,1.00118,0.9795,1.029856,1.023251,1.010862,1.049011,1.036343,0.97153,0.976146,1.015886,0.970362,0.994414,1.017314,1.015484,1.025471,1.029241,1.001578,0.976366,1.007273,0.957122,0.9957,1.02341,1.001005,0.999607,1.020021,1.065944,1.055875,0.956415,1.009472,0.988801,0.990992,0.99546,0.992232,0.996859,1.031507,1.0395780000000001,1.062036,0.969897,0.973863,0.984994,0.979779,0.974519,1.007522,0.999693,1.030782,1.022806,1.030247
1984-10-31,0.963477,0.968392,0.968325,0.977893,0.972945,0.97484,0.980344,0.978651,1.003174,0.983379,0.95983,0.944525,1.012023,0.982635,0.970277,1.002211,0.986765,0.995515,0.954013,1.003378,0.958357,0.949869,0.986378,0.99848,0.990152,1.028466,1.000383,1.028264,1.018256,0.99908,0.972815,1.02146,0.991236,0.965513,0.984139,0.998381,1.01969,0.993938,1.004258,1.006482,0.980025,1.003949,1.02111,1.007236,0.999413,1.030958,1.032248,0.998905,0.985543,1.059556,0.973789,0.983573,0.975551,0.99046,1.00685,1.012427,0.983481,0.932129,1.016497,1.025554,0.973873,0.983867,1.00755,0.998367,0.997157,0.96348,0.961568,0.993249,1.024286,1.025627,1.021028,1.004608,1.016613,0.991103,1.00621,1.022051,1.009142,1.013638,0.9876780000000001,1.057978,0.99382,0.99942,1.004104,1.00725,1.002291,1.013393,1.007927,1.00897,1.022714,1.041701,1.005752,1.017048,1.028088,1.044099,1.011061,1.017046,0.980786,0.996645,0.965005,0.978451
1984-11-30,0.932938,0.956552,0.953246,0.946857,0.96793,0.961883,0.982038,0.973235,0.970756,0.970609,0.939294,0.968795,0.961634,0.981623,1.000537,1.0160420000000001,1.001335,0.992693,1.00274,1.018272,0.934862,0.970782,0.977354,0.985582,0.966395,0.979887,0.996326,1.012099,1.026912,0.9860949999999999,0.93727,0.942804,0.976905,0.980882,1.001376,1.019162,0.985416,1.01624,1.003701,1.021436,0.962247,0.990462,0.967639,1.007908,1.038836,1.02096,1.031737,1.01803,1.004698,0.970106,0.94214,0.965487,1.0243,1.005881,0.979231,1.00888,1.017584,1.002486,1.042087,1.023892,0.9583969999999999,0.973423,1.001204,0.973547,1.003894,0.918724,1.016263,1.012968,1.037345,1.018244,0.955887,0.981786,0.999057,0.999456,1.001682,0.994295,1.013938,0.993552,1.015145,1.0143,0.942457,0.974984,0.998829,1.008551,0.987958,0.9913959999999999,1.000946,1.012479,1.008711,1.041117,0.969447,0.989292,0.989422,0.978452,0.968665,0.98643,0.968281,0.99739,1.007583,1.014783
1984-12-31,0.990913,0.993035,1.006497,0.998744,1.000321,0.996291,1.00101,0.995307,1.000575,1.006112,1.018165,1.017772,1.020071,1.012232,1.017682,1.027149,1.022955,0.999855,1.006826,1.015186,1.020181,1.046684,1.018042,1.018567,1.0290569999999999,1.019649,1.017897,1.031036,1.019682,1.017347,1.01575,1.01503,1.020846,1.031212,1.006858,1.019883,1.027353,1.015431,1.05318,1.01723,1.051149,1.026665,1.034342,1.03097,0.988856,1.019121,1.013223,1.031127,1.029338,1.019674,1.048206,1.050438,1.023251,1.058622,1.006721,1.012602,1.013472,0.989957,1.02173,1.011676,1.034872,1.035467,1.008277,1.013257,1.045015,1.060481,0.999415,1.001456,1.022804,1.030377,1.045661,1.016861,1.039337,1.013464,0.996966,1.017365,1.037582,1.05109,1.041904,1.036628,1.067585,1.054956,1.025048,1.018626,1.019745,1.045898,1.025833,1.026345,1.043262,1.03229,1.019646,1.023666,1.020438,1.029772,1.021098,1.02785,1.037945,1.029746,0.994949,1.032646
1985-01-31,1.155567,1.153003,1.163284,1.137817,1.126379,1.111617,1.104995,1.096728,1.0857809999999999,1.088332,1.152375,1.173257,1.142269,1.160253,1.099078,1.080988,1.098056,1.104931,1.086633,1.078457,1.187295,1.120246,1.182869,1.087697,1.129721,1.102587,1.083058,1.10977,1.076543,1.071665,1.152261,1.158256,1.136873,1.09171,1.073441,1.076576,1.094349,1.105116,1.031731,1.148082,1.151772,1.105994,1.104564,1.119866,1.064732,1.09747,1.10106,1.074578,1.090628,1.07971,1.141601,1.1444239999999999,1.104952,1.093587,1.121967,1.097174,1.093443,1.103118,1.08251,1.077895,1.1584349999999999,1.104199,1.138908,1.108142,1.080423,1.056932,1.100964,1.09789,1.067915,1.097757,1.129986,1.089281,1.124216,1.1321620000000001,1.11705,1.076164,1.065916,1.0745149999999999,1.059922,1.037096,1.112557,1.075352,1.086524,1.061525,1.0717889999999999,1.083676,1.079032,1.071505,1.036834,1.029906,1.107293,1.082624,1.080918,1.076949,1.080483,1.071078,1.087852,1.057977,1.050563,1.045495
1985-02-28,1.042937,1.050332,1.048577,1.045902,1.027196,1.079916,1.049222,1.04681,1.015954,1.063698,1.033797,1.023846,1.054286,1.036869,1.019376,1.020367,1.000799,1.004699,1.009582,1.049496,1.028747,1.027962,1.046054,1.037173,1.020723,1.024798,1.023513,1.00569,1.01018,0.998463,1.026877,1.037651,1.02099,1.029502,1.017803,1.033471,1.030487,1.010069,1.028683,1.011705,1.007954,1.028408,1.008766,1.011652,1.004747,1.043871,1.024699,0.997848,1.022525,0.992,1.014343,1.068088,1.004393,1.014374,0.994829,1.00127,1.0201,1.0186,0.983875,0.986493,1.032176,1.018501,1.008588,0.996923,1.010345,1.012868,1.013411,0.992295,0.995298,1.009575,1.035345,1.015344,0.977092,0.985742,1.005822,1.032908,1.03147,1.041651,1.026355,0.999878,1.002296,0.993028,1.02949,1.035439,1.022373,1.048669,1.003694,1.021784,1.031798,1.004985,0.996608,1.014931,1.0397129999999999,1.002395,1.016048,0.999948,1.041697,1.023062,1.036571,1.015824
1985-03-31,0.97631,0.970199,0.962921,0.97822,0.984935,0.986204,0.976623,0.99972,0.992518,1.005894,0.970188,0.975856,0.97504,0.966118,0.971486,1.011108,0.996364,0.978524,0.978994,0.999513,0.958554,0.933111,0.962065,0.953614,0.976792,1.003908,1.020515,1.016323,1.048736,1.022063,0.956311,0.959606,0.978756,0.959407,0.963515,1.0193,1.001372,0.984236,1.030104,1.021295,0.964965,0.962265,1.007908,0.976836,1.008406,0.99521,1.011207,1.008456,0.997464,1.074464,0.936086,0.99032,0.996922,0.966993,0.961792,0.963416,1.012081,0.988812,1.03258,1.042333,0.961706,0.961724,1.058667,0.98535,0.997589,1.125091,0.969711,1.008885,1.068089,0.994005,0.969338,0.991458,0.931189,0.949992,0.982974,0.985384,1.021962,1.011704,1.065961,1.038164,0.9261280000000001,1.017375,1.018331,1.021265,1.01253,1.008483,1.002446,1.015335,1.031461,1.02814,0.977746,0.996245,1.01606,0.995887,1.015692,0.968859,0.981715,1.024951,1.007562,1.019383
1985-04-30,0.963301,0.997379,0.973988,0.982607,1.002214,0.979573,1.007997,1.005038,0.999747,0.972926,0.986594,0.976144,0.98882,0.988092,1.024272,0.995146,0.998192,1.00983,0.986545,1.014582,0.974307,0.968028,0.958143,0.97222,0.961767,0.995941,1.00147,1.023311,1.013575,1.027713,0.947126,1.020153,1.013322,0.994349,0.982881,1.028312,1.04437,1.01935,0.980407,1.006041,0.990795,0.984983,0.992658,0.987989,0.994412,1.003393,1.026724,1.045044,1.044724,1.003716,0.979549,1.006242,0.988819,0.956673,0.987687,0.997479,1.001013,1.045755,1.021731,0.996336,0.982601,1.013557,0.961837,0.987009,0.99582,0.99004,0.977355,0.990962,1.040719,0.993012,0.974044,0.988639,0.946062,0.974194,0.998235,1.016095,1.006577,1.03377,1.005792,1.002452,0.983123,0.98105,1.018453,0.969526,1.003743,1.005924,0.980429,1.005504,0.990544,1.025726,0.980777,0.986228,0.963754,0.978202,1.003552,0.9645900000000001,1.035523,1.010548,1.035902,1.039821
1985-05-31,1.01295,1.024932,1.037814,1.049072,1.017883,1.038905,1.023754,1.023964,1.001537,0.997763,1.040408,1.030178,1.048499,1.02716,1.056354,1.033523,1.035315,1.019845,1.003087,1.037679,1.049271,1.008769,1.063763,1.031862,1.041723,0.993499,1.061133,1.042592,1.03979,1.052697,1.033014,1.062239,1.044239,1.014837,1.028321,1.051496,1.062365,1.039087,1.030845,1.009309,1.05668,1.05794,1.054391,1.064257,1.019747,1.036474,1.064758,1.044711,1.04817,1.042316,1.064124,1.075978,1.057121,1.042973,1.030509,1.036689,1.02867,1.045832,1.058418,1.019904,1.028852,1.083331,1.0639669999999999,1.062175,1.056026,1.033904,1.036445,1.032107,1.035918,1.101907,1.078477,1.084779,1.037333,1.065497,1.060143,1.057447,1.031868,1.05938,1.066539,1.0479,1.059706,1.086525,1.05203,1.106207,1.083615,1.067388,1.079655,1.071142,1.083037,1.048739,1.052829,1.060091,1.075206,1.071455,1.13147,1.072113,1.040156,1.054298,1.039743,1.03587
1985-06-30,0.999574,1.008204,1.001263,0.991375,1.011097,1.003456,1.004771,1.004314,1.027955,1.012531,1.003626,1.013747,1.007471,1.023897,1.01149,1.014008,1.02851,1.012285,1.030994,1.018764,0.988826,1.005775,1.023118,1.015872,1.008631,1.000691,1.017923,1.025882,1.046602,1.04086,1.021862,1.023346,1.038203,1.013563,1.030493,1.038912,1.042475,1.020363,1.043513,1.018543,1.016751,1.041363,1.028232,1.001458,1.03488,1.06413,1.064263,1.021537,1.004659,1.029407,1.02707,1.02497,1.026967,1.010729,1.014244,1.037446,1.016861,1.00567,1.043198,1.046245,1.017678,1.027776,1.003432,1.020175,1.013244,1.050137,1.015193,1.041626,1.023079,0.99747,1.017392,1.017574,1.026754,1.025448,1.008745,1.028558,1.032191,1.043294,0.996276,1.029028,1.042519,1.03036,1.032972,1.015891,1.028476,1.032875,1.037285,0.991535,1.008183,1.036977,0.993278,1.014817,1.035129,1.026768,1.00056,1.007222,1.010657,0.995979,1.024587,1.020975
1985-07-31,1.008736,1.046141,1.016847,1.042789,1.032002,1.031227,1.007912,1.006707,1.01512,1.036308,1.029115,1.036621,1.035105,1.020986,1.018166,1.014605,1.025468,1.025803,0.99948,1.025199,1.026492,1.02951,1.040253,1.033516,1.029376,1.039045,1.016448,1.026418,0.996574,1.007176,1.028067,1.051759,1.030873,1.032461,1.064478,1.046685,1.00289,0.956423,1.002959,1.020904,1.0204,0.992711,1.047236,1.017563,1.022324,1.00465,1.011028,1.006585,1.008272,1.026182,1.01504,1.008768,1.028957,1.017236,1.017665,1.00882,0.989814,1.049362,1.000632,1.065448,0.988275,0.991017,1.009406,1.016846,1.008406,1.012872,0.995967,1.007887,1.031262,1.008854,1.006097,0.992905,0.984916,1.011045,1.041587,0.989421,0.979772,0.961417,0.99964,1.000186,0.992521,1.001431,0.96508,0.989735,1.026122,0.982429,0.966449,0.985138,0.958971,0.934098,1.012867,1.00253,1.005907,1.001874,0.962725,0.989189,0.984468,0.994032,0.967627,1.00954
1985-08-31,0.990735,0.9876,0.992915,0.998857,1.005066,0.986698,1.005345,0.983284,0.986434,0.992628,0.976717,0.975591,0.989855,0.978187,0.979443,1.001145,0.999302,1.011668,0.994945,0.998932,0.974361,0.987089,0.995499,1.004429,0.991626,1.025236,1.000337,1.0152,1.005611,1.009372,0.968779,1.006512,0.972627,0.993639,0.995508,1.021497,1.00565,0.99296,0.992071,1.007433,0.9636979999999999,0.993049,0.966101,1.006258,0.997531,1.007287,0.986121,0.987976,1.02747,1.01667,0.978733,0.976192,0.991667,1.004406,0.998924,0.995634,0.998496,0.996909,1.005041,0.969828,0.982004,0.987472,0.984196,1.032354,1.008504,1.013213,0.9938,0.981714,1.008252,1.005593,0.974405,0.983683,1.001879,0.968025,0.999093,1.017737,0.997337,1.02111,0.999858,0.996261,0.973173,0.991723,0.983986,1.007964,0.990717,0.990624,1.007445,1.007153,1.004615,1.000764,0.984674,0.977032,0.999287,1.00547,1.005347,0.984216,0.994369,1.019721,1.007988,1.010004
1985-09-30,0.906488,0.923386,0.944985,0.935326,0.9445209999999999,0.9578450000000001,0.948707,0.977445,0.94776,0.951812,0.91803,0.945018,0.94075,0.942122,0.950308,0.950044,0.962933,0.951847,0.976129,0.970705,0.934526,0.919549,0.925842,0.956393,0.9638100000000001,0.962113,0.970537,0.942854,0.941454,0.950329,0.926268,0.91703,0.945078,0.932614,0.947756,0.984184,0.98033,0.943682,0.957788,0.933561,0.92008,0.913459,0.964398,0.936647,0.966703,0.939188,0.982616,0.97766,0.975163,0.95159,0.943027,0.945725,0.967052,0.955053,0.987804,0.959145,0.951175,0.936914,0.974959,0.943601,0.929202,0.966029,0.92767,0.984654,0.947241,0.963981,0.943605,0.930877,0.9543740000000001,0.959344,0.958394,0.950926,0.965075,0.951677,0.950062,0.954485,0.942165,0.928193,0.955376,0.945594,0.943762,0.953703,0.978535,1.007223,0.970368,0.958924,0.946763,0.923593,0.932036,0.890439,0.973287,0.957943,0.969773,1.003543,0.960653,0.98894,0.978451,0.980776,0.961097,0.978999
1985-10-31,0.995251,1.004552,1.016677,0.989765,1.029412,1.023826,1.006617,1.028533,1.033737,1.000071,1.011358,1.024953,1.031301,1.034311,1.065358,1.029091,1.052742,1.051846,1.009483,1.040383,1.026528,1.061877,1.042403,1.021911,1.043484,1.031108,1.071591,1.058875,1.004812,1.062913,1.05983,1.009237,1.046262,1.0295,1.030399,1.05472,1.059543,1.039741,1.061667,1.008795,1.03387,1.091075,1.032979,1.025323,1.046619,1.051995,1.025844,1.035565,1.026424,1.054677,1.021252,1.049217,1.073819,1.044298,1.037231,1.045338,1.027759,1.000081,1.03576,1.013962,1.03611,1.073454,1.055981,1.049855,1.013805,1.052616,1.044126,1.067715,1.04728,1.027616,1.058837,1.065685,1.064945,1.040395,1.056063,1.04157,1.062247,1.049481,1.082688,1.052884,1.069609,1.049438,1.059302,1.065755,1.037051,1.076341,1.083709,1.059121,1.079251,1.117264,1.033654,1.032843,1.023462,1.042102,1.056494,1.018523,1.063641,1.035458,1.063708,1.049196
1985-11-30,1.033724,1.041534,1.055278,1.068581,1.051691,1.05701,1.045108,1.042554,1.034433,1.044875,1.08554,1.055886,1.067378,1.071769,1.073712,1.073655,1.048083,1.069115,1.05884,1.04772,1.100043,1.10081,1.078594,1.061619,1.062234,1.067146,1.089342,1.069735,1.061754,1.080089,1.093234,1.079053,1.085133,1.059525,1.094286,1.08333,1.063272,1.063321,1.110368,1.027482,1.094301,1.062467,1.078821,1.109488,1.062443,1.058669,1.06321,1.0645769999999999,1.084442,1.067834,1.066217,1.077167,1.046357,1.07078,1.045905,1.081017,1.084644,1.02552,1.036396,1.096171,1.103232,1.091813,1.052413,1.086992,1.091898,1.083968,1.093851,1.045301,1.038928,1.045452,1.0883,1.06543,1.057164,1.070385,1.083726,1.07955,1.059401,1.04219,1.061046,1.054107,1.08502,1.0790980000000001,1.078257,1.104177,1.070227,1.075864,1.053592,1.055349,1.045324,1.067705,1.096026,1.11224,1.079151,1.065144,1.091802,1.066097,1.033056,1.041498,1.06408,1.014659
1985-12-31,1.020373,1.024526,1.041175,1.058932,1.041788,1.0381610000000001,1.0283,1.032539,1.042794,1.011374,1.057328,1.040776,1.06175,1.052109,1.0708280000000001,1.017549,1.060458,1.043096,1.046356,1.046412,1.042997,1.080165,1.047397,1.047347,1.051583,1.059629,1.028171,1.025713,1.037922,1.008218,1.047001,1.047559,1.036855,1.040218,1.061886,1.044846,1.04712,1.036918,0.999016,0.986274,1.062978,1.064812,1.038462,1.04191,1.053225,1.02496,1.009128,1.021405,1.029178,1.095842,1.050501,1.048111,1.064803,1.034108,1.021681,1.001298,1.043848,1.025808,1.045376,1.049713,1.0319989999999999,1.04273,1.073189,1.014839,1.054873,1.008871,1.007129,1.044864,1.053829,1.062421,1.035366,1.040059,1.044413,1.039273,1.021313,1.0324,1.049551,1.067781,1.048192,1.056446,1.039687,1.052983,1.013927,1.028175,1.041283,1.033584,1.0411,1.044663,1.045045,1.093497,1.073745,1.06956,1.047601,1.044929,1.070293,1.035171,1.0239,1.030812,1.062275,1.000976
1986-01-31,1.0601,1.047431,1.037653,1.017831,1.041841,1.019995,1.013905,1.019381,1.023336,1.057613,1.026243,1.00798,1.018833,1.00044,1.025766,1.014951,1.009436,1.047868,1.008772,1.01962,1.004549,1.05192,0.993155,1.018949,0.994907,0.998499,1.007901,1.021686,1.022499,1.019054,0.994707,1.012061,1.031255,1.041313,1.020575,1.010397,0.989819,1.006564,1.01375,1.039045,1.047686,0.993839,1.012232,1.02264,1.034201,1.002386,1.009369,1.027741,1.0291,1.010916,0.997298,1.024012,1.029978,1.055865,1.0104899999999999,1.024184,1.014431,1.047469,1.025901,1.040774,1.013854,1.011849,1.000014,1.006809,1.009326,1.036481,0.987632,1.011408,1.013378,1.084853,1.010636,1.008778,1.001781,1.012307,1.026972,1.009763,1.04119,1.037444,1.021313,1.004157,1.003204,1.024882,1.017476,1.034303,1.051542,1.050749,0.998559,1.042964,1.020336,0.987677,0.992402,1.013725,1.019904,0.981316,0.972467,1.039621,0.974829,0.975948,1.017891,1.009436
1986-02-28,1.04205,1.06405,1.053019,1.042473,1.094203,1.066728,1.064184,1.064726,1.062293,1.044453,1.065185,1.074873,1.081606,1.079035,1.024092,1.072071,1.061276,1.130925,1.059523,1.05909,1.0823990000000001,1.062578,1.091555,1.089083,1.080372,1.084166,1.064591,1.089109,1.055254,1.023151,1.078683,1.066308,1.053929,1.059391,1.073262,1.055695,1.096355,1.115839,1.079569,1.036994,1.079016,1.066585,1.111007,1.087106,1.076173,1.093629,1.042388,1.092965,1.07992,1.057907,1.066635,1.049105,1.114132,1.073707,1.091028,1.026556,1.097035,1.048351,1.045875,1.092614,1.053719,1.077555,1.108898,1.1012,1.069294,1.038023,1.105823,1.06629,1.0674649999999999,1.086357,1.097442,1.089278,1.071064,1.108497,1.048153,1.105278,1.074054,1.062965,1.068142,1.074906,1.103994,1.099816,1.107658,1.078303,1.06089,1.115207,1.057803,1.054334,1.071099,1.170765,1.051851,1.093429,1.088586,1.138102,1.079611,1.091493,1.069179,1.066352,1.069538,1.058347
1986-03-31,1.042062,1.0363310000000001,1.0494,1.032047,1.040395,1.037403,1.025941,1.055069,1.067097,1.054857,1.032172,1.089589,1.07676,1.048715,1.07861,1.050448,1.047756,1.05577,1.068617,1.076118,1.025114,1.033742,1.042296,1.043898,1.099878,1.039313,1.038157,1.053924,1.078824,1.105866,1.028527,1.071355,1.051483,1.064769,1.050179,1.050773,1.053732,1.049589,1.072067,1.024735,1.024182,1.045658,1.056543,1.067846,1.039501,1.057398,1.058039,1.030859,1.087071,0.997526,1.074971,1.051807,1.093383,1.07516,1.063077,1.026906,1.08159,1.042206,1.060451,1.067437,1.089336,1.046041,1.041583,1.084888,1.074795,1.064651,1.037422,1.060152,1.066973,1.077504,1.072314,1.025325,1.059055,1.024294,1.077401,1.035977,1.022873,1.045004,1.058721,0.986609,1.038096,1.043357,1.07108,1.045543,1.034952,1.048968,1.05547,1.019531,1.049645,1.046147,1.055192,1.072302,1.079899,1.086436,1.046277,1.0810629999999999,1.05817,1.036558,1.06051,1.020105
1986-04-30,1.01067,1.024996,1.027821,1.028871,1.019615,0.995815,1.003078,1.017567,1.01411,1.007014,1.052872,1.01896,1.027985,1.005614,1.008346,1.011111,0.989508,1.00928,1.018738,0.975059,1.030855,0.998084,1.018104,1.005994,0.976773,0.99278,1.028455,1.002965,0.983037,0.965397,1.019824,1.043973,1.02567,1.022682,0.992995,1.021396,0.990878,1.044693,1.008319,0.974287,1.046421,0.989015,0.970307,1.050541,0.99907,1.014317,1.033293,1.023987,1.013048,0.992099,1.020908,0.988714,1.04696,1.021938,1.014216,1.004948,0.995333,1.000802,0.989522,0.957955,1.030517,0.98322,1.001414,0.987878,0.99168,1.018432,0.977917,0.945999,0.95624,0.947649,1.036175,1.013195,0.994795,1.012357,0.992284,0.968778,0.993744,0.974364,0.944165,0.969325,1.001298,1.009934,0.987918,0.963286,0.992917,0.972165,0.952636,0.966221,0.940633,0.962998,1.021338,0.985397,1.007933,0.9855,0.99276,0.951613,0.983867,0.955159,0.980143,0.975804
1986-05-31,1.034836,1.043589,1.028011,1.016709,1.0472,1.031754,1.046032,1.036482,1.009281,1.055624,1.045887,1.04333,1.042468,1.049767,1.065046,1.038226,1.054781,1.016432,0.989058,1.085055,1.022668,1.027327,1.025435,0.998694,1.049295,1.048535,1.019989,1.03856,1.004691,1.054155,1.051689,1.017249,1.014467,1.046301,1.069801,1.052674,1.065237,1.027637,1.033538,1.004859,1.025398,1.062842,1.01176,1.090836,1.066067,1.05665,1.057333,1.069005,1.051294,1.001054,1.081604,1.077775,1.012562,1.051133,1.063971,1.047319,1.040182,1.051053,1.035957,1.048655,1.058239,1.056373,1.024076,1.05127,1.037838,1.048563,1.064719,1.037627,1.060478,1.026642,1.091163,1.033243,1.031576,1.046793,1.084453,1.053996,1.034414,1.04643,1.061556,1.03209,1.08687,1.069884,1.070818,1.06779,1.023972,1.062859,1.0575,1.030128,1.054066,1.007727,1.035924,1.060455,1.055511,1.06501,1.030994,1.016911,1.080353,1.054971,1.067566,1.040299
1986-06-30,1.005793,1.010788,0.9887589999999999,0.983077,1.001192,0.988686,1.014392,1.027364,1.019822,1.029176,1.020971,0.950104,0.991195,0.96616,1.018101,1.000042,1.014356,0.997275,1.001914,1.024344,1.00536,0.992567,0.975295,1.020418,1.024696,1.024407,1.017289,0.99417,0.996871,1.052626,1.022044,0.993797,1.021462,0.996859,1.021558,1.025471,1.02067,1.034529,1.050027,0.992196,0.998646,1.02488,0.967904,0.98254,1.006628,1.02379,1.018075,1.013317,0.989944,1.049375,1.032757,0.989123,1.040195,0.974531,1.019086,1.055415,1.001774,0.989688,1.037504,1.006002,1.008011,1.02782,1.008274,1.009518,1.001041,0.992347,0.984179,1.030585,1.024665,1.019657,1.025634,1.011145,1.031433,0.986059,0.977501,1.022124,1.079365,1.029715,1.016193,0.989509,0.982795,1.010485,1.015824,1.028871,1.036373,1.014495,1.0298910000000001,0.987913,1.04892,1.010017,1.022845,1.030809,1.00206,1.051611,1.005124,0.998305,0.992291,1.040245,1.055571,0.966293
1986-07-31,0.906836,0.906405,0.90591,0.936883,0.9212359999999999,0.902828,0.940874,0.9268,0.935455,0.900609,0.880033,0.91223,0.891693,0.926787,0.929748,0.908846,0.9197569999999999,0.958788,0.891655,0.919077,0.877222,0.890079,0.905899,0.897633,0.8755729999999999,0.879699,0.926986,0.97154,0.976254,0.890798,0.887363,0.891259,0.892141,0.919181,0.959406,0.893731,0.954399,0.954767,0.95878,0.925773,0.881104,0.914174,0.903892,0.9072560000000001,0.905075,0.894237,0.887354,0.980923,0.958593,0.921215,0.9100820000000001,0.89764,0.926472,0.941083,0.924646,0.945453,0.9383859999999999,0.947915,1.003821,0.887368,0.927987,0.904336,0.948888,0.942721,0.924737,0.924472,0.894258,1.003826,0.966866,0.945527,0.87939,0.94731,0.911537,0.913363,0.948162,0.92525,0.937697,0.973634,0.945056,0.991154,0.905728,0.934445,0.913776,0.921405,0.976468,0.959627,0.951984,0.971324,1.012116,0.967579,0.949375,0.921957,0.955377,0.953498,0.940779,0.949253,0.971862,0.988888,0.983473,0.943776
1986-08-31,0.987322,0.995346,1.001322,0.993545,0.997262,1.031029,1.019401,0.990757,1.016124,1.021449,1.015251,1.017302,1.020605,1.005049,1.028342,1.035314,1.046921,1.017746,1.053849,0.982051,1.015281,1.012323,1.047146,1.033417,1.039845,1.01756,1.029704,1.040609,1.063804,1.080849,1.0125,1.065157,1.039911,1.052661,1.037465,1.062106,1.066451,1.071919,1.031959,0.991555,1.01721,1.058735,1.025685,1.011163,1.052487,1.056279,1.044713,1.069912,1.060004,1.07551,1.032533,1.084163,1.040896,1.059925,1.070093,1.051569,1.091108,1.068977,1.11725,1.073276,1.034389,1.042689,1.074331,1.059418,1.062992,1.108105,1.119105,1.04794,1.066564,1.087194,1.047263,1.047272,1.054142,1.074843,1.039171,1.094766,1.127062,1.097062,1.120981,1.08869,1.024991,1.037742,1.047303,1.063635,1.060846,1.076259,1.119563,1.096533,1.110146,1.068726,1.029745,1.053599,1.052844,1.098694,1.047965,1.074541,1.129188,1.06518,1.090859,1.146635
1986-09-30,0.9156,0.934822,0.913997,0.9572579999999999,0.940536,0.954313,0.956094,0.950842,0.958377,0.969486,0.912623,0.923711,0.923689,0.95757,0.937111,0.956803,0.954557,0.959266,0.934165,1.007009,0.92172,0.933875,0.931265,0.932399,0.949924,0.939397,0.952754,0.979494,0.931851,0.972537,0.909814,0.899346,0.940869,0.968388,0.968828,0.937777,0.996261,0.9744,0.946209,0.897456,0.923352,0.916541,0.920694,0.929284,0.936161,0.992822,0.943731,0.94132,0.943239,0.943948,0.918945,0.923777,0.910733,0.933212,0.935592,0.970502,0.966213,0.944419,0.958686,0.94876,0.91107,0.969528,0.916882,0.938132,0.933387,0.936199,0.934951,0.893677,0.953829,0.935325,0.874642,0.904908,0.947709,0.93665,0.923388,0.9066810000000001,0.944302,0.937414,0.93358,0.937135,0.873734,0.928763,0.902755,0.887356,0.914107,0.951486,0.937907,0.916212,0.912242,0.95178,0.871855,0.908347,0.870744,0.912483,0.913239,0.917448,0.930302,0.9031279999999999,0.900171,1.002516
1986-10-31,0.996971,1.044011,1.034737,1.022889,1.017459,1.014188,1.03285,1.021308,1.017529,1.007179,1.013724,1.054298,1.034485,1.021133,1.022479,1.018699,1.062574,1.012487,0.987986,1.008286,1.031864,1.073289,1.09313,1.044778,1.046532,1.043762,1.053201,1.001483,1.048222,1.029355,1.064304,1.094175,1.0237020000000001,1.03297,1.035304,1.011779,1.065344,0.996487,1.010139,0.96309,1.030134,1.06665,1.02376,1.029122,1.007971,1.016825,1.015881,1.030247,1.038422,1.02596,1.063868,1.076363,1.032213,1.022225,1.0042740000000001,1.021447,1.006617,1.03834,1.023817,1.020314,1.051461,1.038943,1.054239,1.051209,1.074091,1.029859,1.079551,1.070709,1.052299,1.01516,1.088323,1.043826,1.068956,1.084143,1.022753,1.063518,1.052276,1.048691,1.050678,1.051618,1.113351,1.050972,1.061301,1.086251,1.056531,1.049907,1.059045,1.032905,1.083142,1.073712,1.082803,1.023157,1.085303,1.048834,1.085308,1.057198,1.034534,1.06501,1.060936,1.043394
1986-11-30,0.968466,0.985519,1.010825,0.98563,1.005968,1.005145,0.990683,1.000456,1.007189,0.989528,0.984964,0.973937,1.0048,1.011856,0.996744,1.005321,0.996592,1.026882,1.028524,1.057758,1.015043,0.983462,1.031975,0.990378,1.010435,1.002219,1.004803,0.93858,0.993441,0.990881,0.996958,1.008481,1.012965,0.975393,0.994432,0.987169,0.988353,0.973044,1.03857,0.960277,0.993657,1.017618,1.031213,0.999533,1.000736,0.971928,0.990908,1.028637,0.998639,1.026345,0.995289,1.001723,0.994893,0.998204,0.986964,0.998998,1.008364,1.019058,0.975468,0.998284,1.019348,1.016985,1.018373,1.015421,1.015491,1.001374,0.982614,0.991494,1.002557,0.991682,1.005217,1.012424,1.011392,1.004113,1.024614,1.014005,0.992753,0.98443,1.030976,1.019903,1.004698,1.031933,1.02998,0.999061,0.996089,1.013976,1.006165,1.018504,1.018415,1.021864,1.021351,1.032075,1.008457,1.032943,1.046312,1.019305,1.030054,1.026942,1.020203,1.010301
1986-12-31,0.931319,0.974233,0.962728,0.972189,0.962187,0.958248,0.982022,0.955098,0.97615,0.968291,0.928208,0.975976,0.989128,0.990825,0.951456,0.982488,1.01619,0.963303,0.984954,0.938554,0.956288,0.984493,0.960466,0.986531,0.969615,0.948387,0.971172,0.976467,1.006302,1.020435,0.972993,0.967954,0.997435,0.97863,0.963332,0.975829,0.980011,0.959978,0.995877,1.008937,0.991992,0.988037,0.95858,0.99216,0.953157,0.943551,0.967258,0.997566,0.975485,0.97368,0.944309,0.992655,0.97976,0.992741,0.975994,0.963032,0.974575,0.979224,1.0029,1.016015,0.97122,0.944728,0.965271,0.999254,0.964332,0.963533,0.990798,0.9654739999999999,0.963632,0.972832,0.947308,0.952972,0.959359,0.961414,0.959443,0.99584,0.975941,0.967137,0.968358,0.951021,0.970507,0.940956,0.96441,0.96905,0.951196,0.946637,0.961525,0.968161,0.969049,0.972546,1.001428,0.978547,0.977785,0.980316,0.958825,0.976661,0.974868,0.972387,0.955737,0.993128
1987-01-31,1.112937,1.081418,1.083911,1.104169,1.104402,1.10977,1.090052,1.08457,1.109388,1.110614,1.110155,1.123897,1.1213,1.093027,1.130868,1.078139,1.118217,1.095971,1.070075,1.065356,1.1201,1.1449,1.120457,1.138429,1.090488,1.147538,1.103642,1.05821,1.110901,1.131565,1.117804,1.17993,1.129528,1.099759,1.112608,1.088575,1.133397,1.07802,1.065965,1.121654,1.123385,1.1335709999999999,1.146294,1.111926,1.111655,1.124301,1.089187,1.096726,1.085023,1.078311,1.141986,1.172491,1.129443,1.132457,1.063816,1.074394,1.124113,1.094151,1.089782,1.143202,1.145485,1.148263,1.144013,1.128076,1.12686,1.136378,1.139873,1.077871,1.101689,1.086888,1.131206,1.141561,1.113814,1.111871,1.086658,1.081477,1.182775,1.087775,1.155451,1.068452,1.18131,1.1250149999999999,1.158408,1.133612,1.060771,1.097637,1.129754,1.111403,1.121552,1.117751,1.129333,1.131945,1.160539,1.188698,1.123947,1.1524130000000001,1.149059,1.091205,1.128583,1.103912
1987-02-28,1.094119,1.123515,1.078405,1.102891,1.084652,1.079989,1.080501,1.06188,1.076286,1.055655,1.109883,1.099955,1.070237,1.085292,1.05504,1.05921,1.075131,1.069011,1.074279,1.055735,1.093593,1.072839,1.090022,1.072982,1.095155,1.026463,1.088155,1.024708,1.0223119999999999,1.057185,1.097703,1.109632,1.114705,1.072565,1.059943,1.063378,1.047872,1.068692,1.058501,1.083116,1.10361,1.064564,1.061534,1.067245,1.042494,1.060296,1.078057,1.026081,1.043034,1.035349,1.105546,1.052397,1.091612,1.088674,1.055949,1.049857,1.037347,1.039463,1.047924,1.048476,1.0451,1.045573,1.074291,1.080362,1.069584,1.086635,1.0707740000000001,1.026581,1.03041,1.025896,1.115031,1.060123,1.0683340000000001,1.061877,1.03508,1.078836,1.048028,1.001535,1.021108,1.043829,1.108534,1.056083,1.097272,1.062935,1.066037,1.064977,1.002568,1.007926,0.995856,0.960396,1.085165,1.079495,1.021393,1.080718,0.988468,1.07307,0.988869,0.998333,0.991657,0.989555
1987-03-31,1.029786,1.030388,1.020017,1.037616,1.046709,1.017239,1.010326,1.044668,1.043375,1.065078,0.995608,1.017594,1.016297,1.09236,1.009093,1.003869,1.055789,1.030619,1.029546,1.017062,1.043834,0.99471,1.023927,1.054123,1.025597,1.037244,1.016834,1.024044,1.026503,1.029706,1.003302,0.999356,1.02091,1.021531,0.997594,1.024029,1.014149,1.048916,1.018941,1.081296,1.01602,1.008522,1.008142,1.026519,1.055047,1.01831,1.028516,1.025231,1.052731,1.025057,1.010119,0.975718,1.035244,0.994294,0.993968,1.015961,1.039348,1.004369,1.026656,1.030256,1.005456,1.014392,1.025147,1.000301,1.013992,0.990101,1.008731,1.00243,0.98492,0.989617,1.024977,1.033671,1.004492,1.037379,1.053943,1.002653,1.031809,1.018542,0.994342,0.954212,1.001726,0.988751,1.026858,0.98995,1.003585,0.990028,1.003187,1.034971,1.025135,1.032355,1.007356,1.02265,1.024073,1.027378,1.007583,1.027245,1.061121,0.98813,1.020244,1.105245
1987-04-30,0.985772,0.977754,0.991997,0.961738,0.977692,0.985745,0.991359,0.976107,0.97994,0.999507,0.96921,0.973126,0.986728,0.967408,0.971109,0.972109,1.030284,0.983532,0.952583,0.999674,0.957373,0.97761,1.008879,0.968047,0.972736,0.970683,0.985225,0.977293,0.973521,0.962473,0.953042,0.969572,0.970841,0.963366,0.96575,0.974678,0.9649490000000001,0.9202589999999999,0.95179,0.909909,0.9660839999999999,0.975593,1.010555,0.970664,0.926141,0.953229,0.986509,0.969951,0.972771,0.934484,0.963708,1.024005,0.965761,0.975547,0.963188,0.96633,0.991736,0.969349,0.974741,0.991053,0.964186,0.976295,0.997953,0.984956,1.000536,0.982251,1.036876,0.969985,0.993735,0.983642,0.962968,0.958589,0.985598,0.936987,0.945594,0.968871,0.974195,0.963785,0.969457,1.02375,0.9619489999999999,0.962009,0.999274,0.942895,0.970521,0.986405,1.001711,0.992026,0.982324,0.949476,0.969388,1.003585,0.962194,1.028746,0.974161,0.986286,1.009614,0.960761,1.009789,0.99001
1987-05-31,0.990612,1.009354,0.995623,0.986504,1.011887,1.004597,1.010965,0.993904,1.003248,1.046667,1.006343,0.982002,0.968287,1.005227,0.998581,0.981722,1.016949,1.000625,1.011216,1.071978,0.981908,1.009468,0.986424,1.009048,0.989855,1.026171,0.983913,1.030367,0.984415,1.040348,0.988444,0.996701,0.993086,1.01247,0.997801,0.999753,1.001306,1.002595,0.985488,0.977127,1.010385,1.016035,0.993713,0.999235,0.962387,0.999416,1.004025,1.005702,0.981328,0.99044,1.002855,1.001337,0.981949,1.028861,0.992451,1.003774,0.988739,1.020755,1.006972,1.033512,1.025046,1.024194,0.999089,1.022622,0.982538,0.989266,1.013599,0.983499,1.007987,0.988328,1.008244,1.023902,1.01514,0.975244,1.002922,1.005604,0.956751,1.022338,1.0043,1.065879,1.018518,1.020689,0.987896,1.003355,1.008451,1.001562,0.996995,1.022913,0.991804,0.957304,1.017957,1.018852,1.002474,0.98674,1.011551,0.951599,1.010574,1.000344,1.000579,1.028506
1987-06-30,0.996734,1.015999,1.011775,1.042377,1.031413,1.018368,1.030584,1.016898,1.028257,1.040308,0.990194,1.002932,0.986878,1.019979,1.042698,1.028999,1.01265,1.013641,1.061087,1.077693,1.004321,1.015845,1.046847,1.026629,1.00135,1.020679,1.041079,0.991707,1.083611,1.040208,1.008467,1.04454,1.034691,1.010446,1.064831,1.029522,1.043423,1.00774,1.014007,1.036579,1.016571,1.01779,1.040775,0.992853,1.062399,1.044587,1.046271,1.062169,1.03091,1.067028,1.038917,1.00953,1.032746,1.008804,1.072984,1.048783,1.063758,1.043891,1.04859,0.968869,1.053593,1.020506,1.041221,1.010534,1.05217,1.018416,1.039828,1.033691,1.053511,1.01597,1.037609,1.082586,1.032454,1.037178,1.033836,1.053023,1.040106,1.044996,1.041653,1.027547,1.022513,1.081759,1.066427,1.07205,1.063207,1.046783,1.066265,1.039983,1.035502,1.05748,1.069255,1.036315,1.046036,1.049871,1.077146,1.039342,1.054056,1.045398,1.046746,1.064018
1987-07-31,1.016056,1.016085,1.016441,1.024572,1.015541,1.026497,1.048776,1.02233,1.041349,1.046018,1.017705,1.010335,1.012056,1.029541,0.997428,1.038227,1.004486,1.034393,1.076167,1.059743,1.031124,1.04051,1.036957,1.0105,1.031862,1.029974,1.024485,1.057334,1.036037,1.031868,1.000477,1.044624,1.017827,1.017048,1.032822,1.05414,1.030052,1.030293,1.0685419999999999,1.087699,1.021098,1.030263,1.02224,1.062927,1.043759,1.00413,1.055192,1.038423,1.119001,1.026479,1.009098,1.039287,1.069024,1.027105,1.045214,1.062527,1.045194,0.993758,1.016361,1.114275,1.042581,1.040817,1.06698,1.011081,1.0394079999999999,1.015951,1.002611,1.063105,1.039422,1.086085,1.0042740000000001,1.066139,1.063976,1.038666,1.077147,1.039715,1.023125,1.076144,1.046094,1.034934,1.059887,1.06401,1.031116,1.050775,1.072264,1.032925,1.07746,1.034528,1.019726,0.968743,1.063354,1.053671,1.060207,1.003412,1.08658,1.041901,1.011471,1.036349,1.024086,1.058097
1987-08-31,0.999746,1.005446,1.002497,1.024917,1.031874,1.003442,1.018085,1.059224,1.003317,0.999714,1.011062,1.027389,1.020845,1.033393,1.045956,1.028561,1.030532,1.001992,1.021663,1.008973,1.031846,1.032451,1.023125,1.044785,1.023415,1.048831,1.01752,1.029489,1.035453,1.056411,1.021516,1.021779,1.048917,1.035296,1.042105,1.039794,1.025349,1.032002,1.021488,1.05598,1.04935,1.045765,1.038947,1.044499,1.050394,1.060979,1.031938,1.082451,1.018708,1.012744,1.024167,1.03666,1.030425,1.023281,1.033736,1.046463,1.021456,1.031621,1.047998,0.970274,1.055318,1.03921,1.022752,1.081792,1.041947,1.045025,1.066679,1.038692,1.014811,1.001812,1.039448,1.046166,1.02325,1.05329,1.029506,1.041848,1.024375,1.031423,1.030616,1.007054,1.061648,1.02489,1.018307,1.038292,1.026567,1.052389,1.034585,1.028641,1.0248,1.010624,1.032587,1.069201,1.068969,1.056808,1.055116,1.006065,1.054209,1.042436,1.03672,1.010335
1987-09-30,0.969075,0.98952,0.995065,1.004448,1.005424,0.98804,0.98928,1.020505,1.003084,0.992756,0.972093,0.96517,0.997128,0.992283,0.981192,0.981517,0.969352,1.001413,0.992405,0.971694,0.981382,0.982622,0.973446,0.963422,0.988006,0.98963,1.005127,0.977616,0.970336,0.963941,0.988513,0.960601,0.985903,0.977229,0.973185,1.020459,0.99662,0.985296,0.994354,0.96184,0.954166,0.986914,0.974233,0.967913,0.987431,0.996542,0.979889,0.960458,1.002638,1.002464,0.967616,0.966545,1.018812,0.954302,0.954416,0.970429,0.964524,1.006688,0.954311,0.999066,0.98337,0.99142,0.970533,0.973905,0.980711,0.965324,1.015279,0.998733,1.010842,1.019095,0.926306,1.008371,0.9879,1.00722,1.006183,0.964112,0.979374,0.94792,0.989034,0.985879,0.954949,0.995035,0.961213,0.968397,0.963992,1.005684,0.991434,0.961039,0.962802,0.984742,0.959585,0.997442,0.999472,0.922218,1.010199,0.99523,0.987237,0.962986,0.973288,0.975345
1987-10-31,0.659872,0.68694,0.682892,0.695355,0.7091890000000001,0.7220850000000001,0.709085,0.716098,0.734996,0.733779,0.624578,0.688079,0.685119,0.70673,0.69484,0.731131,0.735951,0.7092350000000001,0.685074,0.6954739999999999,0.655926,0.671686,0.697378,0.639789,0.7034199999999999,0.7201139999999999,0.777402,0.774337,0.735733,0.7069620000000001,0.674523,0.699821,0.68438,0.6969190000000001,0.732788,0.696304,0.731795,0.748804,0.697403,0.6959850000000001,0.699403,0.6755180000000001,0.67459,0.703205,0.742488,0.7497739999999999,0.80848,0.743762,0.709094,0.754634,0.72106,0.707112,0.71498,0.768612,0.740049,0.774106,0.740019,0.826337,0.770838,0.711679,0.741833,0.7378089999999999,0.714897,0.6927920000000001,0.685253,0.760545,0.77119,0.835449,0.736782,0.753642,0.728066,0.760059,0.711098,0.726668,0.757125,0.789484,0.787735,0.872621,0.789262,0.766687,0.756976,0.7820400000000001,0.7405740000000001,0.75814,0.7494419999999999,0.800698,0.721035,0.855843,0.836654,0.837343,0.813252,0.761296,0.770828,0.798271,0.789941,0.771049,0.891354,0.788168,0.827704,0.771779
1987-11-30,0.921234,0.918122,0.948529,0.973083,0.944686,0.950034,0.950536,0.938387,0.977537,0.947653,0.917073,0.902406,0.917443,0.953304,0.964546,0.946547,0.935245,0.987939,0.977505,0.959467,0.919921,0.950367,0.935688,0.911303,0.933136,0.980409,0.978418,0.997862,1.032099,0.956782,0.910251,0.957651,0.998959,0.938177,0.968689,0.963334,0.952395,0.950177,0.940005,0.961995,0.908903,0.953325,0.97345,0.970548,0.965808,0.980658,0.967686,0.964166,0.958536,0.941639,0.9211199999999999,0.949079,0.990853,0.968144,0.981057,0.959584,0.960726,0.9882,0.942824,0.970958,0.962297,0.9855119999999999,0.926299,0.958599,0.9095530000000001,0.960432,0.93089,0.980205,0.964018,0.990182,0.883664,0.91488,0.928058,0.940586,0.915529,0.965641,0.966706,0.943875,0.979219,0.970122,0.931499,0.89996,0.954734,0.926093,0.9416,0.94579,0.931175,0.975397,0.968047,0.950251,0.891752,0.910957,0.904841,0.909948,0.884376,0.933847,0.905386,0.935997,0.885875,0.984371
1987-12-31,0.980696,1.046263,1.021387,1.031301,1.049301,1.017086,1.009175,1.067018,1.036319,1.023752,1.076328,1.046832,1.04099,1.125416,1.072831,1.078673,1.055371,1.061894,1.046135,1.035533,1.090674,1.108276,1.1298,1.075542,1.102385,1.05953,1.036774,1.024015,1.032518,0.998963,1.123605,1.140569,1.089831,1.080385,1.079835,1.040281,1.122983,1.063846,1.077974,1.073798,1.164731,1.095379,1.079083,1.1263480000000001,1.090329,1.039438,1.046497,1.04173,1.038882,1.074181,1.113073,1.112132,1.112688,1.071702,1.066255,1.055688,1.068088,1.023451,1.060308,1.085645,1.138536,1.0996299999999999,1.12168,1.114648,1.099563,1.107752,1.0794,1.017558,1.061947,1.023836,1.16596,1.118053,1.119738,1.081018,1.113038,1.061218,1.052168,1.007084,1.042909,1.026728,1.134655,1.085482,1.068453,1.085252,1.0906,1.098424,1.058321,1.023159,1.049425,1.007569,1.060227,1.093866,1.092581,1.056365,1.069557,1.079058,1.029108,1.038071,1.067493,1.072084
1988-01-31,1.080366,1.060817,1.09131,1.073768,1.04337,1.080154,1.036647,1.07228,1.035655,1.09269,1.033101,1.057623,1.069204,1.044678,1.028619,1.028389,1.048243,1.044653,1.03698,1.073306,1.001586,0.993585,1.031464,1.056696,1.046391,1.076537,1.052388,1.070919,1.050473,1.076383,1.043304,1.004459,1.02237,1.028373,1.040477,1.043692,1.030937,1.012895,1.08008,1.056243,0.982896,0.98648,1.004092,1.033812,1.024382,1.055541,1.086996,1.07867,1.071502,1.024711,1.019421,1.048134,1.029787,1.072759,1.017377,1.059121,1.061846,1.082896,1.108316,1.044692,0.986219,1.012763,1.077479,1.036578,1.002421,1.054792,1.018525,1.061646,1.065895,1.036389,0.970702,1.026958,1.027364,1.047296,1.061348,1.051284,1.04333,1.093762,1.042489,1.049508,0.997246,1.05185,1.070721,1.092515,1.068035,1.035746,1.06302,1.098128,1.086018,1.076513,1.031028,1.013861,0.988142,0.99601,1.086821,1.008443,1.103864,1.062254,1.114739,1.043779
1988-02-29,1.057165,1.06218,1.087976,1.078048,1.073811,1.07157,1.043871,1.088119,1.076464,1.063126,1.056517,1.073363,1.072316,1.058546,1.09437,1.065869,1.081962,1.087757,1.080354,1.087131,1.048806,1.095361,1.099369,1.11608,1.072569,1.095036,1.081111,1.082556,1.086827,1.016682,1.095799,1.10001,1.1354739999999999,1.13492,1.075522,1.078456,1.099662,1.075586,1.134232,1.070495,1.089455,1.097147,1.093646,1.080941,1.074516,1.053091,1.075613,1.075856,1.055788,1.010841,1.080321,1.084976,1.08797,1.054541,1.070829,1.08544,1.086408,1.042759,1.061463,1.088433,1.077807,1.100883,1.089788,1.115632,1.081468,1.068678,1.060017,1.049679,1.050613,1.02951,1.094705,1.081323,1.11869,1.058596,1.087658,1.031721,1.06168,1.012084,1.07963,1.068111,1.058756,1.078545,1.068826,1.07624,1.041669,1.037826,1.026388,1.008893,1.002731,1.036792,1.039636,1.041755,1.03405,1.061076,1.050022,1.051301,1.010627,1.040667,1.015748,1.069663
1988-03-31,1.043926,1.061628,1.016378,1.06547,1.055484,1.057106,1.074299,1.039503,1.041589,1.062601,1.031549,1.04154,1.034685,1.092586,1.057258,1.077576,1.067508,1.033424,1.044253,1.038615,1.015219,1.037383,1.06758,1.012991,1.044342,1.035475,1.049272,1.025526,1.06705,1.044842,1.008725,1.039286,1.047736,1.126231,1.067923,1.016734,1.025028,1.014727,1.00735,1.065707,1.028228,1.062098,1.033314,1.017661,1.016579,0.996193,1.011418,1.010967,1.026713,0.962683,1.008172,1.02614,1.025053,0.969267,0.987619,1.050268,0.996356,0.984572,1.041299,0.998868,0.989959,0.985497,1.023764,1.012707,0.981912,1.04852,0.995645,1.01318,1.005354,1.018064,1.006624,0.984072,1.026859,0.991274,1.009052,0.974332,0.997998,0.981796,1.056346,1.038513,0.972957,0.982241,1.004029,0.966744,0.969146,0.951571,1.013733,0.965163,1.004687,1.040673,0.962462,0.934995,0.964021,0.9302010000000001,0.942817,0.983756,0.963186,0.934723,0.992842,0.989508
1988-04-30,1.00101,1.018901,1.022569,1.015029,1.022622,1.013311,0.985614,1.018147,1.023222,1.033247,1.011586,1.015084,1.013168,0.998474,1.02919,1.041126,1.013744,1.018085,1.049209,1.050816,1.016987,1.034115,1.027667,1.029107,1.018195,1.036337,0.992688,1.056557,0.998126,1.020435,1.023408,1.014525,1.103635,1.028143,1.02486,1.025674,1.028162,0.994,1.017511,1.044984,0.99302,1.00617,0.991858,1.0094,1.025359,1.001206,1.022419,1.017499,1.006005,0.998605,1.013166,0.9649490000000001,0.99648,1.012615,1.035124,1.016237,0.996665,0.987651,1.031479,1.035956,0.989932,1.008899,1.015817,1.012213,0.974216,1.006912,0.991863,0.986758,1.00759,1.011378,0.966143,1.017896,0.993367,1.00907,1.034979,1.020364,0.9887589999999999,1.009804,1.003087,1.010472,0.988855,1.001089,1.005691,1.013752,0.995912,1.014143,1.019451,1.000619,1.021787,0.961075,0.983369,1.000893,0.984668,1.037196,0.994323,1.037664,1.035726,1.010783,1.03158,1.01079
1988-05-31,0.954002,0.97875,0.969827,0.988058,0.967634,0.997461,0.976835,0.982838,0.993719,0.988223,0.955006,0.986768,0.977898,0.984221,0.982115,1.005356,0.984184,0.987976,0.979161,1.000459,0.956088,0.995485,0.999549,0.985201,0.944607,0.966388,0.989979,0.970323,0.977006,0.999323,0.946733,0.948587,0.955053,0.971214,0.984355,0.991717,0.994816,1.002415,1.006394,0.996272,0.980245,0.994944,0.978635,0.979406,1.000503,0.977192,0.980225,1.031006,1.01284,0.988055,0.993302,1.002622,0.97779,0.993823,0.981356,0.999094,1.011418,1.041788,0.982728,1.02828,0.983066,0.973134,1.003158,0.996894,0.976384,0.9610650000000001,1.022468,1.027534,0.997002,1.017496,0.978536,1.008587,0.97181,1.006145,0.99036,1.024056,1.0245,1.016019,1.009865,1.02576,0.973522,0.980266,0.989075,0.983261,0.990954,0.988249,1.033971,1.027978,1.019048,1.023725,1.013314,1.000065,1.019088,1.001755,1.017107,0.980859,1.024261,1.02242,1.022133,1.019009
1988-06-30,1.054472,1.053111,1.060022,1.087087,1.068031,1.051324,1.035804,1.065929,1.053312,1.060392,1.06683,1.095961,1.044122,1.065632,1.046483,1.071909,1.086957,1.064427,1.050604,1.026641,1.084923,1.085875,1.092363,1.124824,1.075747,1.074294,1.080384,1.058301,1.09645,1.045937,1.067539,1.064742,1.096881,1.127428,1.066331,1.103513,1.043718,1.048412,1.099272,1.081951,1.100854,1.064431,1.098724,1.04841,1.058474,1.051971,1.047827,1.038619,1.072964,1.033864,1.053841,1.061762,1.0698590000000001,1.080781,1.120633,1.030468,1.08914,1.041241,1.042734,1.04446,1.080782,1.0757889999999999,1.067436,1.051049,1.090008,1.062122,1.065159,1.040192,1.096244,1.111288,1.070511,1.071801,1.064467,1.068348,1.062276,1.06095,1.043315,1.006982,1.048398,1.101911,1.071288,1.061608,1.039224,1.04908,1.064051,1.059323,1.03849,1.041624,0.995229,1.113975,1.028876,1.043596,1.05785,1.102469,1.051237,1.055914,1.022577,1.04413,1.019028,1.050924
1988-07-31,1.004698,0.979754,0.98868,1.00084,1.000909,0.999921,1.028237,1.009242,0.997023,0.987473,0.988763,0.974213,0.983522,0.999339,0.978328,0.989052,0.994777,1.014771,0.98795,0.979443,0.976864,0.990993,0.980273,1.001722,0.986813,1.00459,1.020394,0.996662,0.975386,0.994891,0.958243,0.965571,0.971157,0.970056,1.007299,1.001563,0.995747,1.004723,1.033135,1.028748,0.953046,0.977908,0.990255,1.007088,0.98013,1.002646,0.999513,1.006564,0.99063,1.034177,0.93951,0.964112,0.956218,0.977801,0.977418,0.976063,1.013814,0.979505,0.986665,0.994986,0.967713,0.98599,0.96973,0.96549,0.988507,0.984435,0.973007,0.976929,1.018522,1.010338,0.938257,0.986071,0.971931,0.961075,0.999527,0.991215,1.044958,0.989627,1.011111,0.976337,0.951008,0.989518,0.989866,0.979553,0.998103,0.980163,0.999173,1.004956,0.973289,0.990951,1.008386,0.980059,0.984217,0.99842,1.010004,1.005947,0.9978,1.002449,1.029833,1.016954
1988-08-31,0.965762,0.96238,0.97576,0.980284,0.99519,0.976726,0.989366,0.996125,0.979053,0.97577,0.936849,0.967064,0.964363,0.974144,0.999307,0.986674,0.976563,0.977591,0.993833,0.973946,0.959583,0.960415,0.948226,0.971469,0.987798,0.983923,1.016822,0.995081,1.019807,0.947789,0.95568,0.952457,0.959936,0.950058,0.977002,0.973608,0.99403,0.962423,1.015475,0.969856,0.962315,0.945044,0.968082,1.009468,0.956204,0.985513,0.994214,1.008047,0.983146,0.974975,0.96853,0.962022,0.969543,0.966224,0.979889,0.986096,0.996389,1.011857,0.977204,1.018159,0.956117,0.966263,0.9573160000000001,0.981116,0.983103,1.001584,0.99807,0.984252,1.016842,1.062188,0.985141,0.952845,0.977689,0.948531,0.971347,1.006008,1.015434,1.003043,0.997539,0.996687,0.956943,0.973494,0.970726,0.962306,0.967789,0.975855,0.995451,0.99951,0.981936,0.988323,0.979043,0.966571,0.9734,0.927966,0.979457,0.97396,0.979406,0.988354,0.966001,0.951717
1988-09-30,1.009864,1.017596,1.01692,1.041338,1.012185,1.016006,1.023105,1.01596,1.014375,1.004686,0.98915,1.021545,1.014162,1.05629,1.039169,1.035787,1.04323,0.997695,1.075858,1.02707,1.034566,1.060779,1.031557,1.025611,1.016095,1.033959,1.057029,1.018279,1.017519,1.024359,0.995804,1.025814,1.031859,1.020504,1.027137,1.035091,1.0346090000000001,1.008528,1.033453,1.034989,1.045449,1.026662,1.026802,0.997518,1.049473,1.026885,1.030569,0.993963,1.049504,1.084076,1.054601,1.017752,1.005843,1.053859,1.026198,1.014485,1.012031,1.017959,1.00471,1.016503,1.060566,1.010593,1.013876,1.024852,1.090927,1.047766,1.041518,1.003024,1.039157,1.055886,1.060941,1.036379,1.015832,1.00741,1.023559,1.021759,1.007996,1.035177,1.034383,1.058002,1.030723,1.058012,1.068385,1.071589,1.03621,1.089029,1.040488,1.037877,1.061269,1.06066,1.055351,1.064643,1.041717,1.051833,0.977609,1.041325,1.044702,1.037483,1.029368,1.029416
1988-10-31,0.964511,0.971904,0.991693,0.965718,0.988683,0.984854,0.987632,0.978171,1.00442,0.987357,0.966578,0.983489,0.993621,0.973934,0.988561,0.995624,0.983707,0.957177,0.990263,0.985416,0.954832,1.003998,1.000531,1.012621,0.993592,0.994908,1.007161,1.002684,0.989723,0.998168,0.971294,0.974704,0.977494,1.004502,0.986045,1.030328,1.019667,0.975394,1.01441,0.97297,0.979391,0.9792,0.987542,0.99189,1.013256,0.995331,1.000667,1.04124,1.060359,1.060572,0.986278,0.98929,1.004437,1.02428,1.026489,1.000536,0.99877,1.009757,1.021251,0.98005,0.976272,1.008214,1.014402,1.005774,1.01056,0.995152,1.027624,1.008754,1.024517,1.053548,1.000407,0.974185,0.998394,1.021563,1.007941,1.015228,1.001076,1.012188,0.983558,1.052173,0.984916,1.010495,1.08504,1.008697,1.026604,1.019331,1.013677,1.009517,1.008416,1.036394,1.009514,1.035172,1.029429,1.077674,0.999912,1.025458,1.022743,1.032205,1.036562,1.08
1988-11-30,0.934275,0.969839,0.95279,0.953555,0.961656,0.951774,0.96468,0.965921,0.96855,0.951311,0.95232,0.96601,0.941412,0.967061,0.976972,0.976385,0.952926,0.981191,0.955523,0.956982,0.94159,0.980276,0.968664,0.963681,0.956563,0.965818,0.95965,0.968626,0.947452,1.022388,0.967172,0.936571,0.959862,0.978097,1.027145,0.976851,0.972353,0.976092,0.965053,0.993866,0.96501,0.951736,0.996654,0.986104,0.951887,0.984026,0.996554,1.000579,0.969682,1.022358,0.980828,0.989478,0.977849,0.92917,0.961231,0.953453,0.986402,0.986461,0.966342,1.001665,0.9849019999999999,0.994251,0.972185,0.980415,0.979312,0.972076,0.976128,0.980132,0.999126,0.976507,0.981569,0.977823,0.979402,0.968234,0.960736,0.957864,1.005608,0.96475,0.973862,1.003278,0.977349,0.951778,0.959904,0.9719,0.975876,0.973164,0.969597,0.994384,0.981917,0.993409,0.981036,0.987776,0.980785,1.004323,0.993388,0.974888,0.997235,1.000233,1.011507,1.013567
1988-12-31,1.013941,1.041945,1.046484,1.024345,1.03336,1.020792,1.04435,1.046396,1.039062,1.007683,1.005929,1.007452,1.051231,1.059388,1.043704,1.028283,1.06162,1.040123,1.044795,1.01672,1.055523,1.05946,1.055807,1.057276,1.046173,1.061083,1.052372,1.043414,1.04575,1.024828,1.05303,1.035875,1.036079,1.034953,1.030276,1.031422,1.043975,1.040454,1.020442,1.01297,1.062563,1.035751,1.028566,1.043043,1.041186,1.021181,1.034729,0.996651,1.014285,1.046486,1.0538,1.01905,1.049228,1.040901,1.044727,1.024353,1.040767,1.007146,1.033692,1.021743,1.013291,1.035952,1.019591,1.026975,1.019049,1.021754,1.016821,1.02535,1.024177,1.020313,1.051202,1.030151,1.039656,1.035326,1.018431,1.005661,1.02304,1.016446,0.9844310000000001,0.957135,1.044302,1.040699,1.050372,1.001286,1.016336,1.036106,1.002358,1.003064,0.996418,0.997752,1.024642,1.021341,1.026336,1.017896,1.026574,1.007786,1.000362,1.011973,1.009821,0.991062
1989-01-31,1.05166,1.055485,1.065209,1.068533,1.036319,1.061958,1.040884,1.055803,1.050898,1.055487,1.023706,1.071415,1.066771,1.033958,1.028426,1.056868,1.049852,1.030754,1.059857,1.051701,1.046143,1.05673,1.06385,1.037329,1.039582,1.042137,1.032074,1.052004,1.055877,1.089575,1.027786,1.01707,1.050582,1.042276,1.040808,1.061811,1.023396,1.034211,1.09056,1.054521,1.036283,1.036239,1.031633,1.032584,1.029473,1.049242,1.057893,1.026833,1.052566,1.046939,1.065749,1.055231,1.074189,1.068543,1.068796,1.052442,1.029373,1.049397,1.052276,1.057609,1.047752,1.0661909999999999,1.067541,1.050992,1.042375,1.039287,1.090268,1.068151,1.064199,1.055062,1.049493,1.039396,1.057995,1.044414,1.0796540000000001,1.053575,1.028695,1.061048,1.072282,1.134198,1.111636,1.056128,1.047267,1.079572,1.056123,1.044004,1.068423,1.04995,1.090737,1.085904,1.064689,1.088107,1.059991,1.072428,1.076425,1.064397,1.068991,1.061034,1.079195,1.078174
1989-02-28,0.987649,1.01589,1.001244,0.994901,1.000458,1.034246,1.026837,1.003328,0.998557,1.000335,0.953603,0.998063,1.004021,1.002669,1.010765,0.994767,1.005065,1.025963,1.061546,1.020003,1.009673,0.988721,1.053173,0.984751,1.015749,1.029382,1.009258,1.016073,1.017759,1.015895,1.047502,0.990967,1.021414,1.00657,1.018592,1.002038,1.001845,1.01105,1.009488,1.021248,0.994297,1.012424,0.999318,0.985182,1.000474,1.021979,1.019691,1.008675,1.022379,0.983751,1.004918,0.993627,1.021292,1.01039,0.980605,1.003904,0.999085,1.035999,0.988445,1.010084,1.008823,0.982047,0.991881,0.975707,0.95534,1.023557,1.012238,1.0210919999999999,0.996087,1.0341,0.99118,0.996113,0.991253,1.049924,0.99686,0.985994,0.997546,0.987693,1.011002,1.015362,0.972171,0.945126,0.979937,0.993798,0.978624,1.015488,1.0302229999999999,0.989307,0.979126,1.002685,0.980077,0.962348,0.961872,0.969762,0.961107,0.975252,0.968887,0.9823500000000001,0.975526,0.955667
1989-03-31,1.009291,1.00571,1.029194,1.039624,1.037525,1.028599,1.013469,1.034816,1.027105,1.039947,1.03489,1.000007,1.036181,1.021579,1.078444,1.049426,1.023554,1.022345,1.006471,1.0387170000000001,1.044295,1.009602,1.020255,1.009202,1.02629,1.014839,1.028942,1.013873,1.043657,1.039543,0.97963,1.056201,1.021456,1.029259,1.043333,1.01332,1.014253,1.005081,1.017151,1.034704,1.045019,1.055437,1.010797,1.036074,1.05683,0.994603,1.034712,1.061145,1.047817,1.054151,0.984632,1.003165,1.00971,1.019469,1.003431,1.008742,1.041626,0.998286,1.033085,0.987885,0.989684,1.00644,1.019677,1.00677,1.028298,1.045108,1.003201,1.008628,0.996824,1.033631,1.010478,0.990007,1.026875,1.007006,1.035689,1.019441,0.990393,1.024018,1.034582,1.060014,1.011479,1.027597,1.004474,1.008495,1.043414,1.038146,1.013474,1.061227,1.013189,1.056267,1.041419,1.020358,1.052347,0.98504,1.032844,1.045062,1.010159,1.04009,1.013634,0.984534
1989-04-30,1.022737,1.015739,1.0398830000000001,1.029656,1.033674,1.042468,1.026986,1.046568,1.030145,1.030642,1.034029,1.041561,1.030573,1.024307,1.04097,1.038324,1.013905,1.017904,1.02335,1.022811,1.045745,1.061457,1.07077,1.031881,1.040873,1.041161,1.029115,1.030312,1.04047,1.050419,1.045658,1.029811,1.034712,1.058398,1.049596,1.061603,1.017563,1.028365,1.049053,1.074624,1.087156,1.04558,1.028468,1.092174,1.041571,1.05336,1.048074,1.03525,1.02602,1.047242,1.041062,1.042895,1.026243,1.040337,1.036719,1.051951,1.044221,1.027925,1.037001,1.046166,1.073101,1.066004,1.044332,1.067284,1.046124,1.0639,1.049436,1.060877,1.058803,1.04562,1.055468,1.055089,1.062472,1.027751,1.023228,1.04796,1.056339,1.049389,1.039638,1.07494,1.053728,1.075421,1.058862,1.039635,1.05876,1.023094,1.054868,1.007924,1.040635,1.037351,1.060622,1.060364,1.070472,1.045022,1.011413,1.085395,1.049298,1.044993,1.04928,1.013577
1989-05-31,1.043403,1.012496,1.03377,1.060486,1.017407,1.0322230000000001,1.020207,1.047333,1.03323,1.032891,1.025227,1.008991,1.072924,1.076382,1.041871,1.008691,1.022591,1.046649,1.04239,1.033487,1.021395,1.039167,1.060633,1.040908,1.023671,1.05956,1.027685,1.064227,1.019983,1.022813,1.082986,1.053546,0.993408,1.020862,1.053777,1.044166,1.033073,1.015087,1.046236,1.055344,1.053392,1.063041,1.068455,1.026828,1.047785,1.012564,1.041177,1.041945,1.026282,1.04178,1.072931,1.041414,1.043071,1.031978,1.062081,1.031729,1.034608,1.049096,1.03429,1.059731,1.049617,1.049134,1.014915,1.031799,1.037734,1.024527,1.046906,1.034864,1.077184,1.04936,1.047061,1.03814,1.039845,1.013021,1.037373,1.033474,1.039882,1.04085,1.05538,1.059753,1.058661,1.031689,1.066871,1.017193,1.087917,1.068188,1.057748,1.014509,1.036714,1.046937,1.047134,1.04823,1.063858,1.009843,1.018888,1.043433,1.045421,1.044091,1.039529,1.011996
1989-06-30,0.969685,0.979128,0.985445,1.007946,0.987115,0.96666,0.995742,1.007721,1.004985,1.003112,0.937134,0.975341,0.959199,0.972271,0.946085,0.992967,0.984115,1.045233,1.015135,1.000597,0.934451,0.966571,0.9994,0.974684,0.9913,0.990553,1.033892,0.96174,0.987842,0.992039,0.961718,0.948061,0.978707,0.991185,0.965054,1.014008,1.014022,0.971699,0.975658,0.9751,0.963152,0.964152,0.99789,1.001206,0.995863,0.98217,1.006706,1.009646,1.007083,1.042354,0.949196,0.995033,0.975609,0.969011,0.99217,0.981324,0.998904,1.003137,0.996539,1.056717,0.96453,0.984672,0.98601,0.969129,1.014317,0.994709,1.015728,1.010832,1.0053,1.047483,0.965537,1.009947,0.989807,0.985928,0.996469,1.005793,1.028582,1.025303,1.029175,1.043619,0.975354,1.023725,1.024038,1.015645,0.979685,0.990923,1.006015,1.013071,0.999731,1.016605,0.990106,0.99406,0.973631,0.99953,1.001858,0.976599,1.000604,0.980225,0.9906,1.040755
1989-07-31,1.021767,1.035332,1.040566,1.057888,1.035053,1.01944,1.024081,1.026157,1.00084,1.026265,1.033474,1.020772,1.032055,1.066533,1.042586,0.991873,1.028568,1.046857,1.017383,1.016308,1.066289,1.043576,1.075755,1.055137,1.018104,1.042365,1.007017,1.048654,1.040261,1.052288,1.051385,1.051838,1.045962,1.028027,1.032214,1.038806,1.056215,1.041888,1.023843,1.015199,1.027069,1.045509,1.042083,1.064327,1.054919,1.051437,1.053677,1.030829,1.019737,1.085359,1.061354,1.076878,1.032375,1.058778,1.01972,1.021834,1.06549,1.039284,1.017718,1.028844,1.049277,1.074903,1.0974949999999999,1.102562,1.055267,1.061434,1.037535,1.035857,1.068228,1.071357,1.105938,1.091687,1.079884,1.070413,1.065152,1.066166,1.09079,1.04944,1.0680830000000001,1.048554,1.106651,1.077726,1.110625,1.083361,1.067073,1.052941,1.098122,1.059031,1.082048,1.0768550000000001,1.120909,1.1167340000000001,1.118336,1.063105,1.054998,1.08729,1.093318,1.066613,1.062919,1.043897
1989-08-31,1.013417,1.031658,0.998935,0.997627,1.012362,1.002081,1.018979,1.013857,1.014308,1.0215,1.030039,1.024072,0.997032,1.011662,1.020464,0.987921,1.017723,1.045075,1.007593,1.021178,1.044581,1.034607,1.03388,0.99263,1.048736,1.03964,1.041851,1.02544,1.018691,0.993499,1.018507,1.030982,1.040591,1.036859,1.016533,1.039241,1.025198,1.053468,1.026062,1.056112,1.015347,1.042151,1.026603,1.021699,1.025794,1.053062,1.054932,1.012814,1.031596,1.033551,1.035427,1.029914,0.997485,1.05968,1.066445,1.048611,1.037772,1.008289,0.998261,1.054541,1.051675,1.031437,1.036338,1.029359,1.041034,1.076796,1.040823,1.03728,1.039634,1.015774,1.037893,1.027545,1.04976,1.040805,1.035618,0.998487,1.038543,1.0281,1.011213,0.983389,1.015993,1.022067,1.065874,1.028379,1.042759,1.021972,1.054353,1.009766,1.0334699999999999,1.03631,0.987858,1.007704,1.003193,1.032982,1.020748,1.035749,1.002048,1.028042,1.034647,1.001938
1989-09-30,1.006426,1.006998,1.00754,0.980859,0.992914,0.985695,0.996935,1.007049,0.98937,0.998812,1.017852,1.018986,0.986384,1.002584,1.018778,0.991343,1.012003,1.00645,1.014756,0.975776,1.022779,0.999823,0.990387,1.0053,1.004198,1.003225,0.993719,1.003958,0.989426,0.966384,1.046503,1.015934,1.016438,0.995081,1.022705,0.993674,0.990449,1.039323,0.996614,1.001565,1.03509,1.012678,0.997802,0.973676,1.031381,0.987603,1.009642,0.962947,0.985372,0.957502,1.002504,1.013977,0.976705,0.984438,0.961585,0.989055,0.994072,1.011805,0.999664,1.019339,1.012893,1.008361,0.976585,0.991695,0.97437,0.964322,0.992393,0.983244,0.982108,1.010525,1.024284,0.965156,0.964398,0.949564,0.963986,0.9613430000000001,1.000704,0.987886,1.019327,0.997849,1.019722,0.98974,0.973466,0.997354,0.991087,0.975854,0.988407,1.012648,0.992963,0.99597,1.022674,0.991085,1.009181,0.974586,1.015091,1.000341,1.006361,1.009558,0.998229,0.983589
1989-10-31,0.963635,0.95135,0.939217,0.952405,0.942901,0.951664,0.937617,0.944381,0.938668,0.930166,0.927935,0.953819,0.935481,0.954734,0.97152,0.927505,0.967478,0.971965,0.940003,0.927158,0.94714,0.94973,0.9564010000000001,0.895092,0.971422,0.948163,0.910355,0.948649,0.962347,0.932612,0.960107,0.937325,0.940361,0.925859,0.946208,0.937767,0.941229,0.965334,0.956895,0.849527,0.954075,0.965262,0.944742,0.944561,0.91769,0.946785,0.958346,0.935162,0.950343,0.900983,0.967283,0.963374,0.940781,0.932351,0.916349,0.949751,0.9345870000000001,0.97575,0.982164,0.915305,0.983996,0.973793,0.95952,0.963655,0.933442,0.946583,0.9684470000000001,0.991287,0.950345,0.935154,0.966622,0.96814,0.957979,0.949417,0.926584,0.919747,0.975895,0.935047,0.972851,0.938592,0.976099,0.981201,0.920377,0.969783,0.9313089999999999,0.9334,0.88707,0.982627,0.96885,0.983241,1.007132,1.004673,0.988347,0.949827,1.000569,0.97599,0.982121,0.961265,1.014909,1.008041
1989-11-30,0.986227,0.999783,1.003031,0.991696,0.990358,1.000767,0.983765,0.985453,0.978394,0.962562,0.999434,0.99852,1.004742,0.998522,1.006526,0.966866,1.015882,1.007697,1.02796,1.011229,1.000509,1.0116,1.034115,1.011938,1.031251,1.001964,1.023238,0.992662,0.992273,0.986689,1.001444,1.003047,1.005804,1.009223,0.999216,0.997988,1.011483,1.036365,1.011407,0.971879,1.01448,1.016593,1.015753,1.017354,1.000943,1.009083,1.009519,0.99232,1.011989,1.015344,1.0236,1.007601,1.022619,1.036162,1.01357,0.977239,1.007792,1.02121,1.035826,1.026593,1.008151,1.017559,1.018744,1.02862,0.996911,0.984488,0.974284,1.009709,1.015264,0.973513,1.035995,1.021357,1.022265,1.005584,1.018678,1.007924,1.00704,1.02141,1.023608,0.99093,1.023112,0.982838,1.016005,1.041163,1.017205,1.004452,1.022242,0.987536,0.994293,1.004154,1.02556,1.014898,1.037468,1.006926,1.037575,1.027383,1.018799,1.013207,1.01465,1.013883
1989-12-31,0.979847,0.988208,0.985713,0.987192,0.997202,0.987874,0.985843,0.99022,1.00534,0.972604,1.001682,1.019145,0.998638,0.985626,0.995793,0.970568,0.9943379999999999,0.997067,0.978851,0.98048,1.011613,1.018331,0.994822,0.994261,1.024948,1.018209,0.98624,0.998526,0.999066,0.994303,1.024828,0.98851,1.02611,0.975124,0.997677,0.997114,1.00359,1.032367,1.039539,0.971755,0.985803,1.016314,0.992036,1.006128,0.983699,0.976662,1.009241,1.014994,0.988567,0.97121,0.986509,1.03072,1.042409,0.990277,0.989379,0.987702,1.006709,1.047845,1.024494,1.000074,1.015052,1.019271,1.033922,1.02705,1.004071,0.996092,0.992526,1.01914,0.997857,1.080117,1.022072,1.042694,1.011334,1.015814,1.021471,1.034511,1.009963,1.023567,1.008932,1.026698,1.011334,1.007853,1.012996,1.043343,1.025404,1.023222,0.969823,1.031026,0.999405,1.025121,1.008497,1.002743,1.03742,0.966719,1.05424,1.051557,1.068776,1.047071,1.00801,1.014382
1990-01-31,0.940345,0.925345,0.915491,0.935593,0.951441,0.948996,0.959537,0.942141,0.94584,0.943338,0.88861,0.910172,0.930282,0.922736,0.942185,0.955886,0.899858,0.930292,0.926102,0.928256,0.907118,0.914766,0.891305,0.916833,0.914356,0.926542,0.899981,0.929446,0.924814,0.93363,0.882961,0.93287,0.889428,0.921741,0.936477,0.933574,0.922161,0.942437,0.948569,0.828973,0.906186,0.892649,0.921821,0.894287,0.906879,0.932775,0.923886,0.906751,0.912432,0.898631,0.918616,0.892435,0.884182,0.922751,0.937482,0.9036919999999999,0.94127,0.951184,0.939865,0.9188080000000001,0.909543,0.956724,0.918874,0.951364,0.93116,0.957129,0.9207879999999999,0.927484,0.910695,0.928975,0.92137,0.934307,0.955121,0.951019,0.902934,0.8807780000000001,0.909258,0.907334,0.900647,0.860774,0.946147,0.911825,0.915555,0.9259930000000001,0.942526,0.9287030000000001,0.909259,0.924042,0.93093,0.922814,0.921926,0.922305,0.9273,0.9765,0.936179,0.9135139999999999,0.938495,0.917887,0.9518,0.946769
1990-02-28,1.001909,1.004546,0.993168,1.0254780000000001,1.004312,1.022191,1.017097,1.039233,1.026591,1.00366,1.048627,1.023005,1.057994,0.996004,1.008471,1.005929,1.049611,1.034228,1.029756,1.006483,1.051307,1.052615,1.020198,1.055098,1.050298,1.022423,1.05839,1.023879,1.051277,1.028378,1.00691,1.0290300000000001,1.040487,1.034398,1.008449,1.039065,1.037925,1.017606,1.022405,0.995036,1.02563,1.051391,1.034855,1.044836,1.031446,1.015112,1.002079,1.015735,1.010342,1.037708,1.029695,1.02575,1.025992,1.036958,1.033028,1.014893,1.025376,1.004475,1.042535,1.020043,1.023037,0.992836,1.029333,1.00241,1.014143,1.008604,1.00538,1.027026,1.043334,1.034141,1.025086,1.019366,1.019501,1.013786,1.011842,1.024379,1.032357,0.992348,1.025532,1.054091,0.991409,1.060428,1.019244,0.975578,1.045789,1.022723,1.00149,1.030401,1.014417,1.002607,0.996025,0.994063,0.995295,1.05417,1.016049,1.023079,0.99159,1.034727,1.038134,0.999548
1990-03-31,1.03272,1.025813,1.021008,1.031633,1.039292,1.012148,1.028549,1.045118,1.023891,1.01015,1.071153,1.032229,1.029255,1.006324,1.017657,1.037119,1.035548,1.038755,1.035771,0.984638,1.072954,1.036422,1.043066,1.057062,1.085928,1.066045,1.027171,1.038324,1.037639,0.998565,1.038675,1.031394,1.069884,1.02068,1.021638,1.02906,1.038937,1.021325,1.002943,1.026848,1.041165,1.041256,1.030695,1.036224,1.072082,1.061468,1.023453,1.03627,1.029605,1.003114,1.067531,1.04917,1.023943,1.020662,1.021767,1.001436,0.997312,1.002347,0.991355,0.975403,1.056129,1.046094,1.057643,1.045043,1.040299,1.005845,1.012485,1.028956,1.004986,1.020912,1.025349,1.032224,1.057662,1.014833,1.018149,1.01604,1.014341,1.020305,0.995165,0.959452,1.028756,1.015686,1.043356,1.029337,1.004804,1.006074,1.013227,0.977366,1.002188,0.988115,1.045344,1.035352,1.043514,1.030012,0.99141,1.018728,1.018097,1.000942,1.031328,0.996551
1990-04-30,0.988766,0.981656,0.950771,0.998917,0.984637,0.984199,0.997656,0.977943,0.976076,0.962634,0.947516,0.989869,0.983925,0.957903,0.992842,0.952801,0.957781,0.963303,0.989213,0.92593,0.986926,0.970067,0.991823,0.971203,0.997948,0.993115,0.949632,0.9741,0.962112,0.942826,0.9197379999999999,0.962629,0.961282,0.938255,0.97915,0.947674,0.979313,0.971127,0.941224,0.93154,0.982226,0.963339,1.002714,0.956327,0.968923,0.953187,0.959731,0.948212,0.971482,0.907132,0.972773,0.989326,0.994051,0.968886,1.004041,0.939226,0.941733,0.937076,0.931492,0.9634780000000001,0.958445,0.99284,0.95344,0.949588,0.963257,0.942548,0.932952,0.92665,0.938493,0.908227,0.974074,0.961566,0.975385,0.948565,0.951718,0.910216,0.958774,0.949901,0.946082,0.963191,1.000567,0.944453,0.969786,0.933447,0.957568,0.958023,0.969339,0.940756,0.958369,0.947183,1.011869,1.004926,0.980827,1.005474,0.972005,0.954579,0.953317,0.968345,0.969512,0.938605
1990-05-31,1.077981,1.076538,1.046252,1.084384,1.049116,1.042222,1.019091,1.034954,1.040241,1.023497,1.093937,1.093815,1.055112,1.08052,1.097531,1.040959,1.059789,1.056074,1.035455,1.056653,1.135244,1.099131,1.083209,1.075733,1.10117,1.031255,1.056055,1.037853,1.043144,1.035281,1.058014,1.124588,1.094419,1.091988,1.051789,1.032377,1.06048,1.064149,1.018311,1.055331,1.073368,1.058815,1.086638,1.088928,1.120429,1.063714,1.036397,1.027347,1.055586,1.057206,1.121215,1.110594,1.0747659999999999,1.101912,1.096568,1.045242,1.039089,1.07446,1.073742,1.058911,1.126409,1.089655,1.099413,1.065173,1.129875,1.084076,1.078994,1.087032,1.093812,1.069935,1.1402999999999999,1.07586,1.080158,1.072109,1.076097,1.126976,1.063536,1.07631,1.100651,1.056142,1.113088,1.121904,1.113452,1.098991,1.108008,1.081825,1.080757,1.066354,1.083429,1.056224,1.140253,1.076378,1.092797,1.135951,1.06354,1.077409,1.061841,1.064617,1.093102,1.041068
1990-06-30,1.003208,1.030566,1.03472,1.033715,1.060853,1.036859,1.018116,1.015572,1.010806,1.002402,1.020701,0.988424,0.990449,1.03168,1.015467,0.974983,0.9637560000000001,1.012275,0.98903,0.979979,0.97909,1.021912,1.018264,1.010111,0.976899,1.015203,1.006342,1.006957,1.003621,0.958191,1.004858,1.011716,0.99654,1.012867,1.003994,0.958096,0.997238,0.995768,1.017153,0.984088,1.005394,1.047262,1.007206,1.008456,1.015829,0.996749,0.997107,0.977079,1.006395,1.010119,1.00204,1.028832,0.997786,1.004105,0.989749,0.992424,0.991825,0.964784,0.986391,0.981959,0.986866,1.017319,1.002298,0.98223,0.990059,0.97703,0.96066,0.984678,0.98443,1.014964,1.016365,0.994766,0.982873,0.966256,0.996405,0.955917,0.993809,0.970151,1.005891,0.985279,1.030228,0.997152,0.963915,1.010069,0.958395,0.985453,0.944615,0.972623,0.979795,1.000838,1.036925,1.038998,0.982867,0.974976,0.989618,0.9682,0.964804,0.965912,0.997579,1.015082
1990-07-31,0.950579,0.963016,0.944952,0.96754,0.958236,0.965688,0.986053,0.969836,0.957146,0.959818,0.944308,0.966995,0.941592,0.945092,0.97388,0.960544,0.960461,0.967584,0.94833,0.95009,0.945008,0.941986,0.973326,0.960791,0.941411,0.944039,0.965276,0.996668,0.968359,0.961618,0.938128,0.958399,0.927012,0.983157,0.971712,0.956504,0.971021,0.96209,0.955842,0.930903,0.968179,0.972021,0.97238,0.980719,0.959204,0.97527,0.9478,0.979561,0.979808,0.8734379999999999,0.9354480000000001,0.953549,0.975929,1.01635,0.98103,0.961767,0.9301200000000001,0.955438,0.984407,1.002845,1.003301,0.981974,1.006552,0.992853,0.9209309999999999,0.975023,0.974462,0.954961,0.969534,0.958458,0.958683,0.975986,1.004215,0.960099,0.965461,0.960131,0.958908,1.008645,0.959655,0.994953,0.977253,1.001521,0.960952,0.991335,0.950549,0.983573,0.982603,1.00503,0.9609,0.957634,0.997556,0.982206,0.985823,0.99249,1.049856,1.003,0.977443,0.983241,0.996919,0.979003
1990-08-31,0.841688,0.834997,0.847412,0.866278,0.865957,0.894251,0.877009,0.90284,0.8712,0.893775,0.832541,0.839423,0.828116,0.866948,0.874635,0.861287,0.891128,0.888452,0.8793219999999999,0.858953,0.840347,0.847843,0.863092,0.874706,0.854298,0.884385,0.886101,0.903301,0.9031830000000001,0.86234,0.858708,0.869306,0.863774,0.863017,0.879167,0.874939,0.919729,0.846054,0.9312860000000001,0.8554809999999999,0.859522,0.869669,0.8515550000000001,0.845015,0.868249,0.841472,0.924535,0.918358,0.884481,0.876127,0.846494,0.877227,0.868698,0.895187,0.915424,0.9099200000000001,0.896696,0.907257,0.940995,0.885606,0.902568,0.90165,0.889311,0.883359,0.867819,0.877259,0.932917,0.88773,0.88361,0.914022,0.91003,0.90342,0.884047,0.90754,0.905328,0.890286,0.889486,0.911155,0.893334,0.895622,0.8994139999999999,0.905096,0.8959550000000001,0.908724,0.9049,0.952553,0.866034,0.916948,0.920291,0.893006,0.924164,0.89852,0.879602,0.921242,0.93642,0.932866,0.918088,0.897621,0.8901939999999999,0.868735
1990-09-30,0.902625,0.8982559999999999,0.924601,0.923611,0.9124019999999999,0.933701,0.916515,0.911779,0.938191,0.919794,0.8864609999999999,0.894072,0.904943,0.885392,0.932188,0.895915,0.969006,0.903716,0.894672,0.898099,0.877788,0.904973,0.92469,0.9448,0.899235,0.93157,0.9098580000000001,0.94376,0.95089,0.895904,0.907045,0.91576,0.883127,0.901017,0.902799,0.9157230000000001,0.94506,0.908481,0.912003,0.899775,0.899572,0.894629,0.886704,0.947671,0.874861,0.924269,0.8994260000000001,0.940706,0.951982,0.829461,0.887437,0.946372,0.941947,0.932923,0.918229,0.969626,0.914855,0.921733,0.936628,0.945499,0.949639,0.972485,0.91564,0.876716,0.894163,0.940003,0.952052,0.954188,0.935308,0.957234,0.921465,0.933269,0.947691,0.963926,0.927917,0.856188,0.913856,0.93297,0.920213,0.88368,0.928674,0.943379,0.958056,0.931199,0.879875,0.928799,0.882373,0.967804,0.976166,0.88647,0.943966,0.96108,0.921711,0.978304,0.996346,1.000038,0.922418,0.957868,0.909476,0.91195
1990-10-31,0.935388,0.939062,0.93958,0.920934,0.954461,0.913241,0.941819,0.956938,0.936179,0.925766,0.931017,0.932546,0.920057,0.954275,0.92927,0.950974,0.941306,0.943474,0.924465,0.923251,0.915889,0.942418,0.950137,0.964322,0.966039,0.94437,0.927373,1.000531,0.936242,0.887063,0.948634,0.937487,0.948426,0.9345410000000001,0.961204,0.955111,0.953642,0.951476,0.930542,0.944473,0.94729,0.954397,0.939798,0.936687,0.907305,0.923287,0.983364,0.964251,0.956155,0.863473,0.943412,0.953864,0.985627,0.9283319999999999,1.00442,0.967615,0.971699,0.977694,0.989946,0.971277,0.969003,0.979953,0.953955,0.966577,0.94462,0.941716,1.001811,0.998382,0.967467,0.958448,0.986883,1.053968,0.978569,0.955614,0.952246,0.870521,0.978162,0.981008,1.007786,0.964245,0.97752,0.964376,0.965879,0.972727,0.960266,0.983233,0.926992,1.018056,1.013501,0.991808,1.020647,1.027193,0.995769,0.979865,1.008133,0.970144,0.994593,1.067474,1.007928,1.013793
1990-11-30,0.995462,1.031337,1.0306,1.046569,1.033444,1.040055,1.0026,1.030605,1.021773,1.003992,1.070199,1.048126,1.092451,1.050282,1.055079,1.030406,1.056636,1.011108,1.023206,1.023528,1.116442,1.125334,1.086124,1.043513,1.062185,1.073846,1.056663,1.062996,1.05858,1.0338289999999999,1.124707,1.107522,1.077682,1.04842,1.07763,1.063786,1.070405,1.094915,1.070997,0.995957,1.126595,1.08354,1.058735,1.062481,1.144379,1.077952,1.081933,1.076395,1.0707659999999999,1.120317,1.126238,1.097003,1.128025,1.103555,1.089416,1.045288,1.077192,1.076151,1.05963,1.036174,1.101094,1.075832,1.079686,1.129845,1.067558,1.101526,1.080916,1.075315,1.115718,0.985845,1.107851,1.067583,1.071835,1.0727470000000001,1.099957,1.171575,1.128256,1.074019,1.04965,1.053568,1.116082,1.1009,1.119412,1.0993870000000001,1.1548530000000001,1.083423,1.145221,1.042178,1.045204,1.082734,1.0689440000000001,1.034589,1.077985,1.055151,1.04493,1.060684,1.053014,1.046088,1.047581,1.013605
1990-12-31,0.976407,0.978661,0.996126,0.99386,0.98901,0.994553,1.047637,0.985372,1.016622,0.971261,1.020969,1.04341,1.017541,0.984848,0.993668,1.026635,1.016865,1.039073,1.014079,1.029333,1.025562,1.002414,1.044506,1.030098,1.055657,1.046907,1.049348,1.04381,1.034151,1.04395,1.06755,1.057666,1.060985,1.082587,1.022924,1.053762,1.032227,1.039652,1.04374,1.031655,1.073296,1.040482,1.06017,1.049934,1.021546,1.018711,1.047253,1.026865,1.072651,1.006847,1.089745,1.057755,1.05347,1.013807,1.076794,1.026331,1.040757,1.036677,1.020524,1.023888,1.054553,1.053266,1.040671,1.052187,1.038118,1.063624,1.037518,1.037955,1.046322,1.050764,1.0258639999999999,1.033765,1.041889,1.02625,1.064877,1.023474,1.056896,1.039929,1.043575,0.99801,1.053846,1.025627,1.029132,1.088355,1.075526,1.017786,1.044369,1.017912,1.020305,1.067435,1.031213,1.034076,1.048285,1.013685,1.012377,1.011774,1.02553,1.012966,1.015084,0.941781
1991-01-31,1.07228,1.058579,1.093793,1.075516,1.093821,1.093309,1.091467,1.07904,1.103942,1.112872,1.078706,1.1042,1.068545,1.05749,1.1365560000000001,1.097442,1.116464,1.052107,1.103077,1.125438,1.09637,1.099903,1.054044,1.047311,1.096389,1.09074,1.092449,1.05424,1.071356,1.108461,1.124746,1.072207,1.060886,1.087535,1.038032,1.079065,1.040238,1.093937,1.069115,1.119007,1.109658,1.097822,1.10906,1.130597,1.101901,1.071492,1.065455,1.079498,1.029774,1.067851,1.087113,1.079019,1.083139,1.056118,1.119274,1.029582,1.06894,1.098785,1.043809,0.991238,1.0747309999999999,1.100737,1.054231,1.0801479999999999,1.083371,1.118647,1.029578,1.042775,1.05307,1.056868,1.083216,1.07341,1.028804,1.033519,1.070362,1.057826,1.062426,1.035734,1.030565,1.08193,1.050632,1.072284,1.075351,1.055882,1.076941,1.058878,1.117637,1.04746,1.024342,1.057948,1.052546,1.046155,1.090124,1.014486,0.985978,1.050684,1.053127,1.044701,1.039984,1.054545
1991-02-28,1.150666,1.144363,1.100091,1.137319,1.185277,1.112279,1.121108,1.131094,1.097427,1.112464,1.150727,1.119235,1.112816,1.124843,1.15473,1.091732,1.103749,1.147483,1.140153,1.120595,1.124544,1.092378,1.050713,1.1294170000000001,1.100836,1.126461,1.061479,1.087222,1.098601,1.103568,1.122791,1.128616,1.127357,1.096417,1.098002,1.083983,1.079645,1.115437,1.141593,1.227822,1.11092,1.104437,1.129077,1.093265,1.092216,1.144148,1.086156,1.050915,1.084831,1.172014,1.096083,1.069122,1.100104,1.104787,1.070122,1.072371,1.095567,1.092078,1.047477,1.061986,1.100659,1.08683,1.117732,1.109957,1.105603,1.139309,1.069712,1.090995,1.067505,1.065099,1.096715,1.050335,1.083098,1.086451,1.066029,1.070759,1.069863,1.074103,1.063286,1.068299,1.087251,1.108231,1.059659,1.084046,1.07878,1.059828,1.105946,1.059178,1.072698,1.058116,1.077112,1.083792,1.062999,1.074805,1.048834,1.047431,1.045898,1.053032,1.080747,1.101356
1991-03-31,1.125342,1.124551,1.11256,1.109785,1.102675,1.104227,1.065884,1.059743,1.108077,1.091621,1.091607,1.067609,1.045017,1.088948,1.074012,1.03978,1.069069,1.070074,1.044614,1.060804,1.072776,1.05231,1.086271,1.058215,1.0734650000000001,1.053479,1.03585,1.0720399999999999,1.119978,1.016446,1.104606,1.060807,1.031948,1.047038,1.069084,1.043367,1.071016,1.063163,1.056524,1.04639,1.092322,1.058579,1.062861,1.010568,1.036221,1.023743,1.040434,1.058063,1.033034,1.09556,1.076056,1.080564,1.009832,1.033991,1.035759,1.00701,1.032587,1.056821,1.041205,1.11177,1.067873,1.048112,1.031637,1.011333,1.009033,1.022534,1.025355,1.047982,1.031147,1.023873,1.040288,1.056676,1.048996,1.044054,1.02324,1.075143,1.039945,1.035611,1.040531,1.019274,1.081001,0.997069,1.034363,1.051432,1.037252,1.02844,1.005416,1.012701,1.036526,1.017521,1.045867,1.047625,1.015983,1.007127,1.021871,0.964173,1.008363,1.050798,1.018082,0.955696
1991-04-30,1.048234,1.006315,1.028761,1.044173,1.004701,1.01408,1.032825,1.011827,0.996886,1.022256,0.998323,0.956505,0.991143,0.988328,1.011716,1.017502,0.976915,1.022286,0.976089,1.013342,0.9856240000000001,0.988826,0.979792,1.017028,1.001515,1.004788,1.020954,1.011759,1.031715,1.011288,0.972347,0.996456,1.007172,1.020475,1.020793,1.00215,1.018314,1.024954,1.030147,0.995133,0.995177,0.981815,1.002264,0.994091,1.068184,0.984954,1.025733,1.033533,1.008576,1.027052,0.974998,0.93765,0.988114,0.990718,1.018272,1.03393,1.053131,0.99737,1.02963,0.964431,0.977895,0.972557,0.989896,1.050643,0.979095,1.028614,1.033182,1.041627,0.971421,0.96969,1.008882,0.989351,1.00502,1.00163,1.026607,1.080051,1.022006,0.988513,0.957671,1.079556,1.048065,1.006783,1.016706,0.995727,1.027429,1.019761,1.023219,1.001676,1.027602,0.983797,0.995623,0.9943379999999999,0.986707,1.012221,1.008784,0.977604,1.015618,1.029007,1.002193,0.94702
1991-05-31,1.013851,1.015021,1.043682,1.005063,1.054555,1.040805,1.033561,1.029923,1.04462,1.032586,1.037952,1.048264,1.069474,1.035957,1.063827,1.02204,1.035503,1.033488,1.03797,1.034663,1.026672,1.0657,1.037445,1.044604,1.100043,1.055517,1.03501,1.042904,1.064778,1.016005,1.065385,1.056704,1.008181,1.028315,1.046609,1.047348,1.021457,1.040708,1.024985,1.025233,1.04423,1.03047,1.070222,1.079077,1.04515,1.039324,1.069243,1.015229,1.009705,0.993295,1.018991,1.058531,1.056783,1.065915,1.046895,1.053619,1.07115,1.0204550000000001,1.003863,0.998136,1.04761,1.050012,1.043191,1.040547,1.096193,1.054553,1.016832,1.05897,1.059382,1.014889,1.076827,1.084706,1.005769,1.062177,1.047148,1.053684,1.05473,1.051443,1.068646,1.04662,1.040817,1.047848,1.055705,1.061203,1.05543,1.050063,1.05724,1.03671,1.0346899999999999,1.1005530000000001,1.04541,1.0271,1.075614,1.021124,1.004195,1.019828,1.038802,1.045299,1.029322,1.219247
1991-06-30,0.929754,0.938493,0.976548,0.959535,0.960525,0.980569,0.966049,0.943414,0.962996,0.958002,0.920553,0.942678,0.968615,0.951149,0.957433,0.940317,0.950543,0.980875,0.976143,0.955483,0.961104,0.928877,0.914711,0.962819,0.9679409999999999,0.976812,0.951597,0.983356,0.9617,0.957722,0.961214,0.930322,0.956745,0.958099,0.961889,0.971113,0.985596,0.948739,0.9369540000000001,0.906825,0.962521,0.968211,0.9322090000000001,0.971298,0.982173,0.969501,0.99204,0.997194,0.961838,0.896248,0.921648,0.968263,0.949764,0.967386,0.94253,0.968317,0.96151,0.9728,0.97571,0.977622,0.97255,0.953202,0.972162,0.959542,0.903831,0.941267,0.986034,0.969559,0.983207,0.951992,0.928689,0.949906,0.960286,0.938515,0.957327,0.942774,0.953313,0.963427,0.922552,0.984009,0.957198,0.945624,0.928938,0.940914,0.925127,0.939235,0.934743,0.951363,0.944963,0.950139,0.96096,0.948315,0.935343,0.96069,0.980337,0.952339,0.940814,0.971047,0.980608,0.944928
1991-07-31,0.999053,1.051718,1.041576,1.042456,1.001308,1.014683,1.00634,1.039087,1.022207,1.002089,1.030688,1.045208,1.038861,1.0381610000000001,1.019466,1.047202,1.040819,1.038824,1.035949,1.043591,1.042187,1.038209,1.007195,1.063286,1.028221,1.016671,1.016479,1.030229,1.045509,1.010161,1.046681,1.037015,1.036351,1.041766,1.050776,1.027982,1.064045,1.041559,1.005326,1.021214,1.088345,1.045519,1.041955,1.038626,1.030929,1.024678,1.024684,0.990374,1.037587,1.080503,1.071096,1.040251,1.027592,1.05569,1.033888,1.059881,1.008382,1.067969,1.084011,1.07503,1.100034,1.016593,1.052152,1.038672,1.052283,1.030727,1.013456,1.036592,0.99706,1.047583,1.06528,1.049645,1.025016,1.035612,1.037994,1.012683,1.045886,1.059786,1.056442,1.155953,1.058513,1.017723,1.04044,1.033796,1.044003,1.061078,1.078408,1.054177,1.023038,0.954164,1.077226,1.028679,1.027553,1.035003,1.0487,1.040508,1.042593,1.020493,1.064432,0.941878
1991-08-31,1.041934,1.017205,1.01211,1.00795,1.015398,1.041657,1.019713,0.997589,1.00686,0.999947,1.036914,1.043864,1.068109,1.078465,1.023586,1.051779,1.006965,1.008803,1.044758,1.062453,1.041894,1.055588,1.026549,1.01825,1.016714,1.053731,1.03756,1.0029,1.042153,1.005849,1.050802,1.016597,1.044869,1.042218,1.032191,1.040897,1.025535,1.060287,1.020939,1.122337,1.083696,1.024117,1.048732,1.020094,1.016583,1.024858,1.034359,1.051597,1.052177,1.123383,1.067167,1.037352,1.038667,1.054382,1.028121,1.03215,1.021796,1.057043,1.015122,1.103014,1.02108,1.02738,0.995224,1.007634,1.01543,1.033783,1.038376,1.003587,1.05475,1.004715,1.003614,1.016988,1.056007,1.010358,1.062361,1.011054,1.032216,1.026534,1.030464,1.025263,1.040094,1.028692,1.003512,1.031854,1.011186,1.010411,1.025989,1.02179,1.085767,0.9091009999999999,1.046732,1.036576,1.012319,1.001081,1.015791,1.076332,1.016384,0.995452,1.02018,0.929104
1991-09-30,1.036443,1.014526,1.064686,1.030006,1.005791,1.000447,0.980019,1.004598,1.011744,0.972665,1.064408,1.036269,1.02077,1.004252,0.987675,1.018217,1.019367,0.997585,0.983419,0.977485,1.035376,0.994816,1.037761,0.989308,1.009842,1.039141,1.00245,1.041932,0.977898,0.975603,0.98418,1.007568,0.994842,1.008483,1.002649,1.021662,1.001399,0.996875,1.000754,0.972855,1.03252,0.992377,0.986143,0.979805,0.986066,0.989506,1.041253,0.989735,1.004748,0.946377,0.987416,0.994524,0.994163,1.015695,0.996427,0.995254,1.020454,0.977475,0.982016,0.896199,1.018034,1.000915,0.97564,0.990462,0.98701,0.995234,1.00316,0.958792,0.952161,1.036834,0.986284,0.987416,0.990408,0.976916,0.99802,0.984206,1.012529,1.004249,0.985838,0.998259,1.011671,0.960426,0.962291,0.963343,1.009986,1.004619,1.017975,1.001705,0.980611,0.903932,0.973648,0.982334,0.969289,1.009748,0.971105,1.015184,1.026237,0.97436,0.944252,0.963855
1991-10-31,1.026089,1.052888,1.036479,1.018621,1.024306,1.026415,1.019506,1.002392,1.027612,1.001236,1.086468,1.081365,1.026779,1.068249,1.009978,1.020358,1.092883,1.013012,1.034397,0.990639,1.027749,1.041027,1.038689,1.0335,1.032326,1.068839,1.016067,1.009933,1.007587,0.98147,1.021483,1.009733,0.996935,0.996482,1.070616,0.990683,1.006918,0.993939,1.022246,1.055999,1.059016,0.97368,1.018322,1.011654,1.020141,1.006705,1.05175,1.052223,1.051114,1.023891,1.072082,0.981178,0.995996,1.016864,1.003831,1.040785,1.013513,1.008684,1.036481,1.039206,1.015748,1.022271,0.998144,0.982701,1.013052,1.03019,1.028547,1.031825,1.013256,0.981747,1.045413,1.01332,1.013437,1.016004,0.982289,1.029622,1.032521,1.005674,1.034703,1.043049,1.059799,0.969787,0.993844,1.033303,1.009025,1.012645,1.043762,1.041168,1.070965,1.18337,1.014107,1.0125,1.014015,1.006018,1.022214,1.02355,1.044048,0.999959,0.92473,0.917439
1991-11-30,1.017727,0.987664,0.994352,0.953488,0.961226,0.976479,0.991087,0.988838,1.005581,0.972361,0.968799,0.961631,0.933492,0.984824,0.948916,0.955989,0.955781,0.955243,0.977477,0.943249,0.953546,0.954779,0.905071,0.951009,0.983445,0.9292670000000001,0.941127,0.9493,0.934674,0.939093,0.966423,0.932944,0.933061,0.950147,0.964229,0.999125,0.953153,0.948736,0.954098,0.864298,0.941806,0.959796,0.926377,0.980979,0.932639,0.992537,0.955964,0.932454,0.904176,0.926562,0.994582,0.949684,0.966321,0.939415,0.9345289999999999,0.995958,0.947987,0.953702,0.967567,0.945105,0.978688,0.960689,0.937751,0.971681,0.953831,0.971796,0.964477,0.96271,0.956545,1.061234,0.986104,0.976234,0.9646129999999999,0.93973,0.966762,0.948653,0.987348,0.953834,0.924937,0.912861,0.999244,0.940309,0.923237,0.945421,0.929212,0.942433,0.973988,0.969295,0.910542,0.928827,1.00354,0.946984,0.933141,0.954191,0.943579,0.95529,0.965803,0.94083,0.948941,0.8847929999999999
1991-12-31,1.016311,1.080965,1.038869,1.063143,1.002552,1.063742,1.013236,1.020675,1.037693,1.007189,1.073898,1.099038,1.038043,1.020644,1.083391,1.039771,1.076771,1.039527,1.05438,1.094487,1.102392,1.08844,1.08056,1.062275,1.031913,1.068125,1.03507,1.073445,1.069077,1.071587,1.13561,1.119604,1.046101,1.082876,1.09951,1.033522,1.062951,1.054018,1.085608,1.101595,1.175899,1.123056,1.083628,1.092849,1.110368,1.062288,1.093128,1.07509,1.137955,1.124968,1.165841,1.100943,1.134355,1.110538,1.075688,1.05827,1.147618,1.082372,1.109192,1.066007,1.144461,1.092633,1.119477,1.078345,1.064515,1.079641,1.060211,1.115087,1.086033,1.0712760000000001,1.159623,1.113545,1.10041,1.057945,1.113226,1.133685,1.079351,1.094174,1.135831,1.090849,1.139549,1.101172,1.115198,1.115274,1.095932,1.095043,1.089936,1.120813,1.165107,1.070222,1.163151,1.1358489999999999,1.134447,1.061429,1.08597,1.06379,1.07704,0.979555,1.049007,1.171875
1992-01-31,1.187763,1.15231,1.188707,1.138983,1.123124,1.1014,1.163228,1.159295,1.143451,1.267552,1.122708,1.139772,1.13703,1.161978,1.092109,1.044119,1.105868,1.127662,1.140195,1.094987,1.093968,1.047305,1.057676,1.067249,1.051073,1.052512,1.076983,1.093379,1.0717889999999999,1.144781,1.085124,1.094139,1.038154,1.030499,1.082241,1.070675,1.0692,1.065055,1.047467,1.182356,0.98807,1.095003,1.039515,1.106476,1.068614,1.054095,1.054751,1.111809,1.03501,1.071213,0.980869,1.036147,1.035963,1.029915,1.052872,1.028856,1.01571,1.054893,1.074441,1.261317,0.972771,1.003324,1.040568,1.03385,1.052438,0.990174,1.018504,1.010774,1.026144,1.087145,0.985089,1.032736,1.00134,1.019205,0.985523,1.0302769999999999,0.98977,1.017325,1.030687,1.121889,0.974329,1.011077,1.027973,1.008562,0.970779,0.995983,1.024584,0.977317,1.001935,1.118573,0.960315,0.984141,0.973938,0.969841,0.97772,0.955343,0.975115,1.042008,1.160278,1.09769
1992-02-29,1.0114,1.037042,1.055675,1.005959,1.061024,1.036837,1.049047,1.017496,1.058556,1.110605,0.981736,0.991468,1.058891,1.056935,1.053503,0.99719,1.041421,1.082346,1.120375,1.096815,0.991581,1.008255,1.009109,1.035316,1.020399,1.007039,1.013627,1.046597,1.06705,1.082066,0.983218,1.03118,1.003981,1.045446,1.026894,1.014832,1.037999,1.072702,1.029986,1.11174,0.998839,1.017531,1.019474,1.007632,1.039748,1.017806,1.030217,1.032877,1.047784,1.092961,0.967056,1.040891,1.055368,1.016107,1.02117,1.071051,1.044838,1.010836,1.0673219999999999,1.177071,0.971316,1.02084,1.032246,1.02864,1.021024,1.031077,1.020993,1.038596,1.046048,1.006065,0.995835,0.995154,1.01002,1.048334,1.017143,1.046522,1.013953,1.022996,1.021355,1.100493,1.00989,1.019615,1.00093,1.032329,1.034902,1.01944,1.001824,1.042064,1.064672,1.106821,0.997396,1.011168,1.008743,0.979281,1.022666,1.003428,1.023169,1.110711,1.084813,1.204918
1992-03-31,0.963191,0.978026,0.961209,0.960078,1.005905,0.987076,1.02419,1.002356,0.998057,1.011849,0.8947579999999999,0.945008,0.944107,0.923453,0.958598,0.967644,0.979161,1.004904,0.975956,0.968261,0.891256,0.961474,0.968108,0.96928,0.995593,0.982157,1.008975,0.975946,0.991227,0.986204,0.915814,0.935655,0.980769,0.979567,0.952185,0.994252,0.990842,1.005413,0.995331,0.977887,0.934058,0.957998,0.947778,1.000436,0.99697,1.000052,1.003408,0.998738,0.994732,0.994613,0.946513,0.96233,0.96383,1.000643,1.00512,0.977275,0.981079,1.017758,0.970133,1.001799,0.935698,0.956492,0.990524,0.991896,0.98085,0.959383,0.991951,1.005348,0.976168,1.022047,0.941828,0.941768,0.998849,0.988135,0.995374,0.944876,0.980419,1.001504,0.9637519999999999,0.984237,0.957788,0.968668,0.977255,0.978625,0.971822,0.985543,0.998557,0.98264,0.980711,1.026194,0.974058,0.965824,0.992855,0.978088,1.015209,0.995664,0.998563,0.958041,1.018736,1.044218
1992-04-30,0.890164,0.911154,0.9363360000000001,0.936953,0.945593,0.928816,0.944725,0.967462,0.956344,0.974863,0.885931,0.924662,0.968862,0.984865,0.964538,0.952652,0.947614,0.957952,0.970038,0.987233,0.899814,0.924785,0.947675,0.974777,0.958005,0.972992,0.961793,0.98329,0.998592,1.00527,0.960903,0.946752,0.959385,0.978783,0.966993,0.989151,0.980434,0.970599,0.998273,1.030687,0.948811,0.994256,0.978668,0.9921,0.944176,1.019707,1.003196,0.987041,0.992727,1.039874,0.914765,0.957244,0.991679,0.977053,0.988577,1.004752,1.009438,1.015152,1.042357,0.999465,0.91095,1.011535,1.005036,0.986387,1.014521,1.015583,1.025009,1.040225,1.02838,1.051159,0.986228,1.010227,1.022137,1.011389,1.023426,1.028873,1.015758,1.038837,1.016523,1.067417,0.997407,0.996133,1.028337,1.031641,1.02617,1.028069,1.043034,1.014795,1.052652,1.065837,0.991997,1.024164,1.0289760000000001,1.077004,1.063822,1.069296,1.037488,1.037541,1.012056,1.193314
1992-05-31,0.975922,1.006251,0.983034,0.99101,0.991026,1.029994,0.963122,0.999021,1.004394,1.0017,0.962567,1.015273,1.004783,1.003537,0.993053,0.999661,0.992125,0.98688,1.015459,1.047879,0.988429,0.995828,0.986998,1.014112,0.989333,1.034016,1.022857,0.996406,1.015373,1.04891,1.000487,1.005888,1.001237,1.009041,1.014687,1.02753,0.987463,1.02248,1.018662,1.111164,0.992509,0.99369,0.979387,0.997271,0.999069,1.048125,1.010102,1.000868,1.016738,1.06404,0.98707,1.012488,0.985438,1.000237,0.995993,1.041209,1.00376,1.015861,1.001027,1.025533,1.036245,0.997262,1.020705,0.991687,1.00587,1.018349,1.017697,0.973054,0.980093,1.04245,1.010679,0.967578,1.023779,1.007999,1.003807,1.019648,1.013083,1.010764,1.017422,0.977487,1.004934,1.009083,0.998617,1.019954,1.010977,1.004166,0.993194,1.020045,1.018909,0.948922,1.01337,1.013442,1.003192,1.003506,0.985777,1.022822,1.010663,0.974316,1.009952,0.977961
1992-06-30,0.912585,0.869911,0.934511,0.952167,0.937845,0.956509,0.960185,0.952999,0.954219,0.954936,0.917841,0.919143,0.953002,0.94873,0.930669,0.969932,0.950231,0.947812,0.935532,0.979567,0.920081,0.957333,0.9148270000000001,0.963792,0.957049,0.99544,0.977678,0.966819,0.948001,1.02002,0.949817,0.960494,0.931989,0.947565,0.937758,0.988293,0.94761,0.975497,0.989352,1.025685,0.945173,0.950192,0.964759,0.973261,0.950563,0.977857,1.009655,0.976646,0.966422,0.981491,0.925553,0.996586,0.958321,0.95007,0.980786,0.985765,0.989097,0.965736,1.030883,1.024544,0.97676,0.994848,0.947399,0.967521,0.956439,0.989058,1.005082,0.942001,0.983129,0.989071,0.973799,0.988196,0.965643,0.959112,0.97645,0.986113,0.995005,1.039589,0.982602,1.0218,0.977592,0.974856,0.96554,0.957257,1.005689,0.974736,0.986212,1.017842,0.986018,1.126077,0.966787,0.974167,1.005076,1.007964,0.970865,0.982317,1.002517,1.007546,0.979649,1.033803
1992-07-31,1.002023,0.972319,1.016477,1.013686,0.988205,0.986541,1.014022,1.017759,1.045242,1.038414,1.026285,0.996747,0.985898,1.050948,1.046052,1.025315,1.016163,1.057954,0.997281,1.031875,1.011319,1.06407,1.044128,1.035612,1.025897,1.0293,1.061136,1.047041,1.03543,1.022607,1.0123,1.041351,1.036584,1.065869,0.999609,1.074159,1.040065,1.023333,1.043196,0.999294,1.037495,1.043988,1.032867,1.011534,1.060884,1.016155,1.025214,1.071389,1.068304,1.023533,1.042855,1.058198,1.075737,1.060936,1.039776,1.040263,1.070791,1.03131,1.039205,1.032884,1.056271,1.046489,1.02623,1.040139,1.013583,1.037678,1.0692490000000001,1.044242,1.009303,0.98635,1.053614,1.050461,1.054441,1.035549,1.056172,1.016627,1.028062,1.034383,1.037297,1.02049,1.037464,1.037881,1.021921,1.055456,1.047153,1.045877,1.05038,1.055241,1.052938,0.981446,1.053095,1.043978,1.01453,1.062859,1.049055,1.027662,1.051316,1.035609,0.994225,0.969338
1992-08-31,0.930053,0.96473,0.986869,0.963041,0.952259,0.991238,0.979849,0.989001,0.974748,0.975894,0.952545,0.980519,0.954395,0.975829,1.017763,0.994215,0.992282,0.972714,0.958574,0.954264,0.940786,0.970468,0.967976,0.99521,0.986303,0.995883,0.986444,1.008145,0.957817,0.928878,0.94555,1.005879,0.955507,0.96173,0.985048,1.002119,1.0205359999999999,0.975031,0.97727,0.977756,0.91867,0.981541,0.970337,0.978021,0.97067,0.981919,0.984018,0.967474,0.981625,0.996804,0.957484,0.973774,0.988536,0.966326,0.989545,0.974083,1.011069,0.977326,0.968757,0.953141,0.96559,0.984199,0.987814,0.961568,0.982789,0.963408,0.993777,0.962209,0.95659,0.979706,1.003212,0.983381,0.968727,0.97401,0.974677,0.987166,0.987954,0.983718,0.960809,0.934438,0.968331,1.017886,1.00241,0.956714,0.976236,0.978902,0.94,0.987099,0.972667,0.913728,0.997805,0.987165,0.969166,0.963697,0.994469,0.983038,0.97241,0.96964,0.942092,0.873618
1992-09-30,0.988953,0.998467,1.032254,1.011971,1.006524,1.005079,1.026755,1.003573,1.011725,1.017239,1.020979,0.987202,1.00761,1.014111,1.03967,1.009978,1.05012,1.021531,1.017062,1.005928,1.007094,1.056617,1.019558,1.052985,1.034888,1.05273,1.026413,1.01721,1.013031,1.051153,0.997908,1.015628,1.002472,1.017787,1.056932,1.025184,1.006072,1.045978,1.014496,1.002477,1.012127,1.01965,1.027292,1.022512,1.00507,1.028992,0.999775,1.00132,1.00566,1.023795,1.05334,1.022178,1.012968,1.039086,0.9934499999999999,1.030099,1.013262,1.002121,1.049283,0.990364,0.969765,1.004028,1.0406,1.039006,1.002893,1.010502,1.019306,1.035391,1.031309,0.987924,1.027194,1.013369,1.023946,1.03935,1.026211,1.028328,0.996249,1.006968,0.977696,1.012149,1.019282,1.060664,1.037345,1.009283,1.023314,1.046968,0.998414,1.004038,1.02618,1.027023,0.997294,1.027855,1.049905,1.01759,1.002364,0.996776,1.003879,1.033543,1.023087,0.973647
1992-10-31,1.010852,0.994264,1.0197,1.022221,0.987063,1.002783,0.992435,1.008233,1.03553,1.0157370000000001,1.032816,1.04261,1.000987,1.038087,1.070528,1.015934,1.053485,1.025675,1.020811,0.990759,1.053902,1.048972,1.066873,1.024463,1.021983,1.013442,1.011909,0.998218,1.040406,1.023542,1.056483,1.033728,1.036033,1.037451,1.06122,0.987831,1.00859,1.030083,1.062292,0.980678,1.087692,1.060236,1.017529,1.03155,1.045835,0.998602,1.029458,1.006219,1.034578,0.987414,1.039968,1.052926,1.083358,1.029053,1.013544,1.014567,1.030772,1.025573,0.995221,1.032844,1.081896,1.043497,0.9837359999999999,1.027509,1.0107949999999999,1.02298,0.992759,1.020021,1.036657,1.037193,1.032742,1.049838,1.015258,1.020489,1.01448,0.995243,1.018865,1.04569,1.054863,1.053944,1.032092,1.027727,1.040671,1.009303,0.988911,1.000506,1.049712,0.994533,0.988548,1.057158,1.016078,1.029403,1.017824,1.000547,0.98118,0.958009,0.989095,0.992973,1.010606,0.995528
1992-11-30,1.069875,1.069093,1.07637,1.088902,1.085027,1.115335,1.099049,1.074511,1.067961,1.08162,1.12987,1.119134,1.124897,1.134484,1.093183,1.042785,1.074568,1.081426,1.076019,1.086474,1.102139,1.087947,1.120807,1.09064,1.060811,1.05218,1.063481,1.060192,1.0542,1.061398,1.094097,1.080031,1.07791,1.031035,1.0748199999999999,1.061582,1.012718,1.056127,1.075412,1.088619,1.109042,1.089176,1.090797,1.039165,1.066966,1.071706,1.059329,1.063706,1.050511,1.016852,1.087827,1.093379,1.073386,1.058659,1.04661,1.058136,1.047871,1.038655,1.019627,1.069668,1.070695,1.066323,1.046421,1.003248,1.034137,1.057223,1.026069,1.031123,1.053284,1.055165,1.076455,1.06531,1.054953,1.07023,1.041385,1.035188,1.021237,1.037728,1.019752,1.044375,1.050296,1.070195,1.031729,1.051697,1.052127,1.03393,1.0492,1.00154,1.048482,1.097727,1.030407,1.042941,1.059555,1.042829,1.012277,0.996341,1.035882,1.025335,1.088608,1.103866
1992-12-31,1.036051,1.023622,1.040185,1.052614,1.033388,1.071692,1.040164,1.073545,1.062191,1.04061,1.002399,1.019328,1.005717,1.044367,1.057537,1.040599,1.023563,1.03511,1.040285,1.060428,0.988296,1.014954,1.018869,1.035175,1.035453,1.026129,1.053226,1.064285,1.064443,1.059387,1.021238,1.044549,1.025889,1.024125,1.009097,1.063224,1.05158,1.083853,1.030683,1.05476,1.033909,1.05928,1.038897,1.052937,1.023585,1.014879,1.056467,1.028837,1.045085,1.032163,1.056899,1.003337,1.061767,1.046171,1.025462,1.054075,1.044121,1.025978,1.067856,1.040543,1.013654,0.997374,1.030156,1.049433,1.039884,1.048811,1.027352,1.031352,1.035097,1.068771,1.006239,1.025645,1.015207,1.025503,1.035917,1.023712,1.039607,1.057552,1.045558,1.05184,0.986976,0.996607,0.998601,1.01255,1.044084,1.01733,1.041496,1.02321,1.033648,1.027619,0.988041,1.013562,1.05466,1.027943,1.030425,0.979389,1.026051,1.031542,1.006879,1.036931
1993-01-31,1.046024,1.043873,1.064704,1.063603,1.087762,1.048362,1.092186,1.036921,1.081668,1.10774,1.020606,1.020203,1.030416,1.056912,1.013742,1.042976,1.055581,1.055097,1.064052,1.060968,0.999455,1.019016,1.04711,1.042234,1.032425,1.046663,1.049028,1.046139,1.08915,1.111193,0.981735,0.980208,1.02645,1.001933,1.061291,1.033123,1.049318,1.038964,1.079549,1.049228,0.971003,1.004569,1.039253,1.015686,1.026345,1.073178,1.028028,1.058261,1.019741,1.051891,0.950709,0.993774,1.039574,1.065615,1.029455,1.027471,1.019006,1.041136,1.060624,1.018926,1.005921,1.033823,1.001888,1.014087,1.021381,1.018652,1.012216,1.014949,1.044025,1.069096,1.020171,0.99489,1.008841,1.04907,1.047516,1.008785,1.046137,1.024826,1.059671,1.017435,1.007564,1.002384,1.01323,0.999212,1.000773,1.018915,1.015637,1.043958,1.055524,1.071686,0.961444,1.002871,1.01995,1.001555,0.999148,1.020342,1.039954,1.031379,1.039508,1.134262
1993-02-28,0.95829,0.943862,0.919557,0.956277,0.98249,1.010927,0.990206,1.005354,0.998073,1.002225,0.897622,0.932372,0.96106,0.948182,0.953872,0.990396,0.974758,0.991313,0.982002,1.047081,0.901846,0.916608,0.954214,0.978222,0.991823,1.00556,1.032653,1.005708,0.989005,1.029703,0.902664,0.968187,0.93609,0.982784,0.966405,1.021508,1.034049,1.034563,1.018476,1.036083,0.916537,0.936624,1.009167,0.992491,0.989832,1.03477,1.037904,0.978302,1.041662,0.994718,0.899316,0.942464,0.994189,1.002571,1.004357,1.019184,0.996161,1.0237,1.037287,1.025636,0.898345,0.984461,1.010593,1.003341,1.018904,1.02641,1.021787,1.028248,1.014139,1.038614,0.948052,0.96124,1.003814,1.039072,1.011505,1.015111,1.052338,1.021769,1.029041,0.995769,0.944443,0.983283,0.993034,1.008016,1.034197,1.043185,1.027641,1.062011,1.050739,1.010622,0.968466,0.980829,1.023076,1.034596,1.048349,1.058261,1.053226,1.041898,1.032924,1.000621
1993-03-31,1.012428,1.003977,1.044134,1.034204,0.989458,1.018112,1.062108,1.034177,1.044929,1.05794,1.0048,1.020315,0.991442,1.017803,1.066727,1.031304,1.029253,0.995311,1.037183,1.056435,1.01162,0.979938,1.066705,1.010557,1.02991,1.081129,1.009246,1.012154,1.062669,1.013057,1.007766,1.025102,1.004633,1.021188,1.047541,1.019447,1.047557,1.0289760000000001,1.027869,1.065877,1.040038,1.034373,1.040516,1.003669,1.002353,1.036802,1.052129,1.026808,1.036353,1.028527,1.075692,1.034672,1.03207,1.040796,1.029839,1.063841,1.041573,1.026827,1.061343,1.084739,0.996482,1.024837,1.044186,1.067244,1.067402,1.018171,1.037267,1.077674,1.011758,1.046003,1.037975,1.026054,1.040172,1.059022,1.043433,1.042047,1.036714,1.018115,1.012495,1.026632,1.038195,1.021864,1.014561,1.0338,1.042722,1.052691,1.042754,1.024676,1.004189,1.025562,0.998275,1.016531,1.039493,1.039727,1.026664,1.020334,0.99878,1.008196,1.037756,1.055613
1993-04-30,0.965525,0.973881,0.959631,0.947762,1.00824,0.95565,0.994609,0.999578,0.995662,0.998473,0.947734,0.963341,0.957732,0.980003,0.929703,0.994195,0.972239,0.954536,0.979387,0.976849,0.961423,1.010738,0.961858,0.948698,0.953362,1.014811,0.994643,0.964668,0.957425,0.935821,0.958228,0.962824,0.988456,0.959375,0.963813,0.998221,0.98885,0.963081,0.978846,0.950665,0.955116,0.91647,0.990761,0.962066,0.971426,0.962593,1.006845,0.981219,0.997342,0.957994,0.943834,0.976234,0.998588,0.959759,0.980473,0.988512,0.963894,0.9956,0.975681,0.986996,0.964235,0.960936,0.971895,1.011529,0.974281,0.975019,0.984227,0.978963,0.98593,0.909313,0.948361,0.939321,0.975167,0.955804,0.973451,1.012172,1.000201,0.966113,1.002144,0.993392,0.922523,0.929631,0.966845,0.988166,1.002568,1.008793,0.985933,0.976699,0.979951,1.025262,0.939788,0.953209,0.96947,0.992547,1.00539,0.982659,0.99553,0.976049,0.967256,1.037564
1993-05-31,1.036651,1.042953,1.032499,1.054636,1.037907,1.018711,1.043676,1.044599,1.035729,1.051005,1.058661,1.089287,1.035017,1.056468,1.064174,1.020112,1.016195,1.014391,1.061456,1.033236,1.082592,1.066928,1.057407,1.066273,1.039216,1.03736,1.015267,1.024749,1.051135,1.036075,1.066758,1.061839,1.030349,1.023831,1.048061,1.013084,1.038358,1.00068,1.061742,1.006358,1.136014,1.052454,1.070252,1.034338,1.026244,1.031332,1.012096,1.004405,1.016355,1.019769,1.070124,1.068113,1.095493,1.031679,1.042863,1.056927,1.039899,1.017482,1.02181,1.028887,1.088805,1.033008,1.03154,1.065898,1.004959,1.004855,1.019643,0.992746,1.031303,1.014796,1.090572,1.04838,1.013683,1.063117,1.041396,1.013003,1.001569,1.022453,1.034702,1.02384,1.063525,1.026688,1.023524,1.039473,0.999296,1.002853,1.015121,1.005405,1.001414,1.009058,1.030293,1.020557,1.053278,1.041901,1.015744,1.02366,1.021141,1.003416,0.987462,0.994125
1993-06-30,1.006958,1.0074,0.98673,0.987875,1.027836,1.042903,0.97939,1.001311,1.028213,1.030572,0.9648,0.988524,0.993579,1.014053,0.982918,0.988464,0.967276,1.005805,1.034426,0.984731,0.993791,1.000593,1.022801,0.988587,1.005492,0.982832,0.993881,0.995109,1.012593,1.010248,0.993429,0.982946,1.012709,0.990751,1.010839,1.006069,1.014636,1.021568,1.035826,1.028481,0.998858,1.058174,1.029859,0.991246,1.026576,1.027426,1.032616,0.986649,1.015722,0.990894,0.989488,0.955619,0.971321,1.014944,1.016175,0.97591,1.028489,1.045284,1.010871,1.009762,1.002599,1.016873,0.999227,1.00794,0.998171,1.05215,1.020281,1.02397,1.030917,0.98792,1.003373,1.010895,1.002888,1.016881,1.025291,1.000396,1.009964,1.003821,1.054663,1.041833,0.977814,0.958019,0.987721,0.975965,1.024377,1.033645,1.034666,1.036307,1.031771,1.035392,0.97464,0.982284,1.03007,1.002262,1.002342,1.012629,1.020736,1.026596,1.034531,1.061961
1993-07-31,0.980086,1.00635,0.994191,1.015494,1.027308,1.006222,1.011081,1.002738,1.033141,1.010627,0.972292,0.998239,0.989208,0.997693,1.006755,1.004042,1.028462,1.018879,1.041101,1.033717,0.995699,0.996607,0.996427,1.002633,1.016882,1.018219,1.035161,1.061171,1.038997,1.020676,1.009074,1.004126,1.001721,0.988278,1.017863,1.01712,1.011103,0.986487,1.065501,0.97526,1.000308,0.975044,1.01217,1.011049,1.014911,1.015687,1.046895,1.026318,1.0054,1.00955,0.998274,0.992234,1.005794,0.979096,0.993246,1.017822,1.002035,1.024766,0.981313,0.993076,0.958464,0.980491,1.046657,1.001671,1.02094,1.006216,1.026037,1.035574,1.010751,0.995884,0.956738,0.977804,1.006349,1.034915,1.017229,1.001217,1.023942,1.007547,1.009181,1.029672,0.989198,1.016809,0.977341,1.008312,0.999586,1.023097,1.005649,1.036248,0.998364,1.013254,0.958825,0.964817,1.008041,0.981917,1.029785,1.00712,1.013305,1.014606,0.983496,1.06244
1993-08-31,1.028214,1.04059,1.051321,1.070586,1.042397,1.011479,1.039358,1.044504,1.025908,1.036019,1.031354,1.051935,1.042847,1.062229,1.031316,1.046039,1.037335,1.046533,1.038407,1.021057,1.023117,1.034136,1.050346,1.056965,1.034176,1.045279,1.036507,1.046695,1.044503,1.017133,1.034532,1.042391,1.067521,1.065973,1.037075,1.085023,1.047981,1.0698050000000001,1.021961,1.051009,1.0316939999999999,1.029167,1.03059,1.065126,1.042459,1.03537,1.028635,1.034469,1.038427,0.982342,1.061851,1.027849,1.046568,1.054733,1.033188,1.042245,1.004755,1.055136,1.032293,1.032106,1.032832,1.050024,1.067538,1.042047,0.997743,1.049667,1.043531,1.050189,1.046058,1.020731,1.07853,1.06128,1.034511,1.035068,1.049745,1.065617,1.05526,0.993658,1.081261,1.020874,1.030098,1.029079,1.052006,1.0382419999999999,1.005976,1.050289,1.03926,1.042111,1.079402,1.02353,1.028589,1.05258,1.015429,1.03544,1.047767,1.035206,1.040258,1.044616,1.030674,1.019167
1993-09-30,1.021459,1.046814,1.032959,1.063475,1.042591,1.032601,1.044536,1.039686,1.029271,1.039353,1.007636,1.035111,1.012791,1.001964,1.013885,1.04238,1.026648,1.018557,1.045453,1.006421,1.038919,1.038001,1.039485,1.012433,1.033446,1.000772,0.999594,1.036488,1.014559,1.024065,1.030157,1.043787,1.053441,1.033804,1.036951,1.031867,1.02803,1.025087,1.014194,1.048035,1.051442,1.006887,1.032816,1.003638,1.024358,1.043316,1.012206,0.999616,1.018465,1.039191,1.065256,1.0222,1.026707,0.986273,1.004817,0.997953,1.003132,1.024156,0.997649,0.968295,1.015049,0.994745,0.998681,1.016209,1.026793,1.007795,1.001574,1.002267,1.001467,0.983898,1.013221,1.000759,1.014109,1.020784,0.999647,1.01127,0.969421,1.00173,0.998962,0.973194,1.017034,1.00168,0.991165,0.970217,0.999046,0.994137,1.001187,1.005604,0.961028,1.029628,0.981816,0.981288,0.981068,0.991479,0.991496,1.032117,1.033598,0.979748,0.998202,1.013869
1993-10-31,1.034636,1.046278,1.068725,1.028808,1.054249,1.074988,1.061434,1.055118,1.061967,1.054776,1.067767,1.057722,1.036573,1.040867,1.046004,1.032383,1.045604,1.035951,1.033917,1.02388,1.046805,1.040843,1.045763,1.034163,1.044954,1.018,1.039106,1.022941,1.037664,1.005112,1.051249,1.015988,1.014654,0.983566,0.992064,1.018653,0.98594,0.99818,0.99496,0.985057,1.032493,1.047145,1.019314,0.989722,1.012045,1.00987,0.999851,1.016915,1.066835,1.017369,1.002376,1.030925,0.964893,0.986853,1.009616,0.988582,0.995421,0.990654,1.024381,1.017425,1.013931,1.054103,1.020793,1.003217,0.992779,0.987427,0.977463,0.984105,0.978316,1.030615,1.031438,1.033919,0.999337,1.016017,1.017086,0.996195,0.997466,1.011268,0.969229,0.972037,1.020281,1.05194,1.003043,1.016693,1.004207,0.969848,0.985471,0.978559,0.964105,0.996492,1.049858,1.050322,1.011645,1.025335,0.994154,0.994395,1.001864,0.990651,0.999787,1.050462
1993-11-30,0.94395,0.977276,0.984875,0.96905,0.973339,0.9578450000000001,0.985157,0.981945,0.987193,0.979906,0.951864,0.977357,0.962134,0.966573,0.982949,0.995722,0.962374,0.988833,0.987316,0.978017,0.973778,0.960394,1.014638,0.96341,0.973982,0.979141,0.962186,0.967278,0.94858,0.958934,0.959961,0.979106,0.949529,0.981125,0.968971,0.984488,0.943178,0.964762,0.978468,0.938226,0.978528,0.946706,0.979744,0.972007,1.00096,0.945244,0.970936,0.974738,1.019488,0.968229,0.972397,0.992847,0.947727,1.014729,0.953618,0.976331,0.960663,0.956564,0.968866,1.032146,0.971339,0.989134,0.951104,0.977195,0.949916,0.95004,0.95154,0.963587,0.943384,0.9230160000000001,0.96361,0.987479,0.987454,0.967531,0.998742,0.982892,0.983873,0.990801,0.95407,0.9604550000000001,1.013937,0.986929,1.013429,0.998815,0.985358,0.980974,0.975011,0.944655,0.965347,0.99269,1.026987,1.015919,0.972169,0.974163,0.97488,0.982184,0.954327,0.978923,1.044885,0.935411
1993-12-31,0.991293,0.988801,0.991926,1.001615,1.024343,1.020992,1.011877,1.002136,0.978949,1.018291,0.996075,1.051167,1.009749,1.00721,1.003099,1.030274,1.0198990000000001,1.012046,1.011694,1.0240070000000001,1.011061,1.002582,1.037432,1.057514,1.065092,1.056527,0.967911,1.022005,1.040324,1.033966,1.007688,1.070223,1.03372,1.054969,1.031977,1.032829,1.039693,1.032289,1.041018,1.035126,1.037238,1.03344,1.072032,1.069773,1.038037,1.058948,1.072427,0.996117,1.02611,1.066292,1.035521,1.041603,1.065723,1.048916,1.063097,1.045873,1.04824,1.058225,0.98937,1.026361,1.021708,1.065315,1.0857269999999999,1.049309,1.06877,1.035318,1.017033,1.030535,1.027464,0.996398,1.059587,1.012371,1.069496,1.051248,1.048626,1.015176,1.015856,1.056425,1.038543,1.018995,1.028116,1.001943,1.0277,1.035028,1.039076,1.020507,1.024292,1.02562,1.002901,1.02417,0.991814,1.014048,1.014384,1.034342,1.000638,1.007114,1.007296,1.013642,1.026108,0.995803
1994-01-31,1.033712,1.067899,1.063314,1.060183,1.061447,1.065335,1.047904,1.057904,1.068884,1.068798,1.009585,1.020893,1.059291,1.070169,1.052648,1.050491,1.043749,1.04583,1.036403,1.060997,1.00457,1.009122,1.009217,1.048562,1.018746,1.03804,1.041548,1.030523,1.042591,1.087661,1.036531,0.991772,1.004868,1.016982,1.03278,0.998615,1.00285,1.035414,1.025168,1.058023,1.019975,0.995176,1.028297,1.014358,1.025045,0.984252,1.046831,1.034064,1.036514,1.059904,1.008699,1.040438,1.021494,1.021043,1.031507,1.005774,1.022055,1.024367,1.048145,1.107002,1.069453,1.026126,0.995042,1.012896,1.025375,1.047984,1.04206,1.01471,1.027682,0.991247,1.018041,1.002247,1.044692,1.055871,1.07447,1.029502,1.042761,1.023849,1.017858,1.0263390000000001,1.035236,1.013844,1.007966,1.0674109999999999,1.049009,1.031071,1.046043,1.012486,0.978866,1.041843,0.999914,1.04238,1.049305,1.06256,1.042899,1.040696,1.047065,0.99183,1.041543,1.036918
1994-02-28,0.950045,0.977111,0.996153,1.033725,1.009497,1.003155,0.997361,1.010341,0.991714,1.009514,0.968657,0.98394,0.99843,1.012582,1.021337,0.988695,0.98682,1.007943,0.984872,1.00589,0.988841,0.991253,1.006926,1.022297,0.999134,0.989581,0.956653,0.971099,1.001499,0.98551,0.984819,1.011087,0.976055,1.023258,0.984568,1.02758,1.013602,0.973676,1.000227,0.960464,0.973582,1.019462,1.017855,1.045697,0.989967,1.021059,1.015531,0.99726,0.992493,0.953148,0.999356,0.98885,1.001113,1.00427,1.013697,1.001052,0.962571,0.972994,1.003109,0.993429,0.977329,0.975199,0.998726,1.004143,1.00381,1.003404,1.022061,0.957362,0.939659,0.999071,0.989388,0.994346,1.009175,0.992512,0.9853,0.97049,0.970463,0.955582,0.929967,0.973696,0.978843,0.968151,0.997538,0.983168,1.011234,0.975657,0.983432,0.951349,0.959845,0.970727,0.983578,0.984075,0.97085,0.988798,0.958588,0.955774,0.938991,0.948542,0.94186,0.944883
1994-03-31,0.920206,0.9164140000000001,0.953083,0.928695,0.947355,0.941725,1.00634,0.956908,0.9661690000000001,0.961469,0.908318,0.944206,0.957508,0.949258,0.955074,0.955982,0.959753,0.925898,0.996432,0.959499,0.925165,0.925441,0.9407179999999999,0.948419,0.954917,0.933451,0.966238,0.927808,0.919476,0.965148,0.921704,0.950392,0.956509,0.932381,0.944503,0.955006,0.969501,0.962883,0.958261,0.954125,0.924928,0.9625360000000001,0.960577,0.958754,0.945133,0.98313,0.934416,0.965715,0.964054,0.972678,0.938344,0.951684,0.938495,0.950048,0.95547,0.949123,0.958281,0.976323,0.950001,0.919376,0.937417,0.952294,0.923859,0.942258,0.97451,0.946266,0.994133,0.970562,1.020508,0.9354169999999999,0.927983,0.94614,0.971482,0.932037,0.939563,0.956326,0.956685,0.97006,1.015365,0.947443,0.975774,0.977177,0.946641,0.922239,0.997397,0.954047,0.967529,0.970936,0.979589,0.921405,0.949499,0.940766,0.965463,0.97041,0.9655279999999999,0.964748,0.953896,0.961988,0.970377,0.91722
1994-04-30,0.959126,0.971097,0.98707,0.983226,0.993089,0.958665,0.986172,0.98664,0.995261,0.995703,0.936318,0.987831,0.992611,1.028909,0.982287,0.993807,0.985484,0.997415,1.012219,1.023044,0.96689,0.988199,1.007352,1.015008,1.01428,1.019916,0.996272,1.001361,1.025429,1.011739,0.987118,1.007511,1.021494,0.987922,1.003072,1.019511,1.033709,1.033244,1.006208,1.037493,1.011635,0.9724,1.017277,1.050712,0.976653,1.011274,0.995206,1.016674,1.016365,1.0243929999999999,0.974558,0.99287,1.002589,1.014457,1.017599,1.019619,1.023982,1.004792,0.988721,1.023068,0.99067,1.005145,1.012798,1.014245,1.017197,1.02321,1.004546,1.011325,1.027032,1.062969,0.980274,1.019944,1.0037,1.00006,0.992519,1.023718,1.028372,1.020722,0.998066,1.031013,0.977345,1.00713,1.008871,0.977338,1.034501,0.992542,1.031015,1.026587,0.990462,1.026989,1.020804,1.009725,0.996585,1.020789,1.017216,1.039903,1.015872,1.006544,1.0358,1.000361
1994-05-31,0.979178,0.977035,0.995974,0.971996,0.987931,1.02901,0.969262,1.009796,0.996444,1.00257,0.969447,0.971396,0.975635,0.97399,0.9884,0.967701,1.0284200000000001,0.985349,0.988567,0.996876,0.960172,0.997726,0.980591,0.979351,0.989548,0.990977,0.995835,1.018888,1.025659,0.995182,0.997321,0.954437,0.948246,1.000211,0.982799,0.994055,0.989765,0.988257,1.01102,1.019147,0.965979,0.990376,0.973251,0.989794,0.98398,1.019678,0.967041,0.997088,0.996851,1.005334,0.974418,0.988207,0.992366,0.992314,1.010035,1.005811,0.999229,1.00839,0.981421,1.031795,0.949256,0.985008,1.021467,1.019545,1.006025,1.022268,0.945774,0.971667,0.984766,0.983738,1.023805,0.999518,0.988415,0.965589,1.019774,0.997375,1.003003,1.02501,1.021,0.908084,1.004652,1.016292,1.003782,0.992006,1.035544,1.011761,1.012109,0.977991,0.964529,1.058897,1.012528,1.007625,1.044885,1.009805,1.033344,1.016828,1.014602,0.971873,1.058191,1.011468
1994-06-30,0.94575,0.964135,0.954797,0.953273,0.948717,0.987658,0.988688,0.982835,0.987952,0.975019,0.922225,0.927588,0.965236,0.935801,0.960786,0.940502,0.9395249999999999,1.007898,0.980095,0.97888,0.924478,0.940816,0.93379,0.986655,0.994235,0.999561,0.974054,0.982329,0.985433,0.999975,0.945169,0.950621,0.97905,0.972932,1.01143,0.98207,0.979736,0.98688,0.982094,1.004992,0.962936,0.979795,0.971665,0.965157,0.978954,1.001463,0.961747,0.975052,0.971943,0.949825,0.91641,0.996118,0.947543,0.988444,0.987568,1.029121,1.001618,0.996235,0.98861,1.008199,0.951349,0.967421,0.982361,0.958335,0.951295,0.989729,0.986107,0.964414,0.98642,0.949537,0.932047,0.96,0.986413,0.99553,0.967296,0.954666,0.980419,0.993216,0.962033,0.963737,0.942456,0.9652810000000001,0.978009,0.975969,0.97329,0.995125,0.982442,0.968168,0.940602,0.999347,0.975393,0.975465,0.969316,0.980523,0.975265,0.979364,0.991643,0.985205,0.957493,0.984588
1994-07-31,1.002505,1.006472,0.967175,0.997197,0.998281,1.004786,1.007245,1.014794,1.006586,1.018415,1.02382,0.966074,1.006757,1.01677,0.977659,0.994823,1.004928,1.010374,1.005038,1.013356,1.03435,1.020158,1.027245,1.005964,1.013275,1.02505,1.016492,1.048552,1.005352,1.023706,1.032022,1.003043,1.038994,1.015412,1.022676,1.014222,1.016625,1.024451,1.022525,1.044489,1.02108,1.017978,1.01195,1.015679,1.000357,1.017931,1.019679,1.049311,1.037829,0.997642,1.0719859999999999,0.998078,1.036119,1.002495,1.012069,0.997105,1.055456,1.027938,1.050826,1.050108,1.016106,1.055363,1.036573,1.02947,1.009872,1.057683,1.068039,1.038474,1.037735,1.052687,1.016189,1.011882,1.048009,1.034455,1.030358,1.03898,1.03737,1.052208,1.035234,1.031209,1.03146,1.058367,1.01721,1.018692,1.024562,1.05054,1.058718,1.034712,1.004102,1.006895,1.020547,1.04012,1.020456,1.046389,1.02722,1.057039,1.016109,1.047451,1.036037,0.978992
1994-08-31,0.991184,1.019747,1.00703,1.034403,1.060986,1.032394,0.998931,1.030482,1.022873,1.03061,1.060778,1.062876,1.041538,1.060213,1.055631,1.050931,1.033051,1.02918,1.033233,1.023522,1.101793,1.059188,1.047568,1.053001,1.041275,1.051893,1.023194,1.042928,1.026876,1.058129,1.128061,1.086408,1.039377,1.094972,1.039029,1.035463,1.049443,1.054294,1.051247,1.055559,1.13094,1.107653,1.059859,1.045866,1.084607,1.051453,1.033173,1.043159,1.065873,1.022942,1.091307,1.064494,1.04575,1.052285,1.028019,1.030077,1.02985,1.010539,1.049409,1.061794,1.086793,1.077989,1.084195,1.064543,1.028831,1.016844,1.018661,1.038662,1.060749,1.017437,1.07418,1.079521,1.031073,1.039123,1.030768,1.03787,1.035874,1.034834,1.034931,1.06585,1.058785,1.047811,1.077856,1.069806,1.021174,1.045251,1.040021,1.025687,1.031903,1.032486,1.054312,1.050191,1.020096,1.026726,1.006576,1.020895,1.039353,1.043936,1.049791,0.992105
1994-09-30,1.018542,0.991142,1.026127,1.01513,1.00715,1.019309,1.023568,1.036513,1.016142,1.015768,1.012492,1.002991,1.009279,1.029305,1.00314,1.00621,1.015158,1.030757,1.012478,0.987016,1.0269759999999999,1.017175,1.005845,1.016183,0.989912,1.009405,1.018339,1.00482,0.996988,0.992869,0.994089,0.970265,1.01395,1.00075,0.963963,0.986913,1.022396,0.996648,0.988794,0.962568,0.999635,1.004293,1.008353,0.984813,0.98339,0.961654,0.987174,0.982591,0.987255,0.997281,1.01345,1.004553,0.954774,1.005641,0.987521,0.983938,0.983447,0.980227,1.003521,0.958631,0.996511,0.991359,0.992308,0.978117,0.992608,0.970215,0.964721,0.943228,0.984883,0.987739,0.997848,0.978447,0.968649,0.994811,0.962902,0.970433,0.977114,0.972232,0.953112,0.97458,0.984663,0.981696,0.965683,0.964705,0.935957,0.96998,0.976449,0.94442,0.957376,0.997096,0.996983,0.977482,0.978231,0.950471,0.966742,0.991087,0.959517,0.958552,0.904095,0.929401
1994-10-31,0.991001,1.003483,1.003614,1.012722,1.00368,1.004949,1.002749,1.01912,1.00932,1.010133,0.987064,0.997669,1.011336,1.008919,1.002146,0.986399,1.006983,1.01435,1.010911,0.975845,1.00685,1.015649,1.005236,0.975132,1.025619,0.99717,0.989838,1.029076,0.973862,0.953645,1.030466,1.020598,1.017211,1.000231,0.988354,0.98249,0.987266,0.981644,0.954837,0.961015,1.017758,0.998838,0.969054,1.019862,0.998193,1.004932,1.000914,0.963265,0.975361,0.91238,1.061091,1.038234,0.981786,1.003246,0.998577,0.997359,1.006764,0.998315,0.974138,1.036687,1.042331,0.996551,0.988113,1.00288,1.000569,1.013098,0.996563,0.975862,0.993547,0.983761,0.99367,1.002914,1.024382,1.022789,0.987568,1.050415,0.999284,0.992007,0.980599,0.889922,1.026918,1.017647,1.023114,1.008468,1.019709,1.031039,1.02473,1.001459,1.013323,1.039734,1.024802,1.023331,1.007871,1.046587,1.005898,1.055083,1.024402,1.017756,1.026041,1.024156
1994-11-30,0.949665,0.962006,0.953317,0.976867,0.966237,0.982692,0.947966,0.970761,0.970134,0.969554,0.947683,0.969439,0.970682,0.966189,0.977136,0.967651,0.971963,0.971676,0.966951,0.969433,0.980015,0.978182,0.939006,0.968268,0.958737,0.970647,0.969721,0.960025,0.967894,0.937744,0.970311,0.952205,0.987642,0.959814,0.950041,0.965261,0.947395,0.966066,0.9486829999999999,0.942111,0.964272,0.952016,0.936747,0.971191,1.007838,0.953421,0.976058,0.96512,0.968357,0.960999,0.933261,0.941763,0.961174,0.955873,0.93509,0.938811,0.990501,0.951557,0.93294,0.926646,0.933878,0.942977,0.948081,0.950542,0.954126,0.954164,0.956569,0.964083,0.956972,0.927768,0.974546,0.97476,0.967642,0.97371,0.9477679999999999,0.98405,0.97347,0.947019,0.964365,0.839789,0.952489,0.977604,0.956918,0.944047,0.946737,0.963195,0.963999,0.959063,0.978256,0.989063,0.985018,0.97701,0.93243,0.964049,0.96101,0.985936,0.962576,0.9279850000000001,0.958711,0.98121
1994-12-31,0.948103,0.945522,0.949976,0.966359,0.973587,0.976834,0.988951,0.992494,0.981483,0.998997,0.978627,1.001384,0.993628,1.019838,1.01395,1.009434,0.994734,1.015339,1.009697,0.999407,1.002,1.029225,1.0041,0.989702,1.054161,1.00406,1.029494,1.02505,1.021498,1.000083,1.019622,1.020861,1.043437,1.036557,1.012523,1.029451,1.021573,1.025367,1.038598,0.987884,1.051373,0.981692,1.036344,1.010098,1.006971,1.021249,1.034064,1.071168,1.034811,1.020429,1.012492,1.01814,1.067147,1.005583,1.029691,1.016968,0.998998,1.010696,1.055603,1.074862,1.031785,1.020328,0.999163,1.01084,0.980712,0.992652,1.025976,0.996926,1.025528,1.037678,1.025284,1.001199,1.00979,1.023496,1.02837,0.982481,1.005927,1.006181,0.988721,0.950888,0.995836,1.00867,1.019148,1.003291,0.995288,1.020411,1.004555,1.018457,1.005377,1.009939,1.006718,1.035073,1.007046,1.014483,1.017549,1.007602,1.036159,0.993021,0.998112,0.993606
1995-01-31,1.018318,1.039425,1.047852,1.022886,1.037535,1.083902,1.018363,1.030868,1.041068,1.024284,0.998359,1.009986,1.031337,1.005913,1.011938,1.01897,1.029563,1.014988,1.00785,1.020459,0.980054,0.965338,1.001543,0.994615,1.008706,0.995099,1.008393,0.991589,1.003528,1.011268,0.975929,0.996978,1.00848,0.965938,1.005239,0.989508,0.979372,0.999184,1.002537,0.992926,0.950861,0.988476,0.9484,0.966838,1.00887,0.984013,0.964358,0.982226,1.01387,0.995396,0.998558,1.002642,0.986597,1.003255,0.983722,1.010975,1.00543,1.039786,1.007629,0.997107,1.003043,0.996578,0.993919,1.019414,1.003277,1.020322,1.013788,1.039121,1.057477,0.991013,0.98458,1.021893,1.010776,1.02196,1.008272,1.010036,1.051096,1.049388,1.058764,1.0913,1.016801,1.026245,1.013436,1.028953,1.032799,1.037265,1.035789,1.054187,1.064289,1.046305,1.023159,1.036454,1.022811,1.007583,1.038932,1.033144,1.030795,1.050798,1.080691,1.045815
1995-02-28,1.010478,1.013046,1.040916,1.012423,1.019982,1.005891,1.016369,1.012486,1.029602,1.037184,1.049269,1.004977,1.034204,1.054797,0.999468,1.043883,1.009977,1.039326,1.0358559999999999,1.026195,1.01669,1.046479,1.020361,1.031052,1.023966,1.055413,1.013928,1.040508,1.071553,1.083194,1.023148,1.057602,1.084184,1.042452,1.033614,1.02906,1.029723,1.029935,1.02236,1.048139,1.042725,1.033688,1.049468,1.026266,1.013994,1.066466,1.069685,1.04645,1.041481,1.080978,1.060159,1.071312,1.062306,1.091205,1.041946,1.043412,1.028809,1.05055,1.06082,1.031604,1.050419,1.058385,1.061621,1.055399,1.063144,1.05045,1.017412,1.090739,1.041462,1.059943,1.035817,1.036799,1.046612,1.034911,1.056148,1.033083,1.021394,1.053667,1.055335,1.02574,1.041892,1.049358,1.098669,1.058907,1.049084,1.051961,1.029822,1.044307,1.079149,1.068426,1.03155,1.03725,1.025849,1.049954,1.038168,1.015586,1.038479,1.032875,1.089811,1.035892
1995-03-31,1.018383,1.026421,1.008586,1.02716,1.01033,1.018876,1.023752,1.017432,1.023619,1.014134,0.98424,1.025455,1.011196,1.017386,1.011267,1.012374,1.00464,1.00523,1.000532,0.994805,1.051765,1.049679,1.037952,1.033989,1.035438,1.05185,1.014334,1.030932,1.006264,1.047662,1.055728,1.025043,0.971609,1.006376,1.041912,0.993101,1.010719,1.021881,1.035768,0.993666,1.043922,1.029056,1.059842,1.03003,1.025687,0.995336,1.000392,1.008742,1.007221,1.006919,1.039992,1.030549,1.009185,0.99237,1.029962,1.012755,0.990392,1.009946,1.01495,1.014424,1.016122,1.068795,1.035831,1.030814,1.029918,1.03315,1.020478,0.991831,1.015325,1.021526,1.017508,1.033009,1.025944,1.047989,1.014127,1.035943,1.01506,1.022075,0.987565,0.988625,1.054453,1.031113,1.061816,1.037249,1.061691,1.025977,0.999667,1.004794,1.008989,1.039471,1.02818,1.019979,1.033038,1.039203,1.020154,1.045146,1.028079,0.990333,1.004477,0.99855
1995-04-30,1.021707,1.009241,1.031112,1.059871,1.02807,1.031788,1.020831,1.023392,1.038387,1.042773,1.00169,1.033552,1.017437,1.023576,1.04443,1.028304,1.015693,1.026929,1.023915,1.054384,1.00222,1.003866,1.056774,1.034608,1.028803,1.064311,1.000843,1.02973,1.016051,1.007598,0.970242,1.030473,0.984339,0.992467,1.051399,1.005276,1.034318,1.023215,1.069615,1.062874,1.020009,0.971672,1.046161,1.022745,1.021321,1.062138,1.029317,1.05886,1.010687,1.006033,1.002294,0.991829,0.985237,1.016015,0.990943,1.024556,1.032816,1.030282,1.035833,1.025345,1.02215,1.004797,1.016284,1.046221,1.051496,1.059657,1.030538,0.990159,1.01157,1.057965,0.991534,1.006157,1.01974,1.010563,1.022753,1.030033,1.007624,1.008064,1.042306,1.149974,1.028824,1.009151,0.992754,0.998335,0.989513,1.022128,1.020175,1.022492,1.051782,1.051625,1.020521,1.039518,1.038812,1.050754,1.007901,1.044087,1.020526,1.028319,1.054987,1.104563
1995-05-31,1.032027,1.029165,1.030741,0.998258,1.014132,1.023594,0.99882,1.011965,1.030488,1.034882,1.019343,0.985224,1.021024,1.031659,1.037321,1.003501,1.031751,1.007508,1.028179,1.032364,1.01994,1.017676,1.021248,1.003067,1.018914,1.032641,1.009561,1.042361,1.054746,1.01039,0.987519,1.02627,0.981742,1.034224,0.995576,1.020526,1.019949,1.035937,1.020502,1.011857,1.005988,1.000111,0.981118,0.99113,1.005503,1.026987,1.012565,1.024026,1.031313,1.058367,1.041072,1.018129,1.00968,0.991241,1.019595,1.0184,1.053288,1.028567,1.012019,1.031173,1.035243,0.984914,1.0249,1.0124,1.018838,1.011459,1.028533,1.038771,1.057867,1.01029,1.039184,1.006604,1.010292,1.01974,1.013691,1.04902,1.055501,1.015112,1.061057,1.07617,1.006357,1.031043,1.041852,1.035646,1.035936,1.0514,1.041252,1.051135,1.074342,1.068078,1.039136,1.045581,1.015389,1.037456,1.051203,1.038361,1.062872,1.080018,1.04486,1.080161
1995-06-30,1.095298,1.11802,1.079782,1.072558,1.088081,1.091049,1.066851,1.058238,1.054715,1.066574,1.060029,1.07338,1.073455,1.056943,1.088543,1.033593,1.055316,1.034318,1.047918,1.032549,1.110646,1.091526,1.070369,1.023871,1.055889,1.07279,1.029926,1.049197,1.050521,1.050397,1.127161,1.063047,1.0725,1.014404,1.032987,1.028262,1.066318,1.024109,1.055856,1.035336,1.090062,1.018394,1.039978,1.031537,1.017988,1.06578,1.035413,1.065616,1.008655,0.997315,1.085561,1.03931,1.015862,1.041376,1.02108,1.020867,1.023383,1.011036,1.06747,0.984215,1.108311,1.04406,1.023275,1.056288,1.032518,1.016118,1.045186,1.053919,1.032805,1.051328,1.056942,1.063073,1.02327,1.035182,1.027358,1.026359,0.996049,1.024338,1.018142,0.974369,1.04212,1.016475,1.02043,1.034144,0.988684,1.026936,1.029494,1.004048,1.037483,0.997033,1.034316,1.034148,1.016726,1.035002,0.98792,1.004662,1.01928,1.012171,1.01063,1.017198
1995-07-31,1.044871,1.058087,1.066381,1.05506,1.055474,1.070053,1.050884,1.03153,1.041331,1.051715,1.096655,1.0819,1.068527,1.077444,1.037831,1.05049,1.050831,1.064216,1.060265,1.043299,1.089831,1.068645,1.090068,1.082159,1.049582,1.030032,1.04748,1.016188,1.047996,1.041661,1.116435,1.088454,1.050656,1.044469,1.03292,1.04216,1.050534,1.089479,1.060178,1.05205,1.105667,1.073487,1.045147,1.039134,1.028974,1.054925,1.051317,1.056148,1.018526,1.051457,1.080256,1.068736,1.044837,1.061958,1.038045,1.055986,1.025087,1.019933,1.052641,1.064492,1.106817,1.065844,1.062377,1.048359,1.095723,1.02298,1.046356,1.051157,1.018133,1.035487,1.087146,1.055874,1.025234,1.057495,1.043568,1.014697,1.034298,1.04386,1.051198,1.020029,1.037983,1.049557,1.054109,1.030959,1.034744,1.054364,1.0137369999999999,1.020804,1.03767,1.026083,1.026564,1.02957,1.035419,1.043229,1.041848,1.03331,1.017528,1.046487,1.031579,1.041164
1995-08-31,1.073104,1.054886,1.049268,1.049655,1.038934,1.032088,1.033904,1.045355,1.041019,1.030947,1.021217,1.026666,1.050886,1.0408,1.046185,1.050167,1.052607,1.01717,1.045868,1.05702,1.00924,0.997771,1.007637,1.058191,0.987736,1.028223,1.028753,1.064098,0.983196,1.063234,1.025635,0.989225,0.992241,1.022102,1.015423,1.002267,1.03191,1.02214,1.054603,1.046902,1.017933,1.014118,1.047964,1.019835,0.994354,1.027005,1.05135,1.055197,1.008446,1.054351,1.006177,0.983361,1.03104,0.995272,1.010348,1.010166,1.034501,1.029948,1.024198,1.044643,1.000855,0.986957,0.997861,0.997908,1.010768,1.030714,1.027502,1.012179,1.060466,1.058255,1.026842,0.978867,1.0224,1.00455,1.034876,1.0163470000000001,1.010292,1.040179,1.042824,1.008352,1.020407,1.007048,1.019117,1.018222,1.025571,1.0051,1.029011,1.025634,1.042366,1.079427,0.998914,0.99714,0.991598,1.012451,0.993406,1.017307,1.016126,1.034489,1.045896,1.020178
1995-09-30,1.036413,1.021211,1.021256,1.024381,1.037857,1.003526,1.028966,1.020859,1.022275,1.025498,1.036624,1.037105,1.033584,1.028728,1.009954,1.031324,1.012708,1.014385,1.022424,1.029338,1.018831,1.013134,1.03918,0.988479,1.020671,1.009951,0.995047,1.022657,1.02167,1.017789,1.025771,1.034904,1.010286,1.00877,1.04575,1.004234,1.060938,1.030015,0.993779,0.982399,1.022626,1.012249,1.025286,1.014384,1.02198,1.028851,1.01793,0.999353,1.024912,1.007528,1.023893,1.025716,1.007799,1.001726,1.005994,1.008707,1.036446,1.028238,1.017926,0.986993,1.061164,1.01407,1.003324,1.056667,0.989073,1.040226,1.010401,1.02219,1.063379,1.027152,1.025006,1.040143,1.007145,1.025583,1.010141,1.014401,1.030063,1.016169,1.026769,1.040904,1.027733,1.037061,1.001891,1.009484,1.015348,1.036342,1.037641,1.028228,1.054366,1.072526,1.065257,1.051599,1.030115,1.035601,1.028385,1.062429,1.04021,1.067351,1.069833,1.102821
1995-10-31,0.92004,0.930377,0.962446,0.92921,0.948771,0.954263,0.923547,0.974225,0.960142,0.968348,0.945309,0.947444,0.945036,0.935188,0.944261,0.958654,0.972285,0.976643,0.986405,0.976468,0.915983,0.94446,0.931557,0.959097,0.9312860000000001,0.96124,0.959021,0.948748,0.92892,0.952803,0.918585,0.955615,0.938447,0.9135530000000001,0.949426,0.942131,0.934656,0.964957,0.960052,0.960093,0.97471,0.964252,0.9625049999999999,0.937319,0.967384,0.962451,0.958164,0.942834,0.964523,0.969177,0.963308,0.993552,0.945904,0.990747,0.953182,1.007016,0.990277,0.983434,0.997874,0.955663,1.0599,0.945519,0.986703,0.967106,0.99183,0.962158,0.995211,0.993496,1.003672,0.971652,0.946454,0.9759,0.934408,0.959203,0.98389,0.970867,0.976898,1.001075,1.001056,0.971847,0.97522,0.982525,0.98633,0.978877,0.970664,0.988799,0.969791,0.988788,0.982139,1.015419,1.019955,0.991136,1.045444,0.958498,1.017263,1.002137,0.953968,0.967832,0.950856,0.972218
1995-11-30,0.998801,1.003086,0.998607,1.06106,1.001944,0.992993,1.003836,1.004421,1.01309,1.00555,1.054555,1.010975,1.031312,1.013619,1.008763,1.019115,1.047917,1.033931,1.033533,1.013906,1.050507,1.038306,1.051387,1.091453,1.035918,1.023954,1.039256,1.045434,1.041729,1.044655,1.063021,1.042145,1.028574,1.037418,1.040488,1.055768,1.047478,1.051802,1.091616,1.064921,1.077651,1.020905,1.015339,1.028804,1.018716,1.025907,1.066535,1.029988,1.02939,1.105113,1.096247,1.037291,1.039377,1.049294,1.038214,1.062624,1.031567,1.063071,1.041949,1.038699,1.04814,1.048538,1.056238,1.027827,1.015866,1.054195,1.046696,1.04084,1.040926,1.071969,1.027772,1.052909,1.067976,1.038497,1.025444,1.0635189999999999,1.04859,1.051553,1.040604,1.023748,1.055818,1.042882,1.034014,1.070512,1.069563,1.047167,1.05454,1.040648,1.042665,1.07037,1.044098,1.05444,0.996876,1.039152,1.04155,1.06379,1.022649,1.068967,1.059062,1.042172
1995-12-31,0.986942,1.011183,1.011137,1.047994,1.028498,1.008957,1.003983,1.011058,1.02724,0.996238,1.045045,1.043182,1.038785,1.018851,1.016152,1.015519,1.010849,1.025233,1.005179,1.047236,1.026713,1.032342,1.040713,0.99808,1.021163,1.048717,1.024019,1.056949,1.02272,1.041331,1.04077,1.009699,1.028688,1.014935,1.012044,1.054166,1.013535,1.040713,1.035745,1.034347,1.036914,0.992319,0.978418,0.9897320000000001,1.025652,1.034856,1.039559,0.985843,1.026414,1.030175,1.0336,0.971593,1.03896,1.045826,1.002591,1.04982,1.060857,1.047245,0.994829,1.007198,1.009385,1.003561,0.968285,0.974919,1.028381,1.011142,0.976146,1.02596,1.022101,1.016527,0.949879,0.986075,1.029592,1.017384,1.004515,1.014872,0.995444,1.010915,1.005366,0.956383,0.999288,0.989153,1.018767,1.004705,1.033717,1.003941,1.01576,1.026392,1.002726,1.000896,1.002339,1.032162,1.006957,1.012454,1.042771,1.042879,1.004653,1.002978,1.013415,1.047253
1996-01-31,1.03298,1.033579,1.059267,1.017498,1.017966,1.020772,1.041192,1.035151,1.00716,1.024837,0.988096,1.025212,1.005438,0.963362,1.025055,0.995301,0.996815,0.992527,0.994361,0.995455,1.017555,0.978823,0.987096,0.948619,1.011445,1.027435,0.984899,0.995857,1.008594,0.997177,1.00085,0.990893,0.981594,1.015846,0.998545,0.987813,0.982332,1.003065,1.027388,0.980287,0.957721,1.014775,1.007333,1.025992,1.008517,0.984797,1.014667,1.017522,0.997887,1.008656,0.965843,1.010835,1.005552,0.988146,0.985686,1.012665,1.0098799999999999,1.001006,1.022655,1.003149,0.95847,1.02363,1.02978,1.053289,1.0078,1.020893,1.035061,0.991028,1.016918,1.001518,1.047316,1.043287,1.013438,1.011354,1.026191,1.00521,1.016094,1.03938,1.013885,1.022691,1.040301,1.033344,1.024905,1.047734,1.016706,1.034814,1.022721,1.011031,1.015344,1.101266,1.039356,1.040944,1.010541,1.044951,1.033452,1.040049,1.012031,1.052721,1.045529,1.039169
1996-02-29,1.035192,1.02723,1.013818,1.015485,1.041457,1.054856,1.01005,1.014654,1.042953,1.033778,1.034735,1.054691,1.007579,1.010146,1.029683,1.035423,1.015311,1.034303,1.03066,1.033025,1.028409,1.066669,1.064535,1.079791,1.003674,1.025571,0.991847,1.036447,0.999238,1.035423,1.0732,1.049839,1.015684,1.065648,1.007908,1.045849,1.023048,1.021956,1.030078,0.983664,1.064163,1.039579,1.076919,1.016709,0.992309,1.001293,1.049282,1.04635,1.029347,1.012401,1.049945,1.032072,1.051006,1.019968,1.05043,1.034723,0.996052,1.013809,1.032414,0.984038,1.082957,1.044009,1.014529,1.008303,1.024333,1.012995,1.004707,1.039384,1.02468,0.982182,1.038281,1.05059,1.028923,0.992046,1.003194,0.991332,1.017616,1.006328,0.995381,0.959453,1.022671,1.030517,1.046906,1.0469,1.02713,1.009674,1.004336,1.012968,1.017587,0.992121,0.998411,1.008473,1.031185,1.013369,1.013091,1.018038,0.999692,1.008052,1.035992,1.042529
1996-03-31,1.036458,1.04464,1.022725,1.033296,1.052956,1.02054,1.04075,1.032079,1.021206,1.018144,1.022434,1.016834,1.038036,1.049769,1.030736,1.024865,1.044873,1.046412,1.028718,1.010553,0.989764,1.02613,1.027114,1.028076,0.995494,1.026175,1.044588,1.011718,1.034886,1.000078,1.048447,1.010396,1.029444,1.040995,1.011179,1.007178,1.014975,1.008148,1.06954,1.05606,0.993819,1.051977,1.022976,0.981091,1.045964,1.032164,1.03207,1.036318,1.0422,0.999384,1.037751,1.028544,1.016437,1.013608,1.039808,1.020064,1.030153,1.030235,1.006503,1.026448,1.045973,1.028972,1.030468,1.021659,1.015912,1.036511,1.002813,1.015103,1.002735,1.01202,0.977775,1.00156,1.001501,0.998729,1.021434,1.046747,1.022424,0.990506,1.02723,1.051852,0.974786,1.015926,1.028192,1.041664,1.033232,1.020661,1.010776,1.005682,0.984003,1.007389,1.002339,0.999155,1.005097,1.04003,0.99796,1.02836,1.057781,1.001461,1.032858,0.983257
1996-04-30,1.073114,1.070599,1.108514,1.0948579999999999,1.0767579999999999,1.116763,1.088983,1.0334699999999999,1.070311,1.056077,1.082607,1.108197,1.104399,1.084651,1.065474,1.093313,1.061145,1.06337,1.045877,1.056215,1.108729,1.13743,1.101707,1.096094,1.025597,1.030911,1.047615,1.054271,1.027154,1.033725,1.091457,1.058588,1.102903,1.071434,1.006585,1.035059,1.054052,1.01505,1.187306,0.998816,1.054079,1.060621,1.059572,1.033956,1.041386,1.023043,1.026372,1.034473,1.018576,0.979838,1.060723,1.052344,1.032537,1.05524,0.993813,1.025007,0.994452,0.999232,1.028319,1.032753,1.084375,1.023979,1.019008,1.05457,1.052804,1.044866,1.016493,0.998453,0.981245,0.991881,1.071506,1.064405,1.039028,1.050121,1.027076,1.04129,1.011341,0.972281,0.979276,0.96602,1.023432,1.023824,1.020337,1.0198,1.065074,1.009357,1.022954,0.99038,0.977895,0.969388,1.010113,1.01227,1.049953,1.011594,1.014497,0.989815,1.008388,0.974463,0.980815,1.02295
1996-05-31,1.088605,1.161322,1.102217,1.078803,1.107879,1.111686,1.080971,1.069293,1.091945,1.069105,1.080691,1.04852,1.063877,1.042826,1.046576,1.067359,1.055376,1.05362,1.0363850000000001,1.02033,1.097227,1.057264,1.090248,1.020818,1.04286,1.042926,1.039976,1.072641,1.048809,1.034111,1.04532,1.034954,0.9873730000000001,1.052533,1.038239,1.046738,1.043587,1.036284,1.164776,1.029856,1.070943,1.023208,1.038334,1.052383,1.049569,1.010337,0.990063,1.035227,1.01094,1.005622,1.024928,0.996009,1.013985,1.048391,1.016351,1.009248,1.025463,1.00269,1.006037,1.024759,1.040807,1.007628,1.005709,1.008054,1.008572,0.98207,1.015857,1.005694,1.016265,1.006552,1.033845,1.024475,1.000824,1.003503,1.019395,0.996647,1.023616,1.004541,1.013441,1.042075,1.021109,1.021574,1.018618,1.005689,1.033304,1.007705,1.012576,1.019407,1.024831,1.008995,1.044815,1.037402,1.028811,0.985978,0.998313,1.021793,1.031753,1.042725,1.014955,1.0666120000000001
1996-06-30,0.924714,0.90055,0.920488,0.949912,0.955777,0.947194,0.936922,0.976553,0.951555,0.982988,0.916411,0.942551,0.940224,0.958511,0.951256,0.940979,0.98574,0.992353,0.972539,0.970987,0.922886,0.927656,0.940058,0.987229,0.954948,0.998943,0.986701,0.994988,0.982141,0.999925,0.944602,0.9275370000000001,0.998492,0.94689,0.95522,0.989677,0.979212,1.006101,0.852994,0.980843,0.935744,0.94106,0.95626,0.972333,0.961592,1.002868,1.007254,0.970772,1.033995,1.000116,0.898334,0.954228,0.95186,0.999561,0.993281,1.000267,1.035806,0.9824,0.970669,0.996873,0.970687,0.958305,1.001824,0.958294,0.948695,0.986181,1.001232,0.997308,1.026089,1.01656,0.965085,0.927062,0.981745,0.988595,0.998699,0.998967,1.018937,0.99486,1.018682,1.035247,0.972315,0.97654,0.997124,0.980886,0.985383,1.022472,1.003948,0.993369,1.020498,1.037182,1.023826,1.01738,0.99123,0.991174,1.001362,1.000222,0.936272,1.020704,1.001557,0.991014
1996-07-31,0.861124,0.865571,0.875291,0.915055,0.90696,0.910145,0.939894,0.940638,0.950248,0.934797,0.82669,0.861486,0.8940509999999999,0.925803,0.908033,0.9227259999999999,0.944098,0.979913,0.964262,0.93716,0.802856,0.860948,0.858733,0.920813,0.910264,0.929107,0.936663,0.933755,0.945294,0.945838,0.862121,0.888299,0.889237,0.930862,0.91875,0.922754,0.963423,0.943703,0.972723,0.9032560000000001,0.833774,0.93034,0.916295,0.94542,0.905506,0.95916,0.950568,0.9251860000000001,0.938657,0.954791,0.883949,0.918132,0.920946,0.908944,0.954065,0.919651,0.970221,0.949348,0.922339,0.948633,0.899305,0.924965,0.968089,0.927715,0.9238500000000001,0.967905,0.961445,0.956512,0.939562,0.977909,0.911028,0.914103,0.9529,0.937094,0.954268,0.948059,0.951181,0.968141,0.951587,0.966791,0.9202980000000001,0.939901,0.915987,0.9486,0.945004,0.976434,0.960963,0.938351,0.937704,0.882236,0.95375,0.952026,0.939939,0.973092,0.993389,0.948089,0.947125,0.995379,0.96682,0.991819
1996-08-31,1.018444,1.040245,1.026806,1.047675,1.02456,1.061088,1.036107,1.031827,1.033233,1.036799,1.06116,1.060406,1.064642,1.055613,1.045506,1.03857,1.047402,1.03876,1.04338,1.042175,1.08017,1.049769,1.070795,1.064914,1.031036,1.044359,1.031318,1.056436,1.028044,1.050625,1.092976,1.074135,1.057213,1.044361,1.037497,1.052682,1.035986,1.058268,1.051189,1.075787,1.080498,1.101182,1.071455,1.054015,1.067856,1.067872,1.072744,1.060804,1.035126,1.047283,1.083368,1.0682719999999999,1.050395,1.059726,1.054717,1.063308,1.054352,1.072026,1.03051,1.082299,1.058654,1.038352,1.076738,1.022905,1.059137,1.068425,1.06923,1.050881,1.044529,1.05649,1.057923,1.057308,1.046618,1.065019,1.059463,1.052476,1.052524,1.024575,1.041519,0.961425,1.031222,1.053584,1.035755,1.035407,1.032916,1.064709,1.02036,1.025964,1.010139,1.022683,1.003433,1.015143,1.027753,1.028993,1.034246,1.045855,1.018904,1.021943,1.027206,1.070144
1996-09-30,0.99602,1.011735,1.021374,1.017172,0.999981,1.007134,1.020452,1.031679,1.029708,1.0240879999999999,1.042333,1.034684,1.056672,1.049264,1.052696,1.000998,1.03266,1.044536,1.029807,1.022975,1.057565,1.075094,1.050264,1.026417,1.018861,1.016244,1.019824,1.05682,1.046248,1.031761,1.061839,1.040161,1.026846,1.019115,1.025939,1.024662,1.028242,1.045845,1.03976,1.04023,1.087139,1.065106,1.049482,1.028412,1.011076,1.021872,1.036707,1.031135,1.001186,1.014123,1.0881129999999999,1.071543,1.021196,1.072162,1.046796,1.031764,1.013038,1.049812,1.018066,1.034541,1.083452,1.019963,1.057015,1.048533,1.002805,1.014786,1.042014,1.042406,1.023823,1.030233,1.054314,1.051847,1.060484,1.046831,1.039597,1.027321,1.052734,1.027967,1.035147,1.123799,1.085743,1.078788,1.03331,1.047395,1.045445,1.03631,1.019247,1.018825,1.045648,1.045016,1.071988,1.070096,1.047634,1.04527,1.044781,1.019381,1.067256,1.018471,1.041709,1.077311
1996-10-31,0.90149,0.952553,0.951692,0.969014,0.99399,0.974901,0.997973,1.004667,1.004851,1.002534,0.956203,0.96673,0.948649,1.013537,0.973138,0.998477,1.018747,1.015985,1.027028,1.007563,0.925621,0.960229,0.979259,0.996878,0.992046,1.031556,1.021818,1.021277,1.023779,1.008256,0.952326,0.948214,0.986151,0.979301,0.985548,0.996642,1.016712,1.019552,1.024926,0.964012,0.92733,0.933441,0.977371,0.986998,0.964482,0.998162,1.01001,0.976073,1.020625,1.002707,0.908229,0.982288,0.995506,0.937933,1.005458,1.020609,1.013452,1.033329,1.017623,1.01342,0.968852,0.987414,1.004278,1.007279,0.954935,1.053504,1.043576,0.998055,1.031164,1.045486,0.938201,0.970234,1.00054,1.021499,1.031068,1.015355,1.028329,1.04604,1.033751,1.012367,0.984122,0.999117,0.99787,0.987313,1.062785,1.051349,1.032737,1.040069,1.05385,0.935412,1.014966,1.028529,0.999361,1.030244,1.038256,1.083567,1.073068,1.054669,1.054029,1.077625
1996-11-30,0.970382,0.987042,1.00008,0.9855970000000001,1.01357,1.039177,1.028118,1.03539,1.026634,1.035991,0.996892,1.018254,1.032556,1.03798,1.019336,1.050767,1.036551,1.057872,1.057749,1.056598,1.012906,1.039179,1.0890279999999999,1.032111,1.064266,1.034386,1.038867,1.027831,1.043812,1.045036,0.991659,1.022403,1.019923,1.024164,1.047501,1.032935,1.069012,1.045333,1.02042,1.053459,1.016613,1.024435,1.055528,1.043779,1.100213,1.042654,1.074398,1.03245,1.024691,1.025033,1.004315,1.023437,1.077609,1.05347,1.067887,1.05286,1.061682,1.099535,1.049794,1.052279,1.029944,1.011386,1.036419,1.084898,1.066147,1.048015,1.065598,1.083642,1.058986,1.130177,1.080771,1.060412,1.054312,1.044878,1.068177,1.046495,1.060984,1.063386,1.072364,1.128084,1.068958,1.069153,1.078416,1.074088,1.063631,1.069711,1.051919,1.057832,1.053219,1.033727,1.078265,1.07222,1.078097,1.065572,1.09288,1.080374,1.102499,1.095494,1.066947,1.102041
1996-12-31,0.950619,0.976267,1.003732,1.005326,1.003524,0.999742,1.026776,1.009643,1.01023,1.013544,1.014981,1.031819,0.989738,1.0231729999999999,1.045832,1.034232,1.024326,1.033315,1.023467,1.023553,1.02264,1.012564,0.990183,1.037733,1.026453,1.029312,1.029863,1.060564,1.034605,1.017694,1.01239,1.024107,1.012364,1.04032,1.045857,1.026632,1.026842,1.020317,1.002713,1.034797,1.013063,0.989146,0.998217,1.024006,1.020352,1.017226,1.008665,1.013207,1.027809,1.0204550000000001,0.981742,1.006259,1.014875,0.982922,1.013183,1.024193,1.018474,0.997128,1.007988,1.03848,0.982578,0.992525,0.991937,1.008951,1.004419,1.004723,1.006923,1.019738,1.016401,1.044709,0.970858,0.981485,1.009601,1.000673,0.983917,0.994596,0.987187,0.993212,0.990611,1.104588,0.952398,0.977437,0.987203,0.960408,0.9937549999999999,0.992751,0.980253,0.991318,0.996419,0.979233,0.987456,0.974668,0.997874,1.003962,0.969933,0.965318,0.958155,0.978926,1.002639,0.945767
1997-01-31,1.097234,1.05979,1.081264,1.05542,1.088316,1.079827,1.053963,1.058527,1.066567,1.050072,1.052369,1.05034,1.052643,1.0158,1.052905,1.061451,1.038374,1.045623,1.033573,1.005916,1.029228,1.04377,1.063814,1.033433,1.053844,1.016229,1.029839,0.978971,0.999513,1.02413,1.048207,1.036744,1.006608,1.01386,1.002491,1.007442,1.006492,1.018066,1.028268,1.022046,1.042087,1.020514,1.013039,1.053419,1.042827,1.018138,1.01522,1.0110190000000001,1.046503,1.02415,0.989204,0.965953,1.049149,1.030574,0.988488,1.003798,1.032384,1.050643,1.053472,1.056252,1.016517,1.000135,1.005698,1.077068,1.049599,1.043654,1.004496,1.039511,1.019133,1.113255,1.018435,1.036452,1.054288,1.004354,1.06189,1.019965,1.022429,1.012233,1.052863,1.017144,1.030713,1.075459,1.044734,1.065807,1.071498,1.040971,1.028574,1.022716,0.994903,1.11816,1.086929,1.070679,1.036659,1.059062,1.051861,1.039864,1.053718,1.07291,1.050538,1.041551
1997-02-28,0.929899,0.98524,0.952628,0.965633,0.963606,0.977451,0.992884,0.997715,1.005693,1.018049,0.928392,0.944283,0.935385,0.945291,0.978241,0.978025,1.018551,1.013437,1.001794,0.993525,0.912863,0.928721,0.935944,0.939445,0.978091,0.983551,0.989903,0.996245,1.031605,0.998011,0.87297,0.976017,0.987014,1.014459,0.974218,1.036809,1.032154,1.006467,1.050811,1.016082,0.9314709999999999,0.982737,0.97806,0.98431,0.984432,1.002147,1.0384120000000001,1.026731,1.016181,1.008881,0.928219,0.920555,0.977251,0.991473,1.020577,0.992335,1.005918,0.997553,1.015806,1.041089,0.950643,0.970375,1.016234,1.002753,0.991693,0.986359,1.013089,1.018414,1.0302,1.053614,0.965224,0.966446,1.009007,1.017545,0.998223,1.018491,1.027234,1.03964,1.034005,1.040429,0.974936,0.995458,0.982039,1.005417,0.9832650000000001,1.014495,1.013957,1.032827,1.041057,1.015407,1.012279,1.009827,0.9859020000000001,0.978753,0.990181,1.015966,1.030137,1.03431,1.047676,1.082432
1997-03-31,0.9068849999999999,0.9011560000000001,0.908896,0.944715,0.959307,0.967921,0.967025,0.985006,0.974392,0.981896,0.892398,0.9183250000000001,0.943212,0.945406,0.944581,0.969153,0.954263,0.98321,0.982923,0.984819,0.88721,0.914774,0.897828,0.954634,0.950907,0.970103,0.974739,0.979067,0.961175,0.97706,0.89637,0.94487,0.942707,0.965222,0.99399,0.972778,0.958042,0.986449,1.012071,0.988381,0.924578,0.918927,0.950449,0.968789,0.947579,0.9375,0.970229,0.969096,0.979302,0.983996,0.887304,0.961423,0.974333,0.95442,0.96759,0.990582,0.989407,0.9604280000000001,1.008958,0.925465,0.889091,0.972208,0.948587,0.963175,0.940018,0.97776,0.939082,0.949003,0.95962,0.999118,0.917559,0.946403,0.964024,0.970421,0.973598,0.964696,0.977287,0.9451890000000001,0.943332,0.955549,0.912887,0.9534320000000001,0.97556,0.967068,0.988684,0.985976,0.975861,0.951294,0.954024,0.928436,0.933391,0.966117,0.959134,1.023369,0.960337,0.939367,0.929688,0.939176,0.944103,0.937578
1997-04-30,0.948246,0.953139,0.968775,0.95646,0.973434,0.964803,0.988048,0.981961,0.989548,0.971513,0.926636,0.975596,0.969689,0.949842,0.953125,0.973606,0.991168,0.984178,0.984924,0.953547,0.93374,0.953742,1.011751,0.995628,0.999821,0.996799,1.006177,1.027467,1.010164,1.008918,0.968205,0.964969,0.985026,1.00207,0.995733,1.00187,1.062856,0.986941,0.980252,1.014325,0.965376,1.016921,0.988129,1.019123,1.019317,1.04913,1.038129,1.036798,1.024032,1.016966,0.983088,0.996655,1.035914,1.040938,1.030112,1.054815,1.021091,1.036581,1.000893,1.014769,1.056063,0.970194,0.999672,1.034467,1.035195,1.021249,1.010638,1.050544,1.011791,1.020514,1.0101580000000001,1.022548,1.032255,1.020526,1.020289,1.01308,1.032278,1.030586,1.020453,1.059819,1.033571,1.054095,1.015256,1.034827,1.03851,1.033095,1.013707,0.996386,1.002449,1.037272,1.096647,1.066832,1.028655,1.022509,1.082781,1.052687,1.039285,1.088043,1.026603,0.987945
1997-05-31,1.07015,1.093581,1.098009,1.094337,1.127786,1.077909,1.100455,1.078635,1.070416,1.066116,1.145535,1.169156,1.102316,1.140512,1.111002,1.120774,1.090341,1.078798,1.087624,1.108143,1.193312,1.149677,1.20263,1.13469,1.1391580000000001,1.095611,1.092937,1.085872,1.096004,1.109181,1.17789,1.150174,1.123854,1.142082,1.084103,1.0783179999999999,1.082713,1.102946,1.068141,1.065736,1.194472,1.114266,1.154747,1.11711,1.073114,1.100414,1.06558,1.083155,1.097047,1.050575,1.157878,1.127414,1.089377,1.079567,1.102239,1.030585,1.071665,1.062868,1.061888,1.063928,1.1137,1.117342,1.107864,1.069177,1.09649,1.054797,1.073417,1.078455,1.06994,1.013545,1.097355,1.078146,1.076527,1.057604,1.051845,1.046895,1.059601,1.080124,1.097767,1.121003,1.129604,1.071464,1.081872,1.050924,1.046691,1.076377,1.03987,1.052729,1.067889,1.05277,1.066796,1.041224,1.089552,1.06164,1.073119,1.040873,1.048335,1.037704,1.083398,1.02578
1997-06-30,1.028371,1.051009,1.011047,1.055608,1.043368,1.059961,1.046311,1.057487,1.061548,1.06806,1.020167,1.066814,1.049509,1.059203,1.070627,1.056222,1.083644,1.084918,1.093657,1.075926,1.009718,1.03202,1.019218,1.103692,1.074654,1.066616,1.046348,1.059904,1.051043,1.091791,1.017484,1.067377,1.055227,1.048626,1.032256,1.061636,1.051522,1.060834,1.064567,1.067392,1.017436,1.0631,1.041042,1.066737,1.004558,1.032272,1.056724,1.0743260000000001,1.064546,1.039429,1.04033,1.057446,1.012826,1.030106,1.071068,1.059146,1.028965,1.065978,1.044836,1.057203,1.041216,1.010113,1.026239,1.028977,1.05825,1.048151,1.051268,1.011594,1.069214,1.021117,1.010702,1.024018,1.0360800000000001,1.051342,1.065512,1.033871,1.019996,1.022498,1.037745,0.998163,1.025704,1.028927,1.003943,1.024432,1.020105,1.023133,1.050534,1.044871,1.049519,1.022298,1.049536,1.050059,1.05448,1.015133,1.066121,1.051688,1.049704,1.036299,1.044859,1.027116
1997-07-31,1.027939,1.01438,1.029464,1.030945,1.039901,1.049026,1.061748,1.077804,1.053594,1.049678,1.027695,1.064642,1.061655,1.069589,1.079336,1.064216,1.063699,1.047767,1.060838,1.068575,1.025145,1.009379,1.020848,1.03693,1.057358,1.029742,1.054336,1.024085,1.076843,1.036773,1.087362,1.082988,1.096219,1.035159,1.05526,1.023459,1.069484,1.035736,1.050285,1.039037,1.043056,1.040555,1.08301,1.049324,1.058136,1.058954,1.047697,1.060288,1.056243,1.099501,1.049642,1.056658,1.092983,1.068196,1.069752,1.076219,1.043739,1.063742,1.027293,1.094662,1.062526,1.078817,1.056363,1.065182,1.060268,1.077349,1.07456,1.046499,1.059018,1.053141,1.044242,1.107668,1.056113,1.091009,1.050305,1.075063,1.075204,1.096293,1.048644,1.074618,1.121671,1.096614,1.065136,1.091387,1.069692,1.101097,1.074813,1.078404,1.090446,1.075169,1.069118,1.0752869999999999,1.097045,1.08422,1.112733,1.118514,1.043308,1.095435,1.089595,1.059952
1997-08-31,1.074157,1.041905,1.04309,1.057943,1.0375510000000001,1.040552,1.036571,1.031208,1.037001,1.044652,1.045835,1.055828,1.053216,1.043245,1.042683,1.028798,1.023295,1.045424,1.043664,1.044322,1.025229,1.056615,1.043412,1.03881,1.059582,1.065123,1.03091,1.022384,1.025305,1.034998,1.021909,1.053072,1.028524,1.013435,1.00794,1.035426,1.007822,1.013971,1.020193,1.102844,1.022282,1.0840670000000001,1.005753,1.062931,1.062738,1.008238,1.002061,0.987676,0.993614,1.021866,0.992748,1.027841,1.024817,1.017397,1.010756,0.993645,1.026728,0.990458,1.006,1.037175,1.00906,1.001008,1.008763,0.993098,1.017226,1.021932,0.991422,0.991368,1.020797,0.986949,1.002967,0.997435,0.999914,1.006357,0.995583,0.998566,0.984403,0.995265,0.992399,1.010312,0.961933,0.979229,0.982397,0.966309,0.991144,0.98686,1.005407,0.991073,0.967763,0.984768,0.925428,0.922502,0.964596,0.966265,0.942904,0.933627,0.910977,0.992459,0.921362,0.907292
1997-09-30,1.124279,1.106607,1.084074,1.111423,1.096139,1.142388,1.081005,1.089772,1.087509,1.095843,1.080267,1.105349,1.088437,1.106201,1.066578,1.094976,1.062712,1.07512,1.072453,1.108598,1.086899,1.070327,1.073921,1.098814,1.044466,1.085434,1.078296,1.088668,1.094536,1.068604,1.069394,1.073594,1.091341,1.059338,1.076899,1.071876,1.070335,1.073545,1.072696,1.036777,1.105541,1.108458,1.056514,1.075415,1.061302,1.064899,1.086482,1.076786,1.074666,1.081409,1.036715,1.053668,1.091879,1.042327,1.068692,1.080713,1.048178,1.078191,1.063754,1.066688,1.072673,1.081417,1.067267,1.069722,1.043381,1.078726,1.078851,1.065862,1.031834,1.052637,1.031863,1.043438,1.062959,1.024211,1.034639,1.065947,1.046095,1.04749,1.050132,1.023539,1.055861,1.029431,1.051674,1.04531,1.05424,1.100468,1.054683,1.05937,1.097532,1.069768,1.040923,1.065351,1.051159,1.058223,1.0642179999999999,1.061476,1.066077,1.060586,1.016291,1.110425
1997-10-31,0.946144,0.966652,0.951607,0.988901,0.964879,0.961557,0.995798,0.998424,0.999993,0.994886,0.928444,0.940862,0.945316,0.969326,0.962725,0.947206,0.987353,0.992571,0.976636,0.973737,0.942226,0.925741,0.9363319999999999,0.939481,0.970873,0.96534,0.972289,0.954146,0.964971,0.960172,0.9518759999999999,0.92635,0.95067,0.96562,0.951866,0.937707,0.970132,0.985401,0.988043,0.987641,0.910162,0.88025,0.956148,0.969172,0.945277,0.961383,0.989965,0.980243,0.976497,0.9683930000000001,0.943188,0.98977,0.969662,0.978105,0.988633,0.943157,0.9622269999999999,0.975088,0.967049,0.959687,0.919553,0.940897,0.971601,0.951595,0.944468,0.992433,0.974686,0.94228,0.961178,0.990497,0.927132,0.956447,0.939592,0.902039,0.98193,0.962098,0.955079,0.944497,0.951425,0.868483,0.953879,0.947663,0.965931,0.968415,0.972865,0.958275,0.992723,0.973883,0.987508,0.982101,0.985637,0.959418,0.960326,0.958315,0.963352,0.971345,0.997237,0.985168,0.922562,0.973045
1997-11-30,0.932247,0.971295,0.955459,0.958407,0.95035,0.976665,0.991649,0.987418,0.997413,0.997559,0.968753,0.997026,0.977133,0.966675,0.980089,0.986962,0.99192,1.018192,1.004998,0.98542,0.974582,0.973295,0.971275,0.979468,0.99714,0.986567,0.997698,0.990109,1.004049,1.005233,0.935125,1.010255,0.950539,0.993969,1.000285,0.99558,0.9863999999999999,1.021999,0.993579,0.989932,0.980983,0.952615,0.970117,0.994463,0.988342,1.008921,1.010841,1.027275,1.011348,1.039272,0.965784,0.960139,0.967402,0.993288,0.993082,1.04039,1.047482,1.012172,1.014167,0.986995,1.015711,0.990188,0.996495,1.016503,1.006354,1.040478,1.016835,1.010901,1.037269,1.040411,1.024397,0.992413,1.01001,0.972482,1.066196,1.036671,1.037623,1.047978,1.039326,1.004502,1.041773,1.005613,1.01035,1.01635,1.042079,1.040096,1.02471,1.048703,1.049232,1.026925,1.051904,1.07633,1.071211,1.018546,1.022629,1.015369,1.062277,1.038262,1.050686,1.019419
1997-12-31,0.908439,0.924717,0.921266,0.934242,0.941069,0.976214,1.006588,0.988711,1.002731,0.994025,0.948256,0.974352,0.977634,1.016901,0.979581,1.012526,1.002167,1.026662,1.036701,1.03968,0.999176,0.954544,0.98002,0.96817,1.033269,1.019406,1.039641,1.022122,1.015342,0.972528,0.99439,0.993241,0.99602,0.983825,1.000553,1.005862,1.040444,1.059025,1.043908,1.057223,1.016125,0.968968,0.968601,1.031789,1.001044,1.021911,1.051996,1.048216,1.033879,1.040043,0.997308,1.04087,1.00208,1.001968,1.028181,1.035146,1.031899,1.055252,1.025383,1.033892,0.978238,1.042718,1.012442,1.025704,1.038127,1.039249,1.098225,1.041249,1.01488,1.034778,0.953136,0.995155,1.007704,1.041592,1.033905,1.011618,1.043186,1.050671,1.00479,0.970428,1.014078,1.05085,1.04544,1.009849,1.049524,1.0515,1.00853,1.058617,1.062397,1.042667,1.008069,1.016397,1.02056,1.011385,1.024733,1.034722,1.044718,1.070375,1.00857,0.996653
1998-01-31,0.999732,1.005888,0.994665,0.989489,0.995965,0.989335,1.007765,1.004332,0.989431,0.993113,0.997425,1.009152,0.98496,0.996857,0.987341,0.969822,1.002677,0.973209,0.983507,1.007727,0.992937,1.006317,0.97094,0.994706,0.98451,1.008377,0.983949,0.958407,1.00174,1.005473,1.023134,0.979879,0.963392,0.994736,0.978902,0.963659,0.989854,0.980289,0.956464,0.961746,0.997585,0.971139,0.984317,0.987889,1.004846,0.998915,0.952355,0.975506,1.012037,1.059148,1.012726,0.971297,0.985811,1.010621,0.959951,0.980234,0.944932,0.952717,0.994828,1.008164,1.025767,0.987342,0.990361,0.98398,0.982272,0.981819,0.971245,0.974098,1.018976,0.980367,0.999153,0.937752,1.010506,0.985457,0.978675,0.980901,1.003027,0.969944,1.023633,1.028274,0.98344,0.963553,0.971463,0.989057,0.972411,0.960322,1.009961,0.947026,0.974274,0.988934,1.048527,1.037811,1.006137,0.985694,0.965467,0.971393,1.001088,1.032394,1.008262,1.063494
1998-02-28,1.045528,1.041786,1.0723449999999999,1.058891,1.044388,1.046547,1.048461,1.049068,1.052595,1.0569,1.079976,1.073924,1.0710169999999999,1.0716890000000001,1.053364,1.0721,1.047857,1.057475,1.075516,1.085288,1.084655,1.068757,1.091852,1.095361,1.108802,1.087797,1.054909,1.066435,1.083432,1.072118,1.090585,1.103486,1.104433,1.055841,1.085387,1.091737,1.072764,1.062073,1.082239,1.041993,1.075142,1.12146,1.107012,1.112796,1.058357,1.072503,1.059684,1.057911,1.071955,1.11955,1.076638,1.115697,1.100129,1.070952,1.065985,1.074547,1.086492,1.091725,1.065904,1.118778,1.080163,1.088811,1.074356,1.085357,1.094258,1.050613,1.089275,1.050837,1.055408,1.069781,1.111328,1.092606,1.080151,1.065955,1.059046,1.087094,1.048568,1.055298,1.055162,1.084045,1.107503,1.082401,1.113795,1.072608,1.073187,1.0694,1.072092,1.053329,1.050613,1.11949,1.075436,1.044849,1.059876,1.076947,1.101867,1.107359,1.077724,1.080113,1.080927,1.058772
1998-03-31,1.035863,1.027599,1.076062,1.074721,1.076206,1.045941,1.056693,1.045707,1.034428,1.0644689999999999,1.044974,1.06113,1.060759,1.048075,1.04306,1.03747,1.054263,1.034522,1.053024,1.039995,1.050044,1.055896,1.012521,1.101512,0.982284,1.025813,1.038625,1.032687,1.067172,1.036766,1.035463,1.046056,1.04442,1.08381,1.072529,1.023276,1.047574,1.036543,1.040864,1.036823,1.030984,1.014264,1.050661,1.036079,1.068216,1.037216,1.046772,1.038456,1.036991,1.075849,1.046149,1.071229,1.002724,1.03405,1.037572,1.068004,1.031932,1.033945,1.059731,1.061084,1.031649,1.056272,1.040636,1.04479,1.067539,1.037568,1.065325,1.051562,1.087192,1.112568,1.047058,1.01981,1.063986,1.044814,1.059946,1.040537,1.042916,1.025092,1.032939,1.080497,1.043905,1.06092,1.017047,1.043158,1.007155,1.072329,1.063977,1.04906,1.068646,1.098599,1.042747,1.069536,1.043052,1.03202,1.070314,1.047791,1.088261,1.118848,1.040151,1.088133
1998-04-30,1.022941,1.015012,1.020236,1.022865,1.041953,1.055694,1.01821,1.036596,1.036447,1.02691,1.034993,1.019506,1.008413,1.047432,1.020113,1.035053,1.013277,1.016712,1.027411,1.018814,0.989129,0.986237,1.045836,0.995792,0.996107,0.968263,1.006661,1.024403,1.029121,1.010489,1.004763,1.014382,1.005967,1.018174,1.009286,1.044739,1.0323579999999999,1.028669,1.024552,1.004555,0.999649,0.985741,1.011245,0.99125,1.011699,1.00733,0.997657,0.997322,1.020633,1.018277,0.989679,1.075199,1.006522,0.997611,0.992995,1.001967,1.010282,1.001226,1.011082,0.953993,1.015353,1.009169,1.022083,0.995228,1.024864,0.988412,1.018845,0.968083,0.994533,1.021692,1.007032,0.97657,0.999955,0.983459,1.013109,0.979682,0.998539,1.025387,0.988372,1.044801,1.00869,1.02375,0.992016,1.0042,0.998307,1.004223,0.984696,1.019567,0.965786,0.9975,1.010148,1.008071,1.008883,1.05228,1.011239,1.019819,1.020228,1.066227,1.037305,0.976022
1998-05-31,0.9348069999999999,0.952226,0.946513,0.932427,0.970771,0.966291,0.957913,0.962283,0.975985,0.972605,0.912191,0.93687,0.938647,0.93116,0.946882,0.960314,0.966718,0.978498,0.986239,0.974809,0.898336,0.962828,0.973581,0.923977,0.959856,0.953915,0.967964,0.966989,0.95953,0.964323,0.8982680000000001,0.902366,0.928998,0.937881,0.940424,0.952542,0.938455,0.994367,0.979491,1.003651,0.92195,0.8972,0.944812,0.929212,0.944159,0.960593,0.947876,0.977447,0.971302,0.97333,0.911735,0.950258,0.941685,0.936481,0.950488,0.944024,0.949623,0.946002,0.972752,0.998686,0.946476,0.969239,0.96865,0.961722,0.949072,0.968824,0.959796,0.966334,0.96834,0.959775,0.94395,0.951016,0.966925,0.985916,0.970045,0.970395,0.979222,0.970101,0.970363,0.945402,0.963772,0.952928,0.987328,0.98279,0.996017,0.960084,0.972779,1.001481,0.980299,1.008477,0.979668,0.978562,1.002259,0.962804,0.966055,1.009749,0.999277,1.046021,0.937815,1.036952
1998-06-30,0.942728,0.947449,0.992978,0.957712,0.981503,0.956869,1.005544,0.971731,0.964656,0.980864,1.000323,1.063199,1.043128,1.02765,0.971363,0.975901,1.008007,1.00028,1.00386,1.016,1.03667,0.999383,0.937665,0.9627870000000001,1.035562,0.987648,0.996461,0.987693,0.984451,1.017064,1.013741,1.027769,1.005116,0.979762,1.013165,0.979536,0.966498,1.013309,0.996542,1.028102,1.03619,0.949938,0.985981,1.020697,1.04435,1.003242,0.985206,1.026085,0.975256,1.043425,1.035731,1.076349,0.972974,0.943486,0.968737,0.97455,0.999901,0.985939,0.978725,1.028785,1.064372,0.987631,0.98516,1.029942,1.011654,0.980264,1.035049,0.977118,1.009454,0.992957,1.023959,0.963855,0.991258,0.971433,1.009034,1.002441,1.030889,0.99869,1.006953,1.037881,1.089131,1.026033,1.016318,1.011526,1.004633,1.026769,1.006575,1.014116,1.001185,1.008468,1.087221,1.044191,1.0269,1.002127,1.042077,1.005494,1.059249,1.082789,0.995758,1.027974
1998-07-31,0.924025,0.903831,0.918949,0.91732,0.929662,0.958888,0.931789,0.946608,0.937512,0.961846,0.925669,0.938692,0.9300269999999999,0.941138,0.931298,0.94708,0.946873,0.920939,0.939342,0.933811,0.922806,0.947027,0.919144,0.907137,0.934163,0.921399,0.902946,0.912726,0.9240889999999999,0.916149,0.909085,0.920897,0.94401,0.930265,0.926774,0.908119,0.914066,0.905111,0.939349,0.934687,0.930327,0.916753,0.910534,0.95375,0.916173,0.935278,0.934383,0.905347,0.879904,0.925068,0.92745,0.9082479999999999,0.917589,0.930971,0.913195,0.926157,0.928865,0.910064,0.898686,0.954406,0.950758,0.915957,0.9471,0.96988,0.929419,0.9454940000000001,0.956332,0.968936,0.944431,0.977633,0.933816,0.950088,0.973875,0.927407,0.937384,0.9601999999999999,0.91578,0.95913,0.960945,0.968635,0.972547,0.95106,0.966587,0.960335,0.940993,0.944604,0.970878,0.955943,0.947116,0.882499,0.992665,1.04648,0.9602269999999999,0.997151,0.999237,1.00678,1.007992,0.930946,1.055957,0.988915
1998-08-31,0.719033,0.750325,0.76668,0.791449,0.790593,0.807501,0.826358,0.805591,0.819294,0.8255239999999999,0.687994,0.736605,0.800426,0.784075,0.7782169999999999,0.809668,0.803295,0.800745,0.821484,0.787695,0.7174020000000001,0.734108,0.800274,0.813308,0.838438,0.792021,0.835603,0.824165,0.817487,0.783148,0.74805,0.7918149999999999,0.784912,0.788924,0.844177,0.823666,0.854711,0.840109,0.80659,0.869027,0.775539,0.787684,0.746491,0.829016,0.820847,0.8277289999999999,0.82855,0.812693,0.8180810000000001,0.785392,0.774906,0.750588,0.791534,0.782469,0.8095289999999999,0.837305,0.84134,0.86039,0.827639,0.82299,0.774821,0.792907,0.838596,0.787191,0.782222,0.813501,0.874829,0.903971,0.845989,0.918575,0.803159,0.816785,0.8410610000000001,0.790172,0.8088650000000001,0.8640680000000001,0.834696,0.91403,0.869567,0.9130739999999999,0.822326,0.844523,0.8356589999999999,0.836066,0.828748,0.842845,0.849735,0.961159,0.902988,0.904146,0.874521,0.872514,0.870748,0.786454,0.829243,0.796974,0.804495,0.856029,0.874139,0.807836
1998-09-30,1.006764,1.027639,1.023361,1.034531,1.031719,1.021824,1.00406,1.026535,1.00438,1.004127,1.1135,1.133385,1.058956,1.020805,1.052829,1.038029,1.049632,1.063122,1.034587,1.029829,1.145932,1.097815,1.068912,1.085616,1.029205,1.043683,1.048223,1.035738,1.05871,1.076699,1.146971,1.102391,1.096054,1.076591,1.098177,1.037714,1.042206,1.048156,1.067734,1.00309,1.111545,1.090531,1.062018,1.080282,1.039301,1.09132,1.041578,1.036616,1.054088,1.021967,1.157961,1.0827309999999999,1.033122,1.052454,1.076719,1.115107,1.063404,1.047366,1.001061,1.026062,1.052708,0.980355,1.047108,1.0705,1.049154,1.072584,1.031738,1.048292,1.043485,1.080141,1.056013,1.094999,1.061605,1.093386,1.063428,1.081059,1.061872,1.079247,1.07699,0.999193,1.096363,1.069923,1.053324,1.026737,1.081157,1.021638,1.062774,1.062293,1.06137,1.014432,1.082718,1.091789,1.051416,1.023539,1.024405,1.021107,1.022769,1.040544,1.13658,1.167978
1998-10-31,1.014299,1.012504,1.04012,1.01509,1.009066,1.021126,1.003696,1.005438,1.003933,1.004057,1.012826,1.091744,1.042793,1.029202,1.005169,1.010392,1.047142,1.060025,1.017697,1.024387,1.050201,1.061568,1.078071,1.038997,1.024313,1.036078,1.007961,1.037033,0.969937,1.033001,1.054282,1.04905,1.035629,1.077157,1.047296,1.038252,1.044559,1.02981,1.059856,1.020724,1.016561,1.041969,1.061468,1.073476,1.046037,1.047421,1.037021,1.075081,1.075807,1.073297,1.049141,1.043832,1.065095,1.06223,1.035879,1.063449,1.040222,0.993714,1.032629,0.984797,1.043462,1.139908,1.054139,1.08085,1.074108,1.063799,1.07118,1.026072,1.031679,1.03717,1.071044,1.095821,1.120943,1.08903,1.05166,1.07798,1.078952,1.016066,1.039612,1.004216,1.08424,1.085563,1.087154,1.091908,1.040748,1.091977,1.103545,1.018804,1.041866,1.060259,1.067752,1.100097,1.088648,1.062207,1.091473,1.091022,1.080925,1.099762,0.987974,1.058202
1998-11-30,1.082035,1.081602,1.083463,1.122024,1.046582,1.065786,1.06029,1.073347,1.070493,1.101641,1.181391,1.0657,1.043981,1.102012,1.058299,1.070626,1.035754,1.084874,1.075594,1.099421,1.083403,1.107009,1.089814,1.059432,1.040544,1.051574,1.050603,1.040153,1.070776,1.061435,1.100391,1.069602,1.0832600000000001,1.053871,1.030759,1.03583,1.04898,1.007212,1.073897,1.02462,1.114803,1.104372,1.045468,1.106357,1.061782,1.049809,1.058684,1.015642,1.007863,0.993181,1.094991,1.06111,1.062335,1.065583,1.021781,0.99731,1.017111,1.038394,1.058143,1.057927,1.11684,1.043585,1.024508,1.045828,1.045392,1.068031,1.026103,1.043797,1.027611,1.02602,1.074361,1.076618,1.011451,1.016889,1.024631,1.044943,1.037581,1.013362,1.058705,1.013699,1.116543,1.075371,1.0236,1.045209,1.022765,1.048962,1.03943,1.054941,1.062453,1.036486,1.068458,1.078016,1.060345,1.076182,1.053073,1.080953,1.067156,1.030747,1.032434,1.048626
1998-12-31,0.998178,1.027434,1.015525,1.001718,1.020172,1.011154,0.998808,1.002949,1.008593,1.002624,1.050956,1.120231,1.027279,1.004398,1.00857,1.063003,1.056804,1.007282,1.018781,1.025073,1.066414,1.074459,1.079323,1.045324,1.036911,1.0767579999999999,1.009455,1.049767,1.037806,1.054369,1.068364,1.079436,1.069916,1.020565,1.002978,1.01034,1.030164,1.096394,1.048006,1.079842,1.087797,1.09647,1.047347,1.111133,1.029212,1.044872,1.060265,1.001364,1.03839,0.992119,1.175727,1.061643,1.120579,1.047874,1.04946,1.026001,1.050871,1.065759,1.037842,1.045422,1.102145,1.063072,1.02689,1.068328,1.020959,1.06754,1.009084,1.078202,1.052116,0.997394,1.077963,1.14172,1.078433,1.028023,1.00086,1.074141,1.022167,1.030193,1.022654,0.987977,1.140459,1.089751,1.031591,1.016231,1.027793,1.046203,1.042255,1.004338,1.005372,1.007406,1.08407,1.091146,1.034773,1.008643,1.0051,1.077456,1.023674,1.037104,1.0683,1.130461
1999-01-31,1.166362,1.104524,1.085585,1.108658,1.053497,1.053762,1.03771,1.060855,1.059369,1.046665,1.024856,1.038653,1.066575,0.99695,1.059086,1.03479,1.049525,1.010916,0.979356,1.071988,1.055553,1.160614,0.991181,1.017858,0.988871,1.002425,0.999843,0.981897,1.011038,0.993215,1.040538,1.0134050000000001,0.993716,1.034634,0.967027,0.963805,0.962304,0.947367,1.026274,0.975369,0.991379,1.015011,0.998712,1.187899,0.970154,0.985573,1.042445,0.960651,1.023842,0.968759,1.132391,1.003559,0.958442,0.947367,1.014977,0.971351,0.972538,0.959033,0.990782,0.961402,1.080127,0.977621,0.945449,0.95366,0.988244,0.9859020000000001,0.939608,0.965303,1.069348,0.985924,1.028539,0.995747,0.968058,0.978353,0.976354,0.985223,0.973238,0.964078,0.938226,0.962963,1.083382,1.012993,1.016894,0.970371,0.991214,0.981941,1.023431,0.988726,0.965458,1.027871,1.054623,1.073035,1.012615,1.027474,1.026199,1.052336,1.050988,0.984506,1.025439,1.020414
1999-02-28,0.924399,0.929796,0.928389,0.910282,0.94622,0.958129,0.96631,0.962148,0.953471,0.962243,0.900576,0.937019,0.914922,0.91649,0.941038,0.915365,0.936767,0.912738,0.920111,0.923876,0.897714,0.899946,0.9084220000000001,0.907906,0.946178,0.93065,0.941312,0.91208,0.93977,0.883291,0.924979,0.8996299999999999,0.8873759999999999,0.914655,0.904706,0.918204,0.929948,0.895651,0.842191,0.93191,0.911342,0.916134,0.909983,0.878409,0.9178,0.943818,0.962314,0.88401,0.886275,0.930539,0.897686,0.934832,0.910893,0.941289,0.961138,0.923438,0.9592,0.952534,0.963194,0.973762,0.92825,0.953214,0.9211739999999999,0.951097,0.968358,0.9576,0.94621,1.002965,0.944572,0.978813,0.937348,0.951403,0.938768,0.986112,1.003229,0.928512,0.9395830000000001,0.948291,0.995636,1.029194,0.97229,0.980863,0.982014,0.980683,0.987832,1.014556,0.95535,0.961057,0.985591,0.974607,0.954179,0.943636,0.979511,1.016336,0.994795,1.007121,0.995605,1.017865,1.0217019999999999,0.95674
1999-03-31,0.992358,0.931797,0.9358690000000001,0.946,0.962878,0.968321,0.940595,0.959035,0.964359,0.98247,0.985015,0.99528,0.8747,0.957927,1.05695,0.97155,0.980247,0.965879,0.964904,0.9705,0.995278,1.006967,1.00238,0.996054,1.023798,0.973776,0.99102,0.983087,0.97394,0.949924,1.004814,0.991279,0.996266,1.038534,1.006268,1.005433,1.016401,1.009952,0.933012,1.024528,1.027524,1.031027,0.988633,1.111124,1.023946,1.01906,1.028252,0.977403,0.995058,0.960452,1.048688,1.090589,0.979826,1.024541,1.058357,0.98419,0.986461,0.979706,1.014373,1.015829,1.02681,1.001229,1.025037,1.00058,1.025867,0.982932,0.940084,0.992499,1.051604,0.974579,1.03085,1.06399,1.047659,1.068592,1.026794,1.033326,1.0319989999999999,1.011462,0.98432,0.942286,1.099788,1.041405,1.059791,0.984157,1.046679,1.031339,1.044729,1.045769,1.003812,1.027034,1.052392,1.017204,1.008423,1.063737,1.052397,1.038408,1.057067,0.999743,0.977824,1.097771
1999-04-30,1.065876,1.060519,1.067855,1.079695,1.0808,1.063581,1.045582,1.090171,1.079253,1.110028,1.080603,1.092431,1.112393,1.110736,1.156158,1.187241,1.161307,1.146512,1.0769,1.064114,1.08822,1.285758,1.083192,1.05466,1.089693,1.056459,1.075392,1.09608,1.075543,1.071098,1.027681,1.067305,1.128631,1.169187,1.032723,1.103452,1.079935,1.091403,1.077785,1.064269,1.075428,1.064073,1.093749,1.244076,1.055493,1.040275,1.203595,1.1235,1.077151,1.081601,1.0475,1.1338599999999999,1.105682,1.076532,1.1263480000000001,1.113046,1.078865,1.069274,1.064863,1.114388,1.042876,1.037826,1.098834,1.080665,1.085017,1.04778,1.15985,1.120959,1.055267,1.017866,1.072385,1.061584,1.092389,1.173281,1.089868,1.083957,1.065409,1.148421,1.120258,1.069445,1.017708,1.068502,1.090513,1.08741,1.129854,1.059316,1.067186,1.062806,1.02068,1.029244,0.986666,1.043822,1.084472,1.091891,1.07951,1.046263,1.030185,1.089977,1.030802,1.019207
1999-05-31,0.990321,1.03708,1.026994,1.003127,1.043967,1.041499,1.033472,1.044227,1.041088,1.066943,0.9942,1.058339,1.047756,1.056693,1.004742,1.008444,0.993541,1.019354,1.025887,1.013773,1.081976,0.924315,0.986589,1.039312,1.019555,1.008726,1.045675,1.048937,1.058715,1.035409,1.00147,1.047928,1.030695,0.962365,1.067031,1.024187,1.05606,1.016996,1.012854,1.03738,1.002732,1.024676,1.042243,0.926971,1.014852,1.004745,1.019369,1.009792,1.021721,1.110752,0.979952,0.985066,1.009316,1.024292,0.992555,1.017967,1.030121,1.018431,1.028529,0.972872,1.03445,1.047439,1.050474,1.011322,1.010533,1.020338,1.060725,1.008576,1.008617,1.076832,1.044038,0.99353,0.979232,0.977362,1.016608,1.015945,1.033231,0.9978629999999999,1.004107,1.055787,0.924125,0.978684,0.983635,0.999221,0.959901,1.013741,1.001406,1.050498,1.091911,1.039213,0.965556,0.976735,0.996168,0.967686,0.97567,0.972187,1.004572,0.956102,0.999104,0.966654
1999-06-30,1.041752,1.035785,1.039162,1.101894,1.053656,1.037196,1.04127,1.005463,1.038745,1.038033,1.050145,1.122854,1.1009,1.0803989999999999,1.159184,1.086948,1.070879,1.0988850000000001,1.05532,1.130725,1.034165,1.072131,1.114385,1.029721,1.097981,1.053927,1.045465,1.085096,1.046088,1.056447,1.141435,1.055122,1.078744,1.064657,1.05408,1.068138,1.015698,1.04441,1.098448,1.075991,1.041809,1.070278,0.985002,1.166471,1.013128,1.055043,0.983217,1.048583,1.0912519999999999,1.076286,1.062211,1.014207,1.046957,1.039002,1.00853,1.045369,1.003102,1.028278,1.080698,1.0201,1.026089,1.099147,1.057069,1.034937,1.062256,1.037506,1.064278,1.030758,1.110983,1.028026,1.099812,1.052454,1.105389,1.088402,1.018938,1.006135,1.047846,1.025629,1.000609,1.063159,1.056888,1.051673,1.064997,0.980824,1.053394,1.012175,0.9862070000000001,0.998752,0.964589,0.994143,1.0694,1.075821,1.028331,1.032592,1.011568,1.061378,1.028678,0.976422,1.039642,1.01305
2004-07-31,0.875896,0.888277,0.9451039999999999,0.954297,0.965762,0.938204,0.945197,0.943557,0.956791,0.973662,0.848695,0.888414,0.904933,0.920674,0.891121,0.936893,0.952931,0.935065,0.935775,0.946103,0.892601,0.9132,0.890817,0.9372240000000001,0.957696,0.947489,0.98312,0.922186,0.939257,0.947964,0.880523,0.953707,0.918624,0.905653,0.957857,0.941288,0.927307,0.958779,0.963432,0.972995,0.919776,0.909817,0.938075,0.939682,0.966608,0.966936,0.962327,0.936005,0.951406,0.944475,0.879245,0.93207,0.93068,0.960653,0.944407,0.980956,0.961161,1.024382,0.977377,0.971381,0.946662,0.904669,0.977074,0.959341,0.970801,0.976583,0.945837,0.9227650000000001,0.9247,0.975489,0.931767,0.939644,0.928795,0.95231,0.956402,0.961204,0.938928,0.971372,0.980785,0.994548,0.93708,0.9369419999999999,0.978645,0.968532,0.955161,1.004769,0.965772,0.974334,1.001558,0.983421,0.939624,0.971705,1.017027,0.983249,1.001954,0.965772,0.97476,0.970219,0.986486,0.997069
2004-08-31,0.989091,0.983745,0.970373,0.993409,0.998687,1.005279,0.995021,0.987996,0.977348,0.97053,0.975647,0.981955,1.000562,1.009315,0.972772,0.991598,0.983631,0.97491,0.971188,1.0102,0.935308,0.966357,1.009718,1.027438,0.998246,1.016028,1.025582,0.990439,0.997354,1.021686,0.952514,0.958057,0.948341,0.971886,0.983931,0.986292,1.014196,1.002876,1.01151,1.014488,0.968307,0.99656,1.003527,1.00547,0.993613,1.015905,0.993772,0.994934,0.969325,1.017033,0.962959,0.971548,0.991729,0.987029,1.007935,0.998476,1.030119,1.019495,1.003229,0.932001,1.009359,0.972042,0.979763,0.998683,1.005909,1.029063,0.980814,1.006339,1.008941,1.000804,0.98348,1.000098,0.971106,1.016569,1.005796,0.982349,1.010088,1.030331,1.020424,0.970997,0.985531,0.988664,1.002643,1.006867,1.021643,1.022853,1.010581,1.023069,1.024057,0.959528,0.995059,1.003601,1.00952,1.02138,1.022492,0.994631,1.020741,0.988353,0.99305,1.00853
2004-09-30,1.046366,1.053246,1.029571,1.053204,1.035291,1.040581,1.034101,1.032252,1.027135,1.036046,1.057518,1.031811,1.060676,1.044361,1.052726,1.050068,1.067803,1.062273,1.062593,1.03327,1.105477,1.052702,1.049694,1.054417,1.063936,1.04708,1.054203,1.052525,1.022631,1.046692,1.116366,1.058724,1.075194,1.065555,1.057202,1.054889,1.034089,1.021635,1.02963,1.063379,1.04328,1.033289,1.042438,1.056595,1.037334,1.059087,1.042731,1.027002,1.060924,1.014459,1.060804,1.024814,1.034185,1.037317,1.019375,1.039169,1.022212,1.026871,1.071233,1.039881,1.055612,1.010514,1.041322,1.026343,1.076084,1.030921,1.042758,1.034949,1.01383,1.058021,1.031024,1.028024,1.015455,1.048264,1.065278,1.03062,1.028412,1.014775,1.024735,1.008163,1.037446,1.036,1.049361,1.024576,1.04853,1.042036,1.039476,1.030583,1.024052,1.0719400000000001,0.994008,1.001359,1.02505,0.997507,1.019994,1.009955,1.012726,1.006453,1.041432,1.015277
2004-10-31,1.007444,1.00868,0.98737,1.02905,1.018198,1.024058,1.024138,1.01624,1.009103,1.010341,1.01457,1.038542,1.021942,1.039863,1.036551,1.020001,1.007354,1.00393,1.002248,0.992772,1.006158,1.073478,1.040405,1.030754,1.02741,1.030324,0.997741,1.019579,1.041325,1.005047,1.020786,1.037232,1.04794,1.01176,0.997895,0.996386,1.015511,1.001955,1.034386,0.996361,1.012078,1.041815,1.039961,1.009271,1.043504,0.976277,0.998217,1.001303,1.043866,1.001056,1.018597,1.002689,1.042987,1.044719,1.04067,1.026551,0.992117,1.01429,1.039447,1.003985,1.043135,1.055874,1.000935,1.008954,1.024043,1.007719,1.022873,1.017247,0.997551,1.030438,1.02728,1.022968,1.040664,1.048919,1.026041,1.023935,1.022523,1.00142,1.004044,0.9144639999999999,1.040473,1.032696,1.018086,1.046165,1.018887,1.044606,0.968985,1.069452,1.042634,1.022101,1.012742,1.007822,1.012982,0.9946,1.00928,1.040471,0.979357,1.0177,1.022816,1.01411
2004-11-30,1.093364,1.084764,1.096953,1.079961,1.075633,1.080461,1.062505,1.073382,1.054792,1.091208,1.1342539999999999,1.107363,1.084939,1.087288,1.092094,1.097266,1.097938,1.083252,1.094815,1.115883,1.084667,1.047485,1.107177,1.076292,1.11258,1.089331,1.08333,1.114981,1.101732,1.120486,1.083168,1.071684,1.084132,1.108143,1.091044,1.087069,1.096056,1.075739,1.082095,1.083209,1.080539,1.046867,1.0673219999999999,1.085724,1.067266,1.102049,1.058193,1.077342,1.0863909999999999,1.088319,1.086572,1.053819,1.02402,1.062289,1.0649440000000001,1.09128,1.046491,1.076343,1.073999,1.131409,1.06004,1.037372,1.056673,1.098755,1.054837,1.093454,1.082228,1.0876,1.065695,1.036823,1.063453,1.059597,1.048876,1.115058,1.048534,1.079485,1.038355,1.078342,1.096392,1.079734,1.039518,1.038756,1.056206,1.041271,1.076404,1.09248,1.062614,1.049495,1.078533,1.084599,1.019142,1.044817,1.042771,1.040561,1.020928,1.052319,0.999567,1.058697,1.050461,1.050038
2004-12-31,1.080884,1.068467,1.060741,1.069051,1.058386,1.038451,1.052852,1.055038,1.058975,1.0730439999999999,1.032719,1.029031,1.039679,1.03027,1.036605,1.046095,1.001717,1.012376,1.02945,1.053831,1.042577,1.069637,1.053636,1.037575,1.02213,1.019872,1.021498,1.022393,1.032871,1.0694,1.01877,1.02582,1.026998,1.032929,1.01993,1.031819,1.031159,1.02278,1.016975,1.008956,1.044598,1.060091,1.034863,1.023381,1.008119,0.997162,1.006391,1.022982,1.040605,1.016926,1.063127,1.050061,1.02148,1.051401,1.039116,1.039391,1.024899,1.019108,1.027318,1.020161,1.076863,1.072519,1.052956,1.03109,1.038629,1.062498,1.025912,1.05645,1.037328,1.053955,1.024488,1.035459,1.029307,1.058453,1.04266,1.030653,1.049709,1.035044,1.021939,1.073059,1.01664,1.040861,1.036947,1.036788,1.042217,1.001107,1.050438,1.040695,1.038408,1.002232,1.050457,1.022981,1.012915,1.027751,1.019682,1.035652,1.066885,1.053911,1.017846,1.091198
2005-01-31,0.938104,0.961349,0.958235,0.95967,0.962707,0.958969,0.994602,0.971607,0.985027,0.984097,0.920666,0.947592,0.941357,0.966944,0.953386,0.957331,0.954819,0.945987,0.994302,0.989908,0.911652,0.935252,0.960398,0.954678,1.006336,0.947675,0.971425,0.970178,0.957144,0.963402,0.966795,0.958108,0.948593,0.965825,1.001882,0.952641,0.982887,0.963883,0.995029,0.959349,0.946621,0.989725,0.936589,0.971455,0.948539,0.949916,1.000498,0.982311,0.964021,0.972138,0.957221,0.982844,0.979943,0.9529030000000001,0.948773,1.00715,0.988826,1.025938,0.969283,0.978929,0.992268,0.947128,0.984595,0.966927,0.991917,1.015842,1.002149,0.974691,0.980259,0.984124,0.982257,0.956929,0.962595,0.947579,0.913663,0.982011,0.969022,0.969407,0.96522,0.982562,0.963203,0.984422,0.973525,0.968044,0.993432,1.012332,0.99492,0.996266,1.003652,1.049788,0.968605,0.969994,0.968535,0.991419,0.962515,0.996857,0.994715,0.946902,1.000933,0.970234
2005-02-28,0.994677,1.000157,1.022378,1.00969,1.016584,0.98818,0.992742,1.013726,1.028278,1.029139,0.977963,0.980761,0.983579,0.997464,0.983441,1.006174,1.009665,1.01261,1.053071,1.020075,1.029613,0.992561,1.018066,1.014844,1.032854,1.033176,1.026076,1.032,0.996479,1.062631,1.055334,1.023198,1.004074,1.035032,1.049301,1.027904,1.042947,1.029077,1.019279,0.989148,1.004179,1.037847,1.000236,1.02753,1.021526,1.019013,1.039595,1.01368,1.076342,1.023364,1.01379,0.999388,1.032197,1.027583,1.025064,1.047244,1.009124,1.007154,1.028998,1.036801,1.026609,1.010985,1.037673,1.047206,1.046992,1.031439,1.041823,1.030863,0.98871,1.060149,1.035643,1.01086,1.0189,1.001532,1.029354,1.040168,1.012141,1.017853,1.054466,1.011885,1.010546,1.028555,1.017003,1.022387,1.027503,1.060867,1.067881,1.024844,1.035381,1.132684,1.006491,1.010642,1.090586,1.019023,1.001558,1.019295,0.970335,1.006773,1.041374,1.02865
2005-03-31,0.913552,0.948464,0.961288,0.991082,0.962514,0.966979,0.986131,0.967502,0.970388,0.972127,0.937718,0.960731,0.977755,0.974195,0.974595,0.968654,0.964227,0.970607,0.982504,0.970209,0.950001,0.950911,0.975312,0.990636,0.953614,0.983721,0.988206,0.989734,1.009577,0.996305,0.962014,0.964606,0.985335,0.959162,0.973376,0.984484,0.990659,1.010024,0.98925,0.993026,0.96411,0.972598,0.958577,1.003255,0.967575,0.965178,0.982644,0.984408,0.98321,0.992339,1.0044,0.980451,0.987913,0.965847,0.987635,0.984427,0.971108,0.965625,0.97265,1.014776,0.968179,0.976673,1.015985,0.971423,1.015563,0.99628,0.988702,0.985117,0.998335,1.020021,0.976606,0.991679,0.984759,0.989959,1.000954,0.991292,0.986087,0.991677,0.97875,0.974717,0.978099,0.993399,1.013523,0.994663,0.989907,1.001605,0.991694,1.020073,1.027756,1.022647,0.992898,0.984558,0.972494,0.941248,0.978567,1.001428,0.976524,1.012512,0.976707,1.002166
2005-04-30,0.923698,0.9634469999999999,0.939991,0.933684,0.936913,0.944272,0.953663,0.941261,0.944634,0.955525,0.928269,0.9509,0.932394,0.942299,0.964102,0.923037,0.925462,0.9297070000000001,0.901993,0.933011,0.89394,0.915022,0.918092,0.939939,0.924562,0.950704,0.941813,0.942582,0.973882,0.954192,0.931793,0.939189,0.956901,0.934639,0.9330769999999999,0.942677,0.953075,0.919392,0.94793,0.905679,0.927358,0.973748,0.949735,0.955308,0.938145,0.945099,0.923837,0.961093,0.93782,0.947871,0.935399,0.972302,0.947801,0.963176,0.956872,0.948097,0.966433,0.977786,0.982717,0.931959,0.944155,0.967437,0.94861,0.95378,0.954211,0.992369,0.952892,0.978328,0.989047,0.95998,0.954065,0.966917,0.9580649999999999,0.958664,0.944937,0.926093,0.98138,0.971744,0.981991,0.982275,0.972065,0.954538,0.973866,0.984625,0.934383,0.963391,0.995296,0.98189,0.967871,0.956558,0.990323,0.993986,0.979971,0.982647,1.00247,0.969693,0.991213,0.985086,0.976616,0.990064
2005-05-31,1.040642,1.0873140000000001,1.038621,1.069791,1.045436,1.042864,1.030937,1.034263,1.012057,1.040321,1.08645,1.060736,1.073398,1.071084,1.06062,1.054239,1.04457,1.057321,1.069593,1.084967,1.092446,1.081801,1.073997,1.067134,1.069281,1.090334,1.032722,1.067669,1.067338,1.083173,1.088081,1.102808,1.084782,1.093094,1.077616,1.059619,1.067946,1.049703,1.0717430000000001,1.051395,1.051164,1.067275,1.078522,1.061118,1.070787,1.064042,1.042751,1.044918,1.075001,1.096925,1.065718,1.06561,1.043079,1.067319,1.041605,1.043524,1.047855,1.034376,1.043662,1.080799,1.075358,1.047155,1.040162,1.083987,1.053033,1.050752,1.076971,1.056822,1.058633,1.068513,1.063023,1.056857,1.045718,1.091322,1.008744,1.064622,1.045653,1.0675189999999999,1.044533,1.061413,1.039777,1.048097,1.02956,1.034255,1.062423,1.020378,1.041027,1.023773,1.030398,1.018629,1.036751,1.039913,1.005293,1.0298910000000001,0.997922,1.021331,1.006368,1.039013,1.04685,1.0684339999999999
2005-06-30,1.009121,1.052162,1.008286,1.044699,1.012135,1.037671,1.040428,1.028452,1.045017,1.065037,1.049693,1.052721,1.058802,1.030351,1.042701,1.050548,1.046246,1.064707,1.049952,1.053739,1.024919,1.058713,1.003323,1.056222,1.04328,1.023156,1.060818,1.041611,1.027464,1.045995,0.988385,1.020792,1.028015,1.068409,1.0633,1.030136,1.032,1.042122,1.0647739999999999,1.088054,1.029357,1.000409,1.038974,1.027598,1.024603,1.029282,1.055936,1.040781,1.039854,1.017665,1.011666,1.020916,1.03593,1.014189,1.019531,1.03711,1.036603,1.032643,1.042105,1.042412,1.010408,1.005678,1.020166,1.026904,1.046781,1.051546,1.042688,1.056553,1.048243,1.015752,1.005661,1.02006,1.014036,1.040996,1.032429,1.016783,1.050347,1.023895,1.03167,1.002541,1.001027,1.014522,1.011317,1.025562,1.042401,1.03569,1.03793,1.04223,1.038849,1.097346,0.983925,0.975811,1.013861,1.007711,1.026102,1.001974,0.987379,1.008966,1.021963,1.019823
2005-07-31,1.110832,1.091621,1.086906,1.081303,1.064057,1.098249,1.066624,1.063789,1.064937,1.074519,1.053808,1.058488,1.095515,1.067101,1.051111,1.060578,1.080779,1.059863,1.059035,1.070939,1.089196,1.091493,1.063002,1.086946,1.085658,1.077236,1.055043,1.049616,1.05966,1.066431,1.076677,1.040047,1.0288,1.087047,1.049748,1.096293,1.054866,1.071116,1.045834,1.056326,1.032725,1.076881,1.075806,1.0638589999999999,1.061762,1.04483,1.0324,1.054947,1.036502,1.045702,1.030067,1.048913,1.050327,1.070806,1.041215,1.077919,1.050846,1.074604,1.030282,1.032641,1.06307,1.056889,1.056642,1.040462,1.051248,1.046935,1.050396,1.065771,1.051973,1.07247,1.082294,1.043135,1.04225,1.0613,1.067717,1.034229,1.045002,1.064969,1.035487,1.026634,1.035997,1.034765,1.092739,1.044409,1.032067,1.029649,1.063687,1.033317,1.015196,1.095344,1.046207,1.047255,1.029047,1.009923,0.998411,1.03051,1.008405,1.024344,1.041568,1.048968
2005-08-31,0.975532,0.981053,0.9797,1.007374,0.988795,0.985161,1.000837,0.982711,1.008112,0.992326,0.964443,0.970526,0.996482,0.985304,0.975584,1.004592,0.992313,0.982781,0.985344,0.989395,0.97962,0.986253,0.98414,0.988223,0.974506,0.997111,0.957938,0.986191,0.975914,0.976536,0.958585,0.989484,0.999142,0.973164,0.960355,1.013269,0.989691,0.980379,1.002541,0.9566790000000001,0.960495,0.982548,0.971685,0.996147,0.991939,0.982729,0.982868,1.000754,0.987302,0.984636,0.979323,0.975249,0.998274,1.002609,0.98949,0.994644,0.986911,0.991668,1.009355,0.969461,0.983625,1.015246,1.001076,0.975923,0.989487,0.9918130000000001,0.992063,0.98341,0.969193,0.988993,0.976291,0.951081,1.006398,1.00311,1.029018,0.989408,1.057952,1.014556,0.985582,0.986971,0.971051,0.988233,1.004839,0.96213,0.991522,0.98892,0.986203,1.011319,1.003088,0.951181,0.989952,0.983509,0.998606,0.972958,1.010962,0.989416,0.995006,1.033663,1.002531,0.984576
2005-09-30,1.024388,1.006288,1.019578,1.024779,1.015158,0.995463,1.025948,1.016052,1.012895,0.992738,1.00836,1.006491,1.010718,1.018362,0.988697,1.018717,0.990405,1.010755,0.992767,0.969666,1.015526,1.004176,1.001668,1.011995,1.009952,1.011479,0.96683,0.990722,0.988716,0.997697,0.999556,0.978269,1.017975,1.034951,1.009861,1.011181,1.002619,1.007176,1.032684,1.024169,0.984502,0.99727,1.004959,1.008958,1.013301,1.021142,0.997636,0.94491,1.008441,1.0234,0.992996,0.999131,1.029623,1.04316,1.00189,1.013751,1.016959,0.989988,1.032188,0.96234,1.034998,1.013456,0.998873,1.00159,1.010243,0.991874,0.998956,1.0311379999999999,1.0307520000000001,1.040503,1.000201,0.984057,0.997853,1.013081,1.045324,1.003274,1.058794,1.019313,1.012876,1.012426,1.004153,1.004567,1.01858,1.006173,1.036443,1.01849,1.025645,1.029082,1.050934,1.044124,1.003436,0.988498,1.025412,0.986636,1.020835,1.022066,0.995719,1.012106,1.023543,0.984303
2005-10-31,0.942355,0.9666,0.954288,0.960323,0.979168,0.97255,0.962728,0.984473,0.976024,0.963262,0.980733,0.957196,0.946953,0.978163,0.986909,0.961198,0.976229,0.979766,1.011729,0.980564,0.945756,0.975533,0.96822,0.995803,1.008552,0.985338,0.963259,0.962743,0.988339,0.975502,0.969663,0.958611,0.95956,0.995777,0.9522349999999999,0.950316,0.941826,0.979906,0.978521,0.973813,0.937402,0.971735,0.950433,0.991983,0.952013,0.993595,0.974461,0.952505,0.973022,0.981948,0.95795,1.001752,0.936075,0.951698,0.97646,1.01213,0.963981,0.95763,0.961377,0.9598409999999999,0.971096,0.994655,0.974997,0.987054,0.972046,0.963891,0.928415,0.972618,0.970367,0.9458260000000001,0.979957,1.006451,0.96591,0.9548989999999999,0.985403,0.972316,0.969366,0.945057,0.970285,0.980637,0.993443,0.986738,0.965807,0.987739,0.971263,0.988571,0.956759,0.9646399999999999,0.979525,1.007837,0.99737,1.002591,0.9616,0.968958,0.9679409999999999,0.997322,1.01505,0.982298,0.994473,0.961992
2005-11-30,1.020871,1.020063,1.013794,1.043943,1.03365,1.037729,1.040325,1.034753,1.042178,1.030894,1.070412,1.080643,1.046835,1.050981,1.069074,1.04127,1.054599,1.039838,1.057349,1.028706,1.051581,1.046431,1.057991,1.029928,1.051283,1.052402,1.054732,1.060731,1.049007,1.047283,1.073484,1.034344,1.003607,1.084493,1.045026,1.046084,1.043137,1.052581,1.049408,1.005919,1.068391,1.068817,1.051655,1.032116,1.045232,1.019742,1.058093,1.02373,1.036461,1.006757,1.087256,1.059274,1.101625,1.072852,1.032343,1.044753,1.048158,1.044082,1.019271,0.987098,1.03338,1.038602,1.035862,1.048027,1.030314,1.032826,1.050935,1.056263,1.068677,1.00397,1.056457,1.060285,1.056546,1.050122,1.035876,1.046813,1.036575,1.026478,1.036888,1.040411,1.028979,1.072305,1.040796,1.045682,1.046514,1.003035,1.039186,1.020852,1.042689,1.057609,1.029649,1.0393270000000001,1.047457,1.031257,1.041967,1.03776,1.036112,1.030624,1.02345,0.998817
2005-12-31,1.018521,1.000239,1.011146,1.00304,1.006198,0.984301,1.000434,1.009328,1.018875,1.005718,0.985918,0.990855,0.982706,1.011916,0.997639,0.997255,0.983479,1.000247,1.010986,0.997897,1.005046,1.048085,0.98718,1.003747,1.004755,1.001022,0.994138,0.998186,0.987412,0.980278,0.993903,0.969208,0.996225,0.983737,0.998883,0.985739,0.995329,0.989452,0.997265,0.997085,1.002555,1.020467,0.997457,0.994599,0.990362,0.994944,1.006988,0.982932,0.976724,0.989028,1.010899,1.002432,1.024858,1.002188,1.012828,1.016976,0.996638,1.015662,0.9917,1.017404,0.996689,1.018325,1.005647,1.015583,1.009554,1.002598,1.002854,1.008803,1.012881,1.032303,0.999943,0.99795,1.013928,1.023473,1.040175,1.020617,1.015164,1.034749,0.968367,1.008034,0.998424,1.003402,0.992986,1.015311,1.033076,1.01779,1.011382,1.013498,1.008853,1.002075,0.988235,0.993068,0.988005,1.014971,1.003896,1.008816,1.013832,0.992506,0.995369,0.977355
2006-01-31,1.1108500000000001,1.107884,1.105338,1.087022,1.074589,1.07563,1.089282,1.076476,1.073592,1.074033,1.095624,1.169981,1.076417,1.0980509999999999,1.085582,1.095791,1.087044,1.081236,1.096659,1.104389,1.074347,1.088285,1.113824,1.084377,1.086761,1.08801,1.099531,1.10776,1.075879,1.117911,1.0716,1.06322,1.077144,1.094915,1.125616,1.090174,1.068443,1.10423,1.046538,1.076112,1.093565,1.065752,1.050316,1.121041,1.101576,1.065596,1.064937,1.0923,1.038882,1.087526,1.045805,1.044841,1.049431,1.10121,1.077488,1.045585,1.0680290000000001,1.056313,1.073528,1.049,1.034009,1.073563,1.033649,1.058685,1.055721,1.037947,1.04673,1.065884,1.066077,1.090161,1.055867,1.030703,1.072999,1.050643,1.056065,1.05346,1.025407,1.02951,1.059644,0.989529,1.033453,1.05026,1.046926,1.063944,1.029447,1.02397,1.052896,1.03489,1.027623,1.033203,0.998814,1.009021,1.017627,1.043067,1.005762,1.035465,1.024251,1.054774,1.035342,1.058034
2006-02-28,0.996263,1.035363,1.021922,1.010843,1.015959,1.006346,1.008383,0.987392,1.006189,1.019303,0.978553,0.986724,0.994304,0.999403,1.017401,0.978523,0.971167,1.005612,0.976553,0.987553,1.000628,0.991628,0.998195,1.008996,0.976743,1.010138,1.016976,0.986286,1.018612,1.000025,1.012355,0.98513,0.997105,0.980507,0.995952,0.991843,1.003062,0.978223,0.996321,0.944934,0.998708,0.977604,0.979307,1.006931,0.991898,1.001514,1.027275,0.958458,0.993747,1.017234,1.015392,1.021387,0.980143,0.986814,0.97885,1.016133,0.96654,0.964114,0.99637,0.977374,1.003112,1.008605,0.996835,1.010947,0.98651,1.002843,0.99369,0.954436,1.030826,0.989929,1.01179,0.995779,0.986903,1.005476,0.988684,0.984327,0.977634,1.004924,1.032906,1.014326,0.991954,0.993943,0.991983,0.989311,0.972922,1.028516,1.017895,0.994096,1.038321,0.969763,0.997894,1.004505,0.99196,1.034283,0.994203,1.01759,1.013004,0.991771,0.988167,0.969872
2006-03-31,1.045221,1.042922,1.028608,1.061227,1.076411,1.031184,1.036184,1.052392,1.076371,1.061837,1.039484,1.030007,1.027235,1.06691,1.054351,1.029319,1.058475,1.062032,1.07201,1.059569,1.016164,1.032451,1.059513,1.059515,1.044514,1.083724,1.024901,1.059852,1.063038,1.058009,1.01723,1.065827,1.042346,1.034519,1.060795,1.093067,1.036662,1.046321,1.034615,1.027121,1.049684,1.038204,1.060158,1.074206,1.04471,1.021653,1.021282,1.031378,1.028567,1.029658,1.050718,1.054261,1.012834,1.036539,1.041083,1.007695,1.026473,1.012512,1.007724,1.013452,1.017766,1.038967,1.016816,1.015998,1.021085,1.027523,1.006231,1.035954,1.04464,1.017925,1.047379,1.015067,1.064661,1.006601,1.051958,1.015061,1.010294,1.034885,0.99465,1.016515,1.013674,1.000687,1.019182,1.047752,1.025804,0.993995,1.010205,1.002015,1.014862,1.05348,1.009314,1.005177,1.0334699999999999,0.994476,1.008754,1.019996,0.998812,1.028334,1.003761,1.020648
2006-04-30,0.968679,0.9917,0.971032,1.001298,0.976562,1.01455,1.012267,1.022391,1.027955,1.0178449999999999,1.008065,0.985868,0.983316,0.984426,0.996724,0.986513,1.018645,0.990887,1.005397,1.000468,0.96228,1.031351,1.025676,1.008928,1.01279,1.054522,1.039385,0.989719,1.027252,1.00225,0.996215,0.999604,1.018459,1.022071,0.991879,1.021062,0.981513,0.98661,1.010439,1.003031,0.986257,0.997974,0.986059,1.000633,1.014791,1.046026,1.002615,1.076485,1.005646,0.995278,0.978892,0.995362,0.99285,0.99808,0.98156,1.037557,1.001641,1.010346,1.002116,1.054913,1.012741,1.030772,1.004087,0.984141,1.025542,1.012862,1.006193,1.0181499999999999,1.035803,1.065119,0.990231,1.008318,0.995639,1.032999,0.996157,1.004508,1.032536,1.009397,1.055306,1.008912,1.005772,1.000713,1.01747,1.027912,1.009071,0.991589,1.018887,1.020924,1.039892,1.016593,1.000135,0.986444,1.014805,1.019808,1.033355,1.01244,1.048578,1.006656,1.057508,1.029878
2006-05-31,0.914322,0.9059159999999999,0.930172,0.939885,0.958905,0.939157,0.958851,0.942257,0.974849,0.962929,0.908379,0.888422,0.938932,0.950856,0.943543,0.968824,0.99039,0.941147,0.954539,0.945192,0.924675,0.948825,0.920299,0.957256,0.950879,0.958812,0.976659,0.952474,0.96111,0.945653,0.972516,0.909228,0.929739,0.934701,0.955909,0.970116,0.9225909999999999,0.944551,0.993715,0.949928,0.919312,0.910709,0.940627,0.944063,0.945214,0.967125,0.969284,0.944451,0.987647,0.96028,0.962589,0.956675,0.964265,0.941858,0.960534,0.994652,0.978052,0.965314,0.958305,0.992804,0.95573,0.926803,0.976964,0.978658,0.977015,0.983946,0.961079,0.962188,0.94847,0.941415,0.947876,0.970011,0.961244,0.957205,0.972971,0.964898,0.938288,0.985577,0.989938,1.000441,0.9519,0.947289,0.954213,0.964609,0.958796,0.973223,0.992433,1.004977,0.951669,0.931809,0.982258,0.972233,0.980666,0.961478,0.984376,0.979062,0.969231,1.004557,0.973084,1.032654
2006-06-30,0.974273,0.984069,1.000125,0.98671,0.989683,0.99012,0.982964,0.988117,1.006779,0.992022,1.004667,0.988132,1.005203,0.994148,0.98147,0.979403,1.011429,1.015973,0.964077,1.009705,1.006128,1.001938,0.989409,1.058469,1.005248,0.997203,1.00203,0.967455,0.987318,0.983307,0.974459,1.026553,0.985586,1.020296,0.98086,1.009548,1.009565,1.027884,1.013948,0.987199,0.99805,0.978694,0.967448,1.035363,1.003846,1.030844,1.015713,0.985111,1.010384,0.994183,1.000899,0.993482,1.020988,0.962139,0.939176,1.006839,0.991116,0.984982,0.977748,1.021359,0.998944,0.996363,0.991731,1.002948,0.996724,0.994717,1.013226,0.996288,0.982161,0.999148,1.02775,0.968007,0.998025,0.946967,1.011647,0.974231,1.028854,0.990916,0.965969,1.009752,1.019471,1.001766,0.992965,0.988441,0.990049,1.039908,0.991724,1.027284,1.025207,1.035608,0.991557,1.008836,0.982951,1.015047,0.99776,1.018224,0.995209,1.004511,1.01072,1.010808
2007-07-31,0.949157,0.939855,0.925377,0.941309,0.946454,0.942389,0.945541,0.950451,0.913629,0.952934,0.94362,0.944247,0.920403,0.933994,0.91942,0.939738,0.907103,0.925501,0.895135,0.886225,0.957909,0.95346,0.967208,0.929748,0.944181,0.93681,0.91524,0.8937459999999999,0.922956,0.88419,0.973366,0.927941,0.93679,0.93317,0.94879,0.976943,0.951929,0.9233979999999999,0.9192089999999999,0.893597,0.975531,0.929966,0.978192,0.972273,0.944362,0.945374,0.930072,0.934513,0.928115,0.91213,0.989689,0.974747,0.955369,0.971646,0.966586,0.919551,0.941803,0.932455,0.929476,0.958203,0.936073,0.994185,0.956261,0.948417,0.966607,0.956813,0.959406,0.959749,0.938706,0.859434,0.967881,0.966538,0.972909,0.970747,0.93802,0.973324,0.930865,0.948611,0.923635,0.927524,0.981261,0.985895,0.9797,0.973636,0.97127,0.995588,0.954086,0.937759,0.94587,0.91308,1.008357,0.979042,0.988202,0.985191,0.93784,0.978904,0.936949,0.954907,0.951675,0.95441
2007-08-31,0.992307,0.992734,0.979781,1.010318,0.992725,1.011119,0.999896,0.992494,0.983036,0.940892,1.01388,1.039187,1.013215,1.030149,1.020338,1.026914,1.037376,1.021952,0.971295,0.987591,1.058503,0.992863,1.008722,1.059356,1.02411,1.019528,1.060329,1.03281,1.021298,0.951342,1.038256,0.998964,1.012608,1.015625,1.01987,1.047114,1.03291,1.010565,1.011282,0.952956,1.002667,0.996594,1.042702,1.028278,1.017603,1.008515,1.029698,1.015825,1.011303,0.977494,0.972336,1.000692,1.023614,1.020167,1.023501,0.945584,1.012196,0.963532,0.995166,0.931555,1.017479,1.008302,0.999773,0.99739,1.006117,0.989851,0.978728,0.984337,0.994503,0.878583,1.015447,1.011582,1.018549,1.015341,0.943547,1.005226,0.973347,1.026597,0.991786,1.028885,1.011306,0.999986,0.998041,1.007502,1.017001,1.015959,0.969066,0.958396,0.96828,0.968808,1.021287,1.020249,1.013872,1.050169,1.020146,1.016467,1.044658,1.031339,1.008247,0.996232
2007-09-30,1.025341,0.999552,1.035514,1.036296,1.006791,1.004543,1.005344,1.017164,1.010354,0.994609,1.013658,1.04384,1.029924,1.015265,1.003357,1.001924,1.009288,0.99708,0.978039,0.95349,1.003761,1.062886,1.0323039999999999,0.988698,1.008821,0.998542,1.016604,0.984123,1.001444,0.999645,1.038844,1.023186,1.010214,1.01074,1.008584,1.007764,1.0094,1.010663,1.006366,0.97946,1.029905,1.020296,1.022888,1.023021,1.007814,1.019825,0.990532,1.059849,1.023536,0.963356,1.054977,1.038889,1.040047,1.045602,1.020155,1.005303,1.0174,1.018251,1.035233,1.013543,1.047759,1.052365,1.025294,1.013553,1.016596,1.025213,1.036835,0.989306,1.006421,1.013203,1.039079,1.026226,1.047257,1.025298,1.010454,0.990594,1.001035,1.035368,0.972657,1.036898,1.027401,1.03672,1.046416,1.02151,1.039631,1.048049,1.039861,1.0333890000000001,1.045328,1.054607,1.0660479999999999,1.049826,1.048206,1.010598,1.028889,1.019453,1.013297,1.026254,1.033892,1.053286
2007-10-31,1.029301,1.022529,1.022172,1.011211,0.989525,1.006632,1.006888,1.00171,0.978921,0.999961,1.026917,1.0664,1.025577,1.005908,0.983087,1.007401,1.013792,1.007748,0.960921,1.00835,1.000597,1.082669,1.017679,1.049071,0.994383,1.014078,1.001621,0.996267,1.034696,0.987453,1.055062,1.000338,1.033987,1.054964,1.018248,0.990789,1.02656,1.051497,1.008973,0.950628,1.03178,1.035091,1.069623,0.990749,1.058989,1.084274,0.976188,0.948413,1.045154,0.987842,1.064445,1.05019,1.011269,1.021858,1.026404,1.000671,1.014823,1.025054,1.042608,1.03575,1.047416,1.011122,0.997134,1.064575,1.012968,1.033717,1.080357,1.008945,0.971649,0.8656,1.044182,1.030838,1.039639,1.003307,0.998963,1.019277,1.008128,0.996205,0.973763,1.007771,1.019865,1.022356,0.999021,1.025246,1.07539,1.016012,1.021625,1.010261,1.044752,0.966718,1.071274,1.019278,0.998584,1.050755,1.000378,1.009941,0.956461,1.044057,1.008021,0.974041
2007-11-30,0.8866970000000001,0.910758,0.939329,0.900941,0.928241,0.900348,0.930838,0.916058,0.927839,0.913466,0.91412,0.898265,0.941737,0.894736,0.939704,0.917915,0.942105,0.916148,0.903274,0.867013,0.948817,0.917732,0.922208,0.919835,0.947987,0.928995,0.913312,0.898887,0.908927,0.925226,0.9370890000000001,0.9312819999999999,0.909882,0.952173,0.930318,0.940176,0.974302,0.943983,0.925847,0.905328,0.97585,0.936713,0.895911,0.98229,0.957749,0.947626,0.914258,0.946212,0.9585,0.924117,0.896934,0.964948,0.92641,0.932908,0.945276,0.904848,0.92523,0.960747,1.00092,0.920327,0.904806,0.969692,0.952463,0.965243,0.921828,0.942603,0.976732,0.955239,0.936517,0.949182,0.972692,0.953369,0.969761,0.929714,0.906363,0.939043,0.940559,0.931345,0.885392,0.963526,0.960821,0.980367,0.981091,0.980365,0.989432,0.962032,0.946975,0.945075,0.918291,0.940022,0.950267,0.984267,0.986978,0.957236,0.9248810000000001,0.96289,0.924163,0.981748,0.95567,0.933132
2007-12-31,0.988524,0.999357,1.023317,1.011732,1.002922,0.981873,1.017767,0.990099,0.977764,0.976867,0.98428,0.996874,1.0048,1.006223,0.969577,0.979645,0.982168,0.980525,0.984266,1.032151,1.0058,0.985462,0.988197,0.996759,0.988756,1.006231,0.994467,0.998838,0.99466,1.002173,1.053395,0.980431,0.999294,1.011169,1.006377,0.998335,1.000497,1.010781,0.997815,0.96644,1.008495,0.987706,0.996711,0.979065,1.001752,0.972433,0.96935,0.967659,0.983423,1.003436,0.94689,1.004732,0.986166,0.984963,1.016554,0.988942,1.004962,0.990194,1.002351,0.991235,0.969702,0.987329,0.976311,1.029132,0.954215,0.957398,1.003075,1.002527,1.003614,0.962977,0.995381,1.016044,1.018291,1.010716,0.986806,0.976814,0.954184,0.985028,0.9352,0.985344,0.999866,1.00798,0.982672,0.993455,1.030151,1.001541,1.037707,0.970133,1.002899,0.968705,1.000397,0.994232,0.988409,0.995372,0.974694,1.004865,0.96387,0.987295,1.005237,1.031487
2008-01-31,0.900171,0.8918740000000001,0.9409689999999999,0.916475,0.922274,0.964333,0.951201,0.942153,0.942081,0.955825,0.87682,0.867119,0.906722,0.900067,0.944484,0.891085,0.954406,0.95525,0.956113,0.964656,0.916434,0.879461,0.95531,0.925081,0.932161,0.923315,0.932273,0.992051,0.93732,0.977276,0.888144,0.953617,0.951368,0.904794,0.932527,0.895574,0.9646170000000001,0.99784,0.949303,1.011533,0.96407,0.903285,0.913609,0.952413,0.945268,0.95986,0.97177,1.030633,0.893408,0.993999,0.940149,0.920192,0.95203,0.927645,0.9194720000000001,0.9304330000000001,0.98233,0.940922,0.933305,0.95302,0.93915,0.963431,0.9200429999999999,0.938937,0.94663,0.962147,0.935068,0.933511,0.967591,1.040889,0.948332,0.904661,0.906662,0.921883,0.948577,0.993875,0.960901,0.941085,1.040441,0.883494,0.922258,0.906092,0.961866,0.965236,0.956677,0.938935,0.927579,0.997295,0.933752,0.956694,0.899564,0.935814,0.9558180000000001,0.919517,0.973617,0.932061,0.983632,0.966018,0.979983,0.916051
2008-02-29,0.9531,0.961936,0.952145,0.962113,0.945408,0.957034,0.99001,0.978839,0.96155,0.986054,0.9332860000000001,0.9339500000000001,0.959058,0.963691,0.964603,0.949246,0.975359,0.950543,0.937414,0.931268,0.936426,0.966224,0.973703,0.983549,0.985669,1.039571,0.98326,0.929789,0.991397,0.999296,0.937538,0.979224,0.98471,0.997399,0.980467,0.925544,0.946785,0.989097,0.9554279999999999,0.901817,0.949422,0.952981,0.96369,0.993502,0.970771,0.95707,0.953382,1.013431,0.929351,0.907593,0.961183,1.008357,0.985764,1.009055,0.968856,1.027374,1.035736,0.95582,0.998,1.024848,0.968025,1.018902,0.97363,1.033525,0.97765,0.985965,0.964369,1.0026,0.939302,0.8726309999999999,0.960591,1.017429,0.985018,0.953763,1.025172,0.912857,0.952297,0.977795,0.9169430000000001,1.007265,0.9557329999999999,0.999368,0.971981,0.998781,1.014007,0.971375,0.971883,0.918369,1.097276,0.960149,0.948375,1.004723,0.979035,0.980665,0.93161,0.994468,0.893635,0.994822,0.957497,0.907617
2008-03-31,0.967875,0.961921,0.936744,1.005475,0.988623,1.011772,0.985648,0.998744,0.980809,0.984792,0.970809,0.949988,0.958036,1.014792,1.027876,1.031092,1.041521,0.996842,1.01576,1.018287,0.978623,1.004258,1.010797,1.002024,1.006427,1.00801,1.036215,1.02408,1.007886,1.058823,0.976465,1.04093,0.995815,1.030282,1.016098,1.03193,0.9891,1.032493,0.985847,1.002739,0.955748,0.957806,1.001876,1.040932,0.990325,0.99477,1.000498,0.986109,0.990686,0.954239,0.95867,0.987402,0.986724,1.025146,0.9872,0.963593,0.966445,0.996988,0.979496,1.044794,0.948886,0.974878,0.95248,0.984805,0.968484,0.955125,0.96189,0.989264,0.994902,0.975357,0.995421,1.023304,0.985393,0.972011,0.988091,0.968076,0.968287,1.006723,0.993214,0.998767,0.981549,0.983192,1.031893,0.981858,0.972722,0.978557,0.977003,0.946933,0.968565,0.946527,1.023612,0.985812,1.040773,1.008131,0.965055,0.953234,0.96706,0.96106,0.987856,1.065846
2008-04-30,1.00597,1.019081,1.040452,1.02498,0.993361,1.00908,1.006059,1.006149,1.006606,1.001459,1.056286,1.061597,1.036896,1.040137,1.013459,1.029235,1.000561,0.986401,1.007403,1.028792,1.008746,1.025822,1.016239,1.014756,1.016572,1.049105,1.039574,0.985288,0.993872,1.052508,1.064502,1.009463,1.093088,1.020202,1.035459,1.028636,1.038087,1.03068,0.99493,1.01851,1.065517,1.047538,1.093568,1.038501,1.059827,1.0748,1.082642,1.010619,1.068341,1.055183,1.06654,1.096008,1.078114,1.070005,1.107001,1.081962,1.1099,1.13323,1.050904,1.118456,1.021205,1.066982,1.046189,1.095123,1.031201,1.079827,1.086155,1.08337,1.010446,1.045451,1.053335,1.07334,1.063623,1.057037,1.103354,1.013608,1.066696,1.035731,1.003244,1.059922,1.032195,1.087439,1.092559,1.030591,1.066172,1.103913,1.081603,1.013574,1.079545,1.006116,1.044905,1.041019,0.988333,1.035544,1.071103,1.069017,1.018301,1.042552,1.081291,1.032312
2008-05-31,1.038943,1.049709,1.04435,1.043269,1.028997,1.018978,1.045956,1.030757,1.007085,1.030066,1.050706,1.079097,1.069884,1.034935,1.007272,1.041654,1.033595,1.018142,1.028258,1.016075,1.047834,1.044353,1.0667119999999999,1.040696,1.077501,1.057304,1.072646,1.020347,1.053316,1.001793,1.094298,1.073898,1.033575,1.011512,1.099018,1.080328,1.063406,1.037132,1.039952,1.021763,1.044863,1.049773,1.058181,1.047773,1.061603,1.051629,1.0642800000000001,1.047535,1.048955,1.02952,1.030738,1.03238,1.038669,1.022054,1.079635,1.081344,1.065239,1.009045,1.036776,1.041887,1.055203,1.04453,1.09208,1.055178,1.033898,1.047585,1.049757,1.057655,1.042361,1.029704,1.053083,1.033541,1.048387,1.02401,1.064113,1.061198,1.027611,1.055575,1.030936,1.03544,1.020181,1.03812,1.043959,1.016373,1.038014,1.061017,1.04364,1.059002,1.057168,1.003618,1.029914,1.02805,0.986287,1.012992,0.974898,1.030824,0.908841,0.994655,1.006577,1.035448
2008-06-30,0.945368,0.931281,0.950204,0.928088,0.8918699999999999,0.900681,0.956789,0.932277,0.891832,0.934064,0.940239,0.928748,0.92569,0.867381,0.894075,0.882207,0.91233,0.89975,0.904419,0.849846,0.928667,0.921598,0.917242,0.914072,0.922733,0.9162250000000001,0.888598,0.882678,0.909992,0.9032910000000001,0.926984,0.916004,0.937255,0.936546,0.962248,0.95531,0.956168,0.943442,0.913429,0.814613,0.936206,0.884327,0.927237,0.948283,0.969784,0.9319459999999999,0.8694230000000001,0.935929,0.961478,0.885035,0.930522,0.940914,0.915736,0.9227380000000001,0.920858,0.920903,0.95977,0.855136,0.908793,1.024164,0.929391,0.952415,0.8879360000000001,0.959825,0.993463,0.911577,0.959671,0.959669,0.86936,0.78929,0.92619,0.953947,0.906513,0.851738,0.936592,0.9128769999999999,0.893193,0.926481,0.875833,0.83396,0.8905190000000001,0.95607,0.940291,0.930285,1.002596,0.948905,0.942131,0.869977,1.088235,0.881351,0.925381,0.958947,0.89955,0.9094679999999999,0.894174,0.904251,0.757079,0.897101,0.904103,0.866374
2009-07-31,1.059528,1.097599,1.083477,1.073553,1.11642,1.100785,1.087344,1.0805150000000001,1.105297,1.144663,1.07794,1.09999,1.052716,1.078216,1.071959,1.107759,1.120473,1.092776,1.146402,1.149881,1.044453,1.079833,1.073955,1.068903,1.098291,1.114984,1.109397,1.109321,1.155771,1.21844,1.020575,1.103443,1.059547,1.096823,1.091425,1.146608,1.118687,1.139794,1.094311,1.057635,1.046899,1.080114,1.076954,1.095246,1.059683,1.161484,1.111785,1.122539,1.12999,1.25115,1.0915569999999999,1.061319,1.110193,1.096258,1.098232,1.109485,1.126936,1.124375,1.103255,1.137592,1.070135,1.048884,1.052996,1.09417,1.149696,1.068789,1.105877,1.099769,1.085457,1.165945,1.074328,1.105016,1.065916,1.091553,1.109285,1.074498,1.076548,1.139647,1.120713,1.111926,1.064874,1.086314,1.075621,1.113571,1.073241,1.101736,1.069452,1.106924,1.19114,0.996029,1.052938,1.064202,1.095919,1.084557,1.086666,1.042597,1.075158,1.090778,1.071316,1.085074
2009-08-31,1.045928,1.033408,1.000837,1.007372,1.039894,1.072988,1.038652,1.041833,1.06468,1.14233,1.024531,1.020395,1.014835,1.02638,1.027536,1.011073,1.049551,1.028058,1.070096,1.139252,0.981512,0.989633,1.026988,0.980833,0.991143,1.041107,1.01265,1.036865,1.040413,1.105511,0.983627,1.054033,1.010117,1.039747,1.021017,1.019087,1.032845,1.040815,1.093395,1.128761,0.994253,1.013368,1.00095,1.006071,1.039373,1.094374,1.044232,1.023833,1.171607,1.09217,1.019218,1.005604,1.028516,0.998736,1.031112,1.030641,1.045649,1.041959,1.102714,1.098696,1.011583,0.988032,1.044501,1.058485,1.033894,1.041823,1.0838160000000001,1.057576,1.038114,1.098961,1.048663,1.009315,1.029368,1.045115,1.013275,1.031779,1.013557,1.062517,1.110724,1.295205,1.015058,1.026685,1.045958,1.044444,1.017109,1.013278,1.08188,1.070895,1.13375,0.982257,1.005605,1.015996,1.033985,1.037862,1.023888,1.058414,1.068196,1.07447,1.015634,1.21462
2009-09-30,1.059484,1.079561,1.107573,1.034611,1.057107,0.99304,1.084827,1.0568,1.025415,1.10336,1.040387,1.034963,1.060759,1.059217,1.069614,1.051122,1.077269,1.05975,1.08182,1.1380379999999999,1.07356,1.100969,1.062183,1.1044,1.077575,1.065923,1.084824,1.065258,1.117136,1.075337,1.083991,1.057621,1.053861,1.074967,1.039393,1.050271,1.074362,1.04693,1.051248,1.046813,1.081989,1.048789,1.014852,1.035966,1.026666,1.065638,1.061485,1.069062,1.120513,1.058496,1.0493,1.077143,1.047075,1.047263,1.075194,1.098924,1.083557,1.090403,1.111385,1.019662,1.0765419999999999,1.055882,1.037568,1.054112,1.10262,1.060729,1.057149,1.040693,1.06243,1.127971,1.067451,1.065128,1.049831,1.084298,1.035583,1.043468,1.092951,1.030624,1.091414,1.0908039999999999,1.044488,1.04452,1.048694,1.045937,1.073006,1.036238,1.049246,1.084938,1.041871,1.005475,1.038472,1.026811,1.00628,1.053615,1.01533,1.015856,1.066986,1.032196,1.098863,0.970104
2009-10-31,0.8833,0.914679,0.880505,0.918289,0.926522,0.939602,0.936802,0.9268460000000001,0.940267,0.909821,0.877396,0.907859,0.922607,0.943366,0.921625,0.952568,0.896237,0.93236,0.919141,0.872023,0.935834,0.9336720000000001,0.947763,0.953503,0.923322,0.9127069999999999,0.913687,0.890644,0.888717,0.8317829999999999,0.885396,0.952434,0.93835,0.933277,0.962537,0.959524,0.928453,0.915318,0.916179,0.94681,0.92803,0.9560109999999999,0.949142,0.961746,0.95681,0.912706,0.942469,0.914254,0.925126,0.871233,0.927173,0.968845,0.971241,0.980253,0.944634,0.944454,0.945071,0.942725,0.882521,0.932446,0.965335,0.979618,0.968872,0.9442429999999999,0.97193,0.965709,0.907169,0.940709,0.965062,0.915943,0.951254,0.949419,0.986405,0.981789,0.956802,0.9369419999999999,0.951616,0.965522,0.954468,0.904888,0.979277,0.976747,0.949566,0.978145,0.989404,0.971944,0.984146,0.917874,0.9184,0.974136,1.008609,1.003865,0.998996,0.973554,0.995198,0.95946,0.965948,0.965047,0.9599,0.851892
2009-11-30,0.987388,0.997588,0.993423,1.012108,1.029404,1.046738,0.990559,1.007557,1.034088,1.009297,1.030549,0.994887,0.983951,0.995397,1.011454,1.025152,1.02134,1.027738,1.018131,1.003399,1.014185,1.041229,1.002506,1.008956,1.018379,1.027008,1.053729,1.03266,1.045999,1.056029,1.0308,1.005779,1.030621,1.009073,1.02611,1.014371,1.007668,1.052178,1.027035,1.125884,1.069982,1.00216,1.024637,1.021436,1.029742,0.986782,1.051712,1.029365,1.024479,1.134991,1.030834,1.031864,1.048834,1.035426,1.043244,1.019485,1.063307,1.088771,1.075192,1.034531,1.046606,1.037447,1.050279,1.03551,1.045912,1.06552,1.066198,1.005124,1.101353,1.069016,1.058641,1.037961,1.032987,1.07038,1.015277,1.038517,1.026262,1.034155,1.044187,0.999234,1.056133,1.043312,1.052178,1.041468,1.018444,1.054863,1.049045,1.055098,1.046413,1.043297,1.068818,1.079365,1.063769,1.05677,1.042224,1.029003,1.076462,1.035714,0.993721,1.083885
2009-12-31,1.035802,1.063745,1.082101,1.045352,1.042928,1.037241,1.047416,1.074217,1.0716809999999999,1.094953,1.056787,1.078476,1.104767,1.099205,1.102693,1.089122,1.084776,1.099129,1.081017,1.16537,1.084293,1.083563,1.083849,1.082139,1.063206,1.101455,1.067858,1.082623,1.111884,1.172116,1.096566,1.110689,1.099954,1.117874,1.091864,1.083883,1.049288,1.08064,1.0826,0.995146,1.077902,1.08429,1.060447,1.06155,1.074281,1.079214,1.089753,1.043887,1.034951,1.096676,1.055555,1.069432,1.088376,1.064278,1.080876,1.045929,1.103617,1.070306,1.107618,1.069193,1.033409,1.055351,1.05768,1.04755,1.059637,1.055201,1.036066,1.07117,1.042675,1.09354,1.066394,1.071856,1.062557,1.013231,1.087397,1.11185,1.068465,1.04228,1.06368,1.066464,1.029096,1.034424,1.046008,1.059349,1.035197,1.046641,1.050092,1.07228,1.001237,1.143902,1.017955,0.994495,1.031982,1.004965,1.015011,1.077856,0.998178,1.014703,0.975884,0.932391
2010-01-31,0.986541,0.945364,0.962156,0.963654,0.968577,0.970976,0.9684,0.99338,1.003633,1.003785,0.986615,0.918155,0.936839,0.945607,0.955286,0.944424,0.96436,0.942775,0.955257,0.990653,0.978586,0.927938,0.993577,0.99372,0.983072,0.988135,0.960099,0.976638,0.994329,0.9207069999999999,0.989678,0.984448,0.95864,0.96959,0.984917,0.992376,0.947829,0.978751,0.968067,0.94815,0.94329,0.970648,0.966853,0.970201,0.941346,0.973918,0.980701,0.984799,0.953217,0.956786,0.984227,0.959247,0.951032,0.976164,0.943423,0.958497,0.964519,0.94179,0.99324,1.007713,0.971307,0.964746,0.949823,0.957211,0.953523,0.969014,0.997845,0.948932,0.984542,1.031334,0.958765,0.967908,0.9637789999999999,0.968042,0.930195,0.9425,1.034605,0.96037,0.96914,0.981003,0.986033,0.956306,0.943445,0.960263,0.996055,0.966487,0.965084,0.9133249999999999,1.043526,1.074815,0.954623,0.95737,0.959657,0.973419,1.021356,0.974092,0.995192,0.932689,0.889,0.999612
2010-02-28,1.063585,1.009524,1.001568,1.028884,1.032654,1.049228,1.018577,1.038998,1.049678,1.065507,1.054069,1.031464,1.038598,1.074203,1.033105,1.05934,1.067289,1.073205,1.046562,1.130496,1.033452,1.006991,1.03795,1.031643,1.035319,0.99927,1.055374,1.053494,1.050522,1.091006,1.005666,1.043296,1.0252539999999999,1.028855,1.045649,1.031007,1.051385,1.083987,1.046657,1.023388,1.055326,1.052516,1.034011,1.034454,1.035675,1.029688,1.072725,1.066728,1.0955219999999999,1.160529,1.045758,1.030546,1.062571,1.037189,1.06067,1.047586,1.067615,1.038673,1.024365,1.082666,1.026566,1.038111,1.029734,1.077953,1.061744,1.036635,1.046094,1.061271,1.037033,1.127172,1.059469,1.061475,1.09094,1.074331,1.035515,1.035935,1.032704,1.012937,1.062247,1.095745,1.018669,1.049402,1.054083,1.035376,1.044731,1.055472,1.016341,1.042481,1.014265,1.025622,1.024085,1.025462,1.029645,1.005117,1.040699,1.02885,1.038814,1.053417,1.053208,1.083319
2010-03-31,1.073663,0.999218,1.051655,1.070836,1.084316,1.083366,1.077502,1.068974,1.083596,1.092942,1.113853,1.049657,1.061303,1.071965,1.081387,1.067405,1.0738240000000001,1.074825,1.117197,1.108448,1.055775,1.073391,1.05968,1.071858,1.080542,1.086331,1.106214,1.066812,1.096259,1.171906,1.028803,1.126626,1.062813,1.097795,1.06194,1.078827,1.076107,1.077768,1.075574,1.158901,1.109789,1.078192,1.020569,1.070528,1.072315,1.124717,1.075349,1.0687929999999999,1.104543,1.044755,1.111509,1.078609,1.063467,1.083444,1.090204,1.113606,1.064903,1.067312,1.100919,1.04937,1.086459,1.063734,1.06659,1.058998,1.057324,1.072047,1.073585,1.057029,1.111693,1.123028,1.083155,1.08231,1.050007,1.103088,1.089531,1.091157,1.013527,1.044379,1.096004,1.154924,1.04877,1.053143,1.060198,1.053929,1.036314,1.058668,1.077177,1.0854,1.07422,1.133375,1.042967,1.056626,1.041795,1.075318,1.031104,1.104442,1.0669089999999999,1.053893,1.074394,1.090011
2010-04-30,1.083977,1.104641,1.075736,1.106049,1.057233,1.048995,1.092227,1.099392,1.114204,1.148538,1.052888,1.054735,1.047426,1.075119,1.035355,1.093547,1.082748,1.102651,1.083855,1.102781,1.021256,1.032586,1.058678,1.05344,1.055516,1.06082,1.047598,1.084856,1.063695,1.11817,1.020311,1.006467,1.026663,1.074589,1.024523,1.045073,1.050973,1.086711,1.046426,1.096343,1.027041,1.03696,1.063181,1.0622,1.055977,1.089216,1.077486,1.107967,1.061797,1.078683,1.02052,1.029504,1.042252,1.048712,1.008861,1.010092,1.060511,1.075252,1.008884,1.038525,1.058436,1.028762,1.046772,1.043521,1.040573,1.03221,1.093725,1.060498,1.075026,1.081911,1.025344,1.03989,1.02234,1.040369,1.037009,1.026345,1.063868,1.054893,1.064599,1.01416,1.036582,1.030069,1.014936,1.009994,1.009818,1.027472,1.0395780000000001,0.98101,1.06106,1.115466,0.999154,1.000964,1.004086,1.047435,1.002148,1.022847,0.976329,0.99789,0.908538,1.016361
2010-05-31,0.899173,0.944453,0.936424,0.916209,0.941682,0.922393,0.912179,0.929872,0.928454,0.895881,0.936889,0.929422,0.962949,0.950465,0.9298690000000001,0.923662,0.905456,0.900716,0.878155,0.876387,0.928225,0.961041,0.9257610000000001,0.9218230000000001,0.927292,0.923216,0.922777,0.917267,0.899574,0.871669,0.976285,0.940703,0.935055,0.953946,0.942015,0.923872,0.916852,0.877858,0.906216,0.932599,0.920848,0.953261,0.926318,0.948287,0.955332,0.910703,0.8971979999999999,0.882651,0.872086,0.896225,0.932042,0.938694,0.949047,0.937081,0.934229,0.914853,0.91489,0.907406,0.927185,0.93543,0.929795,0.981892,0.9133560000000001,0.908758,0.895974,0.915639,0.927797,0.946099,0.8999349999999999,0.893455,0.9292549999999999,0.962277,0.918365,0.939693,0.916202,0.928327,0.901992,0.933621,0.930191,0.9189849999999999,0.942252,0.939444,0.922446,0.942644,0.920516,0.911604,0.911483,0.884806,0.919314,0.730054,0.916049,0.9310849999999999,0.917037,0.912497,0.913847,0.898172,0.922282,0.92487,0.960493,0.9077500000000001
2010-06-30,0.8892450000000001,0.932929,0.935292,0.893845,0.925534,0.91488,0.936705,0.939441,0.917965,0.871703,0.938406,0.949352,0.953728,0.93306,0.96143,0.914614,0.908878,0.93455,0.900411,0.843762,0.936084,0.959263,0.933461,0.969453,0.961009,0.909919,0.886073,0.9195949999999999,0.896062,0.812169,0.937795,0.946359,0.961531,0.930217,0.922317,0.935637,0.891633,0.9081980000000001,0.90452,0.836918,0.957885,0.939207,0.928934,0.935624,0.93821,0.909644,0.912204,0.92148,0.86447,0.87888,0.919838,0.962181,0.956503,0.930678,0.930812,0.918513,0.9611,0.908201,0.9090320000000001,0.854451,0.953407,0.98796,0.942894,0.951985,0.919126,0.926936,0.909625,0.905898,0.910806,0.859463,0.951692,0.948348,0.953666,0.909422,0.934244,0.930401,0.925036,0.94665,0.920446,0.878418,0.963656,0.938551,0.955528,0.955209,0.949993,0.949964,0.967724,0.917225,0.940516,0.732163,0.962655,0.9611689999999999,0.931634,0.929121,1.008655,0.928146,0.90943,0.929872,0.891908,0.910635
2010-07-31,1.068302,1.078379,1.026479,1.056593,1.070439,1.04035,1.052772,1.045757,1.061751,1.042158,1.04878,1.059791,1.063025,1.040242,1.067366,1.091103,1.069305,1.084852,1.06406,1.077037,1.07661,1.08391,1.049185,1.090383,1.067829,1.033421,1.042746,1.080605,1.085013,1.068967,1.053649,1.062334,1.088827,1.077593,1.086726,1.057466,1.074031,1.085529,1.047844,1.072415,1.060067,1.068593,1.0854,1.060608,1.024051,1.09406,1.08916,1.088721,1.065873,1.106518,1.060205,1.068651,1.059678,1.088811,1.051768,1.04296,1.085224,1.067485,1.038344,1.105556,1.075958,1.080204,1.022204,1.048714,1.072813,1.071638,1.087915,1.091157,1.077578,1.056461,1.065182,1.065255,1.079411,1.078716,1.091907,1.080799,1.091728,1.053022,1.063186,1.058412,1.0693489999999999,1.06456,1.081645,1.077192,1.035888,1.08915,1.096496,1.076395,1.0987,1.06821,1.072194,1.075714,1.046355,1.059829,1.054368,1.098247,1.094253,1.04037,1.067354,1.027507
2010-08-31,0.917659,0.950703,0.89921,0.909037,0.9043950000000001,0.922974,0.922812,0.8984,0.918876,0.92323,0.890814,0.904638,0.897611,0.936936,0.9254830000000001,0.907454,0.911727,0.897253,0.890811,0.869764,0.967888,0.927872,0.891997,0.906872,0.937895,0.901577,0.89426,0.913937,0.918105,0.90543,0.951815,0.909362,0.970554,0.907883,0.922489,0.94462,0.931441,0.948644,0.959691,0.900713,0.948679,0.91334,0.930175,0.967686,0.912158,0.913189,0.922022,0.89423,0.935081,0.9129700000000001,0.969998,0.966442,0.926647,0.930892,0.948186,0.9186,0.939474,0.95499,0.950529,0.914425,0.883112,0.965497,0.959713,0.936052,0.952538,0.945595,0.965719,0.978934,0.946343,0.9187730000000001,0.982884,0.952039,0.968538,0.951762,0.945906,0.936759,0.959816,0.952534,0.965324,0.879335,0.968683,0.964481,0.952226,0.953312,0.969032,0.952,0.954988,0.979003,0.915018,0.895731,0.966775,0.953473,0.949385,0.98046,0.960552,1.01208,0.8922749999999999,0.958952,0.941967,0.895348
2010-09-30,1.152662,1.10226,1.088291,1.127268,1.142491,1.111542,1.10581,1.119677,1.09938,1.078284,1.145904,1.063972,1.123899,1.101439,1.118288,1.133278,1.1288070000000001,1.126644,1.107593,1.138921,1.133086,1.113269,1.136379,1.146267,1.1270419999999999,1.11955,1.132367,1.118261,1.116811,1.123665,1.195084,1.13835,1.141024,1.168095,1.1385480000000001,1.114863,1.108199,1.086643,1.132751,1.088531,1.171504,1.123303,1.169726,1.113921,1.114168,1.157113,1.129056,1.091118,1.116696,1.126319,1.146855,1.097941,1.156706,1.145947,1.120879,1.117347,1.121881,1.099814,1.104543,1.093401,1.12702,1.09877,1.118584,1.116509,1.0995219999999999,1.100063,1.087994,1.081953,1.103734,1.127318,1.127855,1.131832,1.11317,1.099144,1.102106,1.115946,1.10025,1.026637,1.101595,1.102062,1.107947,1.113509,1.125018,1.086725,1.076753,1.09771,1.108079,1.069659,1.109298,1.117589,1.102119,1.100015,1.07153,1.088236,1.075674,1.079003,1.101977,1.059055,1.055184,1.052596
2010-10-31,1.041756,1.063949,1.041616,1.03803,1.047089,1.069505,1.049729,1.043844,1.041597,1.042338,1.082944,1.090768,1.06622,1.079137,1.065182,1.04752,1.05428,1.054332,1.030506,1.011825,1.056149,1.032336,1.075258,1.026401,1.03915,1.055344,1.0341,1.031043,1.0471,1.019655,1.017233,1.060606,1.021563,1.047366,1.02702,1.046345,1.027662,1.028144,1.01222,1.02882,1.02464,1.071293,1.02228,1.046145,1.071558,1.029801,0.982736,1.046583,1.072088,1.031683,1.029181,1.055262,1.03889,1.014212,1.065473,1.055536,1.063036,1.021429,1.02916,1.052935,0.98453,1.019131,1.052246,1.031944,1.028222,1.00447,1.026529,1.011832,1.018541,0.977421,1.023218,1.040203,1.054942,1.052111,1.055437,1.038046,1.052931,1.01727,1.016924,0.966064,1.04163,1.034541,1.030257,1.044685,1.047527,1.008224,1.071353,1.034185,1.047038,0.991612,1.058433,1.044286,1.039261,1.042321,1.043511,1.040068,1.026953,1.007726,1.034748,0.961588
2010-11-30,1.005975,1.005286,1.027792,1.009098,1.056531,1.034232,1.039697,1.022537,1.025453,1.022078,1.019239,1.005867,1.05924,1.046584,1.040687,1.069515,1.043206,1.073099,1.032535,1.042743,1.032975,1.040034,1.053126,1.043058,1.027257,0.992261,1.054246,0.997588,1.0582,1.06183,1.037252,1.020885,1.074818,1.02146,1.055863,1.053431,1.05244,1.032382,1.015048,1.017187,1.006485,1.017552,1.087498,1.035861,1.035668,1.029269,1.065165,1.042956,1.041678,1.015784,1.049857,1.052871,1.059596,1.06274,0.995586,1.001706,1.037272,1.030031,0.984904,1.047108,1.055357,0.997828,1.045,1.020225,1.01089,1.023178,1.0489,1.00088,1.005705,0.993235,1.05075,1.046558,1.036065,1.028838,1.017786,1.055351,1.012851,0.996835,1.015391,0.960808,1.023475,1.025165,1.056414,1.003188,0.995862,1.016809,1.018753,0.998034,0.966541,0.94547,0.990051,0.980697,1.017153,1.014526,0.989371,0.981192,1.008065,1.004752,0.957713,0.983645
2010-12-31,1.113435,1.104641,1.042117,1.082474,1.07108,1.101368,1.072357,1.083823,1.086721,1.092002,1.102262,1.093427,1.058541,1.101477,1.067647,1.067266,1.099636,1.074918,1.101733,1.096217,1.067938,1.088685,1.079242,1.069745,1.089032,1.118588,1.092154,1.086243,1.091033,1.087582,1.066818,1.064758,1.038438,1.086126,1.071485,1.064227,1.077994,1.07492,1.074011,1.18143,1.039014,1.068603,1.074316,1.088437,1.071313,1.099228,1.080628,1.068027,1.066661,1.144681,1.095924,1.045118,1.099124,1.072931,1.07429,1.091195,1.062362,1.08698,1.01973,1.089983,1.089211,1.085053,1.082266,1.068091,1.057117,1.104071,1.093622,1.082419,1.074046,1.081751,1.035597,1.053383,1.041912,1.0896,1.064001,1.079202,1.053545,1.063728,1.074777,1.199625,1.037259,1.072122,1.042042,1.060327,1.071752,1.067283,1.071388,1.079029,1.062662,1.1832880000000001,1.050319,1.041276,1.050631,1.079131,1.056007,1.070943,1.124634,1.068058,1.097567,1.168522
2011-01-31,0.994683,0.981831,1.011576,1.002683,0.979734,0.999243,1.008641,1.022385,0.994986,1.016434,0.961739,0.953702,0.905631,1.002131,0.985059,0.985224,0.980533,0.976214,0.959395,0.977839,1.017822,0.99483,0.996212,0.97065,1.030346,1.013397,0.982587,0.993875,1.0042,1.023286,1.023863,0.978078,1.006815,0.992602,0.993923,1.04982,0.997007,1.030732,1.027619,1.015438,1.00081,1.023502,0.997215,1.000984,0.977796,1.021142,1.013036,1.008328,1.023135,0.986792,1.024678,1.018945,1.029245,1.030468,1.005076,1.005312,1.057838,1.028354,0.992811,1.021547,0.999979,1.043859,1.056444,1.025083,1.007677,1.008011,1.027362,1.02077,1.023599,0.988003,1.00873,1.027364,1.025421,1.038269,1.035131,1.019074,1.034503,1.027791,0.997909,0.986676,1.018866,0.996679,1.006132,1.025485,1.044458,1.019875,1.024522,1.001999,1.018719,1.036817,1.006519,1.024418,1.043915,1.0255049999999999,1.001368,1.021245,1.049978,1.03079,1.03947,1.031265
2011-02-28,1.034913,1.022818,1.022993,1.044186,1.034272,1.042922,1.052789,1.04381,1.043339,1.051978,1.010786,1.021054,1.083602,1.052578,1.053538,1.048188,1.028106,1.056204,1.0538,1.117648,1.053811,1.058961,1.08253,1.080929,1.052343,1.057012,1.070405,1.064527,1.086894,1.066029,1.053583,1.016447,1.116018,1.050773,1.055647,1.043907,1.064794,1.024234,1.034312,1.026203,1.064564,1.04304,1.062705,1.071185,1.026385,1.054348,1.04798,1.056729,1.057399,1.070319,1.060638,1.055706,1.045701,1.076171,1.08487,1.00932,1.059108,1.053046,1.01344,1.06113,1.014374,1.046208,1.047033,1.033647,1.026501,1.023756,1.039982,1.048245,1.047804,1.051618,1.056879,1.026357,1.038055,1.045123,1.066636,1.035635,1.048363,1.0424,1.03998,0.982606,1.031752,1.03995,1.033137,1.046133,1.027284,1.044781,1.066927,1.039906,1.056874,1.032408,1.024303,1.014031,1.022636,1.055251,1.035315,1.061366,1.013186,1.064108,1.083246,1.007743
2011-03-31,1.06482,1.006548,1.004493,1.027623,1.010861,0.995456,1.004056,1.004131,1.018261,0.99094,1.002373,1.04486,1.035214,1.0739,1.02574,1.026244,1.021585,1.032632,1.021536,1.046839,1.058186,1.027124,1.044878,1.025826,1.034276,1.005592,1.037064,1.003073,1.062844,1.012651,1.052267,0.991203,1.02464,1.040749,1.057752,1.009492,1.021311,1.007295,1.019159,1.008786,1.03592,1.01761,1.052093,1.011236,1.041398,1.035644,1.03147,0.989498,1.016956,0.996948,1.071607,1.023662,1.013404,1.037106,1.010576,1.031928,1.028572,1.01219,1.020158,1.022757,0.996368,1.023991,1.034926,1.013027,1.013978,1.01746,1.037784,1.020802,1.011903,0.997122,1.033035,1.010529,1.028049,1.045207,1.036728,1.013981,1.00957,1.026779,0.990374,0.996802,1.015117,1.016073,1.021229,1.015848,1.015456,0.99368,1.01047,1.012956,0.985529,0.98384,1.010998,0.990058,0.972877,1.016335,1.007372,1.033258,0.978946,0.980766,0.981387,0.946739
2011-04-30,1.010441,1.001338,1.00978,1.002003,0.997022,1.015942,0.987819,0.994243,1.009012,1.005897,1.024413,1.055696,1.015676,0.995843,1.022444,0.998707,1.007057,1.035914,1.013173,0.980353,1.04052,1.018019,1.004052,1.0153,1.01709,1.006951,1.013262,1.019664,0.992344,0.992288,1.034759,1.064325,1.055259,1.016387,1.041626,0.99979,1.029982,1.032955,0.999828,1.005408,1.022984,1.06625,1.020274,1.029945,1.037663,1.031786,1.043213,1.016741,1.023868,1.012763,1.052435,1.019164,1.049883,1.039229,1.012501,1.064186,1.037015,1.01334,1.017218,1.028578,1.065476,1.040679,1.017223,1.017809,1.030823,1.030747,1.019027,1.039471,0.999478,1.037224,1.039689,1.025291,1.019077,1.013073,1.008315,1.01649,1.052739,1.026212,1.036076,0.999599,1.047314,1.045327,1.012641,1.045081,1.024781,1.020082,1.034931,1.023063,1.038732,1.009765,1.032967,1.037153,1.049252,1.04049,1.034747,1.035234,0.987564,1.005135,1.042818,0.984789
2011-05-31,0.989903,0.982919,0.999689,1.0087139999999999,0.956435,0.956226,0.963736,0.967176,0.961915,0.973183,0.998387,0.991442,0.975886,0.987176,1.024599,0.962935,0.949854,0.947937,0.983879,0.968059,0.954124,0.976158,0.943939,1.004176,0.990171,0.969424,0.939507,0.949997,0.947273,0.958801,0.993954,0.989953,1.008227,0.984592,1.010853,0.996409,0.963122,1.010869,1.015354,0.957662,0.990347,0.975006,0.986822,0.988129,0.990318,0.963459,0.963047,0.928638,0.968056,0.969385,0.998164,0.975664,0.985483,0.993858,0.982896,0.984726,0.958686,0.993156,1.027264,0.969868,0.967394,0.982685,0.995522,0.967517,0.982711,0.990182,0.975342,0.993549,1.004195,0.97616,1.007584,1.00251,1.002283,0.995221,0.993906,0.972657,0.972398,0.992108,1.011329,0.959376,1.015843,0.976457,0.982414,0.999829,0.988243,0.994993,0.987273,1.000128,0.963459,1.000957,1.001757,0.995021,0.979841,0.973253,0.987545,0.99487,0.979812,0.960214,0.979986,0.93169
2011-06-30,0.94273,0.960507,0.965531,1.009436,0.977006,0.992809,0.984243,0.983728,0.994336,0.979292,0.92864,0.976809,0.951842,0.946676,0.965835,0.968657,0.983889,0.987479,0.961275,0.958179,0.97049,0.985668,0.969111,0.963569,0.981882,0.9782,0.995257,0.999587,1.001078,0.961216,1.018777,0.999234,1.002314,0.979838,0.988449,0.984547,0.994792,0.998573,0.999338,0.977717,0.984729,0.968053,0.985333,0.968152,0.970952,0.971094,0.994721,0.985882,0.964835,0.953106,0.993118,0.990031,0.966113,1.003395,0.983606,0.99331,0.983667,1.001193,0.955904,0.982446,0.961443,0.97938,1.001304,0.968507,0.985271,0.954133,0.982746,0.992967,0.9768,0.985957,0.999964,0.979002,0.979963,0.972561,0.973186,0.981916,0.98678,0.995877,0.961182,0.987905,0.985662,0.978661,0.999959,1.003147,0.979234,0.97835,0.994739,0.994716,0.990324,0.948743,0.994333,0.981524,0.975689,0.986914,0.981457,0.986545,0.974905,0.987211,0.984439,0.970883
2011-07-31,0.957347,0.93198,0.977909,0.999009,0.9789,0.970092,0.973912,0.981532,0.991399,0.979878,0.945112,0.962735,0.976295,0.943792,0.969817,0.961695,0.978662,0.998792,0.995197,0.980132,0.965564,0.933947,0.951967,0.971761,0.971406,0.953085,0.949605,0.999695,0.949227,0.935042,0.982857,0.973271,0.953927,0.976935,0.9425,0.941362,0.974153,0.947189,0.948622,0.961302,0.948586,0.941829,0.946553,0.959733,0.931947,0.973013,0.952944,0.964027,0.959399,0.962287,0.939646,0.960929,1.00632,0.950446,0.996731,0.96018,0.930025,0.946476,0.980368,0.956091,0.961732,0.961188,0.980118,0.950949,0.971108,0.943488,0.980902,0.958182,0.93348,0.993201,0.962475,0.956094,0.953986,0.967858,0.991291,0.956539,1.017129,0.960185,0.966762,0.96624,0.96057,0.972167,0.944832,0.966021,0.990057,0.965236,0.961678,0.962838,0.962049,0.911279,1.034811,0.970304,0.996972,0.97262,0.965716,0.994849,0.942692,0.976498,0.970764,0.914697
2011-08-31,0.880752,0.920005,0.89218,0.881435,0.903036,0.90464,0.877766,0.886965,0.912605,0.897772,0.864439,0.8798440000000001,0.890676,0.862225,0.907945,0.918249,0.9093720000000001,0.898426,0.922264,0.887545,0.8867430000000001,0.893166,0.921405,0.913805,0.8701369999999999,0.929882,0.89739,0.88171,0.949166,0.854108,0.915429,0.932015,0.940115,0.890744,0.861032,0.923247,0.963111,0.907929,0.890815,0.8372459999999999,0.934831,0.8940520000000001,0.903314,0.91603,0.923307,0.931383,0.928476,0.927624,0.937645,0.908667,0.916038,0.921733,0.926038,0.924851,0.915837,0.911574,0.895598,0.872816,0.877897,0.933252,0.927035,0.924868,0.904783,0.924517,0.913247,0.907811,0.921226,0.939408,0.94438,0.939499,0.925022,0.92601,0.919335,0.917237,0.941868,0.905756,0.952348,0.907739,0.938622,0.9220619999999999,0.953243,0.92546,0.944846,0.9599,0.9080280000000001,0.975825,0.971321,0.986238,0.902097,0.883885,0.971942,0.958021,0.989626,0.918593,0.965351,0.904869,0.978693,0.955173,0.9012789999999999,0.833974
2011-09-30,0.85816,0.890421,0.873517,0.916269,0.890313,0.925,0.89796,0.889575,0.902584,0.905505,0.898636,0.902225,0.877375,0.844088,0.861498,0.902623,0.893833,0.896548,0.905239,0.872375,0.88544,0.900975,0.892769,0.882877,0.874645,0.861366,0.8839589999999999,0.940882,0.909912,0.856571,0.914534,0.885129,0.894321,0.870358,0.863941,0.889862,0.902525,0.9114,0.882647,0.890926,0.889499,0.856894,0.895168,0.894852,0.892503,0.8631,0.894769,0.924924,0.878115,0.87008,0.931394,0.896782,0.871893,0.874672,0.853714,0.8684810000000001,0.860059,0.884529,0.940759,0.896524,0.93725,0.860366,0.859201,0.922737,0.879211,0.869711,0.929907,0.930617,0.895125,0.875867,0.928423,0.906836,0.898089,0.869997,0.900396,0.888159,0.910292,0.923474,0.917496,0.908046,0.9157029999999999,0.8917930000000001,0.909289,0.892652,0.943127,0.9279040000000001,0.938411,0.958174,0.91613,0.853909,0.954736,0.926565,0.967001,0.950055,0.961162,0.906215,0.948438,0.940735,0.871871,0.807385
2011-10-31,1.115425,1.096849,1.121578,1.129962,1.085064,1.105752,1.111784,1.124748,1.100747,1.073825,1.10456,1.169128,1.187468,1.161946,1.177472,1.160824,1.196645,1.151662,1.137708,1.110051,1.143628,1.210487,1.13922,1.131026,1.196205,1.158757,1.182449,1.117155,1.1312039999999999,1.178159,1.181471,1.172626,1.144963,1.156227,1.151981,1.14397,1.121787,1.188179,1.103463,1.172651,1.119404,1.204217,1.157732,1.14652,1.1486290000000001,1.177673,1.180109,1.112794,1.144869,1.126134,1.147209,1.1357140000000001,1.183427,1.159105,1.159665,1.182199,1.156959,1.196492,1.102962,1.077303,1.126925,1.153505,1.1981220000000001,1.129191,1.154222,1.153177,1.095411,1.137284,1.129001,1.142976,1.116309,1.163651,1.1489989999999999,1.143452,1.1520489999999999,1.112607,1.101295,1.117073,1.123785,1.101088,1.070637,1.168374,1.1255169999999999,1.164415,1.146164,1.086182,1.088599,1.069028,1.107871,1.13941,1.089075,1.089268,1.070312,1.128566,1.08808,1.151052,1.075235,1.10394,1.1467939999999999,1.188326
2011-11-30,0.941968,0.975656,1.007205,0.962913,0.980313,0.965593,0.961683,0.995224,1.010892,0.982768,1.008289,0.9869559999999999,1.033752,0.964921,0.956709,0.990191,1.006714,0.97114,1.023206,0.979096,1.016795,1.015324,0.949503,0.986872,1.004247,0.992748,1.017249,1.004871,0.993791,0.989324,1.017231,0.961463,0.966588,1.031375,1.002433,1.010963,1.021907,1.011,1.000398,1.026509,0.961049,0.97972,0.963815,1.013742,0.986378,0.949186,1.014427,0.992319,1.005999,0.994521,0.987198,0.992358,1.025563,1.02685,1.013135,1.015554,0.992861,1.038937,1.010386,1.002136,1.042849,0.96427,0.995417,1.004088,1.009164,1.017486,1.016401,1.022474,0.990079,0.991173,1.001561,0.975827,0.995022,0.996428,0.994989,1.035149,0.998575,1.023499,0.974662,0.999234,1.000239,0.974133,0.992599,0.977709,1.028157,0.982014,1.006167,1.010296,0.98914,0.972751,0.993868,1.005584,1.016019,1.016081,1.028083,0.987665,1.012323,1.008558,0.948914,0.865294
2011-12-31,0.992151,1.02025,1.024564,1.017234,1.031378,1.018187,1.013799,1.019649,1.009456,1.010563,0.983318,0.996541,1.039026,1.007597,0.983189,1.014096,1.019716,1.015285,1.005459,1.030714,0.995406,0.995608,1.027649,0.973099,1.003265,1.008251,1.024964,0.993744,1.009126,1.012388,0.987582,0.987136,1.015264,1.002699,0.987873,1.032415,1.001304,1.009232,1.010623,1.014207,0.956315,0.98228,1.021062,0.999551,1.001471,1.01145,1.018623,1.004742,1.005254,1.042159,0.989834,0.972475,0.984742,0.995042,1.020821,1.010777,0.991344,1.033649,1.011327,1.009482,0.965412,0.971579,1.001068,0.991824,0.995213,1.024699,1.018231,1.027536,1.031891,0.991128,0.967518,0.998038,1.003563,1.02518,0.959997,1.022739,1.052845,1.037813,0.986464,0.987526,1.002159,0.968895,0.973605,0.9844,0.996601,1.03394,0.999449,1.032029,1.009088,0.960921,0.996327,0.997538,1.028367,1.007859,1.027821,1.038774,1.040135,1.016687,1.027026,0.985217
2012-01-31,1.106087,1.084437,1.066424,1.094703,1.074166,1.080351,1.070677,1.055539,1.075343,1.097522,1.150051,1.125716,1.027146,1.119569,1.103252,1.058969,1.070524,1.084031,1.066748,1.05348,1.094056,1.072266,1.046569,1.09041,1.090551,1.083975,1.05831,1.069953,1.036744,1.052452,1.062115,1.096374,1.066229,1.030515,1.101664,1.056481,1.058665,1.035159,1.067332,1.028507,1.11875,1.087175,1.035119,1.069798,1.052319,1.068563,1.038831,1.045436,1.055736,1.024292,1.064458,1.086203,1.031095,1.05851,1.072823,1.078211,1.1057649999999999,1.024191,1.03476,1.022757,1.098725,1.044108,1.082209,1.051449,1.062679,1.079707,1.015736,1.011032,1.029189,1.048931,1.126303,1.079562,1.038264,1.074758,1.015284,1.058899,1.055258,1.000257,1.049993,1.028166,1.074309,1.073818,1.057598,1.089873,1.035807,1.019408,1.034137,1.001224,1.052854,1.061915,1.074693,1.060537,0.99206,1.040714,1.033449,1.021401,0.995919,1.036402,1.077703,1.196492
2012-02-29,1.0316,1.01799,1.033215,1.025031,1.019581,1.011214,1.011115,1.010035,1.032626,1.03735,1.010704,0.990995,1.002545,0.997032,0.995897,1.014442,1.012762,1.009472,1.005057,1.024961,1.083422,1.033926,1.032637,1.033171,0.984883,1.028396,1.024669,1.01565,1.053237,1.022135,1.032057,1.029108,1.058138,1.028414,1.025635,1.012839,1.031113,1.031817,1.046089,1.055298,1.033231,1.036475,1.023682,1.03195,1.036176,1.028682,1.047295,1.027965,1.026343,1.027085,1.058935,1.049418,1.013732,1.047494,1.029252,1.048877,1.066596,0.999683,1.102613,1.047855,1.079572,1.03648,1.057335,1.030864,1.045301,1.026057,1.053603,1.027438,1.029208,1.056409,1.048674,1.034571,1.053017,1.042259,1.055679,1.040877,1.0302,1.040407,1.081141,1.040403,1.033676,1.047552,1.036679,1.044989,1.043866,1.043649,1.031001,1.024857,1.037741,1.096174,1.074653,1.01753,1.028326,1.028553,1.002053,1.055996,1.045168,1.064689,1.061255,1.084403
2012-03-31,1.026211,1.032311,1.06038,1.052289,1.05423,1.025463,1.049109,1.046695,1.051183,1.065767,0.998236,1.032416,1.039001,1.016651,1.032251,1.035161,0.993305,1.053051,1.036433,1.029267,1.009306,1.011395,1.023842,0.998547,1.033261,1.012387,1.046054,1.027221,1.040818,1.028447,1.031006,1.016081,1.022675,1.021183,1.023564,1.03796,1.027996,1.03556,1.020906,1.015751,1.03067,1.023996,1.024534,1.044666,1.027673,1.016045,1.034058,1.026353,0.994416,1.010157,1.032011,0.989475,1.007226,1.007798,0.99725,1.022032,1.024514,0.985907,1.005254,0.979672,1.034322,1.016705,1.000867,1.008613,1.003245,1.03073,1.008192,1.029077,1.04863,1.01319,1.054939,1.035346,1.01813,0.989178,1.005132,0.980469,1.000434,1.043102,0.995123,1.032071,1.022401,1.022209,1.025678,1.024456,1.018576,1.023057,1.03678,1.028604,1.026649,1.052951,1.051542,1.030985,1.03631,1.007682,1.01355,1.005624,1.024662,1.043385,1.073054,1.118611
2012-04-30,0.953472,0.994598,0.978075,0.970522,0.987098,0.989185,0.974557,0.9945,1.004741,1.01143,0.952823,0.948425,1.01681,0.969842,0.980227,0.971345,0.976892,0.990652,0.976528,0.978311,0.978666,0.996142,0.989917,0.961619,0.957963,0.99172,0.976962,0.962008,0.964808,0.968401,1.042196,0.974446,0.983407,0.996212,0.980663,0.961896,0.982892,0.994863,0.967486,1.049218,0.968901,0.993807,0.990839,0.997046,0.972083,0.982465,0.975935,0.999467,1.017814,0.987845,0.931089,0.99758,1.014646,0.976416,0.982845,1.003592,0.991063,1.002656,1.000882,0.982934,1.001273,0.97999,0.995488,0.994381,0.99868,0.974847,1.032556,1.017908,0.985198,0.990407,0.999936,0.993696,0.981136,1.015184,1.014211,0.987005,1.008082,1.012606,0.951319,0.989311,0.999195,1.004707,0.97706,1.00373,0.98259,1.015365,0.971402,0.981977,1.003577,0.981234,1.003018,0.993366,0.986844,1.001033,1.005046,0.98429,1.00998,0.99328,0.973871,0.8963490000000001
2012-05-31,0.912911,0.932801,0.943039,1.002282,0.924351,0.944018,0.899041,0.945245,0.948796,0.961695,0.912138,0.902957,0.912346,0.91516,0.909979,0.9395830000000001,0.900872,0.924006,0.944986,0.954876,0.982573,0.925637,0.95214,0.916144,0.903676,0.918329,0.937685,0.912183,0.932839,0.898173,0.968655,0.888471,0.968923,0.950792,0.916131,0.951452,0.96897,0.954915,0.938592,0.931934,0.922538,0.918974,0.920378,0.949851,0.939864,0.918815,0.945468,0.959828,0.940752,0.919734,0.917215,0.925144,0.921609,0.951633,0.885097,0.937108,0.917018,0.9403859999999999,0.954149,0.92006,0.9148959999999999,0.942372,0.89421,0.94854,0.9240889999999999,0.915967,0.94902,0.954572,0.975019,0.905285,0.939524,0.93585,0.902737,0.92,0.906509,0.9079699999999999,0.919228,0.934009,0.958477,0.918499,0.937908,0.914117,0.9360539999999999,0.909548,0.923791,0.934074,0.969359,0.981316,0.945583,0.932756,0.939307,0.936096,0.99124,0.920515,0.957144,0.94814,0.981825,0.968758,0.8604620000000001,0.840912
2012-06-30,1.066502,1.063565,1.051001,1.097943,1.042004,1.069336,1.05926,1.062462,1.068172,1.042834,1.09946,1.062102,1.04486,1.079839,1.05307,1.058944,1.066868,1.038053,1.032051,1.0759,1.120369,1.054028,1.031401,1.0724879999999999,1.020272,1.05078,1.035719,1.059675,1.02791,1.07197,1.055643,1.038292,1.056517,1.044269,1.045619,1.033285,1.037998,1.017361,1.050879,1.037171,1.070771,1.044141,1.008973,1.03243,1.058445,1.031835,1.00405,1.036245,1.039038,1.078057,1.0708,1.037202,1.043713,1.051269,0.976426,1.015329,1.019706,1.038784,1.030185,1.003785,0.98582,1.013794,1.012147,0.998456,1.068242,1.041446,1.017041,1.058958,1.003675,1.033184,1.006405,1.019833,1.021749,1.032187,1.040475,1.016539,1.011041,1.015914,1.048018,1.034531,1.022598,1.032758,1.034366,1.007948,0.9978,1.055974,1.028985,1.045608,1.029311,1.083775,1.034319,1.016103,1.042566,1.049226,1.056619,1.066878,1.052438,1.055212,1.051638,1.070534
2012-07-31,0.981065,1.004481,1.056883,0.967013,0.978262,0.968533,0.974384,0.985767,0.977737,0.980308,0.982654,0.958402,1.029786,0.997966,0.955833,0.971494,1.00084,0.968881,0.998433,0.941287,0.91721,0.961154,0.995303,0.983414,0.956771,1.007841,0.991648,1.003244,1.016415,0.941244,0.969723,0.965962,0.984425,1.007205,1.013847,0.976742,0.977608,0.988849,0.971646,1.032749,0.898795,0.970592,0.986033,1.004597,0.984972,0.996973,0.993967,0.977687,0.973308,0.983819,0.975002,1.023716,1.00127,0.992521,0.963473,1.002975,0.991333,1.067726,0.953508,0.942323,0.975751,0.989635,0.999772,0.987232,1.018885,1.033225,0.997594,1.003519,0.999151,1.000559,0.980392,0.970642,1.012817,0.987303,0.981896,0.99997,1.028006,0.973157,1.006084,0.939495,0.997342,0.993667,1.022689,1.004158,1.007336,1.007948,1.015132,1.034184,0.973734,1.046477,1.018644,1.016127,1.022421,1.034862,0.99932,1.032013,0.997265,1.014063,0.947347,0.984772
2012-08-31,1.014744,1.026119,1.029265,0.995122,1.026326,1.020801,1.04772,1.031375,1.013163,1.04479,1.019016,1.0447,1.026132,0.984504,1.065051,1.030598,0.996058,1.040432,1.034866,1.037216,1.044435,1.028404,1.03459,1.023994,1.040587,1.026679,1.030723,1.035581,1.050176,1.037088,0.97588,1.06318,1.030387,1.013948,1.025678,1.02752,1.039529,1.021391,1.024313,1.079021,1.065719,1.043395,1.056779,1.067585,1.071198,1.011029,1.018972,1.051518,1.021518,1.040793,1.064193,1.036775,1.018184,1.015212,1.061545,1.033486,1.059678,1.026679,1.05556,1.028588,1.048045,1.035056,1.03251,1.020964,1.043897,1.024615,1.069426,1.040729,1.102363,1.092012,1.03633,1.050388,1.031543,1.085072,1.037761,1.00659,1.017533,1.031597,1.047005,1.052805,1.044751,1.022197,1.03416,1.011784,1.058352,1.011942,0.987979,1.032718,1.041043,1.077611,1.022445,1.013619,1.022502,1.030458,1.025229,0.99841,0.987012,1.014774,1.047752,1.069108
2012-09-30,1.074895,1.019977,1.037452,1.080113,1.076302,1.043734,1.058809,1.047789,1.041767,1.045493,1.044397,1.043198,1.03797,1.064667,1.023427,1.045365,1.029666,1.051641,1.034471,1.072058,1.069776,1.052029,1.047327,1.056431,1.06164,1.027447,1.048982,1.0332,1.047618,1.062469,1.050223,1.037585,1.011851,1.038256,1.027035,1.031849,1.045618,1.031207,1.022222,1.044676,1.007232,1.016077,1.000213,1.006215,1.035982,1.018649,1.014205,1.016843,1.051778,1.062086,1.049305,1.032969,1.031403,1.018004,1.000203,1.009607,1.050863,1.037047,1.009115,1.034492,0.997455,1.0032,1.017757,1.021754,1.028254,1.037405,1.031478,1.024095,1.031645,1.025822,1.03137,1.024684,1.023933,1.001092,1.004384,1.031737,1.025019,1.016517,1.03786,1.031558,1.012041,1.020836,1.016591,1.034317,1.013171,1.022059,1.019733,1.027198,1.016134,1.068621,1.018244,1.018111,1.022859,1.032071,1.028474,1.0517,1.033212,1.036519,1.030491,1.061886
2012-10-31,0.94474,0.960602,0.938006,0.959629,0.958664,0.945444,0.962153,0.977504,0.978996,1.000804,0.926328,0.975692,0.959796,0.946757,0.971733,0.9642850000000001,0.963188,0.967624,0.980848,0.981235,0.976093,0.903415,0.974039,0.996924,0.973109,1.006781,0.977084,0.993226,1.008196,0.963727,0.942522,0.958669,1.003717,0.960365,0.992777,0.98102,0.977623,0.993605,0.978671,0.996831,0.916126,0.983352,1.017674,1.027409,1.005136,0.992372,1.020398,0.998084,1.018237,1.003719,0.977833,0.959927,1.00166,0.972378,0.997631,0.987065,1.032384,0.986337,0.966691,0.99709,0.976396,0.996988,0.990229,0.953451,1.001408,0.984517,0.990698,1.037746,0.996398,1.01509,0.994492,0.980242,1.00923,1.039664,0.975978,1.009397,0.995138,0.997165,1.001474,1.058684,0.958599,0.970756,0.992995,0.987503,1.009902,0.998636,1.031867,1.030284,0.965777,0.960489,0.947104,0.990731,0.989466,0.977689,0.98018,0.954676,0.984225,0.989467,0.979017,1.0638670000000001
2012-11-30,0.9669719999999999,1.001882,1.014926,1.004452,0.985045,0.985676,1.00947,0.974337,1.000689,0.989264,1.008586,1.013934,0.998373,1.02011,1.046822,0.987291,1.007492,1.001546,1.027372,1.047145,0.974118,1.009882,1.004118,0.958215,1.00947,0.991694,1.019907,1.00649,1.03152,1.033237,0.982969,1.012681,1.018643,0.993448,1.016062,1.011304,0.99384,1.002915,1.019252,1.005016,1.018249,1.056341,1.025612,1.04528,1.018267,1.025829,1.002912,1.037119,0.954431,0.990662,1.015255,1.03081,0.999147,1.053945,1.030028,1.026983,1.01496,1.024071,1.065304,1.000223,1.021335,1.05015,1.037436,1.041702,1.023867,1.010282,1.014153,1.017537,1.028086,1.008422,1.043456,1.002935,1.018343,1.034052,1.02048,0.963684,1.00084,1.015993,1.024828,0.951196,1.011444,1.024485,1.019948,1.025135,0.989811,1.001543,1.003133,0.979286,0.986481,1.036216,1.013213,1.008685,0.99699,1.010233,1.001212,0.996897,0.978423,1.008825,0.993399,0.97518
2012-12-31,0.95739,1.000011,1.030301,1.014051,1.012915,1.022847,1.016962,1.032018,1.028627,1.028553,1.024666,1.007688,1.031673,1.046649,1.058965,1.048787,1.070593,1.048072,1.051219,1.080768,1.045487,1.020898,1.030941,1.036775,1.039538,1.039077,1.039229,1.038599,1.058016,1.080689,1.029105,1.048333,1.02445,1.042029,1.023165,1.030735,1.031121,1.045752,1.037796,1.044325,1.037044,1.008467,1.032197,1.03029,1.036142,1.029481,1.021854,1.053213,1.027179,1.041109,1.032512,1.017468,1.034596,1.05576,1.028358,1.004459,1.019645,1.015977,1.052201,1.02913,1.023225,1.023951,1.018251,1.02066,1.001269,1.046964,1.022013,1.025802,1.027359,1.058509,1.023114,1.012788,1.029907,1.013553,1.012447,1.049661,1.045994,1.053857,1.030143,1.030924,1.018742,1.021732,1.015292,1.020934,1.037476,1.030421,1.017369,1.025601,1.019702,1.026789,0.96907,1.00138,1.004686,0.99268,1.020346,1.0017,1.015617,1.027779,1.041291,1.090712
2013-01-31,1.123293,1.059914,1.082775,1.045638,1.071943,1.087143,1.058707,1.061352,1.057825,1.078546,1.069334,1.028731,1.033145,1.041958,1.039679,1.05171,1.043998,1.061151,1.046778,1.026171,1.042486,1.056835,1.093093,1.055144,1.093313,1.08621,1.076706,1.056513,1.043001,1.064609,1.078368,1.087886,1.045911,1.050156,1.076634,1.061955,1.071792,1.059046,1.056295,1.043166,1.07869,1.035323,1.078299,1.07796,1.032467,1.059228,1.071862,1.07207,1.048412,1.086512,1.049259,1.051559,1.055274,1.055016,1.060439,1.094952,1.070297,1.071375,1.090372,1.090076,1.11721,1.067098,1.079212,1.075464,1.039362,1.091159,1.084737,1.08469,1.077449,1.084786,1.048962,1.075174,1.063105,1.050927,1.091742,1.051548,1.078431,1.086925,1.08017,1.129837,1.041651,1.054049,1.063528,1.042991,1.088092,1.066317,1.086367,1.109771,1.086835,1.107875,1.007826,1.061215,1.056137,1.06375,1.057815,1.04447,1.056868,1.061519,1.067891,1.069393
2013-02-28,0.980402,1.013134,0.980461,1.005937,1.015472,0.998646,0.98859,1.019346,1.005932,1.025369,0.984713,0.95444,1.016034,1.01558,0.998403,0.994874,1.014446,1.032165,1.014352,1.010386,0.97311,1.034753,1.027745,1.008975,1.00875,1.025518,1.039154,1.00564,0.983675,1.046065,1.007308,1.011941,1.001356,1.011251,1.011403,1.000795,1.010075,1.021707,1.007804,1.009259,1.0192,1.042697,1.005169,1.001346,1.006908,0.994231,1.017297,1.022878,0.991989,1.023461,0.984123,0.989754,1.027989,1.007364,1.003067,1.011641,1.03362,1.026494,1.025678,1.041626,1.02537,0.998407,1.034815,1.003223,1.01742,1.019955,1.006624,1.025515,1.0463,1.037303,1.003658,0.995924,0.996667,1.028787,1.054924,0.984534,1.000228,1.020152,1.022065,1.013376,1.010029,1.017147,1.025155,1.021683,1.023544,1.01468,1.050434,0.999169,0.999419,1.016606,1.008631,1.014206,1.021524,0.990456,1.011313,1.029668,1.027065,1.017926,1.024036,1.001999
2013-03-31,1.0923,1.045554,1.082756,1.014625,1.072047,1.066791,1.032328,1.048991,1.060298,1.047167,1.090222,1.0711330000000001,1.031399,1.081205,1.047918,1.038394,1.061592,1.025792,1.03102,1.036627,1.039871,1.059567,1.059096,1.046934,1.029265,1.031786,1.045247,1.046491,1.031238,1.07484,1.053057,1.050757,1.048741,1.05355,1.042011,1.045747,1.042996,1.037404,1.040857,1.067129,1.019619,1.054406,1.046046,1.023952,1.066799,1.042082,1.051356,1.046454,1.041984,1.0632220000000001,1.043978,1.054109,1.050208,1.055766,1.049391,1.050692,1.021195,1.032366,1.057777,1.047317,1.031412,1.050736,1.038272,1.02514,1.064039,1.056516,1.047695,1.06238,1.041319,1.067436,1.028446,1.040041,1.044468,1.04715,1.025856,1.036105,1.05666,1.054411,1.047377,1.1062400000000001,1.033501,1.051436,1.043014,1.032331,1.048669,1.044883,1.048581,1.042557,1.04086,1.042579,1.035048,1.042862,1.029664,1.035381,1.042396,1.024708,1.069882,1.038842,1.061688,1.024575
2013-04-30,1.034724,0.992891,1.025293,0.993548,0.991677,0.999758,1.002668,1.004437,0.995269,1.013096,0.986385,1.011743,0.988567,0.979083,0.994114,0.980977,0.980024,0.98943,1.014296,0.993047,0.999062,0.986609,0.971845,0.973264,1.02389,0.94661,0.978086,1.004321,0.982693,1.041736,0.976408,1.010629,0.974526,0.991919,0.973401,1.002881,0.985108,0.979905,1.047274,0.978714,0.986704,0.990521,1.013047,1.024332,1.00627,0.970211,0.975166,0.978253,0.970272,1.008769,0.995335,0.957161,0.990151,0.988889,0.988324,0.999758,1.017898,0.984616,0.944674,1.006617,1.026008,1.005867,1.019636,0.998129,1.013444,0.987658,1.009128,0.99754,0.975992,1.006472,1.010798,1.002456,1.008347,1.019438,0.992825,0.985047,1.047294,1.008923,1.014096,1.02163,1.039531,1.003367,0.998989,1.011635,1.016867,1.036997,1.011645,1.00416,1.022282,0.999442,1.009604,1.03719,1.015531,1.013682,1.032079,0.998716,1.003448,1.026323,1.034211,1.030454
2013-05-31,1.004902,1.07519,1.069829,1.039809,1.05066,1.063001,1.049718,1.041591,1.018761,1.058847,1.093369,1.117159,1.052408,1.031668,1.0240070000000001,1.028653,1.03602,1.112741,1.033106,1.06129,1.09284,1.046505,1.051967,1.05487,1.057311,1.065993,1.043075,1.050702,1.096547,1.119833,1.058971,1.036487,1.027589,1.052284,1.053663,1.05682,1.028375,1.071399,1.068347,1.028792,1.013316,1.016556,1.077204,1.086427,1.071827,1.039064,1.056022,1.034084,1.02672,1.018988,1.035572,1.044738,1.051497,1.028245,1.032125,1.023547,1.062199,1.04833,1.093272,1.02614,1.069094,1.051178,1.067783,1.038938,1.028114,1.041279,1.057788,1.049696,1.051685,1.013714,1.033728,1.021349,1.012992,1.031521,1.004201,1.002851,1.0333890000000001,1.011621,1.039961,1.07455,1.006097,1.028342,1.026611,1.029786,1.051255,0.999131,0.996398,1.031505,1.024247,1.067082,1.005117,1.016633,1.029794,1.016959,1.011863,1.011928,0.992283,1.062987,1.033965,1.110882
2013-06-30,1.009984,0.982336,1.003695,1.012079,1.019853,1.047128,1.016156,1.005887,1.008433,1.013328,0.984486,0.986705,1.004299,0.971674,0.988247,1.033472,1.027347,0.999602,0.996811,0.987087,0.996372,1.033178,0.974479,1.035341,0.98983,1.013052,1.009718,0.998711,1.024445,0.992199,1.016443,1.021732,0.990301,1.001871,0.98494,1.005836,0.983789,0.969429,0.951035,1.009855,0.988058,1.019578,0.954902,1.017997,1.008727,0.986112,0.983146,0.995935,1.011438,1.023528,0.996145,0.983044,0.992878,0.995715,0.975874,0.96921,0.986336,1.004702,0.956525,0.999821,0.976571,0.99325,0.981363,0.958915,0.991644,0.992678,0.96543,1.006574,0.964978,1.012115,0.984404,0.963909,0.978511,0.970736,1.002419,0.968419,0.976089,0.994277,0.959932,1.03299,0.994517,0.993999,0.995165,0.996656,1.007084,1.010124,0.996084,0.974094,1.001095,0.960931,0.965835,0.980302,0.999293,0.992477,0.99348,1.006755,1.013184,0.992569,0.9893149999999999,0.966455
2013-07-31,1.108533,1.074813,1.100156,1.079353,1.10067,1.072524,1.053414,1.078479,1.064538,1.07203,1.041376,1.068049,1.134373,1.082584,1.036721,1.084504,1.088389,1.125258,1.08306,1.082492,1.109723,1.077052,1.039147,1.054744,1.098882,1.069329,1.064549,1.0684879999999999,1.087013,1.088819,1.045989,1.066223,1.033899,1.118389,1.056424,1.052313,1.088398,1.05659,1.072567,1.077337,1.115237,1.058836,1.070449,1.082412,1.065761,1.043952,1.066882,1.09344,1.078628,1.070932,1.095456,1.058186,1.091045,1.060706,1.077802,1.039548,1.091963,1.063398,1.081601,1.123872,1.077245,1.083761,1.048336,1.044972,1.074043,1.059693,1.092468,1.092834,1.027207,1.051243,1.098585,1.056596,1.041407,1.05475,1.074145,1.053309,1.076484,1.069,1.062152,1.052059,1.053977,1.059965,1.070323,1.053,1.027365,1.061312,1.023503,1.057845,1.075478,1.046895,1.054934,1.065783,1.034055,1.044541,1.03762,1.060057,1.062506,1.038418,1.059264,1.086596
2013-08-31,0.989998,0.955383,0.953674,0.981748,0.959409,0.990212,0.958814,0.96323,0.971653,0.966842,0.97579,0.979993,0.982855,0.97213,0.984715,0.973133,0.96722,0.960651,0.955105,0.988194,0.965914,0.978014,0.995998,0.994262,0.970037,0.958386,0.955532,0.958585,0.971165,0.971993,1.015756,0.9985,1.015105,0.971324,0.976553,0.965626,0.966388,0.959232,0.96376,0.93862,1.006145,0.987676,0.971306,0.966965,0.957134,0.954569,0.938084,0.945895,0.9542349999999999,0.974626,0.976583,0.975564,0.967246,1.009046,0.985696,0.96079,0.974326,0.9631149999999999,0.973967,0.951357,0.982795,0.973604,0.970596,0.972927,0.972612,0.939407,0.971581,0.988184,0.946176,0.944468,0.983403,0.987152,0.985235,0.988397,0.972333,0.97289,0.954806,0.997543,0.971214,0.956607,0.986301,0.96324,0.979441,0.995054,0.952395,0.984207,0.964143,0.946785,0.977299,0.973941,0.970403,1.001292,0.978148,0.966806,0.961218,0.96656,0.976703,0.950633,0.940791,0.957753
2013-09-30,1.059572,1.06269,1.079368,1.096577,1.090931,1.072779,1.059131,1.056172,1.053285,1.056538,1.071184,1.093335,1.06845,1.0699,1.085754,1.055035,1.075288,1.080706,1.075767,1.043472,1.083473,1.071043,1.068981,1.074688,1.074167,1.074678,1.041101,1.062411,1.066887,1.064455,1.032347,1.094596,1.066575,1.039247,1.071751,1.079766,1.063468,1.067339,1.051442,1.033578,1.074203,1.032087,1.035119,1.060236,1.062286,1.054048,1.047948,1.04716,1.037034,1.051486,1.067005,1.044519,1.079884,1.049484,1.063556,1.052297,1.073211,1.062206,1.067345,1.025906,1.059565,1.075269,1.058647,1.066198,1.040034,1.092234,1.037767,1.073515,0.992854,1.05553,1.052556,1.047482,1.054597,1.048334,1.023773,1.068567,1.053744,1.061778,1.035532,1.040871,1.051133,1.055094,1.032431,1.04055,1.055434,1.014344,1.015985,1.03246,1.030767,1.05344,1.057785,1.026966,1.025911,1.0234779999999999,1.027384,1.020741,1.043938,1.008051,1.023749,1.014151
2013-10-31,0.994465,1.021784,1.003412,1.033052,0.974615,1.011973,1.051183,1.048962,1.03133,1.029742,0.954964,1.020471,0.998588,1.006536,1.052516,1.029352,1.024831,1.041167,1.0352190000000001,1.011205,1.007137,1.05896,1.000554,1.01726,1.030858,1.036084,1.039807,1.022602,1.078684,1.035244,1.009803,0.982758,1.019843,1.021437,0.989793,1.012457,1.047521,1.040374,1.026749,1.021816,1.018876,1.042351,1.023605,1.055181,1.040518,1.045171,1.033457,1.049127,1.053856,1.045758,1.009325,1.073131,1.026122,1.037434,1.018903,1.048388,1.03745,1.04724,1.061273,1.0603,1.017161,1.055982,1.026422,1.04498,1.031395,1.058428,1.049461,1.010328,1.019542,1.076443,1.001167,1.034976,1.036652,1.038244,1.011661,1.025975,1.062161,1.046345,1.051601,1.083742,1.022873,1.028599,1.00965,1.034167,1.02575,1.041158,1.050378,1.020489,1.107348,1.041192,1.051742,1.058045,1.042963,1.055705,1.052378,1.065952,1.030153,1.030763,1.028816,1.023954
2013-11-30,1.044653,1.09759,1.05524,1.06291,1.061822,1.04975,1.065842,1.057153,1.053316,1.044655,1.111988,1.051912,1.03497,1.076414,1.046057,1.06606,1.087688,1.072761,1.061796,1.030911,1.043686,1.0632489999999999,1.04863,1.007049,1.044613,1.031409,1.044897,1.033712,1.060549,1.046802,1.074812,1.06974,1.053208,1.036176,1.029518,1.032248,1.022527,1.022158,1.076252,1.030753,1.015168,1.029415,1.051063,1.033778,1.056298,1.014518,1.039638,1.037346,1.007432,1.073271,1.041287,1.018049,1.028592,1.024576,1.028028,1.049819,1.01043,1.010448,1.057873,1.040442,1.010519,1.005538,1.007395,1.039723,1.023074,0.988008,0.998601,1.009542,1.038505,1.033017,1.03152,1.026053,1.019279,1.028681,0.975984,1.025906,0.983904,0.999918,1.046865,1.03107,1.014589,1.014773,1.042398,1.004371,1.015658,1.006201,1.013666,1.018114,1.009895,1.0777,1.036073,1.036662,1.042462,1.028988,1.002012,1.037696,1.016073,1.025662,1.056123,1.082092
2013-12-31,1.0207060000000001,1.033917,1.072385,1.049083,1.030359,1.031673,1.026874,0.997573,1.020741,1.009018,0.998504,1.022766,1.012057,1.035248,1.014157,1.026447,1.005285,1.021248,1.013567,1.019285,1.029311,1.005301,1.02215,1.028872,1.030062,1.049891,1.014602,1.017392,0.988442,1.034194,1.038491,1.02701,0.985491,0.983394,1.036147,1.028776,1.015703,1.023128,1.005408,1.015735,1.004019,0.970248,1.040273,1.030024,1.038984,1.046909,1.037322,1.041547,1.045853,0.997143,1.021915,1.03722,1.037801,1.045719,1.031133,0.997611,1.053541,1.019009,1.030105,1.011074,1.039773,1.034571,1.04507,1.038063,1.028236,0.99121,1.029929,1.007012,1.00606,1.026193,1.018223,1.042045,1.025118,1.037956,1.034093,1.037217,1.045495,1.034002,1.037578,1.051829,1.02129,1.025046,1.043038,1.029919,1.027032,1.026131,1.025318,1.014377,1.051386,1.027928,1.024126,1.028794,0.999898,1.047337,1.031084,1.046149,1.024788,1.022035,1.019288,1.006842
2014-01-31,1.035761,1.006623,1.043825,1.01344,0.984093,0.982484,0.976988,0.975701,0.978052,1.005839,1.039525,1.03975,0.92665,0.965564,1.003004,0.955612,0.953644,0.956768,0.922419,0.951549,1.095282,1.010984,1.011749,0.942246,0.950131,0.947798,0.95335,0.946952,0.911417,0.933114,0.963314,0.973165,0.976659,0.98385,0.943805,0.949184,0.994067,0.942678,0.955463,0.952932,1.022688,0.9590069999999999,0.96535,0.972308,0.938514,0.973683,0.947035,0.999713,0.984633,0.979561,1.02697,0.956846,0.976058,0.965219,0.939473,0.993454,1.013807,0.946376,0.9651460000000001,0.975446,0.954613,0.963871,0.979844,0.977005,1.018153,0.9696,0.966634,0.920152,0.965849,0.951081,0.995218,0.964164,0.951867,0.959782,0.988259,0.978669,0.971206,0.928105,0.987584,0.968521,0.993993,0.957724,0.968875,0.95057,0.9887,0.974963,0.993008,0.979747,0.970835,0.969227,0.94996,0.958622,0.979151,0.974497,0.984318,0.932719,0.925197,0.971993,0.9516830000000001,0.959551
2014-02-28,1.045337,1.053629,1.079094,1.004785,1.03243,1.037562,1.027174,1.047163,1.034872,1.049112,1.077912,1.00056,1.031184,1.05216,1.039222,1.042665,1.061395,1.083013,1.033933,1.075268,1.088872,1.031871,1.022543,1.036272,1.048453,1.055927,1.01928,1.060937,1.050263,1.0463,1.028481,1.043535,1.032486,1.032602,1.075437,1.053733,1.057626,1.052249,1.023403,1.052584,1.025772,1.035505,1.031608,1.058359,1.041878,1.041575,1.062309,1.089625,1.037712,1.040677,1.080229,1.087567,1.058829,1.031297,1.061824,1.033976,1.092767,1.038949,1.024491,1.061152,1.037731,1.044542,1.050679,1.075318,1.057377,0.981383,1.031532,1.064212,1.058818,1.050314,1.075989,1.058894,1.057395,1.07073,1.054914,1.054424,1.059847,1.05632,1.056397,1.053395,1.066186,1.055282,1.077315,1.058458,1.046069,1.091739,1.042148,1.046176,1.048232,1.030354,1.047256,1.049049,1.03601,1.062678,1.015502,1.033102,1.050937,1.033135,1.022826,1.017549
2014-03-31,0.949338,0.978858,0.964414,1.011014,1.002535,0.987974,1.002728,0.993433,1.01097,1.009739,0.921848,0.995326,1.035969,1.004555,0.994872,1.017013,1.021327,1.011591,1.006348,1.040065,0.947647,0.987127,0.976306,1.010576,1.020983,1.027039,1.022278,1.018939,1.016803,1.057441,0.942662,0.971273,0.983764,1.028473,0.996246,1.022134,1.002891,1.007115,1.016713,1.01887,0.931383,0.984602,0.98683,1.010167,1.015966,0.987518,1.017464,1.010082,1.004306,1.008924,0.950211,0.958758,0.99746,1.003635,0.986825,1.037065,0.988391,1.032001,1.043273,1.025805,0.963176,0.987517,0.996517,0.985321,1.013012,0.980292,1.025236,1.035558,1.05367,1.047703,0.965522,0.997093,0.98608,1.02406,1.006764,0.99528,1.020615,1.00613,1.047757,1.057448,0.962262,0.987898,0.991072,0.98968,1.0226,1.007337,1.030793,1.004152,1.054461,1.024269,0.975539,0.999956,1.024455,0.988041,1.024701,1.021633,1.012276,1.075305,1.044854,1.024571
2014-04-30,0.879111,0.961546,0.898701,0.944803,0.913213,0.949399,0.959396,0.976864,0.963592,0.952712,0.9094949999999999,0.917398,0.936493,0.957777,0.985796,0.93443,0.934257,0.996771,0.953112,0.963599,0.910756,0.941559,0.9575670000000001,0.952143,0.961518,0.97418,1.00692,0.964193,0.98713,0.998843,0.923893,0.952213,0.918541,1.026275,0.969412,0.971689,0.979106,0.981731,0.982578,0.944408,0.903666,0.99883,0.973124,0.96171,0.947492,0.9836,0.97803,0.977947,0.976221,0.975415,0.940357,0.949269,0.996802,0.99402,0.994936,0.993762,0.997991,0.992089,0.962992,0.960443,0.953816,0.991646,0.986686,0.984613,1.002301,1.013741,1.009363,0.97874,1.040301,0.997723,0.951094,0.991473,0.995429,0.99552,0.983868,1.008728,1.006161,1.002116,0.978674,0.986642,0.976681,1.010299,0.983136,1.016055,0.989197,1.003055,1.013005,1.014247,1.009253,1.00348,1.007361,1.033072,1.002446,0.997997,1.01872,1.015184,1.022178,1.01938,0.97465,0.966584
2014-05-31,0.981165,0.952445,1.043973,0.979014,1.02066,1.006059,1.019427,0.99271,1.002503,0.986714,0.986666,0.963962,0.947864,1.028345,0.980322,0.984378,0.986159,0.98687,0.997502,1.006581,1.000399,1.012648,0.9627829999999999,1.007541,0.966696,1.02481,0.970398,0.99224,1.020539,0.986062,1.011069,0.97228,1.016537,1.017788,1.020113,1.023997,1.01402,0.990563,0.986016,0.986621,1.003384,1.004507,0.995691,1.002201,1.022828,1.051767,1.00831,0.999858,1.023545,1.033824,1.023138,1.006621,1.011808,1.004075,1.000758,1.032003,1.008158,1.009028,1.01131,1.003725,1.029405,1.017366,1.01146,1.000491,1.039529,1.057793,0.975858,1.00766,1.012916,0.983443,1.033356,1.023762,1.022754,1.033646,1.038015,1.017632,1.013584,1.034425,1.048201,1.010859,1.045029,1.008931,1.023569,1.026307,1.01287,1.00328,1.01241,1.02526,1.03011,1.016597,1.015351,1.045253,1.008893,1.019042,1.030229,1.020544,1.023223,1.015078,1.00749,1.00995
2014-06-30,1.052285,1.078282,1.069537,1.062573,1.064046,1.031508,1.019602,1.028611,1.03782,1.031501,1.044011,1.061253,1.200054,1.020889,1.033322,1.027016,1.060687,1.04756,1.026076,1.069589,1.088472,1.054927,1.068618,1.052685,1.076829,1.046219,1.036894,1.045031,1.05713,1.05668,1.090987,1.058391,1.062711,1.075235,1.060221,1.053684,1.068528,1.039109,1.063625,1.051974,1.066723,1.07165,1.048563,1.061816,1.045655,1.031184,1.033419,1.055286,1.027724,1.046475,1.052306,1.068799,1.070057,1.032705,1.035794,1.036885,1.040391,1.064931,1.043771,1.084931,1.054403,1.057572,1.045841,1.040259,1.037406,1.036543,1.067857,1.029518,1.033062,1.051379,1.044245,1.035916,1.031541,1.035184,1.032155,1.047154,1.030596,1.038663,1.021988,1.041681,1.029943,1.008789,1.022521,1.027728,1.046701,1.024047,1.040524,1.040227,1.028705,1.063172,1.002148,1.013806,1.009364,1.012789,1.037981,1.005153,1.050007,1.010136,1.039079,1.026843
2014-07-31,0.905282,0.919652,0.942502,0.915824,0.931138,0.930298,0.952417,0.952955,0.955159,0.966792,0.906765,0.9020900000000001,0.927525,0.91235,0.93944,0.935554,0.977911,0.942922,0.940175,0.920669,0.894183,0.939243,0.932975,0.928022,0.941145,0.947619,0.935237,0.928878,0.957546,0.940243,1.005158,0.938167,0.939213,0.931084,0.9434400000000001,0.94903,0.928856,0.9531540000000001,0.930032,0.945769,0.926347,0.959328,0.92659,0.945229,0.926391,0.941003,0.909857,0.936303,0.950542,0.9631149999999999,0.942988,0.953828,0.932607,0.968961,0.935885,0.954703,0.94769,0.936874,0.95648,0.961733,0.947679,0.959554,0.954833,0.932288,0.960001,0.962383,0.962394,0.934155,0.964564,0.967112,1.024376,0.97537,0.971742,0.955744,0.96763,0.977009,0.96189,0.977147,0.978482,0.939165,0.977529,0.970347,0.984184,0.97844,1.010078,0.964762,0.995727,0.947655,0.981111,0.963232,1.003377,0.965247,0.997962,0.978607,0.975271,1.014806,0.9785,0.971677,0.993194,0.9811
2014-08-31,1.04235,1.038813,1.05294,1.033303,1.049394,1.016562,1.055047,1.045487,1.043756,1.032051,1.002218,1.046177,1.055462,1.041441,1.025526,1.027519,1.029123,1.052236,1.036005,1.020766,1.049847,1.065164,1.043114,1.070118,1.048472,1.028615,1.035947,1.030225,1.051664,1.051426,1.049954,1.066352,1.084075,1.015908,1.032939,1.042935,1.054063,1.060602,1.05217,1.054401,1.046101,1.034297,1.039657,1.039658,1.042584,1.054633,1.047883,1.053314,1.032262,1.044503,1.076732,1.073252,1.047781,1.037907,1.04432,1.043402,1.060266,1.054552,1.054723,1.053768,1.082358,1.061053,1.050583,1.038061,1.034157,1.037475,1.029164,1.044635,1.058397,1.053456,1.048504,1.055524,1.049476,1.048666,1.069416,1.054861,1.04073,1.042662,1.027459,1.038764,1.071618,1.03942,1.046562,1.04398,1.030233,1.039729,1.036634,1.050158,1.050444,1.036984,1.056749,1.033488,1.042229,1.049799,1.019561,1.02065,1.033472,1.01152,1.053383,1.051153
2014-09-30,0.928869,0.966903,0.967526,0.94321,0.938756,0.9360120000000001,0.943948,0.959534,0.958376,0.953562,0.917009,0.921558,0.937399,0.985673,0.9187879999999999,0.924454,0.950789,0.912678,0.932458,0.915895,0.959967,0.946668,0.989246,0.964005,0.945476,0.932241,0.936779,0.925383,0.9293359999999999,0.90379,0.941473,0.955341,0.9259809999999999,0.963316,0.9601999999999999,0.941841,0.972775,0.958864,0.921465,0.932118,0.982137,1.01225,0.946639,0.944831,0.970861,0.944192,0.909224,0.944942,0.939241,0.917754,0.952938,0.963808,0.944164,0.942513,0.933802,0.961219,0.938029,0.936295,0.918473,0.944217,0.978071,0.95136,0.970643,0.947857,0.964505,0.94473,0.932797,0.944233,0.936726,0.955757,0.962028,0.972486,0.973641,0.96949,0.960223,0.958415,0.94047,0.985434,0.971966,0.959992,0.99908,0.972071,0.978415,0.946095,0.978861,0.976198,0.995549,0.949502,0.972793,0.982608,0.994564,0.999167,0.997892,0.98576,0.982156,0.986151,0.944605,0.968902,1.000072,1.00786
2014-10-31,1.024022,1.013494,1.04288,1.095448,1.037254,1.069273,1.058807,1.048188,1.050892,1.019792,1.104292,1.085915,1.063603,1.084661,1.063336,1.058014,1.086063,1.096925,1.08647,1.0285009999999999,1.0853410000000001,1.101385,1.08515,1.071985,1.066706,1.068633,1.073841,1.058127,1.08923,0.974384,1.066176,1.098596,1.0682800000000001,1.040856,1.050224,1.066235,1.013761,1.067882,1.056208,1.040348,1.075379,1.077513,1.018626,1.086143,1.040355,1.039744,1.05626,1.080036,1.051655,1.01614,1.0763989999999999,1.02189,1.061403,1.051255,1.017117,1.056317,1.0442,0.988717,1.047105,1.034566,1.017483,1.035953,0.998597,0.990913,1.042581,1.018652,1.021964,1.02287,0.987209,0.968517,1.056445,1.049197,1.007419,1.018104,1.03711,1.034339,1.026061,1.061611,1.025071,1.00709,1.02028,1.022284,1.044378,1.023191,1.0355509999999999,1.018681,1.01414,1.051404,1.020881,1.038935,1.01744,1.03117,1.030727,1.016949,1.023269,1.014896,0.978201,0.999399,1.016612,1.005523
2014-11-30,0.972191,1.010623,1.050355,0.988213,0.968502,1.003079,0.99639,0.992386,0.980261,0.989353,1.023485,0.999806,0.98911,1.002695,0.973194,0.982731,0.992093,0.969473,0.954512,0.957132,1.056154,0.991509,0.997123,1.053386,0.998165,0.983486,0.98315,0.97239,0.995375,0.974681,0.994649,1.021281,0.97632,0.981964,1.001348,0.994685,0.981923,1.014628,0.991566,1.003835,1.025847,1.05226,1.069773,1.026773,0.984154,1.019741,0.993366,1.00636,0.973411,1.024018,1.022702,1.02283,1.009506,1.025452,0.993097,0.987719,1.016283,0.980435,1.002472,1.014448,1.022003,1.031977,1.016404,1.009856,1.024922,1.033092,0.986457,0.967267,0.996751,0.957306,1.028614,1.044179,1.04494,1.035687,1.047761,1.035061,1.022008,1.014386,0.985862,0.969257,1.038896,1.047528,1.031542,1.009637,1.022091,1.027077,1.048301,1.005538,1.002591,1.015805,1.025742,1.042741,1.042773,1.028766,1.01463,1.051982,0.990762,0.991378,1.018153,0.999443
2014-12-31,1.045757,1.0701,1.102131,1.046697,1.06144,1.045915,1.039507,1.035554,1.03917,1.038631,1.061606,1.066596,1.039315,1.095792,1.05293,1.056899,1.052916,1.045174,1.040697,1.034452,1.028973,1.000787,1.0413,1.089979,1.029631,1.043414,1.036068,1.02621,1.05577,1.02701,0.993207,1.019223,1.015233,0.987513,1.027479,1.019054,1.008827,1.035181,1.034714,0.984177,1.022982,1.029815,0.9683,1.025454,0.963462,1.037524,1.029848,1.058777,1.028594,0.975049,1.004843,1.024183,1.012163,1.01675,1.025628,0.99617,0.991265,1.003924,0.995468,1.008037,0.991236,1.008979,1.000841,1.005122,0.990295,1.003879,1.000461,1.013429,1.01232,1.00824,1.013321,1.007391,0.979667,1.008397,0.998885,1.017256,1.00835,1.009007,1.001498,1.003467,0.983466,1.005442,0.997203,0.986805,1.010847,0.979442,0.987489,1.021974,1.017912,1.003116,0.985103,0.986091,0.977107,1.005829,1.007474,0.98955,1.011074,1.01155,1.025972,1.018899
2015-01-31,0.988156,0.988243,0.928388,0.981889,0.926503,0.954138,0.94935,0.959928,0.951183,0.966457,0.959109,0.931445,0.945766,0.888289,0.963949,0.949076,0.943312,0.943842,0.946972,0.912036,0.978239,1.028512,0.979814,0.951471,0.964619,0.936242,0.949537,0.957566,0.925392,0.930866,0.989533,0.967598,0.938578,0.935081,0.948093,0.968758,0.933439,0.973582,0.924553,0.94239,0.935754,0.987377,0.981906,0.949141,0.942432,0.98106,0.943617,0.969136,0.941668,0.94079,1.023424,0.999182,0.996084,0.994916,0.955098,0.965717,0.959891,0.933706,0.964069,0.939504,0.992352,0.963013,0.969479,0.989143,0.9932840000000001,0.941875,0.973599,0.9669760000000001,0.988806,0.928115,1.014751,0.980215,0.973188,0.979144,0.99858,1.007609,0.987307,0.99238,0.959762,0.946425,1.00641,0.95812,0.963325,0.955165,0.990645,0.933014,1.019937,0.996492,0.997316,0.928037,1.009353,0.975453,0.974482,0.977769,0.947969,0.963571,0.949887,0.93631,0.934435,0.8779399999999999
2015-02-28,1.045282,1.035575,1.052247,1.075382,1.044711,1.043522,1.045804,1.048343,1.043873,1.037211,1.0348,1.0518,1.072931,1.067882,1.105549,1.052973,1.063275,1.04468,1.071815,1.119299,1.11313,1.0872600000000001,1.093139,1.057469,1.058369,1.080761,1.067909,1.065695,1.037138,1.058035,1.0699589999999999,1.02524,1.09953,1.100932,1.056406,1.067101,1.050007,1.040718,1.058446,1.037491,1.080958,1.102591,1.079729,1.081955,1.082791,1.066281,1.078604,1.018309,1.054433,1.083403,1.063266,1.065538,1.089095,1.06782,1.11387,1.085055,1.062625,1.083673,1.054011,1.037091,1.066042,1.079558,1.076132,1.081844,1.062764,1.093931,1.051418,1.01693,1.065505,1.05044,1.095527,1.06844,1.065301,1.06078,1.083858,1.082084,1.077783,1.044939,1.068697,1.1072,1.089535,1.062307,1.059104,1.05776,1.077668,1.08619,1.047894,1.009461,1.028955,1.028364,1.055754,1.052164,1.068261,1.039614,1.0633,1.065881,1.027097,1.058276,1.05711,1.079666
2015-03-31,0.987191,0.997611,0.99356,1.036736,1.014784,1.034521,1.017175,1.022099,1.012184,1.018653,1.001307,0.978115,1.074407,1.010447,1.00244,1.019958,1.017468,1.015928,1.004719,1.008327,1.041303,1.038848,1.009107,1.037336,0.999106,1.008936,1.025321,1.01213,1.021333,1.015219,1.03891,0.999674,1.035864,1.017584,1.003973,1.019663,1.049511,1.027012,1.01855,0.987264,0.98209,1.025601,1.031939,1.017234,0.997487,1.045384,1.007851,1.003964,1.010294,0.989123,0.982343,1.033406,1.011709,0.998032,1.002109,1.017673,1.025383,0.997972,1.021416,1.017255,1.009099,1.000453,1.011353,1.004594,1.027066,0.997866,1.017417,1.007458,0.993441,1.023449,1.038402,0.995346,1.006459,1.000414,1.017538,1.008843,0.99282,0.983972,1.002172,0.975628,0.992191,1.003051,0.991932,0.998333,0.978125,0.989471,0.995052,0.992618,0.963536,0.987936,0.981496,0.99435,0.971987,0.990166,0.981539,0.971837,0.962966,0.988276,0.9882,0.984954
2015-04-30,0.979127,0.956429,0.965872,0.975802,0.971882,0.984008,0.976493,0.989946,0.990711,0.993328,0.969845,0.928831,0.973979,0.974775,0.964544,0.970522,0.983908,0.964181,1.004987,0.987816,0.95319,0.963298,0.980213,0.977764,0.974525,0.975971,0.969399,1.001749,0.982141,1.016518,0.961782,0.968369,0.976924,0.965279,0.967883,0.971871,1.020857,1.00666,0.986679,0.984777,0.98724,0.9333899999999999,1.01058,0.996032,0.997523,0.980713,0.966112,0.982358,1.007013,0.981106,0.988833,0.956475,0.973266,0.983438,0.989453,0.99437,0.998361,1.00242,0.989054,1.003867,0.995834,0.999002,0.994291,1.001043,0.994711,0.998782,0.999492,1.01642,1.003056,1.017565,0.974038,0.976652,0.99797,1.001204,0.951017,1.00321,0.972123,0.978856,0.994378,1.009414,0.996219,0.992597,0.997797,1.032491,0.986978,1.008898,0.99787,0.984814,1.013248,1.011284,1.012038,0.994827,1.014265,1.003521,1.006229,1.026802,1.066206,1.028001,1.01203,1.030473
2015-05-31,1.009829,1.067625,1.032387,1.083389,0.988883,0.984947,1.01351,0.997638,0.9906,1.003478,1.078706,0.980727,1.00337,1.080829,1.03063,1.0023,0.9891490000000001,0.997255,1.028272,0.99404,1.013154,1.040915,1.048683,1.10415,1.009275,1.023757,0.991538,1.018294,0.995393,0.994848,1.020847,1.056357,1.023786,1.028319,1.050006,1.030425,1.005857,1.02798,1.017444,0.973775,1.020043,1.04717,0.99867,1.016182,1.023051,1.044298,1.022176,1.014102,1.009576,1.033183,1.025019,1.075867,1.03189,1.028515,1.035509,1.009932,1.013267,1.036077,0.988002,1.000231,1.035134,0.991148,1.000064,1.025001,1.033036,0.997937,1.023181,0.990314,0.986484,1.015487,1.022349,1.027988,1.001835,1.031221,1.059073,1.015832,1.012256,1.028315,1.008727,1.002471,1.005482,0.98422,0.997221,1.008263,1.017523,1.02896,1.101635,1.006729,0.993493,0.99933,1.024657,1.019699,1.00522,1.012849,1.0025,1.018324,0.99076,0.988728,1.021308,1.022653
2015-06-30,0.997059,1.010554,1.036829,0.963028,1.045583,1.001615,1.015741,1.002382,1.015823,1.00449,1.104314,1.043754,1.034392,1.048466,1.048944,1.005245,1.037396,1.032046,1.037647,1.027913,1.036602,1.058456,1.048087,0.979027,1.015025,1.026378,1.001922,0.980216,1.016593,0.983052,0.97049,1.015345,1.017042,0.999361,0.987526,0.977929,1.014152,0.995288,1.027884,1.02265,1.029895,1.036333,1.046461,1.020923,1.013622,0.983363,0.98591,0.981167,1.0382419999999999,0.962,1.004478,1.001705,0.985037,0.986568,0.962232,0.998087,0.981339,0.973169,0.995721,0.975631,0.973815,0.977353,1.000934,0.984328,0.989786,0.978991,0.995142,0.985127,1.0008,1.010196,1.005241,0.984817,1.002357,0.99618,0.975901,0.971817,0.964531,0.982017,1.006603,0.993787,0.993437,0.977285,0.978772,0.975729,0.977876,1.000992,0.945167,0.962156,0.957698,0.97675,1.009199,0.982681,0.958633,0.980909,0.978682,0.986081,0.970879,0.970172,0.982981,1.028662
2015-07-31,0.950691,0.961939,1.004082,0.976717,0.944302,0.939799,0.915232,0.967045,0.966517,0.921461,0.938244,0.946107,0.980356,0.991778,0.9593700000000001,0.959429,0.946071,0.936524,0.949121,0.883866,0.989879,0.984782,1.016823,0.984113,0.999258,0.967222,0.97403,0.966431,0.981544,0.922916,1.011738,0.988557,1.008204,0.960128,1.016915,0.985452,0.95068,0.940461,0.948186,0.949806,0.998825,1.021775,1.024346,1.036181,0.984181,0.980667,0.962553,0.960761,0.951467,0.859694,1.044313,1.003951,0.998475,0.972917,0.957393,0.950584,0.953759,0.981681,0.976784,0.926057,1.034408,1.018666,1.009272,0.991898,1.016362,1.016577,1.001072,0.967947,1.001954,1.011071,1.016333,1.02886,1.002033,1.004208,0.965845,1.003227,1.040265,1.010119,0.95634,0.972684,1.035077,1.005562,1.004559,0.98212,0.992664,1.028517,1.044922,0.991251,0.990007,0.883821,1.051313,1.010696,1.037648,1.051873,1.01609,0.98629,0.982548,1.007418,1.001503,1.044254
2015-08-31,0.909896,0.967875,0.952012,0.929681,0.965433,0.966645,0.961876,0.980257,0.9667250000000001,1.00399,0.901335,0.899545,0.928768,0.923697,0.94801,0.937125,0.962772,0.952577,0.978772,1.018991,0.887238,0.943521,0.925814,0.946509,0.9407760000000001,0.98136,0.934499,0.959724,0.954335,0.972248,0.880443,0.915901,0.952551,0.950934,0.974751,0.952422,0.944185,0.977205,0.969058,0.917608,0.876394,0.888289,0.937716,0.938448,0.951882,0.970269,0.948509,0.946337,0.951279,0.999101,0.927032,0.958138,0.938807,0.963929,0.958262,0.978977,0.952609,0.937961,0.986513,0.974739,0.913871,0.919125,0.940306,0.943481,0.950113,0.926021,0.981728,0.943213,0.952819,0.980949,0.91719,0.933117,0.958145,0.948329,0.964799,0.957286,0.977839,0.949524,0.942855,0.9138,0.942831,0.939024,0.957076,0.947636,0.952092,0.984942,0.960688,0.947776,0.9386950000000001,0.934022,0.943357,0.937501,0.931244,0.929936,0.924626,0.952228,0.954257,0.938745,0.9242090000000001,0.917638
2015-09-30,0.911211,0.91974,0.888759,0.90387,0.935239,0.962095,0.952105,0.960522,0.96547,0.9325289999999999,0.940668,0.876638,0.934924,0.8824380000000001,0.918541,0.954947,0.961353,0.962681,0.960877,0.892599,0.8868050000000001,0.920565,0.940654,0.957981,0.946285,0.954739,0.96189,0.990571,0.969061,0.90078,0.914559,0.889474,0.96804,0.9355,0.940898,0.950241,0.974703,0.954764,0.969797,0.908273,0.917382,0.925522,0.962282,0.94647,0.974451,0.973753,0.949638,0.938863,0.989901,0.894683,0.929845,0.969001,0.965026,0.950689,0.922112,0.935419,0.9283049999999999,0.940262,0.930997,0.937651,0.939214,0.943806,0.967646,0.946819,0.967686,0.935936,0.995068,0.933223,0.990269,0.976436,0.946778,0.939307,0.958426,0.963619,0.976695,0.942526,0.967452,0.96984,0.950753,0.903264,0.97708,0.980117,0.968853,0.9354979999999999,0.971943,1.005251,1.059623,0.97392,0.934931,0.930731,0.977927,0.99122,0.982524,0.971451,0.972663,0.987355,0.960779,0.98284,0.946443,0.942946
2015-10-31,1.030717,1.05729,1.032973,1.019997,1.054671,1.041809,1.058898,1.051122,1.023012,1.037352,1.0628,1.089149,1.083,1.087681,1.0791520000000001,1.037202,1.040738,1.072466,1.068295,1.050316,1.064612,0.999973,1.047015,1.085712,1.051404,1.100342,1.053715,1.053776,1.028902,1.095751,1.039754,1.011042,1.062689,1.078935,1.049171,1.054679,1.0679319999999999,1.022108,1.040863,1.072151,1.037529,1.077029,1.083546,1.055395,1.068957,1.069844,1.056962,1.0789819999999999,1.053178,1.121851,1.057095,1.010084,1.055287,1.065571,1.080468,1.075357,1.04598,1.014508,1.072238,1.058995,1.038835,1.068675,1.064089,1.099563,1.057949,1.008675,1.045617,1.017521,1.073837,1.086595,1.057289,1.078202,1.070126,1.060937,1.087032,1.1074869999999999,1.027379,0.988918,1.055953,1.048054,1.06858,1.053962,1.062264,1.06944,1.081967,1.066057,1.033939,1.03921,1.0663529999999999,1.11078,1.094087,1.08424,1.08439,1.101328,1.078484,1.095845,1.07683,1.064795,1.069128,1.080174
2015-11-30,1.005026,1.038108,1.033588,1.072081,0.9925619999999999,1.047466,1.037418,1.024013,1.020895,1.006382,1.068329,1.068041,1.018398,1.08482,1.042231,1.024825,1.024766,1.046513,1.026617,1.046112,1.078248,1.049182,1.067335,0.978711,1.009504,1.045687,1.037278,1.065128,1.051726,1.019298,1.087254,1.09094,1.038537,1.022234,1.054047,1.000031,1.05166,1.042953,1.076425,1.01612,1.046357,1.05743,1.016659,1.038194,1.027244,1.051253,1.045896,1.049226,1.025211,0.976312,1.025261,0.978895,1.032715,0.99358,1.000978,0.963508,1.026484,0.995166,1.025856,1.057116,1.020519,0.995335,1.033455,0.977391,0.994636,1.015043,1.004195,1.026296,1.018897,1.027517,0.999543,1.026143,1.005463,1.007425,1.021416,1.008054,1.014176,1.021034,1.026294,0.949754,0.994867,0.982884,1.002709,0.984343,0.988278,1.012845,0.996053,0.997835,1.046613,1.031792,1.002448,1.003192,1.012521,0.996992,0.981553,1.004306,1.011468,0.995473,1.03524,1.024122
2015-12-31,0.956466,0.921462,0.94183,0.937774,0.960305,0.970002,0.95175,0.957348,0.985707,0.972126,0.971916,0.977743,0.949444,0.951242,0.928555,0.960557,0.939186,0.948317,0.94078,0.902659,0.983926,0.959685,0.940501,0.958919,0.971972,0.930216,0.974431,0.922171,0.936682,0.905758,0.971144,0.962195,0.957633,0.957544,0.956225,0.951686,0.948002,0.910953,0.940983,0.96295,0.994893,0.897979,0.967247,0.957111,0.942248,0.950929,0.941938,0.949781,0.922488,0.831232,0.9829600000000001,0.982286,0.955993,0.941827,0.950831,0.969284,0.920978,0.953926,0.936887,0.916323,0.969052,0.95667,0.961719,0.953916,0.97771,0.934939,0.961288,0.914803,0.939635,0.985535,0.969621,0.969526,0.9604239999999999,0.993491,0.972166,0.9363319999999999,0.952843,0.93418,0.9185909999999999,0.929508,0.986676,0.994332,0.979724,0.953889,0.97055,0.993597,1.001952,0.978942,0.91768,0.925061,1.003229,0.963523,1.002885,0.995363,0.953947,0.994537,0.953703,0.991757,0.963531,0.963414
2016-01-31,0.886755,0.897146,0.877154,0.839731,0.892462,0.873375,0.903411,0.946094,0.94669,0.930982,0.83867,0.870644,0.859792,0.855967,0.924272,0.92165,0.940341,0.9316260000000001,0.915223,0.894939,0.775066,0.807103,0.893831,0.936416,0.950223,0.924597,0.900071,0.927756,0.935975,0.903246,0.823754,0.869639,0.931774,0.957967,0.88697,0.9287,0.956601,0.94488,0.915037,0.904911,0.817472,0.901189,0.930325,0.914972,0.923259,0.918061,0.93599,0.957857,0.945445,0.905747,0.877903,0.92557,0.934901,0.934153,0.946348,0.931305,0.946912,0.890826,0.934759,0.919273,0.868702,0.9365950000000001,0.930351,0.925364,0.957321,0.909713,0.96321,0.926937,0.947168,0.969726,0.904033,0.91244,0.9312940000000001,0.936164,0.945945,0.923246,0.944253,0.908008,0.873931,0.899165,0.927549,0.945775,0.951306,0.928503,0.959108,0.981953,1.029044,0.955757,0.877924,0.894802,0.933932,0.9494,0.995552,0.941062,0.933966,0.973855,0.932698,0.975213,0.8953180000000001,0.857066
2016-02-29,0.992307,0.985762,0.96343,1.022443,0.990252,1.027997,0.973063,0.981172,0.995028,1.017937,0.950158,0.967981,1.043176,0.9658599999999999,1.000918,0.983059,0.988131,0.987396,0.99862,1.012308,0.983895,0.996613,1.0028,1.00671,0.999009,1.003566,1.032317,1.001315,0.971263,1.052925,0.993286,0.967984,1.02597,0.993402,1.016536,1.042628,1.010413,1.018292,1.015115,0.957784,0.983427,0.994193,1.009888,1.030001,1.019032,1.009059,0.992366,1.028317,0.989883,1.009133,1.022273,0.981015,1.004654,1.024073,1.023649,1.040896,1.0156,1.002229,1.086755,0.972302,0.996033,1.019817,1.019573,1.019397,1.01856,1.065709,1.033363,0.973066,0.982436,0.991763,1.011952,1.019419,1.01613,1.020119,0.950817,1.000068,1.009574,0.995277,1.005594,0.915338,1.000765,1.033913,1.032726,1.024912,0.994967,0.982791,1.005878,1.064079,0.954425,0.971068,0.998424,1.003628,0.981934,1.000849,1.027561,1.011478,0.955792,1.013086,0.956853,0.895763
2016-03-31,0.974357,1.025185,1.077714,1.1086260000000001,1.059123,1.033463,1.090555,1.04307,1.044279,1.056919,1.044938,1.065572,1.084171,1.072389,1.072601,1.080059,1.077787,1.068866,1.055296,1.137322,1.077913,1.1204749999999999,1.061371,1.063224,1.08582,1.080333,1.077185,1.06478,1.060466,1.11331,1.095978,1.052013,1.090862,1.065795,1.105448,1.072987,1.065877,1.099482,1.072521,1.125092,1.076961,1.08722,1.057835,1.071364,1.094391,1.066423,1.107118,1.09843,1.089276,1.1816010000000001,1.044491,1.043318,1.086681,1.072416,1.074191,1.079363,1.1193629999999999,1.085116,1.085714,1.164849,1.070483,1.076597,1.077773,1.104512,1.073017,1.077709,1.06745,1.132941,1.089281,1.047516,1.103314,1.065068,1.063279,1.070485,1.129988,1.09305,1.0939969999999999,1.069378,1.09616,1.147826,1.052381,1.064158,1.079741,1.085186,1.101715,1.075772,1.083552,1.095494,1.123807,1.119675,1.059177,1.07586,1.06092,1.059918,1.056032,1.063694,1.053663,1.080872,1.053638,1.084061
2016-04-30,1.014631,1.051051,1.043741,1.077169,1.065664,1.048523,1.011903,1.01373,1.047595,1.056982,1.047034,1.010022,1.003876,1.016262,1.024141,0.997695,1.025884,1.012003,1.053821,1.083582,1.065744,1.074001,1.015614,1.009761,1.013067,1.012196,1.035827,1.019168,1.034447,1.0681829999999999,1.042725,1.019293,1.013497,0.981161,0.98813,0.994528,1.016091,1.050721,1.024668,1.029085,1.029684,1.005068,1.004773,0.981005,1.02318,1.026184,1.008982,1.03483,1.018586,1.08455,1.008002,1.007207,0.997739,0.995057,1.012701,1.004812,1.042184,1.056564,1.027436,1.086784,1.028135,1.007661,1.00948,1.00576,0.999378,1.018593,1.023213,1.036302,1.026331,0.993002,1.025201,1.012569,1.006041,0.998991,1.02796,1.023718,1.001109,1.022696,1.0771,1.093182,0.985844,0.981903,1.001745,1.022628,1.043982,1.01373,0.990068,1.009263,1.080161,1.155774,1.00945,0.975581,0.983766,0.987848,1.030881,1.021058,1.050041,1.022871,1.057451,1.073048
2016-05-31,1.003494,1.022073,1.022837,1.084134,0.991185,1.009097,0.997641,0.974636,0.992682,0.978752,0.988994,1.033533,0.992113,1.03052,1.01735,1.02916,0.996844,0.99932,0.997128,0.962211,1.05459,1.018791,1.021473,1.012973,1.010652,1.015352,1.020752,1.030529,1.026046,1.008024,1.048343,1.000601,1.022894,1.020388,1.003623,1.000513,1.025979,0.996901,1.007263,1.010537,1.024055,1.001219,1.028108,0.994722,1.016225,1.013052,0.999756,1.014092,1.025999,0.972315,1.05437,1.036019,1.030825,0.997554,0.992478,1.006652,0.994249,1.030703,0.994114,1.034483,1.020509,1.046911,1.021055,1.0113,1.043184,0.996612,0.990365,1.0394,1.043979,1.000058,1.027636,1.044212,1.023103,1.014492,1.053075,1.064805,1.028444,0.996755,1.034731,0.966937,0.993781,1.003816,1.01443,1.02678,1.034188,1.042556,1.013985,0.973597,1.038634,1.010064,1.02077,1.018537,1.030545,1.0121,1.039191,1.004138,1.005677,0.990823,1.017279,1.016789
2016-06-30,0.919048,0.98899,0.9581500000000001,0.981662,1.001217,1.006156,1.002713,1.004363,0.990823,1.033277,0.963121,0.950147,0.981994,1.009936,0.995115,0.973943,1.02133,0.998616,1.000858,1.011197,1.005683,1.024569,1.005909,1.025566,0.964809,0.995316,0.994216,0.989723,0.989251,1.055704,0.972574,1.016346,1.005133,1.015587,0.988111,1.001342,0.973136,0.971604,0.983208,0.978406,1.080744,0.997317,0.996361,0.968433,1.004502,0.98648,0.996688,1.01609,0.999469,0.969377,0.97469,1.005845,0.96602,0.981755,0.992274,1.013587,1.005755,0.934428,0.988613,0.95403,0.993134,0.998028,0.991173,0.984207,0.997672,0.973572,1.003461,0.992689,0.984958,0.960263,0.97958,1.002337,0.988016,0.986513,0.969593,1.000203,1.028246,0.958304,0.945394,0.9029739999999999,1.0308060000000001,1.01285,0.998767,0.998408,0.998298,1.022095,1.053307,1.023635,0.96797,0.991438,0.999129,0.993866,1.005713,0.99356,0.996293,1.05129,0.963085,1.027774,0.939161,0.90389
2016-07-31,1.035306,1.012571,1.024324,1.057846,1.049549,1.0615,1.044668,1.032538,1.048009,1.06214,1.051967,1.068518,1.065816,1.072016,1.0750359999999999,1.076486,1.054606,1.058417,1.048393,1.072889,1.119344,1.091137,1.07125,1.059451,1.03466,1.066885,1.052059,1.047031,1.0811250000000001,1.056345,1.038037,1.0919,1.055584,1.06836,1.07781,1.052059,1.022664,1.064796,1.049292,1.092303,1.1067420000000001,1.04759,1.064166,1.049113,1.048159,1.067192,1.049055,1.064461,1.081384,0.978616,1.081918,1.053828,1.055277,1.03748,1.0689980000000001,1.070748,1.02649,1.038273,1.053051,1.110955,1.075217,1.056052,1.036374,1.046451,1.039783,1.032036,1.013839,1.017436,1.059151,1.017621,1.035772,1.049284,1.060249,1.015947,1.031647,1.024926,1.020546,1.044092,1.060038,1.095844,1.04481,1.061533,1.024091,1.059673,1.057635,1.031111,1.025809,1.047605,1.049231,1.027608,1.034579,1.07785,1.042894,1.029295,1.025377,0.985851,1.001748,1.009278,1.038414,1.065841
2016-08-31,1.001867,1.01629,1.008065,1.005374,1.047524,1.033193,1.029257,1.043831,1.039742,1.014687,1.004079,1.071374,1.010969,1.060367,1.062146,1.038251,1.051908,1.033989,1.053085,1.010203,0.996101,0.972826,1.022464,0.982302,1.012033,1.013421,1.029921,1.040717,1.053979,0.981975,1.027901,0.996226,1.078093,1.036712,1.021519,1.034813,1.032595,1.022204,1.055376,1.028656,1.012099,0.972551,1.026385,0.99122,1.030508,1.032592,1.053491,1.04186,1.028798,1.017403,0.99907,0.980156,1.063946,1.021656,1.045007,1.032571,0.979583,1.01399,1.0279,0.970801,0.994227,1.007955,0.996953,0.980927,0.980691,1.044465,0.978109,0.997706,1.012784,1.032552,1.023595,1.011361,1.02211,1.0184549999999999,1.046274,1.002363,0.993985,0.996841,1.066833,1.095311,0.980484,1.003166,1.015005,1.002434,0.99839,1.012811,0.988161,1.026916,0.959137,1.012164,0.980844,1.011468,0.987899,1.000365,1.007845,0.99943,1.006284,1.034632,1.046023,1.105448
2016-09-30,1.082643,1.170718,1.017451,1.028673,1.103769,1.0551,1.043871,1.043597,1.023634,1.008497,1.169205,1.077623,1.032048,1.02304,1.010064,1.035803,1.007434,1.035729,1.013763,1.03094,1.118326,1.009442,1.025386,1.012646,1.027977,1.007886,0.991708,1.006437,1.026816,1.0227870000000001,1.050283,1.030013,1.007771,1.018065,0.999822,1.008511,1.019268,1.016474,0.983582,1.020679,1.029436,0.965909,0.991364,1.007414,1.015136,0.997247,1.010872,1.022162,0.9999,1.06116,0.985946,1.005804,0.999075,1.024506,0.997285,1.011136,1.001092,1.023879,1.014828,1.007982,1.014516,0.979935,1.009362,1.006692,1.019331,0.999206,1.003542,0.981565,0.993645,1.04508,1.008175,0.983537,0.985105,0.995795,1.014831,1.007535,1.012051,1.001973,0.992373,0.990526,1.004239,1.007215,1.031262,1.009644,1.00912,0.997079,1.018445,1.022845,1.012413,1.037247,0.996433,1.018092,1.002533,0.996689,1.01801,1.003476,0.959713,0.972475,1.004854,0.978653
2016-10-31,0.888183,0.8434429999999999,0.923358,0.86112,0.876681,0.928013,0.939434,0.959272,0.980994,0.945004,0.912458,0.8924179999999999,0.905587,0.937083,0.951158,0.945019,0.9634739999999999,0.981321,0.974047,0.968833,0.855172,0.92049,0.949355,0.907571,0.965014,0.939472,0.983353,0.989382,1.011058,0.952279,0.900936,0.930281,0.90801,0.95808,0.931852,0.941994,0.951452,0.969654,0.960943,0.857128,0.926226,0.951674,0.950823,0.95095,0.960916,0.947528,0.978745,0.97179,0.985682,0.960274,0.946335,0.971342,0.940967,0.976165,0.977381,0.991898,0.977938,0.955182,0.956328,0.943577,0.9461,0.9529,0.97995,0.95196,0.993189,0.991348,1.009098,0.966391,0.951457,0.912233,0.963998,0.977127,1.00303,0.978087,1.001334,0.974139,0.978693,0.973742,1.022509,1.005658,0.935547,0.972845,0.984867,0.93785,0.970109,1.002147,0.993217,1.008398,1.011927,0.920663,0.973671,0.990474,1.000884,0.964451,0.995435,0.980947,0.979458,1.01114,1.028904,1.047988
2016-11-30,1.071445,1.058777,1.069644,1.04405,1.115531,1.1409449999999999,1.096548,1.111138,1.11631,1.12618,1.063456,1.085465,1.102025,1.122436,1.129514,1.149848,1.1401080000000001,1.1790180000000001,1.132309,1.1963300000000001,1.04738,1.100787,1.10889,1.092,1.122613,1.148869,1.163999,1.143731,1.140139,1.124557,1.149114,1.071015,1.105219,1.0963289999999999,1.109388,1.139005,1.15705,1.170466,1.154789,1.172851,1.048285,1.107588,1.097537,1.088226,1.109929,1.116423,1.171649,1.15707,1.156744,1.143753,1.059751,1.03863,1.0886149999999999,1.07136,1.097846,1.074908,1.111683,1.10285,1.184123,1.202828,1.05998,1.069318,1.076856,1.083889,1.107062,1.097837,1.069161,1.103625,1.158037,1.262073,1.00218,1.035283,1.060783,1.064992,1.061683,1.043621,1.044497,1.062377,1.150802,1.171223,1.038399,1.003714,1.105691,1.107064,1.070532,1.111575,1.003779,1.072052,1.069449,1.166816,1.020762,0.991572,1.012836,1.044787,1.002288,1.057148,1.06792,1.086017,1.123238,1.223196
2016-12-31,1.001994,0.958456,1.001666,1.013129,1.006101,1.038871,1.058393,1.083649,1.048095,1.040769,1.029337,1.033301,1.034795,1.072422,1.006044,1.041588,1.072398,1.094379,1.045399,1.037098,0.932924,1.031507,0.993861,1.019747,1.02543,1.031844,1.056709,1.067895,1.050856,1.046482,0.965869,0.980398,1.020079,1.013169,1.00953,1.028319,1.028142,1.030169,1.050742,0.986907,0.972546,1.00353,1.022626,1.033907,1.018396,1.011589,1.031605,1.025517,1.04783,0.977792,1.009707,1.020436,1.01399,0.996584,1.020966,1.01924,1.014358,1.010167,0.996974,1.019712,0.994177,1.014398,1.016518,0.996434,1.03119,1.006332,1.03228,1.029102,0.995803,0.946294,0.990014,1.005522,0.986665,1.010977,0.994409,1.023924,1.029394,0.967896,1.034438,1.039624,0.988899,0.998444,1.03931,0.994659,1.011907,1.010922,1.036138,1.037351,1.013911,1.049595,1.016191,1.015279,1.020108,1.003552,1.002389,1.033322,1.060176,1.034119,1.042518,1.049651
2017-01-31,0.989053,1.013098,0.97909,0.94224,1.020806,0.999651,0.974977,0.99598,1.014103,0.97927,1.031763,1.029717,0.976833,0.947959,1.013424,0.972281,0.973213,0.981476,0.961178,1.050484,1.022496,0.989367,1.001531,1.020482,0.985444,1.01439,0.976367,0.971549,0.984768,0.995523,1.056838,1.015059,1.005255,1.034036,1.004902,0.977108,1.008906,0.969594,0.998554,1.034368,1.050383,1.016825,1.014973,1.010391,0.982064,1.013442,1.002551,0.986676,1.021132,0.998108,1.0145710000000001,1.018479,1.02159,1.028926,1.011742,1.052806,0.993416,1.012195,1.012536,0.987921,1.052048,1.032348,1.059287,1.038849,1.016729,1.00383,1.016674,1.009165,0.991969,0.967809,1.045111,1.009402,1.026474,1.029109,1.009823,1.031259,1.008917,1.047265,1.027255,1.027051,1.042865,1.048799,1.038479,1.013446,1.058445,1.005411,1.008881,1.021258,1.064666,1.004703,1.020568,1.048098,1.02753,1.019822,0.973629,0.978457,1.013418,1.007911,0.98984,0.987497
2017-02-28,1.019437,1.037304,1.023041,1.029749,1.040017,1.055418,1.001812,1.008457,0.999678,0.978964,1.039872,1.021595,1.043587,0.97936,0.998487,1.012751,1.01792,0.991418,0.993241,0.961608,1.102826,1.006432,1.033403,0.998231,0.990513,1.043045,1.021924,1.022082,1.027416,0.996049,1.09461,1.015627,0.975372,1.001542,1.001796,0.989362,0.985915,1.024422,1.00796,1.016187,1.024885,1.043906,0.98872,1.01486,1.038053,1.012522,1.017271,1.019078,0.991299,0.919795,1.024897,1.054422,1.043698,1.017127,0.996533,1.012014,0.99297,1.015478,1.035074,1.013093,1.064215,1.030429,1.019507,1.030125,1.005837,1.017354,1.021335,1.014841,1.014039,0.950484,1.016725,1.049506,1.040901,1.012177,1.042801,1.042215,1.018317,1.021012,1.035931,1.04872,1.019123,1.047741,1.005974,1.030588,1.033123,1.022082,1.042561,1.016661,1.010636,0.99574,1.041116,1.062459,1.039464,1.027389,1.054486,0.995438,1.020261,1.047151,1.041598,1.083593
2017-03-31,1.020521,1.005855,0.993616,1.042762,1.03857,1.083958,1.010273,1.009033,1.02898,0.9825,0.967971,1.063702,1.040652,1.034477,0.991631,0.999586,0.995162,1.014393,1.011115,0.963515,1.046993,1.025227,1.045311,1.01273,1.015836,0.985055,0.980796,0.990812,0.988127,0.935244,1.043302,1.029,0.982726,0.994132,0.977645,0.995776,0.986715,1.009208,0.993247,1.000772,1.034139,1.025708,0.992619,1.002611,1.004437,1.012759,0.988744,0.975183,0.992401,0.980346,1.011768,1.000646,1.016994,0.978511,0.997931,1.027413,0.982436,1.020464,0.969828,0.957819,1.006417,1.00525,1.012874,0.989696,1.004537,1.001256,1.002092,0.993989,0.962476,0.970746,0.99225,1.019871,0.998494,0.99845,1.009723,1.003498,0.990517,1.014406,0.972411,0.951643,1.000071,1.004497,1.007383,1.015735,0.99848,0.978274,1.006568,1.022816,0.953794,0.981999,1.009043,1.026335,1.004536,1.000469,1.000492,0.990143,0.988758,0.971646,0.967373,0.975634
2017-04-30,0.996807,1.004032,0.990574,0.988644,1.013786,1.007619,1.033436,1.010102,0.996201,1.001282,1.127783,1.01301,1.010568,1.010065,1.021738,0.992572,1.021617,1.028713,1.025076,0.983471,1.023332,1.026157,1.033718,1.023948,1.024581,1.019531,1.011562,1.028536,1.015852,0.981079,1.032616,1.059491,0.96584,1.028473,0.999014,1.000638,0.995906,1.020684,1.008862,1.00549,0.982497,1.018555,1.011396,1.016578,0.99908,1.021894,1.024697,0.993795,0.999679,0.946222,1.047635,1.016939,1.0228,0.991268,1.026107,0.99798,0.992679,0.983696,0.994818,0.8948,1.036244,1.009273,1.018619,1.003496,0.99374,0.994186,1.015443,0.984567,0.97241,0.942946,1.022195,1.012625,1.013615,1.024617,1.008616,1.003602,1.008597,0.97517,0.997649,1.006552,1.021539,1.006527,1.003719,1.012937,1.029383,0.984481,1.017141,1.000757,1.005097,0.991175,1.020123,1.019435,1.030133,1.012269,1.01843,0.995175,0.982045,0.992064,0.991472,0.990057
2017-05-31,0.949681,0.973757,0.985749,0.940946,0.947439,1.006051,0.97803,0.997458,0.982119,0.963441,1.05996,0.937753,0.946758,0.98072,1.04252,0.929306,0.977883,0.954301,0.974463,0.923852,1.022877,1.01996,0.991756,0.973002,0.989696,0.983292,0.962953,0.964706,0.971606,0.938021,0.981415,1.003111,0.991593,1.007092,0.994165,0.947281,0.9575940000000001,0.951534,0.971946,0.9237960000000001,1.008286,1.010205,0.957152,0.995433,0.981958,1.010106,0.99048,0.967754,0.957405,0.954187,1.005543,1.030718,1.023952,0.990534,0.964991,0.941829,0.984337,0.978599,0.967244,0.932716,1.007764,1.018904,1.000047,1.002489,1.001628,0.982211,1.009826,0.967689,0.987977,0.918459,1.022388,1.014118,0.991372,0.985905,1.007238,1.009691,1.011443,1.010715,0.969015,0.974008,1.029778,1.044454,1.081848,0.98601,1.023233,0.987345,1.004152,0.988117,0.981154,0.956071,1.025546,1.030698,1.030529,1.003967,1.017915,0.996666,0.984946,1.003938,0.972151,0.988833
2017-06-30,1.100451,1.100272,1.041847,1.046055,1.045282,1.048283,1.037321,1.040555,1.031745,1.045249,1.01947,1.154955,1.149158,1.063968,1.033431,1.064746,1.03585,1.03963,1.040552,1.072703,1.064146,1.092261,1.049856,1.033551,1.049036,1.037298,1.041137,1.019686,1.020363,1.056083,1.054405,1.047098,1.00797,1.029984,1.025649,1.021635,1.038802,1.026978,1.035715,1.068861,1.036482,1.021081,1.000107,1.034931,1.015378,1.027412,0.998166,1.03961,1.037368,0.9261699999999999,1.029611,1.018348,1.006505,1.040867,1.017457,1.056455,1.01723,1.044193,1.059794,1.005925,0.995333,1.040579,1.014695,1.023532,1.010039,1.028306,1.014747,1.044195,1.026818,1.052391,1.003795,1.018314,1.009137,1.021812,1.001575,1.019597,1.024672,1.003567,1.029162,1.065648,0.987571,0.99173,1.013407,1.018395,1.008528,1.001746,1.004232,0.997263,1.013366,0.971172,1.001959,0.989444,0.996712,1.004199,0.983221,0.999188,1.013807,1.031889,1.051352,1.092211
2017-07-31,0.982142,0.987957,0.972667,0.98168,0.992577,0.989294,1.008954,0.993632,0.996969,0.989694,1.030015,0.967031,0.959794,0.976653,0.999061,0.988048,0.991832,0.9832,1.016745,0.980305,0.95488,1.001499,1.001999,1.026483,0.990518,1.01342,1.00126,1.032287,1.022917,1.005924,1.014864,1.010353,1.011972,0.975037,1.019672,1.016713,1.021284,1.000462,1.044189,1.010733,1.036916,1.007965,1.026298,0.996907,1.011997,1.014455,1.008602,1.003454,0.990623,0.991201,0.992537,1.005054,0.996862,1.004013,1.016537,1.014292,0.99794,0.994925,1.033542,1.068063,1.02689,1.007679,1.010311,1.018969,1.01983,0.984992,1.044155,1.019915,1.005943,1.054726,1.02318,1.008356,1.001711,1.0205359999999999,1.02151,1.007897,1.00713,1.053857,1.027671,1.019701,1.004892,1.012919,1.043457,1.03661,1.015633,0.996859,1.025353,1.016761,1.039521,1.018182,1.025641,1.031229,1.025743,1.012429,1.021729,1.012055,1.0327,1.017823,1.026231,1.015269
2017-08-31,0.985363,0.921307,0.9809,0.943065,0.942793,0.992898,1.014683,0.974718,0.997042,0.983136,0.950161,1.05505,1.040739,0.997833,1.01658,0.963929,0.992168,0.951169,0.988131,0.958166,0.968789,0.977621,0.959058,0.998585,0.973786,0.990422,0.962984,1.032981,0.954132,1.022058,1.021147,0.991095,1.000022,0.978646,0.972035,0.990552,0.926499,0.966195,0.925923,0.962879,1.026601,1.006595,0.954393,0.98189,0.987582,0.992649,0.985862,0.964809,0.97837,0.990256,1.014482,0.991601,0.973319,1.010783,0.959332,0.990767,1.004901,1.002675,0.957128,0.964903,0.990585,1.03554,1.004459,0.972633,1.027133,0.982482,0.970411,0.97072,0.973537,1.065815,1.004709,1.007677,1.014203,1.000221,0.991968,0.990654,0.974776,1.019305,0.977597,0.93999,1.000453,1.003296,0.980401,0.968322,0.975202,0.991102,1.004668,0.980946,0.981825,0.9602580000000001,1.004444,1.045795,0.998078,1.012378,1.012732,0.982079,1.007615,0.999362,0.992305,0.975008
2017-09-30,1.086639,1.094693,1.083376,1.023839,1.052281,1.122971,1.1464940000000001,1.080057,1.091155,1.096419,1.088032,1.045103,1.081705,1.044202,1.112953,1.095026,1.092385,1.089071,1.080535,1.100059,1.062595,1.096467,1.03765,1.086469,1.069348,1.121298,1.078705,1.075526,1.112654,1.02715,1.027977,1.044831,1.065754,1.058573,1.090801,1.078446,1.11732,1.098965,1.095392,1.029328,1.041177,1.046029,1.038521,1.068512,1.086999,1.051473,1.077666,1.097434,1.083871,1.057234,0.99144,1.027348,1.030285,1.053752,1.068551,1.073211,1.075345,1.034392,1.071363,1.003185,1.017474,1.032659,1.033254,1.024152,1.050287,1.048704,1.063556,1.051771,1.055896,1.033666,1.027511,1.039513,1.028025,1.057659,1.055071,1.032276,1.020454,1.007134,1.027081,1.109609,1.008414,1.007464,1.053933,1.031575,1.03706,1.006065,0.984857,1.043173,1.047361,1.033536,1.023319,0.997435,1.006417,1.009071,1.025883,1.052708,1.004686,1.044425,1.043746,1.062886
2017-10-31,0.965409,0.99731,0.94903,1.011027,1.00085,0.992872,0.996415,0.979336,1.013795,1.005581,0.94754,0.980785,0.990966,0.957654,1.032122,1.051078,1.020491,0.988205,1.006338,1.011368,0.986671,1.019466,0.977119,1.013325,1.011674,1.002626,1.019314,1.014359,0.982907,1.01612,0.997283,1.000976,1.025417,1.027931,1.000934,0.996313,0.979157,0.987681,1.02122,1.011244,1.039041,1.019002,0.987797,0.999535,0.991507,1.006369,0.976416,1.007265,1.031303,1.073869,1.042991,1.001064,1.035012,1.038967,1.033705,1.015389,1.003471,1.024675,1.004557,1.064664,1.021244,1.038918,1.051959,1.02065,1.052004,1.003466,0.998043,0.986403,1.003395,1.031745,1.022151,1.025609,1.02766,1.030713,1.037381,0.980575,0.971377,1.036842,1.043465,1.009794,1.012016,1.015337,1.017667,0.99045,1.024702,1.023103,1.024643,1.012734,1.006455,1.042608,1.033187,1.061515,1.002161,1.014107,1.065619,0.981817,0.991607,1.017409,1.043693,1.049896
2017-11-30,1.030309,0.993802,1.017341,1.026947,1.029455,1.036336,1.038818,1.029735,1.033123,1.025562,1.0788820000000001,0.966145,1.038157,1.069394,1.017376,1.026384,1.018248,1.009612,1.045317,1.060772,1.031545,1.027094,1.035194,1.008244,1.016375,0.990024,1.016671,1.020266,1.042452,1.030373,1.036912,0.999147,1.044813,1.039111,1.045832,1.028084,1.022131,1.028975,1.003034,0.984159,1.039853,1.002277,1.043532,1.029091,1.061236,0.998566,1.040631,1.024551,1.025215,1.066095,1.080798,1.025699,1.039254,1.027059,1.024456,1.06249,1.027072,1.041412,1.042715,1.024819,1.023103,1.049174,1.029758,1.017715,1.032538,1.049095,1.046251,1.004808,1.052369,0.987367,1.050527,1.057296,1.050922,1.070231,1.027725,1.06887,1.03202,1.039196,1.060892,1.049793,1.039991,1.036576,1.032382,0.998864,1.040419,1.013999,1.005533,1.04498,1.028506,1.00135,1.038969,1.022981,1.028095,1.02143,1.050897,1.050527,1.007248,1.037387,1.028051,1.020894
2017-12-31,1.042962,1.07436,0.984854,1.016981,1.011278,1.000237,0.972113,0.998676,0.997517,1.012752,1.029874,0.96483,1.004972,0.997253,0.995871,0.988589,0.97005,1.005891,0.986242,1.021137,1.019858,1.014251,1.018693,1.004608,0.990906,0.966549,0.990944,1.008353,1.000108,0.989697,1.009281,0.970581,1.047413,1.007866,0.982295,0.979371,1.008058,0.988968,0.994293,1.028189,0.996648,1.007812,0.996071,1.008458,1.004976,0.998042,0.972607,0.993413,0.996278,1.004413,1.01077,1.020217,0.993105,0.999957,1.012482,0.997173,0.985761,0.991825,0.996814,1.022267,0.999213,0.994599,1.011581,1.021894,0.999282,1.013872,1.01357,1.007188,1.016699,1.147924,1.005033,1.01183,1.004995,1.002324,1.007535,1.005799,1.012191,1.012179,1.009297,1.05739,1.019036,1.012413,1.020957,1.070996,1.028601,0.995067,0.97877,1.00195,1.016836,1.009268,1.013779,1.004873,1.008057,1.013377,1.016671,1.014092,0.977222,1.033109,1.009679,1.014138
2018-01-31,0.980567,1.127674,1.054681,1.064922,0.995007,0.96872,1.017853,1.028076,1.018368,1.003699,1.00523,1.053174,1.025556,1.011011,1.052484,1.033994,1.026227,1.033787,1.016884,0.960663,1.049827,1.035814,0.980698,1.035633,1.043436,1.001174,1.001595,1.036923,1.028859,1.044671,1.027167,1.008551,1.025147,1.041202,1.012622,1.054596,1.029376,1.021418,1.012606,1.001385,1.03311,1.050667,1.032834,1.051131,1.028217,1.0451,1.026009,1.011435,0.997301,1.025312,1.099614,1.013987,1.032832,1.036355,1.045524,1.016231,1.111416,1.008718,1.033446,1.03502,1.049544,1.032176,1.05506,1.038499,1.035621,1.035013,1.030808,1.02016,1.013129,1.004648,1.075726,1.030535,1.0638670000000001,1.05675,1.065351,1.034087,1.030938,1.051116,1.00882,1.038019,1.044781,1.063102,1.051984,1.06918,1.02288,1.038336,0.997593,1.030667,1.096413,1.038677,1.109096,1.056973,1.026103,1.081418,1.067454,1.045593,1.025748,1.058804,1.057928,1.057134
2018-02-28,1.000545,0.928934,0.93803,1.009844,0.964798,0.959103,0.938983,0.971377,0.974462,0.945367,0.980518,0.985413,0.966524,0.995695,0.974629,0.94379,0.970236,0.979021,0.98416,0.922978,0.963423,0.957619,0.979984,0.98367,0.955846,0.97601,0.967395,0.971992,0.954034,0.984016,0.906613,1.006458,0.984379,0.965278,0.958446,0.955676,0.947974,0.96633,0.975026,0.920471,0.993482,0.986859,0.924123,0.960481,0.98076,0.929052,0.968332,0.96678,0.943779,0.941642,0.963936,0.950504,0.973501,0.988695,0.969873,0.911815,0.946906,0.9566479999999999,0.973548,0.937554,0.992338,0.968148,0.956913,0.970021,0.973749,0.944102,0.963623,0.9288730000000001,0.958461,0.944685,0.96282,0.959572,0.942069,0.947206,0.966603,0.968759,0.954132,0.961573,0.973057,0.921726,0.97737,0.969626,0.953854,0.95246,0.978692,0.952438,0.943415,0.949653,0.998756,0.970831,0.9755,1.002775,0.945972,0.954353,0.935122,0.950159,0.957957,0.937607,0.98472,0.970862
2018-03-31,1.030016,0.990879,0.992141,0.9660880000000001,1.021265,0.99576,1.044487,1.0387170000000001,1.036729,1.011278,1.046615,1.031609,0.976111,1.012253,0.995508,1.014466,1.024966,1.016302,1.010407,1.056386,1.017947,1.022422,1.002888,1.010369,0.992053,1.021392,1.026684,1.00524,1.011472,1.025464,1.025499,1.015978,0.988828,1.03163,1.012938,1.019856,1.00875,1.012756,1.002858,1.00079,1.007068,1.028504,1.019031,0.996767,1.004428,1.000857,0.997788,1.035501,1.014008,1.038025,1.04653,0.997921,1.015535,1.011963,0.972857,0.994243,1.016846,1.0139,0.988399,1.005324,1.005028,1.001875,0.997186,1.002359,0.989809,0.970425,1.050611,1.021003,1.018935,0.9953,0.995987,0.985046,1.015166,0.991658,1.008024,1.006663,0.975939,0.996761,0.981115,1.012371,0.999215,0.978716,0.994771,0.975797,0.991021,0.979468,1.055103,1.008581,0.965573,0.992899,0.971406,0.967094,0.969689,0.940915,0.994178,0.981923,0.999315,0.96046,0.9619530000000001,0.935723
2018-04-30,0.963594,1.01863,1.030515,1.034934,1.00121,0.996995,1.039242,1.007241,1.002238,1.023053,1.024093,0.994037,1.034593,1.066404,1.006584,1.013585,0.997801,1.015122,1.010576,0.998673,1.035263,1.006024,0.996524,1.009143,1.0165,1.005047,1.004442,0.986936,1.061408,1.03305,1.029089,0.95314,1.019803,1.019283,1.005741,1.008487,1.01014,1.030828,1.025637,1.06887,1.021495,1.036183,0.988752,1.011391,1.010786,1.011266,0.997712,1.011125,1.051395,1.035248,0.973365,0.980112,1.004027,1.00672,0.971118,0.954135,1.021644,1.019793,0.960359,0.999408,1.003957,0.983616,0.985243,0.996025,0.980611,0.994683,1.011471,0.980044,1.002198,1.099196,1.013956,0.989044,0.998528,0.990283,0.992379,1.003124,1.009317,0.965234,1.007655,1.043364,0.991186,0.963299,1.019125,0.993312,0.989065,1.026972,1.02094,1.004071,0.99417,1.034688,1.008997,1.00107,1.025164,0.992447,1.017053,1.017673,0.976045,1.015315,0.991825,1.00543
2018-05-31,1.08421,1.3565260000000001,1.1269230000000001,1.052944,1.036323,1.056057,1.11114,1.037115,1.062242,1.035809,1.14941,1.081591,1.096626,1.12351,1.089103,1.08226,1.062396,1.060322,1.099069,1.052691,1.118887,1.054518,1.043059,1.091928,1.082919,1.051922,1.081931,1.050598,1.01191,1.013508,1.118435,1.073362,1.054998,1.062615,1.065695,1.074054,1.085983,1.066111,1.073413,1.042422,1.039812,1.1282320000000001,1.010324,1.088914,1.054936,1.071776,1.060304,1.06117,1.078987,1.076871,1.043228,1.038418,1.061494,1.050562,1.047034,1.018366,1.043844,1.053862,1.051111,0.98644,1.071806,1.061229,1.062585,1.032328,1.037889,1.011347,1.025719,1.038298,1.050205,0.970025,1.050888,0.998626,1.040799,1.046444,1.022096,1.029355,0.998294,1.023453,0.987313,1.023995,1.031661,1.038029,0.971983,0.990722,1.007728,1.003067,0.993647,0.979342,0.968628,0.970258,1.029079,1.064967,1.026606,1.032848,1.013894,1.004081,1.022872,1.0047,0.995959,0.974568
2018-06-30,1.014937,1.035584,1.029668,1.01545,0.970035,0.989706,1.013839,1.007758,1.027407,0.994825,1.021568,1.062516,1.015059,1.045271,1.001928,1.019922,1.020312,0.999944,1.014276,1.047164,1.013151,1.040294,1.023666,1.016712,0.984225,1.006348,0.991121,0.993542,1.016292,1.042812,0.973782,1.017206,1.091241,1.008363,1.006653,0.995115,0.980415,0.989102,0.98744,1.012444,1.055014,0.987891,1.022585,1.012207,1.003155,0.993397,0.990791,1.012538,0.998419,0.996411,0.972414,0.994268,1.011239,0.990029,1.004612,1.003824,1.024751,0.978799,0.992811,0.95459,1.004091,1.006922,1.019084,1.0069110000000001,0.978937,1.021977,0.985855,0.977779,0.98685,0.97626,1.012147,1.033466,1.006606,1.019625,0.995732,0.993184,1.005044,0.980281,0.992347,1.017576,1.010949,1.004401,1.005283,1.018852,1.000027,1.000231,0.986482,1.016414,0.967369,0.988123,1.017033,0.999949,1.019251,1.00943,0.996064,1.002624,1.036653,0.995226,0.973779,0.980949
2018-07-31,0.980525,0.988534,0.968461,1.010343,0.982177,0.997199,1.009037,0.993049,0.999732,0.9943379999999999,0.996765,0.992062,0.981939,0.998103,1.021923,1.02431,0.988158,1.002855,0.990316,1.014716,0.985592,1.063713,1.030534,1.019728,1.021969,1.033878,0.988448,1.018941,1.020947,1.03907,0.991723,1.011295,1.044646,1.063832,1.071161,1.035525,1.024999,0.995216,1.028432,1.02968,1.016738,0.999709,1.034052,1.024178,1.038839,0.992708,0.996243,1.031011,1.010528,0.974375,1.0271,1.00196,1.022399,1.027198,1.021726,1.016661,1.035138,1.023022,1.004282,0.9832380000000001,1.005016,1.029234,1.045313,1.051712,1.05147,0.998679,0.993297,1.004196,1.0207,1.016135,1.031223,1.024537,1.007711,1.040229,1.0245630000000001,1.02473,1.035919,1.023795,1.031029,1.045723,1.02553,1.044918,1.034754,1.035925,1.043177,1.026121,1.024768,1.035435,1.007361,1.05644,1.038578,1.017477,1.055965,1.055474,1.03543,1.036375,1.005994,1.050665,1.071761,1.055258
2018-08-31,1.043855,1.078292,1.082941,1.035299,1.030763,1.01128,1.016633,1.016154,1.029283,1.026537,1.049231,1.015707,1.119248,1.077134,1.076526,1.011716,1.03244,1.008458,1.007784,1.046788,1.09744,1.088719,1.051571,1.050792,1.041941,1.046742,1.011645,1.016351,1.001746,1.078484,1.055712,1.066476,1.054054,1.045741,1.026691,1.044865,0.982857,1.067328,1.013226,1.036136,1.045632,1.048371,1.018989,1.050917,1.012726,1.043277,1.038154,0.995973,1.041588,1.001222,1.067759,1.091578,1.1058189999999999,1.038779,1.032854,1.038332,1.034983,1.035953,1.04275,1.073535,1.0857809999999999,1.064294,1.013932,1.046072,0.984378,1.013902,0.995112,1.029805,1.009086,1.005001,1.1047150000000001,1.044836,1.029933,1.037954,0.98457,0.998398,1.011191,0.997418,0.962172,0.981519,1.087679,1.03719,1.008085,0.981088,1.025871,1.006017,1.002048,0.975809,1.041564,1.054788,1.056421,1.068057,1.02106,1.027945,1.031554,1.013003,1.011587,1.006612,1.006146,0.985658
2018-09-30,1.011273,0.918129,1.022651,1.002512,0.988549,0.970167,0.967107,0.985308,0.969291,0.975558,0.993484,0.962267,0.981548,0.976168,0.918735,0.961003,0.961291,0.957309,0.990266,0.967861,0.943956,0.962618,0.9585,0.982436,0.963952,0.94412,0.952963,0.975483,0.966009,0.978698,0.978152,1.023809,0.996714,1.011859,0.987126,0.967326,0.979887,0.955627,0.98129,1.019826,0.970837,0.997851,0.979043,0.981316,0.981781,0.985978,0.952919,0.949829,0.96314,1.010374,0.972484,0.981263,0.996745,0.9984,0.990971,0.95572,0.976205,0.954533,0.952803,0.994615,0.987313,1.002218,0.98677,0.982254,0.965653,0.961813,0.988267,0.994298,0.981079,0.980364,0.99403,0.982862,1.013784,1.014327,0.980262,0.999193,1.009218,1.01347,1.018148,1.016339,1.014459,1.001775,0.999532,1.01399,0.991307,0.987884,0.975844,0.994609,0.98158,0.977251,1.013416,1.004057,1.001392,1.034202,1.005945,0.992994,1.016651,0.97943,0.977297,1.018307
2018-10-31,0.889085,0.8612960000000001,0.79715,0.845753,0.891244,0.911053,0.895499,0.920704,0.928269,0.899921,0.84331,0.842524,0.882241,0.847203,0.874591,0.894742,0.89579,0.913009,0.91626,0.922248,0.838933,0.891279,0.896715,0.85964,0.8609020000000001,0.885752,0.905782,0.923203,0.927917,0.841799,0.896421,0.864372,0.875579,0.889647,0.867089,0.89084,0.878795,0.857294,0.94388,0.925754,0.831097,0.841528,0.910724,0.8789629999999999,0.889839,0.895246,0.931049,0.920251,0.887698,0.917423,0.886941,0.87788,0.873949,0.9172819999999999,0.935825,0.928769,0.937128,0.913923,0.928192,0.90145,0.891528,0.893296,0.895601,0.87784,0.908961,0.898174,0.914852,0.892571,0.91168,0.905887,0.910034,0.912737,0.899423,0.914892,0.924397,0.924494,0.97848,0.9303049999999999,0.913973,0.904045,0.881076,0.911863,0.919388,0.887505,0.893084,0.936264,0.994783,0.872159,0.937832,0.927806,0.89034,0.946051,0.959418,0.95244,0.965507,0.961678,0.917025,0.97075,0.934986,0.858418
2018-11-30,0.943626,0.978008,1.017543,0.987662,0.989739,0.980974,0.968996,1.008992,0.989633,0.954944,0.957587,1.052034,0.995563,1.007094,1.034722,0.996478,0.99342,1.018377,0.977453,0.9446,0.988714,1.056936,0.98712,1.004863,1.009411,1.0387170000000001,0.99306,1.039726,0.987612,1.010875,1.012816,1.068772,1.04098,1.023242,1.058507,1.018676,1.017936,1.021717,0.994168,1.053402,1.015443,0.981645,0.97781,1.035231,1.03981,1.065508,1.023938,1.028741,1.010216,1.019243,0.98918,1.023069,1.061665,1.027783,1.004791,1.028338,1.015064,1.027609,1.004884,0.912645,1.05627,1.049436,1.019946,1.038366,1.046967,1.065748,1.013779,1.044288,1.055517,1.000948,0.992275,1.02561,1.01768,1.010302,1.033563,1.020328,0.954912,0.977287,1.106467,1.033833,1.047068,1.026846,1.012417,1.044122,1.036606,1.021609,1.015814,1.011039,0.93423,0.959027,1.033974,0.966133,1.035866,1.029405,1.042809,1.001665,1.023691,1.031428,1.02085,1.051304
2018-12-31,0.850166,0.835731,0.8429949999999999,0.851276,0.871924,0.89166,0.867924,0.901509,0.902729,0.851897,0.845048,0.903096,0.858102,0.893379,0.926652,0.874436,0.880317,0.886201,0.891345,0.866052,0.878901,0.878758,0.8893679999999999,0.899214,0.906772,0.8795580000000001,0.87358,0.8815459999999999,0.890007,0.863748,0.894609,0.85997,0.864506,0.904913,0.877066,0.87703,0.886611,0.857428,0.892417,0.866129,0.922113,0.857943,0.9077,0.871356,0.861298,0.864194,0.887948,0.8581719999999999,0.854343,0.89191,0.896156,0.878374,0.913763,0.885351,0.889981,0.916007,0.893621,0.886867,0.865803,0.7919419999999999,0.899213,0.8949320000000001,0.864879,0.894088,0.910123,0.887914,0.897768,0.838688,0.874538,0.810957,0.911747,0.889615,0.885495,0.895763,0.8808860000000001,0.90084,0.880534,0.889133,0.912759,0.864641,0.92073,0.911214,0.915668,0.897987,0.861607,0.89929,0.948644,0.84223,0.8952910000000001,0.862067,0.920627,0.907569,0.93326,0.9280269999999999,0.889019,0.919136,0.885175,0.897317,0.8601840000000001,0.903741
2019-01-31,1.152423,1.168186,1.183466,1.110583,1.110214,1.092742,1.085163,1.062661,1.086089,1.134532,1.108471,1.094127,1.096365,1.098527,1.11122,1.090118,1.087841,1.099031,1.112337,1.103505,1.124924,1.109407,1.096892,1.117461,1.094869,1.078787,1.101701,1.091652,1.12463,1.090937,1.12477,1.0772680000000001,1.104791,1.117334,1.083576,1.117245,1.110493,1.104637,1.096145,1.094914,1.184043,1.156615,1.131731,1.088551,1.140455,1.134802,1.075685,1.110978,1.15759,1.132239,1.14786,1.104538,1.063918,1.114725,1.095639,1.0982,1.094041,1.142454,1.125467,1.154669,1.149284,1.12169,1.10213,1.105549,1.094864,1.099801,1.133913,1.169286,1.097522,1.18674,1.10092,1.095286,1.090833,1.124413,1.124199,1.094402,1.082724,1.1089579999999999,1.078267,1.138275,1.116144,1.102356,1.09359,1.140031,1.133281,1.106515,1.056466,1.140568,1.048285,1.098697,1.078704,1.075782,1.065762,1.040445,1.07103,1.120448,1.068065,1.059602,1.164838,1.112808
2019-02-28,1.092003,1.090147,1.001844,1.043402,1.056385,1.052827,1.041843,1.056446,1.057347,1.071155,1.113611,1.02823,1.078651,1.06056,1.071613,1.066617,1.042756,1.053845,1.055534,1.011377,1.07136,1.048366,1.076442,1.037906,1.088072,1.062618,1.03995,1.056095,1.023159,1.020607,1.069814,1.060415,1.102625,1.045327,1.01292,1.058019,1.026911,1.08013,1.001323,0.991541,1.044093,1.070432,1.037066,1.069906,1.046693,1.025504,1.042552,1.03877,1.036879,0.9715,1.106601,1.043115,1.040604,1.076248,1.060368,1.062056,1.014803,1.058589,1.048294,1.014452,1.093189,1.081496,1.054553,1.042799,1.039552,1.049598,1.021246,1.013843,1.055177,1.021522,1.062374,1.052629,1.060937,1.034891,1.028808,1.020196,0.992615,1.086896,0.982248,1.057547,1.064854,1.056583,1.067783,1.041593,1.012656,1.048388,1.036836,1.042659,1.02012,0.974759,1.037667,1.033609,1.008327,1.049809,1.050256,1.031949,1.032854,0.999766,1.02212,1.015324
2019-03-31,1.025784,1.004121,1.015671,0.9533469999999999,0.956577,0.982899,0.979754,0.965457,0.972777,0.941085,0.980366,1.011215,1.049854,0.96463,0.959938,0.973265,0.932109,0.9301820000000001,0.979546,0.953598,1.000752,0.989113,1.007173,0.973633,0.991606,0.962615,0.942513,0.951777,0.966508,0.9485,0.996139,1.000893,0.985087,0.982612,0.973894,0.9525710000000001,0.959604,0.910866,0.96934,1.008243,1.006488,0.979099,0.96077,0.98183,0.98735,0.966848,0.987812,0.96129,0.97639,0.957348,0.981409,0.983607,0.999946,0.984615,1.012043,0.984265,0.997421,0.9631460000000001,0.961395,0.961248,1.011062,0.996416,1.002301,0.987247,0.996863,0.954323,0.978599,1.006309,0.967166,0.966417,1.025399,1.030078,1.01271,1.021082,0.973536,1.03043,0.986167,1.013542,0.971216,0.970525,1.026275,1.002504,1.0223,0.9987,0.984497,1.004716,1.002561,0.975179,0.964076,0.957615,1.032708,1.037523,1.020118,1.018367,1.021163,0.988241,1.002164,0.988384,0.97082,0.966604
2019-04-30,0.991988,1.003692,0.992832,1.016431,1.0189,1.015529,1.02386,1.021664,1.023807,0.996716,1.015615,1.003712,1.023536,1.0167,1.020813,1.023387,1.080913,1.040218,0.995229,1.055899,1.008589,1.030889,1.047287,1.042464,1.035711,1.049695,1.037773,1.020523,1.045537,1.018212,1.03131,1.053201,1.006368,0.988753,1.022707,1.041476,1.048159,1.035401,1.034256,1.0323579999999999,1.01964,1.005266,1.039254,1.038913,1.069891,1.080475,1.053867,1.05897,1.026622,1.017674,1.046858,1.039926,1.064148,1.045965,1.054213,1.074159,1.055167,1.069562,1.071156,1.007942,1.045845,1.031142,1.083613,1.015485,1.088875,1.0267,1.035057,1.0690439999999999,1.038769,1.061364,1.029704,1.025673,1.028281,1.040019,1.041946,1.033754,1.042149,1.071185,1.051279,1.037133,1.031696,1.043263,1.057998,1.03051,1.038984,1.025972,1.019618,1.09118,1.055203,1.013634,1.043433,1.047205,1.023305,1.036464,1.056094,1.022917,1.02049,1.069177,1.102323,1.111818
2019-05-31,0.976347,0.958091,0.923607,0.924667,0.904598,0.95574,0.91615,0.943042,0.951928,0.918161,0.920085,0.936143,0.945184,0.969299,0.936936,0.90316,0.876015,0.90928,0.929568,0.88308,0.908489,0.963442,0.919301,0.937991,0.907769,0.936075,0.921238,0.904074,0.885622,0.873515,0.9071670000000001,0.883031,0.916083,0.917853,0.92538,0.9213290000000001,0.885488,0.880661,0.948176,0.861551,0.946923,0.950315,0.938919,0.89925,0.923068,0.927233,0.918242,0.89036,0.884731,0.916307,0.955439,0.93234,0.905295,0.933071,0.914438,0.931002,0.961493,0.881088,0.902456,0.883493,0.936077,0.926837,0.910568,0.9276679999999999,0.936987,0.881731,0.882242,0.905212,0.947005,0.855456,0.977244,0.931418,0.931598,0.918079,0.928187,0.939377,0.879099,0.992768,0.937705,0.920233,0.941996,0.919408,0.92874,0.927535,0.947872,0.937997,0.985424,0.906283,0.922545,0.90547,0.936337,0.922419,0.959687,0.927217,0.935256,0.970819,0.900033,0.918964,0.894039,0.988476
2019-06-30,1.056862,1.039061,1.050551,1.032904,1.077473,1.035019,1.0651950000000001,1.05347,1.037272,1.045716,1.080391,1.100001,1.082151,1.066179,1.034562,1.046899,1.096645,1.058635,1.051268,1.054049,1.137956,1.082821,1.094078,1.076891,1.074273,1.063332,1.069296,1.05792,1.089982,1.061756,1.054431,1.092966,1.072621,1.098544,1.113404,1.102128,1.064438,1.077617,1.058924,1.049279,1.055198,1.079931,1.0976110000000001,1.070607,1.090724,1.076508,1.084001,1.07113,1.067195,1.075064,1.127714,1.097233,1.09573,1.073141,1.07279,1.058361,1.04635,1.07306,1.077114,1.016942,1.061931,1.103246,1.089452,1.095452,1.12839,1.095199,1.063137,1.111701,1.069123,1.046911,1.060293,1.06882,1.097335,1.097483,1.113543,1.05032,1.063899,1.06083,1.041024,1.103247,1.053127,1.087809,1.078977,1.088813,1.0759319999999999,1.0697969999999999,1.050217,1.09545,1.044948,1.089675,1.067235,1.093304,1.035534,1.083254,1.051932,1.062807,1.091849,1.070868,1.089752,1.071488
2019-07-31,0.962288,1.016887,0.940556,0.963231,0.917552,0.972475,0.972675,0.987457,0.9954,0.963219,0.965562,0.951835,1.024199,0.976739,0.996822,1.011052,0.97127,0.9913959999999999,1.004069,0.942813,0.981104,0.942713,0.965713,1.027061,0.984342,1.032775,1.023029,0.988839,1.021243,0.993489,0.980466,0.978119,1.001131,1.031828,1.011406,1.008766,1.004677,1.016041,1.034765,0.897733,1.048897,0.968281,1.015571,1.018841,1.009259,1.007093,0.99491,0.99917,0.984312,1.016326,1.061229,1.0316,1.003663,1.03322,0.998054,1.012761,0.98741,1.013242,1.03152,1.014306,1.034869,0.990261,1.013481,1.01621,1.032916,1.009726,1.030128,1.009499,0.981497,1.007841,1.027899,1.022322,1.018901,1.006251,1.022319,1.009283,0.992259,0.989674,1.00186,1.008303,1.017164,1.008626,1.02316,0.991201,1.028677,0.994318,1.005554,1.015171,1.029049,1.00364,1.009714,1.02611,1.023844,1.01825,1.012005,1.0384120000000001,0.994382,1.041959,1.039466,1.020442
2019-08-31,0.979721,0.941363,0.945993,0.909966,0.926901,0.931828,0.924612,0.946501,0.963454,0.914859,0.98526,0.933959,0.952334,0.956823,0.908332,0.938609,0.949796,0.914469,0.900574,0.886698,0.968837,0.9125650000000001,0.938227,0.941657,0.948151,0.961897,0.954232,0.941007,0.906289,0.8760410000000001,1.043645,1.005318,0.899906,0.942004,0.968498,0.94067,0.9277759999999999,0.928842,0.940228,0.8250029999999999,0.953431,0.941446,0.952783,0.946401,0.907201,0.982289,0.921338,0.948956,0.9212279999999999,0.802039,0.950994,0.932499,0.959122,0.975654,0.994111,0.939945,0.875607,0.935506,0.893229,0.906537,1.017475,0.949426,0.945041,0.941385,0.956633,0.9181429999999999,0.924719,0.961052,0.938981,0.839328,0.976733,0.979093,0.963135,0.960568,0.952557,0.963744,0.972033,0.935886,0.917909,0.92128,0.956142,0.995697,0.977724,0.9652000000000001,0.980913,0.982592,0.944574,0.947689,0.949873,0.927772,1.012062,0.982733,0.977512,0.980683,0.954715,0.980338,0.97013,0.970997,0.914433,0.8966890000000001
2019-09-30,0.990943,0.99793,1.004521,1.013481,0.985889,1.004541,1.039644,1.033796,1.062446,1.068932,0.959651,0.9359379999999999,0.988315,1.005575,1.071357,1.021123,1.055922,1.075639,1.094323,1.082096,0.94917,1.020508,0.990384,1.032895,1.001306,1.062584,1.05602,1.045588,1.021181,1.077218,0.971227,0.988651,0.99512,1.047089,1.034259,1.048364,1.062872,1.056929,1.04177,1.026919,0.936423,0.980924,0.975836,1.03354,1.029103,1.030312,1.049432,1.063896,1.045932,1.05899,0.958426,0.988079,1.019143,1.01584,1.018819,1.034359,1.097269,1.050292,1.077255,1.063397,0.952734,0.998942,1.009188,1.014798,1.054732,1.063695,1.065779,1.070785,1.031581,1.100769,0.931942,0.992544,1.04136,1.048098,1.046304,1.057389,1.053889,1.060367,1.053875,1.049359,0.998678,0.994808,1.019743,1.036358,1.020881,1.03452,1.031112,1.046693,1.036764,0.981157,0.992739,1.025706,1.006393,1.033601,1.03107,1.026646,1.042766,1.06743,1.048573,1.081204
2019-10-31,1.023933,0.965469,0.991077,0.943292,0.993641,0.991252,0.994291,0.977362,1.009192,0.967445,0.971948,1.052788,1.042498,1.002777,0.994156,1.032607,1.032221,1.022275,1.038596,0.933295,0.995032,1.010108,1.04052,1.032203,1.014727,1.013456,1.03974,1.01353,0.99007,1.023321,1.053945,1.046466,1.095029,1.02261,1.010764,1.018753,1.03137,1.022599,1.040833,0.974442,1.090107,1.046176,1.020758,1.053659,1.011684,1.034339,1.037513,1.000942,0.996125,0.985913,1.009999,1.027808,1.019689,1.008619,1.001616,1.034061,1.0142660000000001,1.051387,1.004115,1.026204,1.018474,1.013193,1.000029,1.000879,0.980439,1.01046,0.986804,1.0235,1.012818,0.966367,1.043204,1.026902,1.021957,1.029924,0.997718,1.002782,1.002413,1.000083,0.925087,0.992608,1.018849,1.017002,0.973568,1.007801,1.028542,0.997777,0.99652,1.014055,1.026711,0.98013,1.021216,1.048797,1.02318,1.027381,1.010206,1.088072,1.012469,1.038573,1.0502,1.018506
2019-11-30,0.996048,1.053829,1.02959,1.037016,1.029434,1.061563,1.017243,1.048362,1.028102,1.034966,1.128317,1.094696,1.038363,1.109381,1.043317,1.00559,1.024505,1.042361,1.036125,1.06544,1.096678,1.124314,1.077785,1.037484,1.034097,1.036471,1.051602,1.018051,1.072907,1.027649,1.0802640000000001,1.067608,0.982699,1.048108,1.034457,1.02417,1.027234,1.040797,1.016131,0.939573,1.105519,1.042382,1.01781,1.023824,1.012755,1.012925,1.043813,1.040448,1.042012,1.066524,1.093999,1.04442,1.047756,1.028299,1.025593,1.000751,1.074738,1.051465,1.03714,1.017621,1.055999,1.050586,1.036252,1.036473,1.013974,1.072268,1.027901,1.03228,1.043318,1.107918,1.12557,1.056901,1.035273,1.049259,1.017092,1.038095,1.034633,1.021359,1.040332,1.017966,1.048887,1.045924,1.055818,1.032036,1.026442,1.004217,1.052601,1.057696,0.991814,1.005318,1.036884,1.038788,1.04916,1.0319989999999999,1.021208,1.039788,1.037342,0.98441,1.064805,1.039682
2019-12-31,1.02604,1.009889,1.100077,1.032527,1.02927,1.046316,1.01919,1.048734,1.02596,1.124133,1.078019,1.022056,1.090602,1.239835,0.991446,1.043001,1.07351,1.031073,1.053612,1.081291,1.146001,1.028927,1.015262,1.016417,1.113477,1.065107,1.022547,1.046651,1.040826,1.0783179999999999,1.004622,1.03751,1.019895,1.020788,1.066834,1.027718,1.015787,1.024197,1.033455,1.229603,0.985788,1.019115,1.033601,1.030944,1.061103,1.042339,1.01889,1.026597,1.037763,1.040352,0.980657,1.026458,1.026671,1.039839,1.035884,1.039821,1.050259,0.996561,1.034015,1.019056,0.989197,1.011874,1.023077,1.030793,1.033413,1.055734,1.030348,1.033163,1.035716,0.989842,0.985573,0.999359,1.010786,1.053043,1.050437,1.010882,1.007154,1.035104,1.095944,1.044947,1.025943,1.015655,1.033689,1.014958,1.019315,1.047965,1.031111,1.035476,0.97179,1.116538,1.030283,1.051667,1.009368,1.029936,1.023945,1.004686,1.023961,1.049449,1.047624,1.039631
2020-01-31,0.998281,0.979533,0.905501,0.996203,0.973439,0.994199,0.951508,0.940885,0.965945,0.9305019999999999,0.961724,1.008689,0.994986,0.946129,0.941812,0.936125,0.942294,0.93466,0.886926,0.847599,0.991868,0.94127,0.938488,0.97963,0.926703,0.96266,0.941281,0.909111,0.909937,0.87747,0.9527,0.999427,0.987155,0.989296,0.935574,0.951295,0.947182,0.939996,0.957099,0.794114,0.985767,1.013121,0.97583,0.980798,0.948996,0.941115,0.97045,0.942419,0.907973,0.86785,0.997575,0.964914,1.010054,0.983838,0.994285,0.989302,0.952145,0.940877,0.916444,0.933751,1.029087,0.996749,0.982151,0.955995,0.963051,0.9522660000000001,0.957911,0.979891,0.950867,0.978421,1.046109,0.976811,0.986887,0.988515,1.007982,0.975523,0.999052,0.942819,0.98978,0.943457,1.010965,0.985895,0.996846,1.002086,0.981634,0.982482,0.990177,0.951034,0.950859,0.870573,1.038838,1.010234,1.001795,1.021471,1.013238,0.978048,0.937758,0.956283,0.966581,0.949479
2020-02-29,0.938187,0.909457,0.910293,0.921168,1.015189,0.971539,0.922176,0.926813,0.924335,0.910853,0.946548,0.946282,0.989995,0.956217,0.966376,0.925767,0.907007,0.916154,0.9160280000000001,0.9106380000000001,0.930348,0.970196,0.945956,0.891032,0.877183,0.919903,0.892381,0.880833,0.912174,0.920598,0.930681,0.902647,0.912204,0.92254,0.8913260000000001,0.887692,0.892026,0.917465,0.901988,0.8070120000000001,0.971798,0.949182,0.921271,0.960728,0.866305,0.907509,0.914747,0.903292,0.874549,0.868171,0.90062,0.927264,0.94516,0.89262,0.893425,0.883815,0.911904,0.909074,0.876612,0.938356,0.9259999999999999,0.9257960000000001,0.94884,0.896875,0.90326,0.893541,0.868235,0.8925799999999999,0.885309,0.891236,0.952105,0.92355,0.9244600000000001,0.933065,0.914221,0.906021,0.91615,0.881041,0.864215,0.850141,0.925412,0.944977,0.938988,0.893397,0.890016,0.907795,0.88441,0.880059,1.1401430000000001,0.843081,0.942358,0.908532,0.925155,0.90126,0.916024,0.911734,0.885572,0.918012,0.861571,0.848282
2020-03-31,0.780737,0.9353009999999999,0.819694,0.7987029999999999,0.827228,0.810767,0.763868,0.745951,0.768121,0.7125870000000001,0.807163,0.706063,0.895215,0.8297019999999999,0.763857,0.762022,0.761242,0.6909259999999999,0.7144900000000001,0.709109,0.789281,0.800399,0.82315,0.7992980000000001,0.785439,0.730977,0.770032,0.768522,0.659838,0.620401,0.823601,0.801085,0.790728,0.8127260000000001,0.766858,0.821977,0.804465,0.725657,0.733155,0.5779540000000001,0.788029,0.849156,0.835672,0.760105,0.757649,0.895415,0.7475700000000001,0.7886949999999999,0.675328,0.791638,0.829259,0.828164,0.883542,0.771633,0.809918,0.825332,0.7153240000000001,0.688975,0.660167,0.7542409999999999,0.834752,0.846643,0.818982,0.797365,0.7420910000000001,0.772917,0.707889,0.6826019999999999,0.733664,0.610795,0.92415,0.870832,0.824192,0.808305,0.845925,0.775891,0.65786,0.684099,0.663689,0.659757,0.874386,0.8749709999999999,0.8257410000000001,0.831415,0.863534,0.820113,0.775324,0.754351,0.795774,0.5241389999999999,0.923787,0.934744,0.907641,0.8857269999999999,0.835012,0.860034,0.811083,0.780545,0.733939,0.6535759999999999
2020-04-30,1.266743,1.148714,1.324673,1.195077,1.119801,1.136835,1.05917,1.091894,1.118477,1.160471,1.303789,1.2206380000000001,1.14517,1.175499,1.201417,1.138159,1.124322,1.129939,1.1522459999999999,1.208921,1.236659,1.201072,1.105823,1.131018,1.130256,1.168196,1.119334,1.104361,1.188501,1.2774670000000001,1.209509,1.166767,1.161932,1.108536,1.122362,1.099037,1.06569,1.105423,1.203269,1.652803,1.157601,1.250334,1.108887,1.158665,1.112916,1.103178,1.18964,1.089444,1.180811,1.102293,1.181102,1.129685,1.126556,1.144634,1.107821,1.092377,1.173161,1.166105,1.217075,1.17634,1.192883,1.180547,1.191529,1.129397,1.148685,1.129033,1.211592,1.148502,1.136122,1.084101,1.1458490000000001,1.164742,1.127082,1.131588,1.096714,1.122883,1.162931,1.125587,1.20061,1.191095,1.154962,1.140965,1.162339,1.114486,1.086442,1.145892,1.1628180000000001,1.12984,1.074699,1.361218,1.148841,1.125551,1.141307,1.110752,1.0723799999999999,1.114653,1.095703,1.110846,1.15507,1.143719
2020-05-31,1.174413,1.083654,1.1461999999999999,1.050785,1.058834,1.050759,1.031718,1.020711,1.04672,1.048841,1.088803,1.154536,1.067244,1.039466,1.110573,1.037371,1.074072,1.034525,1.029231,1.049677,1.022929,1.118333,1.062768,1.060566,1.020104,1.078643,1.002556,1.014245,1.107244,1.101477,1.121777,1.108592,1.15902,1.035389,1.05784,1.008503,0.995155,1.045418,1.07765,0.968977,1.109253,1.142204,1.109946,1.089124,1.06815,1.017689,1.061745,1.013325,1.04028,0.996954,1.11418,1.135284,1.088617,1.083965,1.070194,1.039414,1.053846,1.045939,0.998903,1.019967,1.114665,1.104698,1.109636,1.054213,1.06784,1.039236,0.997701,1.070829,1.0226,0.981448,1.132274,1.084649,1.099037,1.077346,1.055695,1.067494,1.057088,0.997542,0.96632,1.097157,1.132072,1.099363,1.070476,1.080949,1.025733,1.037326,0.998299,1.031469,1.057331,1.0399370000000001,1.045685,1.055352,1.051619,1.049451,1.037447,1.042474,1.004053,1.034186,1.041398,1.023016
2020-06-30,1.074042,1.241561,1.068983,1.037453,1.042323,1.061011,1.034466,1.070481,1.041083,1.101665,1.090054,1.071043,1.053054,0.960184,1.043759,1.093424,1.017184,1.060364,1.035929,1.094189,0.996165,1.04754,1.01993,1.033887,1.055205,1.06199,1.036302,1.027614,1.080637,1.036783,1.103381,1.043541,1.056307,1.011966,1.027856,1.022636,1.028522,1.022502,1.024174,0.986484,1.029971,1.084105,1.022915,0.991949,1.033221,0.975575,1.055245,1.041064,0.993768,0.99197,1.050443,1.02775,1.007556,1.035392,0.998847,0.990372,1.058562,1.026143,1.022677,0.968707,1.062494,0.999541,1.026221,0.99467,0.997129,0.98732,1.038925,1.034028,1.023775,1.087645,1.023557,1.012071,1.002189,1.001524,0.993334,0.989712,1.032035,1.000874,0.985849,1.042846,1.038075,1.025543,1.034384,1.020227,0.997139,0.995086,1.022247,1.001445,1.015092,1.022043,1.061909,1.038788,0.987928,0.968297,1.012195,0.958173,0.971568,0.993802,1.010096,1.053123
2020-07-31,0.955992,1.067787,1.066429,1.009527,1.277425,1.055649,1.036631,1.013838,0.992411,1.03311,1.013197,0.991937,0.981796,1.003856,0.991353,1.000995,0.984905,0.973478,1.0049,1.116994,0.940682,0.986204,0.992257,1.01756,1.003941,1.027634,1.021897,0.987428,1.01715,1.028325,1.042004,1.014722,1.096462,1.033664,1.087736,1.008125,1.040351,1.017411,1.011079,1.06527,0.988354,1.011273,1.049751,1.026123,1.001027,1.037947,1.060104,1.05323,1.022735,1.059633,1.027024,1.007373,1.043698,1.030758,1.049394,1.015615,1.007564,1.043081,0.967536,1.115409,1.037158,1.034058,1.080139,1.038758,1.051658,1.043227,1.022619,1.008399,1.020957,1.041801,1.054904,1.087073,1.069926,1.100632,1.074838,1.065128,1.050234,0.983324,1.027835,1.014329,1.064076,1.085343,1.033349,1.078573,1.051199,1.065796,1.043506,1.024457,1.073009,1.035405,1.084059,1.054764,1.066354,1.025866,1.054057,1.010652,0.989104,1.049363,1.001494,1.058941
2020-08-31,0.995942,0.977362,1.049734,1.038291,0.875976,1.000756,1.085911,1.015465,1.038017,1.052284,1.018451,1.08714,1.055169,1.077814,1.045452,1.0995759999999999,1.081362,1.044204,1.04934,1.098517,1.106553,1.079707,1.073733,1.094559,1.036877,0.984054,1.026894,1.032439,1.069807,1.029551,1.156142,0.997023,1.05712,1.063718,1.037142,1.112823,1.027894,1.034321,1.093686,1.150608,1.065076,1.085045,1.091871,1.038395,1.012296,1.013978,1.084634,1.049245,1.061572,0.961672,1.083051,1.096695,1.048638,1.050327,1.041006,1.040981,1.021556,1.059304,1.031336,1.058854,1.045054,1.029697,1.031169,1.0333,1.030746,1.040119,1.081191,1.027994,1.05093,1.09184,1.057631,1.029953,1.050286,1.022292,1.074668,1.04333,1.053814,1.034783,1.040589,0.946581,1.033051,1.015432,1.025608,1.036365,1.003446,1.037032,0.9128499999999999,1.013902,1.042727,0.992039,1.13153,1.07118,1.0724,1.057545,1.031404,1.013409,0.9932,1.073522,1.041904,1.029901
2020-09-30,1.042682,1.032541,1.039228,0.97473,0.982172,0.967399,0.946776,1.007087,0.979015,1.007394,0.99446,0.944054,0.969517,1.038392,0.95824,0.947876,0.971902,0.945803,0.945596,0.948697,0.928712,1.000857,0.945173,0.94464,0.971072,0.921205,0.944608,0.924498,0.982033,0.8932249999999999,1.050494,0.989667,0.978967,0.942664,0.9351039999999999,0.965426,0.936353,0.922943,0.956052,0.936906,0.9886,0.947137,1.065854,0.955915,0.963433,0.944854,0.993397,0.942555,0.922733,0.901826,0.984755,0.95175,0.981712,0.959257,0.947428,0.96562,0.938485,0.990528,0.9413,0.946977,0.989078,1.002607,0.968241,0.936695,0.950678,0.937093,1.012438,0.891711,0.957684,1.026226,1.026902,1.000433,0.986196,0.993322,0.976348,0.974247,0.957458,0.995285,0.957773,0.904379,0.982465,0.980089,0.977787,1.005862,0.993603,0.98403,0.97535,0.936779,1.029517,0.945812,0.943164,0.98297,0.953894,0.983306,1.003856,0.957591,0.938573,0.969203,0.90673,0.904888
2020-10-31,0.920009,0.913321,0.940678,0.95349,0.954007,0.95908,1.008568,1.014186,1.012263,1.00603,0.96917,1.017482,1.005509,1.007893,0.998708,1.015022,1.014462,1.074807,1.032306,0.998218,0.995255,0.981731,1.028915,1.051993,1.016333,1.02102,1.071365,1.064045,1.049769,1.051267,0.979466,0.973631,1.017195,1.040588,1.032911,1.024841,1.022923,1.077234,1.091269,1.041344,1.04562,1.027914,1.006142,1.058644,1.022252,1.033047,0.943906,1.096755,1.059544,1.090622,1.014065,1.041101,1.002258,1.027778,1.035863,1.029807,1.08745,1.058006,1.091268,1.079048,1.072311,1.001076,1.030099,0.988776,1.006221,1.051862,1.018168,1.09683,0.995729,1.083889,1.004583,1.003776,0.989049,1.051212,0.976088,1.027544,1.003347,0.993478,1.01205,1.1202,1.009507,1.010895,0.994899,1.006177,1.027548,1.007915,1.004954,1.013984,1.04994,1.073936,0.946492,0.95173,1.017122,0.96693,0.988291,1.001813,0.9688,0.979057,0.973101,1.019895
2020-11-30,1.151678,1.378512,1.3085309999999999,1.218189,1.198956,1.218062,1.230078,1.198808,1.203871,1.282906,1.186903,1.351303,1.164455,1.245138,1.201754,1.191817,1.199613,1.195668,1.219247,1.2748110000000001,1.251747,1.233128,1.245541,1.161281,1.257738,1.235932,1.170113,1.171066,1.172767,1.211949,1.175646,1.2303,1.14832,1.187541,1.143875,1.132014,1.221233,1.177813,1.178269,1.214801,1.262303,1.266609,1.239366,1.1582919999999999,1.135468,1.159135,1.156007,1.161707,1.233068,1.19252,1.141678,1.217957,1.16537,1.146894,1.1763810000000001,1.139866,1.213883,1.153491,1.21234,1.287266,1.120606,1.14173,1.102318,1.170874,1.142993,1.218164,1.17244,1.142705,1.219229,1.172625,1.165225,1.109785,1.151689,1.095055,1.163896,1.156267,1.150467,1.1869,1.184154,1.3081369999999999,1.143739,1.145091,1.106792,1.093129,1.099053,1.1261999999999999,1.118504,1.182285,1.145456,1.209799,1.100959,1.1085180000000001,1.076926,1.137669,1.131574,1.1995179999999999,1.16195,1.15978,1.282939,1.159112
2020-12-31,1.2111049999999999,1.140531,1.066935,1.111212,1.17881,1.069439,1.041982,1.091233,1.100202,1.077253,1.146753,1.071095,1.042194,1.106655,1.07898,1.089947,1.084976,1.088318,1.091873,1.035327,1.189093,1.070392,1.101625,1.080946,1.1050740000000001,1.119267,1.085005,1.094112,1.080522,1.065998,1.081984,1.139402,1.12148,1.098331,1.071503,1.076198,1.074895,1.103801,1.084155,1.048247,1.151225,1.168259,1.142968,1.068058,1.082889,1.047343,1.064909,1.085601,1.104666,1.037842,1.111804,1.101991,1.067879,1.08311,1.055537,1.080935,1.0823,1.099921,1.121989,0.999143,1.080532,1.075517,1.046923,1.063136,1.031235,1.043337,1.096909,1.086785,1.049654,1.08227,1.075426,1.053533,1.067389,1.054813,1.07093,1.036567,1.061308,1.068202,1.033025,1.093157,1.050306,1.027205,1.02047,1.030076,1.026688,1.038946,1.020788,1.050637,1.049093,1.011706,1.05989,1.036521,0.999894,1.056219,1.012884,1.074004,1.02156,1.040919,1.124098,1.034207
2021-01-31,1.290624,1.336471,1.252816,1.13193,1.144299,1.154475,1.08412,1.086485,1.123628,1.212791,1.123183,1.121008,1.084066,1.188068,1.102309,1.024771,1.0737619999999999,1.064694,1.089183,2.171139,1.081992,1.115417,1.071715,1.056774,1.067145,1.231311,1.040157,1.069088,1.073228,1.169704,1.181581,1.070276,1.025036,1.046921,1.044833,1.017387,1.044559,1.015693,1.093079,1.060367,0.967894,1.05405,0.976934,1.002561,1.047476,1.026653,1.008941,1.025184,1.020291,1.050312,0.993877,1.081792,1.020175,1.037466,1.012801,1.026729,1.034151,1.010782,1.049088,1.108949,1.006407,1.01908,1.018829,1.013171,0.98879,1.032781,1.05084,0.996444,1.038598,0.949187,0.994006,0.988876,0.987474,1.013939,0.975542,0.998377,1.010298,1.027678,1.033629,0.94194,0.958068,1.030584,0.995915,0.992191,0.994251,1.01778,1.00952,0.994599,1.087803,0.995606,0.990156,0.990707,1.002756,0.981247,0.9578139999999999,0.983618,1.017461,1.001121,0.982229,0.996267
2021-02-28,1.045902,1.092844,1.075481,1.118889,1.300664,1.063885,1.065152,1.168149,1.110252,1.081819,1.089755,1.089236,1.062584,1.032286,1.035453,1.124421,1.078914,1.13154,1.146538,0.747354,1.043775,1.075844,1.09532,1.062456,1.119768,1.106896,1.113828,1.138645,1.100024,1.084155,1.009748,1.054045,1.099423,1.081461,1.068166,1.095302,1.08949,1.152327,1.100578,1.061167,1.065674,0.992002,1.064665,1.140176,1.085582,1.087536,1.071205,1.121308,1.166716,1.057557,1.025327,0.936722,1.080146,1.034824,1.087891,1.077373,1.226495,1.10097,1.170361,1.067623,1.018082,1.050641,1.057238,1.029094,1.052121,1.100815,1.122534,1.088836,1.149976,1.252398,1.041879,1.027842,1.037929,1.081219,1.112347,1.091774,1.130811,1.133192,1.093868,1.237022,1.030728,1.015979,1.026787,1.096742,1.045314,1.091528,1.10797,1.111149,1.122183,1.149254,0.981849,1.022235,1.022929,1.044985,1.013802,1.150702,1.072961,1.089773,1.151777,1.1482
2021-03-31,0.936551,0.9349540000000001,0.918339,1.0183,0.921503,1.068,1.042928,1.068225,1.063646,1.017438,0.957374,0.93689,0.997507,1.062039,1.019371,1.045749,1.050052,1.074957,1.073876,1.259052,0.984991,0.968336,0.978633,0.988918,0.998582,0.979893,1.053621,1.063283,1.084845,1.053414,0.920175,0.959327,1.014824,0.988104,1.03481,1.071128,1.039761,1.031777,1.055219,1.104118,0.962196,0.98757,1.00355,1.025943,1.042749,1.091184,1.053087,1.051399,1.062191,1.096099,0.94959,0.925935,1.01754,1.063376,1.034757,1.05539,1.054406,1.084331,1.0734029999999999,1.02587,0.952547,1.013604,1.025262,1.056294,1.048691,1.068996,1.072989,1.011078,1.065507,1.036501,0.944448,1.018283,1.055194,1.032243,1.00696,1.044497,1.050374,1.054282,1.083712,0.969044,0.983533,0.997035,1.068251,1.018756,1.071142,1.021845,1.076418,1.072651,1.077264,1.054641,1.01538,1.046375,1.055817,1.040426,1.084235,1.040418,1.064298,1.083142,1.050413,1.080925
2021-04-30,0.930409,0.942336,0.942478,0.969634,1.111594,0.924193,1.019713,0.99245,0.988288,0.993902,1.032365,0.930623,1.002818,0.9625630000000001,1.01621,1.008702,1.012793,1.009534,1.001442,0.979945,1.065968,1.039905,0.985475,1.045963,1.021837,0.980695,1.02894,1.010311,1.009524,1.027691,0.989208,1.054864,1.03301,1.012852,1.041321,1.037877,0.979095,1.015336,1.023516,0.990844,1.09367,1.000597,1.039153,1.021181,1.019549,1.064303,0.96182,1.015067,1.041282,1.018241,1.035377,0.99281,1.041616,1.058868,1.044916,1.036646,1.032975,1.05436,1.016159,1.024372,1.015075,1.037681,1.030265,1.036058,1.029909,1.057334,1.048244,1.015278,1.075124,1.080066,1.060519,1.041276,1.036564,1.022847,1.048659,1.077357,1.022027,1.04258,1.064761,0.978623,1.051192,1.088856,1.029728,1.027429,1.05838,1.04996,1.056421,1.038002,1.058728,1.073722,1.065747,1.030949,1.082683,1.016183,1.044982,1.019073,1.031712,1.063891,1.035063,1.039919
2021-05-31,0.972609,1.046534,0.997841,1.046441,0.9144950000000001,0.949141,1.022589,1.017401,1.058898,1.088578,1.055106,0.980218,0.978223,1.020418,1.041922,1.028371,1.021607,1.021939,1.023145,1.2041789999999999,0.985267,0.982463,0.974534,1.016559,0.99006,1.050523,1.022646,1.039071,1.053836,1.100362,0.957698,0.979031,0.998257,1.018089,1.019525,0.991392,1.026068,1.018368,1.054984,1.095457,0.96898,0.982023,0.993644,0.995027,1.032471,1.007909,1.02143,1.043152,1.066703,1.086393,0.956027,0.967226,0.981233,1.004769,1.002128,0.989444,0.991368,1.01598,1.036216,1.10137,0.972547,0.975203,0.976149,0.990391,1.002734,1.026472,1.037581,1.014966,1.034456,0.99441,0.975921,0.988814,1.005408,1.017495,1.01186,1.035269,1.051489,1.021321,1.039789,1.158068,0.976815,0.997991,1.003207,1.009885,1.014641,1.026935,0.99996,1.054843,1.069793,1.084169,0.976916,1.020257,1.00752,1.010572,1.027043,1.055856,1.022075,1.049625,1.093725,1.048984
2021-06-30,1.068124,1.203211,1.130325,1.096273,1.010305,1.03458,1.006068,1.015932,1.030664,1.012948,1.070936,1.062782,0.988453,1.074208,0.980835,1.050573,0.98033,0.991573,1.025439,1.061398,1.034415,1.102633,1.045414,1.03944,1.033408,1.049495,0.980502,0.979896,1.000656,1.049886,1.070737,1.068325,1.01373,1.039905,0.988486,0.99087,0.988895,0.978095,0.971929,1.025945,1.057235,1.088375,1.030254,0.992995,0.967498,0.994366,0.992501,0.949132,0.931654,0.987559,1.041377,1.045732,1.001238,0.978608,0.964859,0.992668,0.978327,0.966071,0.9238230000000001,0.967166,1.075368,1.013546,0.997484,1.000499,0.978491,1.024266,0.959342,0.976572,0.978575,1.064426,1.078018,1.029562,1.004673,1.005714,0.996672,0.963578,0.964863,0.938632,0.937252,0.920418,1.060527,1.03908,0.994458,1.014987,0.978403,0.981645,1.048488,0.946512,0.978923,0.931248,1.071827,1.011193,1.026425,0.990443,0.984716,0.96508,0.991058,0.963396,0.970529,0.925087
2021-07-31,0.889676,0.86646,0.9204600000000001,0.933015,0.902225,0.935716,0.930489,0.96022,0.991589,0.969666,0.9165300000000001,0.904405,0.904073,0.944897,0.989402,0.982754,0.929339,0.983004,0.962242,1.024397,0.94875,0.92039,0.986091,0.9463,0.971712,0.971738,0.982316,0.988477,0.951014,0.889335,0.882753,0.940632,0.95211,0.995188,0.97708,1.003073,0.982903,0.951616,0.965988,0.907073,0.962459,0.991349,0.940518,1.025113,0.9799,0.985545,0.994445,0.97574,0.957032,0.967703,0.974641,0.971103,0.985559,0.997917,0.986647,0.990185,1.012057,0.955748,0.961858,0.92525,0.965789,0.990611,1.008672,0.993938,1.0072160000000001,0.991796,1.00297,1.021062,0.949175,0.938483,1.002504,0.996565,1.028585,1.034738,1.012518,0.967637,1.037576,0.983819,0.953441,0.96806,1.037731,1.015867,1.015496,0.989661,1.010701,1.038881,0.955222,0.970059,1.003292,0.986735,1.033844,1.031994,1.043045,1.010988,1.004991,0.972782,0.993635,0.990216,0.94922,0.98805
2021-08-31,1.002899,1.001759,1.084926,1.08022,1.059478,1.028816,1.019982,1.058429,1.027168,1.02552,1.009331,1.058963,1.055303,1.020414,1.013639,1.068015,1.018428,1.014257,1.038711,1.065973,1.023661,1.023063,1.027422,1.035642,1.00289,1.003821,1.013806,1.023185,1.011309,1.031208,0.985564,1.037367,1.023337,1.016945,1.018016,1.022903,1.029663,0.992636,1.03499,1.017067,1.015064,1.005902,1.066137,0.995838,0.989675,1.035084,0.991518,1.038652,1.0160689999999999,1.045582,1.018443,1.029153,0.976505,1.033793,1.003083,1.055037,1.019004,1.034648,1.026256,1.076183,1.00002,1.066647,1.017597,1.02218,0.986714,0.99839,1.018109,1.051224,1.064238,1.032143,1.041502,1.023667,1.001659,1.032038,1.01753,1.037358,1.019749,1.040225,1.053117,1.038273,1.051936,1.033789,1.00098,1.025971,1.016253,1.027593,1.024509,1.02875,1.02625,1.11046,1.035608,1.014815,1.053704,1.016114,0.994754,1.013048,1.009928,1.008103,1.043662,1.033865
2021-09-30,0.938976,0.875311,0.964198,0.949643,0.946589,0.942163,0.962854,0.972387,0.997957,1.0263390000000001,0.934329,0.985877,0.94278,0.967732,0.951187,0.993482,0.998133,1.006551,0.9972,0.979879,0.942137,0.961121,0.957468,0.956834,0.942926,0.98654,1.005063,1.00046,0.9947550000000001,1.096922,0.9546520000000001,0.934848,0.968438,0.951857,0.95103,0.980582,0.981567,0.984887,1.013365,1.097129,0.921477,0.982924,0.971904,0.966517,0.97627,0.943466,0.954214,0.922084,1.028719,0.990544,0.976848,0.949589,0.935491,0.969624,0.980194,0.973528,0.959542,0.976939,1.010092,1.060753,0.94662,0.999686,0.970809,0.936804,1.013391,0.978702,0.962085,0.958808,1.030057,1.0378560000000001,0.94165,0.960334,0.952072,0.941534,0.964121,0.969208,0.934466,0.969331,1.018555,0.999507,0.958136,0.945038,0.951377,0.996838,0.964634,0.932725,0.967468,0.973124,0.994389,1.003299,0.945634,0.9504319999999999,0.934335,0.932932,0.953824,0.967867,1.001089,0.998269,1.012716,0.99776
2021-10-31,0.988849,0.973216,0.999063,0.983628,0.972219,0.994861,0.99383,1.01589,1.040738,1.047899,1.028512,1.044677,0.989981,1.025583,1.038838,1.018646,1.036559,1.020398,1.039753,1.037052,1.045338,1.007114,0.984996,1.019771,1.023806,1.044538,1.055491,1.072052,1.029497,1.031101,1.031324,1.022698,0.996982,1.082977,1.045417,1.038646,1.038633,1.02748,1.02033,1.042967,1.078952,1.048767,1.079831,1.015389,1.05083,1.06398,1.043422,1.038366,1.033868,1.057544,1.035768,1.043537,1.05145,1.025279,1.03263,1.018745,1.036182,1.038934,1.039862,1.039715,1.057711,1.076357,1.058842,1.052855,1.043505,1.05592,1.029419,1.048384,1.061169,1.105403,1.031466,1.045987,1.056932,1.053395,1.050238,1.058433,1.043129,1.056523,1.041149,1.025615,1.11078,1.075407,1.051618,1.066904,1.043699,1.032416,1.084096,1.050882,1.052221,1.062281,1.094656,1.064784,1.063231,1.033114,0.976572,1.047,1.029565,1.064077,1.090222,1.049923
2021-11-30,0.848131,0.899592,0.927844,0.924809,0.944501,0.958562,0.972492,0.948713,0.970249,0.932363,0.938805,0.93593,0.913776,0.952472,0.964821,0.965048,0.962805,0.970292,0.979389,0.982036,0.910909,0.847676,0.930383,0.951743,0.979248,0.993916,1.001948,0.931675,0.96424,0.939456,1.034917,0.915232,0.933596,1.027747,1.003433,1.033701,0.973729,0.998209,0.952498,0.985231,0.9342280000000001,0.936319,0.950845,0.974779,0.979593,0.97637,1.001223,0.98503,0.942921,0.987657,0.889782,0.917407,1.00447,0.974545,0.96848,0.974964,0.966203,0.9370229999999999,0.955414,0.972046,0.881886,0.900812,0.970144,0.992564,0.961496,0.960901,1.01921,0.990462,0.96486,0.915839,0.950608,0.974152,0.963245,1.005768,0.993296,0.968084,0.971817,0.978738,0.959963,0.935995,0.996444,0.989261,0.980872,0.944348,0.958818,0.983065,0.935234,0.974233,0.945607,0.912749,1.02349,0.974596,0.968346,0.977807,0.959019,1.003826,0.931725,0.967706,0.93362,0.9323049999999999
2021-12-31,0.880569,0.918485,1.010478,0.935021,0.960384,1.016392,1.000709,0.999549,1.025872,1.024433,0.914017,0.968831,0.993247,1.049791,1.050629,1.029188,1.060205,1.02931,1.036245,1.052995,1.014087,0.980123,0.993246,1.022379,1.049215,1.059236,1.06842,1.039594,1.045442,1.061025,0.957179,1.018427,0.998363,0.999015,1.068429,1.052413,1.059419,1.081987,1.049585,1.049831,0.994923,1.039013,1.0225360000000001,1.037883,1.050521,1.020764,1.065896,1.046135,1.062276,1.03001,0.973494,1.007383,1.041894,1.062267,1.050716,1.044004,1.054695,1.03209,1.050709,1.021101,0.998016,0.999802,1.059015,1.049832,1.076157,1.033375,1.086845,1.069129,1.01984,1.076557,0.991292,1.02441,1.071118,1.04673,1.062642,1.051578,1.06276,1.036625,1.038866,1.036798,0.989589,1.05333,1.075503,1.051119,1.055883,1.080058,1.041124,1.089784,1.04897,1.073734,1.011439,1.072504,1.042489,1.080357,1.061923,1.095711,1.039957,1.06652,1.015671,0.993003
2022-01-31,0.845804,0.849719,0.8425320000000001,0.854158,0.858269,0.912349,0.936062,0.9495709999999999,0.983637,0.990779,0.87549,0.8180890000000001,0.8234710000000001,0.8924030000000001,0.900264,0.906229,0.960442,0.996014,0.983128,0.964782,0.795635,0.834183,0.877443,0.880514,0.8948389999999999,0.920586,0.931142,0.957296,0.989936,1.039674,0.862298,0.846302,0.891048,0.88245,0.897367,0.904757,0.923128,0.989366,1.007942,0.984337,0.894672,0.871104,0.917067,0.889226,0.922691,0.925308,0.960032,0.953712,1.000225,1.041938,0.828276,0.862134,0.87424,0.915171,0.932221,0.96348,0.961964,0.970778,1.003993,1.05076,0.85836,0.866733,0.922808,0.911619,0.936527,0.980693,0.955447,0.976078,1.053187,1.102986,0.86745,0.890321,0.916148,0.969695,0.912865,0.974806,0.956007,0.999984,1.061377,1.039316,0.862347,0.8909050000000001,0.939971,0.981419,0.968709,0.96852,1.014484,1.015144,1.057074,1.022701,0.923816,0.949122,0.928513,0.952698,0.986322,0.990627,0.987064,1.059798,1.074177,1.100129
2022-02-28,0.9611190000000001,0.957799,0.962314,0.953516,0.970863,0.978286,1.010051,0.984316,1.006688,1.037132,1.013649,0.987071,0.987636,1.014629,1.002837,1.041558,1.024078,1.003597,1.019314,1.06104,0.981229,0.978291,1.019711,1.011994,1.002814,1.011657,1.063395,0.997336,1.041881,1.053893,0.990329,1.026021,1.064346,0.988302,1.007053,0.999916,1.032578,1.036569,1.012317,1.011752,0.981091,0.986761,0.995715,0.998123,1.016257,1.024588,1.019679,1.001803,1.025006,1.029919,1.024205,0.971729,0.978099,1.035691,1.00394,1.020313,0.978539,0.993609,1.021317,1.060752,0.985089,1.007574,1.023357,1.019514,1.070253,0.998339,1.018638,1.026183,1.092928,1.0744259999999999,1.014691,0.991888,0.986885,1.005186,0.948634,1.006784,1.033847,0.99672,1.020517,1.013869,1.011756,0.943752,0.965638,1.009281,0.995216,0.989598,1.028008,1.035298,0.985611,1.03728,0.963166,0.972415,0.943246,0.985856,1.000224,1.024395,0.977253,0.997649,0.995195,0.973138
2022-03-31,1.024376,1.042796,1.004843,1.011129,1.072691,0.998232,1.041934,1.005881,1.025793,1.034165,0.93293,1.034882,1.030056,1.017109,1.012336,0.979753,1.011014,1.000639,0.984104,1.066702,1.0242,0.99982,1.009458,1.032584,1.000447,1.024238,1.021075,1.005466,0.995793,1.074864,1.054293,0.989885,1.063639,0.987343,1.012521,1.029517,0.987349,0.976172,0.954174,1.0385469999999999,1.021835,1.009994,1.028163,1.005479,0.990338,1.02549,1.017247,1.003853,0.975891,1.041258,1.027134,1.012198,1.0213700000000001,0.991962,1.04745,0.969055,0.994351,0.999113,1.027517,1.116981,1.013421,0.957756,0.986091,0.994703,1.098893,0.989134,1.032488,0.994012,1.027112,1.031225,0.998478,1.01869,1.018596,1.035418,1.003394,1.041995,1.013119,1.013775,1.03475,0.964839,1.0196209999999999,1.038032,0.998229,1.044297,0.994677,1.03467,1.068691,1.063334,1.024501,1.043153,1.049199,1.060043,1.042675,1.020909,1.023476,1.010943,0.984468,1.054235,0.973032,0.925513
2022-04-30,0.793752,0.839615,0.826878,0.807124,0.814947,0.88712,0.926984,0.9165449999999999,0.979848,0.957457,0.87365,0.834042,0.855116,0.925241,0.900282,0.937132,0.9607829999999999,0.940273,0.9348730000000001,0.966804,0.886048,0.798304,0.871359,0.8558399999999999,0.946506,0.927566,0.939252,0.940079,0.925408,1.003787,0.802513,0.806172,0.895551,0.88551,0.917941,0.899802,0.911973,0.963616,0.92394,0.92483,0.893581,0.879781,0.914753,0.937351,0.924652,0.913992,0.923775,0.922641,0.92116,0.974414,0.864174,0.895695,0.901686,0.936338,0.944515,0.953282,0.9663619999999999,0.894552,0.9141980000000001,1.027448,0.871179,0.891693,0.94536,0.929795,0.929826,0.957261,0.936797,0.924879,0.91826,0.979965,0.876571,0.922979,0.914733,0.907802,0.971888,0.951137,0.963231,0.93663,0.926506,0.932403,0.877609,0.91367,0.943307,0.945592,0.947484,0.968538,0.942968,0.977028,0.898846,0.925698,0.875885,0.957792,0.897402,0.922566,0.927339,0.8934420000000001,0.930516,0.940658,0.941284,0.9095530000000001
2022-05-31,0.906466,0.956534,1.014205,0.937995,0.958948,0.993579,0.921662,1.008065,1.014094,1.004569,0.992752,0.92504,0.960493,0.95399,1.011705,0.982937,1.015828,1.028744,1.039541,1.061451,0.984461,0.949347,0.968324,0.983128,1.005996,1.019919,1.068141,1.04345,1.010372,1.097972,1.053873,0.916532,0.940682,0.997022,1.02466,1.036483,1.038431,1.004539,1.053589,1.109969,0.934957,0.930937,0.995835,1.037595,1.009468,1.012871,1.048402,1.036376,1.064848,1.021921,0.945677,0.963383,1.016362,0.99338,0.991901,1.037753,1.059657,0.994141,1.040614,1.137743,0.957679,0.977026,1.022756,0.987402,1.063627,1.016852,1.039214,0.993885,1.043756,1.208195,0.967912,0.978903,0.997372,1.042237,1.019964,1.056143,1.015746,0.991166,1.099787,1.01012,0.918243,0.996853,1.030346,1.001356,1.01261,1.04779,1.091093,1.0716269999999999,1.06675,0.99732,0.972206,0.9707,0.980354,1.036769,1.030335,1.024695,1.073198,1.050592,1.074999,1.066956
2022-06-30,0.973981,0.973414,0.959477,0.939246,0.975206,0.986502,0.953898,0.941093,0.927388,0.8789899999999999,0.919084,0.915168,0.974599,0.94792,0.932127,0.967211,0.954123,0.899247,0.913409,0.87586,1.001135,0.984466,0.986335,0.961853,0.958453,0.918322,0.935065,0.927819,0.89623,0.832084,0.940125,0.992874,0.910996,0.917979,0.940255,0.899723,0.930679,0.95128,0.887898,0.842669,0.969288,0.963962,0.917281,0.933962,0.915559,0.952899,0.904444,0.88649,0.878585,0.816271,0.938631,0.960497,0.9069119999999999,0.940652,0.943584,0.89671,0.898372,0.866758,0.862557,0.80091,0.919864,0.929831,0.905502,0.882361,0.836184,0.8895839999999999,0.940059,0.904576,0.909741,0.790211,0.942054,0.915194,0.919251,0.9021939999999999,0.925299,0.895389,0.883563,0.88193,0.861063,0.87565,0.94763,0.936955,0.930048,0.900292,0.88841,0.917207,0.841684,0.891081,0.8773340000000001,0.887508,0.916553,0.931741,0.947876,0.950445,0.923563,0.903845,0.905098,0.871653,0.883406,0.869918
2022-07-31,1.093901,1.16342,1.089251,1.044801,1.076132,1.122015,1.1234169999999999,1.05817,1.035883,1.046154,1.258583,1.100975,1.1778,1.148642,1.084751,1.05689,1.098863,1.099996,1.075478,1.081359,1.150877,1.092298,1.1444969999999999,1.115396,1.12159,1.094498,1.099562,1.066826,1.0816729999999999,1.077616,1.1319110000000001,1.137349,1.165819,1.105158,1.081901,1.158579,1.110415,1.095913,1.108602,1.099811,1.066063,1.134675,1.152489,1.134101,1.093514,1.112432,1.077262,1.118106,1.100755,1.080853,1.132386,1.11033,1.090608,1.082383,1.08328,1.104309,1.073631,1.031605,1.064224,1.116781,1.118512,1.146742,1.131524,1.120647,1.064142,1.086819,1.0964990000000001,1.099466,1.112128,1.016519,1.117061,1.141583,1.113316,1.079943,1.0738240000000001,1.047583,1.096764,1.094259,1.060033,1.068808,1.1464940000000001,1.106687,1.120423,1.09373,1.073425,1.080777,1.044895,1.036206,1.061401,1.041941,1.144818,1.065238,1.050236,1.011059,1.044169,1.016622,1.051104,1.099789,1.0736080000000001,1.051598
2022-08-31,1.04312,1.068142,0.968194,1.078031,1.021683,0.966495,1.053436,0.996418,1.007549,0.986554,1.06938,0.988032,1.026756,0.965448,1.050825,0.976134,0.997112,0.984774,0.995079,0.999917,0.9866,0.993673,1.065909,0.972444,0.962238,0.966916,0.963551,0.975203,0.966747,0.952547,1.035755,1.105654,0.957455,0.989686,0.947825,0.951565,0.990574,0.92855,0.975886,1.003254,1.009677,0.978032,0.95506,0.969717,0.976858,0.965064,1.016982,0.960274,0.977062,1.00026,0.943348,0.95385,0.968155,0.965879,0.969637,0.972697,0.975628,0.978892,0.97089,0.996944,0.989979,0.989487,0.972985,0.957986,0.948888,0.970782,0.983298,0.979649,0.987057,1.019791,0.966985,0.971224,0.965753,0.97735,0.956751,0.965609,0.971642,0.967513,1.006835,0.984113,0.989078,0.911857,0.970428,0.965115,0.988105,0.973164,0.964924,0.978832,1.017964,0.978494,0.94312,0.948398,0.970832,0.965737,1.011868,0.955824,1.012116,0.999249,0.956582,0.985107
2022-09-30,0.910093,0.864719,0.8751599999999999,0.834739,0.905929,0.8938550000000001,0.911774,0.878247,0.923745,0.891141,0.83317,0.882422,0.874915,0.974257,0.94683,0.924836,0.894522,0.863408,0.923295,0.880335,0.967931,0.944176,0.942673,0.89781,0.873631,0.8779440000000001,0.891478,0.9187339999999999,0.894694,0.852542,0.836188,0.922147,0.909779,0.899409,0.873093,0.906367,0.928186,0.889036,0.925392,0.904513,0.891719,0.915,0.908472,0.902902,0.884595,0.925652,0.884353,0.902535,0.906416,0.928471,0.930476,0.893218,0.919727,0.890198,0.911733,0.887618,0.887393,0.926889,0.93788,0.905837,0.9249620000000001,0.919231,0.902451,0.896245,0.8980090000000001,0.87235,0.941937,0.94328,0.940579,0.944129,0.8882140000000001,0.921589,0.923825,0.88895,0.896668,0.8870439999999999,0.8610949999999999,0.892979,0.895058,0.899512,0.926141,0.9041,0.931288,0.913504,0.918742,0.887807,0.891255,0.909458,0.939194,0.883226,0.897359,0.897254,0.944063,0.976537,0.901684,0.87563,0.924558,0.905408,0.925717,0.89366
2022-10-31,1.017212,1.003696,1.056774,1.029124,1.0505,1.010147,1.055536,1.010655,1.06447,1.074071,1.074964,1.028379,1.059781,1.056254,1.090988,1.133673,1.109874,1.126774,1.111352,1.162821,1.04095,1.117578,1.096594,1.088541,1.086117,1.12526,1.120159,1.100109,1.134153,1.18516,1.094197,1.057101,1.092294,1.093583,1.117391,1.090659,1.12344,1.146195,1.140182,1.193673,1.01611,1.034137,1.115586,1.063374,1.128061,1.129326,1.125449,1.189091,1.141623,1.136877,1.017456,1.070122,1.075593,1.09961,1.110626,1.130935,1.167248,1.079552,1.128769,1.172772,1.030563,1.076045,1.056312,1.122586,1.137531,1.11629,1.090068,1.102108,1.105163,1.139702,1.052375,1.065122,1.063923,1.085655,1.129246,1.0877,1.102381,1.058433,1.130662,1.114886,1.077162,1.039292,1.11007,1.121299,1.084728,1.094866,1.073016,1.105136,1.134955,1.13545,1.044969,1.073506,1.053316,1.1067,1.1061860000000001,1.083403,1.138042,1.19147,1.124951,1.153527
2022-11-30,0.948467,0.981137,0.995566,1.009272,1.000678,0.991635,0.997796,0.995991,1.027776,1.03627,0.928469,0.917319,0.890276,1.005981,0.99445,1.027864,0.995039,1.028304,1.004225,0.991852,1.003066,0.9623079999999999,0.963247,1.021453,0.998342,1.023855,1.028581,1.023109,1.025446,0.981649,1.033511,0.987895,0.961908,0.987765,1.027043,0.975125,1.058215,1.046692,1.026202,1.006959,1.05652,1.024442,1.013589,1.062814,1.047515,1.077263,1.047855,1.043445,1.023031,1.064851,1.040209,1.010143,1.072516,1.077119,1.063471,1.0701,1.09569,1.073037,1.019597,1.021041,1.05373,1.041115,1.034196,1.041541,1.070385,1.046049,1.036712,1.076769,1.042909,0.987628,1.049502,1.033556,1.063905,1.060488,1.047405,1.053507,1.08399,1.068771,1.025862,1.018246,1.045174,1.105362,1.051273,1.056338,1.052138,1.077733,1.097999,1.055182,1.046839,1.074107,1.040577,1.064442,1.071479,1.061936,1.018505,1.059675,1.052641,1.037689,1.062003,1.065131
2022-12-31,0.924798,0.947031,0.933469,0.985867,0.991018,0.950123,1.038129,0.911993,0.979266,0.993773,0.999345,0.883232,0.969242,0.932231,0.922411,0.961514,0.925882,0.944404,0.930912,0.967189,0.890041,1.0726040000000001,0.994095,0.936687,0.944729,0.937078,0.917656,0.914401,0.942563,0.944923,0.918228,0.9250039999999999,0.903211,0.878711,0.927798,0.918887,0.939584,0.984256,0.94165,0.945008,0.928644,0.956578,0.9174869999999999,0.937654,0.938747,0.9276260000000001,0.904806,0.940731,0.919841,0.91654,0.987383,0.926547,0.899255,0.937595,0.972672,0.934178,0.927975,0.954693,0.910195,0.955336,0.956449,0.9446060000000001,0.925698,0.962393,0.964045,0.938841,0.939781,0.921749,0.915068,0.940992,0.946796,0.94333,0.939673,0.964202,0.946188,0.965164,0.939157,0.977582,0.932787,0.908901,0.924544,0.930273,0.9115489999999999,0.957302,0.956844,0.957992,0.973121,0.976143,0.954252,0.933806,0.911234,0.936498,0.969159,0.975127,0.970521,0.958604,0.954102,0.958,0.940224,0.969865
2023-01-31,1.183384,1.138628,1.213036,1.091059,1.147743,1.228785,1.085453,1.173217,1.091797,1.10686,1.154574,1.144385,1.1386669999999999,1.128235,1.126317,1.115708,1.0806230000000001,1.091045,1.029638,1.060184,1.142525,1.102736,1.1461459999999999,1.1399409999999999,1.1073,1.136977,1.104984,1.082147,1.049386,1.103837,1.148987,1.172287,1.175209,1.177536,1.123254,1.122304,1.051622,1.098892,1.045843,1.094811,1.145807,1.074196,1.134172,1.115995,1.107611,1.111071,1.031635,1.107579,1.072839,1.105471,1.081985,1.14108,1.140008,1.126454,1.091943,1.114134,1.081736,1.07357,1.053577,1.058378,1.090354,1.13057,1.116206,1.110362,1.079839,1.103288,1.086666,1.126391,1.07165,1.079787,1.09822,1.081598,1.071282,1.100554,1.090315,1.047354,1.124788,1.10784,1.05152,1.045397,1.09509,1.079921,1.063289,1.072254,1.076927,1.085093,1.021641,1.056851,1.071136,1.078302,1.09467,1.060906,1.015889,0.986178,1.033722,1.079293,1.036316,1.032929,1.059203,1.056218
2023-02-28,0.961512,0.962408,0.9203870000000001,0.95728,0.91785,0.916829,0.961153,0.96238,0.982261,0.979548,0.977567,0.939006,0.978736,0.923177,0.984092,0.975658,0.980669,0.987583,1.013188,0.978189,0.955871,0.988648,0.953528,0.980545,0.954539,0.970749,0.963843,0.961226,0.989605,0.967587,0.964835,0.928392,0.989762,0.956128,1.012788,1.018862,1.019776,0.939984,0.983947,0.990332,0.985114,1.016447,0.980399,0.996088,0.985528,0.997054,1.02345,0.983008,0.990965,1.000785,1.014999,0.964173,0.984506,0.988885,0.990299,0.964791,0.97791,0.953279,0.978303,0.98111,1.002302,0.995111,0.995434,0.974294,1.01107,0.952602,0.992698,0.963229,0.979579,0.976355,0.97013,0.962159,0.974689,0.968247,0.966453,0.953688,0.953532,0.96874,0.946845,0.950224,0.998509,1.006232,0.976948,0.962419,0.940962,0.970899,0.950667,0.968738,0.989398,0.95562,0.999879,0.935635,0.987528,0.953574,0.975639,0.952313,0.965981,0.951397,0.96675,0.976055
2023-03-31,0.9310430000000001,0.858183,0.950841,0.897755,1.057259,0.935474,0.994618,0.957025,0.908799,0.917081,0.855273,0.938879,0.955976,0.922327,0.915453,0.89832,0.906442,0.906591,0.877574,0.916144,0.952748,0.963268,0.944396,0.977062,0.940551,0.931354,0.914461,0.928806,0.882489,0.892609,0.978327,0.963262,0.958264,1.003874,0.968262,1.003824,0.967877,0.953092,0.9133910000000001,0.910021,0.993935,0.969199,0.983259,1.010101,0.981188,0.979564,0.936362,0.950811,0.872723,0.85816,1.012929,0.971027,0.97557,0.992401,0.981275,0.947731,0.968859,0.948021,0.867558,0.927134,0.998765,1.022047,0.998186,0.986495,1.000646,0.955612,0.961563,0.964754,0.815197,0.905152,1.020232,1.004614,0.994596,1.005579,0.984914,0.9514,0.937541,0.983807,0.8640950000000001,0.920511,1.047886,1.023112,0.988637,0.972962,0.894927,0.987435,1.023643,0.962107,0.892673,0.903079,1.090941,1.068427,1.051161,1.018356,0.982027,1.067799,0.951474,0.965012,0.952421,0.894478
2023-04-30,1.004016,0.953807,0.968968,0.96992,0.998657,1.048292,1.008894,1.015554,0.956968,0.977755,1.135696,0.972779,0.962166,0.989885,0.981915,0.958627,0.964927,0.942523,0.93738,0.964921,0.960601,1.00159,1.068174,1.014884,0.960462,0.957731,0.970509,0.9092089999999999,0.95931,0.976769,0.945823,0.982958,0.971731,0.954771,0.957218,0.98617,0.981023,0.974601,0.96809,0.987637,0.962057,0.976937,0.995977,0.992343,0.978374,0.963925,0.986826,1.001074,0.996679,0.977267,0.956362,0.981501,1.029367,0.968673,0.996404,0.99719,0.984342,0.980786,0.989378,0.981861,1.018473,1.003026,0.997288,0.967142,1.0029,0.975023,0.988307,0.972024,0.980586,1.038777,0.946507,0.992512,0.974265,0.978826,1.023146,0.9678,0.979708,0.993928,0.990977,1.011681,0.981591,0.970037,0.992314,1.025746,1.00934,0.99307,1.029699,1.032438,1.011419,1.005996,1.010519,1.031801,1.023231,0.98964,1.009095,1.021852,1.03243,1.016318,1.043509,1.03085
2023-05-31,1.051422,1.075634,1.019866,1.038772,1.052841,0.948275,0.960622,0.956668,1.00174,0.976427,1.013051,1.054092,1.01932,1.027015,1.040306,1.052727,0.988066,1.020933,0.972177,0.974972,1.021035,0.994662,1.070339,1.038641,1.004126,1.013561,1.023644,0.957595,0.961325,0.981135,1.019431,1.015533,1.019771,1.007286,1.054341,0.999301,1.12348,0.936071,0.95595,0.910369,1.018948,0.963915,0.974717,0.970828,0.995439,0.99273,0.96553,0.931744,0.977444,0.914604,1.008642,1.035436,1.018367,0.959588,0.937858,0.937506,0.988099,0.951942,0.91973,0.973266,1.019465,0.980315,0.993502,0.97724,0.980139,0.952691,0.967815,0.983424,0.914125,0.945316,1.022174,0.984794,0.973195,0.969482,0.964929,0.933756,0.967741,0.957168,0.905443,0.975373,0.998777,1.028124,0.992772,0.940322,0.951335,0.936337,0.899971,0.923498,0.931792,0.886233,1.071905,1.018823,0.99714,0.972915,0.943209,0.958216,0.949741,0.915133,0.964105,0.930934
2023-06-30,1.04542,1.091849,1.018148,0.975979,1.084112,1.019668,0.990693,1.065537,1.0555,1.088475,1.081316,1.07249,1.054766,1.042824,1.070195,1.045222,1.078112,1.094187,1.063312,1.080124,1.059285,1.025952,1.039788,1.052262,1.091038,1.123779,1.1421649999999999,1.061784,1.094171,1.132233,1.09895,1.090183,1.095393,1.100251,1.073599,1.089205,1.073492,1.078254,1.060591,1.059097,1.076385,1.085082,1.093331,1.085029,1.073667,1.068916,1.13458,1.097647,1.090893,1.083107,1.0366360000000001,1.097974,1.107122,1.071976,1.08417,1.109068,1.086426,1.042973,1.109342,1.097821,1.124882,1.094377,1.124138,1.095861,1.085482,1.101064,1.119685,1.064955,1.053758,1.043061,1.046886,1.094291,1.096619,1.05504,1.110403,1.055891,1.108127,1.095379,1.059698,1.094436,1.07242,1.071806,1.094641,1.100445,1.074215,1.110469,1.030503,1.056247,1.069604,1.088023,1.08338,1.031021,1.056247,1.003868,1.047754,1.052211,1.047871,1.065786,1.049112,1.04726
2023-07-31,1.033288,0.989004,1.047882,1.014612,1.071615,1.006529,1.045447,1.118262,1.103394,1.100982,1.076329,0.981846,1.033413,1.024749,1.050548,1.033862,1.052994,1.070572,1.098733,1.105367,0.993363,1.055404,1.040446,1.014064,1.076139,1.049564,1.097255,1.086717,1.08147,1.179953,1.051313,1.066812,1.045068,1.112855,1.045181,1.082169,1.064443,1.09042,1.114905,1.065143,1.072887,1.074864,1.047123,1.054758,1.064885,1.049939,1.114809,1.061445,1.116426,1.073119,1.02982,1.039983,1.01265,1.025179,1.027334,1.017197,1.0722990000000001,1.105373,1.070562,1.072861,1.045558,1.004125,1.047193,1.033781,1.046812,1.081965,1.108818,1.048576,1.112236,1.123764,0.999554,1.022582,1.039409,1.047281,1.032752,1.043146,1.062305,1.138653,1.067282,1.05843,1.031503,1.016074,1.054042,1.020967,1.0218,1.037361,1.0543,1.057637,1.057333,1.042265,1.020858,1.029861,1.072526,1.053729,1.052843,1.024204,1.059712,0.926528,1.078367,1.031409
2023-08-31,0.894558,0.907228,0.877014,0.9087069999999999,0.904628,0.920939,0.9112210000000001,0.942618,0.960179,0.890978,0.824427,0.927237,0.921654,0.945683,0.916734,0.85848,0.93104,0.957381,0.9304479999999999,0.917415,0.9196489999999999,0.951997,0.919497,0.95516,0.909296,0.957759,0.921655,0.938453,0.91793,1.068315,0.94234,0.896806,0.91393,0.937993,0.974165,0.977861,1.003045,0.9316180000000001,0.963116,0.916378,0.931568,0.95979,0.913555,0.972362,0.954359,0.926219,0.888705,0.947198,0.975928,0.959112,0.933862,0.97178,0.960179,0.961874,0.963227,0.949938,0.941531,0.943459,0.940213,0.924793,0.958009,0.988243,0.971609,1.001041,0.987225,0.937665,0.994558,0.959625,0.97303,0.97494,0.992508,0.953552,1.001725,0.953805,0.96674,0.994429,0.970491,0.941672,0.972833,1.003623,0.955808,0.953762,0.956178,0.955412,0.972634,0.93118,0.939536,0.98348,0.94892,1.005356,0.995889,0.993404,1.004851,0.98798,0.981428,0.974679,0.972315,1.018595,0.9294979999999999,0.876946
2023-09-30,0.888633,0.923182,0.909836,0.91399,0.944403,0.927561,0.970043,0.932257,0.954252,0.941216,0.9194,0.937503,0.908157,0.944134,0.91824,0.950148,0.9336949999999999,0.941699,0.937317,0.925864,0.895807,0.905329,0.989049,0.943171,0.960995,0.927938,0.936803,0.941844,0.946865,0.91776,0.934065,0.896978,0.911216,0.962779,0.9285289999999999,0.995613,0.955266,0.944562,0.927379,0.968425,0.940763,0.931006,0.982051,0.925664,0.923311,0.942321,0.928402,0.95219,0.957353,0.882113,0.948544,0.938192,0.936111,0.967313,0.948616,0.944339,0.944951,0.959017,0.937525,0.916358,0.952273,0.92547,0.939138,0.956097,0.950163,0.909447,0.94285,0.925302,0.969805,0.977771,0.944766,0.941564,0.970309,0.951484,0.931935,0.940118,0.9655549999999999,0.954837,0.971052,0.934394,0.945975,0.945056,0.945609,0.920565,0.966349,0.946959,0.975535,0.965812,0.964982,0.826484,0.940689,0.9527909999999999,0.958203,0.968449,1.008623,0.962142,0.978307,1.015551,0.985294,0.981326
2023-10-31,0.889064,0.961375,0.915175,0.901987,0.906343,0.93958,0.9133020000000001,0.931002,0.929503,0.923605,0.890919,0.8869549999999999,0.896744,0.926151,0.918354,0.919146,0.933287,0.952008,0.9280470000000001,0.907909,0.896828,0.896347,0.913372,0.933912,0.9273750000000001,0.931113,0.959843,0.972103,0.922055,0.914363,0.8946000000000001,0.887535,0.8971020000000001,0.947612,0.924718,0.935177,0.961028,0.953769,0.929778,0.945458,0.902662,0.926231,0.935377,0.932905,0.938429,0.960388,0.95086,0.950298,0.940349,0.932613,0.939553,0.941202,0.942041,0.938276,0.932426,0.951841,0.947782,0.957587,0.955887,0.888657,0.941975,0.945037,0.9365829999999999,0.94227,0.952423,0.889409,0.962568,0.942438,0.945174,0.947777,0.934839,0.940589,0.978208,0.922488,0.948723,0.920224,0.962289,0.924745,0.953576,0.878575,0.966195,0.9323440000000001,0.924499,0.907254,0.987896,0.97396,0.983499,0.97504,0.95658,0.915285,0.990495,0.999502,0.955082,0.967305,0.963969,0.991211,0.966643,1.04499,0.963707,0.949651
2023-11-30,1.044454,1.073111,1.065612,0.994319,1.051974,1.112924,1.076829,1.105847,1.052246,1.057859,1.003832,1.085325,1.090539,1.100577,1.132387,1.105619,1.116494,1.065233,1.092351,1.072664,1.12028,1.109909,1.116188,1.050423,1.083349,1.13538,1.065305,1.05379,1.120556,1.092566,1.111277,1.097136,1.091985,1.112613,1.070903,1.084674,1.103651,1.098323,1.113984,1.065024,1.131761,1.080514,1.067571,1.073019,1.102539,1.059182,1.132439,1.145561,1.175014,1.148034,1.090998,1.144616,1.099592,1.061203,1.105855,1.075848,1.071605,1.103657,1.13319,1.179379,1.110311,1.082128,1.084538,1.092739,1.076985,1.134812,1.099736,1.06109,1.051571,1.110172,1.088969,1.115973,1.101984,1.086596,1.047669,1.115889,1.05551,1.111751,1.037576,1.194467,1.112102,1.110823,1.070177,1.103354,1.07126,1.100569,1.068437,1.058968,1.150255,1.051308,1.111006,1.069532,1.071417,1.051807,1.062719,1.0748280000000001,1.093587,1.075974,1.157394,1.148942
2023-12-31,1.11617,1.063054,1.2547190000000001,1.151194,1.161076,1.14691,1.149136,1.1664080000000001,1.138113,1.157011,1.146108,1.265364,1.171821,1.124839,1.111874,1.174436,1.20237,1.154093,1.152241,1.151154,1.127882,1.132372,1.088693,1.15025,1.096883,1.137158,1.152469,1.113499,1.158185,1.133421,1.091906,1.150052,1.158743,1.1413820000000001,1.111748,1.100753,1.107602,1.131688,1.16662,1.143264,1.126431,1.081337,1.109477,1.1083210000000001,1.09946,1.093275,1.124812,1.157004,1.154817,1.223521,1.095353,1.104461,1.126067,1.096297,1.109793,1.100613,1.117049,1.110621,1.153144,1.182595,1.052215,1.095355,1.086716,1.069953,1.077435,1.077067,1.068479,1.078517,1.167095,1.156734,1.089569,1.095359,1.076371,1.077838,1.067349,1.132571,1.04986,1.132841,1.069709,1.118348,1.069932,1.055324,1.078744,1.09036,1.035933,1.053766,1.064072,1.074194,1.106484,1.088995,1.03113,1.044125,1.046171,1.020127,1.047747,1.06159,1.042938,1.012674,1.11479,1.135168
2024-01-31,0.959923,0.975428,0.970231,0.972987,0.987317,1.003789,0.960362,0.958964,0.988827,0.999755,0.941072,1.135583,0.972121,0.966033,0.95507,0.938209,0.964359,0.955471,0.954948,0.901668,0.950708,0.978037,0.961995,0.944485,0.950326,0.967012,0.9436910000000001,0.954846,0.950782,0.9445479999999999,0.955478,0.948027,0.93591,0.994383,0.970499,0.966658,0.973342,0.931293,0.944934,0.925027,0.967373,0.954561,0.943782,0.960833,0.921439,0.967571,0.931515,0.949331,0.944296,0.947073,0.967022,0.943371,0.967168,0.988931,0.972669,0.97883,0.982772,0.980254,0.943371,0.953313,0.992149,0.985254,0.980024,0.988786,0.978882,0.974872,0.984269,0.964426,0.9463820000000001,0.940617,0.988177,0.973003,1.002761,1.013119,1.010823,0.971897,1.011839,0.928154,0.98245,1.033293,1.002955,0.986238,0.965458,0.968916,0.992478,0.973283,0.979737,0.954829,1.009679,0.880492,1.026865,1.02075,1.00935,0.974854,1.042914,1.065218,1.039746,1.071491,0.973924,1.074026
2024-02-29,1.120098,1.010544,1.117125,1.04724,1.05986,1.063379,1.02686,1.016186,1.020809,1.064243,1.0634730000000001,1.166839,1.040332,1.076781,1.062703,1.223689,1.040529,1.020357,1.004309,1.101595,1.053703,1.019669,1.003281,1.059392,1.088451,1.057074,1.060457,0.994714,1.010309,0.965087,1.044132,1.238319,1.09132,1.080761,1.091991,1.037247,1.050699,1.035811,0.991982,1.08117,1.020878,1.034506,1.08803,1.004821,1.041445,1.039504,0.982744,1.023423,1.022853,1.036547,1.018502,1.060834,1.04689,1.071231,1.076708,1.058479,1.01032,1.045018,0.980935,1.03353,1.125736,1.105757,1.096673,1.049331,1.05522,0.98328,1.065221,1.048654,1.095505,1.029724,1.070394,1.034759,1.0875650000000001,1.082609,1.025327,1.070349,1.014499,1.061133,1.014965,0.950689,1.064293,1.076952,1.086526,1.069355,1.051578,1.05527,1.049771,1.026429,1.0062,0.877246,1.057983,1.06266,1.00071,1.00814,1.121412,1.020089,1.05842,0.957038,1.039797,1.018664
2024-03-31,0.958358,0.99644,1.066464,1.055112,0.982972,0.976654,1.032576,1.016346,1.024447,1.045407,1.005017,0.937781,0.999533,1.004651,1.033791,1.012646,1.019432,1.016525,1.027537,1.094719,0.981492,1.002328,1.009539,1.013118,1.029824,1.035216,1.06893,1.026045,1.024197,1.070536,1.020434,0.990561,1.051522,1.007594,1.023221,1.023062,1.01188,1.034489,1.047046,1.036522,1.041394,0.986285,1.008258,1.015531,1.017551,1.05147,1.106412,1.008159,1.038424,1.086423,0.999906,0.999354,1.025546,1.047265,1.0604,1.057024,1.021115,1.057472,1.060629,1.092969,1.02083,1.064154,1.046453,1.024987,1.05426,1.05644,1.085829,1.064338,1.111006,1.006984,1.033003,1.037692,1.03912,1.061369,1.034283,1.059553,1.079682,1.087967,1.087282,1.062159,0.997449,1.036172,1.050106,1.052202,1.054802,1.047872,1.074082,1.062652,1.082427,0.993174,1.012456,1.026811,1.069761,1.061056,1.028801,1.039673,1.06061,1.039575,1.087352,1.117081
2024-04-30,0.894682,0.899039,0.920431,0.936291,0.8317749999999999,0.931248,0.943254,0.92488,0.934848,0.922928,0.879961,0.843427,0.9286989999999999,0.92953,0.9111670000000001,0.967725,0.915772,0.925879,0.938975,0.899489,0.937945,0.91812,0.964157,0.9245289999999999,0.8969050000000001,0.938499,0.919473,0.970524,0.940141,0.908841,0.946509,0.897405,0.900328,0.912309,0.922011,0.96955,0.95152,0.949673,0.938719,0.935858,0.926716,0.939977,0.913821,0.937186,0.942688,0.940723,0.893038,0.936944,0.9292940000000001,0.950334,0.931988,0.967455,0.931226,0.952265,0.936449,0.94069,0.944174,0.945264,0.920991,0.888047,0.91928,0.934021,0.937758,0.931528,0.963098,0.93933,0.966618,0.96875,0.880041,0.925453,0.934592,0.965449,0.936222,0.936252,0.934522,0.928539,0.92793,0.905088,0.969502,0.998008,0.9365,0.943613,0.96762,0.962511,0.962315,0.962514,0.961722,0.946478,0.952968,0.84307,0.962236,0.960067,1.043923,0.952164,0.962,0.935614,0.947019,0.975417,0.939946,0.971429
2024-05-31,1.063329,1.014034,1.107973,0.996578,1.017116,0.988954,1.034556,1.010438,1.029048,1.03811,1.218095,0.99637,1.090243,0.969764,1.04677,1.083732,1.047706,1.048857,1.056934,1.06096,1.107356,1.036823,1.041432,1.023973,1.053614,1.070338,1.051754,1.047799,1.05639,1.033715,0.978867,1.002982,1.068235,0.996542,1.037555,1.062713,1.053547,1.033608,1.053494,1.048571,1.088656,1.083992,1.03937,1.060184,1.033452,1.052838,1.100073,1.057263,1.0116559999999999,1.037677,1.021838,0.99828,1.041726,1.059055,1.043181,1.038608,1.028562,1.047507,1.035847,1.088936,1.04995,1.024776,1.033287,1.050947,1.035656,1.048696,1.057003,1.032159,1.074079,1.073436,1.0314429999999999,1.010723,1.02521,1.001809,1.021485,1.0074,1.061326,1.051768,1.011831,1.005497,0.993433,0.995547,1.01294,1.015848,1.049218,1.012326,1.05811,1.021501,1.042707,1.119565,1.083893,1.023864,1.054949,1.012564,1.033654,1.027669,1.037178,1.078745,1.04966,1.006774
2024-06-30,0.947033,0.962921,0.918584,0.910123,0.955094,0.885758,0.951521,0.989131,0.993984,0.9236219999999999,0.961756,0.960336,1.008191,0.9876,0.969678,0.948221,0.974,0.988166,1.005661,0.97669,0.996642,0.988311,0.940831,1.014359,0.960603,0.981585,0.956228,0.978128,0.965978,0.9675819999999999,1.037771,0.926621,0.980055,0.97831,0.978318,0.985378,0.988251,1.000951,0.998445,0.933055,1.022825,1.003743,0.994959,0.991067,0.992516,0.958224,0.923433,0.983702,0.992978,1.004017,1.063454,1.00605,1.015073,0.973921,0.954223,1.007779,0.99573,0.983599,0.975043,0.937071,1.016177,0.994758,0.98669,0.975435,0.953986,0.971234,0.98263,0.992762,0.97009,0.969429,0.982727,0.999859,0.993788,0.976277,1.001957,0.970417,0.98743,0.977551,0.967842,0.983676,1.029358,0.988622,0.976094,0.965285,0.97347,0.97094,0.968035,0.959336,1.019255,0.902913,1.077282,1.035892,1.022501,1.00666,1.022963,0.987281,0.984123,1.048847,1.002499,1.020157
2025-07-31,0.98002,1.09648,0.985315,1.030138,1.037108,0.98102,1.000057,1.027086,1.041217,1.019904,0.952873,1.02786,1.096088,1.061871,1.002892,0.987027,1.055278,0.9995,0.979292,1.00855,1.0744259999999999,1.00385,1.060288,1.027169,1.040083,1.049399,0.990638,1.023964,1.015542,1.019508,0.996277,1.02292,1.020143,1.000818,1.009479,1.021781,1.011281,1.012151,1.002869,1.046903,1.011418,1.020859,0.98788,0.998681,1.013024,1.004279,1.031133,1.012077,1.039687,1.055865,1.020623,1.036894,1.052241,1.012079,1.023452,1.008864,1.016071,0.985288,0.989303,1.039241,1.02499,1.008446,1.022394,1.058439,1.009267,1.007885,1.012183,1.009421,1.021384,0.988122,1.05283,1.03924,1.000692,1.026779,1.012274,0.999172,0.970026,1.010762,0.921583,1.006013,1.013419,1.000637,1.047223,1.039306,1.040867,1.041336,1.012837,1.020615,0.9298690000000001,1.069422,1.036083,1.030691,0.990022,1.032345,1.032279,0.993565,0.99567,1.007358,1.016748,0.990696
2025-08-31,1.063161,1.087652,1.137323,1.129247,1.066775,1.101664,1.092071,1.061067,1.083517,1.090538,1.09422,1.108224,1.075536,1.055155,1.105525,1.091104,1.102617,1.090538,1.088515,1.1367880000000001,1.123137,1.099078,1.089109,1.09461,1.080454,1.042531,1.119574,1.074689,1.077281,1.057158,1.115544,1.057683,1.002771,1.044817,1.09038,1.107203,1.060526,1.081818,1.098676,1.191867,1.06276,1.012967,0.989835,1.08049,1.046659,1.049297,1.071004,1.03828,1.088965,1.110575,1.049699,1.043754,1.035633,1.04261,1.059888,1.07391,1.043087,1.086114,1.100398,1.089463,0.968696,1.037533,1.019431,1.034498,1.034806,1.017494,1.047031,1.101973,1.078923,1.112854,1.076661,1.010821,1.025019,0.999974,1.026073,1.015173,1.040456,1.054006,1.049674,1.057743,0.994762,1.012683,1.019236,0.976633,1.02352,1.03661,1.063575,1.014283,1.091012,1.005941,1.013195,1.010645,1.03178,0.988116,1.024448,1.03256,1.054369,1.067774,1.084083,1.11883
2025-09-30,1.10983,1.041026,1.015441,1.076664,1.1929750000000001,1.041918,1.034986,1.017094,1.02926,1.0298,1.099277,0.969123,1.02648,1.038411,1.035093,1.03921,1.041412,0.973609,0.97449,1.041891,1.002196,0.976573,1.023978,1.079373,0.992409,1.014593,0.996081,0.990937,0.986971,1.00481,1.027451,1.032096,0.971215,1.020606,1.056617,1.029177,0.985095,0.972835,0.976277,0.997,1.018076,0.993597,0.951837,1.017381,0.943842,1.020896,1.045164,1.032127,1.042146,1.034867,1.034058,1.055026,0.986694,0.994716,0.994473,1.000046,1.016419,0.984092,0.980111,0.990509,0.994054,1.014554,1.021914,1.024298,1.004639,0.969822,1.0053,0.988186,0.963973,0.979711,0.971232,0.986115,1.047085,0.990938,1.037966,1.05906,0.9670300000000001,0.999461,1.019422,0.98398,0.992708,1.015769,0.987168,1.041487,1.000475,1.026044,1.004746,0.998957,1.025664,1.166686,1.070116,1.035556,1.004235,1.01374,1.01735,1.038573,0.996916,1.016697,0.976506,1.137845
2025-10-31,1.005998,1.042138,1.007578,1.051364,1.040465,1.093549,0.997523,1.002115,1.010663,1.00559,0.999812,1.019879,1.066538,1.016247,1.011904,1.024785,0.990906,0.988434,0.995579,0.967324,0.98722,0.997501,1.046938,1.13292,1.017252,1.005899,1.013993,0.959155,0.980723,1.002818,1.05133,1.054871,1.003742,1.029997,1.034982,1.023843,0.970418,0.940282,0.977933,1.035152,1.043137,0.969287,1.029727,0.994607,0.989692,1.017233,1.01327,0.993212,0.987025,0.966913,1.06527,0.990626,0.985788,0.993827,0.949097,0.97129,0.978664,0.974012,0.949097,1.008769,0.943226,0.980284,1.018761,1.023587,0.978171,1.006733,0.970071,0.975337,0.980806,0.995305,1.028856,1.027188,1.025843,0.987198,1.01128,1.025557,0.993706,0.980542,0.954198,0.932214,0.998707,0.996441,0.970592,0.996369,0.968062,0.977354,0.983653,1.007353,1.027455,1.081392,1.034984,1.052548,1.003186,1.048539,1.039832,1.018467,0.954427,1.023501,0.976159,1.074077
2025-11-30,0.94866,0.914845,0.921539,0.948785,0.888591,1.014471,1.035276,1.179523,1.06034,1.041108,0.936407,1.007968,1.048891,1.264665,1.037752,0.995641,1.027719,0.991213,1.044667,1.00479,0.970657,1.00856,1.05405,1.010842,1.042917,1.087167,1.037449,1.002135,1.031093,1.107695,1.021789,0.949982,1.051165,1.054432,1.017084,1.009341,1.013791,1.032645,1.010965,1.037975,0.982127,1.02947,1.059786,0.996296,1.008799,1.008654,1.035392,1.055153,1.027645,1.042011,0.969904,1.086855,1.047516,0.978068,1.052208,1.038627,1.05318,1.026042,1.042471,1.017913,0.978373,1.049907,1.0173,1.047809,1.047946,1.012077,1.035109,1.068389,1.066379,1.027748,0.952886,0.979934,1.023162,1.001987,1.064971,1.041383,1.049563,1.06317,1.036236,1.040996,0.993592,0.970824,1.02989,0.998138,1.033603,1.014961,1.045421,1.064978,1.012038,1.047075,0.968826,1.034492,1.020349,0.970382,1.026621,1.02019,1.044977,1.01428,1.053977,1.023457
2025-12-31,0.967341,0.978795,0.989903,1.036238,0.947913,1.021628,1.03101,1.0747740000000001,0.996932,1.017219,1.057074,1.016913,1.026448,0.99466,0.991071,0.976607,0.995156,1.021182,1.017427,1.004882,1.059711,1.070207,1.044128,1.017306,1.019199,1.000606,1.016031,1.023904,0.995472,0.965249,1.0357,0.985191,0.9775,1.009552,0.961665,1.033221,1.048978,1.01299,1.011872,0.970554,0.959515,0.985193,1.001231,1.014325,1.002441,0.999835,1.045504,0.931052,0.974335,1.103874,0.949357,1.004463,0.993708,0.992905,0.969043,1.026365,1.009356,0.974963,1.01113,1.041405,0.994543,0.976864,0.965648,0.999741,0.994595,1.030823,1.002809,1.052234,1.024616,1.011439,1.023659,0.995162,1.02112,1.000223,1.024903,1.031227,0.994253,1.004806,1.053222,1.04988,0.985698,0.977224,1.016608,1.00523,0.990459,0.979551,0.986076,0.979914,1.079681,1.069362,0.993151,0.995272,1.004994,0.9962,1.013512,1.052867,0.999274,1.068746,1.05828,1.015156
2026-01-31,1.106632,1.024762,1.013859,0.94881,1.043583,1.037847,1.2070319999999999,0.977609,1.051501,1.050109,1.105617,1.039836,1.031187,1.009684,1.011177,1.084536,1.019924,1.066652,1.062177,1.070938,0.9699,1.030722,1.042075,1.020893,1.073935,1.062519,1.061434,1.095661,1.104268,1.052843,0.985199,1.042251,1.03743,1.074488,1.058055,1.065857,1.079237,1.072172,1.063671,1.106746,0.971038,1.011366,1.026744,1.035793,1.063538,1.051817,1.173659,1.049234,1.073985,1.02326,1.114631,1.044687,1.033067,1.103142,1.057926,1.012713,1.079666,1.043868,1.038095,1.05516,0.951166,1.038938,1.058301,1.078324,0.987348,1.0498,1.082656,1.069755,1.07731,1.066121,0.977513,1.02751,1.049194,1.032113,1.012536,1.129228,1.06959,1.028271,0.997963,1.103022,0.986253,1.017195,1.044106,1.071166,1.01808,1.022037,1.036061,1.044274,1.009059,0.994689,0.965954,1.059646,0.987661,1.053261,1.058254,1.082848,1.030388,0.982026,1.04491,1.0723
2026-02-28,0.940828,1.045799,1.019952,1.032949,0.985659,0.975624,1.04697,1.080378,0.975453,1.066543,0.917559,0.941944,1.026256,1.01774,1.017181,1.004344,1.0104899999999999,0.969732,1.011617,1.016503,0.966437,1.114494,0.90598,1.008341,1.04679,0.980645,1.022224,1.002632,1.035812,1.025616,1.004168,0.943058,0.986278,1.017952,1.040052,0.996722,1.020105,1.022659,1.023355,0.975381,0.952113,1.00563,0.929923,1.030225,1.01671,0.994123,1.0650789999999999,1.016864,1.028913,0.961376,0.95327,1.215701,1.039574,1.04499,1.015056,1.108192,1.030546,1.003713,1.036366,0.982987,0.967166,1.004837,1.00944,1.005313,0.977475,1.044157,1.059693,1.029548,1.081181,1.075383,0.947242,1.039817,1.12234,1.035637,1.063496,1.048467,1.026075,1.045106,0.994345,0.986684,1.023404,0.993612,1.016814,1.146301,1.041751,1.060259,1.060011,1.040693,0.996705,1.026543,0.974703,0.953203,1.042364,0.976955,1.063228,1.009412,1.039395,0.95174,0.968574,0.987921
2026-03-31,0.90211,0.956739,0.924356,0.963992,0.913845,0.927591,1.024385,1.028406,0.962401,0.987317,0.961247,0.943461,1.028335,0.953927,0.991173,1.045111,0.988879,0.986917,0.978282,0.959407,0.929476,0.913904,0.928049,0.962829,0.93489,0.947321,0.960885,1.039879,0.987247,1.022262,0.985573,0.9361740000000001,0.980236,0.977723,0.959899,0.923449,0.950396,1.015364,1.013798,1.048985,0.923759,0.936984,0.974869,0.942013,0.942244,0.978458,0.873103,1.008015,0.947652,0.986315,0.911688,0.935292,0.917602,0.942193,0.903959,0.863818,1.018373,0.983366,0.934049,1.028928,0.992298,0.951303,0.914504,0.929792,0.956516,0.958132,0.901568,0.966303,1.006937,1.037887,0.9316450000000001,0.93408,0.948415,0.928627,0.9618,0.934647,1.015058,0.989327,0.978198,0.964494,0.945076,0.955027,0.9230510000000001,0.9264209999999999,0.953815,0.98871,1.038424,0.978485,0.962207,0.910372,0.951861,0.933698,0.951626,0.950964,0.981681,0.986495,0.990799,0.952055,0.932265,0.978904
