,SMALL LoBM,ME1 BM2,ME1 BM3,ME1 BM4,ME1 BM5,ME1 BM6,ME1 BM7,ME1 BM8,ME1 BM9,SMALL HiBM,ME2 BM1,ME2 BM2,ME2 BM3,ME2 BM4,ME2 BM5,ME2 BM6,ME2 BM7,ME2 BM8,ME2 BM9,ME2 BM10,ME3 BM1,ME3 BM2,ME3 BM3,ME3 BM4,ME3 BM5,ME3 BM6,ME3 BM7,ME3 BM8,ME3 BM9,ME3 BM10,ME4 BM1,ME4 BM2,ME4 BM3,ME4 BM4,ME4 BM5,ME4 BM6,ME4 BM7,ME4 BM8,ME4 BM9,ME4 BM10,ME5 BM1,ME5 BM2,ME5 BM3,ME5 BM4,ME5 BM5,ME5 BM6,ME5 BM7,ME5 BM8,ME5 BM9,ME5 BM10,ME6 BM1,ME6 BM2,ME6 BM3,ME6 BM4,ME6 BM5,ME6 BM6,ME6 BM7,ME6 BM8,ME6 BM9,ME6 BM10,ME7 BM1,ME7 BM2,ME7 BM3,ME7 BM4,ME7 BM5,ME7 BM6,ME7 BM7,ME7 BM8,ME7 BM9,ME7 BM10,ME8 BM1,ME8 BM2,ME8 BM3,ME8 BM4,ME8 BM5,ME8 BM6,ME8 BM7,ME8 BM8,ME8 BM9,ME8 BM10,ME9 BM1,ME9 BM2,ME9 BM3,ME9 BM4,ME9 BM5,ME9 BM6,ME9 BM7,ME9 BM8,ME9 BM9,ME9 BM10,BIG LoBM,ME10 BM2,ME10 BM3,ME10 BM4,ME10 BM5,ME10 BM6,ME10 BM7,ME10 BM8,ME10 BM9,BIG HiBM
SMALL LoBM,0.005861820746936284,0.005074656087409644,0.004970321966521564,0.004403610700475113,0.004304203821791101,0.003994321877637063,0.003614989195675538,0.003531099435780152,0.0035120193717975345,0.003889630894485826,0.005474042207005896,0.004956910672967522,0.004368568927624138,0.004129879963299601,0.0038842487388317973,0.00367032625639135,0.003546438158687923,0.0034689213052678538,0.003546960217891597,0.004443627823200876,0.004994313466118864,0.004567898231767863,0.0041079779504377455,0.0037630614566523464,0.003629555061209421,0.0037237619512000397,0.0032090307674468447,0.0030691980897800883,0.0033608778305166172,0.0038097318991272703,0.004624305319886272,0.004306282178642138,0.0039312316334891555,0.003643105863214011,0.00340140892396687,0.0030656390721791344,0.0029705413066151197,0.003030236218881705,0.0033050769896725584,0.003983964787309861,0.004350598952398735,0.003917148863687695,0.0036218955304662646,0.0033435882080942356,0.0032851088452158523,0.002973654740543679,0.0030414278937441045,0.0029030978059739155,0.003186264426171263,0.0032815404265902123,0.004070795939605657,0.003569363768681696,0.003372274405637133,0.003146138012112746,0.0029752428291122263,0.0027186725804940995,0.0028208343331296458,0.0027567668940718763,0.003009984728989948,0.0033911979374590673,0.003656675261455182,0.0033684642902212128,0.0031365707631857477,0.0031500176681594507,0.0029772371387950694,0.002947368263385092,0.002706205356448125,0.002776292550672767,0.0028062817028829067,0.0031421481561834624,0.0033838636161199363,0.0031003283544047797,0.0029021491002731007,0.0029845028022657764,0.002545978646484503,0.0026975149692105515,0.0024215669495939334,0.0024390635336074473,0.0025445841819176592,0.003174833189586901,0.0030950226150672495,0.0027352029585070675,0.002668725038360659,0.0026712376848317255,0.0023906618922021946,0.0022602225379422447,0.0022972815539687697,0.0021492244806952145,0.0022835327609619055,0.0029703145903478656,0.002218527911080582,0.002162491553936834,0.0021019864391832697,0.002143487890125616,0.001900296874011999,0.002033962726417938,0.002029001027325141,0.0019415190206711979,0.00240721152511522,0.002678434498751185
ME1 BM2,0.005074656087409644,0.005643027169106063,0.004809517388449238,0.00427685836496324,0.004127018261842942,0.0038115842235205127,0.0034894171326594154,0.0033741530416209146,0.0033373206779938923,0.0037283090544459187,0.005147046875671892,0.004755223565193958,0.004194410964363212,0.003980764095164057,0.0037424653171160773,0.003505468311933118,0.0033793329754433434,0.003350812716906435,0.0034316324141756443,0.004371225833394314,0.004806877078420191,0.0043495760224052235,0.003962899689179999,0.003636394958739962,0.0035682935616354115,0.0036239855684025474,0.0030713152917883238,0.002958971763610012,0.0032245304247205254,0.0036322183961531506,0.004502073338023409,0.004089847917370519,0.003710108921241787,0.0035119273516627312,0.003291746232594921,0.0029468338439106044,0.002965361980859178,0.002968746486124322,0.0031587813229766,0.00368500519775391,0.004128243780940818,0.0038055764080703208,0.003444780884149735,0.003175257113839958,0.0031389765501955514,0.002891199362467146,0.00291397570264154,0.0028247601172085076,0.003050741501698355,0.003295993395720962,0.003790672809697449,0.003461671746812087,0.0032546156851856614,0.002970321827731021,0.0028330795884485647,0.0026010039355755864,0.0027451621712253397,0.0026288311672567647,0.0028746366664111856,0.0033053838258108783,0.0034614996369979256,0.00313959946751651,0.002992131128937441,0.003012231496839543,0.002772436559366526,0.002836784076852081,0.0025779462410186155,0.002606226456835852,0.0027923850090140387,0.0029441372161710384,0.003283365826550561,0.002958343647137091,0.002746002138797715,0.0028331670197306257,0.002488855665159447,0.0025875843189445418,0.0022961093398403123,0.0022846223662928377,0.0023746083628830763,0.002999681911034009,0.0029419083638810143,0.0026082662235403257,0.0024609791918294103,0.002570964619811609,0.0023007223062118417,0.0021871115570010207,0.002166531377062756,0.0020615741221296792,0.002140899280201317,0.0026857032706877147,0.0021548507468239298,0.0020741999114553176,0.002007054733732272,0.002012000085976954,0.001774792000757139,0.0019356187293645666,0.0019230131648694858,0.0018735514741445426,0.0023209993314983637,0.002481875456120352
ME1 BM3,0.004970321966521564,0.004809517388449238,0.005251350452817809,0.004291151547140615,0.00409739807290956,0.0038577555528431983,0.003557670060021596,0.0034656633493572392,0.003412309185529495,0.003880155316401287,0.0050961609927519975,0.004810309814344566,0.004233405954202336,0.004086664590562434,0.0038182991436618353,0.0036438429974257566,0.003552630361013154,0.0034519708579025987,0.0035755838576588834,0.004429734010085475,0.004773814677092892,0.004389601427017928,0.0039405491029064245,0.0037125109432947032,0.0036336843345086706,0.0036959856292912738,0.0032404864689782385,0.0031023513767681576,0.003437027224374271,0.003876117548322229,0.0044268598781070515,0.0041550951959231025,0.003828473031646979,0.0035755515820387837,0.0034509126436716706,0.0030878052827102067,0.003010891976155142,0.0031138755651326385,0.003319001470340794,0.004167520440189852,0.004176470139412754,0.0038107542517454122,0.003528329391645627,0.0033166503235331044,0.0032907587063498588,0.0029973878750133,0.0030889023007424016,0.0029958770242650722,0.0032442019302062466,0.0034273437279057567,0.003749525706889288,0.0035465351656310375,0.003365984262442373,0.003129580160680251,0.0029553576240008224,0.002768159131697969,0.002931769322274733,0.0028522967934197867,0.003090428270268979,0.0035454171009515856,0.003446831177179301,0.0032912327781507334,0.0031258864634715567,0.003111505608251782,0.002955929584889301,0.002976727682092762,0.0027765946494157107,0.002831418950242788,0.002977964076063807,0.0032202109288365817,0.003272497215576129,0.003064859029415753,0.0028198092502268704,0.0029633443202088006,0.0026286747596263238,0.00275889920206752,0.002511988796618027,0.0025284517110609832,0.002652090087428425,0.0032240783395612533,0.0029869453385499784,0.002674216690240516,0.0026399484251781982,0.002676241831203691,0.002426105527383171,0.0023578059527824247,0.0023090109820766698,0.00225471951162326,0.0022877850299071645,0.00300845971983753,0.002185954687966428,0.0021240015685119445,0.0021283405731883907,0.002079961569198103,0.001845329876310848,0.002027573039653474,0.002074068930482011,0.0020245498002346993,0.002497105018358178,0.00283409711828184
ME1 BM4,0.004403610700475113,0.00427685836496324,0.004291151547140615,0.004346770375195363,0.003746059357102874,0.0035337248646330342,0.0032694951398198136,0.003212226207234044,0.003172372760649358,0.0035059540328831813,0.0045097058814265395,0.004263110892218565,0.0038353931964655134,0.003702345749217701,0.003489150986817198,0.0033658916309024334,0.0032264539504184317,0.003221812494847567,0.0032971860753153196,0.003876077599962017,0.004298250104874459,0.00401210327151108,0.0036469333947380124,0.0034492960020203237,0.003277977992304188,0.0033141354641024355,0.002989110233451857,0.002902176123523962,0.003159242191068916,0.0035505414380467976,0.003931355871341212,0.003747859104826722,0.003460253992302469,0.0032735397962233397,0.0031480097923260427,0.002854214911088415,0.0027529193130306426,0.002869987663296589,0.0030866199428149343,0.0037204138236805527,0.0037742089868537994,0.0033927903020035434,0.0031890685485053464,0.0030619543436548806,0.0029854697275450365,0.0027480840611184536,0.0027935684230995794,0.002687643927446292,0.003000444531978518,0.003178749890498197,0.0033991457704444367,0.00310043473270268,0.0030272377192121867,0.002820547933952473,0.0026613232668308597,0.002494410759089052,0.0026594737462070583,0.0026224765158910186,0.002806589864364151,0.003145492056584477,0.0030312510596308675,0.0029110963801759274,0.002755968059427593,0.0027772474911386337,0.0026750694637085897,0.002728326313122521,0.002484592771287741,0.0025548504270132073,0.002733310361699847,0.002938992240301906,0.002856563819165055,0.0027208434218368937,0.002521526416590208,0.0026695318801197793,0.002416195074116599,0.0025009759310148216,0.002276771393446959,0.002268100654649536,0.002482586471635954,0.0029050109728981375,0.0025878394200386373,0.0023113721535320915,0.0023281972760559075,0.0023778902941562897,0.002201191939126659,0.0020737832828766583,0.0021244020016753214,0.002013920399964626,0.0020824062942019087,0.0027412377956496287,0.001898422366344379,0.0018637153414519303,0.0018999143442792043,0.001904792121396189,0.001679931319415159,0.0018582539782473315,0.0018874713089039965,0.001807228484191946,0.0022534716964873877,0.002721987237177311
ME1 BM5,0.004304203821791101,0.004127018261842942,0.00409739807290956,0.003746059357102874,0.0043408064624380115,0.0034676447239796724,0.0031668330385192615,0.0031228516160358424,0.0030421135066519456,0.0033754424074131685,0.004366587131160755,0.004096363527202233,0.0036717535312946704,0.0034639128686012135,0.0033117276446883084,0.0032202674060295743,0.0031048885470259004,0.0031171381930388334,0.003160630064631136,0.003598756482538116,0.00403970563396361,0.003755803113757298,0.0034960692000809033,0.00329758148041062,0.003199649296180015,0.003260218743361405,0.002907148660703765,0.002767941383879276,0.0030079414172902576,0.0033912449825329563,0.003736116248296853,0.003689461969943735,0.003401878749772091,0.0031990297240027895,0.003075985785366219,0.002779203520435516,0.002714265572468847,0.002825595511857174,0.0029042168837328016,0.0034662990712653477,0.0036567624675369146,0.0032046743950517446,0.0031676070022870705,0.002950378851112438,0.0028935100820878883,0.0027110864952811582,0.002727785517865367,0.002686152609114709,0.002931105820221498,0.0030772997731496232,0.003261741111472876,0.002949595539886416,0.0029764921618825988,0.0027168616732261798,0.0026782122216286765,0.0024260814413745125,0.00259174518199204,0.0025261549699676367,0.002666293149811436,0.0030746177534114708,0.0029502587586724234,0.002836757548307491,0.0027701643739395034,0.0027380245095393737,0.0026121243228640224,0.0026411953080889045,0.002416457871817321,0.002451149609482625,0.002609554776310069,0.0029446294001860373,0.0027865810410829398,0.0026599253960112534,0.00249090445741404,0.0026664331540389224,0.002381071361169798,0.0024605004111384744,0.00220530501851316,0.002194389700899992,0.0023159485591315566,0.0028922154835616756,0.0025736921416029154,0.0023452773187472562,0.002278053182162564,0.002392475132964396,0.002108591163036902,0.0020756386404479727,0.0020588339409268242,0.0020033353591240853,0.002035358151123333,0.0026820035364960113,0.001864276724410424,0.0018419497528931483,0.0018520897433321867,0.0018406624814917341,0.0016313544054537923,0.0018565346244857972,0.0018414688696514287,0.0017995404337347056,0.0021841923683893765,0.0026708780430587885
ME1 BM6,0.003994321877637063,0.0038115842235205127,0.0038577555528431983,0.0035337248646330342,0.0034676447239796724,0.0036507295080571447,0.0030673761845043143,0.0030376758053825867,0.0029817765085152505,0.0032903192385809843,0.0040777699136036565,0.003918174226589688,0.0035010950162161878,0.0034278141801484187,0.0032284063665493513,0.003102569985206478,0.003030931943980488,0.002999413354929093,0.003079659343801557,0.0037132994292413185,0.0038315240394393465,0.0035346187825261353,0.0033570287442522433,0.003111132715193657,0.0030505910391937937,0.003138461923674942,0.0028232265268232836,0.002704626159963512,0.0029661033504546157,0.0033180837323904143,0.0035231982849359147,0.0034198961769881563,0.0031501950879900226,0.0030240926422714347,0.0028956340476191168,0.002680899841290221,0.0025773628934654185,0.0027225632429059314,0.002872195200872612,0.0034528514880807805,0.0034042924869972543,0.0030927478086616006,0.0029734616133166277,0.002781913013721616,0.0027993452703496974,0.0025867449961845903,0.00265818955968552,0.0025895014566400475,0.00282330806878319,0.0030252196145004453,0.0030020953948007756,0.00285814234156131,0.002821260537152535,0.0026372699707267015,0.0025191355736595817,0.002373574059793705,0.002478454097804504,0.0024258114097552934,0.002635057553613142,0.002954103828073148,0.0027126958616621667,0.0026780009043507365,0.002621971138894518,0.0025938174467679655,0.0024854550893806983,0.0025685148152806607,0.002356010250395866,0.002393164001505805,0.002552679783507155,0.0028235990407559203,0.0025589268204664244,0.002511188608861698,0.0023299816606060365,0.002491924190393837,0.0022481586762078806,0.00235413196025838,0.002148694254611415,0.0021486150872799857,0.002313724062105467,0.0027586634091576988,0.002358049270485367,0.002144933492730903,0.0022040655802781617,0.0022366056366899542,0.002047470352280442,0.001957561744990019,0.0019850265582628977,0.0019623486651338105,0.0019729975762799133,0.0025073305032576438,0.0017033711312559165,0.0017477597975074659,0.0017619605293737216,0.0017299950024060704,0.0015821552153684926,0.0017645822086400237,0.0018245155540391135,0.0017497538383006825,0.0021325288870469267,0.002644126999622617
ME1 BM7,0.003614989195675538,0.0034894171326594154,0.003557670060021596,0.0032694951398198136,0.0031668330385192615,0.0030673761845043143,0.0032720224051062913,0.002884060168898577,0.002845977892269273,0.003186092609205922,0.0038075716550662175,0.0035992175147260986,0.0032891525679717027,0.003205929107829765,0.0030369667868970136,0.0029839051185290154,0.0029153162555646418,0.0029141604870885204,0.0030181689117553456,0.003479585411017331,0.003482927738545681,0.003318261376783092,0.0030898472518658495,0.002945825945127377,0.002935441784248999,0.0029430264440170524,0.002721467478215772,0.002636576070589321,0.002913011244372644,0.0032223867893320804,0.0031907494419278746,0.0031218536732379215,0.002992995373032694,0.002871000185489713,0.0027809230433841086,0.0025738554787375144,0.0025179145359121354,0.0026632676819651774,0.0027650773187543783,0.0033001202702624653,0.0031236737713010404,0.002896327987589939,0.002791159903917182,0.0026346982557216405,0.002664317215530456,0.0024805451664050376,0.0025645726782733357,0.0025584408051258444,0.002758286770268971,0.0029280588940888024,0.0027905963433495972,0.002693513791961489,0.002631851251194436,0.002479263051361377,0.002443519405191996,0.002244331900948167,0.002434400156474255,0.002342435116578286,0.002551891545408187,0.002903552205594493,0.0024668116615844354,0.002522158071452327,0.002453251454159927,0.0024875621140192407,0.0023983666202301245,0.002436921480447678,0.002295863316274724,0.0023354747763433986,0.0025087217102902843,0.002777385103388331,0.002309143317644345,0.0023266744229665957,0.0022120015167327906,0.002337006310529078,0.002126194428317227,0.002257486184238191,0.0020726399803771677,0.002064985355571249,0.0021862742438424295,0.0027445432989592782,0.00216133038253449,0.0019803524524954984,0.0020484091742507503,0.0021336133551599773,0.001943651694230114,0.0018452913456330985,0.001905028136396147,0.0018676815482341989,0.001882380511159177,0.002438205369461917,0.0015274469607256735,0.0015974668805861646,0.0016405708512633509,0.001652677872169234,0.001500485546738243,0.001654830364892093,0.0017109166730027924,0.001715744423211583,0.002059415491544995,0.002534906278318153
ME1 BM8,0.003531099435780152,0.0033741530416209146,0.0034656633493572392,0.003212226207234044,0.0031228516160358424,0.0030376758053825867,0.002884060168898577,0.003127316712985595,0.0028499785072001586,0.0031625217937478844,0.0036721460390977453,0.0035100816144057268,0.0032071283978914573,0.003245421806676875,0.0030187098980417643,0.0028993796373716235,0.002893441583640718,0.002907251214318677,0.0029898691999743596,0.0033502579046600306,0.0034294835402879083,0.0032536919530589277,0.003012832721168349,0.002897775301221191,0.002901558007869455,0.0029664231018112237,0.002721973825349807,0.002636797358816049,0.002875109655663409,0.003251497259550238,0.0031902394594317722,0.003056535054902662,0.0029807341389250512,0.0028870774324259666,0.00272056664515014,0.0025453270707723775,0.002476941989652547,0.002639801830836488,0.0027444606697677293,0.00326012954030944,0.003109269208990014,0.002848816236202774,0.0028089055800893975,0.00264732786489251,0.002648004528616067,0.002422955655080797,0.002545861184626135,0.00252373008324978,0.002756832739968616,0.0029380156184715895,0.0027000530637929327,0.002690097063825835,0.002662445206212374,0.002430983359554251,0.002416878924742235,0.0022689773187478226,0.0024615780966746547,0.0023543225976800216,0.0025946143520825366,0.002845951770672434,0.0024997240089894425,0.002489981299895167,0.002458699921532403,0.002440192727500125,0.0024044804160363847,0.002462653544028766,0.0023115594650359467,0.0023241985650201465,0.0025341561045498103,0.0028518109191788947,0.0022864809503317057,0.0023214636704258097,0.002202589805530027,0.0023335135324937034,0.0021682740774896176,0.0022490948908781994,0.002121753046880795,0.0021339925637956516,0.0022652609948452316,0.002768930904821363,0.0021716167752543246,0.0019879143388966893,0.0020859374123008,0.002112156055214051,0.0019616626576351302,0.0018863092867246827,0.001977005215616338,0.0018946152615874979,0.0019019325284648126,0.002495280861846317,0.0015444038233050211,0.0015887037382619333,0.0016713471973993162,0.0016217160159649679,0.0015027849357893257,0.0016926441922035563,0.0017558067698217597,0.0017188118171889955,0.002109477209521502,0.0025382098808617534
ME1 BM9,0.0035120193717975345,0.0033373206779938923,0.003412309185529495,0.003172372760649358,0.0030421135066519456,0.0029817765085152505,0.002845977892269273,0.0028499785072001586,0.0029730357377038136,0.0031680472196529545,0.003597626692632711,0.0034229097553312654,0.003088412774214511,0.0031215419613714566,0.002984163640537637,0.0028895764805029977,0.002865772333364837,0.0028832882324659062,0.0030168823502601657,0.0035197065106771885,0.0033226743059371856,0.003157870954121327,0.0029561900086634567,0.002812886772559521,0.002824226898068026,0.0029257927146903342,0.0026954387287867303,0.0026198079405007177,0.0028620076402338887,0.0032673133377553493,0.003065920949849837,0.0029763319305284902,0.002879210628951995,0.0027835158609856923,0.0026783314066359154,0.0024960960170510717,0.0024488830024752242,0.0025943391284994595,0.0027664362460341654,0.003285165706871314,0.003052668912138523,0.002802721259717588,0.002708523067534107,0.0025636865068747027,0.0025768883795543097,0.002387857874335347,0.002528298241389678,0.0024717381137211317,0.002756638095601411,0.002931832838466442,0.0026731347627591755,0.002539754758507303,0.0025931121073213222,0.0024103405858310195,0.0023521646734673903,0.002211704574611123,0.002393280990130895,0.002330232841330339,0.0025741968014370126,0.0028823224798486683,0.0024111912310581483,0.002415322876118891,0.002389484142766722,0.002368201607349207,0.0023700824927424986,0.0024057445789040935,0.002262588191376928,0.002304895721769543,0.002493436056672661,0.0028597712627154606,0.002209247215857305,0.002235805770249898,0.002129073055220717,0.0022895029912003936,0.002096796094025755,0.002199199985686734,0.0020801294739114825,0.00206447460102343,0.002244125298520533,0.002749423190103526,0.002082589220335195,0.0019052439125013896,0.0020134323239359205,0.0020311269205297872,0.0018998172255332941,0.0018268042172994623,0.0019011035157003317,0.0018826303309068479,0.0018715666132922435,0.002457392764795544,0.0014725913039192694,0.0015451445352066377,0.0016250272016288946,0.001609460536332141,0.001453830303692959,0.0016258789613959352,0.001761621506286567,0.0017185854780195043,0.0020256042941028895,0.002550993071477743
SMALL HiBM,0.003889630894485826,0.0037283090544459187,0.003880155316401287,0.0035059540328831813,0.0033754424074131685,0.0032903192385809843,0.003186092609205922,0.0031625217937478844,0.0031680472196529545,0.0038451234101663915,0.00393260255047801,0.003736208765320624,0.003355967860090011,0.0034355229361845057,0.003248200006196073,0.0031595168742947544,0.003147332123630442,0.0031660718187780067,0.0033245495451294724,0.004200372449862512,0.0035831784431001627,0.0034366161613382826,0.003148165020445759,0.0030576017905069633,0.0030826727000066918,0.003213980532084195,0.0029335343911705996,0.0028731893968459835,0.0032004177555584293,0.003763903031288202,0.0032789720389179737,0.0032350004234708283,0.003139836126638737,0.003027344659822176,0.00292935638818838,0.002708341467656497,0.002682100422210957,0.002858611518609156,0.0030085855598070118,0.003818641321796764,0.0031992554143481524,0.0030131538088907276,0.002918084841492987,0.0027848532912203264,0.00283454966993369,0.0026227370759971114,0.0028018404382999774,0.002754067979969285,0.0030621838253950644,0.0032906705041197575,0.0027909856855265584,0.002809076303096286,0.002713327260575524,0.0026248708065571705,0.0025828429683164155,0.002450377116711716,0.002664137691762882,0.0025755183913103064,0.002909125607940382,0.0033927504380464853,0.0025577970551402167,0.0025726630486884545,0.0026061062578241496,0.002602127271256357,0.0025967698157659674,0.0026517981672738783,0.00255597665206088,0.00255031583341936,0.0027805345303090765,0.003208949372792263,0.0023536448349769762,0.002391354190345014,0.0022737426258526007,0.0025132723626793666,0.002280974686961103,0.0024171050465727926,0.0022907160829425907,0.002308422019563161,0.002525357622206974,0.003112146366532235,0.0021921665936468046,0.002065032241030111,0.0021854252352328527,0.0022666774851033003,0.0020721770549926,0.002031713621682898,0.002107062647584904,0.00212709750177591,0.0021234961062032336,0.0028480505008566023,0.0015230417035267242,0.0016286411033196455,0.001705563106848328,0.0016928583752214407,0.001555611985432168,0.001749055910155278,0.001898416408536824,0.0019105253924689102,0.002291128941203412,0.0029197768282479275
ME2 BM1,0.005474042207005896,0.005147046875671892,0.0050961609927519975,0.0045097058814265395,0.004366587131160755,0.0040777699136036565,0.0038075716550662175,0.0036721460390977453,0.003597626692632711,0.00393260255047801,0.0065975320365744055,0.005286589244959438,0.00469403002541222,0.0044299444166599365,0.004211437402953618,0.003990629153537685,0.003865388715725736,0.0038005470646849514,0.003863170092681763,0.004419580136764343,0.0056010307757517015,0.004975404863882753,0.0045431603607191465,0.004123071965041259,0.004003785975472709,0.004011131012186957,0.0035617226011554026,0.0033902834036505544,0.003704623215056879,0.004114175360049808,0.0051053583472401775,0.00478250988876124,0.004333663895584,0.004013627454302076,0.003794437649416661,0.003449100146881699,0.0032826924544008774,0.003444341306516357,0.003647287284872581,0.004385463498797526,0.004954589963889879,0.004328306964805651,0.004028030189840574,0.0037227331360798616,0.0036617130153896098,0.0033267797021432153,0.0034215233470076853,0.0032935381538677284,0.003537885438373849,0.0037104610116920644,0.004567576366269555,0.003940427731960153,0.003804610333674936,0.0034904727194354033,0.0032752223122497,0.003037193870474065,0.0032034314521346913,0.0029910268895669556,0.003321994234925129,0.0037095390080920283,0.004139339217191935,0.003724979562655103,0.0035019290411111618,0.0035733000573014173,0.0033347260989503164,0.003299934202966889,0.003024668757710029,0.003074708342700222,0.0031944398075733405,0.0034594716864586625,0.0038521902392771976,0.003539606838798125,0.0032111308638779834,0.0033234872913302407,0.0029134435155294953,0.0030828411586552268,0.002758087123075399,0.0027186005899202557,0.002941093213252355,0.0034679413482867267,0.003527826019218742,0.00309379248393534,0.00305250296308903,0.0029827706145306426,0.002778290157830355,0.0025835876923801042,0.002587326221762003,0.002435441916897372,0.0025615317503026014,0.003272649817250019,0.0026101570980700648,0.002501006477207628,0.0024570146701152614,0.002399363254168494,0.002167857813418613,0.0022722891986344824,0.0022764219570382757,0.0022085804974844945,0.0027040410343296055,0.0030123617061865544
ME2 BM2,0.004956910672967522,0.004755223565193958,0.004810309814344566,0.004263110892218565,0.004096363527202233,0.003918174226589688,0.0035992175147260986,0.0035100816144057268,0.0034229097553312654,0.003736208765320624,0.005286589244959438,0.005724990864857291,0.004468346064145783,0.004266250116768416,0.004030777564976058,0.0038484954404776816,0.003727371153762675,0.003650540679919702,0.0036820040998901344,0.0041614460293534035,0.005145644630498311,0.00467355362745781,0.004262207622057376,0.003883634103908467,0.0038519579576314304,0.003867051483931062,0.0033776387165353645,0.003258798431262007,0.0035584462289839263,0.003966384872042607,0.004749292305955005,0.004507176420711248,0.004127259375866099,0.0038817614969218197,0.0036187789324824584,0.003265981542602444,0.0031943453873922493,0.003303418726887539,0.003443526563054187,0.004158014732311131,0.004646826768002555,0.004076272011496258,0.0038487771507120495,0.0035716151391812813,0.003489565435274993,0.00316050628569574,0.003215578926687952,0.00312602895308978,0.0034430843347590654,0.0035256946475509996,0.004225459038819365,0.0038004540756667302,0.003640379600843878,0.003317960217435171,0.003217005139538074,0.0029334913363252197,0.0030874111949605065,0.0029826778611172886,0.003196373144199335,0.0035496929522682713,0.0038197044964504686,0.003552684790380523,0.003347298583080036,0.0033722575635915545,0.003214778532584038,0.003184362335372582,0.0028805419789594963,0.003020283672857802,0.0031019267918790524,0.00329106690663659,0.003611739352831517,0.003330004661484617,0.003105652774935671,0.0031918026424515135,0.0028052572074700978,0.002943904320812391,0.0026517986359845106,0.002628840858958038,0.002771762511863275,0.0033861446031642206,0.003343672723421818,0.00294595303259517,0.0028301203472475057,0.0028431689458278168,0.002574037265458736,0.002442073931132244,0.0024183159553352995,0.0023527371236499845,0.0023816929819444666,0.00301323162187129,0.002460414541221766,0.002379512045241317,0.0023033689681502545,0.0022738626893014455,0.0020787715892075583,0.0022543188291971987,0.002195225456851528,0.0021449127203709453,0.0026523663224093316,0.002969157266989536
ME2 BM3,0.004368568927624138,0.004194410964363212,0.004233405954202336,0.0038353931964655134,0.0036717535312946704,0.0035010950162161878,0.0032891525679717027,0.0032071283978914573,0.003088412774214511,0.003355967860090011,0.00469403002541222,0.004468346064145783,0.004561015394938421,0.003843927337374115,0.0035549915611992416,0.0034513270797505947,0.003360783507378522,0.0032758384042979164,0.0033521567505171543,0.003787059886620789,0.004545194166067012,0.004172168888224674,0.0037720595954562853,0.003560658882236273,0.00344460718935034,0.003413809060201189,0.0030981773398524675,0.0029682574097075784,0.003179493672275044,0.003635327368563372,0.004184924460949711,0.00391408639292752,0.0037274184932316254,0.0034460256151173808,0.003257895322769209,0.0029994165992310493,0.0028550169739261755,0.002989762080011215,0.003135111865880742,0.003739052476186734,0.003994666118490942,0.0036025839562056727,0.003434799521359427,0.00319507234397909,0.0031566683660017624,0.002872547787545902,0.002908268263126957,0.0028959505592531993,0.0030639233117966515,0.0032455775051951257,0.003614866555914763,0.003381113026886465,0.0033070311063942287,0.0029633414906775936,0.002831372677075493,0.002639026124265498,0.0027646337301571,0.00264866014035404,0.002856031324850237,0.003295412325195686,0.003279537715973026,0.0031625490214266445,0.0029767444661498578,0.002995603615406488,0.0028398699793023854,0.0028395029297271102,0.0026268946613442314,0.0026879777414894946,0.002813554985978643,0.0030582021941602095,0.0031006911870134555,0.002952157586098078,0.002750648204262424,0.002837661974969253,0.0025477949800992565,0.0026563846107817593,0.0023353699281044257,0.0023456064736588423,0.0024233014176702457,0.002993775072238878,0.002831946051740517,0.0025400973522360436,0.002562616464530623,0.0025341302089822606,0.0023612887890896374,0.0021858688741829206,0.0021746282017966628,0.0020739025080451206,0.002134225832434533,0.0027206991744972405,0.0021061612323577733,0.00207401763900393,0.0020501752447274982,0.0020321901024015977,0.0018535943112503546,0.00196293396445144,0.001979103500845117,0.0019424661120922505,0.002291308393820344,0.002681753101201836
ME2 BM4,0.004129879963299601,0.003980764095164057,0.004086664590562434,0.003702345749217701,0.0034639128686012135,0.0034278141801484187,0.003205929107829765,0.003245421806676875,0.0031215419613714566,0.0034355229361845057,0.0044299444166599365,0.004266250116768416,0.003843927337374115,0.0044117334420422346,0.003547835114053044,0.0033438642626064685,0.0033348563065158637,0.003249807456858084,0.003374760128133619,0.004060652523063726,0.004272663528322531,0.0039503990469983,0.0036599365420735747,0.003425964338178375,0.003395518855818063,0.0034355067024575154,0.0030518082657749112,0.0029455509433308187,0.003203968868709121,0.0036516011805599823,0.003923944634072387,0.003715819665630264,0.003520204893152651,0.0033475578841564903,0.0032170914156010584,0.002916383836684148,0.0028303091852267975,0.00295360025731707,0.00310634787554785,0.0038029918456764893,0.0038207163032562435,0.0035023150009056325,0.003319798417053282,0.003040202045571698,0.0030703886578250937,0.002838619555017322,0.0028860630908214067,0.0028394046885518347,0.003092845722422527,0.0032979759730183975,0.0033622812677641632,0.003295497905834601,0.0031855659788435015,0.0028549394113752714,0.002821637877278757,0.002609350153321114,0.002746430749073823,0.0026496818348583136,0.002861440084727112,0.003206503422159521,0.0030553646314702633,0.003015667610317038,0.0028997255508275035,0.002893548725717449,0.0027968830429415067,0.002824623258276504,0.002606351508028379,0.002627596852172278,0.0027811358267724085,0.0029357102353191754,0.002882143070229561,0.0028276356331631254,0.002692200453483271,0.002793391575024555,0.002510791605125176,0.0026165182220651115,0.0023188696314750483,0.0023450600832367,0.002536994202476435,0.002996883290095755,0.0026777093033635764,0.002389016589602913,0.0024664967582110806,0.0024374997945182594,0.0022562016925611918,0.0021716016178279824,0.002157565453440206,0.002093419378144907,0.002087594555829109,0.0027690569953473174,0.0018967977368956267,0.001944768728893698,0.0019408798686003275,0.0019469385267851553,0.0017392316703678087,0.0019274349415179595,0.0019954238412193573,0.001925104296080204,0.002360488862574315,0.0027220534778221468
ME2 BM5,0.0038842487388317973,0.0037424653171160773,0.0038182991436618353,0.003489150986817198,0.0033117276446883084,0.0032284063665493513,0.0030369667868970136,0.0030187098980417643,0.002984163640537637,0.003248200006196073,0.004211437402953618,0.004030777564976058,0.0035549915611992416,0.003547835114053044,0.0037936843868010325,0.003256357195419371,0.003229395356581839,0.003174897844039585,0.0032374612393362596,0.0037984365301483056,0.003995515089731159,0.0038132342834565464,0.0034428524596382165,0.0032553954375499463,0.003239029262322647,0.0033149638272649356,0.0029744591544330345,0.0028931494154005874,0.0031584107778651277,0.0035513328696917183,0.0037342170973930088,0.0036160976044208627,0.0034115363250831745,0.0032881103355837694,0.0031068511806491713,0.0028452326506067382,0.0027652954887554424,0.0028963730573291283,0.003045478278751669,0.0036055969665528113,0.0037060801714969708,0.0033903889986882235,0.0031474304630320594,0.0030812743079764032,0.0030105517918842042,0.0027542418319838123,0.002881513834301978,0.0027807491844299586,0.0030605281177335944,0.0032157215658278064,0.0032992210446186145,0.0031325884044354005,0.0030783333728477023,0.0028273140145597523,0.002774140124942455,0.002558412641543599,0.0027226731548724774,0.0026008660196629074,0.0028794076138990168,0.0031058535503579597,0.0029699037091120354,0.002927929333636601,0.0028495332674626657,0.002836393561650099,0.002777998167218086,0.002752939470729623,0.002529778909447406,0.002598298618697095,0.002811128307375865,0.002990306847556428,0.0028441215734325643,0.002746495052349037,0.0026267370512675203,0.0027463493523735504,0.0024540354791500775,0.0025450765270985574,0.0023571506760801607,0.002341882191024568,0.002498779958619965,0.0029763881988105335,0.002648143199818842,0.0024247402012261624,0.002468193982653537,0.002433807383022742,0.002276045601902338,0.0021351779118836825,0.002142064712926145,0.0020897470230500387,0.002120430880014353,0.00268044302788288,0.0019246100921311907,0.001925062320233074,0.0019580242943968776,0.001934499186773336,0.0017603654210429634,0.0018980330612499384,0.0019520316353066787,0.0019102213592901802,0.0023299823304702323,0.002728492214137727
ME2 BM6,0.00367032625639135,0.003505468311933118,0.0036438429974257566,0.0033658916309024334,0.0032202674060295743,0.003102569985206478,0.0029839051185290154,0.0028993796373716235,0.0028895764805029977,0.0031595168742947544,0.003990629153537685,0.0038484954404776816,0.0034513270797505947,0.0033438642626064685,0.003256357195419371,0.0035652348982279495,0.0031261100275118826,0.003100288104944312,0.0031600342267547044,0.0035440807187512103,0.0037670869529728415,0.00354847972148905,0.0032591216446042014,0.0031413809467494675,0.0031458516825611047,0.0031491117637815315,0.002972411300754585,0.0028455229744726983,0.0030917214633105696,0.0034372314666304316,0.0034559480592328117,0.003420677540156845,0.003289381922737068,0.0031542797858366473,0.0029992208514996064,0.0028207728952498435,0.002725897285435598,0.002879015542492593,0.002974787430288324,0.0035828853098984516,0.0034373793765081844,0.0031087708679924876,0.003074813434948525,0.0029237839230605365,0.0028869196417957424,0.002674353708839444,0.0028251148539921657,0.0027825980315240805,0.0030201999034384593,0.0031511391478866234,0.003051501888025809,0.0028774241951997283,0.0028994288464579965,0.0027486790227870144,0.0026532848701534273,0.0024814726717104826,0.002656847275426401,0.0025992584059615197,0.0027794633652853283,0.003061070678245712,0.0027827417835114016,0.0027161801162036386,0.0026856697761626805,0.002697038905611328,0.0026611581896906883,0.0026686870475428207,0.002523260608468325,0.0025979587396529557,0.0027379660704809857,0.0030575078229800813,0.0025921020195794134,0.002569339878045124,0.0024645664748602445,0.0026106910809491016,0.0023825690577995075,0.0024903613518987436,0.0022976861846068265,0.0023135159796344017,0.002447895128695281,0.0028932482362128806,0.002399419408072345,0.0022541189263956193,0.0023255511415157374,0.002326981109139882,0.0021841816313640273,0.0020995251723130337,0.0020900387727139863,0.0020643370374213155,0.002031026441910626,0.0026239744194546987,0.0017628287643526887,0.0017974843539128402,0.0018389635441060385,0.0018602701140342393,0.001717470730949328,0.0018870044298562047,0.0019292468800179512,0.0018406866295078205,0.002282109725328752,0.0027347102080090024
ME2 BM7,0.003546438158687923,0.0033793329754433434,0.003552630361013154,0.0032264539504184317,0.0031048885470259004,0.003030931943980488,0.0029153162555646418,0.002893441583640718,0.002865772333364837,0.003147332123630442,0.003865388715725736,0.003727371153762675,0.003360783507378522,0.0033348563065158637,0.003229395356581839,0.0031261100275118826,0.0033887063113503067,0.0030993774413052826,0.0031546655078505794,0.003587000462835562,0.003674741052179707,0.0034970815861445747,0.003201699121636935,0.003091502924259048,0.003093884711766122,0.003163965172288733,0.0029247920784616355,0.0028367256558978573,0.0030821496703423356,0.003489871762323376,0.003394379864608012,0.0033137292692556283,0.003169143275679134,0.0030752191884465003,0.0029122365395707504,0.0027419464887516263,0.0026551245999264996,0.0028498807527448213,0.0029362069136708298,0.003520054629182438,0.003349162043499824,0.00305341293598844,0.002935738029845286,0.002857851000024003,0.0028391472857404545,0.002641013533809827,0.002803065045688444,0.002736638974896086,0.0030142607748826706,0.003154052945311069,0.0029923291927075706,0.002867569664246092,0.002861794169276389,0.002651216414492162,0.0026257662246777502,0.0024734430988118386,0.0026148050276289807,0.0025313637290714686,0.002808544583446874,0.0031163793579491892,0.0026903752393280566,0.0026441006643444604,0.00265532313930127,0.0026367934066446673,0.002643403191474934,0.0026524799375683525,0.0024927840892503125,0.0025364044191424906,0.002703419171944146,0.0029606820225474453,0.0025410516947131467,0.0025228523904951418,0.0024289523456925088,0.0025531169614634174,0.0023480233958377275,0.0024717238783385203,0.002280325414771346,0.002291322749798122,0.0025005775259366197,0.0029200627013857873,0.0023634186495696354,0.002203189388205953,0.0023053836693419177,0.002314900880259015,0.0021605715041695794,0.0020717532769923396,0.0020776298149500438,0.0020841139652568786,0.0020450386941739036,0.00273749278829364,0.001724610864577066,0.0017788707028024678,0.0017906348458241995,0.0017993928060319765,0.001645509245395148,0.001833717482478435,0.0019305509308034797,0.0019183566095819745,0.0022814101792706675,0.0027425776111505346
ME2 BM8,0.0034689213052678538,0.003350812716906435,0.0034519708579025987,0.003221812494847567,0.0031171381930388334,0.002999413354929093,0.0029141604870885204,0.002907251214318677,0.0028832882324659062,0.0031660718187780067,0.0038005470646849514,0.003650540679919702,0.0032758384042979164,0.003249807456858084,0.003174897844039585,0.003100288104944312,0.0030993774413052826,0.003409518763751585,0.0032038633584443,0.0035804976342525227,0.0035650582868269084,0.0033788677723772397,0.003141526944191196,0.0030419602709657084,0.0030728060972231,0.0031126236603689645,0.002950154580655861,0.0028880903069290424,0.003125145834707465,0.003507239499729646,0.003284348966542065,0.003215286996297756,0.003163462332292159,0.0030468164037522837,0.002918857075311337,0.0027663973294292598,0.0027172916968405208,0.0029190762358332787,0.003008830405888914,0.0035402617984983107,0.0032514494051049995,0.0030005906683165905,0.00295867136936242,0.0028874768956291385,0.0028675797590612235,0.0026297185094074456,0.0028023452907049748,0.002758597871268209,0.0030201386925938776,0.003163058680454172,0.002876383819318716,0.0027652461213176836,0.002821503805674465,0.00264039336605005,0.0026116977423011755,0.002455411163504689,0.0027078405270219803,0.0025460924496429594,0.0028340009930604413,0.003141383811544089,0.0026345180513673285,0.0026071754950444943,0.0026418760408031135,0.002636334148994393,0.0026055499245568247,0.0026500998004864097,0.0025055007046827925,0.0025505164236362256,0.002723076724308816,0.0030650318703408144,0.002446742236393845,0.0024548461797378354,0.0023934636062062985,0.0025715329365962936,0.002320940234933701,0.0024543022558661818,0.0023501081215828506,0.0022549808062723143,0.0025127820414334494,0.0029550963632280387,0.002263344873272805,0.002155365134560847,0.0022694892929245604,0.002286235543406757,0.0021280495234506486,0.002063636094116694,0.002056017617656039,0.00208632344497856,0.0020487378251453454,0.002753077794501148,0.001643224524728779,0.0017232750361847943,0.0017413247758796583,0.001802401552872477,0.0016564384787272892,0.0018748742918029983,0.0019063214375392625,0.0019422935305736476,0.002311361984578589,0.0027951936994785615
ME2 BM9,0.003546960217891597,0.0034316324141756443,0.0035755838576588834,0.0032971860753153196,0.003160630064631136,0.003079659343801557,0.0030181689117553456,0.0029898691999743596,0.0030168823502601657,0.0033245495451294724,0.003863170092681763,0.0036820040998901344,0.0033521567505171543,0.003374760128133619,0.0032374612393362596,0.0031600342267547044,0.0031546655078505794,0.0032038633584443,0.0036039821764878516,0.0038170316908302127,0.0035917435154911677,0.003423739641522026,0.003211965963059183,0.0030857592460022025,0.0031503612608886054,0.003205993054397393,0.0030067283801580923,0.0029415902560811147,0.0032098223258908093,0.003684568066259652,0.0033085088101998173,0.0032528518472053247,0.00320938283795719,0.003074040083866167,0.002996358563774198,0.0027982122480512584,0.0027589644390857166,0.0029695948734140714,0.0031062371047169096,0.0037815519714929167,0.003327480952881062,0.003094867652298366,0.002983999453140777,0.002848027871935761,0.0029258826250627293,0.0027170804984954283,0.0028676656102417397,0.002804602244369973,0.0031487524091687894,0.0033674958509250052,0.0029483856255809403,0.002798744665618625,0.0028599257948623983,0.002676542073575905,0.0026693010869237015,0.0025335943591658808,0.0027440038514187164,0.002656127035397783,0.002945194044425836,0.0032825729679133906,0.0026640974718377484,0.002653259438151391,0.002667983552496254,0.0026767100824601426,0.0026645174391186476,0.002732225000100221,0.0025708580169350867,0.002620636330274431,0.0028405057263158747,0.0032522857116930913,0.002455759768593103,0.002506406385327217,0.0024289771648344422,0.002583094163957988,0.002375953988458884,0.00252002597017578,0.0023344922432207292,0.0023652875246643877,0.002626624997782091,0.0031304658901106295,0.00229728937832077,0.0021455731059275163,0.002275624897090542,0.002314253496467898,0.002152327903193599,0.002086990783016982,0.0021606512198102164,0.002158391549778384,0.002153068350660688,0.0028195840342341077,0.0016806874049375851,0.0017489641893693112,0.0018427757511283907,0.001811909181119413,0.0016607348732158313,0.0018644386399060528,0.0020139554501677607,0.002000896311439721,0.002351909380177294,0.00287359562577652
ME2 BM10,0.004443627823200876,0.004371225833394314,0.004429734010085475,0.003876077599962017,0.003598756482538116,0.0037132994292413185,0.003479585411017331,0.0033502579046600306,0.0035197065106771885,0.004200372449862512,0.004419580136764343,0.0041614460293534035,0.003787059886620789,0.004060652523063726,0.0037984365301483056,0.0035440807187512103,0.003587000462835562,0.0035804976342525227,0.0038170316908302127,0.007554056457936904,0.00401359075288833,0.0038856106672006145,0.003559149070002263,0.0034540861315476732,0.0034485746539775707,0.0039496538614637085,0.003355878484446647,0.0033176663729385784,0.0037089170268368083,0.004605811739159436,0.0039635194904124186,0.003626998350533468,0.003486317524415931,0.0034142225782428084,0.00338784047131832,0.003085295285635827,0.003098977506947364,0.003195484250640885,0.00355684576699925,0.00443715823660282,0.0034406179280385835,0.00343629449852248,0.0031798818881437815,0.003065151998144573,0.0032514605238739393,0.003039745475757006,0.003237769531567748,0.0031093460985109965,0.0034976074639389123,0.0040262795824738485,0.0031195669586835673,0.0032255841153147054,0.0030708847512633097,0.0030289634627663,0.0029470060143886754,0.002816026245199877,0.0029932589332155005,0.00295588750536046,0.003330910109336581,0.003970949117954961,0.0028058278035203864,0.0028699842744819995,0.002939714034178927,0.00296412432290363,0.00291932431476231,0.003040638735307212,0.002911999800282436,0.0028874780211249258,0.003224730558491496,0.003394841281735242,0.0025695768190032936,0.002673935807798903,0.002612904528039784,0.0028495669711098874,0.002518086398916516,0.0027638528687407224,0.0026086257078949916,0.0026157948919242986,0.0030247844688760517,0.003292694954035072,0.0023678760123939293,0.002394976126458768,0.002540649318623165,0.0024931656790962947,0.0023830272461232388,0.00233308830037697,0.002361136006594242,0.002396382581347912,0.0025761967110725513,0.00311831610636735,0.0017700665176328492,0.0018475089125035132,0.001964601674963009,0.0019346893727067562,0.0018046394870685405,0.0019530591160274533,0.0022797358338586355,0.002181454800997311,0.0025406295475007097,0.0032181587326165677
ME3 BM1,0.004994313466118864,0.004806877078420191,0.004773814677092892,0.004298250104874459,0.00403970563396361,0.0038315240394393465,0.003482927738545681,0.0034294835402879083,0.0033226743059371856,0.0035831784431001627,0.0056010307757517015,0.005145644630498311,0.004545194166067012,0.004272663528322531,0.003995515089731159,0.0037670869529728415,0.003674741052179707,0.0035650582868269084,0.0035917435154911677,0.00401359075288833,0.006088430916707234,0.004868362645882531,0.004369959070028382,0.003964047858909151,0.003894445115211564,0.0038457778214083995,0.0033417209891507967,0.003235166808402248,0.0034488364141132496,0.0038469366956110024,0.0050531892840043596,0.004610610333678348,0.004185394910107457,0.0038643390947557398,0.003684491498714133,0.0033378669698556985,0.003209156477271367,0.0033218787807490695,0.003445257192972338,0.004159207244796037,0.0050180518020513315,0.004266833104386071,0.003927385142854734,0.0036733595900433455,0.0036159407306619916,0.003198381320159919,0.0032247717328938194,0.0031236778099105592,0.0033685983788763973,0.003588112716466667,0.004555051593677288,0.003972761006537024,0.0037629105100421816,0.003447562376533922,0.0032456303815229246,0.002968709527823275,0.003109766784917475,0.002920185497000898,0.003204353224829403,0.003546260996529832,0.00413125762708233,0.0037096012895134764,0.0034375189815917806,0.003504071096034496,0.0033012015138125113,0.0032256623307729674,0.002980816078055272,0.0029985024931465133,0.00304658786531896,0.0032594180875449123,0.003907305063497237,0.0035263790930408225,0.003261108912338099,0.0032819561160475005,0.0029220354707948045,0.0030563147724222664,0.002675024076481184,0.0026674667925915933,0.00280106244547905,0.0032924098990918926,0.003600445148734596,0.0031519047218453865,0.0030205787827373163,0.0028922850671686093,0.0027366605270149327,0.0025731283232991345,0.0025167899314623788,0.00241265392738327,0.0024216248860814546,0.0031452016552900365,0.0026848882028112186,0.002537422200550856,0.0025224854248689257,0.0024788554559101762,0.0021589796483790715,0.0022751432996497164,0.0022230182740822424,0.002155110943315367,0.0026394481981328833,0.0027063713809560306
ME3 BM2,0.004567898231767863,0.0043495760224052235,0.004389601427017928,0.00401210327151108,0.003755803113757298,0.0035346187825261353,0.003318261376783092,0.0032536919530589277,0.003157870954121327,0.0034366161613382826,0.004975404863882753,0.00467355362745781,0.004172168888224674,0.0039503990469983,0.0038132342834565464,0.00354847972148905,0.0034970815861445747,0.0033788677723772397,0.003423739641522026,0.0038856106672006145,0.004868362645882531,0.005124170581453477,0.004054712636285497,0.0036926324534617633,0.003588233763662111,0.0035732892928320506,0.0031720275362163135,0.0030020247800809276,0.0033064692395735045,0.003684034597454382,0.004502749489565181,0.00417037206454702,0.0038946449696347085,0.003682224831431036,0.003358452012755903,0.00307779826352591,0.002951109272907291,0.003112056140023912,0.0032686250462183866,0.003797613157438195,0.004431137471329528,0.003916465510459718,0.0036079765960895342,0.003466077770452193,0.0033167098300309326,0.002973954322851639,0.00307119901261165,0.002943378718767389,0.003207906146031544,0.0032704722029348616,0.0041077977795912135,0.003763524718168458,0.003493694973170983,0.0031649119698716993,0.003048678899060496,0.0028274496411193665,0.0029019894134843715,0.0027775867233467027,0.0030085079955263763,0.0033564958150220604,0.0036742723159623406,0.0033994811937391825,0.0031364749705840313,0.0032186232078806097,0.0030786098898688843,0.003040602319070981,0.0027685287088868703,0.0028069018251641368,0.002899626073823319,0.0030372762791096375,0.0034709362787715167,0.003240443753273057,0.003035877584342474,0.003083821990148969,0.0027216707559621547,0.002829204947280413,0.002498957152074232,0.002513179959097734,0.002624325444859876,0.003087368705217092,0.0032146959503290464,0.002833582925518994,0.0028156980891708614,0.0027792804837306665,0.002581847629013562,0.0023627539860222703,0.002397549943008366,0.0022259454925117935,0.002268999318214166,0.0028408738263485953,0.002299603460629662,0.002245737054362438,0.0023100089640447834,0.0022413063038758756,0.0019929512119015486,0.0021065005276519684,0.0020983787348151876,0.0020141026188147384,0.0024146853494866347,0.002653656971131197
ME3 BM3,0.0041079779504377455,0.003962899689179999,0.0039405491029064245,0.0036469333947380124,0.0034960692000809033,0.0033570287442522433,0.0030898472518658495,0.003012832721168349,0.0029561900086634567,0.003148165020445759,0.0045431603607191465,0.004262207622057376,0.0037720595954562853,0.0036599365420735747,0.0034428524596382165,0.0032591216446042014,0.003201699121636935,0.003141526944191196,0.003211965963059183,0.003559149070002263,0.004369959070028382,0.004054712636285497,0.004174911164244796,0.00341757473910784,0.0033463399130700703,0.003329720530263418,0.0029858438187872704,0.0028383045534954307,0.0030928564010566403,0.003386966631301154,0.0040671486680518175,0.003885595353612463,0.0035489178374482865,0.003345398916713086,0.0031634634037975085,0.002908745626229395,0.0028660329304200033,0.0029212272853946395,0.003020619884712728,0.003516758789862967,0.004041587533796364,0.0035618215397335146,0.0033792247986809626,0.0031088035281133393,0.003054053202677297,0.002808249424624611,0.0028353578942733916,0.002778672133581583,0.003026861020687992,0.0030849341681508102,0.0036840996014920837,0.003309674304512159,0.0032094420948501103,0.002899316814922188,0.0028248391920230784,0.002562582114302225,0.0027141240540694955,0.002566707746596891,0.0027576288709202515,0.0031153942719883017,0.0032748401364920267,0.0030988612635587326,0.0029400479019209276,0.002966416309951871,0.0028253581882512853,0.002801573292533616,0.0025592610308696724,0.002638528829756325,0.0027245270685297015,0.0028986744034237046,0.0031223399433768896,0.0029604942075812392,0.002751156585056766,0.0028318266246405567,0.0025021343594859823,0.002578037087303586,0.002346668826140889,0.00233477757793984,0.0024862705346107403,0.002967070493409225,0.0028907880742752748,0.002533876127331479,0.0025692181543597622,0.002528690270462416,0.002360764878783783,0.002192396140617118,0.002180633383808196,0.0021062437438685235,0.0021267832982670098,0.0026755796544651843,0.002092344992202612,0.002077856774958035,0.0021325203153779865,0.0020602467884529613,0.001812073815920322,0.001994933503918251,0.0019728109286126427,0.0019485090916064923,0.002345766788042043,0.0025791874644636743
ME3 BM4,0.0037630614566523464,0.003636394958739962,0.0037125109432947032,0.0034492960020203237,0.00329758148041062,0.003111132715193657,0.002945825945127377,0.002897775301221191,0.002812886772559521,0.0030576017905069633,0.004123071965041259,0.003883634103908467,0.003560658882236273,0.003425964338178375,0.0032553954375499463,0.0031413809467494675,0.003091502924259048,0.0030419602709657084,0.0030857592460022025,0.0034540861315476732,0.003964047858909151,0.0036926324534617633,0.00341757473910784,0.0037102448533665095,0.0031599479799018456,0.0032208240354632428,0.0029190821907723787,0.0027798818694442858,0.003005051972264625,0.003381774921238535,0.0037043237021533483,0.003593824891090151,0.0033919124635584364,0.0032543497030639995,0.0031168663574171938,0.0028744600839570675,0.002747146191736065,0.0028440694230193694,0.0029322997310802347,0.0034786173313850516,0.0036965834363525394,0.0033000479948844053,0.0031886362311968255,0.0029773337700642498,0.0029271112848409664,0.002762966398542814,0.0027588572749102347,0.002702991355528792,0.0029605369538483048,0.0031297195337951665,0.0033313407193221807,0.0031355590211466964,0.003038262678359449,0.0028239405824978044,0.002746259285549147,0.002544030469296637,0.002667782811042093,0.0025101438693507163,0.0027181060109772643,0.003033182931093623,0.0030315646348613467,0.002917798517687723,0.002822250543599635,0.0028187113160966434,0.0027673792885236437,0.002689539449099823,0.0025060906649898066,0.002549031860247383,0.002649384008695392,0.0029115572006189858,0.002861278970474352,0.002780148152218537,0.002616703375268388,0.002708395471902209,0.0024707572929232677,0.0025509444064093843,0.002326037093540819,0.002256809808445782,0.002392362021860242,0.002783627808516485,0.0026604324400123815,0.00239749818804089,0.0024138100214784685,0.002448286939222881,0.0022724816185326984,0.0021494884507503604,0.0021582299526735974,0.0020644093367800966,0.002043533494392313,0.002627789272331313,0.001971400513837034,0.001971799085587923,0.0019920007793925395,0.0020037267028068045,0.001782254615572432,0.0019328675545084817,0.0018664686281354354,0.0018763307904202796,0.0021972169160585525,0.0026079045602745007
ME3 BM5,0.003629555061209421,0.0035682935616354115,0.0036336843345086706,0.003277977992304188,0.003199649296180015,0.0030505910391937937,0.002935441784248999,0.002901558007869455,0.002824226898068026,0.0030826727000066918,0.004003785975472709,0.0038519579576314304,0.00344460718935034,0.003395518855818063,0.003239029262322647,0.0031458516825611047,0.003093884711766122,0.0030728060972231,0.0031503612608886054,0.0034485746539775707,0.003894445115211564,0.003588233763662111,0.0033463399130700703,0.0031599479799018456,0.00352447450429074,0.0032460012173943066,0.0029487303130558765,0.0028104243694730842,0.003037351910181391,0.0033914825487494286,0.003588263965955366,0.003517350362127891,0.003289016404234232,0.0031925842179727575,0.0030556216095787556,0.0028567564406975737,0.002751258362216002,0.0029190834141326534,0.0029144772513694955,0.003495719579496555,0.0035575875148662894,0.003239397844438499,0.0031459804771010427,0.003016057435506725,0.0029539605690693175,0.0027314581649866866,0.0028249448822978127,0.0027103895061932,0.0029674497218181925,0.0030956831920289996,0.0031906471697217675,0.003070981715207086,0.0030257574364104174,0.0027867389447072295,0.0027663680824734143,0.0025574784506666357,0.0027284824406257377,0.0025706706128318085,0.0027935827083127923,0.0030815417748637605,0.002904028342074876,0.002898652603553322,0.00284053087273191,0.0028662175689214055,0.0027469417110685,0.002764725920955614,0.0025964811125202005,0.0025986779349895157,0.0027674388852181033,0.002951479878557815,0.002796434236667809,0.002714326524048303,0.002616642616793611,0.0027032122693611865,0.0024827223783672452,0.00254639879562103,0.0023432813987660024,0.002348741234577327,0.002427578957447396,0.002904008285977349,0.002596852208755097,0.0023776127387218817,0.00245455380348717,0.0024438584062988315,0.0022927031654988994,0.002180366044377008,0.002173521078221585,0.002087970661515902,0.0020168946546259585,0.00270192493507574,0.001879519800857306,0.0019258543528497631,0.0019126447874942868,0.0019749458093283995,0.0017618330404143177,0.001971329293942619,0.001936838447358232,0.0018890740312035395,0.002325196145326093,0.002642548544174483
ME3 BM6,0.0037237619512000397,0.0036239855684025474,0.0036959856292912738,0.0033141354641024355,0.003260218743361405,0.003138461923674942,0.0029430264440170524,0.0029664231018112237,0.0029257927146903342,0.003213980532084195,0.004011131012186957,0.003867051483931062,0.003413809060201189,0.0034355067024575154,0.0033149638272649356,0.0031491117637815315,0.003163965172288733,0.0031126236603689645,0.003205993054397393,0.0039496538614637085,0.0038457778214083995,0.0035732892928320506,0.003329720530263418,0.0032208240354632428,0.0032460012173943066,0.0037070351464134964,0.0030102045195592015,0.00290694975489045,0.003173614961674714,0.0036487672289291554,0.003601320745018584,0.0034706031026934822,0.0033071246053016927,0.00320409940602594,0.0030918974109774627,0.0028660500949355683,0.002802165004747154,0.0029542730742586885,0.0030392587765471417,0.003619459911656575,0.0034879789478480315,0.0032572054615453345,0.00312668504555651,0.0029691350821946633,0.00301451728802061,0.0027963892286850048,0.0029205190790705052,0.0028170971747463994,0.0030956747098336347,0.003276104543670419,0.003135318435220907,0.0030178443753001477,0.0030197029663020713,0.002831691160852316,0.0028034531958092915,0.0026348291339003314,0.002804848435393025,0.002643129619089916,0.002910759879105837,0.003226130425019451,0.002891024750488275,0.002884074177691725,0.0028237168778166627,0.002879190092271957,0.0027791579235067186,0.002819172024077531,0.0026178340759043716,0.002683426300154278,0.0028158600232755697,0.003036563166104988,0.0026695651177490484,0.002676044868898989,0.002601369235226586,0.002710981802617041,0.0024934549429810305,0.0026044263805254614,0.0024600009892341863,0.002413723627793004,0.0025705066357803925,0.0030711148215406725,0.002519136592583152,0.0023643630041798504,0.002442926256623111,0.00245535815147436,0.002290805469223189,0.0022229153818562725,0.0022312856605727423,0.0021877413886548743,0.0022257307619429245,0.002831510560187935,0.0018425643072547179,0.0019142347472196734,0.0019238109416098597,0.0019536865126930083,0.001748490255537018,0.0019867176298150307,0.0019845025140314307,0.0019689267864539083,0.002351657543571046,0.002765059695520546
ME3 BM7,0.0032090307674468447,0.0030713152917883238,0.0032404864689782385,0.002989110233451857,0.002907148660703765,0.0028232265268232836,0.002721467478215772,0.002721973825349807,0.0026954387287867303,0.0029335343911705996,0.0035617226011554026,0.0033776387165353645,0.0030981773398524675,0.0030518082657749112,0.0029744591544330345,0.002972411300754585,0.0029247920784616355,0.002950154580655861,0.0030067283801580923,0.003355878484446647,0.0033417209891507967,0.0031720275362163135,0.0029858438187872704,0.0029190821907723787,0.0029487303130558765,0.0030102045195592015,0.003102543317094973,0.00270349003710947,0.0029639551411472826,0.003347140566396511,0.0031594011390981822,0.0030673579355431167,0.0029933021449740885,0.0029183545041507964,0.0028413293887894512,0.002689253466747779,0.002611786330382503,0.0027693653864890987,0.002829326709343462,0.003383214201690767,0.003098404753182898,0.0028664788285361243,0.0028196748272558787,0.002704526371645721,0.002758052469446301,0.0025865774254150127,0.002745940003389373,0.0026870552050261413,0.0029245981425617125,0.003082157319030248,0.002771806137427948,0.0026520108269739435,0.002735956053957651,0.002578826055309064,0.002552140513013977,0.002432940481739369,0.0025859740458915913,0.0025011240550946176,0.0027372954445805363,0.0029766814963515594,0.0025202917339507197,0.0025306489725345923,0.002568694639549508,0.002550307717808357,0.002545171954447935,0.002619933249774712,0.0024565911785748443,0.002483324813679407,0.002670120832048029,0.0029816830418716443,0.0023590420896529335,0.0024052388791716006,0.0023224265650097554,0.0024654028464482715,0.0022876525550630886,0.002404995035933419,0.0022727374088183,0.0022289566131939477,0.00242659127127149,0.0028565499727193056,0.002170649117012738,0.0021356519128699135,0.0022556524852384084,0.0022785735217031385,0.0021350082776728087,0.002053306807594452,0.0020586129665245458,0.002082314451325711,0.002035982988034978,0.002640175509108719,0.0016276977523781999,0.0016823102551520254,0.0017625537325133202,0.0017886713062305925,0.0016514514845366777,0.0018274677641373295,0.0018873777871338906,0.0018445105402579423,0.0022130360636825647,0.002650439013676458
ME3 BM8,0.0030691980897800883,0.002958971763610012,0.0031023513767681576,0.002902176123523962,0.002767941383879276,0.002704626159963512,0.002636576070589321,0.002636797358816049,0.0026198079405007177,0.0028731893968459835,0.0033902834036505544,0.003258798431262007,0.0029682574097075784,0.0029455509433308187,0.0028931494154005874,0.0028455229744726983,0.0028367256558978573,0.0028880903069290424,0.0029415902560811147,0.0033176663729385784,0.003235166808402248,0.0030020247800809276,0.0028383045534954307,0.0027798818694442858,0.0028104243694730842,0.00290694975489045,0.00270349003710947,0.0030008433149477454,0.0028976864336468493,0.0032751569341223437,0.0029707434978138675,0.0029254736654469727,0.002871632129717495,0.002789916182728742,0.0027253110662178196,0.002566355492965208,0.002544802324799967,0.0027276946183733986,0.002791596892702097,0.0032949492417769853,0.0029834684810948497,0.002751075771261895,0.002688761146608107,0.002622684991252578,0.0026416110256454457,0.0024783422062742083,0.002634283258662879,0.002610804481962793,0.0028336247236120738,0.003002448714882643,0.0026378376189215708,0.0025496515184729607,0.0026076578271913395,0.0024660234127756326,0.0024545085554102133,0.002290735816979275,0.002537679504129884,0.002423984953429157,0.002680697248920147,0.0028529574472454943,0.0024230054108424085,0.00242269028686001,0.002467198463597833,0.0024281099498441104,0.0023907982378339357,0.0025010413734016224,0.0023437623291102713,0.002453004730837073,0.002646100047468917,0.002942755957179176,0.002208609359751286,0.002292758370458739,0.0022123512437531414,0.002368741612412154,0.002194560075588708,0.002323459313083861,0.0022113479597331695,0.002198208882377677,0.002385221681752209,0.002818093514165103,0.0020985694410539896,0.001959006699683298,0.002088282294758524,0.002096473480654653,0.002036718193310758,0.0019442796979556578,0.001967809116473522,0.002010531775665425,0.001937182664504106,0.002538796667876705,0.001521194236154281,0.0015853175998737765,0.0016659041456440695,0.0017085320291061964,0.001555807810230857,0.0017464362706915047,0.001876387310303086,0.0018332782467232473,0.00215768504565345,0.0027179903708818448
ME3 BM9,0.0033608778305166172,0.0032245304247205254,0.003437027224374271,0.003159242191068916,0.0030079414172902576,0.0029661033504546157,0.002913011244372644,0.002875109655663409,0.0028620076402338887,0.0032004177555584293,0.003704623215056879,0.0035584462289839263,0.003179493672275044,0.003203968868709121,0.0031584107778651277,0.0030917214633105696,0.0030821496703423356,0.003125145834707465,0.0032098223258908093,0.0037089170268368083,0.0034488364141132496,0.0033064692395735045,0.0030928564010566403,0.003005051972264625,0.003037351910181391,0.003173614961674714,0.0029639551411472826,0.0028976864336468493,0.0035451546078975106,0.0036222333484786317,0.0032336333744930404,0.0031793224591098305,0.0031798418502292326,0.003012299352633772,0.002948019980163861,0.00276636792442703,0.002719106738614377,0.0029346306189374704,0.003042222032350852,0.00364562972695623,0.0032246026782393553,0.0030226618964404404,0.0029712117574807037,0.0028193041611866464,0.002897775737003568,0.002659577079917559,0.00290522676578827,0.0028135898068190057,0.00312333304219448,0.003319789359340955,0.0028968272555346215,0.002814619497322065,0.0028285140415049395,0.0027053578473412256,0.0026603787666512942,0.0024951295258569305,0.0027714870748973084,0.002686608834548193,0.002973466409209834,0.0031819306093473104,0.0026375607917944314,0.0026169487172373156,0.0026870632661207235,0.002657353232232599,0.002656072534002591,0.0027267397645069275,0.002606213466881274,0.0026768863946324208,0.0028761335194937188,0.0031932307562476977,0.0024178970525376856,0.0025017678461343755,0.0023955767083194655,0.0025870523356887687,0.002382425346047975,0.002529826301737503,0.002440185367918761,0.002395749624894376,0.0026338990337647257,0.0031367005557979373,0.002249468959470835,0.0021241287849903864,0.0023276760097305626,0.0023541149696224583,0.00218740280925921,0.0021237977280210273,0.002167555912273914,0.002226294495314656,0.002259524018288795,0.002881249315134665,0.0016381957004947122,0.0017328334801466412,0.0018218773985715243,0.0018201982637005025,0.0016865244399345103,0.0018776370609921449,0.0019732330276802366,0.002002501693911132,0.0024002778264163595,0.002983496047034805
ME3 BM10,0.0038097318991272703,0.0036322183961531506,0.003876117548322229,0.0035505414380467976,0.0033912449825329563,0.0033180837323904143,0.0032223867893320804,0.003251497259550238,0.0032673133377553493,0.003763903031288202,0.004114175360049808,0.003966384872042607,0.003635327368563372,0.0036516011805599823,0.0035513328696917183,0.0034372314666304316,0.003489871762323376,0.003507239499729646,0.003684568066259652,0.004605811739159436,0.0038469366956110024,0.003684034597454382,0.003386966631301154,0.003381774921238535,0.0033914825487494286,0.0036487672289291554,0.003347140566396511,0.0032751569341223437,0.0036222333484786317,0.004982534742626485,0.003611184259509829,0.0035057367708449714,0.003539593046675196,0.0034020680366539115,0.003364065868180552,0.0031342309945486227,0.003024670022223099,0.0033567675640523635,0.0034752069851072195,0.004442627232754732,0.003562640298609833,0.0034061824830661216,0.003298148897303957,0.0032008556558764155,0.0032510568484527325,0.0030470189345254096,0.0032204856815602643,0.003172621183905394,0.003598776372729539,0.003979623386019626,0.0031845869855221596,0.0031343657226676706,0.00314513611077396,0.0030482452960655586,0.002991702477743996,0.0028569251772870225,0.0031935892651067926,0.0030539673227007315,0.0034760189199521604,0.0038828463486573323,0.002901989239769127,0.002950265624503897,0.0030339911363898185,0.003091373084132952,0.0030764752950792336,0.0031718094837320716,0.0029559713267594215,0.0030243265274257688,0.003267177898455819,0.003819216117009755,0.002665612059034092,0.002787480886416827,0.0027087600700782754,0.002905317873518875,0.002698087302082474,0.002921206288477861,0.002753754352059388,0.002745066867897085,0.0030970206128162476,0.0036721395781478252,0.0024981727642938377,0.0024194793629032044,0.0026126143643591046,0.002696363899068935,0.0024727718162784835,0.00240138826289229,0.002546132020925498,0.0025802470247613916,0.0026130924891109384,0.003563771859946115,0.00182495949687797,0.001981064884318352,0.0020457717582455814,0.002079232102381608,0.0018995443604741414,0.0021530539111097617,0.0023457423371266773,0.002338072284234481,0.002802822655056389,0.0034581280969293027
ME4 BM1,0.004624305319886272,0.004502073338023409,0.0044268598781070515,0.003931355871341212,0.003736116248296853,0.0035231982849359147,0.0031907494419278746,0.0031902394594317722,0.003065920949849837,0.0032789720389179737,0.0051053583472401775,0.004749292305955005,0.004184924460949711,0.003923944634072387,0.0037342170973930088,0.0034559480592328117,0.003394379864608012,0.003284348966542065,0.0033085088101998173,0.0039635194904124186,0.0050531892840043596,0.004502749489565181,0.0040671486680518175,0.0037043237021533483,0.003588263965955366,0.003601320745018584,0.0031594011390981822,0.0029707434978138675,0.0032336333744930404,0.003611184259509829,0.005384625650326448,0.004287122888366531,0.003908051125896381,0.0036753531038998806,0.0034694137434688396,0.003121996000493007,0.00296266783131634,0.0030477796548070476,0.003210950823202192,0.0037852532687797594,0.004630900300605421,0.003983995135577881,0.003682252423969099,0.0033754307999035813,0.0033360306297813068,0.003013107812739751,0.003052777516472508,0.002897104690389825,0.0030928182759912093,0.0032640322832574145,0.004296975964252168,0.0037822178913492015,0.0035877949907435476,0.0031795212141831103,0.0030105676807088743,0.002778485531098647,0.002827125805204626,0.00277323514931507,0.0029566964052864233,0.003362426463507886,0.003920371972976986,0.0034810170935775137,0.0032505466781568557,0.0032936392976971097,0.0030834845647444795,0.003038514798704872,0.0027542784433133077,0.002821200292626958,0.002865936985406545,0.0030416645752463192,0.0037066523452424774,0.0033808185556065437,0.0030983702993029718,0.0031053023016178677,0.0027344505441928946,0.0028692028186246663,0.002517055820154646,0.0024777819278057516,0.0025908197299197547,0.002961269585268695,0.003423364261333341,0.002985629626333043,0.0028635777805927094,0.002807706871737064,0.0025739318463662473,0.002414096660617492,0.002405247064153441,0.0021835579600575712,0.002292194927659916,0.0027915957177689866,0.002554445733131612,0.002390300565109112,0.002369449388451166,0.002257655351673402,0.0020260232553790066,0.002154763471721189,0.002032604628050001,0.002003257059203528,0.002432739416322207,0.002529403998740408
ME4 BM2,0.004306282178642138,0.004089847917370519,0.0041550951959231025,0.003747859104826722,0.003689461969943735,0.0034198961769881563,0.0031218536732379215,0.003056535054902662,0.0029763319305284902,0.0032350004234708283,0.00478250988876124,0.004507176420711248,0.00391408639292752,0.003715819665630264,0.0036160976044208627,0.003420677540156845,0.0033137292692556283,0.003215286996297756,0.0032528518472053247,0.003626998350533468,0.004610610333678348,0.00417037206454702,0.003885595353612463,0.003593824891090151,0.003517350362127891,0.0034706031026934822,0.0030673579355431167,0.0029254736654469727,0.0031793224591098305,0.0035057367708449714,0.004287122888366531,0.004619369076993021,0.0037768443844613067,0.0035513185969955133,0.0033814466966927957,0.002997632031476162,0.0029157306158440043,0.0030261214236605074,0.0030640237826788956,0.0036839363211602976,0.004299407947034349,0.003791658166826209,0.0035565868540199347,0.0032697457000408835,0.0032460981357764454,0.0029857534303215963,0.002967594034397341,0.0028645507250672133,0.0030834085936632767,0.0032369615575251775,0.0039033212987553845,0.0035315324144304934,0.0034107312870498203,0.0030850170585955323,0.0029989085810518917,0.0027184808363887513,0.0028080107545393374,0.002689724254431595,0.0028516503457668976,0.003216312313820304,0.0036315931718141196,0.003346415224945146,0.0031707466889581825,0.0031822919858967395,0.003010307730293324,0.002941256120034652,0.0026927912170975244,0.002734170405673591,0.00286253861152189,0.003002457666215429,0.0034172031763667937,0.003180143470902888,0.002935235958579355,0.002959037053812758,0.0026478564416279283,0.002788168262304844,0.0024561720401344907,0.0024774017106795323,0.002552631271765321,0.0030511249383947977,0.0031874073203493683,0.0028107796911666133,0.0027518629371937275,0.0027307357975200107,0.002504000203235312,0.0023486331526034695,0.0022835068278066507,0.0022162512626206885,0.002220717524765696,0.002760722076915371,0.0023095465276337115,0.002259228968813061,0.0022317984173233713,0.002184404087229592,0.0019751982312074716,0.002073605589405636,0.0020542040980070634,0.0018956796867169127,0.0024454883247829514,0.002682223613380016
ME4 BM3,0.0039312316334891555,0.003710108921241787,0.003828473031646979,0.003460253992302469,0.003401878749772091,0.0031501950879900226,0.002992995373032694,0.0029807341389250512,0.002879210628951995,0.003139836126638737,0.004333663895584,0.004127259375866099,0.0037274184932316254,0.003520204893152651,0.0034115363250831745,0.003289381922737068,0.003169143275679134,0.003163462332292159,0.00320938283795719,0.003486317524415931,0.004185394910107457,0.0038946449696347085,0.0035489178374482865,0.0033919124635584364,0.003289016404234232,0.0033071246053016927,0.0029933021449740885,0.002871632129717495,0.0031798418502292326,0.003539593046675196,0.003908051125896381,0.0037768443844613067,0.004128455077034066,0.0033720153258164102,0.0031791777398457806,0.00295844335016646,0.0028345752652600468,0.0029642927917537905,0.0030524227113691953,0.003621050697182687,0.0039429656830996486,0.0034751578876452364,0.003406050027784862,0.003139796268617376,0.0031332291735674906,0.0028328103589783126,0.0029353968933507014,0.0028187460859683327,0.0030633155221912586,0.003200616022017716,0.003565461054945684,0.0032922309584230303,0.0032369651966766876,0.002980081792739187,0.0028886974802254006,0.0026187730902581547,0.002758963203097174,0.0026412250975696547,0.0028521594850206304,0.0032223914001505297,0.003242054589224569,0.003126403934405965,0.003025753852260419,0.0029901762890534554,0.002880004849097429,0.00286655005208316,0.0026298692971665543,0.002689687368546725,0.0028315021644827127,0.0030162549996240106,0.003038975512863064,0.0029666196298058717,0.002763787934948759,0.002856060748404176,0.0025541870859600176,0.002670107107398126,0.002447070009044938,0.0023677602554593815,0.0025236862088306193,0.002950850112650392,0.0028504121078008642,0.0025356661167393736,0.0025970439139362655,0.002583384490801728,0.0023636770024834464,0.002269042285161305,0.002220580828616354,0.002175293532777404,0.0021405711755231598,0.002649738589045968,0.0020723581958426657,0.002068893948508957,0.0020356883971797126,0.0020352552334422774,0.001821604110851128,0.0020109016790007856,0.0019325053225630324,0.0019548783943960195,0.0023027257222680243,0.0026694948146337477
ME4 BM4,0.003643105863214011,0.0035119273516627312,0.0035755515820387837,0.0032735397962233397,0.0031990297240027895,0.0030240926422714347,0.002871000185489713,0.0028870774324259666,0.0027835158609856923,0.003027344659822176,0.004013627454302076,0.0038817614969218197,0.0034460256151173808,0.0033475578841564903,0.0032881103355837694,0.0031542797858366473,0.0030752191884465003,0.0030468164037522837,0.003074040083866167,0.0034142225782428084,0.0038643390947557398,0.003682224831431036,0.003345398916713086,0.0032543497030639995,0.0031925842179727575,0.00320409940602594,0.0029183545041507964,0.002789916182728742,0.003012299352633772,0.0034020680366539115,0.0036753531038998806,0.0035513185969955133,0.0033720153258164102,0.003656883023289324,0.0030718429124417437,0.002878535959743757,0.0027493090064112913,0.0028625103812304122,0.002928257522630921,0.0033969672730012565,0.0036462973328311777,0.003298078652380478,0.0032053704795972733,0.0030580010371944653,0.0029720345023597555,0.0027361032987942486,0.0028156258900822527,0.0027410220938993645,0.0030112234963222957,0.0031288271042353225,0.0033075140329757937,0.0031332766817142627,0.003118453910452627,0.002831225339976087,0.0027747485848083745,0.002579974721741186,0.0026939060993726987,0.002533653595549405,0.0027383774236204497,0.0030279529324813287,0.002993634074084197,0.0029326622325172073,0.002847587996112303,0.0029040622004337492,0.0027716687493740772,0.0027740652072505787,0.0025888373076560175,0.0026162847286633054,0.0027222335126809005,0.0029234810898247634,0.0028632161254375328,0.002767371004081868,0.0026796856990974273,0.0027511279727545895,0.002536597753882495,0.002567720305026744,0.0023625047989233486,0.0022996627160188337,0.0024043648974865143,0.0028890976232523393,0.0026984980307700416,0.0024629331941737427,0.002472084301000375,0.0024906686954783105,0.002333993500016799,0.0021906585278849556,0.002196863518604168,0.002062895097760135,0.002047099499879961,0.002540991181392648,0.0019623790234063695,0.001995135116537797,0.0019951184598558675,0.001967949468773982,0.0017706091922969824,0.002014588881110536,0.0019145292315505256,0.0018688618410243225,0.0022132360112728086,0.002527540921901925
ME4 BM5,0.00340140892396687,0.003291746232594921,0.0034509126436716706,0.0031480097923260427,0.003075985785366219,0.0028956340476191168,0.0027809230433841086,0.00272056664515014,0.0026783314066359154,0.00292935638818838,0.003794437649416661,0.0036187789324824584,0.003257895322769209,0.0032170914156010584,0.0031068511806491713,0.0029992208514996064,0.0029122365395707504,0.002918857075311337,0.002996358563774198,0.00338784047131832,0.003684491498714133,0.003358452012755903,0.0031634634037975085,0.0031168663574171938,0.0030556216095787556,0.0030918974109774627,0.0028413293887894512,0.0027253110662178196,0.002948019980163861,0.003364065868180552,0.0034694137434688396,0.0033814466966927957,0.0031791777398457806,0.0030718429124417437,0.00333931983562433,0.002771394941965094,0.002681782645440674,0.0027716448198427997,0.0028640403622777135,0.003424834097260438,0.003450737084721333,0.003098340543344406,0.0030184723884322607,0.0028606228015565084,0.0029309858207884846,0.002686144238187854,0.002711805724105725,0.002659680271913123,0.0028837269326462147,0.0030993765769519494,0.003108364351493942,0.0029563962229402405,0.002951140938034917,0.002734554295795274,0.0026675171616730555,0.002513907297530562,0.0026659545699584163,0.0025225349208702146,0.0027191071640936095,0.00299909092861677,0.0028303411713326114,0.0027929174807217847,0.0027834542228417163,0.0027803221282571783,0.002674931440438783,0.00267352700467266,0.0024907880406792073,0.0025822253915139164,0.0026980833379073766,0.0028946391217440485,0.0026812871552688083,0.0026540209469946494,0.002555389057094021,0.002622907770308079,0.00242893086366295,0.0025378584541358514,0.0023115164432179367,0.002265747427072011,0.0024394986987046193,0.0029055926928499894,0.002518711453976569,0.0023398181616824574,0.002367382312873302,0.0023954076753413154,0.0022346542188040387,0.0021506364446124966,0.002141850284985214,0.002093655895011,0.0020714815987886905,0.0026513561614834513,0.0018963179491394947,0.0018887892721157476,0.0018986690763263504,0.0018897054015193661,0.0016996444369258706,0.0018596182931308717,0.001853579610328772,0.001845638856435907,0.002213137718377536,0.002705107972372939
ME4 BM6,0.0030656390721791344,0.0029468338439106044,0.0030878052827102067,0.002854214911088415,0.002779203520435516,0.002680899841290221,0.0025738554787375144,0.0025453270707723775,0.0024960960170510717,0.002708341467656497,0.003449100146881699,0.003265981542602444,0.0029994165992310493,0.002916383836684148,0.0028452326506067382,0.0028207728952498435,0.0027419464887516263,0.0027663973294292598,0.0027982122480512584,0.003085295285635827,0.0033378669698556985,0.00307779826352591,0.002908745626229395,0.0028744600839570675,0.0028567564406975737,0.0028660500949355683,0.002689253466747779,0.002566355492965208,0.00276636792442703,0.0031342309945486227,0.003121996000493007,0.002997632031476162,0.00295844335016646,0.002878535959743757,0.002771394941965094,0.0029533364477977997,0.0025222109144739644,0.0026431137114315533,0.0026891418957093087,0.003132135726333027,0.0030658385479982583,0.0028425225919099357,0.002795712284578921,0.0027147263033212923,0.0026985117689224563,0.0025423664399680853,0.0026323341120530006,0.002531461448613848,0.0027712324409648434,0.002951382723474675,0.0028008796462439547,0.0026365792757463936,0.002721819417277245,0.0025439232919502205,0.0025092321807350416,0.0023720360891690355,0.0024664505661768435,0.0023630118649821457,0.002564509782620028,0.0027790858759344623,0.00249476440685107,0.00254612461330426,0.002536550544289314,0.0025556821610029077,0.002517871516134682,0.002483602843773306,0.0023940606001254397,0.002378742537467022,0.0025024742906147126,0.0027368456064093324,0.002408614118837582,0.002408134850134244,0.0023537877952881673,0.0024505204197155742,0.0022885298072064025,0.002346210021200795,0.002195501743722421,0.002184712195731175,0.002276106631625076,0.0026123954385393554,0.002218142161075847,0.0020992101657360948,0.0022191045681036847,0.0022007230380163534,0.0020861748116833044,0.00197906046224114,0.002003171883539764,0.0019445856122708239,0.0018964126458460764,0.002357333001111095,0.001695339709504534,0.0017180455698357683,0.001759307729632983,0.0017671794622932755,0.001607643950235669,0.00178843767955078,0.0017534055483647965,0.0018091756519300626,0.0020891238577849065,0.002473273070455526
ME4 BM7,0.0029705413066151197,0.002965361980859178,0.003010891976155142,0.0027529193130306426,0.002714265572468847,0.0025773628934654185,0.0025179145359121354,0.002476941989652547,0.0024488830024752242,0.002682100422210957,0.0032826924544008774,0.0031943453873922493,0.0028550169739261755,0.0028303091852267975,0.0027652954887554424,0.002725897285435598,0.0026551245999264996,0.0027172916968405208,0.0027589644390857166,0.003098977506947364,0.003209156477271367,0.002951109272907291,0.0028660329304200033,0.002747146191736065,0.002751258362216002,0.002802165004747154,0.002611786330382503,0.002544802324799967,0.002719106738614377,0.003024670022223099,0.00296266783131634,0.0029157306158440043,0.0028345752652600468,0.0027493090064112913,0.002681782645440674,0.0025222109144739644,0.002812583401499769,0.002603096288729739,0.002649416736423466,0.0030250654544461144,0.002982601206977267,0.0027417906731819065,0.002714948009475132,0.002559442582843127,0.0026296724695919803,0.002459879171245413,0.0025364486779125544,0.0024938067498823475,0.002731469714448825,0.0029240234125090165,0.0026596975694419965,0.002598935090178761,0.0026204215552767538,0.002433889647711519,0.0024322859378923434,0.002254584187646159,0.0024399954531662007,0.002303381010593409,0.0025359642530355933,0.0027933703263444097,0.002446376648746778,0.002446628107148357,0.002476142007464644,0.002512158042952357,0.0024410880036771997,0.0024416652599601645,0.0023508206747590563,0.0023709563672492696,0.002473026961338457,0.002767777445915846,0.0023135405160273396,0.002323552146091646,0.00226030454897806,0.0023676575389309593,0.002174104022349839,0.00227918832331582,0.002150254360240953,0.002077038974082548,0.002242221392482541,0.0027109025058619203,0.0021732547100493525,0.0020476400968003636,0.002149247877783895,0.0021453782912446754,0.0019968759366502963,0.0019492466563443265,0.0019077152970114549,0.0019486014614809779,0.0019020268879251549,0.002335097166869392,0.0016224166774814687,0.0016333785186881092,0.0017125786641786034,0.0017584102435545003,0.0016179042068570411,0.001776707534561849,0.0017928172562785274,0.0017901274519693785,0.002100843392212311,0.002377392218839187
ME4 BM8,0.003030236218881705,0.002968746486124322,0.0031138755651326385,0.002869987663296589,0.002825595511857174,0.0027225632429059314,0.0026632676819651774,0.002639801830836488,0.0025943391284994595,0.002858611518609156,0.003444341306516357,0.003303418726887539,0.002989762080011215,0.00295360025731707,0.0028963730573291283,0.002879015542492593,0.0028498807527448213,0.0029190762358332787,0.0029695948734140714,0.003195484250640885,0.0033218787807490695,0.003112056140023912,0.0029212272853946395,0.0028440694230193694,0.0029190834141326534,0.0029542730742586885,0.0027693653864890987,0.0027276946183733986,0.0029346306189374704,0.0033567675640523635,0.0030477796548070476,0.0030261214236605074,0.0029642927917537905,0.0028625103812304122,0.0027716448198427997,0.0026431137114315533,0.002603096288729739,0.003160673741282298,0.002819819508432544,0.0033646152992073777,0.003093698518753813,0.00285605395634674,0.0028124674052145996,0.0027272630637047517,0.0027579430586245858,0.0025783275562266035,0.002696207788312001,0.0026703971690240727,0.002923464703400476,0.0031575281616682085,0.002786704386003186,0.0026720876522152532,0.0027376111839764665,0.0025925212305148377,0.0025581872229186687,0.0024184052780430072,0.0026636991773642794,0.002565979490392668,0.002752604497272787,0.003017933751296436,0.0025382295012293214,0.0025298810093593973,0.0025618458082885924,0.002610520509217501,0.002517902603966748,0.0026191927407105786,0.0024582470438712376,0.002565080964006087,0.0026798210788070154,0.002966120629942643,0.0023717610841210994,0.0023940433187802125,0.002328808253708983,0.0024699864560832566,0.0023122808833089515,0.002410318171330141,0.002326597981534307,0.0023084776193278366,0.0024180040213218237,0.002848196240570128,0.0022263353500021794,0.0020746728199669655,0.0022030198300115175,0.002258297175975777,0.002165247647864261,0.002059175877801449,0.002057871166557174,0.002116074911881153,0.002076736339349215,0.002653279776831395,0.001612743186266423,0.001701431138248982,0.0017564722547234889,0.0017555147265848627,0.0016283659348133462,0.0018384454750293338,0.0018562018062040417,0.0018709414935530585,0.0022391443817654086,0.0026309333210677204
ME4 BM9,0.0033050769896725584,0.0031587813229766,0.003319001470340794,0.0030866199428149343,0.0029042168837328016,0.002872195200872612,0.0027650773187543783,0.0027444606697677293,0.0027664362460341654,0.0030085855598070118,0.003647287284872581,0.003443526563054187,0.003135111865880742,0.00310634787554785,0.003045478278751669,0.002974787430288324,0.0029362069136708298,0.003008830405888914,0.0031062371047169096,0.00355684576699925,0.003445257192972338,0.0032686250462183866,0.003020619884712728,0.0029322997310802347,0.0029144772513694955,0.0030392587765471417,0.002829326709343462,0.002791596892702097,0.003042222032350852,0.0034752069851072195,0.003210950823202192,0.0030640237826788956,0.0030524227113691953,0.002928257522630921,0.0028640403622777135,0.0026891418957093087,0.002649416736423466,0.002819819508432544,0.0034870913687554193,0.003578400290085352,0.0031883647267685945,0.002952029689809023,0.0028746112419885256,0.0027826367934755485,0.002790520541930564,0.0025842199316111064,0.002728977140304658,0.0026895997716007264,0.003032589692779704,0.003216031152387662,0.0028435517954545145,0.0026784319556771748,0.002767495293628169,0.002583699508280486,0.002571375359618487,0.0024374355061971996,0.002638351240763257,0.002537403990041576,0.002866816686100433,0.0030664495277156058,0.002576279035504502,0.0025774866337732413,0.002617242434346014,0.0026233978999416433,0.0025907403446248237,0.0026987475669510348,0.0025251723914755278,0.002517984281781414,0.002742241790782197,0.003042324221161937,0.002397128589149306,0.002459323765548549,0.0023923328041656196,0.0025034360316636673,0.0023132539148846736,0.002477546644400535,0.002322843636026849,0.002289114788718366,0.0025468856759729135,0.002994455773844127,0.0022385502529947265,0.002095744909794264,0.002237223248408978,0.002295941766856562,0.002162446425431669,0.002061386500612639,0.0021054435899661252,0.0021041952508403347,0.002110334993713156,0.002742877987419266,0.001597675663532248,0.0017169352230382714,0.0018370025562553355,0.0017910133579671676,0.001683375252407352,0.001877842395254462,0.001988184061461259,0.0019597976288931772,0.0023293606898174344,0.0028724012773440667
ME4 BM10,0.003983964787309861,0.00368500519775391,0.004167520440189852,0.0037204138236805527,0.0034662990712653477,0.0034528514880807805,0.0033001202702624653,0.00326012954030944,0.003285165706871314,0.003818641321796764,0.004385463498797526,0.004158014732311131,0.003739052476186734,0.0038029918456764893,0.0036055969665528113,0.0035828853098984516,0.003520054629182438,0.0035402617984983107,0.0037815519714929167,0.00443715823660282,0.004159207244796037,0.003797613157438195,0.003516758789862967,0.0034786173313850516,0.003495719579496555,0.003619459911656575,0.003383214201690767,0.0032949492417769853,0.00364562972695623,0.004442627232754732,0.0037852532687797594,0.0036839363211602976,0.003621050697182687,0.0033969672730012565,0.003424834097260438,0.003132135726333027,0.0030250654544461144,0.0033646152992073777,0.003578400290085352,0.0059703543153990695,0.0036392637986511346,0.003483713581148302,0.0033412356244326025,0.003262069115700822,0.0033391800891689545,0.0030969603404328596,0.003362101186098002,0.0031932688596583796,0.003657160918639135,0.00396137792122938,0.003266247172194641,0.003106085274618178,0.0032021805062912015,0.003083653787420326,0.0030648816826957356,0.0028769806535722956,0.0031815832042599987,0.003173770859262603,0.003479704480960908,0.003963232642788163,0.0029910854729502416,0.0030369548930524156,0.0031670202796999047,0.00307331531837556,0.0031314016351456754,0.003172926916909746,0.0030534584916825864,0.0030578169689889937,0.003388498703298167,0.0038781798711941314,0.0027145359149681647,0.0028545868954239083,0.0027555142489977353,0.002995417148985736,0.002723960037605936,0.0029508204463799294,0.0027775394605238416,0.0028003220647159787,0.003253839367221973,0.0037264386556082846,0.0025958520904633214,0.0024703789571716805,0.002677827309189152,0.002721587813086069,0.002519281413379883,0.0024932609737163274,0.002598834111680015,0.0026489742154248456,0.0024668469986015473,0.0037345862705174507,0.0019360288680990443,0.0020426787819943443,0.0021586502409489746,0.0021566573025427025,0.0019556274656460713,0.002179300519218495,0.002403178602275375,0.0024180961164481014,0.002815229561487694,0.0035151258213278313
ME5 BM1,0.004350598952398735,0.004128243780940818,0.004176470139412754,0.0037742089868537994,0.0036567624675369146,0.0034042924869972543,0.0031236737713010404,0.003109269208990014,0.003052668912138523,0.0031992554143481524,0.004954589963889879,0.004646826768002555,0.003994666118490942,0.0038207163032562435,0.0037060801714969708,0.0034373793765081844,0.003349162043499824,0.0032514494051049995,0.003327480952881062,0.0034406179280385835,0.0050180518020513315,0.004431137471329528,0.004041587533796364,0.0036965834363525394,0.0035575875148662894,0.0034879789478480315,0.003098404753182898,0.0029834684810948497,0.0032246026782393553,0.003562640298609833,0.004630900300605421,0.004299407947034349,0.0039429656830996486,0.0036462973328311777,0.003450737084721333,0.0030658385479982583,0.002982601206977267,0.003093698518753813,0.0031883647267685945,0.0036392637986511346,0.0051547584008014135,0.003968302576987103,0.003707818772280484,0.0033921399039453493,0.003361510208121492,0.0029807322112592924,0.0030121472710821374,0.002934778775210339,0.0031641099940532117,0.0033420000371008995,0.004320993488935074,0.0037440850392012888,0.003569636453352632,0.0032224176631593182,0.0030899821019613376,0.0027867769441337264,0.0029434628884576334,0.0027939953893490674,0.002975210236466014,0.003322438287420842,0.003936765742585654,0.003526909737584477,0.0032677687233990827,0.0033106623148573284,0.0031037585945901114,0.0030875486004259423,0.0027580177576786978,0.0028429307393067426,0.002918995915535984,0.0031668080179427993,0.003731902765570548,0.003387763308900219,0.0030988129497988696,0.003105732785018953,0.0027940420294641256,0.002873655411472797,0.002533559109798618,0.0025780903289950906,0.002630254647476614,0.0031555596304638995,0.003513478141731676,0.002983470468861615,0.0028480454222430058,0.0027955112685582426,0.002611676827533902,0.0024435432217789262,0.0024113954516835367,0.0023237193841508822,0.0023505648780733665,0.0028241065997614894,0.0025778799257023034,0.002445962353154677,0.0024465003823904187,0.0023256235896871613,0.0020356903263253645,0.0021954578758365535,0.002076327627139494,0.002036154578559167,0.0024966854522506816,0.002712812123294541
ME5 BM2,0.003917148863687695,0.0038055764080703208,0.0038107542517454122,0.0033927903020035434,0.0032046743950517446,0.0030927478086616006,0.002896327987589939,0.002848816236202774,0.002802721259717588,0.0030131538088907276,0.004328306964805651,0.004076272011496258,0.0036025839562056727,0.0035023150009056325,0.0033903889986882235,0.0031087708679924876,0.00305341293598844,0.0030005906683165905,0.003094867652298366,0.00343629449852248,0.004266833104386071,0.003916465510459718,0.0035618215397335146,0.0033000479948844053,0.003239397844438499,0.0032572054615453345,0.0028664788285361243,0.002751075771261895,0.0030226618964404404,0.0034061824830661216,0.003983995135577881,0.003791658166826209,0.0034751578876452364,0.003298078652380478,0.003098340543344406,0.0028425225919099357,0.0027417906731819065,0.00285605395634674,0.002952029689809023,0.003483713581148302,0.003968302576987103,0.004032206512160455,0.0033336310149090055,0.0031194348611515354,0.0030341293071456514,0.0027887864577065724,0.0028047339686887505,0.002689556912118628,0.002932509224803033,0.0030895099455225936,0.003668130798059481,0.0033415341908739206,0.00322230220128132,0.0029449792469965768,0.0028435168970249902,0.002569575534735922,0.0027217676556432423,0.0025932644120505387,0.002760879484862756,0.0030568505973908033,0.0033912206550983193,0.003150365696730769,0.003008081993025001,0.00298470725471011,0.002848075858886137,0.0028109870582198942,0.0025607313753976484,0.0026368384386849736,0.0027215524678729187,0.0028712135811595624,0.0031974024956850826,0.003007840930214236,0.0028243603702872875,0.002807957742390534,0.0025555426432730434,0.0026040128112519378,0.002354004605681968,0.00234603044058581,0.00243681473765707,0.002970534763376837,0.0029849748595309755,0.0026615386656641663,0.0025815034460545216,0.0025715713219848133,0.0023520633811798725,0.002250005657036837,0.0022436166156850497,0.00210019271535026,0.002117742708742246,0.0027245322349091898,0.0022349186589933267,0.0021668103630822807,0.002165740629028562,0.002090818995068935,0.001865282008677547,0.0020009468420650518,0.0019421964049348014,0.001876229193455439,0.002333494825127609,0.0024596182266730204
ME5 BM3,0.0036218955304662646,0.003444780884149735,0.003528329391645627,0.0031890685485053464,0.0031676070022870705,0.0029734616133166277,0.002791159903917182,0.0028089055800893975,0.002708523067534107,0.002918084841492987,0.004028030189840574,0.0038487771507120495,0.003434799521359427,0.003319798417053282,0.0031474304630320594,0.003074813434948525,0.002935738029845286,0.00295867136936242,0.002983999453140777,0.0031798818881437815,0.003927385142854734,0.0036079765960895342,0.0033792247986809626,0.0031886362311968255,0.0031459804771010427,0.00312668504555651,0.0028196748272558787,0.002688761146608107,0.0029712117574807037,0.003298148897303957,0.003682252423969099,0.0035565868540199347,0.003406050027784862,0.0032053704795972733,0.0030184723884322607,0.002795712284578921,0.002714948009475132,0.0028124674052145996,0.0028746112419885256,0.0033412356244326025,0.003707818772280484,0.0033336310149090055,0.0036809814807385413,0.0029619403492397727,0.0029596646398697816,0.0027241793820206596,0.0027871566856053193,0.0026869603131467706,0.002883169786563457,0.0030723364053408626,0.0033961852671263617,0.003134986708685955,0.0030857788298135273,0.0028248029279815475,0.0027904388260038848,0.0025128554272102924,0.0026761096859523915,0.0025209019596818157,0.0026726237578930875,0.0030705000811655577,0.003112381187389173,0.00301952768676727,0.00288233030190564,0.002920106571439765,0.0028129548304462355,0.002759654141454679,0.0025323085110625365,0.0025228957987609327,0.0027209715589588766,0.0028397694668676,0.002955754260668835,0.002842926093057205,0.0026850338022932924,0.002759294935969923,0.002521521438678115,0.0025574602269018386,0.0023556953578649283,0.0022795797172176484,0.002400457415650349,0.002866481679703528,0.0027993538778690367,0.002508673467924525,0.002525179423620581,0.0025035916975979103,0.002329426131336016,0.0022264683411202194,0.0021874993888439556,0.0020698047767501804,0.0020793785699392865,0.002587363771348655,0.002041852002570497,0.0020228005418176254,0.002046828510678837,0.002072605382470025,0.0018202461813677435,0.0019910125316062216,0.0019178575224930857,0.0019335650619982136,0.0022512594453028157,0.0025514570617203294
ME5 BM4,0.0033435882080942356,0.003175257113839958,0.0033166503235331044,0.0030619543436548806,0.002950378851112438,0.002781913013721616,0.0026346982557216405,0.00264732786489251,0.0025636865068747027,0.0027848532912203264,0.0037227331360798616,0.0035716151391812813,0.00319507234397909,0.003040202045571698,0.0030812743079764032,0.0029237839230605365,0.002857851000024003,0.0028874768956291385,0.002848027871935761,0.003065151998144573,0.0036733595900433455,0.003466077770452193,0.0031088035281133393,0.0029773337700642498,0.003016057435506725,0.0029691350821946633,0.002704526371645721,0.002622684991252578,0.0028193041611866464,0.0032008556558764155,0.0033754307999035813,0.0032697457000408835,0.003139796268617376,0.0030580010371944653,0.0028606228015565084,0.0027147263033212923,0.002559442582843127,0.0027272630637047517,0.0027826367934755485,0.003262069115700822,0.0033921399039453493,0.0031194348611515354,0.0029619403492397727,0.0034248893082997854,0.002820509145349997,0.002598649225669759,0.0027291360065861813,0.0025961893635779686,0.002818651702665808,0.0028840399251138767,0.0031296487806005756,0.0029537509309497025,0.0029212487331984494,0.0026541395003476867,0.0026522181435606135,0.002431782922158649,0.0026022395397860346,0.0024446885440453717,0.002620306382603616,0.002872191084758455,0.0028334869807836753,0.0027720115094145856,0.0027350218740192548,0.002720976839837287,0.0026869258238362433,0.0026547178726761414,0.0024604422143354654,0.002484320742734407,0.0026100165336438988,0.0027849212731086673,0.002717870384377217,0.0026708364534392113,0.0025635437791879188,0.002636278099885988,0.002403243504609033,0.0024757610771209467,0.002284665833633022,0.002243020606002177,0.002296739044562129,0.0027423956111793154,0.0025878692784195886,0.00236380998886671,0.0024158030960789102,0.0023447499031496086,0.0022387169138357982,0.0021100450036386563,0.0021372502957128356,0.0020184115170046413,0.0019360110712102478,0.002577640074986735,0.0019166127447027073,0.0019458579797641672,0.0019479041936798385,0.0019606775451446036,0.0017652529282376134,0.0019421796816467029,0.0018813988378520764,0.0018857096623318456,0.002222884967243864,0.0025535632918647156
ME5 BM5,0.0032851088452158523,0.0031389765501955514,0.0032907587063498588,0.0029854697275450365,0.0028935100820878883,0.0027993452703496974,0.002664317215530456,0.002648004528616067,0.0025768883795543097,0.00283454966993369,0.0036617130153896098,0.003489565435274993,0.0031566683660017624,0.0030703886578250937,0.0030105517918842042,0.0028869196417957424,0.0028391472857404545,0.0028675797590612235,0.0029258826250627293,0.0032514605238739393,0.0036159407306619916,0.0033167098300309326,0.003054053202677297,0.0029271112848409664,0.0029539605690693175,0.00301451728802061,0.002758052469446301,0.0026416110256454457,0.002897775737003568,0.0032510568484527325,0.0033360306297813068,0.0032460981357764454,0.0031332291735674906,0.0029720345023597555,0.0029309858207884846,0.0026985117689224563,0.0026296724695919803,0.0027579430586245858,0.002790520541930564,0.0033391800891689545,0.003361510208121492,0.0030341293071456514,0.0029596646398697816,0.002820509145349997,0.0031943839157104,0.002625059747052923,0.0026863435820637487,0.002617735682100406,0.0028727614639447547,0.0031119228181558448,0.0030202553700294683,0.002865836603758929,0.0028871501058844655,0.0027119879434115038,0.002632844697812132,0.0024509260028011313,0.002621662294797387,0.0024977303545068155,0.0027233477607716324,0.002933769106280254,0.00279783333407168,0.0027203243441619685,0.002701401822055796,0.002727214912137012,0.0026510544006780753,0.0026554323321828083,0.0024759946618117235,0.0025441268619303876,0.00265281787721803,0.002848910302484542,0.0026141562476152793,0.0025962425453812782,0.002493638956569514,0.0025855070627509888,0.0024174807083694244,0.002537762744138477,0.0023178819286686315,0.0022881618384111876,0.002431434753745362,0.0028899951614117987,0.002469893193293213,0.0023105892062049663,0.0023919016987054725,0.0023881636465203668,0.002257285147065509,0.0021183493971861566,0.002161278690260158,0.002078184967554433,0.0020336550597464666,0.0026435881333386735,0.0018454814783774645,0.0018764042202022285,0.0018964381209547,0.0018955000659506888,0.0017317306084656092,0.0018878748598284592,0.001881899491950558,0.001913461454966672,0.002266316521345844,0.0026277006387727194
ME5 BM6,0.002973654740543679,0.002891199362467146,0.0029973878750133,0.0027480840611184536,0.0027110864952811582,0.0025867449961845903,0.0024805451664050376,0.002422955655080797,0.002387857874335347,0.0026227370759971114,0.0033267797021432153,0.00316050628569574,0.002872547787545902,0.002838619555017322,0.0027542418319838123,0.002674353708839444,0.002641013533809827,0.0026297185094074456,0.0027170804984954283,0.003039745475757006,0.003198381320159919,0.002973954322851639,0.002808249424624611,0.002762966398542814,0.0027314581649866866,0.0027963892286850048,0.0025865774254150127,0.0024783422062742083,0.002659577079917559,0.0030470189345254096,0.003013107812739751,0.0029857534303215963,0.0028328103589783126,0.0027361032987942486,0.002686144238187854,0.0025423664399680853,0.002459879171245413,0.0025783275562266035,0.0025842199316111064,0.0030969603404328596,0.0029807322112592924,0.0027887864577065724,0.0027241793820206596,0.002598649225669759,0.002625059747052923,0.002891432394242858,0.0025420381252299193,0.0024768663377899964,0.002673843020770019,0.002926478170767377,0.0027670059402105946,0.0025771801236429965,0.0026421694110444318,0.0024848433348939425,0.0024751672625738593,0.002338141007358487,0.002442359352279868,0.002350084002259964,0.002470899594940107,0.002753496396969031,0.002516586525685587,0.0024967160568738636,0.002480742828049762,0.0025376005698786205,0.002498949792920186,0.002496592888432142,0.002321045301815474,0.0023338189025898866,0.0024715349363817196,0.0026725292258878296,0.002377648671693543,0.002392445263043143,0.0023256292509094612,0.002410975645414591,0.0022419316774352225,0.0023383543221130337,0.0021712766931038865,0.0021101554600707405,0.002277782011232927,0.002649215113117742,0.0022498126888918853,0.002121001538650288,0.002171546430468939,0.0022024397176994503,0.002070821903102313,0.0020071097944319143,0.002036479616371505,0.0019527432960492958,0.0019524171313743527,0.002420482893608623,0.0016705539735951637,0.0017222096424008761,0.0017570062772965863,0.0018077258058922488,0.0016183307123584939,0.0018014014632096083,0.0018428911666986507,0.0017969105744223847,0.002113616460239388,0.002519251680394445
ME5 BM7,0.0030414278937441045,0.00291397570264154,0.0030889023007424016,0.0027935684230995794,0.002727785517865367,0.00265818955968552,0.0025645726782733357,0.002545861184626135,0.002528298241389678,0.0028018404382999774,0.0034215233470076853,0.003215578926687952,0.002908268263126957,0.0028860630908214067,0.002881513834301978,0.0028251148539921657,0.002803065045688444,0.0028023452907049748,0.0028676656102417397,0.003237769531567748,0.0032247717328938194,0.00307119901261165,0.0028353578942733916,0.0027588572749102347,0.0028249448822978127,0.0029205190790705052,0.002745940003389373,0.002634283258662879,0.00290522676578827,0.0032204856815602643,0.003052777516472508,0.002967594034397341,0.0029353968933507014,0.0028156258900822527,0.002711805724105725,0.0026323341120530006,0.0025364486779125544,0.002696207788312001,0.002728977140304658,0.003362101186098002,0.0030121472710821374,0.0028047339686887505,0.0027871566856053193,0.0027291360065861813,0.0026863435820637487,0.0025420381252299193,0.0031852658381863463,0.002614542576949434,0.002865600622669061,0.0030514191180075617,0.0027775466527285774,0.0026702946621238047,0.0027567258349463324,0.002562478328211985,0.002574748679802539,0.0024594571366285465,0.002616764376268294,0.0025437148604647605,0.002707754837196139,0.002910199787741925,0.0025226118831979897,0.00250345659573669,0.0025841110011630914,0.0025783786065194762,0.002546391034197069,0.0026263151215312427,0.002515718732241465,0.0025202334395012724,0.002646049004335238,0.0029124027650208146,0.002381265905028773,0.002440035209839934,0.0023869234429671655,0.0025351930942537123,0.0023480077430619224,0.0024926533682626847,0.0023603225830757173,0.0023273514546860875,0.0024680716794957787,0.0028025717191461083,0.0022732996612066297,0.0021418872132530917,0.002296833570407237,0.002365376830749209,0.002176746047456961,0.0021326070951012406,0.002113454262109266,0.002137247186444043,0.0020795070963709043,0.002737791934001849,0.0016727829755101595,0.001757918740443491,0.0018080228428772758,0.0018711643536803869,0.001735821340693329,0.0018952955259755938,0.001979031115791949,0.0018955733964558029,0.0022206579694502445,0.002691460517018671
ME5 BM8,0.0029030978059739155,0.0028247601172085076,0.0029958770242650722,0.002687643927446292,0.002686152609114709,0.0025895014566400475,0.0025584408051258444,0.00252373008324978,0.0024717381137211317,0.002754067979969285,0.0032935381538677284,0.00312602895308978,0.0028959505592531993,0.0028394046885518347,0.0027807491844299586,0.0027825980315240805,0.002736638974896086,0.002758597871268209,0.002804602244369973,0.0031093460985109965,0.0031236778099105592,0.002943378718767389,0.002778672133581583,0.002702991355528792,0.0027103895061932,0.0028170971747463994,0.0026870552050261413,0.002610804481962793,0.0028135898068190057,0.003172621183905394,0.002897104690389825,0.0028645507250672133,0.0028187460859683327,0.0027410220938993645,0.002659680271913123,0.002531461448613848,0.0024938067498823475,0.0026703971690240727,0.0026895997716007264,0.0031932688596583796,0.002934778775210339,0.002689556912118628,0.0026869603131467706,0.0025961893635779686,0.002617735682100406,0.0024768663377899964,0.002614542576949434,0.0030231920917682883,0.0028393753521043876,0.0030043277133288237,0.00259396566422815,0.002531950876806108,0.0026319263407866976,0.002442077234182875,0.002461895816003695,0.0023319076023401797,0.002555782416479868,0.0023989725995075257,0.0026871578194341537,0.002897390109113747,0.002425928626038502,0.002469965627417462,0.0024616961920967528,0.0025006177548284807,0.0024641578334166463,0.00249151660210757,0.0024169135737554604,0.0024242589315593365,0.0025523048863337174,0.00292904170654934,0.0022375900434312684,0.0023617549081276033,0.0022418523201846144,0.0023994652975730677,0.002268325526711301,0.0023650126148080965,0.002239493919647217,0.0021893838382987356,0.0023576137784996672,0.002787162258917279,0.002130748813376354,0.0020308193356172216,0.0021938982381009037,0.0022348715050187927,0.0020759526791933073,0.0020049183161715413,0.0020189551146926055,0.0020681718731624435,0.0020431322673926146,0.0026715189008156034,0.0015932692690790425,0.0016584203667202992,0.0017340366708256216,0.0017253771585449742,0.0016642814655522776,0.0017366001577038101,0.00186194066684231,0.0018595906794703855,0.0021527752506335196,0.002584679547125129
ME5 BM9,0.003186264426171263,0.003050741501698355,0.0032442019302062466,0.003000444531978518,0.002931105820221498,0.00282330806878319,0.002758286770268971,0.002756832739968616,0.002756638095601411,0.0030621838253950644,0.003537885438373849,0.0034430843347590654,0.0030639233117966515,0.003092845722422527,0.0030605281177335944,0.0030201999034384593,0.0030142607748826706,0.0030201386925938776,0.0031487524091687894,0.0034976074639389123,0.0033685983788763973,0.003207906146031544,0.003026861020687992,0.0029605369538483048,0.0029674497218181925,0.0030956747098336347,0.0029245981425617125,0.0028336247236120738,0.00312333304219448,0.003598776372729539,0.0030928182759912093,0.0030834085936632767,0.0030633155221912586,0.0030112234963222957,0.0028837269326462147,0.0027712324409648434,0.002731469714448825,0.002923464703400476,0.003032589692779704,0.003657160918639135,0.0031641099940532117,0.002932509224803033,0.002883169786563457,0.002818651702665808,0.0028727614639447547,0.002673843020770019,0.002865600622669061,0.0028393753521043876,0.003610291422455835,0.0033791610680822376,0.0028485300048308845,0.002760006782418261,0.002831892691034874,0.0026688330972844706,0.0026893804555619466,0.0025531078590616163,0.002803069888518892,0.002686572423642229,0.003026768583447027,0.003221889575857174,0.002543763683965408,0.0026294080330994756,0.0026950040729838494,0.0026746375279678913,0.002701315637333185,0.0027667320714457734,0.0026742778229915895,0.0026973180639937146,0.00288332112788765,0.0032233310072483745,0.002380769618312416,0.0024763564830057776,0.002494963331692177,0.0026047327878559955,0.0024451262605444,0.002586500834897346,0.00244463164959831,0.002474403277828097,0.0026825961851263975,0.003263314602834503,0.002256900461085979,0.0021694142452185565,0.0023477867455701223,0.0024169092237863957,0.0023023770418929505,0.002226864678159119,0.0022386956100323187,0.0022866466379909494,0.0022892803497389725,0.002921467952779504,0.001725337414447577,0.0018091071703959453,0.0018571445829111844,0.0018605407077327293,0.0017742780227919346,0.001975241932567838,0.0021020447669154534,0.0020924432951925746,0.0024872994524993085,0.0030138295947819958
ME5 BM10,0.0032815404265902123,0.003295993395720962,0.0034273437279057567,0.003178749890498197,0.0030772997731496232,0.0030252196145004453,0.0029280588940888024,0.0029380156184715895,0.002931832838466442,0.0032906705041197575,0.0037104610116920644,0.0035256946475509996,0.0032455775051951257,0.0032979759730183975,0.0032157215658278064,0.0031511391478866234,0.003154052945311069,0.003163058680454172,0.0033674958509250052,0.0040262795824738485,0.003588112716466667,0.0032704722029348616,0.0030849341681508102,0.0031297195337951665,0.0030956831920289996,0.003276104543670419,0.003082157319030248,0.003002448714882643,0.003319789359340955,0.003979623386019626,0.0032640322832574145,0.0032369615575251775,0.003200616022017716,0.0031288271042353225,0.0030993765769519494,0.002951382723474675,0.0029240234125090165,0.0031575281616682085,0.003216031152387662,0.00396137792122938,0.0033420000371008995,0.0030895099455225936,0.0030723364053408626,0.0028840399251138767,0.0031119228181558448,0.002926478170767377,0.0030514191180075617,0.0030043277133288237,0.0033791610680822376,0.004859091168934219,0.0029316986809990366,0.0028507159858496534,0.0030277953379808545,0.002870717175735801,0.002866272651025461,0.0027433874291444118,0.003034930801983138,0.0029059577654116367,0.0032127145159597174,0.003606851296304848,0.002690327534474067,0.002780434338653799,0.0029048637487207292,0.0028913599080638776,0.0029625139384573157,0.003019341924062482,0.0028142300397772783,0.0029087009972412043,0.0031668567563891675,0.0035928544238908434,0.0026038368204683643,0.002622390409907653,0.0026239614543770813,0.0027676717954087933,0.002680411242994185,0.002893397490939653,0.002594915968526617,0.0026919944117487597,0.0029613297148742596,0.0035515979365271654,0.002441763742755222,0.0023422714188447388,0.0025076904545869253,0.002638080047892498,0.00252802356127545,0.002388565113826444,0.0024711984609636067,0.002491849272328934,0.0025787776877078086,0.0032005896959013324,0.0018195032422126322,0.001970197299870376,0.0020726330799237308,0.0020271781922481654,0.0019767975802358,0.0021682008404339545,0.002272559679998307,0.002267846170720907,0.0026364570814883517,0.0031185289387319196
ME6 BM1,0.004070795939605657,0.003790672809697449,0.003749525706889288,0.0033991457704444367,0.003261741111472876,0.0030020953948007756,0.0027905963433495972,0.0027000530637929327,0.0026731347627591755,0.0027909856855265584,0.004567576366269555,0.004225459038819365,0.003614866555914763,0.0033622812677641632,0.0032992210446186145,0.003051501888025809,0.0029923291927075706,0.002876383819318716,0.0029483856255809403,0.0031195669586835673,0.004555051593677288,0.0041077977795912135,0.0036840996014920837,0.0033313407193221807,0.0031906471697217675,0.003135318435220907,0.002771806137427948,0.0026378376189215708,0.0028968272555346215,0.0031845869855221596,0.004296975964252168,0.0039033212987553845,0.003565461054945684,0.0033075140329757937,0.003108364351493942,0.0028008796462439547,0.0026596975694419965,0.002786704386003186,0.0028435517954545145,0.003266247172194641,0.004320993488935074,0.003668130798059481,0.0033961852671263617,0.0031296487806005756,0.0030202553700294683,0.0027670059402105946,0.0027775466527285774,0.00259396566422815,0.0028485300048308845,0.0029316986809990366,0.004589257168339203,0.003487109572361068,0.003253499228770135,0.0029914669636281655,0.0028265465288178472,0.002569284551918768,0.002636336320750169,0.0025229485545319773,0.0026457964208115602,0.0029413601466435155,0.003749571582493758,0.0032685352643075237,0.0030226133347260966,0.0030814848107112223,0.002925414287378645,0.002799131524220802,0.0024859343911782287,0.0026205763593569993,0.0025805844011244305,0.00271471357069253,0.0035663896769411283,0.0031644794720175795,0.0029222507143776433,0.0028794976340700963,0.0025253726042812263,0.0026877649969510235,0.002322014955205031,0.002301440805556302,0.002336387160391645,0.0027706956531576062,0.0033957198362475623,0.0028667735628344,0.0027047649574064355,0.0026711844907713984,0.0024112444809847584,0.0022826401783137386,0.002283358367319105,0.002128305918342058,0.0021553640068843398,0.00257711023926226,0.0025582251546575987,0.0024138086851132876,0.002321241002455424,0.0022136034711074813,0.0019359204237046565,0.0020378797744687142,0.0019425757307617018,0.0018203910579968389,0.002220928992282179,0.0022640800686200414
ME6 BM2,0.003569363768681696,0.003461671746812087,0.0035465351656310375,0.00310043473270268,0.002949595539886416,0.00285814234156131,0.002693513791961489,0.002690097063825835,0.002539754758507303,0.002809076303096286,0.003940427731960153,0.0038004540756667302,0.003381113026886465,0.003295497905834601,0.0031325884044354005,0.0028774241951997283,0.002867569664246092,0.0027652461213176836,0.002798744665618625,0.0032255841153147054,0.003972761006537024,0.003763524718168458,0.003309674304512159,0.0031355590211466964,0.003070981715207086,0.0030178443753001477,0.0026520108269739435,0.0025496515184729607,0.002814619497322065,0.0031343657226676706,0.0037822178913492015,0.0035315324144304934,0.0032922309584230303,0.0031332766817142627,0.0029563962229402405,0.0026365792757463936,0.002598935090178761,0.0026720876522152532,0.0026784319556771748,0.003106085274618178,0.0037440850392012888,0.0033415341908739206,0.003134986708685955,0.0029537509309497025,0.002865836603758929,0.0025771801236429965,0.0026702946621238047,0.002531950876806108,0.002760006782418261,0.0028507159858496534,0.003487109572361068,0.003778434826764098,0.0030949773051530067,0.0027807056021468806,0.0026868052088761404,0.00248875596773012,0.002559425913641713,0.0024325950084125004,0.0025653771218142733,0.0028936999020620123,0.0032273380824252057,0.0030248731680900735,0.002892611416864258,0.0028564272578560867,0.0026992744426467047,0.002707929479475072,0.0024847485586283243,0.0024814583055324875,0.0025695964861454346,0.00261695756070959,0.003029326670035723,0.00289369492565084,0.0027460944451483723,0.0027099987908149733,0.002480577835781288,0.0025154647899093643,0.002280482411286181,0.0022730061153980762,0.0022691138379989993,0.0026856022915808142,0.002925319255356678,0.002596395423819326,0.002542951042959423,0.0025209479754574955,0.002319526543941239,0.002188338148369724,0.002163067873858288,0.0019997210698498888,0.0020073490605397835,0.0024297532661638516,0.002156655866751432,0.002082417114721221,0.0020828650816062146,0.0020220392863270864,0.0018543305064752402,0.00191568485469041,0.0019078262441102648,0.0018284319260691178,0.002151433764192222,0.0023010585498256346
ME6 BM3,0.003372274405637133,0.0032546156851856614,0.003365984262442373,0.0030272377192121867,0.0029764921618825988,0.002821260537152535,0.002631851251194436,0.002662445206212374,0.0025931121073213222,0.002713327260575524,0.003804610333674936,0.003640379600843878,0.0033070311063942287,0.0031855659788435015,0.0030783333728477023,0.0028994288464579965,0.002861794169276389,0.002821503805674465,0.0028599257948623983,0.0030708847512633097,0.0037629105100421816,0.003493694973170983,0.0032094420948501103,0.003038262678359449,0.0030257574364104174,0.0030197029663020713,0.002735956053957651,0.0026076578271913395,0.0028285140415049395,0.00314513611077396,0.0035877949907435476,0.0034107312870498203,0.0032369651966766876,0.003118453910452627,0.002951140938034917,0.002721819417277245,0.0026204215552767538,0.0027376111839764665,0.002767495293628169,0.0032021805062912015,0.003569636453352632,0.00322230220128132,0.0030857788298135273,0.0029212487331984494,0.0028871501058844655,0.0026421694110444318,0.0027567258349463324,0.0026319263407866976,0.002831892691034874,0.0030277953379808545,0.003253499228770135,0.0030949773051530067,0.0034351702963583953,0.002787354757687598,0.0027225215181184647,0.0025098967305393666,0.0026440747452287894,0.002496171851824449,0.002631761702668015,0.0028761633572745252,0.003024130964513424,0.0029373807491502113,0.0028523857281570492,0.002859256223876419,0.002716096197878169,0.0027143832549715438,0.0024921956048041772,0.0025593576600685067,0.0026055799487585455,0.002823940930584081,0.00289492166112374,0.0028240121913127958,0.0026874010557271337,0.0027160396326201958,0.0025268578175204077,0.0025517433986096487,0.0023130198960644313,0.0022680966164483557,0.002365229433907039,0.002749134865829943,0.0026897019451653154,0.002499870034838478,0.0024950853167448922,0.0024882715910316436,0.00233529462269504,0.0022049487408704127,0.002180036570629451,0.002064277571872875,0.002068284332533425,0.002485406455985867,0.0020149341675296728,0.0020476868782689584,0.0020655373164783215,0.001989365303550123,0.0018661182137025246,0.0019466585955774936,0.0018994888840483607,0.0018701412842395864,0.002143796299466948,0.00243446893805944
ME6 BM4,0.003146138012112746,0.002970321827731021,0.003129580160680251,0.002820547933952473,0.0027168616732261798,0.0026372699707267015,0.002479263051361377,0.002430983359554251,0.0024103405858310195,0.0026248708065571705,0.0034904727194354033,0.003317960217435171,0.0029633414906775936,0.0028549394113752714,0.0028273140145597523,0.0027486790227870144,0.002651216414492162,0.00264039336605005,0.002676542073575905,0.0030289634627663,0.003447562376533922,0.0031649119698716993,0.002899316814922188,0.0028239405824978044,0.0027867389447072295,0.002831691160852316,0.002578826055309064,0.0024660234127756326,0.0027053578473412256,0.0030482452960655586,0.0031795212141831103,0.0030850170585955323,0.002980081792739187,0.002831225339976087,0.002734554295795274,0.0025439232919502205,0.002433889647711519,0.0025925212305148377,0.002583699508280486,0.003083653787420326,0.0032224176631593182,0.0029449792469965768,0.0028248029279815475,0.0026541395003476867,0.0027119879434115038,0.0024848433348939425,0.002562478328211985,0.002442077234182875,0.0026688330972844706,0.002870717175735801,0.0029914669636281655,0.0027807056021468806,0.002787354757687598,0.0029288541634493953,0.002538299210825687,0.0023791780989929475,0.0024706509893519368,0.002407455347979436,0.002542975030589503,0.0027175619462769863,0.00275023696438167,0.002643980373100423,0.00260011013800059,0.0026388696828293125,0.002556100005501256,0.0025345026699989752,0.0023714748365629,0.0024307520276034755,0.0024873883082049673,0.0026883131713533,0.0026031692340244684,0.002523364652188355,0.002465187261555818,0.0025471317105746293,0.00233548037166075,0.0024062086680228362,0.0022288935931217956,0.0022037363018027074,0.0022777637309523355,0.0025922316933905546,0.0024539673295836738,0.002282487943952739,0.002334551954033477,0.002340881448002397,0.0021677169594716693,0.0020667757083920645,0.0020712478429520263,0.001978719466174251,0.001992309659132534,0.002442252613001867,0.001853596888569611,0.0018797200996064516,0.0018920689115928281,0.0018904270067113102,0.0017282844181229018,0.0018760205720142094,0.0017815909192274314,0.0017539808067577188,0.0020800093041002496,0.0023637026358011163
ME6 BM5,0.0029752428291122263,0.0028330795884485647,0.0029553576240008224,0.0026613232668308597,0.0026782122216286765,0.0025191355736595817,0.002443519405191996,0.002416878924742235,0.0023521646734673903,0.0025828429683164155,0.0032752223122497,0.003217005139538074,0.002831372677075493,0.002821637877278757,0.002774140124942455,0.0026532848701534273,0.0026257662246777502,0.0026116977423011755,0.0026693010869237015,0.0029470060143886754,0.0032456303815229246,0.003048678899060496,0.0028248391920230784,0.002746259285549147,0.0027663680824734143,0.0028034531958092915,0.002552140513013977,0.0024545085554102133,0.0026603787666512942,0.002991702477743996,0.0030105676807088743,0.0029989085810518917,0.0028886974802254006,0.0027747485848083745,0.0026675171616730555,0.0025092321807350416,0.0024322859378923434,0.0025581872229186687,0.002571375359618487,0.0030648816826957356,0.0030899821019613376,0.0028435168970249902,0.0027904388260038848,0.0026522181435606135,0.002632844697812132,0.0024751672625738593,0.002574748679802539,0.002461895816003695,0.0026893804555619466,0.002866272651025461,0.0028265465288178472,0.0026868052088761404,0.0027225215181184647,0.002538299210825687,0.0028511409634512075,0.0023559599854536626,0.0024864880219039372,0.0023816805363161843,0.0025331325866704986,0.002759163853591307,0.00259083782425004,0.0025817584818888626,0.002579220059394475,0.0025822401434114454,0.002525994325087391,0.002510338684357444,0.002353845446697396,0.0023776653158757402,0.0024965150954323894,0.002644189921292286,0.0024808337998837924,0.0024937324879720836,0.0024247462745235412,0.0025199991627976558,0.0023282372849184833,0.0024119534735245252,0.002191243344420992,0.0021876884524895655,0.00226603000330249,0.002701016044950411,0.002332270979481261,0.0021916704097709157,0.0022570068454994168,0.002323081727602975,0.002188562349075791,0.002087392667552158,0.0020499655734510062,0.0019974860695454576,0.0019416259774354832,0.002425313285280866,0.001721490180536956,0.0017974581664698813,0.0018201302454212086,0.0018822035280628175,0.0016870306079544183,0.0018508320677798227,0.0018284847154379186,0.0018466332549482065,0.002142495136354928,0.0024545802113682177
ME6 BM6,0.0027186725804940995,0.0026010039355755864,0.002768159131697969,0.002494410759089052,0.0024260814413745125,0.002373574059793705,0.002244331900948167,0.0022689773187478226,0.002211704574611123,0.002450377116711716,0.003037193870474065,0.0029334913363252197,0.002639026124265498,0.002609350153321114,0.002558412641543599,0.0024814726717104826,0.0024734430988118386,0.002455411163504689,0.0025335943591658808,0.002816026245199877,0.002968709527823275,0.0028274496411193665,0.002562582114302225,0.002544030469296637,0.0025574784506666357,0.0026348291339003314,0.002432940481739369,0.002290735816979275,0.0024951295258569305,0.0028569251772870225,0.002778485531098647,0.0027184808363887513,0.0026187730902581547,0.002579974721741186,0.002513907297530562,0.0023720360891690355,0.002254584187646159,0.0024184052780430072,0.0024374355061971996,0.0028769806535722956,0.0027867769441337264,0.002569575534735922,0.0025128554272102924,0.002431782922158649,0.0024509260028011313,0.002338141007358487,0.0024594571366285465,0.0023319076023401797,0.0025531078590616163,0.0027433874291444118,0.002569284551918768,0.00248875596773012,0.0025098967305393666,0.0023791780989929475,0.0023559599854536626,0.002655164358189242,0.0023508711590726943,0.0022768892423748223,0.0024575349862115464,0.00258838391692067,0.002398703395838053,0.0023776093223330484,0.002400577623688146,0.0024272476214280345,0.002352953577883142,0.002421124122709731,0.002239662495005668,0.0022883273526356717,0.002349765097227451,0.0026068922466456483,0.0022660278079533426,0.002267367162674114,0.002243170462168675,0.002390091755579772,0.0021905664028189146,0.0022400531803839006,0.0021168291672354544,0.0021153944081722365,0.0022112390336495773,0.002568088591067505,0.0021433043094619578,0.0020362326788826326,0.0021009677683941465,0.0022036686646267935,0.0020508287678641956,0.001954265755673273,0.0019546606548129083,0.001965288849489166,0.0019214821552013376,0.00238315859429619,0.001611552864006663,0.0016685744521707003,0.0016762144371356587,0.0016724616446825863,0.0016189025034537678,0.0017432158672609501,0.0017249255151372917,0.0017673979086009059,0.002056169580639214,0.0023112166327093164
ME6 BM7,0.0028208343331296458,0.0027451621712253397,0.002931769322274733,0.0026594737462070583,0.00259174518199204,0.002478454097804504,0.002434400156474255,0.0024615780966746547,0.002393280990130895,0.002664137691762882,0.0032034314521346913,0.0030874111949605065,0.0027646337301571,0.002746430749073823,0.0027226731548724774,0.002656847275426401,0.0026148050276289807,0.0027078405270219803,0.0027440038514187164,0.0029932589332155005,0.003109766784917475,0.0029019894134843715,0.0027141240540694955,0.002667782811042093,0.0027284824406257377,0.002804848435393025,0.0025859740458915913,0.002537679504129884,0.0027714870748973084,0.0031935892651067926,0.002827125805204626,0.0028080107545393374,0.002758963203097174,0.0026939060993726987,0.0026659545699584163,0.0024664505661768435,0.0024399954531662007,0.0026636991773642794,0.002638351240763257,0.0031815832042599987,0.0029434628884576334,0.0027217676556432423,0.0026761096859523915,0.0026022395397860346,0.002621662294797387,0.002442359352279868,0.002616764376268294,0.002555782416479868,0.002803069888518892,0.003034930801983138,0.002636336320750169,0.002559425913641713,0.0026440747452287894,0.0024706509893519368,0.0024864880219039372,0.0023508711590726943,0.0029929211152176943,0.002490106936344554,0.0026405508612807123,0.0028148002988628105,0.002454920700365577,0.0024737114969305626,0.002526792892727011,0.002532154735325026,0.0025178322240648732,0.0025974545188331864,0.0024295765805358023,0.0025194489388905925,0.002585376944059458,0.002887658689667452,0.002333782648406366,0.0023540833190216093,0.002318160226578873,0.0024336854028211004,0.002342042252057012,0.00241790893793689,0.002337819845380036,0.0022772731115836414,0.0024358893468445874,0.0028777745769382203,0.0022144308268173527,0.002096082876633289,0.002235917607637506,0.0022916970043858394,0.002140644864526144,0.00210165216996582,0.002153231437813284,0.0021049031107397607,0.002112141806151691,0.0027146724318192353,0.0016619983786331123,0.0017520709477451596,0.0017746537563686695,0.001837748654635245,0.0016993045698631322,0.0019147489012749388,0.0019138399765024,0.0019004030586924083,0.0022627296897412114,0.0026698682015979702
ME6 BM8,0.0027567668940718763,0.0026288311672567647,0.0028522967934197867,0.0026224765158910186,0.0025261549699676367,0.0024258114097552934,0.002342435116578286,0.0023543225976800216,0.002330232841330339,0.0025755183913103064,0.0029910268895669556,0.0029826778611172886,0.00264866014035404,0.0026496818348583136,0.0026008660196629074,0.0025992584059615197,0.0025313637290714686,0.0025460924496429594,0.002656127035397783,0.00295588750536046,0.002920185497000898,0.0027775867233467027,0.002566707746596891,0.0025101438693507163,0.0025706706128318085,0.002643129619089916,0.0025011240550946176,0.002423984953429157,0.002686608834548193,0.0030539673227007315,0.00277323514931507,0.002689724254431595,0.0026412250975696547,0.002533653595549405,0.0025225349208702146,0.0023630118649821457,0.002303381010593409,0.002565979490392668,0.002537403990041576,0.003173770859262603,0.0027939953893490674,0.0025932644120505387,0.0025209019596818157,0.0024446885440453717,0.0024977303545068155,0.002350084002259964,0.0025437148604647605,0.0023989725995075257,0.002686572423642229,0.0029059577654116367,0.0025229485545319773,0.0024325950084125004,0.002496171851824449,0.002407455347979436,0.0023816805363161843,0.0022768892423748223,0.002490106936344554,0.0028579999283584803,0.0025919894138516854,0.00271354973663117,0.002347621638721565,0.002313742080529154,0.002391608999378001,0.002391898869522086,0.0023705806070844866,0.0025034723537812275,0.0023887267909782706,0.0024639412729524006,0.0025640289723213236,0.0028850273775459026,0.002156554755406561,0.002212249178447635,0.0021690680859900884,0.002358881057915712,0.002184717956741507,0.0023071143143786168,0.0022437442109063933,0.0022907289087198994,0.0024297026771596245,0.00274631405365605,0.002066239806885225,0.0019820162115500397,0.002068801037265602,0.0021411628042381503,0.002069802401826263,0.0019905811709120843,0.0020321374942396824,0.002098464828868923,0.0020297139860769513,0.002561166222975414,0.0015432201899051225,0.0016099529096463765,0.001698756425987723,0.001723757231671256,0.0016682949834757046,0.0018097159813056484,0.0019386298463624923,0.0018589337430891242,0.0022787367682753066,0.0025953440064771325
ME6 BM9,0.003009984728989948,0.0028746366664111856,0.003090428270268979,0.002806589864364151,0.002666293149811436,0.002635057553613142,0.002551891545408187,0.0025946143520825366,0.0025741968014370126,0.002909125607940382,0.003321994234925129,0.003196373144199335,0.002856031324850237,0.002861440084727112,0.0028794076138990168,0.0027794633652853283,0.002808544583446874,0.0028340009930604413,0.002945194044425836,0.003330910109336581,0.003204353224829403,0.0030085079955263763,0.0027576288709202515,0.0027181060109772643,0.0027935827083127923,0.002910759879105837,0.0027372954445805363,0.002680697248920147,0.002973466409209834,0.0034760189199521604,0.0029566964052864233,0.0028516503457668976,0.0028521594850206304,0.0027383774236204497,0.0027191071640936095,0.002564509782620028,0.0025359642530355933,0.002752604497272787,0.002866816686100433,0.003479704480960908,0.002975210236466014,0.002760879484862756,0.0026726237578930875,0.002620306382603616,0.0027233477607716324,0.002470899594940107,0.002707754837196139,0.0026871578194341537,0.003026768583447027,0.0032127145159597174,0.0026457964208115602,0.0025653771218142733,0.002631761702668015,0.002542975030589503,0.0025331325866704986,0.0024575349862115464,0.0026405508612807123,0.0025919894138516854,0.003435490052195747,0.0031351840474530958,0.0024480818506838675,0.0024922501945324575,0.0025366120126316116,0.002543697830633665,0.002531092837780781,0.0026233705518125495,0.0025540981194979674,0.002598536917839677,0.0027421538128926015,0.003199057604719597,0.0022815580127799797,0.0023557836114208733,0.002295909901165986,0.002429945964083565,0.0022587942659381623,0.0024262616386699523,0.002337005517494959,0.002392779444065005,0.0026458434222972355,0.0031774851534463605,0.002112806238779652,0.00205390714558232,0.002197426008493018,0.002246922229125166,0.002164700779684435,0.002089765426107318,0.00210471159815836,0.0022336562379633705,0.002275677148547799,0.0029603578255705046,0.0015551642896682266,0.0016569228633927877,0.0017281795676927657,0.0017547429928817019,0.0016521915653283097,0.0018523382607462022,0.0019556176676377712,0.0020145824564730707,0.0023866054054399698,0.0027814015304540424
ME6 BM10,0.0033911979374590673,0.0033053838258108783,0.0035454171009515856,0.003145492056584477,0.0030746177534114708,0.002954103828073148,0.002903552205594493,0.002845951770672434,0.0028823224798486683,0.0033927504380464853,0.0037095390080920283,0.0035496929522682713,0.003295412325195686,0.003206503422159521,0.0031058535503579597,0.003061070678245712,0.0031163793579491892,0.003141383811544089,0.0032825729679133906,0.003970949117954961,0.003546260996529832,0.0033564958150220604,0.0031153942719883017,0.003033182931093623,0.0030815417748637605,0.003226130425019451,0.0029766814963515594,0.0028529574472454943,0.0031819306093473104,0.0038828463486573323,0.003362426463507886,0.003216312313820304,0.0032223914001505297,0.0030279529324813287,0.00299909092861677,0.0027790858759344623,0.0027933703263444097,0.003017933751296436,0.0030664495277156058,0.003963232642788163,0.003322438287420842,0.0030568505973908033,0.0030705000811655577,0.002872191084758455,0.002933769106280254,0.002753496396969031,0.002910199787741925,0.002897390109113747,0.003221889575857174,0.003606851296304848,0.0029413601466435155,0.0028936999020620123,0.0028761633572745252,0.0027175619462769863,0.002759163853591307,0.00258838391692067,0.0028148002988628105,0.00271354973663117,0.0031351840474530958,0.004700250947143839,0.0026980590510426077,0.002714339110070207,0.0027893200700823627,0.0028245648723492682,0.002793358037019087,0.0027878040892337754,0.0026712491402036704,0.0027565811745361457,0.0029375731868029773,0.0034892016430175927,0.002496246913654687,0.002649892717914296,0.002540916778622856,0.002692402526904337,0.0025057980807444437,0.0026697251727489687,0.0024581285671158746,0.0025292735790555837,0.0027982262279981863,0.0034337190976774542,0.0023866395136256046,0.002255962848235181,0.0024145300345751273,0.0024904911393187176,0.002344474186864853,0.0022798067969948253,0.0023373762605626053,0.00232537796320526,0.0025035767540003964,0.003192046731075977,0.0017217918118768174,0.0019017152087583145,0.0018418414018994485,0.0018812353463304842,0.0018262935146333321,0.002002628333212267,0.0020429252269409163,0.002156960229307099,0.0026238712927246477,0.003155559597285485
ME7 BM1,0.003656675261455182,0.0034614996369979256,0.003446831177179301,0.0030312510596308675,0.0029502587586724234,0.0027126958616621667,0.0024668116615844354,0.0024997240089894425,0.0024111912310581483,0.0025577970551402167,0.004139339217191935,0.0038197044964504686,0.003279537715973026,0.0030553646314702633,0.0029699037091120354,0.0027827417835114016,0.0026903752393280566,0.0026345180513673285,0.0026640974718377484,0.0028058278035203864,0.00413125762708233,0.0036742723159623406,0.0032748401364920267,0.0030315646348613467,0.002904028342074876,0.002891024750488275,0.0025202917339507197,0.0024230054108424085,0.0026375607917944314,0.002901989239769127,0.003920371972976986,0.0036315931718141196,0.003242054589224569,0.002993634074084197,0.0028303411713326114,0.00249476440685107,0.002446376648746778,0.0025382295012293214,0.002576279035504502,0.0029910854729502416,0.003936765742585654,0.0033912206550983193,0.003112381187389173,0.0028334869807836753,0.00279783333407168,0.002516586525685587,0.0025226118831979897,0.002425928626038502,0.002543763683965408,0.002690327534474067,0.003749571582493758,0.0032273380824252057,0.003024130964513424,0.00275023696438167,0.00259083782425004,0.002398703395838053,0.002454920700365577,0.002347621638721565,0.0024480818506838675,0.0026980590510426077,0.003927668459896333,0.003072246144628524,0.0028256984929618846,0.0028679729215166446,0.0026916503256556217,0.0026235532460093486,0.0023482831537009097,0.0024183663982317804,0.002428589145692822,0.0025999421907452673,0.003305174033038074,0.00295469888669725,0.002675627323875103,0.0026891585656578423,0.0023701557256035296,0.0024424698425090153,0.0021982545227289337,0.0021682593229523373,0.0022416396325160718,0.002660346474539566,0.003170505215061807,0.002705623946902245,0.002529755455684513,0.0025102195639576724,0.0022844951366281043,0.0021611593440684033,0.002131904997686411,0.0019882035631009647,0.0020475878050255037,0.002414858602982468,0.0024316683970835064,0.0022736278933147462,0.002214033410236866,0.0020749112540747613,0.0018919013007678643,0.0018991612263707259,0.0018892744137959429,0.0017330601331374033,0.0020656747746095536,0.0021391966024386514
ME7 BM2,0.0033684642902212128,0.00313959946751651,0.0032912327781507334,0.0029110963801759274,0.002836757548307491,0.0026780009043507365,0.002522158071452327,0.002489981299895167,0.002415322876118891,0.0025726630486884545,0.003724979562655103,0.003552684790380523,0.0031625490214266445,0.003015667610317038,0.002927929333636601,0.0027161801162036386,0.0026441006643444604,0.0026071754950444943,0.002653259438151391,0.0028699842744819995,0.0037096012895134764,0.0033994811937391825,0.0030988612635587326,0.002917798517687723,0.002898652603553322,0.002884074177691725,0.0025306489725345923,0.00242269028686001,0.0026169487172373156,0.002950265624503897,0.0034810170935775137,0.003346415224945146,0.003126403934405965,0.0029326622325172073,0.0027929174807217847,0.00254612461330426,0.002446628107148357,0.0025298810093593973,0.0025774866337732413,0.0030369548930524156,0.003526909737584477,0.003150365696730769,0.00301952768676727,0.0027720115094145856,0.0027203243441619685,0.0024967160568738636,0.00250345659573669,0.002469965627417462,0.0026294080330994756,0.002780434338653799,0.0032685352643075237,0.0030248731680900735,0.0029373807491502113,0.002643980373100423,0.0025817584818888626,0.0023776093223330484,0.0024737114969305626,0.002313742080529154,0.0024922501945324575,0.002714339110070207,0.003072246144628524,0.0032416175282478535,0.0027819201556743846,0.00279201145496081,0.0026161006821370483,0.002588710951708423,0.0023666674319738385,0.0023932689737593588,0.002493843417206204,0.002618649696712081,0.002913814840778174,0.0027868008201557474,0.0026462885415495818,0.0026241123537977867,0.0023544022770568356,0.0023973292144557345,0.002209585777166806,0.0021638269020503,0.002218017790256211,0.0026294855917429636,0.0027957186448884785,0.002497852188616818,0.002453743759685753,0.0024807639516884737,0.0022312294538816176,0.0021353490739170642,0.0020803413139377554,0.001956100938282665,0.001984104213805793,0.0024291437613500264,0.0020562402067269146,0.00206789199675196,0.0020294114155718227,0.0020111057516952373,0.00182738601949781,0.0018990896508347158,0.0018970771337762018,0.001820203681252752,0.002098442159403213,0.0023217088606558006
ME7 BM3,0.0031365707631857477,0.002992131128937441,0.0031258864634715567,0.002755968059427593,0.0027701643739395034,0.002621971138894518,0.002453251454159927,0.002458699921532403,0.002389484142766722,0.0026061062578241496,0.0035019290411111618,0.003347298583080036,0.0029767444661498578,0.0028997255508275035,0.0028495332674626657,0.0026856697761626805,0.00265532313930127,0.0026418760408031135,0.002667983552496254,0.002939714034178927,0.0034375189815917806,0.0031364749705840313,0.0029400479019209276,0.002822250543599635,0.00284053087273191,0.0028237168778166627,0.002568694639549508,0.002467198463597833,0.0026870632661207235,0.0030339911363898185,0.0032505466781568557,0.0031707466889581825,0.003025753852260419,0.002847587996112303,0.0027834542228417163,0.002536550544289314,0.002476142007464644,0.0025618458082885924,0.002617242434346014,0.0031670202796999047,0.0032677687233990827,0.003008081993025001,0.00288233030190564,0.0027350218740192548,0.002701401822055796,0.002480742828049762,0.0025841110011630914,0.0024616961920967528,0.0026950040729838494,0.0029048637487207292,0.0030226133347260966,0.002892611416864258,0.0028523857281570492,0.00260011013800059,0.002579220059394475,0.002400577623688146,0.002526792892727011,0.002391608999378001,0.0025366120126316116,0.0027893200700823627,0.0028256984929618846,0.0027819201556743846,0.0030573516005868284,0.002729963391963548,0.002623954542374619,0.0026192245230221753,0.002411405389892748,0.0024404655690571176,0.0025168280651634107,0.0027177702833739792,0.002723570108626905,0.002645373007702019,0.002560308916099063,0.002622570635215544,0.0023652214436965194,0.00246233815795094,0.0022655682216323747,0.0022205043189494392,0.0023243647852302595,0.0027789145213962664,0.00257232389984116,0.0024108294876029833,0.0024154650011045196,0.002434697015816204,0.002236612635048026,0.0021343760843620793,0.0021326301313750345,0.0020657008420988305,0.002041396735616015,0.0025676893611036064,0.0019955006096715345,0.001976183725374087,0.001993889094629162,0.001975677067645698,0.0018349922811964866,0.0018888891021497888,0.0018629319956778082,0.0018719793893011405,0.0021973828190836563,0.0025306763878656237
ME7 BM4,0.0031500176681594507,0.003012231496839543,0.003111505608251782,0.0027772474911386337,0.0027380245095393737,0.0025938174467679655,0.0024875621140192407,0.002440192727500125,0.002368201607349207,0.002602127271256357,0.0035733000573014173,0.0033722575635915545,0.002995603615406488,0.002893548725717449,0.002836393561650099,0.002697038905611328,0.0026367934066446673,0.002636334148994393,0.0026767100824601426,0.00296412432290363,0.003504071096034496,0.0032186232078806097,0.002966416309951871,0.0028187113160966434,0.0028662175689214055,0.002879190092271957,0.002550307717808357,0.0024281099498441104,0.002657353232232599,0.003091373084132952,0.0032936392976971097,0.0031822919858967395,0.0029901762890534554,0.0029040622004337492,0.0027803221282571783,0.0025556821610029077,0.002512158042952357,0.002610520509217501,0.0026233978999416433,0.00307331531837556,0.0033106623148573284,0.00298470725471011,0.002920106571439765,0.002720976839837287,0.002727214912137012,0.0025376005698786205,0.0025783786065194762,0.0025006177548284807,0.0026746375279678913,0.0028913599080638776,0.0030814848107112223,0.0028564272578560867,0.002859256223876419,0.0026388696828293125,0.0025822401434114454,0.0024272476214280345,0.002532154735325026,0.002391898869522086,0.002543697830633665,0.0028245648723492682,0.0028679729215166446,0.00279201145496081,0.002729963391963548,0.003105391394560877,0.0026698392627445048,0.002646517184730287,0.002452365884380942,0.0024523788713696113,0.0025055189652273026,0.0026643712836178614,0.0027715239271417975,0.002677265420846771,0.002591934835663875,0.0026117833108994324,0.0024037411557246728,0.0024984204440139774,0.002266766514355819,0.002194445910729612,0.0022873669131838266,0.002749186397189416,0.0026612498518062615,0.0024214343182626203,0.0024366513260207,0.0024929607893671942,0.0023219897990640224,0.0021963047379079284,0.002178572610690135,0.0020346370453409,0.002035055411117601,0.0025504763792818974,0.001995254576972334,0.0020342872406231374,0.00204015766188305,0.002065064748965772,0.001899733209493494,0.0019505257886344254,0.001903805142042844,0.0019179865194182207,0.0021967914922241647,0.0024451818905964974
ME7 BM5,0.0029772371387950694,0.002772436559366526,0.002955929584889301,0.0026750694637085897,0.0026121243228640224,0.0024854550893806983,0.0023983666202301245,0.0024044804160363847,0.0023700824927424986,0.0025967698157659674,0.0033347260989503164,0.003214778532584038,0.0028398699793023854,0.0027968830429415067,0.002777998167218086,0.0026611581896906883,0.002643403191474934,0.0026055499245568247,0.0026645174391186476,0.00291932431476231,0.0033012015138125113,0.0030786098898688843,0.0028253581882512853,0.0027673792885236437,0.0027469417110685,0.0027791579235067186,0.002545171954447935,0.0023907982378339357,0.002656072534002591,0.0030764752950792336,0.0030834845647444795,0.003010307730293324,0.002880004849097429,0.0027716687493740772,0.002674931440438783,0.002517871516134682,0.0024410880036771997,0.002517902603966748,0.0025907403446248237,0.0031314016351456754,0.0031037585945901114,0.002848075858886137,0.0028129548304462355,0.0026869258238362433,0.0026510544006780753,0.002498949792920186,0.002546391034197069,0.0024641578334166463,0.002701315637333185,0.0029625139384573157,0.002925414287378645,0.0026992744426467047,0.002716096197878169,0.002556100005501256,0.002525994325087391,0.002352953577883142,0.0025178322240648732,0.0023705806070844866,0.002531092837780781,0.002793358037019087,0.0026916503256556217,0.0026161006821370483,0.002623954542374619,0.0026698392627445048,0.002988842512705669,0.0025671589630374765,0.0024231264347217966,0.002402908222460518,0.002470574152738662,0.0028135730524455217,0.002568465644355152,0.002520226556933499,0.002449436131725939,0.002565620183998867,0.0023569912063884043,0.0024351945190684452,0.0022659626299304557,0.0021992689777985902,0.0024068358668385826,0.002695216126418133,0.0024312702435656214,0.002305697938084064,0.0023721391178623354,0.0023916598628192483,0.002245832262672963,0.002160010005796718,0.002203689837958042,0.0020883338088229218,0.0020155989472933782,0.0026016701899186437,0.0018356220258407057,0.0018857942139928752,0.0019764811041371767,0.001955886623851497,0.001820134943935959,0.001956546543000108,0.0019044349484077763,0.00194845101866059,0.002207523679676887,0.0024801259762968018
ME7 BM6,0.002947368263385092,0.002836784076852081,0.002976727682092762,0.002728326313122521,0.0026411953080889045,0.0025685148152806607,0.002436921480447678,0.002462653544028766,0.0024057445789040935,0.0026517981672738783,0.003299934202966889,0.003184362335372582,0.0028395029297271102,0.002824623258276504,0.002752939470729623,0.0026686870475428207,0.0026524799375683525,0.0026500998004864097,0.002732225000100221,0.003040638735307212,0.0032256623307729674,0.003040602319070981,0.002801573292533616,0.002689539449099823,0.002764725920955614,0.002819172024077531,0.002619933249774712,0.0025010413734016224,0.0027267397645069275,0.0031718094837320716,0.003038514798704872,0.002941256120034652,0.00286655005208316,0.0027740652072505787,0.00267352700467266,0.002483602843773306,0.0024416652599601645,0.0026191927407105786,0.0026987475669510348,0.003172926916909746,0.0030875486004259423,0.0028109870582198942,0.002759654141454679,0.0026547178726761414,0.0026554323321828083,0.002496592888432142,0.0026263151215312427,0.00249151660210757,0.0027667320714457734,0.003019341924062482,0.002799131524220802,0.002707929479475072,0.0027143832549715438,0.0025345026699989752,0.002510338684357444,0.002421124122709731,0.0025974545188331864,0.0025034723537812275,0.0026233705518125495,0.0027878040892337754,0.0026235532460093486,0.002588710951708423,0.0026192245230221753,0.002646517184730287,0.0025671589630374765,0.0030647234057433977,0.002436528026273138,0.002461705978611378,0.0025997781569239067,0.0028881956266899873,0.002463769282532693,0.00249882532713001,0.0024421161016939846,0.0025146610669563533,0.002372348075187788,0.0024737973681232695,0.002343683851800359,0.002290025625141239,0.002495883609966544,0.0028701216911577302,0.0023850677676566737,0.0022601920192449098,0.002309536821014635,0.0023905938957455184,0.0022590492716501463,0.002152945365497782,0.0021885059992074684,0.002133817461959918,0.0021118053612009515,0.0027100748919022494,0.0017748820686811029,0.0018501581128745556,0.0018988361397065609,0.0019359552805136844,0.001797535684967259,0.00197170604589613,0.002004940650661434,0.001934936246469749,0.0022956702508721174,0.002673384466956186
ME7 BM7,0.002706205356448125,0.0025779462410186155,0.0027765946494157107,0.002484592771287741,0.002416457871817321,0.002356010250395866,0.002295863316274724,0.0023115594650359467,0.002262588191376928,0.00255597665206088,0.003024668757710029,0.0028805419789594963,0.0026268946613442314,0.002606351508028379,0.002529778909447406,0.002523260608468325,0.0024927840892503125,0.0025055007046827925,0.0025708580169350867,0.002911999800282436,0.002980816078055272,0.0027685287088868703,0.0025592610308696724,0.0025060906649898066,0.0025964811125202005,0.0026178340759043716,0.0024565911785748443,0.0023437623291102713,0.002606213466881274,0.0029559713267594215,0.0027542784433133077,0.0026927912170975244,0.0026298692971665543,0.0025888373076560175,0.0024907880406792073,0.0023940606001254397,0.0023508206747590563,0.0024582470438712376,0.0025251723914755278,0.0030534584916825864,0.0027580177576786978,0.0025607313753976484,0.0025323085110625365,0.0024604422143354654,0.0024759946618117235,0.002321045301815474,0.002515718732241465,0.0024169135737554604,0.0026742778229915895,0.0028142300397772783,0.0024859343911782287,0.0024847485586283243,0.0024921956048041772,0.0023714748365629,0.002353845446697396,0.002239662495005668,0.0024295765805358023,0.0023887267909782706,0.0025540981194979674,0.0026712491402036704,0.0023482831537009097,0.0023666674319738385,0.002411405389892748,0.002452365884380942,0.0024231264347217966,0.002436528026273138,0.0027963608073260033,0.002376578852023222,0.0024717594585609514,0.0027524607252568892,0.0021859649147102263,0.002259359360379002,0.002287798310348901,0.002400811192671122,0.0021863771116617512,0.00232958031964546,0.002259181993239817,0.00222326409420017,0.002332526965526349,0.0027022892447788097,0.0021070431115851225,0.0020062703804043305,0.002129913775704067,0.0021815267672766086,0.002062847254751739,0.0020369772115875606,0.0020507705944813126,0.0020597943162653435,0.0019994400908883085,0.0024905238563110456,0.0015584762890883436,0.0016678159905211575,0.0017502707177567015,0.0017726316437194293,0.0016771177927009605,0.0018385015296222792,0.0018489944824263515,0.0018462275056871824,0.002083652057514821,0.00241796983072803
ME7 BM8,0.002776292550672767,0.002606226456835852,0.002831418950242788,0.0025548504270132073,0.002451149609482625,0.002393164001505805,0.0023354747763433986,0.0023241985650201465,0.002304895721769543,0.00255031583341936,0.003074708342700222,0.003020283672857802,0.0026879777414894946,0.002627596852172278,0.002598298618697095,0.0025979587396529557,0.0025364044191424906,0.0025505164236362256,0.002620636330274431,0.0028874780211249258,0.0029985024931465133,0.0028069018251641368,0.002638528829756325,0.002549031860247383,0.0025986779349895157,0.002683426300154278,0.002483324813679407,0.002453004730837073,0.0026768863946324208,0.0030243265274257688,0.002821200292626958,0.002734170405673591,0.002689687368546725,0.0026162847286633054,0.0025822253915139164,0.002378742537467022,0.0023709563672492696,0.002565080964006087,0.002517984281781414,0.0030578169689889937,0.0028429307393067426,0.0026368384386849736,0.0025228957987609327,0.002484320742734407,0.0025441268619303876,0.0023338189025898866,0.0025202334395012724,0.0024242589315593365,0.0026973180639937146,0.0029087009972412043,0.0026205763593569993,0.0024814583055324875,0.0025593576600685067,0.0024307520276034755,0.0023776653158757402,0.0022883273526356717,0.0025194489388905925,0.0024639412729524006,0.002598536917839677,0.0027565811745361457,0.0024183663982317804,0.0023932689737593588,0.0024404655690571176,0.0024523788713696113,0.002402908222460518,0.002461705978611378,0.002376578852023222,0.002861864587894897,0.002538470482491598,0.0028348715075960465,0.002225085662776099,0.0023111267295846854,0.002249864545933752,0.0023983387192606526,0.0022377204880050868,0.002327692453321876,0.00226243961214523,0.0022902457186096685,0.002393618348599641,0.0028590662685940658,0.0021870769684151697,0.0020599455890311738,0.00215231467864126,0.0022446141920196873,0.002111578807660543,0.002027969897171736,0.0020122870981422805,0.002092721071678792,0.0020750861021378705,0.0026029598374397575,0.0016573257750102353,0.0016890057941249888,0.0017576480925318198,0.001700843335039252,0.0016559410254187764,0.0017958039488038125,0.0018535223230151238,0.001868539450668849,0.0022068466879301154,0.00257325813557245
ME7 BM9,0.0028062817028829067,0.0027923850090140387,0.002977964076063807,0.002733310361699847,0.002609554776310069,0.002552679783507155,0.0025087217102902843,0.0025341561045498103,0.002493436056672661,0.0027805345303090765,0.0031944398075733405,0.0031019267918790524,0.002813554985978643,0.0027811358267724085,0.002811128307375865,0.0027379660704809857,0.002703419171944146,0.002723076724308816,0.0028405057263158747,0.003224730558491496,0.00304658786531896,0.002899626073823319,0.0027245270685297015,0.002649384008695392,0.0027674388852181033,0.0028158600232755697,0.002670120832048029,0.002646100047468917,0.0028761335194937188,0.003267177898455819,0.002865936985406545,0.00286253861152189,0.0028315021644827127,0.0027222335126809005,0.0026980833379073766,0.0025024742906147126,0.002473026961338457,0.0026798210788070154,0.002742241790782197,0.003388498703298167,0.002918995915535984,0.0027215524678729187,0.0027209715589588766,0.0026100165336438988,0.00265281787721803,0.0024715349363817196,0.002646049004335238,0.0025523048863337174,0.00288332112788765,0.0031668567563891675,0.0025805844011244305,0.0025695964861454346,0.0026055799487585455,0.0024873883082049673,0.0024965150954323894,0.002349765097227451,0.002585376944059458,0.0025640289723213236,0.0027421538128926015,0.0029375731868029773,0.002428589145692822,0.002493843417206204,0.0025168280651634107,0.0025055189652273026,0.002470574152738662,0.0025997781569239067,0.0024717594585609514,0.002538470482491598,0.0033881141780365285,0.0031761980990088067,0.0022377046799284504,0.002353051529082563,0.0023237925174597086,0.0024488482551042858,0.0023274974488956893,0.0024783025470107977,0.0023878787990959543,0.0023972044316066653,0.0026473364035058053,0.0029680579564486218,0.002208489185983761,0.0020312031242821463,0.002232028217990808,0.0022839558819483757,0.0022148074173698553,0.002088119676680799,0.002202753221214975,0.002203968435947915,0.002132730943111659,0.0027601458390744357,0.0016144314023598795,0.0017215445873802703,0.0018031081243608522,0.0018435961073573856,0.0017143634025781017,0.0019067587690225713,0.0020529895233121747,0.002006321524316084,0.002379096060198967,0.0029781875963807492
ME7 BM10,0.0031421481561834624,0.0029441372161710384,0.0032202109288365817,0.002938992240301906,0.0029446294001860373,0.0028235990407559203,0.002777385103388331,0.0028518109191788947,0.0028597712627154606,0.003208949372792263,0.0034594716864586625,0.00329106690663659,0.0030582021941602095,0.0029357102353191754,0.002990306847556428,0.0030575078229800813,0.0029606820225474453,0.0030650318703408144,0.0032522857116930913,0.003394841281735242,0.0032594180875449123,0.0030372762791096375,0.0028986744034237046,0.0029115572006189858,0.002951479878557815,0.003036563166104988,0.0029816830418716443,0.002942755957179176,0.0031932307562476977,0.003819216117009755,0.0030416645752463192,0.003002457666215429,0.0030162549996240106,0.0029234810898247634,0.0028946391217440485,0.0027368456064093324,0.002767777445915846,0.002966120629942643,0.003042324221161937,0.0038781798711941314,0.0031668080179427993,0.0028712135811595624,0.0028397694668676,0.0027849212731086673,0.002848910302484542,0.0026725292258878296,0.0029124027650208146,0.00292904170654934,0.0032233310072483745,0.0035928544238908434,0.00271471357069253,0.00261695756070959,0.002823940930584081,0.0026883131713533,0.002644189921292286,0.0026068922466456483,0.002887658689667452,0.0028850273775459026,0.003199057604719597,0.0034892016430175927,0.0025999421907452673,0.002618649696712081,0.0027177702833739792,0.0026643712836178614,0.0028135730524455217,0.0028881956266899873,0.0027524607252568892,0.0028348715075960465,0.0031761980990088067,0.005048465286507545,0.002359444291755379,0.0025064570649703474,0.0024518838937614947,0.0026956477167181902,0.0025567064882007938,0.0026726149478610343,0.002624587256704027,0.0026191883793287526,0.002971306755788773,0.0035104445720725757,0.002291190006936703,0.0021432637397293844,0.0023871756593572915,0.002545119995873707,0.0023190912075709475,0.002299118208261246,0.002447380366379211,0.002577957175528432,0.002486155901511089,0.0032287633393208027,0.0017106034413686625,0.0018363829799691066,0.0019301756891074377,0.0019018343005632668,0.0019469697276350167,0.0020772173075808906,0.002266926481530997,0.0021786501255975357,0.0026639351459593077,0.003364994396114255
ME8 BM1,0.0033838636161199363,0.003283365826550561,0.003272497215576129,0.002856563819165055,0.0027865810410829398,0.0025589268204664244,0.002309143317644345,0.0022864809503317057,0.002209247215857305,0.0023536448349769762,0.0038521902392771976,0.003611739352831517,0.0031006911870134555,0.002882143070229561,0.0028441215734325643,0.0025921020195794134,0.0025410516947131467,0.002446742236393845,0.002455759768593103,0.0025695768190032936,0.003907305063497237,0.0034709362787715167,0.0031223399433768896,0.002861278970474352,0.002796434236667809,0.0026695651177490484,0.0023590420896529335,0.002208609359751286,0.0024178970525376856,0.002665612059034092,0.0037066523452424774,0.0034172031763667937,0.003038975512863064,0.0028632161254375328,0.0026812871552688083,0.002408614118837582,0.0023135405160273396,0.0023717610841210994,0.002397128589149306,0.0027145359149681647,0.003731902765570548,0.0031974024956850826,0.002955754260668835,0.002717870384377217,0.0026141562476152793,0.002377648671693543,0.002381265905028773,0.0022375900434312684,0.002380769618312416,0.0026038368204683643,0.0035663896769411283,0.003029326670035723,0.00289492166112374,0.0026031692340244684,0.0024808337998837924,0.0022660278079533426,0.002333782648406366,0.002156554755406561,0.0022815580127799797,0.002496246913654687,0.003305174033038074,0.002913814840778174,0.002723570108626905,0.0027715239271417975,0.002568465644355152,0.002463769282532693,0.0021859649147102263,0.002225085662776099,0.0022377046799284504,0.002359444291755379,0.003548857677953856,0.0028288319582158196,0.002599505648222544,0.002613015992708813,0.0022511041239857417,0.002372429132601029,0.002079620352842155,0.0020212208486617405,0.0020713446430568054,0.0024335716508081745,0.0030548415896850473,0.0026342903119152814,0.0024644322549016596,0.0024348955660789535,0.002173747273519842,0.0020790469965241945,0.002019590948916496,0.0018584582755236212,0.0019460522979410375,0.002322456919290903,0.0023526599099407642,0.0022082422754601374,0.0021638475748526173,0.0020522565931030477,0.0018150371707520816,0.0018883139699938957,0.0017254450217256915,0.0016780608190472945,0.0019424882097573094,0.001935995960665413
ME8 BM2,0.0031003283544047797,0.002958343647137091,0.003064859029415753,0.0027208434218368937,0.0026599253960112534,0.002511188608861698,0.0023266744229665957,0.0023214636704258097,0.002235805770249898,0.002391354190345014,0.003539606838798125,0.003330004661484617,0.002952157586098078,0.0028276356331631254,0.002746495052349037,0.002569339878045124,0.0025228523904951418,0.0024548461797378354,0.002506406385327217,0.002673935807798903,0.0035263790930408225,0.003240443753273057,0.0029604942075812392,0.002780148152218537,0.002714326524048303,0.002676044868898989,0.0024052388791716006,0.002292758370458739,0.0025017678461343755,0.002787480886416827,0.0033808185556065437,0.003180143470902888,0.0029666196298058717,0.002767371004081868,0.0026540209469946494,0.002408134850134244,0.002323552146091646,0.0023940433187802125,0.002459323765548549,0.0028545868954239083,0.003387763308900219,0.003007840930214236,0.002842926093057205,0.0026708364534392113,0.0025962425453812782,0.002392445263043143,0.002440035209839934,0.0023617549081276033,0.0024763564830057776,0.002622390409907653,0.0031644794720175795,0.00289369492565084,0.0028240121913127958,0.002523364652188355,0.0024937324879720836,0.002267367162674114,0.0023540833190216093,0.002212249178447635,0.0023557836114208733,0.002649892717914296,0.00295469888669725,0.0027868008201557474,0.002645373007702019,0.002677265420846771,0.002520226556933499,0.00249882532713001,0.002259359360379002,0.0023111267295846854,0.002353051529082563,0.0025064570649703474,0.0028288319582158196,0.002990625968916436,0.0025567498892650983,0.0025636385276784934,0.002315864464000907,0.002388461260156197,0.002122060375920116,0.0020935682493764068,0.00216064246068537,0.0025131991425367123,0.002723173540493558,0.002465916676170409,0.0023879899881937157,0.0024068979108654008,0.002194401770340996,0.002070634410233411,0.0020716818392453873,0.0019241674747851906,0.001962004580354695,0.0023673533269023724,0.002074074863457588,0.0020506457036284335,0.002016591498331969,0.001978430892495874,0.0018042726615484302,0.0018441262461296939,0.0017953796694422433,0.0017685282268950484,0.002046541363984828,0.0023637253598001173
ME8 BM3,0.0029021491002731007,0.002746002138797715,0.0028198092502268704,0.002521526416590208,0.00249090445741404,0.0023299816606060365,0.0022120015167327906,0.002202589805530027,0.002129073055220717,0.0022737426258526007,0.0032111308638779834,0.003105652774935671,0.002750648204262424,0.002692200453483271,0.0026267370512675203,0.0024645664748602445,0.0024289523456925088,0.0023934636062062985,0.0024289771648344422,0.002612904528039784,0.003261108912338099,0.003035877584342474,0.002751156585056766,0.002616703375268388,0.002616642616793611,0.002601369235226586,0.0023224265650097554,0.0022123512437531414,0.0023955767083194655,0.0027087600700782754,0.0030983702993029718,0.002935235958579355,0.002763787934948759,0.0026796856990974273,0.002555389057094021,0.0023537877952881673,0.00226030454897806,0.002328808253708983,0.0023923328041656196,0.0027555142489977353,0.0030988129497988696,0.0028243603702872875,0.0026850338022932924,0.0025635437791879188,0.002493638956569514,0.0023256292509094612,0.0023869234429671655,0.0022418523201846144,0.002494963331692177,0.0026239614543770813,0.0029222507143776433,0.0027460944451483723,0.0026874010557271337,0.002465187261555818,0.0024247462745235412,0.002243170462168675,0.002318160226578873,0.0021690680859900884,0.002295909901165986,0.002540916778622856,0.002675627323875103,0.0026462885415495818,0.002560308916099063,0.002591934835663875,0.002449436131725939,0.0024421161016939846,0.002287798310348901,0.002249864545933752,0.0023237925174597086,0.0024518838937614947,0.002599505648222544,0.0025567498892650983,0.0027939777239282563,0.0025356183383775364,0.0022741579614165438,0.0023570284184764242,0.0020940449661168443,0.0020718222924505946,0.002112687147901744,0.0024884017847724865,0.00252257342849979,0.0023335135573694507,0.002283632046994809,0.002335487834837665,0.002147229157934811,0.0020394364248664037,0.0020421389965435605,0.00187228540752409,0.0018661450225812464,0.0023079081645827598,0.0019093721314664568,0.001957668558869667,0.0019065917230520868,0.001982951587031112,0.0018592143423505976,0.0019152015652629897,0.0018253819120584158,0.0017827969535906636,0.0020781559572847106,0.0022265025859587923
ME8 BM4,0.0029845028022657764,0.0028331670197306257,0.0029633443202088006,0.0026695318801197793,0.0026664331540389224,0.002491924190393837,0.002337006310529078,0.0023335135324937034,0.0022895029912003936,0.0025132723626793666,0.0033234872913302407,0.0031918026424515135,0.002837661974969253,0.002793391575024555,0.0027463493523735504,0.0026106910809491016,0.0025531169614634174,0.0025715329365962936,0.002583094163957988,0.0028495669711098874,0.0032819561160475005,0.003083821990148969,0.0028318266246405567,0.002708395471902209,0.0027032122693611865,0.002710981802617041,0.0024654028464482715,0.002368741612412154,0.0025870523356887687,0.002905317873518875,0.0031053023016178677,0.002959037053812758,0.002856060748404176,0.0027511279727545895,0.002622907770308079,0.0024505204197155742,0.0023676575389309593,0.0024699864560832566,0.0025034360316636673,0.002995417148985736,0.003105732785018953,0.002807957742390534,0.002759294935969923,0.002636278099885988,0.0025855070627509888,0.002410975645414591,0.0025351930942537123,0.0023994652975730677,0.0026047327878559955,0.0027676717954087933,0.0028794976340700963,0.0027099987908149733,0.0027160396326201958,0.0025471317105746293,0.0025199991627976558,0.002390091755579772,0.0024336854028211004,0.002358881057915712,0.002429945964083565,0.002692402526904337,0.0026891585656578423,0.0026241123537977867,0.002622570635215544,0.0026117833108994324,0.002565620183998867,0.0025146610669563533,0.002400811192671122,0.0023983387192606526,0.0024488482551042858,0.0026956477167181902,0.002613015992708813,0.0025636385276784934,0.0025356183383775364,0.002950805022746295,0.0023355258469221953,0.002432478633348735,0.0022616773742001207,0.0022015181873321094,0.0022899257285795144,0.002575137798631896,0.0025197387457216312,0.0023399793726760244,0.0023463808296857324,0.002387465976838208,0.0022224739716390106,0.0021415271543398814,0.00213123168550428,0.0020319231951831875,0.0019744226827263294,0.0024385687049421926,0.0018694640466706874,0.0019130817087527278,0.001960430357384418,0.00200538057735653,0.0018715368306903009,0.001981438216609946,0.001914265444295195,0.001885829360145713,0.0021412890659904286,0.0024678368209891575
ME8 BM5,0.002545978646484503,0.002488855665159447,0.0026286747596263238,0.002416195074116599,0.002381071361169798,0.0022481586762078806,0.002126194428317227,0.0021682740774896176,0.002096796094025755,0.002280974686961103,0.0029134435155294953,0.0028052572074700978,0.0025477949800992565,0.002510791605125176,0.0024540354791500775,0.0023825690577995075,0.0023480233958377275,0.002320940234933701,0.002375953988458884,0.002518086398916516,0.0029220354707948045,0.0027216707559621547,0.0025021343594859823,0.0024707572929232677,0.0024827223783672452,0.0024934549429810305,0.0022876525550630886,0.002194560075588708,0.002382425346047975,0.002698087302082474,0.0027344505441928946,0.0026478564416279283,0.0025541870859600176,0.002536597753882495,0.00242893086366295,0.0022885298072064025,0.002174104022349839,0.0023122808833089515,0.0023132539148846736,0.002723960037605936,0.0027940420294641256,0.0025555426432730434,0.002521521438678115,0.002403243504609033,0.0024174807083694244,0.0022419316774352225,0.0023480077430619224,0.002268325526711301,0.0024451262605444,0.002680411242994185,0.0025253726042812263,0.002480577835781288,0.0025268578175204077,0.00233548037166075,0.0023282372849184833,0.0021905664028189146,0.002342042252057012,0.002184717956741507,0.0022587942659381623,0.0025057980807444437,0.0023701557256035296,0.0023544022770568356,0.0023652214436965194,0.0024037411557246728,0.0023569912063884043,0.002372348075187788,0.0021863771116617512,0.0022377204880050868,0.0023274974488956893,0.0025567064882007938,0.0022511041239857417,0.002315864464000907,0.0022741579614165438,0.0023355258469221953,0.0026535655886208206,0.0022806614560059624,0.0020883546862108305,0.002068572705891739,0.002166991101345057,0.002458741387294016,0.0021834358585783903,0.002076208171353165,0.0021462362195300688,0.0022090266672654887,0.0021051421460678947,0.00198041324166864,0.0019905636623910403,0.0018882293193178408,0.0018942149332578696,0.00230429637871324,0.00170744822559785,0.0017803699040861544,0.0017692920582056196,0.0017659339748950528,0.0016845517752932125,0.0018098186476828467,0.0017947729854787375,0.0017668210082852807,0.002035461127583318,0.002347999085536126
ME8 BM6,0.0026975149692105515,0.0025875843189445418,0.00275889920206752,0.0025009759310148216,0.0024605004111384744,0.00235413196025838,0.002257486184238191,0.0022490948908781994,0.002199199985686734,0.0024171050465727926,0.0030828411586552268,0.002943904320812391,0.0026563846107817593,0.0026165182220651115,0.0025450765270985574,0.0024903613518987436,0.0024717238783385203,0.0024543022558661818,0.00252002597017578,0.0027638528687407224,0.0030563147724222664,0.002829204947280413,0.002578037087303586,0.0025509444064093843,0.00254639879562103,0.0026044263805254614,0.002404995035933419,0.002323459313083861,0.002529826301737503,0.002921206288477861,0.0028692028186246663,0.002788168262304844,0.002670107107398126,0.002567720305026744,0.0025378584541358514,0.002346210021200795,0.00227918832331582,0.002410318171330141,0.002477546644400535,0.0029508204463799294,0.002873655411472797,0.0026040128112519378,0.0025574602269018386,0.0024757610771209467,0.002537762744138477,0.0023383543221130337,0.0024926533682626847,0.0023650126148080965,0.002586500834897346,0.002893397490939653,0.0026877649969510235,0.0025154647899093643,0.0025517433986096487,0.0024062086680228362,0.0024119534735245252,0.0022400531803839006,0.00241790893793689,0.0023071143143786168,0.0024262616386699523,0.0026697251727489687,0.0024424698425090153,0.0023973292144557345,0.00246233815795094,0.0024984204440139774,0.0024351945190684452,0.0024737973681232695,0.00232958031964546,0.002327692453321876,0.0024783025470107977,0.0026726149478610343,0.002372429132601029,0.002388461260156197,0.0023570284184764242,0.002432478633348735,0.0022806614560059624,0.002766562144955056,0.0022419135543770745,0.002192962538450449,0.002349392823912303,0.0026501153465351545,0.0022788680246648052,0.0021430237699774667,0.0022115296076760196,0.0023317644555467046,0.002174014606380264,0.0020620267856022783,0.0021455328972107366,0.0020584042801329526,0.0020056684445958163,0.002596652855037167,0.0017001350666789904,0.001803141894665253,0.0018285790808269514,0.0018707065299383798,0.0017455624700862694,0.001897403141459163,0.0019213045556493783,0.001830089356978008,0.002132942659998477,0.0024966409608195217
ME8 BM7,0.0024215669495939334,0.0022961093398403123,0.002511988796618027,0.002276771393446959,0.00220530501851316,0.002148694254611415,0.0020726399803771677,0.002121753046880795,0.0020801294739114825,0.0022907160829425907,0.002758087123075399,0.0026517986359845106,0.0023353699281044257,0.0023188696314750483,0.0023571506760801607,0.0022976861846068265,0.002280325414771346,0.0023501081215828506,0.0023344922432207292,0.0026086257078949916,0.002675024076481184,0.002498957152074232,0.002346668826140889,0.002326037093540819,0.0023432813987660024,0.0024600009892341863,0.0022727374088183,0.0022113479597331695,0.002440185367918761,0.002753754352059388,0.002517055820154646,0.0024561720401344907,0.002447070009044938,0.0023625047989233486,0.0023115164432179367,0.002195501743722421,0.002150254360240953,0.002326597981534307,0.002322843636026849,0.0027775394605238416,0.002533559109798618,0.002354004605681968,0.0023556953578649283,0.002284665833633022,0.0023178819286686315,0.0021712766931038865,0.0023603225830757173,0.002239493919647217,0.00244463164959831,0.002594915968526617,0.002322014955205031,0.002280482411286181,0.0023130198960644313,0.0022288935931217956,0.002191243344420992,0.0021168291672354544,0.002337819845380036,0.0022437442109063933,0.002337005517494959,0.0024581285671158746,0.0021982545227289337,0.002209585777166806,0.0022655682216323747,0.002266766514355819,0.0022659626299304557,0.002343683851800359,0.002259181993239817,0.00226243961214523,0.0023878787990959543,0.002624587256704027,0.002079620352842155,0.002122060375920116,0.0020940449661168443,0.0022616773742001207,0.0020883546862108305,0.0022419135543770745,0.0025575718923175257,0.002151258116583392,0.0022851232133904056,0.002477306406626609,0.002055578171905933,0.0019350821374271086,0.0020461152318079624,0.0020819491555848103,0.002013161659995441,0.001963310856727408,0.002036163429141273,0.0020181165969283352,0.001957544198928271,0.002428660260162807,0.0015904934965711938,0.001645696023707457,0.001697075903317835,0.001689540731412845,0.0016470242215509006,0.001800279663262176,0.0018343550289650187,0.0018054964330439698,0.0020194498082037066,0.002370262167471247
ME8 BM8,0.0024390635336074473,0.0022846223662928377,0.0025284517110609832,0.002268100654649536,0.002194389700899992,0.0021486150872799857,0.002064985355571249,0.0021339925637956516,0.00206447460102343,0.002308422019563161,0.0027186005899202557,0.002628840858958038,0.0023456064736588423,0.0023450600832367,0.002341882191024568,0.0023135159796344017,0.002291322749798122,0.0022549808062723143,0.0023652875246643877,0.0026157948919242986,0.0026674667925915933,0.002513179959097734,0.00233477757793984,0.002256809808445782,0.002348741234577327,0.002413723627793004,0.0022289566131939477,0.002198208882377677,0.002395749624894376,0.002745066867897085,0.0024777819278057516,0.0024774017106795323,0.0023677602554593815,0.0022996627160188337,0.002265747427072011,0.002184712195731175,0.002077038974082548,0.0023084776193278366,0.002289114788718366,0.0028003220647159787,0.0025780903289950906,0.00234603044058581,0.0022795797172176484,0.002243020606002177,0.0022881618384111876,0.0021101554600707405,0.0023273514546860875,0.0021893838382987356,0.002474403277828097,0.0026919944117487597,0.002301440805556302,0.0022730061153980762,0.0022680966164483557,0.0022037363018027074,0.0021876884524895655,0.0021153944081722365,0.0022772731115836414,0.0022907289087198994,0.002392779444065005,0.0025292735790555837,0.0021682593229523373,0.0021638269020503,0.0022205043189494392,0.002194445910729612,0.0021992689777985902,0.002290025625141239,0.00222326409420017,0.0022902457186096685,0.0023972044316066653,0.0026191883793287526,0.0020212208486617405,0.0020935682493764068,0.0020718222924505946,0.0022015181873321094,0.002068572705891739,0.002192962538450449,0.002151258116583392,0.002592575616271469,0.0023047965171543176,0.002580427339022429,0.0019930581415001777,0.0019021889440130803,0.001978656863861315,0.0020540578239677415,0.0019774765354997796,0.0019052562841938097,0.0019806038088017175,0.002032008105478341,0.002003356197903422,0.002414860711708975,0.0015051089188803464,0.0016037446922450497,0.0016667051467995084,0.001632117969525326,0.0015922177546702449,0.0016771017324602574,0.0018363735908795123,0.0017788728870239308,0.0021410803589541087,0.0024304441783719976
ME8 BM9,0.0025445841819176592,0.0023746083628830763,0.002652090087428425,0.002482586471635954,0.0023159485591315566,0.002313724062105467,0.0021862742438424295,0.0022652609948452316,0.002244125298520533,0.002525357622206974,0.002941093213252355,0.002771762511863275,0.0024233014176702457,0.002536994202476435,0.002498779958619965,0.002447895128695281,0.0025005775259366197,0.0025127820414334494,0.002626624997782091,0.0030247844688760517,0.00280106244547905,0.002624325444859876,0.0024862705346107403,0.002392362021860242,0.002427578957447396,0.0025705066357803925,0.00242659127127149,0.002385221681752209,0.0026338990337647257,0.0030970206128162476,0.0025908197299197547,0.002552631271765321,0.0025236862088306193,0.0024043648974865143,0.0024394986987046193,0.002276106631625076,0.002242221392482541,0.0024180040213218237,0.0025468856759729135,0.003253839367221973,0.002630254647476614,0.00243681473765707,0.002400457415650349,0.002296739044562129,0.002431434753745362,0.002277782011232927,0.0024680716794957787,0.0023576137784996672,0.0026825961851263975,0.0029613297148742596,0.002336387160391645,0.0022691138379989993,0.002365229433907039,0.0022777637309523355,0.00226603000330249,0.0022112390336495773,0.0024358893468445874,0.0024297026771596245,0.0026458434222972355,0.0027982262279981863,0.0022416396325160718,0.002218017790256211,0.0023243647852302595,0.0022873669131838266,0.0024068358668385826,0.002495883609966544,0.002332526965526349,0.002393618348599641,0.0026473364035058053,0.002971306755788773,0.0020713446430568054,0.00216064246068537,0.002112687147901744,0.0022899257285795144,0.002166991101345057,0.002349392823912303,0.0022851232133904056,0.0023047965171543176,0.003108520375980761,0.0029203551096832845,0.0019504535658671097,0.0018783325226186937,0.0020758786401537245,0.0021469267301415626,0.002043668834235054,0.002002074740343262,0.002105283170806898,0.0021607353886169845,0.0021918196547966833,0.002800767768057126,0.0014872353750775354,0.0016089038863492968,0.0017391318800331443,0.0017082956283067834,0.0016836627224094262,0.001771446948513539,0.00200378288755178,0.002014824060818822,0.0023129091836293367,0.002871213381751313
ME8 BM10,0.003174833189586901,0.002999681911034009,0.0032240783395612533,0.0029050109728981375,0.0028922154835616756,0.0027586634091576988,0.0027445432989592782,0.002768930904821363,0.002749423190103526,0.003112146366532235,0.0034679413482867267,0.0033861446031642206,0.002993775072238878,0.002996883290095755,0.0029763881988105335,0.0028932482362128806,0.0029200627013857873,0.0029550963632280387,0.0031304658901106295,0.003292694954035072,0.0032924098990918926,0.003087368705217092,0.002967070493409225,0.002783627808516485,0.002904008285977349,0.0030711148215406725,0.0028565499727193056,0.002818093514165103,0.0031367005557979373,0.0036721395781478252,0.002961269585268695,0.0030511249383947977,0.002950850112650392,0.0028890976232523393,0.0029055926928499894,0.0026123954385393554,0.0027109025058619203,0.002848196240570128,0.002994455773844127,0.0037264386556082846,0.0031555596304638995,0.002970534763376837,0.002866481679703528,0.0027423956111793154,0.0028899951614117987,0.002649215113117742,0.0028025717191461083,0.002787162258917279,0.003263314602834503,0.0035515979365271654,0.0027706956531576062,0.0026856022915808142,0.002749134865829943,0.0025922316933905546,0.002701016044950411,0.002568088591067505,0.0028777745769382203,0.00274631405365605,0.0031774851534463605,0.0034337190976774542,0.002660346474539566,0.0026294855917429636,0.0027789145213962664,0.002749186397189416,0.002695216126418133,0.0028701216911577302,0.0027022892447788097,0.0028590662685940658,0.0029680579564486218,0.0035104445720725757,0.0024335716508081745,0.0025131991425367123,0.0024884017847724865,0.002575137798631896,0.002458741387294016,0.0026501153465351545,0.002477306406626609,0.002580427339022429,0.0029203551096832845,0.004811306619171751,0.002354983213349976,0.002209980237332145,0.0023658638310673614,0.0024904857371372377,0.002342856959241331,0.00226847617646459,0.002324521421114281,0.0024738382319553043,0.0025119649829265416,0.003297842874458392,0.0017646117789613975,0.0018822223108089372,0.0019681651429809027,0.0020050470701291068,0.0018913285434502556,0.002050797189070016,0.0023275426466637765,0.002362687265872274,0.0028425389577880714,0.0034444758425355273
ME9 BM1,0.0030950226150672495,0.0029419083638810143,0.0029869453385499784,0.0025878394200386373,0.0025736921416029154,0.002358049270485367,0.00216133038253449,0.0021716167752543246,0.002082589220335195,0.0021921665936468046,0.003527826019218742,0.003343672723421818,0.002831946051740517,0.0026777093033635764,0.002648143199818842,0.002399419408072345,0.0023634186495696354,0.002263344873272805,0.00229728937832077,0.0023678760123939293,0.003600445148734596,0.0032146959503290464,0.0028907880742752748,0.0026604324400123815,0.002596852208755097,0.002519136592583152,0.002170649117012738,0.0020985694410539896,0.002249468959470835,0.0024981727642938377,0.003423364261333341,0.0031874073203493683,0.0028504121078008642,0.0026984980307700416,0.002518711453976569,0.002218142161075847,0.0021732547100493525,0.0022263353500021794,0.0022385502529947265,0.0025958520904633214,0.003513478141731676,0.0029849748595309755,0.0027993538778690367,0.0025878692784195886,0.002469893193293213,0.0022498126888918853,0.0022732996612066297,0.002130748813376354,0.002256900461085979,0.002441763742755222,0.0033957198362475623,0.002925319255356678,0.0026897019451653154,0.0024539673295836738,0.002332270979481261,0.0021433043094619578,0.0022144308268173527,0.002066239806885225,0.002112806238779652,0.0023866395136256046,0.003170505215061807,0.0027957186448884785,0.00257232389984116,0.0026612498518062615,0.0024312702435656214,0.0023850677676566737,0.0021070431115851225,0.0021870769684151697,0.002208489185983761,0.002291190006936703,0.0030548415896850473,0.002723173540493558,0.00252257342849979,0.0025197387457216312,0.0021834358585783903,0.0022788680246648052,0.002055578171905933,0.0019930581415001777,0.0019504535658671097,0.002354983213349976,0.003294275983271909,0.0025711058092048387,0.0023809715176160463,0.0023811375712376385,0.0021229120713631908,0.00204814131392849,0.002002812210864119,0.001859937265385757,0.0018299444526822001,0.0021870052862626743,0.0024216100887005233,0.0022155477614544616,0.002155790791377012,0.0020112394352889084,0.0018462298336956143,0.0018818598532510849,0.0018005832025741577,0.0016857271562457162,0.0019020272969077594,0.0019514698456021742
ME9 BM2,0.0027352029585070675,0.0026082662235403257,0.002674216690240516,0.0023113721535320915,0.0023452773187472562,0.002144933492730903,0.0019803524524954984,0.0019879143388966893,0.0019052439125013896,0.002065032241030111,0.00309379248393534,0.00294595303259517,0.0025400973522360436,0.002389016589602913,0.0024247402012261624,0.0022541189263956193,0.002203189388205953,0.002155365134560847,0.0021455731059275163,0.002394976126458768,0.0031519047218453865,0.002833582925518994,0.002533876127331479,0.00239749818804089,0.0023776127387218817,0.0023643630041798504,0.0021356519128699135,0.001959006699683298,0.0021241287849903864,0.0024194793629032044,0.002985629626333043,0.0028107796911666133,0.0025356661167393736,0.0024629331941737427,0.0023398181616824574,0.0020992101657360948,0.0020476400968003636,0.0020746728199669655,0.002095744909794264,0.0024703789571716805,0.002983470468861615,0.0026615386656641663,0.002508673467924525,0.00236380998886671,0.0023105892062049663,0.002121001538650288,0.0021418872132530917,0.0020308193356172216,0.0021694142452185565,0.0023422714188447388,0.0028667735628344,0.002596395423819326,0.002499870034838478,0.002282487943952739,0.0021916704097709157,0.0020362326788826326,0.002096082876633289,0.0019820162115500397,0.00205390714558232,0.002255962848235181,0.002705623946902245,0.002497852188616818,0.0024108294876029833,0.0024214343182626203,0.002305697938084064,0.0022601920192449098,0.0020062703804043305,0.0020599455890311738,0.0020312031242821463,0.0021432637397293844,0.0026342903119152814,0.002465916676170409,0.0023335135573694507,0.0023399793726760244,0.002076208171353165,0.0021430237699774667,0.0019350821374271086,0.0019021889440130803,0.0018783325226186937,0.002209980237332145,0.0025711058092048387,0.002611656077007491,0.002238458942976777,0.0022221691379557453,0.0020229467377932404,0.0019473034055867728,0.001879026474463858,0.0017622760876595546,0.0017945779246647628,0.0021237149800603515,0.002066798149933124,0.0019927480201582005,0.0019219017217917572,0.001892256976481531,0.0017548690579900531,0.0018013966351422852,0.0016284312112367385,0.0016434824127253146,0.0018916302817335881,0.001909467044021495
ME9 BM3,0.002668725038360659,0.0024609791918294103,0.0026399484251781982,0.0023281972760559075,0.002278053182162564,0.0022040655802781617,0.0020484091742507503,0.0020859374123008,0.0020134323239359205,0.0021854252352328527,0.00305250296308903,0.0028301203472475057,0.002562616464530623,0.0024664967582110806,0.002468193982653537,0.0023255511415157374,0.0023053836693419177,0.0022694892929245604,0.002275624897090542,0.002540649318623165,0.0030205787827373163,0.0028156980891708614,0.0025692181543597622,0.0024138100214784685,0.00245455380348717,0.002442926256623111,0.0022556524852384084,0.002088282294758524,0.0023276760097305626,0.0026126143643591046,0.0028635777805927094,0.0027518629371937275,0.0025970439139362655,0.002472084301000375,0.002367382312873302,0.0022191045681036847,0.002149247877783895,0.0022030198300115175,0.002237223248408978,0.002677827309189152,0.0028480454222430058,0.0025815034460545216,0.002525179423620581,0.0024158030960789102,0.0023919016987054725,0.002171546430468939,0.002296833570407237,0.0021938982381009037,0.0023477867455701223,0.0025076904545869253,0.0027047649574064355,0.002542951042959423,0.0024950853167448922,0.002334551954033477,0.0022570068454994168,0.0021009677683941465,0.002235917607637506,0.002068801037265602,0.002197426008493018,0.0024145300345751273,0.002529755455684513,0.002453743759685753,0.0024154650011045196,0.0024366513260207,0.0023721391178623354,0.002309536821014635,0.002129913775704067,0.00215231467864126,0.002232028217990808,0.0023871756593572915,0.0024644322549016596,0.0023879899881937157,0.002283632046994809,0.0023463808296857324,0.0021462362195300688,0.0022115296076760196,0.0020461152318079624,0.001978656863861315,0.0020758786401537245,0.0023658638310673614,0.0023809715176160463,0.002238458942976777,0.00252272066576009,0.002254342563613097,0.0020755178243800233,0.0019906299006729336,0.0019710245846589042,0.0018505371820342488,0.0018496163459227875,0.002274354598715586,0.0018434213828570213,0.0018682721336943002,0.0018679407592808728,0.0018801439510167603,0.001704757629624896,0.0017616265141699014,0.0017404093115638813,0.001679512509499864,0.0019880979573300567,0.002182847257795443
ME9 BM4,0.0026712376848317255,0.002570964619811609,0.002676241831203691,0.0023778902941562897,0.002392475132964396,0.0022366056366899542,0.0021336133551599773,0.002112156055214051,0.0020311269205297872,0.0022666774851033003,0.0029827706145306426,0.0028431689458278168,0.0025341302089822606,0.0024374997945182594,0.002433807383022742,0.002326981109139882,0.002314900880259015,0.002286235543406757,0.002314253496467898,0.0024931656790962947,0.0028922850671686093,0.0027792804837306665,0.002528690270462416,0.002448286939222881,0.0024438584062988315,0.00245535815147436,0.0022785735217031385,0.002096473480654653,0.0023541149696224583,0.002696363899068935,0.002807706871737064,0.0027307357975200107,0.002583384490801728,0.0024906686954783105,0.0023954076753413154,0.0022007230380163534,0.0021453782912446754,0.002258297175975777,0.002295941766856562,0.002721587813086069,0.0027955112685582426,0.0025715713219848133,0.0025035916975979103,0.0023447499031496086,0.0023881636465203668,0.0022024397176994503,0.002365376830749209,0.0022348715050187927,0.0024169092237863957,0.002638080047892498,0.0026711844907713984,0.0025209479754574955,0.0024882715910316436,0.002340881448002397,0.002323081727602975,0.0022036686646267935,0.0022916970043858394,0.0021411628042381503,0.002246922229125166,0.0024904911393187176,0.0025102195639576724,0.0024807639516884737,0.002434697015816204,0.0024929607893671942,0.0023916598628192483,0.0023905938957455184,0.0021815267672766086,0.0022446141920196873,0.0022839558819483757,0.002545119995873707,0.0024348955660789535,0.0024068979108654008,0.002335487834837665,0.002387465976838208,0.0022090266672654887,0.0023317644555467046,0.0020819491555848103,0.0020540578239677415,0.0021469267301415626,0.0024904857371372377,0.0023811375712376385,0.0022221691379557453,0.002254342563613097,0.002731360939971525,0.0021515593530822144,0.0020674787323602005,0.0020137584552873435,0.001954535179766374,0.001935199919232959,0.0024679280009706705,0.0018457997245217319,0.0018751697196075746,0.0019095382446593446,0.0019002354927544504,0.0018083607209930701,0.0018511682373460036,0.0018402329023740201,0.0017669930901281167,0.002041543108940402,0.002295491648693614
ME9 BM5,0.0023906618922021946,0.0023007223062118417,0.002426105527383171,0.002201191939126659,0.002108591163036902,0.002047470352280442,0.001943651694230114,0.0019616626576351302,0.0018998172255332941,0.0020721770549926,0.002778290157830355,0.002574037265458736,0.0023612887890896374,0.0022562016925611918,0.002276045601902338,0.0021841816313640273,0.0021605715041695794,0.0021280495234506486,0.002152327903193599,0.0023830272461232388,0.0027366605270149327,0.002581847629013562,0.002360764878783783,0.0022724816185326984,0.0022927031654988994,0.002290805469223189,0.0021350082776728087,0.002036718193310758,0.00218740280925921,0.0024727718162784835,0.0025739318463662473,0.002504000203235312,0.0023636770024834464,0.002333993500016799,0.0022346542188040387,0.0020861748116833044,0.0019968759366502963,0.002165247647864261,0.002162446425431669,0.002519281413379883,0.002611676827533902,0.0023520633811798725,0.002329426131336016,0.0022387169138357982,0.002257285147065509,0.002070821903102313,0.002176746047456961,0.0020759526791933073,0.0023023770418929505,0.00252802356127545,0.0024112444809847584,0.002319526543941239,0.00233529462269504,0.0021677169594716693,0.002188562349075791,0.0020508287678641956,0.002140644864526144,0.002069802401826263,0.002164700779684435,0.002344474186864853,0.0022844951366281043,0.0022312294538816176,0.002236612635048026,0.0023219897990640224,0.002245832262672963,0.0022590492716501463,0.002062847254751739,0.002111578807660543,0.0022148074173698553,0.0023190912075709475,0.002173747273519842,0.002194401770340996,0.002147229157934811,0.0022224739716390106,0.0021051421460678947,0.002174014606380264,0.002013161659995441,0.0019774765354997796,0.002043668834235054,0.002342856959241331,0.0021229120713631908,0.0020229467377932404,0.0020755178243800233,0.0021515593530822144,0.0023384177063674925,0.0019135676287095316,0.0019468100645383898,0.001821161844013418,0.001837710045969617,0.002204483795920728,0.00162483935257875,0.001691236722775779,0.0017612466740226829,0.0017398009473711643,0.001643155414410101,0.0017035180761863628,0.0016923588108534837,0.0017169738211749214,0.001930940078419841,0.0022197627759499862
ME9 BM6,0.0022602225379422447,0.0021871115570010207,0.0023578059527824247,0.0020737832828766583,0.0020756386404479727,0.001957561744990019,0.0018452913456330985,0.0018863092867246827,0.0018268042172994623,0.002031713621682898,0.0025835876923801042,0.002442073931132244,0.0021858688741829206,0.0021716016178279824,0.0021351779118836825,0.0020995251723130337,0.0020717532769923396,0.002063636094116694,0.002086990783016982,0.00233308830037697,0.0025731283232991345,0.0023627539860222703,0.002192396140617118,0.0021494884507503604,0.002180366044377008,0.0022229153818562725,0.002053306807594452,0.0019442796979556578,0.0021237977280210273,0.00240138826289229,0.002414096660617492,0.0023486331526034695,0.002269042285161305,0.0021906585278849556,0.0021506364446124966,0.00197906046224114,0.0019492466563443265,0.002059175877801449,0.002061386500612639,0.0024932609737163274,0.0024435432217789262,0.002250005657036837,0.0022264683411202194,0.0021100450036386563,0.0021183493971861566,0.0020071097944319143,0.0021326070951012406,0.0020049183161715413,0.002226864678159119,0.002388565113826444,0.0022826401783137386,0.002188338148369724,0.0022049487408704127,0.0020667757083920645,0.002087392667552158,0.001954265755673273,0.00210165216996582,0.0019905811709120843,0.002089765426107318,0.0022798067969948253,0.0021611593440684033,0.0021353490739170642,0.0021343760843620793,0.0021963047379079284,0.002160010005796718,0.002152945365497782,0.0020369772115875606,0.002027969897171736,0.002088119676680799,0.002299118208261246,0.0020790469965241945,0.002070634410233411,0.0020394364248664037,0.0021415271543398814,0.00198041324166864,0.0020620267856022783,0.001963310856727408,0.0019052562841938097,0.002002074740343262,0.00226847617646459,0.00204814131392849,0.0019473034055867728,0.0019906299006729336,0.0020674787323602005,0.0019135676287095316,0.0021518026357257003,0.0018960877121067992,0.0018169167609213765,0.0017948745244267077,0.00224124857676712,0.001565517219918925,0.0016334968279038884,0.0016879099008802714,0.001667645442145418,0.001605576955789453,0.0017040889309432026,0.0016923152110164192,0.001671252253643827,0.0018364142075983237,0.0020581113763206305
ME9 BM7,0.0022972815539687697,0.002166531377062756,0.0023090109820766698,0.0021244020016753214,0.0020588339409268242,0.0019850265582628977,0.001905028136396147,0.001977005215616338,0.0019011035157003317,0.002107062647584904,0.002587326221762003,0.0024183159553352995,0.0021746282017966628,0.002157565453440206,0.002142064712926145,0.0020900387727139863,0.0020776298149500438,0.002056017617656039,0.0021606512198102164,0.002361136006594242,0.0025167899314623788,0.002397549943008366,0.002180633383808196,0.0021582299526735974,0.002173521078221585,0.0022312856605727423,0.0020586129665245458,0.001967809116473522,0.002167555912273914,0.002546132020925498,0.002405247064153441,0.0022835068278066507,0.002220580828616354,0.002196863518604168,0.002141850284985214,0.002003171883539764,0.0019077152970114549,0.002057871166557174,0.0021054435899661252,0.002598834111680015,0.0024113954516835367,0.0022436166156850497,0.0021874993888439556,0.0021372502957128356,0.002161278690260158,0.002036479616371505,0.002113454262109266,0.0020189551146926055,0.0022386956100323187,0.0024711984609636067,0.002283358367319105,0.002163067873858288,0.002180036570629451,0.0020712478429520263,0.0020499655734510062,0.0019546606548129083,0.002153231437813284,0.0020321374942396824,0.00210471159815836,0.0023373762605626053,0.002131904997686411,0.0020803413139377554,0.0021326301313750345,0.002178572610690135,0.002203689837958042,0.0021885059992074684,0.0020507705944813126,0.0020122870981422805,0.002202753221214975,0.002447380366379211,0.002019590948916496,0.0020716818392453873,0.0020421389965435605,0.00213123168550428,0.0019905636623910403,0.0021455328972107366,0.002036163429141273,0.0019806038088017175,0.002105283170806898,0.002324521421114281,0.002002812210864119,0.001879026474463858,0.0019710245846589042,0.0020137584552873435,0.0019468100645383898,0.0018960877121067992,0.0024402383487785667,0.001864798191371203,0.0017932546782503328,0.002260914401644206,0.0015124902051868209,0.0016141600639498518,0.0017047070071799562,0.0016570713245456828,0.0015922924042953105,0.0017220942985753526,0.001738119488447202,0.0016848897088895009,0.0018884132157591892,0.0021955799498935896
ME9 BM8,0.0021492244806952145,0.0020615741221296792,0.00225471951162326,0.002013920399964626,0.0020033353591240853,0.0019623486651338105,0.0018676815482341989,0.0018946152615874979,0.0018826303309068479,0.00212709750177591,0.002435441916897372,0.0023527371236499845,0.0020739025080451206,0.002093419378144907,0.0020897470230500387,0.0020643370374213155,0.0020841139652568786,0.00208632344497856,0.002158391549778384,0.002396382581347912,0.00241265392738327,0.0022259454925117935,0.0021062437438685235,0.0020644093367800966,0.002087970661515902,0.0021877413886548743,0.002082314451325711,0.002010531775665425,0.002226294495314656,0.0025802470247613916,0.0021835579600575712,0.0022162512626206885,0.002175293532777404,0.002062895097760135,0.002093655895011,0.0019445856122708239,0.0019486014614809779,0.002116074911881153,0.0021041952508403347,0.0026489742154248456,0.0023237193841508822,0.00210019271535026,0.0020698047767501804,0.0020184115170046413,0.002078184967554433,0.0019527432960492958,0.002137247186444043,0.0020681718731624435,0.0022866466379909494,0.002491849272328934,0.002128305918342058,0.0019997210698498888,0.002064277571872875,0.001978719466174251,0.0019974860695454576,0.001965288849489166,0.0021049031107397607,0.002098464828868923,0.0022336562379633705,0.00232537796320526,0.0019882035631009647,0.001956100938282665,0.0020657008420988305,0.0020346370453409,0.0020883338088229218,0.002133817461959918,0.0020597943162653435,0.002092721071678792,0.002203968435947915,0.002577957175528432,0.0018584582755236212,0.0019241674747851906,0.00187228540752409,0.0020319231951831875,0.0018882293193178408,0.0020584042801329526,0.0020181165969283352,0.002032008105478341,0.0021607353886169845,0.0024738382319553043,0.001859937265385757,0.0017622760876595546,0.0018505371820342488,0.001954535179766374,0.001821161844013418,0.0018169167609213765,0.001864798191371203,0.0022858534342206148,0.0018433274850689356,0.0023396181285712473,0.0014326916314335995,0.0015134468998093844,0.0015823357456350032,0.001552849206788283,0.0015648638686593258,0.0016552316758288333,0.0017722750426571263,0.001749791570261041,0.0019637797030636274,0.0021875236303829284
ME9 BM9,0.0022835327609619055,0.002140899280201317,0.0022877850299071645,0.0020824062942019087,0.002035358151123333,0.0019729975762799133,0.001882380511159177,0.0019019325284648126,0.0018715666132922435,0.0021234961062032336,0.0025615317503026014,0.0023816929819444666,0.002134225832434533,0.002087594555829109,0.002120430880014353,0.002031026441910626,0.0020450386941739036,0.0020487378251453454,0.002153068350660688,0.0025761967110725513,0.0024216248860814546,0.002268999318214166,0.0021267832982670098,0.002043533494392313,0.0020168946546259585,0.0022257307619429245,0.002035982988034978,0.001937182664504106,0.002259524018288795,0.0026130924891109384,0.002292194927659916,0.002220717524765696,0.0021405711755231598,0.002047099499879961,0.0020714815987886905,0.0018964126458460764,0.0019020268879251549,0.002076736339349215,0.002110334993713156,0.0024668469986015473,0.0023505648780733665,0.002117742708742246,0.0020793785699392865,0.0019360110712102478,0.0020336550597464666,0.0019524171313743527,0.0020795070963709043,0.0020431322673926146,0.0022892803497389725,0.0025787776877078086,0.0021553640068843398,0.0020073490605397835,0.002068284332533425,0.001992309659132534,0.0019416259774354832,0.0019214821552013376,0.002112141806151691,0.0020297139860769513,0.002275677148547799,0.0025035767540003964,0.0020475878050255037,0.001984104213805793,0.002041396735616015,0.002035055411117601,0.0020155989472933782,0.0021118053612009515,0.0019994400908883085,0.0020750861021378705,0.002132730943111659,0.002486155901511089,0.0019460522979410375,0.001962004580354695,0.0018661450225812464,0.0019744226827263294,0.0018942149332578696,0.0020056684445958163,0.001957544198928271,0.002003356197903422,0.0021918196547966833,0.0025119649829265416,0.0018299444526822001,0.0017945779246647628,0.0018496163459227875,0.001935199919232959,0.001837710045969617,0.0017948745244267077,0.0017932546782503328,0.0018433274850689356,0.0027460256714637505,0.0024155820970808077,0.001440905004220608,0.0015798564862083918,0.00158664801920339,0.0015406611985878944,0.0015183398290056695,0.0016120268053424495,0.0016635979587215142,0.0017696412657241625,0.0019848437412336994,0.00238006262697192
ME9 BM10,0.0029703145903478656,0.0026857032706877147,0.00300845971983753,0.0027412377956496287,0.0026820035364960113,0.0025073305032576438,0.002438205369461917,0.002495280861846317,0.002457392764795544,0.0028480505008566023,0.003272649817250019,0.00301323162187129,0.0027206991744972405,0.0027690569953473174,0.00268044302788288,0.0026239744194546987,0.00273749278829364,0.002753077794501148,0.0028195840342341077,0.00311831610636735,0.0031452016552900365,0.0028408738263485953,0.0026755796544651843,0.002627789272331313,0.00270192493507574,0.002831510560187935,0.002640175509108719,0.002538796667876705,0.002881249315134665,0.003563771859946115,0.0027915957177689866,0.002760722076915371,0.002649738589045968,0.002540991181392648,0.0026513561614834513,0.002357333001111095,0.002335097166869392,0.002653279776831395,0.002742877987419266,0.0037345862705174507,0.0028241065997614894,0.0027245322349091898,0.002587363771348655,0.002577640074986735,0.0026435881333386735,0.002420482893608623,0.002737791934001849,0.0026715189008156034,0.002921467952779504,0.0032005896959013324,0.00257711023926226,0.0024297532661638516,0.002485406455985867,0.002442252613001867,0.002425313285280866,0.00238315859429619,0.0027146724318192353,0.002561166222975414,0.0029603578255705046,0.003192046731075977,0.002414858602982468,0.0024291437613500264,0.0025676893611036064,0.0025504763792818974,0.0026016701899186437,0.0027100748919022494,0.0024905238563110456,0.0026029598374397575,0.0027601458390744357,0.0032287633393208027,0.002322456919290903,0.0023673533269023724,0.0023079081645827598,0.0024385687049421926,0.00230429637871324,0.002596652855037167,0.002428660260162807,0.002414860711708975,0.002800767768057126,0.003297842874458392,0.0021870052862626743,0.0021237149800603515,0.002274354598715586,0.0024679280009706705,0.002204483795920728,0.00224124857676712,0.002260914401644206,0.0023396181285712473,0.0024155820970808077,0.004958727042235104,0.0016669264853385968,0.001840407177165041,0.0019079839832034484,0.0019449573373322762,0.0018697654422462724,0.0020582760122517365,0.002190010770558255,0.002177702705912505,0.0026126844053840853,0.003157880665242889
BIG LoBM,0.002218527911080582,0.0021548507468239298,0.002185954687966428,0.001898422366344379,0.001864276724410424,0.0017033711312559165,0.0015274469607256735,0.0015444038233050211,0.0014725913039192694,0.0015230417035267242,0.0026101570980700648,0.002460414541221766,0.0021061612323577733,0.0018967977368956267,0.0019246100921311907,0.0017628287643526887,0.001724610864577066,0.001643224524728779,0.0016806874049375851,0.0017700665176328492,0.0026848882028112186,0.002299603460629662,0.002092344992202612,0.001971400513837034,0.001879519800857306,0.0018425643072547179,0.0016276977523781999,0.001521194236154281,0.0016381957004947122,0.00182495949687797,0.002554445733131612,0.0023095465276337115,0.0020723581958426657,0.0019623790234063695,0.0018963179491394947,0.001695339709504534,0.0016224166774814687,0.001612743186266423,0.001597675663532248,0.0019360288680990443,0.0025778799257023034,0.0022349186589933267,0.002041852002570497,0.0019166127447027073,0.0018454814783774645,0.0016705539735951637,0.0016727829755101595,0.0015932692690790425,0.001725337414447577,0.0018195032422126322,0.0025582251546575987,0.002156655866751432,0.0020149341675296728,0.001853596888569611,0.001721490180536956,0.001611552864006663,0.0016619983786331123,0.0015432201899051225,0.0015551642896682266,0.0017217918118768174,0.0024316683970835064,0.0020562402067269146,0.0019955006096715345,0.001995254576972334,0.0018356220258407057,0.0017748820686811029,0.0015584762890883436,0.0016573257750102353,0.0016144314023598795,0.0017106034413686625,0.0023526599099407642,0.002074074863457588,0.0019093721314664568,0.0018694640466706874,0.00170744822559785,0.0017001350666789904,0.0015904934965711938,0.0015051089188803464,0.0014872353750775354,0.0017646117789613975,0.0024216100887005233,0.002066798149933124,0.0018434213828570213,0.0018457997245217319,0.00162483935257875,0.001565517219918925,0.0015124902051868209,0.0014326916314335995,0.001440905004220608,0.0016669264853385968,0.0024116880216855942,0.0019420845357278449,0.0017679720064311287,0.0016153883925723756,0.001501224776498714,0.0015137005209748008,0.0014380246118164736,0.001425505012179298,0.0015238534448362517,0.0015919078176686741
ME10 BM2,0.002162491553936834,0.0020741999114553176,0.0021240015685119445,0.0018637153414519303,0.0018419497528931483,0.0017477597975074659,0.0015974668805861646,0.0015887037382619333,0.0015451445352066377,0.0016286411033196455,0.002501006477207628,0.002379512045241317,0.00207401763900393,0.001944768728893698,0.001925062320233074,0.0017974843539128402,0.0017788707028024678,0.0017232750361847943,0.0017489641893693112,0.0018475089125035132,0.002537422200550856,0.002245737054362438,0.002077856774958035,0.001971799085587923,0.0019258543528497631,0.0019142347472196734,0.0016823102551520254,0.0015853175998737765,0.0017328334801466412,0.001981064884318352,0.002390300565109112,0.002259228968813061,0.002068893948508957,0.001995135116537797,0.0018887892721157476,0.0017180455698357683,0.0016333785186881092,0.001701431138248982,0.0017169352230382714,0.0020426787819943443,0.002445962353154677,0.0021668103630822807,0.0020228005418176254,0.0019458579797641672,0.0018764042202022285,0.0017222096424008761,0.001757918740443491,0.0016584203667202992,0.0018091071703959453,0.001970197299870376,0.0024138086851132876,0.002082417114721221,0.0020476868782689584,0.0018797200996064516,0.0017974581664698813,0.0016685744521707003,0.0017520709477451596,0.0016099529096463765,0.0016569228633927877,0.0019017152087583145,0.0022736278933147462,0.00206789199675196,0.001976183725374087,0.0020342872406231374,0.0018857942139928752,0.0018501581128745556,0.0016678159905211575,0.0016890057941249888,0.0017215445873802703,0.0018363829799691066,0.0022082422754601374,0.0020506457036284335,0.001957668558869667,0.0019130817087527278,0.0017803699040861544,0.001803141894665253,0.001645696023707457,0.0016037446922450497,0.0016089038863492968,0.0018822223108089372,0.0022155477614544616,0.0019927480201582005,0.0018682721336943002,0.0018751697196075746,0.001691236722775779,0.0016334968279038884,0.0016141600639498518,0.0015134468998093844,0.0015798564862083918,0.001840407177165041,0.0019420845357278449,0.0021062668116162628,0.0017419181240830239,0.001692249778440517,0.001550551458880705,0.0015693956156004926,0.0015027606706305694,0.001471779200524581,0.0016607073630708186,0.0018039356576433406
ME10 BM3,0.0021019864391832697,0.002007054733732272,0.0021283405731883907,0.0018999143442792043,0.0018520897433321867,0.0017619605293737216,0.0016405708512633509,0.0016713471973993162,0.0016250272016288946,0.001705563106848328,0.0024570146701152614,0.0023033689681502545,0.0020501752447274982,0.0019408798686003275,0.0019580242943968776,0.0018389635441060385,0.0017906348458241995,0.0017413247758796583,0.0018427757511283907,0.001964601674963009,0.0025224854248689257,0.0023100089640447834,0.0021325203153779865,0.0019920007793925395,0.0019126447874942868,0.0019238109416098597,0.0017625537325133202,0.0016659041456440695,0.0018218773985715243,0.0020457717582455814,0.002369449388451166,0.0022317984173233713,0.0020356883971797126,0.0019951184598558675,0.0018986690763263504,0.001759307729632983,0.0017125786641786034,0.0017564722547234889,0.0018370025562553355,0.0021586502409489746,0.0024465003823904187,0.002165740629028562,0.002046828510678837,0.0019479041936798385,0.0018964381209547,0.0017570062772965863,0.0018080228428772758,0.0017340366708256216,0.0018571445829111844,0.0020726330799237308,0.002321241002455424,0.0020828650816062146,0.0020655373164783215,0.0018920689115928281,0.0018201302454212086,0.0016762144371356587,0.0017746537563686695,0.001698756425987723,0.0017281795676927657,0.0018418414018994485,0.002214033410236866,0.0020294114155718227,0.001993889094629162,0.00204015766188305,0.0019764811041371767,0.0018988361397065609,0.0017502707177567015,0.0017576480925318198,0.0018031081243608522,0.0019301756891074377,0.0021638475748526173,0.002016591498331969,0.0019065917230520868,0.001960430357384418,0.0017692920582056196,0.0018285790808269514,0.001697075903317835,0.0016667051467995084,0.0017391318800331443,0.0019681651429809027,0.002155790791377012,0.0019219017217917572,0.0018679407592808728,0.0019095382446593446,0.0017612466740226829,0.0016879099008802714,0.0017047070071799562,0.0015823357456350032,0.00158664801920339,0.0019079839832034484,0.0017679720064311287,0.0017419181240830239,0.00210266044849563,0.0016995587330910944,0.0015974257687458142,0.0015971776201996754,0.0015612192779020193,0.0015231808992772061,0.0016156710302613364,0.001758429879595824
ME10 BM4,0.002143487890125616,0.002012000085976954,0.002079961569198103,0.001904792121396189,0.0018406624814917341,0.0017299950024060704,0.001652677872169234,0.0016217160159649679,0.001609460536332141,0.0016928583752214407,0.002399363254168494,0.0022738626893014455,0.0020321901024015977,0.0019469385267851553,0.001934499186773336,0.0018602701140342393,0.0017993928060319765,0.001802401552872477,0.001811909181119413,0.0019346893727067562,0.0024788554559101762,0.0022413063038758756,0.0020602467884529613,0.0020037267028068045,0.0019749458093283995,0.0019536865126930083,0.0017886713062305925,0.0017085320291061964,0.0018201982637005025,0.002079232102381608,0.002257655351673402,0.002184404087229592,0.0020352552334422774,0.001967949468773982,0.0018897054015193661,0.0017671794622932755,0.0017584102435545003,0.0017555147265848627,0.0017910133579671676,0.0021566573025427025,0.0023256235896871613,0.002090818995068935,0.002072605382470025,0.0019606775451446036,0.0018955000659506888,0.0018077258058922488,0.0018711643536803869,0.0017253771585449742,0.0018605407077327293,0.0020271781922481654,0.0022136034711074813,0.0020220392863270864,0.001989365303550123,0.0018904270067113102,0.0018822035280628175,0.0016724616446825863,0.001837748654635245,0.001723757231671256,0.0017547429928817019,0.0018812353463304842,0.0020749112540747613,0.0020111057516952373,0.001975677067645698,0.002065064748965772,0.001955886623851497,0.0019359552805136844,0.0017726316437194293,0.001700843335039252,0.0018435961073573856,0.0019018343005632668,0.0020522565931030477,0.001978430892495874,0.001982951587031112,0.00200538057735653,0.0017659339748950528,0.0018707065299383798,0.001689540731412845,0.001632117969525326,0.0017082956283067834,0.0020050470701291068,0.0020112394352889084,0.001892256976481531,0.0018801439510167603,0.0019002354927544504,0.0017398009473711643,0.001667645442145418,0.0016570713245456828,0.001552849206788283,0.0015406611985878944,0.0019449573373322762,0.0016153883925723756,0.001692249778440517,0.0016995587330910944,0.00224383043263093,0.0017022823026180268,0.0017680179264221727,0.001659738680270095,0.0015572762252601521,0.001822950233197052,0.00196550770381067
ME10 BM5,0.001900296874011999,0.001774792000757139,0.001845329876310848,0.001679931319415159,0.0016313544054537923,0.0015821552153684926,0.001500485546738243,0.0015027849357893257,0.001453830303692959,0.001555611985432168,0.002167857813418613,0.0020787715892075583,0.0018535943112503546,0.0017392316703678087,0.0017603654210429634,0.001717470730949328,0.001645509245395148,0.0016564384787272892,0.0016607348732158313,0.0018046394870685405,0.0021589796483790715,0.0019929512119015486,0.001812073815920322,0.001782254615572432,0.0017618330404143177,0.001748490255537018,0.0016514514845366777,0.001555807810230857,0.0016865244399345103,0.0018995443604741414,0.0020260232553790066,0.0019751982312074716,0.001821604110851128,0.0017706091922969824,0.0016996444369258706,0.001607643950235669,0.0016179042068570411,0.0016283659348133462,0.001683375252407352,0.0019556274656460713,0.0020356903263253645,0.001865282008677547,0.0018202461813677435,0.0017652529282376134,0.0017317306084656092,0.0016183307123584939,0.001735821340693329,0.0016642814655522776,0.0017742780227919346,0.0019767975802358,0.0019359204237046565,0.0018543305064752402,0.0018661182137025246,0.0017282844181229018,0.0016870306079544183,0.0016189025034537678,0.0016993045698631322,0.0016682949834757046,0.0016521915653283097,0.0018262935146333321,0.0018919013007678643,0.00182738601949781,0.0018349922811964866,0.001899733209493494,0.001820134943935959,0.001797535684967259,0.0016771177927009605,0.0016559410254187764,0.0017143634025781017,0.0019469697276350167,0.0018150371707520816,0.0018042726615484302,0.0018592143423505976,0.0018715368306903009,0.0016845517752932125,0.0017455624700862694,0.0016470242215509006,0.0015922177546702449,0.0016836627224094262,0.0018913285434502556,0.0018462298336956143,0.0017548690579900531,0.001704757629624896,0.0018083607209930701,0.001643155414410101,0.001605576955789453,0.0015922924042953105,0.0015648638686593258,0.0015183398290056695,0.0018697654422462724,0.001501224776498714,0.001550551458880705,0.0015974257687458142,0.0017022823026180268,0.0020599350170277526,0.0016866660707026426,0.0016446416380408641,0.0015460122171010037,0.001723423964618906,0.0018177754536052209
ME10 BM6,0.002033962726417938,0.0019356187293645666,0.002027573039653474,0.0018582539782473315,0.0018565346244857972,0.0017645822086400237,0.001654830364892093,0.0016926441922035563,0.0016258789613959352,0.001749055910155278,0.0022722891986344824,0.0022543188291971987,0.00196293396445144,0.0019274349415179595,0.0018980330612499384,0.0018870044298562047,0.001833717482478435,0.0018748742918029983,0.0018644386399060528,0.0019530591160274533,0.0022751432996497164,0.0021065005276519684,0.001994933503918251,0.0019328675545084817,0.001971329293942619,0.0019867176298150307,0.0018274677641373295,0.0017464362706915047,0.0018776370609921449,0.0021530539111097617,0.002154763471721189,0.002073605589405636,0.0020109016790007856,0.002014588881110536,0.0018596182931308717,0.00178843767955078,0.001776707534561849,0.0018384454750293338,0.001877842395254462,0.002179300519218495,0.0021954578758365535,0.0020009468420650518,0.0019910125316062216,0.0019421796816467029,0.0018878748598284592,0.0018014014632096083,0.0018952955259755938,0.0017366001577038101,0.001975241932567838,0.0021682008404339545,0.0020378797744687142,0.00191568485469041,0.0019466585955774936,0.0018760205720142094,0.0018508320677798227,0.0017432158672609501,0.0019147489012749388,0.0018097159813056484,0.0018523382607462022,0.002002628333212267,0.0018991612263707259,0.0018990896508347158,0.0018888891021497888,0.0019505257886344254,0.001956546543000108,0.00197170604589613,0.0018385015296222792,0.0017958039488038125,0.0019067587690225713,0.0020772173075808906,0.0018883139699938957,0.0018441262461296939,0.0019152015652629897,0.001981438216609946,0.0018098186476828467,0.001897403141459163,0.001800279663262176,0.0016771017324602574,0.001771446948513539,0.002050797189070016,0.0018818598532510849,0.0018013966351422852,0.0017616265141699014,0.0018511682373460036,0.0017035180761863628,0.0017040889309432026,0.0017220942985753526,0.0016552316758288333,0.0016120268053424495,0.0020582760122517365,0.0015137005209748008,0.0015693956156004926,0.0015971776201996754,0.0017680179264221727,0.0016866660707026426,0.0022936024438212567,0.0017134557454786996,0.0016569860495912342,0.0019026828895911442,0.0020464887850471184
ME10 BM7,0.002029001027325141,0.0019230131648694858,0.002074068930482011,0.0018874713089039965,0.0018414688696514287,0.0018245155540391135,0.0017109166730027924,0.0017558067698217597,0.001761621506286567,0.001898416408536824,0.0022764219570382757,0.002195225456851528,0.001979103500845117,0.0019954238412193573,0.0019520316353066787,0.0019292468800179512,0.0019305509308034797,0.0019063214375392625,0.0020139554501677607,0.0022797358338586355,0.0022230182740822424,0.0020983787348151876,0.0019728109286126427,0.0018664686281354354,0.001936838447358232,0.0019845025140314307,0.0018873777871338906,0.001876387310303086,0.0019732330276802366,0.0023457423371266773,0.002032604628050001,0.0020542040980070634,0.0019325053225630324,0.0019145292315505256,0.001853579610328772,0.0017534055483647965,0.0017928172562785274,0.0018562018062040417,0.001988184061461259,0.002403178602275375,0.002076327627139494,0.0019421964049348014,0.0019178575224930857,0.0018813988378520764,0.001881899491950558,0.0018428911666986507,0.001979031115791949,0.00186194066684231,0.0021020447669154534,0.002272559679998307,0.0019425757307617018,0.0019078262441102648,0.0018994888840483607,0.0017815909192274314,0.0018284847154379186,0.0017249255151372917,0.0019138399765024,0.0019386298463624923,0.0019556176676377712,0.0020429252269409163,0.0018892744137959429,0.0018970771337762018,0.0018629319956778082,0.001903805142042844,0.0019044349484077763,0.002004940650661434,0.0018489944824263515,0.0018535223230151238,0.0020529895233121747,0.002266926481530997,0.0017254450217256915,0.0017953796694422433,0.0018253819120584158,0.001914265444295195,0.0017947729854787375,0.0019213045556493783,0.0018343550289650187,0.0018363735908795123,0.00200378288755178,0.0023275426466637765,0.0018005832025741577,0.0016284312112367385,0.0017404093115638813,0.0018402329023740201,0.0016923588108534837,0.0016923152110164192,0.001738119488447202,0.0017722750426571263,0.0016635979587215142,0.002190010770558255,0.0014380246118164736,0.0015027606706305694,0.0015612192779020193,0.001659738680270095,0.0016446416380408641,0.0017134557454786996,0.0023899591471870946,0.001798788317605735,0.002009509681792496,0.0023607398658418285
ME10 BM8,0.0019415190206711979,0.0018735514741445426,0.0020245498002346993,0.001807228484191946,0.0017995404337347056,0.0017497538383006825,0.001715744423211583,0.0017188118171889955,0.0017185854780195043,0.0019105253924689102,0.0022085804974844945,0.0021449127203709453,0.0019424661120922505,0.001925104296080204,0.0019102213592901802,0.0018406866295078205,0.0019183566095819745,0.0019422935305736476,0.002000896311439721,0.002181454800997311,0.002155110943315367,0.0020141026188147384,0.0019485090916064923,0.0018763307904202796,0.0018890740312035395,0.0019689267864539083,0.0018445105402579423,0.0018332782467232473,0.002002501693911132,0.002338072284234481,0.002003257059203528,0.0018956796867169127,0.0019548783943960195,0.0018688618410243225,0.001845638856435907,0.0018091756519300626,0.0017901274519693785,0.0018709414935530585,0.0019597976288931772,0.0024180961164481014,0.002036154578559167,0.001876229193455439,0.0019335650619982136,0.0018857096623318456,0.001913461454966672,0.0017969105744223847,0.0018955733964558029,0.0018595906794703855,0.0020924432951925746,0.002267846170720907,0.0018203910579968389,0.0018284319260691178,0.0018701412842395864,0.0017539808067577188,0.0018466332549482065,0.0017673979086009059,0.0019004030586924083,0.0018589337430891242,0.0020145824564730707,0.002156960229307099,0.0017330601331374033,0.001820203681252752,0.0018719793893011405,0.0019179865194182207,0.00194845101866059,0.001934936246469749,0.0018462275056871824,0.001868539450668849,0.002006321524316084,0.0021786501255975357,0.0016780608190472945,0.0017685282268950484,0.0017827969535906636,0.001885829360145713,0.0017668210082852807,0.001830089356978008,0.0018054964330439698,0.0017788728870239308,0.002014824060818822,0.002362687265872274,0.0016857271562457162,0.0016434824127253146,0.001679512509499864,0.0017669930901281167,0.0017169738211749214,0.001671252253643827,0.0016848897088895009,0.001749791570261041,0.0017696412657241625,0.002177702705912505,0.001425505012179298,0.001471779200524581,0.0015231808992772061,0.0015572762252601521,0.0015460122171010037,0.0016569860495912342,0.001798788317605735,0.0023218699030141407,0.0019909316267058856,0.00234707074492522
ME10 BM9,0.00240721152511522,0.0023209993314983637,0.002497105018358178,0.0022534716964873877,0.0021841923683893765,0.0021325288870469267,0.002059415491544995,0.002109477209521502,0.0020256042941028895,0.002291128941203412,0.0027040410343296055,0.0026523663224093316,0.002291308393820344,0.002360488862574315,0.0023299823304702323,0.002282109725328752,0.0022814101792706675,0.002311361984578589,0.002351909380177294,0.0025406295475007097,0.0026394481981328833,0.0024146853494866347,0.002345766788042043,0.0021972169160585525,0.002325196145326093,0.002351657543571046,0.0022130360636825647,0.00215768504565345,0.0024002778264163595,0.002802822655056389,0.002432739416322207,0.0024454883247829514,0.0023027257222680243,0.0022132360112728086,0.002213137718377536,0.0020891238577849065,0.002100843392212311,0.0022391443817654086,0.0023293606898174344,0.002815229561487694,0.0024966854522506816,0.002333494825127609,0.0022512594453028157,0.002222884967243864,0.002266316521345844,0.002113616460239388,0.0022206579694502445,0.0021527752506335196,0.0024872994524993085,0.0026364570814883517,0.002220928992282179,0.002151433764192222,0.002143796299466948,0.0020800093041002496,0.002142495136354928,0.002056169580639214,0.0022627296897412114,0.0022787367682753066,0.0023866054054399698,0.0026238712927246477,0.0020656747746095536,0.002098442159403213,0.0021973828190836563,0.0021967914922241647,0.002207523679676887,0.0022956702508721174,0.002083652057514821,0.0022068466879301154,0.002379096060198967,0.0026639351459593077,0.0019424882097573094,0.002046541363984828,0.0020781559572847106,0.0021412890659904286,0.002035461127583318,0.002132942659998477,0.0020194498082037066,0.0021410803589541087,0.0023129091836293367,0.0028425389577880714,0.0019020272969077594,0.0018916302817335881,0.0019880979573300567,0.002041543108940402,0.001930940078419841,0.0018364142075983237,0.0018884132157591892,0.0019637797030636274,0.0019848437412336994,0.0026126844053840853,0.0015238534448362517,0.0016607073630708186,0.0016156710302613364,0.001822950233197052,0.001723423964618906,0.0019026828895911442,0.002009509681792496,0.0019909316267058856,0.003206240781695226,0.0029907646996494477
BIG HiBM,0.002678434498751185,0.002481875456120352,0.00283409711828184,0.002721987237177311,0.0026708780430587885,0.002644126999622617,0.002534906278318153,0.0025382098808617534,0.002550993071477743,0.0029197768282479275,0.0030123617061865544,0.002969157266989536,0.002681753101201836,0.0027220534778221468,0.002728492214137727,0.0027347102080090024,0.0027425776111505346,0.0027951936994785615,0.00287359562577652,0.0032181587326165677,0.0027063713809560306,0.002653656971131197,0.0025791874644636743,0.0026079045602745007,0.002642548544174483,0.002765059695520546,0.002650439013676458,0.0027179903708818448,0.002983496047034805,0.0034581280969293027,0.002529403998740408,0.002682223613380016,0.0026694948146337477,0.002527540921901925,0.002705107972372939,0.002473273070455526,0.002377392218839187,0.0026309333210677204,0.0028724012773440667,0.0035151258213278313,0.002712812123294541,0.0024596182266730204,0.0025514570617203294,0.0025535632918647156,0.0026277006387727194,0.002519251680394445,0.002691460517018671,0.002584679547125129,0.0030138295947819958,0.0031185289387319196,0.0022640800686200414,0.0023010585498256346,0.00243446893805944,0.0023637026358011163,0.0024545802113682177,0.0023112166327093164,0.0026698682015979702,0.0025953440064771325,0.0027814015304540424,0.003155559597285485,0.0021391966024386514,0.0023217088606558006,0.0025306763878656237,0.0024451818905964974,0.0024801259762968018,0.002673384466956186,0.00241796983072803,0.00257325813557245,0.0029781875963807492,0.003364994396114255,0.001935995960665413,0.0023637253598001173,0.0022265025859587923,0.0024678368209891575,0.002347999085536126,0.0024966409608195217,0.002370262167471247,0.0024304441783719976,0.002871213381751313,0.0034444758425355273,0.0019514698456021742,0.001909467044021495,0.002182847257795443,0.002295491648693614,0.0022197627759499862,0.0020581113763206305,0.0021955799498935896,0.0021875236303829284,0.00238006262697192,0.003157880665242889,0.0015919078176686741,0.0018039356576433406,0.001758429879595824,0.00196550770381067,0.0018177754536052209,0.0020464887850471184,0.0023607398658418285,0.00234707074492522,0.0029907646996494477,0.005594868030388527
