,SMALL LoOP,ME1 OP2,ME1 OP3,ME1 OP4,ME1 OP5,ME1 OP6,ME1 OP7,ME1 OP8,ME1 OP9,SMALL HiOP,ME2 OP1,ME2 OP2,ME2 OP3,ME2 OP4,ME2 OP5,ME2 OP6,ME2 OP7,ME2 OP8,ME2 OP9,ME2 OP10,ME3 OP1,ME3 OP2,ME3 OP3,ME3 OP4,ME3 OP5,ME3 OP6,ME3 OP7,ME3 OP8,ME3 OP9,ME3 OP10,ME4 OP1,ME4 OP2,ME4 OP3,ME4 OP4,ME4 OP5,ME4 OP6,ME4 OP7,ME4 OP8,ME4 OP9,ME4 OP10,ME5 OP1,ME5 OP2,ME5 OP3,ME5 OP4,ME5 OP5,ME5 OP6,ME5 OP7,ME5 OP8,ME5 OP9,ME5 OP10,ME6 OP1,ME6 OP2,ME6 OP3,ME6 OP4,ME6 OP5,ME6 OP6,ME6 OP7,ME6 OP8,ME6 OP9,ME6 OP10,ME7 OP1,ME7 OP2,ME7 OP3,ME7 OP4,ME7 OP5,ME7 OP6,ME7 OP7,ME7 OP8,ME7 OP9,ME7 OP10,ME8 OP1,ME8 OP2,ME8 OP3,ME8 OP4,ME8 OP5,ME8 OP6,ME8 OP7,ME8 OP8,ME8 OP9,ME8 OP10,ME9 OP1,ME9 OP2,ME9 OP3,ME9 OP4,ME9 OP5,ME9 OP6,ME9 OP7,ME9 OP8,ME9 OP9,ME9 OP10,BIG LoOP,ME10 OP2,ME10 OP3,ME10 OP4,ME10 OP5,ME10 OP6,ME10 OP7,ME10 OP8,ME10 OP9,BIG HiOP
SMALL LoOP,0.00642258017707877,0.004120986032398429,0.0038943895585604967,0.0036452691085278152,0.0034697859560062203,0.0035940507642564525,0.0037785128980863496,0.004041292926561998,0.004140522124026959,0.004760942886137176,0.006264548768907764,0.004260935921496597,0.003991340764592281,0.0038996781075132585,0.0035774783155259155,0.003661741995976988,0.004292414175464668,0.0037424263740896474,0.004276980114925869,0.004954205876151189,0.0058774319505143086,0.004353195089328955,0.003763688719720933,0.0037724340755753206,0.0032968190621975864,0.0034424091205088746,0.0036340357957247143,0.0035931112554345394,0.003979845871521173,0.004612903148484423,0.0056182754290720624,0.003984351464902585,0.0036205514415036757,0.0036212775954069286,0.003376226806272761,0.0033610119738113724,0.0033217401570710845,0.0037285445048210186,0.003490638724509023,0.003913857278244277,0.0053777556104398615,0.0040604934202617985,0.0033643148406826548,0.00311338241223747,0.0031672964315326807,0.0033809211809668212,0.003163243439052228,0.003339745443724755,0.003372494555236783,0.003811875254608421,0.005048512698680299,0.003407909034160288,0.0031944625927085696,0.0031099720464293347,0.0028751998081831555,0.0029327614474343056,0.003131482623606726,0.0031411862393364515,0.003121355094898471,0.00364791637643817,0.0048502845324685274,0.0033444147025601403,0.003528076413065693,0.003126297160270255,0.0027154828085999842,0.00295385394608856,0.0029466378439305676,0.002821559871103993,0.003069784076371283,0.0031738045462103457,0.004316220068477073,0.0032823118945907136,0.0031000797357105983,0.0027560731498803654,0.0026293195668857976,0.0027420595972245665,0.00262581338158973,0.002767571625481666,0.0032780079619208345,0.0030137079509821693,0.004022953562316846,0.0030450095909353076,0.0027584009562348594,0.0027118274751347948,0.002422389032406303,0.0024316750924876797,0.0025283647656882714,0.0024538185921638618,0.002556132038609737,0.0024929701978535527,0.0028085336764653366,0.002645461123406073,0.00252967207810395,0.0022497716872980486,0.0023011979238389576,0.0020949564783507547,0.002248274733066864,0.002015366443084091,0.0019922057050922363,0.0019528294121644476
ME1 OP2,0.004120986032398429,0.0033558120973825587,0.0031128794317522544,0.0029337145266686592,0.0028780880451483594,0.0029713437989418623,0.003099676070375738,0.0033038684365828807,0.00337776280936252,0.0036850140736060318,0.004128358753505506,0.003344125082706002,0.003180185850138628,0.0031765390121391082,0.0029596663265142272,0.003006286210836228,0.0032505413595161205,0.00308086725033811,0.003530984281047195,0.0038096165168228007,0.0040023265608024414,0.003251956334327271,0.003022499736609936,0.0030668233787230006,0.002756802583250912,0.0028147835420552466,0.002993735522410501,0.0029773045791353222,0.003247951869072342,0.0037406468154663306,0.003811479478308726,0.003058353543038261,0.002918031815161516,0.0028984503305328683,0.002727681565542355,0.0026792065064940272,0.002726462180043253,0.002981526793024459,0.002968978056045747,0.0032212692646676417,0.0036644892834777195,0.0030586401875486555,0.002690063667041528,0.0025883978072264936,0.0025466702958061595,0.0027233143145912555,0.0025997434044650624,0.002808411353321911,0.0028390864413536023,0.003162754008848555,0.003317209303032305,0.0026725195309362875,0.0025249376162132745,0.0025092927556419997,0.002387529363973382,0.002475785455558281,0.00259043265006978,0.0026535829121194583,0.002585586508971818,0.002956116599616118,0.003175981436458104,0.002616255331074111,0.002639304841349237,0.002461642690426273,0.0022877595200742566,0.0025046976523690535,0.002472559434398298,0.0024137794214823486,0.002551731054960102,0.0026668347891497294,0.0028978780364878123,0.0024776402031042506,0.002388926758139033,0.0022166048025973038,0.002155576971630576,0.0021865294442919535,0.002213525832112659,0.002378235046637877,0.0024975461831761407,0.002434733153897984,0.0027350214859534457,0.0023527114132614224,0.0021812245173656727,0.0020200958312404445,0.0020211191692631214,0.001992440351970034,0.002061330717923357,0.002029125057301238,0.0021446814312366218,0.002127528283153635,0.0021443304522292934,0.002024802214995533,0.002054456454975915,0.0018389510594143772,0.0018341533973254807,0.0016977386007354183,0.0017750848086273948,0.0016160226236473297,0.0015738674280778278,0.0016009012723994104
ME1 OP3,0.0038943895585604967,0.0031128794317522544,0.0033397561773273465,0.002959863384999978,0.002940625202409038,0.003010934400405382,0.003094662562753926,0.003276652475144339,0.0033652333854462496,0.003643590070163026,0.00397525774848014,0.003319407812940653,0.003142064686254781,0.0032244940124600534,0.0030509912571905495,0.0030326297067341705,0.0032407974960233024,0.003129572515271697,0.003528843301506828,0.003779538977141327,0.003797433452310267,0.0031652687557258818,0.003017324303703852,0.00307251458464275,0.002812247260563209,0.0028728717269104983,0.003023694656857687,0.003000488998178689,0.00320582049270055,0.0037540534234361653,0.0036154593305123424,0.002999996639047839,0.0029341553297189695,0.002918887820463081,0.002734464146586472,0.0026663897441174403,0.0027626406348239658,0.0030349981942398717,0.0029488591752738894,0.003228568000030467,0.0035130486788676704,0.0030126165933413995,0.0027011537241284876,0.002603767933849273,0.002594346921056027,0.0027228381198703216,0.002623523722140307,0.002801139436188649,0.002846500716195603,0.0031773628500708735,0.0031954557666754512,0.002609404056414029,0.0025026909736452566,0.002517078602468865,0.0023996051848271384,0.0024895479068774654,0.0026189222967592297,0.0025987378413839172,0.0025952994376060804,0.0029294870817023677,0.00311744354476894,0.0025198879091856826,0.0026268029787825968,0.0024168709449148636,0.0022864166817307256,0.00251635478722467,0.0024537381518030606,0.00242977579544646,0.0025358617057595224,0.002670113600566991,0.0027222554483823723,0.0024833634894192488,0.0023799381995436033,0.0022333532914711614,0.002167129769015745,0.0021862819791909466,0.0021998062346775173,0.0023579325726217843,0.0024712269920126144,0.002405388862931716,0.0024263824215402393,0.0023275689988875702,0.002117562243672673,0.0020026825517342963,0.002027369703225819,0.0019962258285238883,0.0020734935469222974,0.001998549993614287,0.0021417229340182095,0.002093918424430984,0.0020320211409924414,0.0019129827612416688,0.002005431591270986,0.0018140205251266492,0.0018192280891668067,0.0016902684165508903,0.0017253368918528228,0.0015721499168714287,0.0015043452135686383,0.0016018095362736395
ME1 OP4,0.0036452691085278152,0.0029337145266686592,0.002959863384999978,0.003001493465988116,0.0027853944626747883,0.002846770299809313,0.002912356204760485,0.0030533113686766968,0.003193395089839071,0.003451826684458052,0.00375233736980618,0.0031150102180819484,0.003018876384663726,0.0030823196111488026,0.0028865642650337067,0.002874373837891157,0.003042715828947233,0.0029209271401190377,0.0033282020665009733,0.003537347012580376,0.0035964366763681266,0.0030219476329426042,0.0028713486090485617,0.002912222491272141,0.002635894580347829,0.0027278251342712496,0.0028685182333585252,0.0028383916959701275,0.0030583591608732644,0.0035164947190935774,0.003364194718609105,0.0028420382704379406,0.0027233456497287823,0.002729172121355754,0.0026235097309599796,0.0025403882524106538,0.0026108199831617975,0.0028420291344927627,0.002781002109279141,0.00304714421101166,0.0032604196438474438,0.002813848513337316,0.0025325451215847655,0.0024975134660791803,0.0024357774414813776,0.002573220348938885,0.0024630286661840267,0.0026497877402549192,0.0027196699470561953,0.0029560228968163807,0.0029712354332252946,0.0024138728355931976,0.0023818408225810407,0.002375812537806555,0.002313287058988691,0.002350068215561212,0.002461946247998418,0.0024538876651753363,0.002424645112698014,0.00278756412292057,0.002847255861004251,0.0023595216240976788,0.0024727099464486118,0.002325987977891228,0.0021448595381739974,0.0023610804361223923,0.0023050653565599094,0.002289056207829357,0.0024144767536170343,0.002498632118208392,0.0024961030642533908,0.002290068723352867,0.0022137280301572208,0.002093038014147864,0.0020095070073172334,0.0020921717087434145,0.002083413352685878,0.0021967605045549936,0.002342405921697712,0.0022584946344616306,0.002334573856237428,0.0021374841547708266,0.001980656902898083,0.001881176890962465,0.0019341509860355088,0.001868493319892117,0.0019284177828601495,0.0018786331953036365,0.0020014804397439612,0.001958688372265873,0.001922505286376778,0.0017905720640610438,0.0019066059651833007,0.001699455530384144,0.0016646780121307755,0.001618299323966058,0.0016261446129788991,0.0014991997707631923,0.0014006289335838967,0.001480225992320136
ME1 OP5,0.0034697859560062203,0.0028780880451483594,0.002940625202409038,0.0027853944626747883,0.003017693686882676,0.002867468202244702,0.002973872433762754,0.00306134084084413,0.0032070372079945728,0.003388342486326693,0.0035982891751180366,0.003101033192056617,0.0030042949717583914,0.0030768251350362773,0.0029218163330072835,0.002898986614490424,0.0032703836261734668,0.0029053587517235643,0.003374916152752016,0.003504550850088388,0.003500367810050837,0.002945418774750629,0.0028193560428897216,0.0028846549804660516,0.002686502837537072,0.002721253202664152,0.0028793780702780444,0.0028582972593004527,0.003017087164991571,0.0035307330503302,0.003249105023933501,0.0028472238870282073,0.0027339615350451523,0.0027444860193526622,0.0026154206498245104,0.0025447722610853927,0.0026130813837135993,0.002837661817318162,0.0027693814323542843,0.0030533399062770907,0.003135522475143594,0.0027772891902128785,0.0025308625202794975,0.00250849358967759,0.002414202489270837,0.002577840066759947,0.002492262936220047,0.002676358899580458,0.0027982910013349027,0.0029815158340174416,0.0028633206902956274,0.002391981615214501,0.002382393353677193,0.0023728093404434786,0.0022960710337390595,0.0023775631007265374,0.002494387403141467,0.002479145372577304,0.002486245914701619,0.002780197399281169,0.0027693653676544206,0.002373466923257322,0.0024064506239321708,0.002277285512620361,0.002165238670088317,0.0023857643822507674,0.002339765264457864,0.002306896285546495,0.0023987830430369224,0.0025098910930516235,0.0023949678370081885,0.002305854203551678,0.00220134305287761,0.002080508609497854,0.0020330972768935157,0.002083868464531002,0.002104203263390043,0.0022322728573710314,0.0023096139531985278,0.0022577455272337088,0.0022275287682279113,0.002106979398122625,0.0019957168581270475,0.0018352273226612118,0.0019482915347815962,0.0018976455464103465,0.0019479628510447344,0.0018812724268075693,0.0020116022301527405,0.0019808275990008304,0.0018811421144427785,0.00172635899061774,0.001885118218754077,0.0016614076215222442,0.0016865476234394813,0.001614961681278377,0.0016270533943253402,0.00148423657551281,0.0014000432170545576,0.001508194347320805
ME1 OP6,0.0035940507642564525,0.0029713437989418623,0.003010934400405382,0.002846770299809313,0.002867468202244702,0.0032170960320501187,0.0030716687133940583,0.0031779882274866377,0.003304243588793596,0.0035251292964323696,0.003724696432708054,0.0031829593865078097,0.0030410175159292386,0.003125676185271286,0.003004657297240347,0.0030009110673258794,0.0034017069595120705,0.0030139450543031797,0.0034828825726110715,0.003638867912357849,0.003648020487460717,0.00302821292410242,0.0029387630297909163,0.002985729555353596,0.0027513085331505663,0.0028177250041711145,0.0029588164373032908,0.002946010598682105,0.003165832830172374,0.003646893963803592,0.0034706497473683535,0.0029233078686197516,0.002832070024776361,0.0028228786598265302,0.0027208262271161176,0.002633102925704687,0.0026967290973990924,0.0029494536476077867,0.002897579558494118,0.00319045094736368,0.0032867088339206493,0.0028705198231047642,0.0025994859535232472,0.0025812040499230016,0.002535211632288145,0.0026402774802787733,0.0025684010084806013,0.002766025093869953,0.002835924216895478,0.0030999467190161905,0.0030206181671310565,0.0024805569113592763,0.0024633296275420494,0.002439656144537859,0.0023570671169685243,0.0024590965527516904,0.002596437294182976,0.002583322481795216,0.002550042542530376,0.0028891859556001345,0.002892646102701978,0.00244826452905496,0.00248419534934536,0.002319488328483747,0.0022528960914512826,0.002442004091557252,0.0024038990432444945,0.0023660441809047424,0.002500361263424255,0.0026106244656188544,0.002564768789104528,0.0023519407518834082,0.002251004745267812,0.002135585028196466,0.0021135470621191947,0.0021244202779818104,0.0021808523535213633,0.0023380656781995983,0.00236613474886813,0.0023582220822739365,0.002321612351071111,0.0021750988536854334,0.002050731912614573,0.0019324132280126884,0.0019897813764983433,0.0019532505055423906,0.002032648730068875,0.0019988439988925053,0.0020959912277911104,0.0020743899986557525,0.0018940957421157633,0.001835594506667016,0.0019777102801327973,0.0017926632766857948,0.0018013956075251488,0.0017006900846725976,0.0016766910516590654,0.0015579841135336143,0.0014897844673823911,0.001584085074472123
ME1 OP7,0.0037785128980863496,0.003099676070375738,0.003094662562753926,0.002912356204760485,0.002973872433762754,0.0030716687133940583,0.0035121262147967524,0.0033440328910350273,0.0034386075629956273,0.0036774421193961067,0.003859531439620902,0.0033144843150454744,0.0031549186530667266,0.003207592975311916,0.0030703834878763555,0.0030845541568974093,0.0034194478640226992,0.0031461228216379806,0.0036556383442339696,0.0038418986516768265,0.0038170743181422323,0.0031539524578332043,0.0029867896958731504,0.0030754959134917876,0.002846093465829313,0.0029214933558800843,0.0030154771006965612,0.0030503280901818313,0.003325525826043857,0.00380030632929859,0.003544270544377822,0.0030531825268070275,0.0029231054379238665,0.002897188191871862,0.0027696282597528938,0.0027178985838877522,0.0028111248598944164,0.003022543631689955,0.003035351836088195,0.003283736649526577,0.003431668633428241,0.002982439541246902,0.00269633842614736,0.002657670546701705,0.0025976683989416115,0.0027884385108559485,0.0026424374244817567,0.002907824583017153,0.002932480981152813,0.003205527901639474,0.0030992610749369376,0.002605786363823545,0.0025759020002440736,0.0025444792896089164,0.0024512223671338458,0.0025480484455200395,0.002709896491647423,0.0026895878353382363,0.002645723857054223,0.0029623732835207103,0.0030758229560040595,0.0025720551106022476,0.002593760682624101,0.0024424254444381874,0.002326858635292259,0.002571460067826842,0.0025095187277939805,0.002475258003548296,0.0025940930501215666,0.0027709457679719867,0.002671868576176464,0.0024637073390798097,0.002355032101044583,0.002242450323680653,0.0021965001652071996,0.0022103536814279843,0.00230077493339383,0.002443511949139606,0.0024703830208942954,0.0024779261792422843,0.0024909570618473534,0.002288199343548564,0.002166047387573495,0.0020051288228345003,0.002080180538438847,0.00208088672682278,0.0021400902717112445,0.0020772367252027114,0.002200006025244346,0.0021973310047915117,0.002138816169508518,0.001889224062865471,0.0020399313035398656,0.0018204743768574835,0.001886151542868389,0.0017545965502499465,0.0017860894606709274,0.001614959533814635,0.0015847678802161566,0.0016066328816615096
ME1 OP8,0.004041292926561998,0.0033038684365828807,0.003276652475144339,0.0030533113686766968,0.00306134084084413,0.0031779882274866377,0.0033440328910350273,0.00395557266869462,0.0035819367782469803,0.00388678940732874,0.004124995917565795,0.00350423931859873,0.003296921473817381,0.0033624360236606168,0.0032038370926270317,0.003171921622671094,0.003487373302986013,0.003311303404789852,0.0037691393167185497,0.003964773332017549,0.0040200053347571926,0.003348348412949891,0.003159991929154872,0.0032174563843603817,0.0029430398811665912,0.0030315701083818425,0.003228058868974712,0.0031781263850585197,0.0034428147966039982,0.004018992576243062,0.0037447793145436075,0.003217609275993033,0.0030900758899924954,0.003073445711499915,0.002915091351512598,0.002861325328439423,0.0029260273970273835,0.0032465931478154308,0.0031649196002905265,0.0034523543228098283,0.003675772173810286,0.0031654498547633216,0.0028786794355617202,0.0027531119298020022,0.0027826733295026997,0.002906295109954623,0.002813839107047652,0.003053012005972721,0.003080632617345521,0.0034430043182999857,0.0033056814798083463,0.0027276636436176093,0.002636300873329505,0.0026665732345558585,0.00255109800398702,0.002666973053580648,0.0028056586047525613,0.002806381504389298,0.0028273793404386145,0.003107630598123635,0.0032650071220884512,0.0027218199628009946,0.0027938419023543133,0.002567413265496373,0.002466575947235654,0.0027059961773878483,0.00263253827066634,0.0026083020670455578,0.002735461745755937,0.0029141910162748773,0.002870301604244347,0.002586960668255854,0.002543521788753276,0.0023537571135307726,0.002283737504740979,0.00233864589171542,0.0024013204907147295,0.0025703088339018893,0.0026277628781632154,0.002585599236656964,0.0026658542495587145,0.0024848349044170152,0.0023079175669213437,0.0021004770635133507,0.0021963939520958367,0.002172236021121826,0.0022136492110017888,0.002201062130736524,0.0023162544456026227,0.0022721697027046715,0.0021381845780237703,0.002087373278218572,0.002146021409917467,0.001949654502212177,0.0019810196263887543,0.0018231404340758575,0.0018495916841258075,0.0016602282811120392,0.0016209238709702855,0.0017071388836827378
ME1 OP9,0.004140522124026959,0.00337776280936252,0.0033652333854462496,0.003193395089839071,0.0032070372079945728,0.003304243588793596,0.0034386075629956273,0.0035819367782469803,0.004439462900882564,0.004031909641332402,0.004240065073225736,0.0036323686342008164,0.0034097297932544415,0.003510303183126889,0.0033163167195054207,0.0033671003177995506,0.0036093003899287934,0.00345881597786045,0.004019414864364044,0.004184652038687911,0.00425539560957077,0.003449158935203357,0.003288171084249243,0.003349468179020291,0.003050779429609619,0.003168967504678453,0.00336695397908025,0.0034064146926089064,0.003692702480631786,0.004206734610335721,0.003906158465064002,0.0033102978372773467,0.003192685197548917,0.003173528301427512,0.00300379619916608,0.0029461451960147975,0.0030942654941037754,0.003347076803266126,0.003372082493368062,0.003688316589093984,0.0037627754499083214,0.0032558160827875367,0.002994121265529571,0.0028779628927454457,0.0028368794345126646,0.0029843820594536562,0.0029398333139731337,0.0031947554359840428,0.0033003662490851677,0.0036183247514831366,0.003433857322640388,0.0027777289974932956,0.0027114161864743563,0.0027651062611162226,0.0027083033374997343,0.0028245183504226876,0.0029345775135185452,0.003038696215754003,0.002902092646011907,0.003299848861178149,0.003324746103567383,0.0028209180462669846,0.002856199044315457,0.0026904915765010766,0.0025253035278841826,0.0028253071075395415,0.002774581226267154,0.0027768937187819943,0.00289400548167602,0.0030183654474438535,0.0028711858872302706,0.002775338561055766,0.0025410048606609808,0.002476054068241657,0.0024107798294964373,0.002443361547554259,0.0025377216693294492,0.0027152416975589466,0.0027180537113159664,0.0027576025810258907,0.002767418271048538,0.0025045038904968186,0.002449386648250756,0.0021751816214297575,0.0023279708111560355,0.0022499793019009214,0.002307571574980901,0.0022976035838609007,0.002443550536025662,0.0024372765289943327,0.0023039103689231647,0.002116967537652743,0.0022325459924622134,0.0020097998317904365,0.002108319891643603,0.0018963142598767712,0.001994912697011021,0.0018307906519169906,0.0017606548100508553,0.0018052501561140852
SMALL HiOP,0.004760942886137176,0.0036850140736060318,0.003643590070163026,0.003451826684458052,0.003388342486326693,0.0035251292964323696,0.0036774421193961067,0.00388678940732874,0.004031909641332402,0.0053629578648972534,0.004869238994359872,0.0039698269757073665,0.003680600423578181,0.003760212973709035,0.0035928134340652124,0.003561100107228251,0.0037335348626227663,0.0036870166671321425,0.004228089786276765,0.004474624177311348,0.004688562348114778,0.0037886245231626967,0.0034948273981251425,0.0036002564631754564,0.0032557675946591046,0.0033889160483619248,0.0035989389161155006,0.0035734024108688206,0.003914448461306058,0.004487548362946969,0.0043901945308820476,0.0035774664483467847,0.0034197830939298613,0.003457414132331551,0.003221977600550787,0.003133661089519135,0.003243347051647696,0.003603840897872476,0.003492076416146549,0.003979165187449078,0.004308221284880622,0.003576567225576393,0.0031755815143720877,0.0030197841518141795,0.0030820353247004014,0.0032238633882966986,0.003105896194818424,0.0033256043618621564,0.0034008742396277308,0.0038378099386308746,0.003823890560745697,0.0030384108958636394,0.002922678046030455,0.0029355086261621966,0.0028439591933135046,0.0029034117887905804,0.003092093081538895,0.0031893607573471824,0.003104662653670607,0.003567746870486647,0.0037236457291643594,0.0030173674438922406,0.003098579272651662,0.0028765402635074918,0.002691045006269157,0.0028974982285784904,0.002923179723050101,0.0028559515788153943,0.0030039050147643706,0.003170713930411819,0.0033576339371207842,0.002924146333994294,0.002797323523173094,0.0026000499300589336,0.0025242351987978962,0.0025838990760392103,0.0026288189084386336,0.0028376776729786136,0.0029632100784585274,0.0029143494059588174,0.0031997307259720646,0.0027802286272174525,0.0025469183254480283,0.002323284752641521,0.0023891007861288243,0.0023209978205532226,0.002525772861595582,0.002422357079843613,0.0025670157452979954,0.0025233612605472314,0.0025008673531631055,0.002331155226169487,0.0023934440799811686,0.0021055884186885073,0.0021882148401536888,0.002002385045799697,0.002093213783517224,0.0018648803060349875,0.0018482301871496124,0.0018539966402302403
ME2 OP1,0.006264548768907764,0.004128358753505506,0.00397525774848014,0.00375233736980618,0.0035982891751180366,0.003724696432708054,0.003859531439620902,0.004124995917565795,0.004240065073225736,0.004869238994359872,0.007063053353485999,0.004567344922030767,0.004326150567920102,0.004272948009345538,0.003912224053889907,0.0039283423858858055,0.004329165664121595,0.00400135515538933,0.004566412858979589,0.0053290010492759304,0.00635735565751962,0.004776926092321523,0.004087399831179104,0.0041282724796017035,0.0036362885493929843,0.003772634136165637,0.0039828273232124746,0.003927973821490899,0.004313849745532938,0.004977995147749824,0.00608263553101682,0.004403961102582519,0.003965792175499398,0.004061864825968618,0.00373879554148127,0.0036856857025860425,0.0036764516226140734,0.004087931587510257,0.0037916708308186175,0.004238780648268239,0.005980282948717245,0.004524414526450038,0.0037336853567184777,0.003478928515906666,0.0035020919245916464,0.0037291451150114085,0.0034795642408441715,0.0036450413845872435,0.003756335887360189,0.00420358285865783,0.00569117538344297,0.0037037759422930984,0.003584535921158859,0.0034664235256171762,0.0032257775967124776,0.0032594889287362486,0.00343989710702292,0.0034786135000271657,0.0034638951133155725,0.003946569375098929,0.005496356543735298,0.003640794477737025,0.003904404424251728,0.003523160240609522,0.0029880378921858996,0.0032267221975184964,0.003223726725603726,0.0030936565598158956,0.0033589912271780025,0.003474296767775353,0.004866007943170233,0.003663474132877315,0.003510277751069017,0.0031077345892262832,0.002967260332956621,0.0030588441578105084,0.0029273600153621026,0.003056244461059343,0.003652443587412189,0.003414675508026583,0.00446512604990236,0.003368077699234741,0.003064158862237055,0.003049850957568558,0.0027746503336109913,0.0026998404576429732,0.0028540207380624402,0.002732462063616081,0.002867285019916106,0.0027540672511499713,0.003262733572989158,0.0029877771669615198,0.002746759369754474,0.002514501016243049,0.0026803230617779795,0.0024547863803403122,0.0025423923598720958,0.002321483458707619,0.002256883467419828,0.0022280578376285844
ME2 OP2,0.004260935921496597,0.003344125082706002,0.003319407812940653,0.0031150102180819484,0.003101033192056617,0.0031829593865078097,0.0033144843150454744,0.00350423931859873,0.0036323686342008164,0.0039698269757073665,0.004567344922030767,0.004190162831815361,0.0035604817948248282,0.003600755978243449,0.0034029824819705274,0.0034208912914078606,0.003542865950026041,0.0035181179166500725,0.00398846939895905,0.004218572409019185,0.004400456618474243,0.0036811905922639406,0.0034424302436979067,0.0035089147860107367,0.003218865962341306,0.0032665978417460604,0.0034173211794207956,0.0034775893177208415,0.0036977906235918533,0.004250077359560233,0.0042662862558013595,0.0035209347422267942,0.0034100758360264874,0.0033641388345926745,0.0031144078360154878,0.0031008568846154373,0.0031563552662462343,0.0034928570902646736,0.0033737505712828145,0.0037062863603512567,0.004160933593730266,0.003496626966669625,0.00313066648428417,0.0030072629138397024,0.002975148781537058,0.0031592249382547603,0.003025178569597144,0.0032347797880106343,0.0033206691305410047,0.003707682980041225,0.0038229773744101045,0.0030693767563663345,0.002963917700408155,0.0028961829441023837,0.002827756106452714,0.002961645452525747,0.003022110763987249,0.003087679140429885,0.003003772410837509,0.0033669835427331983,0.003737996944815808,0.003042631668528881,0.003007365512612465,0.0028807951705045664,0.0026717361573002432,0.002912109183981367,0.0029210330151620096,0.002888640150366092,0.0029572781749664994,0.0031416711515295202,0.0034134226519920165,0.002922020478258868,0.0027669311113617595,0.002614678514257296,0.002548916950373182,0.0025891868336950182,0.0026333345076219304,0.0027821374912404403,0.0028299842426669315,0.0028636271114069584,0.0030786457865610043,0.0027057570186865177,0.002627723264704531,0.0023397695311676964,0.002407419364968629,0.002379224027382914,0.0024151678077797,0.0023950016834514963,0.002559572744262752,0.002439703142838658,0.0023958814462932804,0.0023713852759762776,0.002395434929436818,0.0021926460345377823,0.0022238490953508682,0.002036480824865006,0.0020854181518739612,0.001880811455596469,0.0018843836605048016,0.0019246710008297074
ME2 OP3,0.003991340764592281,0.003180185850138628,0.003142064686254781,0.003018876384663726,0.0030042949717583914,0.0030410175159292386,0.0031549186530667266,0.003296921473817381,0.0034097297932544415,0.003680600423578181,0.004326150567920102,0.0035604817948248282,0.0038727915661733673,0.0034839024456406933,0.0032783082851272033,0.0032751093019419103,0.003465394814702993,0.003310997145026434,0.003759214279548691,0.003986817944570548,0.0041370252293460195,0.0035135162665742964,0.003287958819538429,0.003315544148785694,0.003050093805728168,0.00312531977053565,0.0032944378447409776,0.0032261572014347407,0.003445993900727573,0.003915511823296104,0.003990341472812747,0.0033584520863089405,0.0031757796629811536,0.003204751550589822,0.0030069995549737243,0.002932959373086563,0.003039493325326481,0.0032501736349278914,0.00316068123237135,0.003427823161704548,0.003949665561852807,0.003289691120864149,0.0029672169073537407,0.002887812617547967,0.0027917985278989826,0.0029639091417219213,0.002869517914465121,0.003012863773433704,0.0031543975837148015,0.0033591912170380786,0.003548537285958926,0.0028267919226061438,0.002812555762881518,0.0026938238352235693,0.002682136675204891,0.0027123941549696863,0.0028393089116989204,0.0028564277042752513,0.0027465094290506976,0.0031778841749636848,0.003444093673946485,0.0027311877482508475,0.002837204129776926,0.0026842411101404007,0.0024697243940247733,0.0026733098391991824,0.0026870124332461064,0.0025539995871471546,0.0027665939122827597,0.002862367727262461,0.0030964610551066614,0.002710700485868516,0.002629123305488766,0.002430448477947345,0.002334299803611713,0.0024209175590816003,0.0024150564901407115,0.002572462887942099,0.0027138930891372165,0.0026591357495434195,0.0028345584028306786,0.0025161932513552516,0.00237191730118261,0.0022542013201988778,0.0022505585109333613,0.0021670868091906246,0.0021948008636369764,0.0021522798525440874,0.0023151992742782134,0.0022347904096942537,0.002313585981385513,0.0020903894145353806,0.0022174019216265146,0.00198372232379186,0.0020579299428870323,0.001913200634026588,0.0019564715908539543,0.0017352996462932082,0.0017091423846752546,0.0017487531223662229
ME2 OP4,0.0038996781075132585,0.0031765390121391082,0.0032244940124600534,0.0030823196111488026,0.0030768251350362773,0.003125676185271286,0.003207592975311916,0.0033624360236606168,0.003510303183126889,0.003760212973709035,0.004272948009345538,0.003600755978243449,0.0034839024456406933,0.0038820149064859428,0.0033480874774529145,0.00330647294369681,0.003553349748083465,0.003368159867597714,0.0038752751600445974,0.004066958046887739,0.004073299689185157,0.0035613367400213524,0.003340694931730298,0.0033765861570536734,0.0031248079502213455,0.0031483510258358376,0.0033806208063610933,0.0033519283427908973,0.0035356829489847723,0.00407093722825562,0.0038757633721291105,0.003346863774242048,0.003193390334412753,0.003294967263635594,0.0030760859425136657,0.0029678710838173085,0.0031088188530922593,0.0033384371729612314,0.003256363682911556,0.0035625064666159425,0.003804617872434708,0.003322681525654743,0.0030065288887697814,0.0029972155295506773,0.0028872901747716145,0.003006514015057869,0.002919539110205013,0.00312999988821894,0.0032391673478954423,0.003504784723851757,0.0034544046922239608,0.002815319263762279,0.0028201106327889187,0.002820605612550062,0.0027534368271059442,0.0028406209033775363,0.002934269895950181,0.002916365723226435,0.0029124628327793067,0.003231518488165077,0.0033058647692775145,0.00279158846848145,0.002872666332249668,0.0027712952812547634,0.0025540498915540494,0.0028038027732618627,0.002757935722062582,0.0027060324376932256,0.0028559233274883774,0.0029788397048511423,0.0029506042131602988,0.0027245162585375913,0.0026055002125732534,0.002498364172229471,0.0023581829348403075,0.0024636442397680982,0.0025035578525524006,0.00263891689663775,0.0027615968346714637,0.0027262729083196123,0.0026565936295683433,0.002497774559137597,0.0024420594161934824,0.0022412752419930138,0.0023295340718996714,0.0022283405232989186,0.0023091403811851176,0.0022497494446356825,0.002387306842069637,0.002324625953921694,0.002250575025519715,0.0021111673118308213,0.002212383122736632,0.0020599561377203234,0.0021112681385717204,0.0019471611724774793,0.0019683011905618844,0.001784443849993793,0.0017243468546969737,0.001796828105293908
ME2 OP5,0.0035774783155259155,0.0029596663265142272,0.0030509912571905495,0.0028865642650337067,0.0029218163330072835,0.003004657297240347,0.0030703834878763555,0.0032038370926270317,0.0033163167195054207,0.0035928134340652124,0.003912224053889907,0.0034029824819705274,0.0032783082851272033,0.0033480874774529145,0.0035374612965501386,0.0032036071397274707,0.003410626672039635,0.003217087969660908,0.00370595276946697,0.0038093022686111113,0.003787703654340275,0.003288314331246274,0.0031377166735006784,0.0032035821576763203,0.0029815548586297424,0.0030547824391500672,0.0031915204787682926,0.0031915462138438345,0.0034050403989546087,0.0038655163917176473,0.003654173230068936,0.003148018962943429,0.0031040417720321805,0.00313782752940498,0.0028957042447112125,0.002834478932502539,0.0029339542516903794,0.0032364151251822516,0.0031100507609869575,0.0033958791371915633,0.0035343013092266266,0.003123993899757113,0.002863488072603319,0.002831298544857044,0.0027641940355409896,0.0029008549271183947,0.0028374296746773377,0.0029901387409366513,0.0031247945257742204,0.003384148703362975,0.0031972022419878058,0.002735344408775913,0.0026576771987472897,0.0026636347931046755,0.0026155458574993232,0.0026724943700177834,0.00283300914279844,0.0028089247796866533,0.0028048989724429193,0.0030923502804767944,0.0031661549872582994,0.002693436696053862,0.002752591893824527,0.002571238965211719,0.00243917746083181,0.0026653592825714766,0.002639622199965109,0.0026023618237054525,0.0027149466379292005,0.002860710841621272,0.0028086481416944443,0.0026397917124601983,0.0025280608779603645,0.0023894660028553508,0.0023371540442977652,0.0023613145057627028,0.0023881105516793703,0.0025737512039351266,0.0025629693188567062,0.0026199563589427515,0.0025182702758370593,0.002397222162176321,0.002322583522487126,0.0021332331353865175,0.0022187705646913953,0.0021442418607627045,0.0022137038172029134,0.002164489174014397,0.002314579504358569,0.0022645324578047083,0.002186372834573002,0.002076024611298273,0.0021929177555885834,0.001977170388855351,0.002056138999651592,0.0018861313360890933,0.0018623080863482385,0.0017219010553021672,0.0016477840027535563,0.0017256614522383128
ME2 OP6,0.003661741995976988,0.003006286210836228,0.0030326297067341705,0.002874373837891157,0.002898986614490424,0.0030009110673258794,0.0030845541568974093,0.003171921622671094,0.0033671003177995506,0.003561100107228251,0.0039283423858858055,0.0034208912914078606,0.0032751093019419103,0.00330647294369681,0.0032036071397274707,0.0035433723081563567,0.0034514561954569196,0.003232648412356582,0.003730731286846899,0.003959610096764454,0.0037993365756440584,0.003234592301887506,0.003110175570916995,0.0031681718347149937,0.002938491830739074,0.0030508165907467237,0.0031462744486240395,0.0031579827243928935,0.0034001472324037443,0.003843160122728729,0.003643606372947869,0.0031191587257305008,0.003088007279300529,0.003043148154393012,0.002908796422404463,0.0028497735175734766,0.0029365918264512027,0.0031748039884733526,0.003091183397696399,0.0033505642174489155,0.0035161374485353043,0.0031132770133188,0.002860330412431683,0.0027880338497365217,0.00269511536367533,0.0028866233090103304,0.0027918807364281525,0.0029727007287894906,0.0030798640863907278,0.003353241545556692,0.0032069976014454968,0.002674100722572919,0.002680976429209293,0.0026216855352075388,0.0026222281996032388,0.002654077884615367,0.0027991013252167034,0.0028140989815048046,0.002713983904249308,0.00307917424538756,0.0032089666798942548,0.002672367193127805,0.0026748565326253186,0.0025605624685018026,0.0024456567713175264,0.002642132828155806,0.0025769705286696415,0.002573086956406771,0.0027117121076281944,0.0027972707180261842,0.002866454293194743,0.0025858918163194798,0.0024732211624707845,0.0023487987372101306,0.0022875344573073286,0.0023310493704888978,0.002383864469490158,0.002505659981348607,0.002534666665423111,0.0025811812579889988,0.002612831962149302,0.002413870829068402,0.0022620627544168445,0.0020673238162575796,0.002167168395013217,0.0021385388847836267,0.00218388777010996,0.0021564764653639566,0.0023008138237924428,0.002224113642391251,0.0020254625402816406,0.0020188484319719705,0.002151534597307547,0.0019719006928427527,0.002065250029406452,0.0018849047013736247,0.0018712582082743721,0.0017226938767699752,0.0016630305448928203,0.0016981076147864673
ME2 OP7,0.004292414175464668,0.0032505413595161205,0.0032407974960233024,0.003042715828947233,0.0032703836261734668,0.0034017069595120705,0.0034194478640226992,0.003487373302986013,0.0036093003899287934,0.0037335348626227663,0.004329165664121595,0.003542865950026041,0.003465394814702993,0.003553349748083465,0.003410626672039635,0.0034514561954569196,0.00950127166449687,0.0033781934126577437,0.003914081852471914,0.004533225943818679,0.004208770361143356,0.0033163188492911777,0.003350207956876021,0.003369612069563979,0.003236470993220975,0.0032218365752819268,0.0032554871408383736,0.003598007777121743,0.003529079247061393,0.0040597860775724815,0.004060822266282489,0.003275477812530885,0.0031564767692606292,0.00317702974757338,0.002975051515087913,0.003046988021018064,0.002973073009436623,0.003295998421948213,0.003197171198088724,0.0036019055854441813,0.0035854851271061423,0.0032036406297715697,0.0028885725192057095,0.0028659621247782755,0.0027222786663382687,0.0028860838323763963,0.0028367710640866597,0.003234080473301685,0.003057378658341733,0.003466676888849376,0.0033414028729959063,0.0030236710582151266,0.002777366438844429,0.0026888366170394664,0.0025682169811068966,0.0027358163735453343,0.002875073345104367,0.00287062993109637,0.0030830718489245523,0.0031806817623733293,0.0032535119323766925,0.0027448336276972092,0.0027199496370141165,0.0026052580974432636,0.002594761169557967,0.002783437163674177,0.0026580790723786116,0.0027233366428741647,0.0028528322546602074,0.0028147640322020366,0.0027497604542311006,0.002584405872219868,0.002419131631602323,0.0024133935387785042,0.0023435932517115766,0.002391161156452306,0.002431329147814547,0.002641967691109859,0.002624878387438001,0.0026116093448890956,0.0028460959310150553,0.0023014789303492313,0.0023106818707230624,0.0021261750209640834,0.0021308757762060434,0.0022366533966832395,0.002272349178937854,0.0022249422727298276,0.002265310155413925,0.0022804675011412674,0.00236198309136105,0.0020502598423765873,0.0021370114552309765,0.002204892060083382,0.002122217294931569,0.0019302701834180798,0.0019488410515889367,0.0017121314416777265,0.0016890514717945633,0.0017391292549570256
ME2 OP8,0.0037424263740896474,0.00308086725033811,0.003129572515271697,0.0029209271401190377,0.0029053587517235643,0.0030139450543031797,0.0031461228216379806,0.003311303404789852,0.00345881597786045,0.0036870166671321425,0.00400135515538933,0.0035181179166500725,0.003310997145026434,0.003368159867597714,0.003217087969660908,0.003232648412356582,0.0033781934126577437,0.003875648757338837,0.0038355402735073176,0.004079240705480302,0.0039029926985545446,0.003328468013382396,0.003208496405988804,0.0032558370819503143,0.0029903655888758444,0.0030824562995095377,0.003237061637613933,0.0032730578426355514,0.003491620177305627,0.0039344185257642016,0.003726406074619485,0.003198466882909341,0.0031772945917350405,0.0030714136582148895,0.002957939919041308,0.0029037965052983775,0.0030317364009574558,0.0032885397760647607,0.0032574847084530945,0.0035738456487794377,0.003622286554732703,0.003249284174438411,0.0029217320330313873,0.0028696037173339853,0.002788067332477353,0.002915394292861106,0.002907743258307014,0.0031082503965584873,0.0031661885151490067,0.003535487798474489,0.0033358268386714843,0.0027694221522586446,0.002717888701959403,0.002660681061302782,0.002639644111301666,0.0027784834443227045,0.0029239720436852667,0.002945266808710151,0.002872103999290454,0.0031890611157434465,0.00327636325375887,0.0027364936697368107,0.0026978284977157443,0.0026921805943421855,0.002517005985223973,0.0027614725985495854,0.002721929456125698,0.0027115546589022953,0.0028213963370756607,0.002948530715821337,0.002968049615522787,0.0026451525001726646,0.002553743791543708,0.0024491552188697883,0.002381531304008965,0.0024400523388035077,0.0025114366641607014,0.0026696112382224497,0.002640120099798969,0.0027477281039071945,0.0025910992627237403,0.0025359748901967643,0.002423607616393819,0.0021909506824487612,0.0022614786035027204,0.0022258609588060763,0.002268964967430117,0.0022428423772287596,0.0024129304058345506,0.0023502493060220007,0.0021474705403729012,0.002138806171695973,0.0022342915363054725,0.0020246234626716195,0.0021010724721353944,0.0018729190052984,0.0019458893363072133,0.0018236528072499768,0.0017419310850427525,0.001836599539345291
ME2 OP9,0.004276980114925869,0.003530984281047195,0.003528843301506828,0.0033282020665009733,0.003374916152752016,0.0034828825726110715,0.0036556383442339696,0.0037691393167185497,0.004019414864364044,0.004228089786276765,0.004566412858979589,0.00398846939895905,0.003759214279548691,0.0038752751600445974,0.00370595276946697,0.003730731286846899,0.003914081852471914,0.0038355402735073176,0.004992523841352072,0.00458593728091579,0.004419897429924393,0.0038637282970071505,0.003617075649902623,0.0037193797206452554,0.0034644490300527416,0.0035468069212153085,0.0036958567104333666,0.003741200167708492,0.004078576738311672,0.004621880818871821,0.004223321829840737,0.00366692365618003,0.0035700319890685285,0.003554652161683784,0.003404406108386869,0.003373205205208967,0.003508471777540206,0.003839360322904031,0.0037471841579009286,0.004127004159955751,0.0041564524677414364,0.0036944199819571896,0.0033834293319241512,0.0033139501727082014,0.003203489188239084,0.0033958160886598506,0.0032957180624391493,0.0035951574693173383,0.0037470160274496378,0.004111477431132093,0.003773974048672551,0.003154232618760984,0.0031803564869739465,0.0031561578621404737,0.00306936951729503,0.0032280131174805375,0.003332132894206977,0.0034015042248877517,0.0033390935034855354,0.003742624932545994,0.0037117263099199923,0.003199833973551244,0.0031997723288858244,0.003037848543330236,0.0029224149982038294,0.0032172141816297264,0.0031295613162992102,0.0031232943512369223,0.0033139693765851033,0.003471927781395156,0.0032769378553689095,0.0031058737175707106,0.0029483466452167777,0.002841365683080534,0.0027658933707464294,0.002801479351372745,0.0028789173931583908,0.0030904579410037307,0.003116912423802665,0.0031468563465870086,0.0030489646077613733,0.0028086374231501418,0.0027550316139937202,0.002535520390435567,0.0026258752464521458,0.002567619229398388,0.0026351216183318924,0.0026281158298363007,0.0028300750775521705,0.002751233542767964,0.002560524079941182,0.0024166049441647387,0.002576910242568903,0.002296029104728401,0.0023862160504199933,0.0022008609979335897,0.002218852283552699,0.002049526759418671,0.0020028049691601453,0.00205173294848935
ME2 OP10,0.004954205876151189,0.0038096165168228007,0.003779538977141327,0.003537347012580376,0.003504550850088388,0.003638867912357849,0.0038418986516768265,0.003964773332017549,0.004184652038687911,0.004474624177311348,0.0053290010492759304,0.004218572409019185,0.003986817944570548,0.004066958046887739,0.0038093022686111113,0.003959610096764454,0.004533225943818679,0.004079240705480302,0.00458593728091579,0.0064674616740165135,0.005072196993151187,0.0041773282260557055,0.003856111073923436,0.003962542541052888,0.0035660811904072456,0.0036981989158772857,0.0039044588147119333,0.003929727118723617,0.00431439499749382,0.0049087082818494365,0.00496640970356998,0.0038554160139262633,0.0038916148929056993,0.003804978158881906,0.0036552643888046995,0.0035404287390957603,0.0036505759078467423,0.004029969694496231,0.004010809707901281,0.004448775015001959,0.004839222278919261,0.004148431790202003,0.0036260577684418182,0.0034886975877601754,0.0033916992151173555,0.003635150410449311,0.0034276416945998238,0.003722200312572473,0.00390757874524651,0.004477735893977012,0.004424144045241898,0.003508325612228471,0.0033479654762870073,0.0032836092540240508,0.0032369237319290105,0.0033042690972224483,0.0034876420201605373,0.0036562973411924152,0.0036162388941509884,0.004006789273887001,0.004483703790375509,0.0034087593887850054,0.0034604015841396777,0.0034071756708888845,0.003047764869391218,0.0033634935591762617,0.0032951269450285678,0.0032994544899090325,0.0034358283240449074,0.0036794744232759484,0.004063230686687428,0.0033142749351397203,0.0033063123458915806,0.0030614889372658706,0.002949660623477953,0.0029702960908347875,0.002976083729117873,0.0032500963286575843,0.0034693823481839513,0.003486528875642068,0.0037576127471710898,0.003275970056606054,0.0029326673806725997,0.0028279738774925588,0.002727437053800901,0.0028023659229255,0.0028158416261735934,0.002794389916799812,0.002929757315065073,0.0029013432166497227,0.0029309183734924403,0.002934015789755528,0.0026789110884643144,0.002594061508621058,0.0025766888995553882,0.0024219413182152193,0.00256781232722424,0.002334343779831759,0.0022980462990824695,0.002257009379319398
ME3 OP1,0.0058774319505143086,0.0040023265608024414,0.003797433452310267,0.0035964366763681266,0.003500367810050837,0.003648020487460717,0.0038170743181422323,0.0040200053347571926,0.00425539560957077,0.004688562348114778,0.00635735565751962,0.004400456618474243,0.0041370252293460195,0.004073299689185157,0.003787703654340275,0.0037993365756440584,0.004208770361143356,0.0039029926985545446,0.004419897429924393,0.005072196993151187,0.006694277937066727,0.004618126385314982,0.004019108559178902,0.004027885626998763,0.0035225093503438395,0.003702199235824927,0.00391131941767153,0.003851274407875749,0.0042401414041773645,0.004848946578192126,0.005983055693235625,0.004332544929038534,0.003922436710925758,0.003946316192529059,0.0036762325003477678,0.003658347572445929,0.003596672586312736,0.003955139417259704,0.0037741887896710477,0.00423732649668808,0.005859178146828804,0.004397910524652143,0.0037501914767370244,0.0034661510273401573,0.003502148111663175,0.003645643466459189,0.0034648146909896293,0.0036583796499084363,0.0037800083975256704,0.00417581386439502,0.005547543804785086,0.003752191452383626,0.003551599551145727,0.003404907063167297,0.0032399423984962594,0.0032978952783972735,0.0034626868467356655,0.0035275255311538814,0.003498258469613198,0.003906675610448575,0.005395953540042729,0.003672313261950161,0.00379127910362085,0.003415983401085953,0.0030211467163523574,0.0032749636867504227,0.003238733342307546,0.0031431232976705126,0.003395941293367481,0.0035358443342526514,0.004797183671267437,0.003650305097402128,0.003477893784493382,0.003102794029467232,0.003025485025192435,0.00303484946527256,0.0030254036467136586,0.0031464561860347702,0.0035007929420590735,0.0034292320300997347,0.004409793503878234,0.003360485149562263,0.003112299843097015,0.0030399760196624386,0.002760780730485922,0.0027379794425738254,0.0028582960927612086,0.0028069797590038648,0.0028726536488283606,0.0028512157585494947,0.003292083099897997,0.003003677380893121,0.002821398667792511,0.0026017916789946704,0.002724091720256141,0.002482909780980436,0.0025572010016838478,0.0023785023422581764,0.0023181028166751666,0.002256974772059417
ME3 OP2,0.004353195089328955,0.003251956334327271,0.0031652687557258818,0.0030219476329426042,0.002945418774750629,0.00302821292410242,0.0031539524578332043,0.003348348412949891,0.003449158935203357,0.0037886245231626967,0.004776926092321523,0.0036811905922639406,0.0035135162665742964,0.0035613367400213524,0.003288314331246274,0.003234592301887506,0.0033163188492911777,0.003328468013382396,0.0038637282970071505,0.0041773282260557055,0.004618126385314982,0.004372029678589126,0.0034672416345714325,0.003444208266207582,0.0031293382851900996,0.0032157786019768164,0.0034365697823513846,0.003389641241964568,0.0036974498781247277,0.004175336934821606,0.004527006308852989,0.0036784424074546365,0.0034035457860913877,0.0034213496795687985,0.003205227319719974,0.003140758814376453,0.003178260633876827,0.0034567405509782242,0.003331117141672984,0.0036314582588453824,0.004498078034612815,0.0036915714741194814,0.003205915334062689,0.0030746781403243185,0.003028673380016509,0.003170564000117664,0.003036666935685398,0.0032000989294772115,0.0033014226766124393,0.0036188894403352094,0.0041530865469126075,0.0031561341336558226,0.0030731607893657075,0.002976661892668739,0.0028683189402567717,0.0029115141857743616,0.003028692146572401,0.003050340097530065,0.0030708458046865015,0.0034173883353999764,0.0040756420462923024,0.00314436889413718,0.003231840571960731,0.0030106124149704436,0.002678106351800549,0.002914982246815915,0.002892615780160215,0.0028035002654668434,0.002997745729173703,0.0031113414201567684,0.0036490129188187065,0.003115041561225224,0.002981445562593323,0.002720454660503078,0.0026083456181732233,0.002692450428013956,0.00263921616945706,0.0027545091376052003,0.003029302603566948,0.002945394705857037,0.0033585678511390653,0.0028563894594045617,0.00272502399563436,0.0026034211604635863,0.002444430784960643,0.0024132752882149865,0.002464207802737251,0.0024439665795679675,0.0025365290738727218,0.0024414176195070698,0.0027518661148473213,0.002483154178006716,0.002406920439668925,0.0022381665998338716,0.002259148330830412,0.0020845872197156443,0.0021748290154785686,0.001965691457933676,0.0019474512635236664,0.0018763648332421959
ME3 OP3,0.003763688719720933,0.003022499736609936,0.003017324303703852,0.0028713486090485617,0.0028193560428897216,0.0029387630297909163,0.0029867896958731504,0.003159991929154872,0.003288171084249243,0.0034948273981251425,0.004087399831179104,0.0034424302436979067,0.003287958819538429,0.003340694931730298,0.0031377166735006784,0.003110175570916995,0.003350207956876021,0.003208496405988804,0.003617075649902623,0.003856111073923436,0.004019108559178902,0.0034672416345714325,0.0035809435353631857,0.003277822647097816,0.00298962113696084,0.00302932534179252,0.0032075478116506645,0.0031562504320167004,0.0034055436608243224,0.003856309751579537,0.003853224219900918,0.0032632846891173855,0.0031751191733923657,0.0031738876662227977,0.0029535098897451304,0.0029187458438848014,0.0029633657748475485,0.003176518013257534,0.0031715406585327054,0.0034450462295649922,0.0037431621075276126,0.003303684126139082,0.002968676095080123,0.002895234851669817,0.0027857906674601664,0.002893741422181158,0.0028634050056779922,0.0030151460687235475,0.0031381742658041357,0.00335271990871754,0.0035032180516751383,0.002858852204530092,0.002802644818365521,0.002692178443735784,0.002697826988808716,0.002749132401283188,0.002838817071834882,0.0028718561072996,0.002824771008946369,0.0031112481198312695,0.0033645910582925003,0.002802131519004401,0.0028311292573155586,0.0026951569107303806,0.0025109218227096003,0.00272032260853202,0.002702612449985936,0.0026425199214993914,0.0028043893277932223,0.0029012402854115605,0.0030454595592627953,0.002713275904482991,0.0026315524498319197,0.0024815240118746143,0.002424308449186638,0.0024591202116919847,0.0024640988019015058,0.0026074004348820637,0.00266808524193136,0.0026586915317983258,0.002716580535475328,0.0025058037943215066,0.002437534030647486,0.0022560068499533643,0.002252002200292323,0.002235577473490701,0.0022568868820426104,0.002231037423147599,0.002330541832037068,0.0022849340272629143,0.0022510617413514333,0.0021841388699185677,0.002209116688469022,0.0020387257031855904,0.002031024424652256,0.0019176002502450976,0.00197358797564219,0.0018092106687296436,0.001752571101224183,0.0017974070770023112
ME3 OP4,0.0037724340755753206,0.0030668233787230006,0.00307251458464275,0.002912222491272141,0.0028846549804660516,0.002985729555353596,0.0030754959134917876,0.0032174563843603817,0.003349468179020291,0.0036002564631754564,0.0041282724796017035,0.0035089147860107367,0.003315544148785694,0.0033765861570536734,0.0032035821576763203,0.0031681718347149937,0.003369612069563979,0.0032558370819503143,0.0037193797206452554,0.003962542541052888,0.004027885626998763,0.003444208266207582,0.003277822647097816,0.0036514955009557763,0.0030265809574341654,0.0030921596798663205,0.003237358932692051,0.0032320080705939003,0.003434605974717688,0.003972148782548183,0.0038671483343892133,0.0032934672094303286,0.003175694185113292,0.0032234050736754103,0.0030172013921455835,0.0029746066620890623,0.0030390086302536264,0.0032602488676793926,0.003243237650871854,0.0035159905173707184,0.003759805945607188,0.00330509858442161,0.002974486162980649,0.002926663574926739,0.002838511493699876,0.0029802365084191456,0.0028864268552979046,0.0030899614570682695,0.003175050477393682,0.00350850416163023,0.003473059947436978,0.002876331226974942,0.002816034882087865,0.0027685888876355876,0.0027226617487579696,0.002766582344204832,0.0028894482023347043,0.0029246349290921385,0.002821354932387835,0.0031999485468609547,0.0034311554696835186,0.002853585237426349,0.002866619994110208,0.002768353714243227,0.002538911278234777,0.0027713175402641725,0.0027297380216661864,0.0027268835407150307,0.002810739386966792,0.002995482013781149,0.0031100725112331827,0.002693548852070554,0.002660045729621284,0.0025201717408646082,0.0023961045534685917,0.002476905251814567,0.0024973782669369996,0.0026457891061187006,0.0027289067619453745,0.002757090319044905,0.002803825113836544,0.0025844426273118103,0.0024509259741506565,0.0022504325207955574,0.0023010763898700442,0.0022422521000161635,0.002294078278996874,0.0022624312489065816,0.002432531294256759,0.00233951719450229,0.002364109431704407,0.0021998579824809767,0.0022339900032661473,0.002114877302774669,0.0021064166597887022,0.0019766795994816517,0.001989903389984765,0.0018624825845220453,0.0017780782160009387,0.0018211065090577817
ME3 OP5,0.0032968190621975864,0.002756802583250912,0.002812247260563209,0.002635894580347829,0.002686502837537072,0.0027513085331505663,0.002846093465829313,0.0029430398811665912,0.003050779429609619,0.0032557675946591046,0.0036362885493929843,0.003218865962341306,0.003050093805728168,0.0031248079502213455,0.0029815548586297424,0.002938491830739074,0.003236470993220975,0.0029903655888758444,0.0034644490300527416,0.0035660811904072456,0.0035225093503438395,0.0031293382851900996,0.00298962113696084,0.0030265809574341654,0.0033458853283766907,0.0028722455209718206,0.0030469513173132317,0.003075807681854942,0.0031925142099237546,0.003607350709109198,0.003464128748359396,0.0030333059294131957,0.0029634966231347065,0.0030013901904617944,0.0027826820681115826,0.002723007914378765,0.0028268673411283225,0.0030469698171645817,0.0029841373702476524,0.003313285554987229,0.0034419819813282116,0.003006761910815848,0.0027913844707716175,0.002768086990875288,0.00266576665214221,0.0027509815714874554,0.0027576640798442132,0.0028689931613075197,0.0030382887221775843,0.0032145843757325197,0.0032190898232057714,0.0026608856519304,0.0026466568770087463,0.002589270439672639,0.0025227266778152244,0.0026325196740539457,0.0027417082876662674,0.0027454553829431715,0.0026869382816815147,0.002958445915968598,0.0030649897220009718,0.0026351411602297163,0.002628398243358317,0.0024785128363779677,0.0023706141739601432,0.002630478447596124,0.0026358570255715177,0.002562432424911298,0.0026450538954866866,0.0027783074888332268,0.002773766836527282,0.002644336723849902,0.0024509566117413752,0.002355513637088663,0.002299075782153601,0.0023323092777960395,0.0023843519873488414,0.0025271387945348415,0.0024620090025918393,0.002616605512918049,0.002516276775860588,0.0022964561154346893,0.002277688177839468,0.0020920374646932528,0.002139907509514585,0.0021319193640908104,0.002170383163581271,0.0021563616826633094,0.0023185577971462324,0.002229757400693391,0.0022352892171284273,0.0020103152484300508,0.002119644148408199,0.001960686110399638,0.002013791154000972,0.0018458016732599098,0.0018675115870778402,0.0017051608617499542,0.0016133308728507499,0.0016944383668735094
ME3 OP6,0.0034424091205088746,0.0028147835420552466,0.0028728717269104983,0.0027278251342712496,0.002721253202664152,0.0028177250041711145,0.0029214933558800843,0.0030315701083818425,0.003168967504678453,0.0033889160483619248,0.003772634136165637,0.0032665978417460604,0.00312531977053565,0.0031483510258358376,0.0030547824391500672,0.0030508165907467237,0.0032218365752819268,0.0030824562995095377,0.0035468069212153085,0.0036981989158772857,0.003702199235824927,0.0032157786019768164,0.00302932534179252,0.0030921596798663205,0.0028722455209718206,0.0033140965590033027,0.00310790134937496,0.003081806560949149,0.0033033442875600363,0.003746721977573837,0.0035639891411104047,0.003061821358914184,0.002995119787953548,0.003010605548389438,0.0028798567338162336,0.002821879568634424,0.0028935126420287648,0.003159911933008851,0.0030545861631896755,0.003338693990302923,0.0034602849065700683,0.003085445259451957,0.0028852482824418216,0.002788868580612286,0.0027166169373221767,0.0028694926206330046,0.002788213661575482,0.002949466140030679,0.0030481138760253394,0.003321780785174919,0.003251880023085846,0.002674096967677016,0.0026770681670686847,0.002610439199350951,0.002596227213155337,0.0026452386617333433,0.0027778451876118203,0.0027754169877750633,0.0027609074678251306,0.0030659901252435874,0.003235442369791665,0.0026549237852576775,0.0027176357939644887,0.002532579464754917,0.00241374753508744,0.00264699415613522,0.002627029336018179,0.0025474165360432023,0.0026962319028016367,0.002767084526823648,0.002797432643374055,0.0026087538247251177,0.0025371797283538448,0.002387243474291546,0.0023023921807003972,0.002364862834631675,0.0023884915442601764,0.002523215222224529,0.0025752700180066,0.0025777582551058985,0.002593769976621086,0.0024290641300707774,0.002321599568459004,0.002154648960058256,0.002188537360307838,0.0021506816837376097,0.0021905725602344335,0.002203844483719497,0.0023395156715726294,0.002224683809007798,0.0021917838653190457,0.002040798794366425,0.002092096611622068,0.001995033799841852,0.0019916856736986767,0.001850078208779699,0.001894767935808788,0.0017267184902083838,0.0016779074293580781,0.0017295007420373091
ME3 OP7,0.0036340357957247143,0.002993735522410501,0.003023694656857687,0.0028685182333585252,0.0028793780702780444,0.0029588164373032908,0.0030154771006965612,0.003228058868974712,0.00336695397908025,0.0035989389161155006,0.0039828273232124746,0.0034173211794207956,0.0032944378447409776,0.0033806208063610933,0.0031915204787682926,0.0031462744486240395,0.0032554871408383736,0.003237061637613933,0.0036958567104333666,0.0039044588147119333,0.00391131941767153,0.0034365697823513846,0.0032075478116506645,0.003237358932692051,0.0030469513173132317,0.00310790134937496,0.0037283072848033334,0.003296443060885565,0.003478956093734966,0.003959557522620847,0.0037475282338378935,0.0032364901463485213,0.003142369443422235,0.00323225863425925,0.00304242191382902,0.0029908897169991207,0.003112005002458404,0.0033462142881158737,0.003273915118462811,0.0035765698648524266,0.003651307509262676,0.003259771767101489,0.0029843268152972145,0.002921841189822065,0.002905122364971727,0.003001779354736216,0.002966595555677477,0.0031631952850159325,0.0032654584586853503,0.0035232581484986236,0.0033941612504949053,0.0028140168173209786,0.0028206054960944697,0.0027959929476157703,0.0027325131233148807,0.0027992273776331856,0.0029611682434561473,0.002982148781314189,0.002945012016059076,0.003267091843375688,0.003351292447725692,0.002799954328048297,0.0028670932484171196,0.002716251357217821,0.0025246399495289836,0.0028318904063683375,0.002821841606552874,0.002747271587880679,0.00289120993204047,0.003034531722496597,0.002939922406081251,0.0027747917143805118,0.0026677969155618313,0.0025100104365881845,0.0024401366786881056,0.0025330348168694453,0.0025538004802495,0.0026965851676898412,0.0027546986616953724,0.0028134877529011025,0.0027559928775570722,0.0025526704789840668,0.0025141294162319586,0.0022881614882167976,0.00231013667975165,0.0022576842015329317,0.0023774378656122213,0.00233088749194723,0.002483068203065194,0.0023996508418549327,0.0023207326083177207,0.0021780757847995724,0.0022526531117305804,0.00209642102856227,0.0021245274064208156,0.002002984029574132,0.0020112518989690094,0.0018426049159707238,0.0017956548675436225,0.0018294562622025994
ME3 OP8,0.0035931112554345394,0.0029773045791353222,0.003000488998178689,0.0028383916959701275,0.0028582972593004527,0.002946010598682105,0.0030503280901818313,0.0031781263850585197,0.0034064146926089064,0.0035734024108688206,0.003927973821490899,0.0034775893177208415,0.0032261572014347407,0.0033519283427908973,0.0031915462138438345,0.0031579827243928935,0.003598007777121743,0.0032730578426355514,0.003741200167708492,0.003929727118723617,0.003851274407875749,0.003389641241964568,0.0031562504320167004,0.0032320080705939003,0.003075807681854942,0.003081806560949149,0.003296443060885565,0.0038785029409098776,0.003486567776551179,0.004007909149858962,0.003754104858780756,0.003287459784417234,0.003175673271073745,0.0032119799666219663,0.003031201338825305,0.0029655935989707167,0.003067331971535241,0.0034033923479547122,0.003279065334208524,0.003640909335587845,0.0036872660769775036,0.0032902303259718644,0.002993066249050265,0.0029445297581543583,0.0028609596302116096,0.003011138055537287,0.002970569310801001,0.0031829968525564608,0.003317859720654727,0.0036228540034297626,0.0033861031703998298,0.0028878009200134264,0.0028131284667389507,0.0028324576401560866,0.00271501057878968,0.0028241043582767004,0.0030135609747702387,0.00305914701081757,0.0030597182110731536,0.003286088562314594,0.0033621694902043462,0.002856859265345668,0.002859537008341017,0.0027150096299298886,0.00260714315374045,0.002854919813685527,0.0028425363679113855,0.0028615654469462512,0.0029239172728246364,0.0030754724320595406,0.0029417934172907456,0.002781033572554326,0.002617765061914342,0.0026249694105376377,0.0024846277304517053,0.002554339497483407,0.002611888250461923,0.0027516126068894056,0.0027600244683732033,0.0028482102794274307,0.0028419592508241408,0.002551087265064644,0.0025285256280244586,0.0023146509368678634,0.0024097495288866355,0.002304120471948701,0.0024298173933620846,0.0023683627010254505,0.0025198404241398233,0.002455304350052947,0.0022867575557982927,0.0022075753326010195,0.0022852434906932093,0.002119779519906541,0.002210998874567152,0.0019636869045014166,0.0020344133452867893,0.0018734867337574113,0.0018597129029701456,0.0019005304100455083
ME3 OP9,0.003979845871521173,0.003247951869072342,0.00320582049270055,0.0030583591608732644,0.003017087164991571,0.003165832830172374,0.003325525826043857,0.0034428147966039982,0.003692702480631786,0.003914448461306058,0.004313849745532938,0.0036977906235918533,0.003445993900727573,0.0035356829489847723,0.0034050403989546087,0.0034001472324037443,0.003529079247061393,0.003491620177305627,0.004078576738311672,0.00431439499749382,0.0042401414041773645,0.0036974498781247277,0.0034055436608243224,0.003434605974717688,0.0031925142099237546,0.0033033442875600363,0.003478956093734966,0.003486567776551179,0.004330856366872233,0.004309545625882174,0.004102235049989299,0.0034167269894785405,0.0033916757812605404,0.0033646149714313747,0.003159660584159349,0.0031481987867140533,0.0032508559388583825,0.0036045991185575496,0.0035532185959422018,0.0038444069644523603,0.004016705535162371,0.0034595760222879786,0.003175610403028537,0.0030694139939829506,0.003030760351036134,0.003212049251748595,0.003140858841544338,0.003315600079668584,0.003498366740646847,0.00383972859489149,0.0037132946012262556,0.0029585374696697907,0.0029611296165851057,0.0029125542152823405,0.0028689510971955374,0.002997438605658488,0.003164934838501702,0.003221236905826243,0.003143897559899931,0.0034897320006599467,0.003635774000432261,0.0030194585831699447,0.0030853844690608553,0.002892975372780972,0.0027393971531456244,0.0029752836070532315,0.002937262265022756,0.0029453961060033292,0.003060138160805502,0.0032316837740704557,0.0032625975149434055,0.002998137580768382,0.0028459037732780235,0.002690599730954704,0.0026109446669715856,0.002672359223868554,0.00270679928995115,0.0028890195651063537,0.002906090205663654,0.002949475654409874,0.0031549824597978584,0.0027305240497045554,0.002612989329889092,0.0024236114274111243,0.002485236861163211,0.002417717639215405,0.002484493082750935,0.0025205709160278605,0.0026490666483260433,0.002602540612870224,0.0025542203871432544,0.0024315272226241784,0.0023816830678310584,0.0022013187461909826,0.002309308114529823,0.0020629821885012347,0.0021496352530753025,0.001963192170958246,0.0019288365720856223,0.0019264124415842865
ME3 OP10,0.004612903148484423,0.0037406468154663306,0.0037540534234361653,0.0035164947190935774,0.0035307330503302,0.003646893963803592,0.00380030632929859,0.004018992576243062,0.004206734610335721,0.004487548362946969,0.004977995147749824,0.004250077359560233,0.003915511823296104,0.00407093722825562,0.0038655163917176473,0.003843160122728729,0.0040597860775724815,0.0039344185257642016,0.004621880818871821,0.0049087082818494365,0.004848946578192126,0.004175336934821606,0.003856309751579537,0.003972148782548183,0.003607350709109198,0.003746721977573837,0.003959557522620847,0.004007909149858962,0.004309545625882174,0.00571160782582329,0.0047552457249181316,0.003994072329174046,0.003840712240576976,0.003893035853990798,0.0036443777090661576,0.003566672018156768,0.0037347781921944056,0.00410702898640524,0.0040596180515515765,0.004408025730185211,0.004579743192323221,0.003938565463845774,0.003648691908718145,0.003512539750861226,0.0034698664603181975,0.003719857834367616,0.003545458315628313,0.003844640214373244,0.0040386315353216394,0.004513701658319061,0.004290194359454039,0.003461771139871595,0.0034380312053780373,0.0034039079108832753,0.0033400097336431073,0.0034573979374526455,0.0035831027218397836,0.0037429461509629535,0.003613523716003114,0.004084000653134928,0.004155998269408221,0.0035157632829831828,0.0035077308012777045,0.0033290973951066605,0.003159932037256188,0.003530953554492646,0.0034064400418757955,0.0034082776587744433,0.003532072561006331,0.003783097977385316,0.0036327805054848852,0.0034211107691272096,0.003273311227339586,0.003072242156105544,0.0029891520982068924,0.0030333822135709503,0.00314220871045108,0.0033611875778341545,0.003388180363069685,0.0034522021007094847,0.0035829985715601456,0.003170072070003619,0.0030770472541506457,0.002741035270918791,0.0028685790011028474,0.002875858102784471,0.0029182424510592895,0.0029294427463981976,0.0031057105794346073,0.0030294573767409546,0.003006999814716896,0.002739829489746835,0.0028563741774268554,0.002644403094168042,0.002683166780713098,0.002451170623171167,0.002516973476291866,0.0023481682706471855,0.0022754611555569175,0.0023106822277051604
ME4 OP1,0.0056182754290720624,0.003811479478308726,0.0036154593305123424,0.003364194718609105,0.003249105023933501,0.0034706497473683535,0.003544270544377822,0.0037447793145436075,0.003906158465064002,0.0043901945308820476,0.00608263553101682,0.0042662862558013595,0.003990341472812747,0.0038757633721291105,0.003654173230068936,0.003643606372947869,0.004060822266282489,0.003726406074619485,0.004223321829840737,0.00496640970356998,0.005983055693235625,0.004527006308852989,0.003853224219900918,0.0038671483343892133,0.003464128748359396,0.0035639891411104047,0.0037475282338378935,0.003754104858780756,0.004102235049989299,0.0047552457249181316,0.006700588265173771,0.004223815514289596,0.0037903771841896845,0.003810642384060028,0.0035346765687557635,0.0035228853847168967,0.00351806557557017,0.0038976033456223033,0.0036159136634072876,0.004098133398215643,0.0057873206458758306,0.004301072589222639,0.0036161170167801227,0.003293125966918297,0.003406353351436774,0.0035317117958835946,0.003344344499934375,0.0034987875584960577,0.0036778902919862005,0.004041703400015512,0.0055647052418893875,0.0037175761460168304,0.003449038372990657,0.003293550555213864,0.0031250878874541626,0.003175870409094379,0.0033702533175080287,0.0034236854333793477,0.0034081328610407395,0.0038083974163776596,0.005331203820400124,0.0035909365029366735,0.0037203049227972204,0.003290871994857441,0.0029164287603582447,0.003203352397850572,0.0031461889057269824,0.0030083920442813953,0.0033067662924399195,0.0034369438529818085,0.004874130188067717,0.0035916007952479156,0.0034137811000335993,0.0030077953699527604,0.0029936270673830262,0.0029523530358098135,0.002900762122008304,0.003062033228706503,0.0033862158067532165,0.0033484933071908454,0.004432520985205391,0.0032725580781164123,0.003060368283682924,0.0030184289849197665,0.002667195580908452,0.0027004126636591473,0.0027645602601481527,0.002773185462626068,0.002837721075302948,0.0027915085863446836,0.003603105701281768,0.0031180315452098797,0.0028639306458358017,0.0026139865549116028,0.002735775101490061,0.0024578322832741837,0.002525329439739163,0.0023757301605082607,0.002340173744655098,0.002271656714772768
ME4 OP2,0.003984351464902585,0.003058353543038261,0.002999996639047839,0.0028420382704379406,0.0028472238870282073,0.0029233078686197516,0.0030531825268070275,0.003217609275993033,0.0033102978372773467,0.0035774664483467847,0.004403961102582519,0.0035209347422267942,0.0033584520863089405,0.003346863774242048,0.003148018962943429,0.0031191587257305008,0.003275477812530885,0.003198466882909341,0.00366692365618003,0.0038554160139262633,0.004332544929038534,0.0036784424074546365,0.0032632846891173855,0.0032934672094303286,0.0030333059294131957,0.003061821358914184,0.0032364901463485213,0.003287459784417234,0.0034167269894785405,0.003994072329174046,0.004223815514289596,0.004074730842399241,0.0032560285146977794,0.003263237697849875,0.0030323788048980437,0.0029975988113706276,0.002994888475951406,0.0032994682374678738,0.0031474122950925602,0.0034894293827909223,0.004192409321100875,0.0035363447226237836,0.0031307249955930478,0.0029764759446213704,0.002895557872358375,0.0030448705425511527,0.002938528857479874,0.0030948160964720276,0.0032360202175789545,0.0034768404295711895,0.003902452920370049,0.003062120668392019,0.003005947010531221,0.0028726518811923573,0.0027732000475895117,0.002842513571353131,0.0029290559816693065,0.0029906989508329306,0.002964234594702587,0.003270755029859732,0.0038845431025364683,0.003076305631153698,0.0030848749380425334,0.0028338123968322092,0.0026078684081204807,0.002803403431890094,0.0028069723686533605,0.0027578295920356417,0.0029005101266362035,0.0030685530641330313,0.0034349370887495306,0.002984839916362092,0.0028507629873783004,0.0026162728658308564,0.0025265863886037476,0.0025914117267636415,0.0025810934285576065,0.0027577134557467504,0.0028822812285037177,0.0028735986418563625,0.003123683075006014,0.002716528781491557,0.002663480071710357,0.002488895167627247,0.002421534460248131,0.0023956350734872065,0.0024777348900758473,0.0024318191118472576,0.0024918529717819116,0.0024689787946805637,0.002681265904550846,0.0023837346876886,0.0023478862663553948,0.0021901362882348198,0.0022674412062087235,0.0020843631202141135,0.0022365812271365358,0.0019984049118714556,0.0019147698872819781,0.001941066946668818
ME4 OP3,0.0036205514415036757,0.002918031815161516,0.0029341553297189695,0.0027233456497287823,0.0027339615350451523,0.002832070024776361,0.0029231054379238665,0.0030900758899924954,0.003192685197548917,0.0034197830939298613,0.003965792175499398,0.0034100758360264874,0.0031757796629811536,0.003193390334412753,0.0031040417720321805,0.003088007279300529,0.0031564767692606292,0.0031772945917350405,0.0035700319890685285,0.0038916148929056993,0.003922436710925758,0.0034035457860913877,0.0031751191733923657,0.003175694185113292,0.0029634966231347065,0.002995119787953548,0.003142369443422235,0.003175673271073745,0.0033916757812605404,0.003840712240576976,0.0037903771841896845,0.0032560285146977794,0.003584549768734566,0.0031523550357628076,0.0029003620562717677,0.00286117709024963,0.002946721850760403,0.0032369701653345417,0.003156975588202985,0.003435927633820921,0.003796845842967452,0.003273879265653825,0.0029912006629179795,0.0029099642314147126,0.002809501859807261,0.0029246100166940435,0.0028813995264330666,0.0030436547541478785,0.003148817972667225,0.0034551905816417447,0.003482534054962894,0.002876702212952075,0.00282056223270846,0.0027040688599211564,0.0027171810366265333,0.0027593687132754625,0.002870971642755268,0.002938650563130586,0.0028491820484195093,0.0031253960081961477,0.0034851609505237966,0.0029245723646819377,0.002856611005720644,0.002690341832775916,0.0025421455054517486,0.002745782872124607,0.002741098487984107,0.0027077152400288847,0.002779169075376513,0.0029211232037899557,0.003186073539673393,0.002822255189499583,0.0027083790077706725,0.0025327747635605765,0.0025168146608278413,0.0024675925822881433,0.0025448850294649454,0.002708394292818735,0.0026715010332502517,0.0027496833965071324,0.002845392725178853,0.0025832418564022577,0.00246096437485611,0.002285899898685462,0.002261146430322448,0.002293385003032422,0.002299189979479428,0.0023202612798779573,0.002438992113261501,0.0023397646318154687,0.0024508062114855715,0.0023373350568077055,0.0023091479767288862,0.0021318007556566133,0.002231247941898797,0.002020275451427113,0.002048332836546078,0.0019286872905999576,0.0018184370739897612,0.001854682213856054
ME4 OP4,0.0036212775954069286,0.0028984503305328683,0.002918887820463081,0.002729172121355754,0.0027444860193526622,0.0028228786598265302,0.002897188191871862,0.003073445711499915,0.003173528301427512,0.003457414132331551,0.004061864825968618,0.0033641388345926745,0.003204751550589822,0.003294967263635594,0.00313782752940498,0.003043148154393012,0.00317702974757338,0.0030714136582148895,0.003554652161683784,0.003804978158881906,0.003946316192529059,0.0034213496795687985,0.0031738876662227977,0.0032234050736754103,0.0030013901904617944,0.003010605548389438,0.00323225863425925,0.0032119799666219663,0.0033646149714313747,0.003893035853990798,0.003810642384060028,0.003263237697849875,0.0031523550357628076,0.003632577769525393,0.002993505019964159,0.002906486234146153,0.0030031666442211983,0.0032893498298606698,0.003145934287816036,0.0034829374511890867,0.0037246840800616225,0.0033105475143568944,0.0030249909741653504,0.002933628057658989,0.002896317841625621,0.0030552879731039714,0.002915491682217801,0.003070160510904073,0.003192782925772442,0.0034378608575317887,0.0035026308407648046,0.0028362778342030386,0.002832367924665858,0.0027938582850690168,0.0026958091654494796,0.0027676898009682195,0.0029147048977731234,0.0029382569276795493,0.0029285147863245425,0.0031791658306144404,0.003495585302809542,0.002836761163535937,0.002956273862331579,0.0027528873688814253,0.0026035596433901386,0.002811898172587678,0.0027665630347651067,0.002739803488656559,0.002878141481391657,0.0029839721821552307,0.003138150562864573,0.002826808707789001,0.002760559845439317,0.0025741862863415963,0.0024849294282515456,0.0025243401422823447,0.0025366087255284204,0.002696901226205278,0.0027653737645460044,0.002778953999066639,0.0028747356550611913,0.002567529944751922,0.002515072937719275,0.0023588809150084915,0.002373745623500392,0.002291952887890222,0.0023557056421772125,0.0023140564969228905,0.0024474460925287063,0.002347994183900136,0.0023530640405938154,0.002294728910398471,0.002241981117522914,0.0020977119865092783,0.002171750088992469,0.0020351871860429614,0.002076377664307892,0.001862699862074229,0.0018172532426065815,0.0018275928548437187
ME4 OP5,0.003376226806272761,0.002727681565542355,0.002734464146586472,0.0026235097309599796,0.0026154206498245104,0.0027208262271161176,0.0027696282597528938,0.002915091351512598,0.00300379619916608,0.003221977600550787,0.00373879554148127,0.0031144078360154878,0.0030069995549737243,0.0030760859425136657,0.0028957042447112125,0.002908796422404463,0.002975051515087913,0.002957939919041308,0.003404406108386869,0.0036552643888046995,0.0036762325003477678,0.003205227319719974,0.0029535098897451304,0.0030172013921455835,0.0027826820681115826,0.0028798567338162336,0.00304242191382902,0.003031201338825305,0.003159660584159349,0.0036443777090661576,0.0035346765687557635,0.0030323788048980437,0.0029003620562717677,0.002993505019964159,0.0031990333722717217,0.0027591228806078706,0.0028367442944254627,0.0030791957044335157,0.0029411742493048944,0.00323792812314172,0.003449382498272026,0.003110758454171601,0.0027905291141368635,0.0027543393160963056,0.0026847971419146025,0.0027863265422655094,0.0027221469386393745,0.002856836265122259,0.0029912274879643668,0.0032110517212371858,0.0031954382369419063,0.002584521268437102,0.002635395598962746,0.0026122624298475744,0.002541830898870368,0.002588532084672417,0.002735708171134002,0.0027267732273034946,0.0027078376202351586,0.002978778984383438,0.003211789982525054,0.002642042468695964,0.002669662943919386,0.002551357777146707,0.0023922798137969987,0.002617913893555058,0.0025898442044842425,0.0025159098650027792,0.002668244078604876,0.0027698195091393715,0.00285138720812323,0.0025329019054602933,0.0025047017029996036,0.0023676830701747516,0.002253143912087042,0.0023718734863362925,0.002347391199456893,0.0024923668775155305,0.002590635744481665,0.002591392826149782,0.0026386630303257682,0.0024200462583768927,0.002294037579038405,0.0021428506728442863,0.0022086249551908667,0.0021334345302142775,0.0021812205727893934,0.002177268959384726,0.0023170274945123388,0.0022068242977204,0.0021842613438348354,0.0020443711972071843,0.0020280963213133666,0.0019637505989156035,0.002008680502668346,0.0018588947519334442,0.001901665599874745,0.0017184556352018649,0.0016875268099889196,0.0016971779637030226
ME4 OP6,0.0033610119738113724,0.0026792065064940272,0.0026663897441174403,0.0025403882524106538,0.0025447722610853927,0.002633102925704687,0.0027178985838877522,0.002861325328439423,0.0029461451960147975,0.003133661089519135,0.0036856857025860425,0.0031008568846154373,0.002932959373086563,0.0029678710838173085,0.002834478932502539,0.0028497735175734766,0.003046988021018064,0.0029037965052983775,0.003373205205208967,0.0035404287390957603,0.003658347572445929,0.003140758814376453,0.0029187458438848014,0.0029746066620890623,0.002723007914378765,0.002821879568634424,0.0029908897169991207,0.0029655935989707167,0.0031481987867140533,0.003566672018156768,0.0035228853847168967,0.0029975988113706276,0.00286117709024963,0.002906486234146153,0.0027591228806078706,0.003089173595432677,0.0028161257963835126,0.003023840964100979,0.0029327953470909282,0.0032467594314375824,0.0034395145813189538,0.003047233499267018,0.0027666947600246696,0.002694356672174045,0.0026301952038119713,0.0027920411218677944,0.0026590654987436527,0.0028734767865614625,0.0029763502957750113,0.003203745211605732,0.0031661168732616115,0.0025813081921960204,0.0026085963405297484,0.002561694947754111,0.0024684953706223408,0.002548785172159352,0.0026882052921693815,0.002691672037659964,0.0027011169811544354,0.002948070234047744,0.003247249262638164,0.0025480883415773888,0.0026539039456404457,0.0025245265081784503,0.0023201095220862443,0.002529629581052031,0.0024866540553446646,0.002480554162996686,0.002618498671455306,0.002737297223670558,0.00280365114864531,0.0025235743620145687,0.002452971596324069,0.0022353069944314086,0.0022195828959065324,0.0023374458471066436,0.0022968629813798643,0.00246708471078319,0.0025052425194998533,0.002481610432359013,0.002603185512528573,0.0023318895100381313,0.002262715980462759,0.0021115852268305977,0.002106964049474265,0.0020768373575279194,0.002093121823832658,0.0021264297773741516,0.0022318577438428136,0.0021873697891185407,0.0021898390678178393,0.0019154477581659498,0.0019695739587061952,0.0018192896454222631,0.001926290320897309,0.0017645657760911567,0.0018473428475465322,0.0016636308062393862,0.0016101532708976997,0.0016462966952118492
ME4 OP7,0.0033217401570710845,0.002726462180043253,0.0027626406348239658,0.0026108199831617975,0.0026130813837135993,0.0026967290973990924,0.0028111248598944164,0.0029260273970273835,0.0030942654941037754,0.003243347051647696,0.0036764516226140734,0.0031563552662462343,0.003039493325326481,0.0031088188530922593,0.0029339542516903794,0.0029365918264512027,0.002973073009436623,0.0030317364009574558,0.003508471777540206,0.0036505759078467423,0.003596672586312736,0.003178260633876827,0.0029633657748475485,0.0030390086302536264,0.0028268673411283225,0.0028935126420287648,0.003112005002458404,0.003067331971535241,0.0032508559388583825,0.0037347781921944056,0.00351806557557017,0.002994888475951406,0.002946721850760403,0.0030031666442211983,0.0028367442944254627,0.0028161257963835126,0.0033233478613534278,0.003154379471769579,0.003109944995980339,0.003388916477435508,0.003392273197172686,0.003044859977437119,0.002866457790774698,0.0027829160398292314,0.0027112639915676555,0.0028131900080561024,0.0027892062915689793,0.0029515150690410646,0.0030921568512808817,0.003343677688061165,0.0031773570397405602,0.002651570481653651,0.002676796617563487,0.0026379339593803597,0.002583098747396875,0.0026753565608848085,0.002819522552947665,0.002821331382941687,0.0028015258998572825,0.003027830955847975,0.0031775014938728585,0.0026376822540742635,0.0026237549337806755,0.0025599754211152255,0.0024389716187270642,0.0026564481455779287,0.002644668695025143,0.0025941235982774764,0.002736781233471131,0.002873147569779979,0.0028082518688672025,0.002574315637376271,0.002501961099231396,0.002403758750882541,0.0023128792742556034,0.0023781965552177025,0.002432169518713053,0.002521942023619915,0.002537646594314714,0.0026328909360991367,0.0025385595237230434,0.0023399504023813634,0.0023320455477134254,0.0021304935861663995,0.002143314201762625,0.002173079422751509,0.0021916454006342314,0.002239258824400152,0.002366596108601116,0.002262638421430543,0.0021642910224112907,0.001989137222741766,0.002129327541802708,0.0019251521896615042,0.002026034461997859,0.00183945602200713,0.0018836769523651528,0.001762226677836749,0.0016638868120171933,0.0017307002811407313
ME4 OP8,0.0037285445048210186,0.002981526793024459,0.0030349981942398717,0.0028420291344927627,0.002837661817318162,0.0029494536476077867,0.003022543631689955,0.0032465931478154308,0.003347076803266126,0.003603840897872476,0.004087931587510257,0.0034928570902646736,0.0032501736349278914,0.0033384371729612314,0.0032364151251822516,0.0031748039884733526,0.003295998421948213,0.0032885397760647607,0.003839360322904031,0.004029969694496231,0.003955139417259704,0.0034567405509782242,0.003176518013257534,0.0032602488676793926,0.0030469698171645817,0.003159911933008851,0.0033462142881158737,0.0034033923479547122,0.0036045991185575496,0.00410702898640524,0.0038976033456223033,0.0032994682374678738,0.0032369701653345417,0.0032893498298606698,0.0030791957044335157,0.003023840964100979,0.003154379471769579,0.004023425289010989,0.003307487454541424,0.0037214695153970664,0.0038131316127581567,0.0034253227517303205,0.003087020950192282,0.0029914265103134358,0.002939278999259304,0.003126043035600164,0.003037441072890104,0.0032380416291666564,0.003403402725150865,0.0036890332110157756,0.0034739218291453384,0.0028565456215204838,0.0028259789154114583,0.0028521270376504902,0.0027813574177997877,0.0028930583493297214,0.0030429637307269482,0.0030980864571656507,0.0030350525955174816,0.003366695674661065,0.0034882673766962226,0.0028990089353897078,0.002928889723002935,0.0027893865833577215,0.002598150126871422,0.0029122213498154357,0.0028551900842938415,0.0029026574963633926,0.002955927606258651,0.0031133812895784404,0.0030826774903748803,0.002879661396112711,0.00270523399091073,0.002588654949946029,0.002552489777570024,0.0026305188023109417,0.00261607038496036,0.0028211835360186645,0.0028698953010378595,0.0028425011104323997,0.0028649087849192158,0.0026203318146175592,0.002561171925474172,0.0023479245885609807,0.0024080386355139335,0.002339886731302943,0.0024196976298655917,0.002447622374973161,0.002611684163611465,0.002494355879627621,0.0023174124219498956,0.002227453145306625,0.002274605345956073,0.002095733561452127,0.002259786796519395,0.001999873769044432,0.002017701724788272,0.0018673714191083763,0.001827555024738897,0.001862914246721691
ME4 OP9,0.003490638724509023,0.002968978056045747,0.0029488591752738894,0.002781002109279141,0.0027693814323542843,0.002897579558494118,0.003035351836088195,0.0031649196002905265,0.003372082493368062,0.003492076416146549,0.0037916708308186175,0.0033737505712828145,0.00316068123237135,0.003256363682911556,0.0031100507609869575,0.003091183397696399,0.003197171198088724,0.0032574847084530945,0.0037471841579009286,0.004010809707901281,0.0037741887896710477,0.003331117141672984,0.0031715406585327054,0.003243237650871854,0.0029841373702476524,0.0030545861631896755,0.003273915118462811,0.003279065334208524,0.0035532185959422018,0.0040596180515515765,0.0036159136634072876,0.0031474122950925602,0.003156975588202985,0.003145934287816036,0.0029411742493048944,0.0029327953470909282,0.003109944995980339,0.003307487454541424,0.003980076220414179,0.0037016494678961806,0.003505164593868095,0.003213201392807956,0.0029754525538964855,0.0029041878248857564,0.002840667318624319,0.0029224928503203368,0.0029835741270716194,0.003216087409280995,0.0033160533969733637,0.0036821400425523444,0.003255880639736384,0.0028635981497489144,0.002800599572262678,0.002767711645209975,0.002810639160747052,0.0028606929666372865,0.003009205724083296,0.003108557004171343,0.003052229074982664,0.0033631422204390246,0.0032305922835591636,0.0028736248424977586,0.0027812644368471313,0.002761488200523271,0.00264652271827398,0.0029236502494660336,0.002917010968055516,0.002880866427784975,0.0029509275759019337,0.003250709016487843,0.002942252426229445,0.002744991132265735,0.002676163963251962,0.0026034657429149185,0.0025308772654560785,0.002584965402442066,0.002668672823841158,0.0028688534374065795,0.0028029271254569627,0.002896644297200909,0.0027460711890339435,0.0025843344868860117,0.002593848481406319,0.0022946599356145356,0.002383994448966708,0.0023748522662090654,0.00243149467116072,0.0024330774724060137,0.002554967039700239,0.0025200235641610925,0.0023282410543731097,0.002250914182038763,0.0023041057327135724,0.0020898652643935754,0.002210205916464651,0.0020346444473345977,0.002088797206873,0.0020124532940977925,0.0019189490396044856,0.001868162651408362
ME4 OP10,0.003913857278244277,0.0032212692646676417,0.003228568000030467,0.00304714421101166,0.0030533399062770907,0.00319045094736368,0.003283736649526577,0.0034523543228098283,0.003688316589093984,0.003979165187449078,0.004238780648268239,0.0037062863603512567,0.003427823161704548,0.0035625064666159425,0.0033958791371915633,0.0033505642174489155,0.0036019055854441813,0.0035738456487794377,0.004127004159955751,0.004448775015001959,0.00423732649668808,0.0036314582588453824,0.0034450462295649922,0.0035159905173707184,0.003313285554987229,0.003338693990302923,0.0035765698648524266,0.003640909335587845,0.0038444069644523603,0.004408025730185211,0.004098133398215643,0.0034894293827909223,0.003435927633820921,0.0034829374511890867,0.00323792812314172,0.0032467594314375824,0.003388916477435508,0.0037214695153970664,0.0037016494678961806,0.0047528913134715165,0.0038907260598225416,0.0036088371204602856,0.0033153524427373716,0.0032325337375988285,0.0031108536229181977,0.0032282833528164256,0.003251066261122035,0.0035368843381753134,0.003727001592564662,0.004026629840085354,0.0036523643469082204,0.0031170503048721606,0.0030239925939817857,0.0030343079655301333,0.0030144894544753115,0.003138231976188754,0.0033181758114376094,0.0034068153224189,0.0033999465758553656,0.003704300068902447,0.003652653905804218,0.003130910304714041,0.00312457509455464,0.0030184371955125013,0.002848411695850318,0.003162357000641531,0.003151095329197782,0.0031451289534926378,0.0032069130255198107,0.003515207525332206,0.003304448243087571,0.0030196482000305436,0.002890430740948379,0.0028136761615433566,0.0027603444823024975,0.0027745482087378273,0.002917894881555798,0.0030843849216400207,0.0030073712873653945,0.0032356391402539727,0.0030617775421329205,0.0028248000541544636,0.00279370603697769,0.0024666439316563993,0.002570891843688286,0.002557157333452076,0.002652793144565095,0.002610595183295677,0.002820123948544096,0.0027351643623124526,0.0026367837567221357,0.0025087090097068794,0.0025466391111824546,0.002299413020381771,0.002414601231066411,0.00214908749526145,0.002228582734920635,0.0021159970837447296,0.002064354549588978,0.0020657322211727783
ME5 OP1,0.0053777556104398615,0.0036644892834777195,0.0035130486788676704,0.0032604196438474438,0.003135522475143594,0.0032867088339206493,0.003431668633428241,0.003675772173810286,0.0037627754499083214,0.004308221284880622,0.005980282948717245,0.004160933593730266,0.003949665561852807,0.003804617872434708,0.0035343013092266266,0.0035161374485353043,0.0035854851271061423,0.003622286554732703,0.0041564524677414364,0.004839222278919261,0.005859178146828804,0.004498078034612815,0.0037431621075276126,0.003759805945607188,0.0034419819813282116,0.0034602849065700683,0.003651307509262676,0.0036872660769775036,0.004016705535162371,0.004579743192323221,0.0057873206458758306,0.004192409321100875,0.003796845842967452,0.0037246840800616225,0.003449382498272026,0.0034395145813189538,0.003392273197172686,0.0038131316127581567,0.003505164593868095,0.0038907260598225416,0.0067462909782038975,0.004328637831534706,0.0036300390549907986,0.0032838542662779963,0.003367107225953156,0.0035188780221828454,0.003309911656030844,0.0034531962128520376,0.003690161377873657,0.0040590776978508035,0.00568066469862024,0.0036932373269864065,0.0034581794791544115,0.003298879114922652,0.0031061380404874207,0.0031726352842172145,0.0033815368574328913,0.003387290521223801,0.0032927237135660643,0.003756759527688928,0.005539703995486391,0.0036861609717122657,0.003780883202762458,0.0033839768095902246,0.002870437509446166,0.003120079233767032,0.0031694629389825905,0.0030176595488012724,0.0032277141584574134,0.003402595531094546,0.005086954609766362,0.003648179912703491,0.003558229602916284,0.003082205701053044,0.0029884004786308897,0.002945009286955504,0.0029232238776883577,0.003035519022384215,0.003481324368991187,0.0034021742274824647,0.004619940033895201,0.003423837715178959,0.003052126484548608,0.0030572727748972954,0.0027306387347588047,0.0027082042573416732,0.0028335442632700537,0.002732701494291939,0.002887435552867413,0.002779343763755255,0.0036789444809952705,0.0031381272399558344,0.002905086895726139,0.002688017934107925,0.0028859868417592575,0.002536201284149147,0.002626605327290998,0.002360786759590538,0.0023860253071506425,0.002331093171320435
ME5 OP2,0.0040604934202617985,0.0030586401875486555,0.0030126165933413995,0.002813848513337316,0.0027772891902128785,0.0028705198231047642,0.002982439541246902,0.0031654498547633216,0.0032558160827875367,0.003576567225576393,0.004524414526450038,0.003496626966669625,0.003289691120864149,0.003322681525654743,0.003123993899757113,0.0031132770133188,0.0032036406297715697,0.003249284174438411,0.0036944199819571896,0.004148431790202003,0.004397910524652143,0.0036915714741194814,0.003303684126139082,0.00330509858442161,0.003006761910815848,0.003085445259451957,0.003259771767101489,0.0032902303259718644,0.0034595760222879786,0.003938565463845774,0.004301072589222639,0.0035363447226237836,0.003273879265653825,0.0033105475143568944,0.003110758454171601,0.003047233499267018,0.003044859977437119,0.0034253227517303205,0.003213201392807956,0.0036088371204602856,0.004328637831534706,0.00421629058040524,0.0031535273774031753,0.0030060102349423155,0.0029705679759537804,0.003128673215618484,0.002968069376216714,0.0031511922744227846,0.003322798381687387,0.0036031233037687603,0.004044831809746011,0.0030993613795920905,0.0029772717131658797,0.002931618329405948,0.002789372526853778,0.002855679157849795,0.003037347093734073,0.003060816426376112,0.003059694425714973,0.0032794581491209555,0.004074077994332367,0.0030936748894058418,0.0031971360240780513,0.0029379049380278493,0.0026592192975006482,0.002853215706741162,0.002833581257674644,0.002809553559475366,0.0029656135738561785,0.0030850394965494625,0.0035948857704344666,0.0030730780003792326,0.0030238588211698356,0.0027026957528836306,0.002640161264316031,0.0027035723920930507,0.0026498121115500132,0.0027826529030852065,0.0030120657034452677,0.002970888351372188,0.0033189636890166526,0.0028648271514329048,0.0026896964733289083,0.0025994713341363747,0.002461490142110083,0.002458855478243422,0.0025379824590235417,0.0024459723597289994,0.002615966290276596,0.0024750768252661147,0.002697182111652181,0.0025184319541633185,0.0024418752553009176,0.0022717330605010093,0.002364795653047305,0.002122046832938822,0.002196683943882839,0.0020219935040842922,0.0019880659168583993,0.001945333410506139
ME5 OP3,0.0033643148406826548,0.002690063667041528,0.0027011537241284876,0.0025325451215847655,0.0025308625202794975,0.0025994859535232472,0.00269633842614736,0.0028786794355617202,0.002994121265529571,0.0031755815143720877,0.0037336853567184777,0.00313066648428417,0.0029672169073537407,0.0030065288887697814,0.002863488072603319,0.002860330412431683,0.0028885725192057095,0.0029217320330313873,0.0033834293319241512,0.0036260577684418182,0.0037501914767370244,0.003205915334062689,0.002968676095080123,0.002974486162980649,0.0027913844707716175,0.0028852482824418216,0.0029843268152972145,0.002993066249050265,0.003175610403028537,0.003648691908718145,0.0036161170167801227,0.0031307249955930478,0.0029912006629179795,0.0030249909741653504,0.0027905291141368635,0.0027666947600246696,0.002866457790774698,0.003087020950192282,0.0029754525538964855,0.0033153524427373716,0.0036300390549907986,0.0031535273774031753,0.0033808106261120434,0.002792071115699682,0.00272821479471293,0.0027843951782336156,0.0027677314941395082,0.002872654813600294,0.0030596561204084692,0.003298692732400019,0.00341268455956908,0.0027649681080078106,0.002699976277108827,0.0026433125859332673,0.002596321235774747,0.0026290653805946243,0.002791504944629606,0.002803599440879737,0.0027742201272692333,0.0030330956621135055,0.0034000302262743886,0.0027741446532561524,0.0027936838985305468,0.0025749212474734133,0.0024675876406270746,0.0026775853314848132,0.002678136783680783,0.002583532803664646,0.0027214355088494,0.0028710059780787255,0.003032678633292246,0.002735544359490871,0.0026596218023919563,0.0024765777459190854,0.0023847665296882017,0.002395200505675882,0.0024551282250757254,0.0025626909579999344,0.002610967429259647,0.002641372058055085,0.0027866202349513705,0.0025348768941302275,0.0024333707643146942,0.0022829628240252265,0.002249705630974505,0.002236592249361086,0.0022621921558253887,0.0022881374843546584,0.002380522362751493,0.0022877340826531227,0.002450064909593945,0.00220615802475667,0.0022069446953044856,0.002043601430446525,0.0021160514970503027,0.0019134434409971803,0.001986877718605535,0.0018405441386707834,0.001777496652098932,0.0018135894562995047
ME5 OP4,0.00311338241223747,0.0025883978072264936,0.002603767933849273,0.0024975134660791803,0.00250849358967759,0.0025812040499230016,0.002657670546701705,0.0027531119298020022,0.0028779628927454457,0.0030197841518141795,0.003478928515906666,0.0030072629138397024,0.002887812617547967,0.0029972155295506773,0.002831298544857044,0.0027880338497365217,0.0028659621247782755,0.0028696037173339853,0.0033139501727082014,0.0034886975877601754,0.0034661510273401573,0.0030746781403243185,0.002895234851669817,0.002926663574926739,0.002768086990875288,0.002788868580612286,0.002921841189822065,0.0029445297581543583,0.0030694139939829506,0.003512539750861226,0.003293125966918297,0.0029764759446213704,0.0029099642314147126,0.002933628057658989,0.0027543393160963056,0.002694356672174045,0.0027829160398292314,0.0029914265103134358,0.0029041878248857564,0.0032325337375988285,0.0032838542662779963,0.0030060102349423155,0.002792071115699682,0.0031322691604757243,0.002625276039248752,0.0027672521731013544,0.0026741437579082946,0.00284085254811901,0.003000368375686649,0.003147887031108019,0.0031244113760683654,0.0026282537426124504,0.0026344434334894867,0.0025946278751642717,0.0025478122558668546,0.00259000242781901,0.0027027762754402245,0.0027370906856142053,0.0027236567923427137,0.002905235782579883,0.0031325863685975845,0.00266030767986987,0.0026559298396686276,0.002531489764570753,0.002423871308104257,0.0026251774111442383,0.0026068935037501205,0.002592444940167566,0.002639136044188918,0.002764687111947479,0.0027893891508321057,0.002618845545832155,0.002523796077998122,0.002396914433450902,0.002334914488964006,0.0023782537557899552,0.0024003758520506732,0.0025331440682979066,0.0024900838820498643,0.0025706850469720205,0.0025239889331875173,0.0024080241407144934,0.0023326861535314042,0.002191326976953515,0.0021983890570125707,0.002128347179087315,0.0022159168531698924,0.0022000752634214033,0.002286212575805204,0.0022248927319596175,0.002243786835414221,0.0021022881439836214,0.002112361933049655,0.0019805077787725476,0.0020510643306707547,0.0018783005909580922,0.0018866583487220825,0.0017665446151976598,0.0017286124408262262,0.0017196975543753833
ME5 OP5,0.0031672964315326807,0.0025466702958061595,0.002594346921056027,0.0024357774414813776,0.002414202489270837,0.002535211632288145,0.0025976683989416115,0.0027826733295026997,0.0028368794345126646,0.0030820353247004014,0.0035020919245916464,0.002975148781537058,0.0027917985278989826,0.0028872901747716145,0.0027641940355409896,0.00269511536367533,0.0027222786663382687,0.002788067332477353,0.003203489188239084,0.0033916992151173555,0.003502148111663175,0.003028673380016509,0.0027857906674601664,0.002838511493699876,0.00266576665214221,0.0027166169373221767,0.002905122364971727,0.0028609596302116096,0.003030760351036134,0.0034698664603181975,0.003406353351436774,0.002895557872358375,0.002809501859807261,0.002896317841625621,0.0026847971419146025,0.0026301952038119713,0.0027112639915676555,0.002939278999259304,0.002840667318624319,0.0031108536229181977,0.003367107225953156,0.0029705679759537804,0.00272821479471293,0.002625276039248752,0.003005516469644771,0.0027061630735701575,0.00263022612080689,0.0027319207663285454,0.002904219957496116,0.003125836442570041,0.003151697427162044,0.0025710470396790638,0.0025737369721312887,0.0025173530297491996,0.0024614176879832637,0.002493949271491557,0.002679721856969653,0.002669972701452481,0.002663486282196177,0.002890818519559238,0.0032300095227281046,0.0025683688831672716,0.0026432030119422152,0.002476937814377295,0.0023329829691527662,0.0025484384863934365,0.002515231696099861,0.0024719169255058206,0.0025658295436729772,0.002736186940549146,0.002756146640825626,0.0025565704747142464,0.0025012096229016243,0.0023287096372547004,0.0022445244386146714,0.00230627862902375,0.00232968037527975,0.0024511183430606922,0.0024809067578377684,0.002515928239541731,0.002569943505714398,0.0023629601765893056,0.0022970009959346494,0.002183400629203237,0.0021077475715546383,0.0021175455614869565,0.0021661718695499535,0.0021476972637664428,0.0022828892742468095,0.0021979900324898076,0.0021222935948671893,0.0020226222270540994,0.0020834213247904287,0.0019131979579300063,0.0020108595193744456,0.0018519031833317827,0.0018228235171940464,0.0016803498689222619,0.0016922775037591321,0.001683649379124234
ME5 OP6,0.0033809211809668212,0.0027233143145912555,0.0027228381198703216,0.002573220348938885,0.002577840066759947,0.0026402774802787733,0.0027884385108559485,0.002906295109954623,0.0029843820594536562,0.0032238633882966986,0.0037291451150114085,0.0031592249382547603,0.0029639091417219213,0.003006514015057869,0.0029008549271183947,0.0028866233090103304,0.0028860838323763963,0.002915394292861106,0.0033958160886598506,0.003635150410449311,0.003645643466459189,0.003170564000117664,0.002893741422181158,0.0029802365084191456,0.0027509815714874554,0.0028694926206330046,0.003001779354736216,0.003011138055537287,0.003212049251748595,0.003719857834367616,0.0035317117958835946,0.0030448705425511527,0.0029246100166940435,0.0030552879731039714,0.0027863265422655094,0.0027920411218677944,0.0028131900080561024,0.003126043035600164,0.0029224928503203368,0.0032282833528164256,0.0035188780221828454,0.003128673215618484,0.0027843951782336156,0.0027672521731013544,0.0027061630735701575,0.0032629636975318225,0.0027457402559043814,0.002938458710001051,0.002993260456185115,0.003292074155112228,0.003202210521103615,0.0027027414328303135,0.0026620091281426604,0.0026484032063625548,0.002556577137584377,0.002664134448000167,0.002795296725388768,0.0028208592376778386,0.0027747399824312913,0.0030047264854278803,0.003243433490089174,0.002699004435625084,0.002819366573203593,0.0025852639449349675,0.0024236908630503665,0.0026598839407584703,0.0026131153910021157,0.002600488891796512,0.002693571106867853,0.0028009933725517792,0.002900068058343857,0.002653744385823957,0.00259366523803458,0.002410288885847379,0.00227817413496066,0.00244747115533547,0.002413523736978679,0.0025741820858185007,0.002656253936374227,0.002597595325100157,0.0027770821167951943,0.00251392788689275,0.0023855442547197556,0.002256672630654459,0.002221290752623342,0.0022048449823990988,0.002270058729244181,0.002247603773264457,0.002384412857437452,0.0022720515112929483,0.0022210691572605804,0.0021129721396563445,0.0021106731742532225,0.002002412667601954,0.002093898385083075,0.0018635664305719887,0.0019203668509807123,0.0017707453517378814,0.0017351183878610505,0.0017473145390666347
ME5 OP7,0.003163243439052228,0.0025997434044650624,0.002623523722140307,0.0024630286661840267,0.002492262936220047,0.0025684010084806013,0.0026424374244817567,0.002813839107047652,0.0029398333139731337,0.003105896194818424,0.0034795642408441715,0.003025178569597144,0.002869517914465121,0.002919539110205013,0.0028374296746773377,0.0027918807364281525,0.0028367710640866597,0.002907743258307014,0.0032957180624391493,0.0034276416945998238,0.0034648146909896293,0.003036666935685398,0.0028634050056779922,0.0028864268552979046,0.0027576640798442132,0.002788213661575482,0.002966595555677477,0.002970569310801001,0.003140858841544338,0.003545458315628313,0.003344344499934375,0.002938528857479874,0.0028813995264330666,0.002915491682217801,0.0027221469386393745,0.0026590654987436527,0.0027892062915689793,0.003037441072890104,0.0029835741270716194,0.003251066261122035,0.003309911656030844,0.002968069376216714,0.0027677314941395082,0.0026741437579082946,0.00263022612080689,0.0027457402559043814,0.003101983423691823,0.002870591294737275,0.0030273424862668798,0.00325202507472057,0.0031474964695405736,0.0026191436473194953,0.0025970006902548506,0.002554221493616918,0.0025445543681401257,0.002610046755037401,0.0027558851445677536,0.002770150764381507,0.0027250882202179533,0.0029624967989415442,0.003057625894321598,0.002686280637572816,0.0025807885417070096,0.002470640848162699,0.0023710485500740494,0.0026224307943975593,0.002615210615922918,0.002612434366137439,0.0026563833285889443,0.0027957825762112095,0.002771551483903949,0.0025987139487838777,0.002470181110660961,0.0023740910190370988,0.002321821614700741,0.0023398707434374357,0.002403003155873769,0.0025557154079361346,0.0025126865647407074,0.002637348781864091,0.002505677858448289,0.002350434358983253,0.0023470324325979234,0.002129064540188321,0.0021721712090636974,0.0021401226354532243,0.002261305975869751,0.0022383937559402075,0.0023736532401243174,0.0022906001807567527,0.002308609477456052,0.0020931117295333278,0.0021563751670786563,0.001972041048159052,0.002052497218268244,0.0018547012215489828,0.001933565926983015,0.0018061381213135721,0.001773983337600444,0.0017648101462392877
ME5 OP8,0.003339745443724755,0.002808411353321911,0.002801139436188649,0.0026497877402549192,0.002676358899580458,0.002766025093869953,0.002907824583017153,0.003053012005972721,0.0031947554359840428,0.0033256043618621564,0.0036450413845872435,0.0032347797880106343,0.003012863773433704,0.00312999988821894,0.0029901387409366513,0.0029727007287894906,0.003234080473301685,0.0031082503965584873,0.0035951574693173383,0.003722200312572473,0.0036583796499084363,0.0032000989294772115,0.0030151460687235475,0.0030899614570682695,0.0028689931613075197,0.002949466140030679,0.0031631952850159325,0.0031829968525564608,0.003315600079668584,0.003844640214373244,0.0034987875584960577,0.0030948160964720276,0.0030436547541478785,0.003070160510904073,0.002856836265122259,0.0028734767865614625,0.0029515150690410646,0.0032380416291666564,0.003216087409280995,0.0035368843381753134,0.0034531962128520376,0.0031511922744227846,0.002872654813600294,0.00284085254811901,0.0027319207663285454,0.002938458710001051,0.002870591294737275,0.0035655395263632698,0.0031875279763414737,0.0035174671903999842,0.003173878377623935,0.002792232121616563,0.002721168445992401,0.002734557650677046,0.0027024823049470164,0.0028158849229636103,0.002985578768930188,0.0030028073157600697,0.0029785564524831016,0.003232818432629529,0.0032398846122582555,0.00287509676964644,0.0028009685504918453,0.002678671182134239,0.002603206972809271,0.0028913602571168447,0.0028115691061310253,0.002825298696259041,0.002916548479139779,0.003119255226023571,0.0029359189147726097,0.002730916427364483,0.002630129533206503,0.002569582853813305,0.0024923098046029826,0.00257516857166755,0.002645770687672535,0.0028046273418515107,0.002743132703561855,0.0028057036401374293,0.0028685962179559286,0.0025291077380354453,0.002554932301029503,0.002223509377449002,0.0023516608374208312,0.002343884720394477,0.0024255103084805077,0.0023905696378209817,0.0025374672190301767,0.002471394801359557,0.0023447875524000472,0.002247121662837127,0.002305530726099035,0.0021178418718133057,0.0022078153722033768,0.0020185061453268714,0.0020423793949208412,0.0019701811798611157,0.001901655375802323,0.0018827350750302307
ME5 OP9,0.003372494555236783,0.0028390864413536023,0.002846500716195603,0.0027196699470561953,0.0027982910013349027,0.002835924216895478,0.002932480981152813,0.003080632617345521,0.0033003662490851677,0.0034008742396277308,0.003756335887360189,0.0033206691305410047,0.0031543975837148015,0.0032391673478954423,0.0031247945257742204,0.0030798640863907278,0.003057378658341733,0.0031661885151490067,0.0037470160274496378,0.00390757874524651,0.0037800083975256704,0.0033014226766124393,0.0031381742658041357,0.003175050477393682,0.0030382887221775843,0.0030481138760253394,0.0032654584586853503,0.003317859720654727,0.003498366740646847,0.0040386315353216394,0.0036778902919862005,0.0032360202175789545,0.003148817972667225,0.003192782925772442,0.0029912274879643668,0.0029763502957750113,0.0030921568512808817,0.003403402725150865,0.0033160533969733637,0.003727001592564662,0.003690161377873657,0.003322798381687387,0.0030596561204084692,0.003000368375686649,0.002904219957496116,0.002993260456185115,0.0030273424862668798,0.0031875279763414737,0.004010698203738659,0.003720829873132604,0.0033821639398806803,0.00284298771136105,0.0028383735932368897,0.0028286088287103987,0.0027782611548969587,0.002893531682083479,0.0030582402843289096,0.0031600665456794712,0.003119203134119144,0.0033830780806285675,0.003285505483797391,0.0028993936960760363,0.0028148129799295627,0.0027666581815710394,0.0026495672986830456,0.0029204771805896226,0.002885218502941555,0.002921798055865181,0.0029760894052911486,0.0032296300000008663,0.0029615804942341394,0.0029017782525127783,0.00272338489908971,0.002612725749168583,0.002601104715399773,0.0025921208708994184,0.0026895710333213483,0.0028890188370494997,0.00281639080962947,0.0029835252307166813,0.002788672240474485,0.0025786668521998552,0.002553326611483975,0.002333497837093188,0.0024008204063399713,0.0023933252781073396,0.002446946358886592,0.002495859065002975,0.0026723965209820687,0.0025836823671645678,0.002496507262930837,0.002295277806511102,0.002326489024298658,0.002142113425752424,0.002241879415835501,0.0020173846422337637,0.002124192386842351,0.0019834558861525275,0.0019194108848351005,0.0019743290584549635
ME5 OP10,0.003811875254608421,0.003162754008848555,0.0031773628500708735,0.0029560228968163807,0.0029815158340174416,0.0030999467190161905,0.003205527901639474,0.0034430043182999857,0.0036183247514831366,0.0038378099386308746,0.00420358285865783,0.003707682980041225,0.0033591912170380786,0.003504784723851757,0.003384148703362975,0.003353241545556692,0.003466676888849376,0.003535487798474489,0.004111477431132093,0.004477735893977012,0.00417581386439502,0.0036188894403352094,0.00335271990871754,0.00350850416163023,0.0032145843757325197,0.003321780785174919,0.0035232581484986236,0.0036228540034297626,0.00383972859489149,0.004513701658319061,0.004041703400015512,0.0034768404295711895,0.0034551905816417447,0.0034378608575317887,0.0032110517212371858,0.003203745211605732,0.003343677688061165,0.0036890332110157756,0.0036821400425523444,0.004026629840085354,0.0040590776978508035,0.0036031233037687603,0.003298692732400019,0.003147887031108019,0.003125836442570041,0.003292074155112228,0.00325202507472057,0.0035174671903999842,0.003720829873132604,0.0047154050596299076,0.003814525896645423,0.003137888714399494,0.003031166248530443,0.0030657475796154257,0.003064785684270599,0.00317647115133955,0.0033420960267051716,0.0034699181962009,0.0034039279308188575,0.0037538636163781365,0.0037620217948661177,0.003251294015216271,0.003119110093953811,0.0030238189208763363,0.0029216488314424338,0.0032136829776032013,0.003184862375805024,0.003213997521020032,0.0032958008672478796,0.0036462602344147473,0.0034812357200980698,0.0030919835327557856,0.002998644650803459,0.0028647130932880228,0.0028396724293168994,0.002830985799815814,0.0029454846616701748,0.003160609449254292,0.0030876683276948903,0.0033207699084827637,0.003241963183592713,0.0029081870078163075,0.002857191930090385,0.002520618089917547,0.002643427033255898,0.0026600268657887916,0.0027495510580328878,0.002775643749772669,0.002968422456247574,0.0028403499178174716,0.002801387962675517,0.0025896684614858086,0.0026826920809040655,0.0024513771175212564,0.0025349798637837994,0.0022938861089270507,0.0023979414205775266,0.0022661867553509392,0.0021462481487200488,0.0021887051170706357
ME6 OP1,0.005048512698680299,0.003317209303032305,0.0031954557666754512,0.0029712354332252946,0.0028633206902956274,0.0030206181671310565,0.0030992610749369376,0.0033056814798083463,0.003433857322640388,0.003823890560745697,0.00569117538344297,0.0038229773744101045,0.003548537285958926,0.0034544046922239608,0.0031972022419878058,0.0032069976014454968,0.0033414028729959063,0.0033358268386714843,0.003773974048672551,0.004424144045241898,0.005547543804785086,0.0041530865469126075,0.0035032180516751383,0.003473059947436978,0.0032190898232057714,0.003251880023085846,0.0033941612504949053,0.0033861031703998298,0.0037132946012262556,0.004290194359454039,0.0055647052418893875,0.003902452920370049,0.003482534054962894,0.0035026308407648046,0.0031954382369419063,0.0031661168732616115,0.0031773570397405602,0.0034739218291453384,0.003255880639736384,0.0036523643469082204,0.00568066469862024,0.004044831809746011,0.00341268455956908,0.0031244113760683654,0.003151697427162044,0.003202210521103615,0.0031474964695405736,0.003173878377623935,0.0033821639398806803,0.003814525896645423,0.006920245123884817,0.0034997187545762836,0.0032905428050782237,0.00314791882499791,0.002990936964327805,0.002988385324395192,0.0031025019474661924,0.003213535064266373,0.0030766229875546273,0.003486816257369359,0.005462501130342027,0.003531392508294396,0.003503435843735907,0.0031176849469333246,0.0027535981348602774,0.0029463984364538915,0.002985907449516956,0.0028166711627837667,0.0030411763503852113,0.0031197736000993562,0.004859933381633434,0.00353796237090459,0.0032912169129970135,0.00299040502787383,0.002929968582573066,0.0028156721485745493,0.002770191607469177,0.002844829463406031,0.003190518022582484,0.0031535974015382364,0.004424279040743839,0.003154893791385211,0.002968985988019985,0.0029034628770373177,0.002542115465690633,0.002550364616079373,0.0026130294950631266,0.0025977270518576048,0.00274203342985393,0.0025857747327117228,0.0037058039731198435,0.0030564570836433148,0.0028601470036608333,0.002632029241129929,0.002696882513524956,0.0023724928695163946,0.002492391065687165,0.002372980653057717,0.002315923994316176,0.002163073346534456
ME6 OP2,0.003407909034160288,0.0026725195309362875,0.002609404056414029,0.0024138728355931976,0.002391981615214501,0.0024805569113592763,0.002605786363823545,0.0027276636436176093,0.0027777289974932956,0.0030384108958636394,0.0037037759422930984,0.0030693767563663345,0.0028267919226061438,0.002815319263762279,0.002735344408775913,0.002674100722572919,0.0030236710582151266,0.0027694221522586446,0.003154232618760984,0.003508325612228471,0.003752191452383626,0.0031561341336558226,0.002858852204530092,0.002876331226974942,0.0026608856519304,0.002674096967677016,0.0028140168173209786,0.0028878009200134264,0.0029585374696697907,0.003461771139871595,0.0037175761460168304,0.003062120668392019,0.002876702212952075,0.0028362778342030386,0.002584521268437102,0.0025813081921960204,0.002651570481653651,0.0028565456215204838,0.0028635981497489144,0.0031170503048721606,0.0036932373269864065,0.0030993613795920905,0.0027649681080078106,0.0026282537426124504,0.0025710470396790638,0.0027027414328303135,0.0026191436473194953,0.002792232121616563,0.00284298771136105,0.003137888714399494,0.0034997187545762836,0.003508087920408496,0.0026625482718553705,0.0026118929236009867,0.002497763913897823,0.0025330135275927384,0.0026546903840570925,0.0027056820021516864,0.0026705495237623637,0.0029324105130037587,0.0035115705327740145,0.0028351155606995684,0.002785581534044459,0.0025036524855312397,0.0023906703206820704,0.0026010469906542146,0.002617983366085242,0.00254806828023511,0.0026079266999154476,0.002803663699868215,0.003239665976078726,0.0027295885854325096,0.002633706492592947,0.0024986658920627706,0.0024141212762053537,0.0023542389923542654,0.0024062499511653653,0.002557159538914781,0.0025372745199043595,0.0026139471339297936,0.0028965490367957726,0.002544061580404778,0.0024148494652930794,0.0022942508785350826,0.0021319212096793144,0.0021955763193571465,0.0022678547907876924,0.0022091859556528566,0.0023117197200663835,0.002263069978394419,0.002591148446260043,0.002349404935557404,0.0022322595369334286,0.0021159205353264905,0.0021171857887541975,0.0018931724380124467,0.0019841512160007307,0.00185330081443205,0.0018553806340209239,0.0017615964092773358
ME6 OP3,0.0031944625927085696,0.0025249376162132745,0.0025026909736452566,0.0023818408225810407,0.002382393353677193,0.0024633296275420494,0.0025759020002440736,0.002636300873329505,0.0027114161864743563,0.002922678046030455,0.003584535921158859,0.002963917700408155,0.002812555762881518,0.0028201106327889187,0.0026576771987472897,0.002680976429209293,0.002777366438844429,0.002717888701959403,0.0031803564869739465,0.0033479654762870073,0.003551599551145727,0.0030731607893657075,0.002802644818365521,0.002816034882087865,0.0026466568770087463,0.0026770681670686847,0.0028206054960944697,0.0028131284667389507,0.0029611296165851057,0.0034380312053780373,0.003449038372990657,0.003005947010531221,0.00282056223270846,0.002832367924665858,0.002635395598962746,0.0026085963405297484,0.002676796617563487,0.0028259789154114583,0.002800599572262678,0.0030239925939817857,0.0034581794791544115,0.0029772717131658797,0.002699976277108827,0.0026344434334894867,0.0025737369721312887,0.0026620091281426604,0.0025970006902548506,0.002721168445992401,0.0028383735932368897,0.003031166248530443,0.0032905428050782237,0.0026625482718553705,0.0031070964002431426,0.0025790798131365192,0.0025137078287195314,0.002556817473236901,0.0026420286121690705,0.002626960332252028,0.002604331931732309,0.0028369240814319343,0.0033307240168250316,0.0026787631999141814,0.002700797878718723,0.002542551239777443,0.0023729790394553278,0.002527826698769027,0.0025032810034819318,0.002455830062983075,0.0025699558872072934,0.0027035805225844875,0.0029284571727263608,0.002673062140714108,0.00255227152145903,0.0023857565913117003,0.0023267594858843426,0.002359912752373545,0.0023536287791189165,0.0024415204893325913,0.0025342966975812945,0.0025241715990066437,0.0027186546841259985,0.0024525309140956755,0.00237111984996832,0.002200464884343488,0.002144376958183008,0.0021640455554764316,0.002188003631533553,0.0021866247788626197,0.0022381798055260533,0.0021621560210166057,0.002379377923850719,0.0021237211257846157,0.002152987570901369,0.001955082650555603,0.002028737296956129,0.0018841093705295301,0.0018855210852933744,0.0017815419353447329,0.001694624984487143,0.0016690708701130204
ME6 OP4,0.0031099720464293347,0.0025092927556419997,0.002517078602468865,0.002375812537806555,0.0023728093404434786,0.002439656144537859,0.0025444792896089164,0.0026665732345558585,0.0027651062611162226,0.0029355086261621966,0.0034664235256171762,0.0028961829441023837,0.0026938238352235693,0.002820605612550062,0.0026636347931046755,0.0026216855352075388,0.0026888366170394664,0.002660681061302782,0.0031561578621404737,0.0032836092540240508,0.003404907063167297,0.002976661892668739,0.002692178443735784,0.0027685888876355876,0.002589270439672639,0.002610439199350951,0.0027959929476157703,0.0028324576401560866,0.0029125542152823405,0.0034039079108832753,0.003293550555213864,0.0028726518811923573,0.0027040688599211564,0.0027938582850690168,0.0026122624298475744,0.002561694947754111,0.0026379339593803597,0.0028521270376504902,0.002767711645209975,0.0030343079655301333,0.003298879114922652,0.002931618329405948,0.0026433125859332673,0.0025946278751642717,0.0025173530297491996,0.0026484032063625548,0.002554221493616918,0.002734557650677046,0.0028286088287103987,0.0030657475796154257,0.00314791882499791,0.0026118929236009867,0.0025790798131365192,0.0028742011502405217,0.0024274113851279165,0.002504355296752256,0.002637873171747356,0.0026085146646002626,0.0025961034672723786,0.0028358096562761297,0.003198698588551148,0.0025971415995697266,0.0026831521722487602,0.00247489624677169,0.0023713618961875836,0.0024963132599179674,0.002479091076033647,0.0025029752301177414,0.0025425105619586268,0.0027062516133319154,0.0027586381392680974,0.0025977981303995927,0.0024479187350537283,0.0023757631932419653,0.002294574555256996,0.0023338232997018676,0.0023451128639202516,0.0024353265614412666,0.0024884771202967346,0.002483085014356442,0.0025741822495367185,0.002383956545257913,0.0023382943823145185,0.0021321142592996088,0.002185792351079262,0.002119401532204895,0.0022188542184128045,0.002143878145201018,0.0022576482010971564,0.0021571745509939163,0.0022389104323694595,0.002090487236225735,0.002061679901102704,0.00199830330782276,0.0020363470756563306,0.0018153602588610576,0.0018728566088765523,0.0016931704434509829,0.0017075941220677827,0.0016800883363088665
ME6 OP5,0.0028751998081831555,0.002387529363973382,0.0023996051848271384,0.002313287058988691,0.0022960710337390595,0.0023570671169685243,0.0024512223671338458,0.00255109800398702,0.0027083033374997343,0.0028439591933135046,0.0032257775967124776,0.002827756106452714,0.002682136675204891,0.0027534368271059442,0.0026155458574993232,0.0026222281996032388,0.0025682169811068966,0.002639644111301666,0.00306936951729503,0.0032369237319290105,0.0032399423984962594,0.0028683189402567717,0.002697826988808716,0.0027226617487579696,0.0025227266778152244,0.002596227213155337,0.0027325131233148807,0.00271501057878968,0.0028689510971955374,0.0033400097336431073,0.0031250878874541626,0.0027732000475895117,0.0027171810366265333,0.0026958091654494796,0.002541830898870368,0.0024684953706223408,0.002583098747396875,0.0027813574177997877,0.002810639160747052,0.0030144894544753115,0.0031061380404874207,0.002789372526853778,0.002596321235774747,0.0025478122558668546,0.0024614176879832637,0.002556577137584377,0.0025445543681401257,0.0027024823049470164,0.0027782611548969587,0.003064785684270599,0.002990936964327805,0.002497763913897823,0.0025137078287195314,0.0024274113851279165,0.0028478324571801746,0.002526942395852899,0.002617578130654823,0.002668516448198605,0.002529983948820626,0.0028429472175222205,0.0029376565278011173,0.0025617007853418446,0.0025446181676855475,0.0024820114992988554,0.0023139139284208917,0.002564135598209939,0.0025207897615417093,0.0025100151474517444,0.0025787736744188367,0.00275217083301337,0.002689886314342782,0.0025147529555537814,0.002385715860123433,0.0023623850044582674,0.00226810449082629,0.002299947856499589,0.0023767092701267468,0.0024355396862696245,0.002405386694911982,0.002536136367136772,0.0025691898231379132,0.0023590531022335383,0.002308931922410796,0.0020649936768021874,0.0021343808775287393,0.0021148639765664968,0.0021880401600002613,0.0021564359383400176,0.0022280002455707867,0.002172440452456243,0.0022484353338340624,0.0020863441416239703,0.0021363601427435556,0.0019639321791671076,0.0020349447872980656,0.0019065187787011334,0.0019216658910003927,0.0017918887427870631,0.0017388838371357618,0.0017053212681863799
ME6 OP6,0.0029327614474343056,0.002475785455558281,0.0024895479068774654,0.002350068215561212,0.0023775631007265374,0.0024590965527516904,0.0025480484455200395,0.002666973053580648,0.0028245183504226876,0.0029034117887905804,0.0032594889287362486,0.002961645452525747,0.0027123941549696863,0.0028406209033775363,0.0026724943700177834,0.002654077884615367,0.0027358163735453343,0.0027784834443227045,0.0032280131174805375,0.0033042690972224483,0.0032978952783972735,0.0029115141857743616,0.002749132401283188,0.002766582344204832,0.0026325196740539457,0.0026452386617333433,0.0027992273776331856,0.0028241043582767004,0.002997438605658488,0.0034573979374526455,0.003175870409094379,0.002842513571353131,0.0027593687132754625,0.0027676898009682195,0.002588532084672417,0.002548785172159352,0.0026753565608848085,0.0028930583493297214,0.0028606929666372865,0.003138231976188754,0.0031726352842172145,0.002855679157849795,0.0026290653805946243,0.00259000242781901,0.002493949271491557,0.002664134448000167,0.002610046755037401,0.0028158849229636103,0.002893531682083479,0.00317647115133955,0.002988385324395192,0.0025330135275927384,0.002556817473236901,0.002504355296752256,0.002526942395852899,0.00300436618731557,0.002692588990702814,0.0027152776996194725,0.0027074159881697014,0.0028766857387044634,0.0029996441765714247,0.0026248562302660186,0.002613358073484227,0.002486830881383576,0.0023853197619582776,0.0026314785630406298,0.0026024885055668297,0.002582411735214529,0.0026326988718443174,0.0028163364491051125,0.0027365172942447097,0.0025575162106326573,0.0024208385288671287,0.0023858187022734777,0.0023168703129059064,0.0023669045651362546,0.0024526747540684086,0.002546493561140105,0.002503382849993233,0.0025693917783826303,0.0025304749006028926,0.0023300849124987893,0.002405046953196994,0.0021224038413044945,0.0021408592938025124,0.0022117192049614727,0.0022287432041839792,0.002224424988150881,0.0022997818311721865,0.002260963565894976,0.0022185166114393313,0.0020844749185593664,0.002176095318916626,0.0019447238669076249,0.002078576709810753,0.0019027325401331089,0.00191383918095916,0.0017964342514759368,0.001768502134399934,0.0017396176125054708
ME6 OP7,0.003131482623606726,0.00259043265006978,0.0026189222967592297,0.002461946247998418,0.002494387403141467,0.002596437294182976,0.002709896491647423,0.0028056586047525613,0.0029345775135185452,0.003092093081538895,0.00343989710702292,0.003022110763987249,0.0028393089116989204,0.002934269895950181,0.00283300914279844,0.0027991013252167034,0.002875073345104367,0.0029239720436852667,0.003332132894206977,0.0034876420201605373,0.0034626868467356655,0.003028692146572401,0.002838817071834882,0.0028894482023347043,0.0027417082876662674,0.0027778451876118203,0.0029611682434561473,0.0030135609747702387,0.003164934838501702,0.0035831027218397836,0.0033702533175080287,0.0029290559816693065,0.002870971642755268,0.0029147048977731234,0.002735708171134002,0.0026882052921693815,0.002819522552947665,0.0030429637307269482,0.003009205724083296,0.0033181758114376094,0.0033815368574328913,0.003037347093734073,0.002791504944629606,0.0027027762754402245,0.002679721856969653,0.002795296725388768,0.0027558851445677536,0.002985578768930188,0.0030582402843289096,0.0033420960267051716,0.0031025019474661924,0.0026546903840570925,0.0026420286121690705,0.002637873171747356,0.002617578130654823,0.002692588990702814,0.003217383873345423,0.0028586836419466862,0.002832524229087352,0.003068719320007427,0.0031449910804267657,0.002727622170603694,0.002682167965420831,0.0025839567873363416,0.0024575085579224094,0.00270453347341321,0.002695923327593868,0.0027136817765506293,0.0027619065481993854,0.002935644642888825,0.0028276813343307743,0.0026324527869791142,0.0025162143606058717,0.0024589078014493663,0.0024232838966324896,0.002454058757999409,0.0025424677193459184,0.0026674066714722664,0.0026018025849576286,0.002692723504923464,0.002645122911635321,0.002453110822896369,0.0024626175509257888,0.0021927697844944904,0.0022585231865559665,0.0022471599525402735,0.0023525569560300962,0.0023197741460386717,0.002418575076073786,0.0023837622970709947,0.0022634226918606063,0.0021241345114611024,0.0022342381447786543,0.0020365333301947926,0.0022170189634618254,0.0018983147857441715,0.001979178768130302,0.0018876963762239894,0.0018341819233021145,0.0018447989438495386
ME6 OP8,0.0031411862393364515,0.0026535829121194583,0.0025987378413839172,0.0024538876651753363,0.002479145372577304,0.002583322481795216,0.0026895878353382363,0.002806381504389298,0.003038696215754003,0.0031893607573471824,0.0034786135000271657,0.003087679140429885,0.0028564277042752513,0.002916365723226435,0.0028089247796866533,0.0028140989815048046,0.00287062993109637,0.002945266808710151,0.0034015042248877517,0.0036562973411924152,0.0035275255311538814,0.003050340097530065,0.0028718561072996,0.0029246349290921385,0.0027454553829431715,0.0027754169877750633,0.002982148781314189,0.00305914701081757,0.003221236905826243,0.0037429461509629535,0.0034236854333793477,0.0029906989508329306,0.002938650563130586,0.0029382569276795493,0.0027267732273034946,0.002691672037659964,0.002821331382941687,0.0030980864571656507,0.003108557004171343,0.0034068153224189,0.003387290521223801,0.003060816426376112,0.002803599440879737,0.0027370906856142053,0.002669972701452481,0.0028208592376778386,0.002770150764381507,0.0030028073157600697,0.0031600665456794712,0.0034699181962009,0.003213535064266373,0.0027056820021516864,0.002626960332252028,0.0026085146646002626,0.002668516448198605,0.0027152776996194725,0.0028586836419466862,0.0033219290141514417,0.002874142876828888,0.0031686170578113927,0.003246135734211559,0.0027906187602472375,0.002699383447061591,0.0026188280468556735,0.0025251439020674156,0.002776185131726225,0.0027417417828461514,0.0027814677436068295,0.002832603433518893,0.003080968767976587,0.0029246837741911053,0.002709445110122732,0.0025848859832599204,0.0025100582863609167,0.00246051976007544,0.00248332416198143,0.0025911914359313458,0.002745830437632542,0.0026598018448242165,0.0028277283286192623,0.002850435791484832,0.0025504042030913866,0.0025202677329991814,0.0022036275198232076,0.0022917449732700003,0.0023088430508122646,0.002391449557257049,0.0024043575950185264,0.002544647154585325,0.002451940695725242,0.002433557595513793,0.0022850544501405003,0.0022625967025677947,0.0021319136256612217,0.0022087201983121696,0.0019753664792883847,0.0020947730213778234,0.001977620990540787,0.0019233707076428896,0.001887042537874137
ME6 OP9,0.003121355094898471,0.002585586508971818,0.0025952994376060804,0.002424645112698014,0.002486245914701619,0.002550042542530376,0.002645723857054223,0.0028273793404386145,0.002902092646011907,0.003104662653670607,0.0034638951133155725,0.003003772410837509,0.0027465094290506976,0.0029124628327793067,0.0028048989724429193,0.002713983904249308,0.0030830718489245523,0.002872103999290454,0.0033390935034855354,0.0036162388941509884,0.003498258469613198,0.0030708458046865015,0.002824771008946369,0.002821354932387835,0.0026869382816815147,0.0027609074678251306,0.002945012016059076,0.0030597182110731536,0.003143897559899931,0.003613523716003114,0.0034081328610407395,0.002964234594702587,0.0028491820484195093,0.0029285147863245425,0.0027078376202351586,0.0027011169811544354,0.0028015258998572825,0.0030350525955174816,0.003052229074982664,0.0033999465758553656,0.0032927237135660643,0.003059694425714973,0.0027742201272692333,0.0027236567923427137,0.002663486282196177,0.0027747399824312913,0.0027250882202179533,0.0029785564524831016,0.003119203134119144,0.0034039279308188575,0.0030766229875546273,0.0026705495237623637,0.002604331931732309,0.0025961034672723786,0.002529983948820626,0.0027074159881697014,0.002832524229087352,0.002874142876828888,0.0034062971363319865,0.0031022522674927547,0.0031380293007176284,0.0027742713335116805,0.002729607473728503,0.002564299686209731,0.0025057425852376726,0.0027365704177696624,0.002742005033606362,0.002746992206469785,0.0028307395213492156,0.0030382405916936435,0.0028362555231778146,0.002666003960484227,0.0026198531690901057,0.002468971307379165,0.002440895207509884,0.0025037505990240017,0.00253763794905297,0.0027171074824899307,0.0026858368326493276,0.002765668998128044,0.002723248758939535,0.0024558557461441003,0.0025068023489530212,0.0022868257492700728,0.00229929752931357,0.0023454399491984494,0.0024208209286837503,0.0023940046745757346,0.002491560062042222,0.0024382487600039583,0.0024083384343554877,0.0022721768503842026,0.002266243691715138,0.002075329833246544,0.0022123437000407986,0.0020187917065535373,0.0020856443565500913,0.001961534710998766,0.0019212315817765686,0.0019197886313240963
ME6 OP10,0.00364791637643817,0.002956116599616118,0.0029294870817023677,0.00278756412292057,0.002780197399281169,0.0028891859556001345,0.0029623732835207103,0.003107630598123635,0.003299848861178149,0.003567746870486647,0.003946569375098929,0.0033669835427331983,0.0031778841749636848,0.003231518488165077,0.0030923502804767944,0.00307917424538756,0.0031806817623733293,0.0031890611157434465,0.003742624932545994,0.004006789273887001,0.003906675610448575,0.0034173883353999764,0.0031112481198312695,0.0031999485468609547,0.002958445915968598,0.0030659901252435874,0.003267091843375688,0.003286088562314594,0.0034897320006599467,0.004084000653134928,0.0038083974163776596,0.003270755029859732,0.0031253960081961477,0.0031791658306144404,0.002978778984383438,0.002948070234047744,0.003027830955847975,0.003366695674661065,0.0033631422204390246,0.003704300068902447,0.003756759527688928,0.0032794581491209555,0.0030330956621135055,0.002905235782579883,0.002890818519559238,0.0030047264854278803,0.0029624967989415442,0.003232818432629529,0.0033830780806285675,0.0037538636163781365,0.003486816257369359,0.0029324105130037587,0.0028369240814319343,0.0028358096562761297,0.0028429472175222205,0.0028766857387044634,0.003068719320007427,0.0031686170578113927,0.0031022522674927547,0.00408595826649335,0.003562648460093111,0.0029971842139955235,0.002900141373669182,0.0029011918802765166,0.002666204024733051,0.002976691958048755,0.0029348324363774694,0.0029191072683789586,0.0030679825545015704,0.0033580298454006013,0.0030891528998981204,0.00286045625279792,0.0027345748380921743,0.0026431180779728585,0.002620442553203593,0.0026372816453047454,0.0026898720745841204,0.002896901752876921,0.0029153376925420338,0.0030332255165469815,0.003052025459022494,0.0027199854875705064,0.002614819964478181,0.002390437896393109,0.002435308670058535,0.002465226814792342,0.0025548097758961563,0.0025162060012518758,0.002726215441251721,0.0025886988942426872,0.002547047366543847,0.002410646988663346,0.0023924115456290143,0.002171028947324993,0.002232090587192194,0.0020310434568751464,0.0021301976847511255,0.002063540242716807,0.002041619488645311,0.0020253229524098033
ME7 OP1,0.0048502845324685274,0.003175981436458104,0.00311744354476894,0.002847255861004251,0.0027693653676544206,0.002892646102701978,0.0030758229560040595,0.0032650071220884512,0.003324746103567383,0.0037236457291643594,0.005496356543735298,0.003737996944815808,0.003444093673946485,0.0033058647692775145,0.0031661549872582994,0.0032089666798942548,0.0032535119323766925,0.00327636325375887,0.0037117263099199923,0.004483703790375509,0.005395953540042729,0.0040756420462923024,0.0033645910582925003,0.0034311554696835186,0.0030649897220009718,0.003235442369791665,0.003351292447725692,0.0033621694902043462,0.003635774000432261,0.004155998269408221,0.005331203820400124,0.0038845431025364683,0.0034851609505237966,0.003495585302809542,0.003211789982525054,0.003247249262638164,0.0031775014938728585,0.0034882673766962226,0.0032305922835591636,0.003652653905804218,0.005539703995486391,0.004074077994332367,0.0034000302262743886,0.0031325863685975845,0.0032300095227281046,0.003243433490089174,0.003057625894321598,0.0032398846122582555,0.003285505483797391,0.0037620217948661177,0.005462501130342027,0.0035115705327740145,0.0033307240168250316,0.003198698588551148,0.0029376565278011173,0.0029996441765714247,0.0031449910804267657,0.003246135734211559,0.0031380293007176284,0.003562648460093111,0.006827281108307933,0.0035704076213581184,0.003637413323966345,0.003225885546524213,0.0027599633234440214,0.0029933966514739683,0.002982371736118622,0.0028875066496569885,0.0030646154438377818,0.0032142876163623623,0.00487738347894142,0.003531056236135641,0.0034020194185621242,0.00296108678113286,0.0028775261820656686,0.0028486507101268925,0.002734202289246415,0.0028287403866601914,0.0033300151775386326,0.003118668469385257,0.004449897701876224,0.003327936461539851,0.0029823611166160356,0.003002595276720884,0.0025989330922430633,0.002589352492369292,0.0026803406554010527,0.0026571039019050134,0.002725739219143356,0.0026423694671038143,0.0035285014544554068,0.0030295565905689805,0.0027168419285145047,0.0025583983943417046,0.0026678980959923848,0.002374482431586436,0.0024973775873239888,0.002342835816977032,0.0023552738388829277,0.0021705820504406273
ME7 OP2,0.0033444147025601403,0.002616255331074111,0.0025198879091856826,0.0023595216240976788,0.002373466923257322,0.00244826452905496,0.0025720551106022476,0.0027218199628009946,0.0028209180462669846,0.0030173674438922406,0.003640794477737025,0.003042631668528881,0.0027311877482508475,0.00279158846848145,0.002693436696053862,0.002672367193127805,0.0027448336276972092,0.0027364936697368107,0.003199833973551244,0.0034087593887850054,0.003672313261950161,0.00314436889413718,0.002802131519004401,0.002853585237426349,0.0026351411602297163,0.0026549237852576775,0.002799954328048297,0.002856859265345668,0.0030194585831699447,0.0035157632829831828,0.0035909365029366735,0.003076305631153698,0.0029245723646819377,0.002836761163535937,0.002642042468695964,0.0025480883415773888,0.0026376822540742635,0.0028990089353897078,0.0028736248424977586,0.003130910304714041,0.0036861609717122657,0.0030936748894058418,0.0027741446532561524,0.00266030767986987,0.0025683688831672716,0.002699004435625084,0.002686280637572816,0.00287509676964644,0.0028993936960760363,0.003251294015216271,0.003531392508294396,0.0028351155606995684,0.0026787631999141814,0.0025971415995697266,0.0025617007853418446,0.0026248562302660186,0.002727622170603694,0.0027906187602472375,0.0027742713335116805,0.0029971842139955235,0.0035704076213581184,0.003661265044219137,0.0027610528537482123,0.0025780872731856904,0.002468868728454749,0.002725862210374735,0.0026800073522430176,0.0026831097307307393,0.0027263805751523425,0.0029034271598490516,0.003351053144588819,0.0028826335445830977,0.002677690097966338,0.0025888441322274407,0.0025143605366130138,0.002456026154850901,0.0025293716080265808,0.0026775812696599936,0.002579563654373142,0.002714875156593754,0.003139274134940164,0.002676529763067991,0.0025930796957867592,0.0023225712013527056,0.0022976277060979015,0.0023155049557436937,0.002418017697571409,0.0023316437238635503,0.0024730778963749653,0.0023769465158468787,0.0028777356853263727,0.0025418783295258723,0.002412813602517763,0.0022479089940841486,0.002314194340650803,0.002032222154660305,0.002107300485209001,0.002045292318549707,0.0019637941385688695,0.0018932608577649326
ME7 OP3,0.003528076413065693,0.002639304841349237,0.0026268029787825968,0.0024727099464486118,0.0024064506239321708,0.00248419534934536,0.002593760682624101,0.0027938419023543133,0.002856199044315457,0.003098579272651662,0.003904404424251728,0.003007365512612465,0.002837204129776926,0.002872666332249668,0.002752591893824527,0.0026748565326253186,0.0027199496370141165,0.0026978284977157443,0.0031997723288858244,0.0034604015841396777,0.00379127910362085,0.003231840571960731,0.0028311292573155586,0.002866619994110208,0.002628398243358317,0.0027176357939644887,0.0028670932484171196,0.002859537008341017,0.0030853844690608553,0.0035077308012777045,0.0037203049227972204,0.0030848749380425334,0.002856611005720644,0.002956273862331579,0.002669662943919386,0.0026539039456404457,0.0026237549337806755,0.002928889723002935,0.0027812644368471313,0.00312457509455464,0.003780883202762458,0.0031971360240780513,0.0027936838985305468,0.0026559298396686276,0.0026432030119422152,0.002819366573203593,0.0025807885417070096,0.0028009685504918453,0.0028148129799295627,0.003119110093953811,0.003503435843735907,0.002785581534044459,0.002700797878718723,0.0026831521722487602,0.0025446181676855475,0.002613358073484227,0.002682167965420831,0.002699383447061591,0.002729607473728503,0.002900141373669182,0.003637413323966345,0.0027610528537482123,0.0035391044756644873,0.0026635706240852584,0.0024027458416326776,0.002623425999815401,0.0026206382303926882,0.0025402618599700924,0.002659133836883156,0.002801592529212298,0.003262814505818128,0.002917263276715751,0.0028061788057517746,0.002548921042001589,0.002404162471590027,0.0024877639086355948,0.0024237326927771183,0.0025267182536034597,0.00275871858486957,0.00259773671837618,0.0030996020063596744,0.0027076397913162525,0.002571514015103648,0.0024148133469976724,0.0022974907206383772,0.0022875142298515367,0.00233480768181365,0.002233671587420426,0.0023258800583870953,0.0022190579704945883,0.0026360009503862106,0.002448905451586466,0.0022821688189316133,0.002132774145968053,0.0022494140475669564,0.0020418153310967353,0.002141347592695988,0.0019006828435528574,0.00184928940971033,0.0017763004238974772
ME7 OP4,0.003126297160270255,0.002461642690426273,0.0024168709449148636,0.002325987977891228,0.002277285512620361,0.002319488328483747,0.0024424254444381874,0.002567413265496373,0.0026904915765010766,0.0028765402635074918,0.003523160240609522,0.0028807951705045664,0.0026842411101404007,0.0027712952812547634,0.002571238965211719,0.0025605624685018026,0.0026052580974432636,0.0026921805943421855,0.003037848543330236,0.0034071756708888845,0.003415983401085953,0.0030106124149704436,0.0026951569107303806,0.002768353714243227,0.0024785128363779677,0.002532579464754917,0.002716251357217821,0.0027150096299298886,0.002892975372780972,0.0033290973951066605,0.003290871994857441,0.0028338123968322092,0.002690341832775916,0.0027528873688814253,0.002551357777146707,0.0025245265081784503,0.0025599754211152255,0.0027893865833577215,0.002761488200523271,0.0030184371955125013,0.0033839768095902246,0.0029379049380278493,0.0025749212474734133,0.002531489764570753,0.002476937814377295,0.0025852639449349675,0.002470640848162699,0.002678671182134239,0.0027666581815710394,0.0030238189208763363,0.0031176849469333246,0.0025036524855312397,0.002542551239777443,0.00247489624677169,0.0024820114992988554,0.002486830881383576,0.0025839567873363416,0.0026188280468556735,0.002564299686209731,0.0029011918802765166,0.003225885546524213,0.0025780872731856904,0.0026635706240852584,0.00301053766996953,0.002351386355324354,0.002525411705155382,0.002498031337918584,0.002491266557214308,0.002538321854161493,0.002729849446237336,0.002845172186356656,0.002545438573190274,0.002485131132877277,0.002357970428361136,0.002239929550758403,0.002362179186951499,0.002337985443218043,0.002437371887334937,0.002578640649114809,0.0025514799663985226,0.002809060506587833,0.002498105077204345,0.0024283521270577297,0.002230818825402909,0.0021968468655887397,0.0022117292076191393,0.002205566723724151,0.0021646688906593182,0.0022661634637886584,0.0021630158471182526,0.0023521891359714726,0.002137681443254315,0.00217646437099572,0.0019972741900059535,0.0021417955289068347,0.0019404124685403741,0.0019777174617771555,0.0018544780609429541,0.0018278158982031473,0.0017850358706228146
ME7 OP5,0.0027154828085999842,0.0022877595200742566,0.0022864166817307256,0.0021448595381739974,0.002165238670088317,0.0022528960914512826,0.002326858635292259,0.002466575947235654,0.0025253035278841826,0.002691045006269157,0.0029880378921858996,0.0026717361573002432,0.0024697243940247733,0.0025540498915540494,0.00243917746083181,0.0024456567713175264,0.002594761169557967,0.002517005985223973,0.0029224149982038294,0.003047764869391218,0.0030211467163523574,0.002678106351800549,0.0025109218227096003,0.002538911278234777,0.0023706141739601432,0.00241374753508744,0.0025246399495289836,0.00260714315374045,0.0027393971531456244,0.003159932037256188,0.0029164287603582447,0.0026078684081204807,0.0025421455054517486,0.0026035596433901386,0.0023922798137969987,0.0023201095220862443,0.0024389716187270642,0.002598150126871422,0.00264652271827398,0.002848411695850318,0.002870437509446166,0.0026592192975006482,0.0024675876406270746,0.002423871308104257,0.0023329829691527662,0.0024236908630503665,0.0023710485500740494,0.002603206972809271,0.0026495672986830456,0.0029216488314424338,0.0027535981348602774,0.0023906703206820704,0.0023729790394553278,0.0023713618961875836,0.0023139139284208917,0.0023853197619582776,0.0024575085579224094,0.0025251439020674156,0.0025057425852376726,0.002666204024733051,0.0027599633234440214,0.002468868728454749,0.0024027458416326776,0.002351386355324354,0.0026753543637636997,0.002426132165713471,0.0024344095347921474,0.002431525219869828,0.0024790286789148153,0.0026720427515775926,0.002543287037506655,0.0024015946201799564,0.002271501805831461,0.0022820432012217737,0.002165163984769212,0.002206820532702201,0.0022829353716346482,0.002377764674478351,0.0022589429432253593,0.0024066360518250154,0.002445142102911426,0.0023099412620067867,0.002224199568419973,0.001979297088352816,0.002077885538069489,0.0020659157273329233,0.0021409842798837146,0.0020881840485974844,0.0021597668454525908,0.0021113266406140715,0.002163668971582685,0.0020308130868711568,0.0021198661304924894,0.0019553924091851894,0.001973988274116278,0.001819148820368451,0.00183928466728912,0.0017224909484205358,0.001692888474111865,0.0016742887512760612
ME7 OP6,0.00295385394608856,0.0025046976523690535,0.00251635478722467,0.0023610804361223923,0.0023857643822507674,0.002442004091557252,0.002571460067826842,0.0027059961773878483,0.0028253071075395415,0.0028974982285784904,0.0032267221975184964,0.002912109183981367,0.0026733098391991824,0.0028038027732618627,0.0026653592825714766,0.002642132828155806,0.002783437163674177,0.0027614725985495854,0.0032172141816297264,0.0033634935591762617,0.0032749636867504227,0.002914982246815915,0.00272032260853202,0.0027713175402641725,0.002630478447596124,0.00264699415613522,0.0028318904063683375,0.002854919813685527,0.0029752836070532315,0.003530953554492646,0.003203352397850572,0.002803403431890094,0.002745782872124607,0.002811898172587678,0.002617913893555058,0.002529629581052031,0.0026564481455779287,0.0029122213498154357,0.0029236502494660336,0.003162357000641531,0.003120079233767032,0.002853215706741162,0.0026775853314848132,0.0026251774111442383,0.0025484384863934365,0.0026598839407584703,0.0026224307943975593,0.0028913602571168447,0.0029204771805896226,0.0032136829776032013,0.0029463984364538915,0.0026010469906542146,0.002527826698769027,0.0024963132599179674,0.002564135598209939,0.0026314785630406298,0.00270453347341321,0.002776185131726225,0.0027365704177696624,0.002976691958048755,0.0029933966514739683,0.002725862210374735,0.002623425999815401,0.002525411705155382,0.002426132165713471,0.0030709679332224116,0.0026555721046213495,0.0026594146704777134,0.002740901176401448,0.002939470582194007,0.0026945000922480055,0.0025832251860160565,0.0024731975730002513,0.0024492253483308587,0.002367989755742469,0.0023887548873429126,0.00249415200379084,0.0026247495431446174,0.0025414077086119485,0.002651175001434105,0.0025815226499846747,0.0024628190995250932,0.0024397050418704185,0.002178176219689746,0.002230040098043864,0.0022695906591869027,0.0023245083032237134,0.002322918432080489,0.00243219077170112,0.002382112151767454,0.0023229497033206608,0.002175007560333417,0.0022069716319255165,0.0020174297549192745,0.002123853496852019,0.001978631231426005,0.0019708673148636693,0.001922625993208346,0.0018535824679008787,0.0018704713632861961
ME7 OP7,0.0029466378439305676,0.002472559434398298,0.0024537381518030606,0.0023050653565599094,0.002339765264457864,0.0024038990432444945,0.0025095187277939805,0.00263253827066634,0.002774581226267154,0.002923179723050101,0.003223726725603726,0.0029210330151620096,0.0026870124332461064,0.002757935722062582,0.002639622199965109,0.0025769705286696415,0.0026580790723786116,0.002721929456125698,0.0031295613162992102,0.0032951269450285678,0.003238733342307546,0.002892615780160215,0.002702612449985936,0.0027297380216661864,0.0026358570255715177,0.002627029336018179,0.002821841606552874,0.0028425363679113855,0.002937262265022756,0.0034064400418757955,0.0031461889057269824,0.0028069723686533605,0.002741098487984107,0.0027665630347651067,0.0025898442044842425,0.0024866540553446646,0.002644668695025143,0.0028551900842938415,0.002917010968055516,0.003151095329197782,0.0031694629389825905,0.002833581257674644,0.002678136783680783,0.0026068935037501205,0.002515231696099861,0.0026131153910021157,0.002615210615922918,0.0028115691061310253,0.002885218502941555,0.003184862375805024,0.002985907449516956,0.002617983366085242,0.0025032810034819318,0.002479091076033647,0.0025207897615417093,0.0026024885055668297,0.002695923327593868,0.0027417417828461514,0.002742005033606362,0.0029348324363774694,0.002982371736118622,0.0026800073522430176,0.0026206382303926882,0.002498031337918584,0.0024344095347921474,0.0026555721046213495,0.0030456968237723204,0.002668657023219392,0.0026912058641220212,0.0029051824834848894,0.0028074261689959995,0.0026640341280659914,0.002484229997896216,0.0024429663753756455,0.0023812224561689087,0.002417287488667465,0.0024963990551139822,0.0026289815319738468,0.002515810340470702,0.0026640529901576083,0.0025877538201462963,0.0024733722328916714,0.002465570500977477,0.002198253493448911,0.002247451493902949,0.002273869492148672,0.002346606672410162,0.0023198501138237473,0.0024180166463817405,0.0023444215436316017,0.0024465929534860944,0.0022885877918952845,0.0023076658111583475,0.0021718905442811324,0.0021861186052222798,0.0019900609166433663,0.00207121843357621,0.001970982391818677,0.0018978240099890922,0.0019178470537705209
ME7 OP8,0.002821559871103993,0.0024137794214823486,0.00242977579544646,0.002289056207829357,0.002306896285546495,0.0023660441809047424,0.002475258003548296,0.0026083020670455578,0.0027768937187819943,0.0028559515788153943,0.0030936565598158956,0.002888640150366092,0.0025539995871471546,0.0027060324376932256,0.0026023618237054525,0.002573086956406771,0.0027233366428741647,0.0027115546589022953,0.0031232943512369223,0.0032994544899090325,0.0031431232976705126,0.0028035002654668434,0.0026425199214993914,0.0027268835407150307,0.002562432424911298,0.0025474165360432023,0.002747271587880679,0.0028615654469462512,0.0029453961060033292,0.0034082776587744433,0.0030083920442813953,0.0027578295920356417,0.0027077152400288847,0.002739803488656559,0.0025159098650027792,0.002480554162996686,0.0025941235982774764,0.0029026574963633926,0.002880866427784975,0.0031451289534926378,0.0030176595488012724,0.002809553559475366,0.002583532803664646,0.002592444940167566,0.0024719169255058206,0.002600488891796512,0.002612434366137439,0.002825298696259041,0.002921798055865181,0.003213997521020032,0.0028166711627837667,0.00254806828023511,0.002455830062983075,0.0025029752301177414,0.0025100151474517444,0.002582411735214529,0.0027136817765506293,0.0027814677436068295,0.002746992206469785,0.0029191072683789586,0.0028875066496569885,0.0026831097307307393,0.0025402618599700924,0.002491266557214308,0.002431525219869828,0.0026594146704777134,0.002668657023219392,0.003009665801619017,0.0027448501931342543,0.002936709275389409,0.0026830364917166728,0.0025614475221343086,0.0023909295772030995,0.002409676891044526,0.0023620132032097746,0.002384832687220717,0.0025255725289264606,0.002655337013276789,0.0025594143348739145,0.0026872245684227973,0.002543866728042666,0.002453887103189471,0.0024199576589487783,0.002118239392653194,0.0022417540490041995,0.0022583787947160388,0.0023637533126090703,0.0023025381531624383,0.002465405194671931,0.002391305834971785,0.00228283614698212,0.002214730121601744,0.0022674454107841887,0.002062133130539953,0.0021808076635929634,0.0019521513511120306,0.0020129293850553553,0.00194796201911789,0.0019025812962012128,0.001909800683883763
ME7 OP9,0.003069784076371283,0.002551731054960102,0.0025358617057595224,0.0024144767536170343,0.0023987830430369224,0.002500361263424255,0.0025940930501215666,0.002735461745755937,0.00289400548167602,0.0030039050147643706,0.0033589912271780025,0.0029572781749664994,0.0027665939122827597,0.0028559233274883774,0.0027149466379292005,0.0027117121076281944,0.0028528322546602074,0.0028213963370756607,0.0033139693765851033,0.0034358283240449074,0.003395941293367481,0.002997745729173703,0.0028043893277932223,0.002810739386966792,0.0026450538954866866,0.0026962319028016367,0.00289120993204047,0.0029239172728246364,0.003060138160805502,0.003532072561006331,0.0033067662924399195,0.0029005101266362035,0.002779169075376513,0.002878141481391657,0.002668244078604876,0.002618498671455306,0.002736781233471131,0.002955927606258651,0.0029509275759019337,0.0032069130255198107,0.0032277141584574134,0.0029656135738561785,0.0027214355088494,0.002639136044188918,0.0025658295436729772,0.002693571106867853,0.0026563833285889443,0.002916548479139779,0.0029760894052911486,0.0032958008672478796,0.0030411763503852113,0.0026079266999154476,0.0025699558872072934,0.0025425105619586268,0.0025787736744188367,0.0026326988718443174,0.0027619065481993854,0.002832603433518893,0.0028307395213492156,0.0030679825545015704,0.0030646154438377818,0.0027263805751523425,0.002659133836883156,0.002538321854161493,0.0024790286789148153,0.002740901176401448,0.0026912058641220212,0.0027448501931342543,0.003222045680506563,0.0030307299967706368,0.0027550192259026937,0.0025922758461400888,0.0025050548981151444,0.002456794511730902,0.0023922123118177486,0.002428900169227267,0.002561646481752772,0.002683095819496049,0.0026578660247338795,0.0027852531242894005,0.0026334228471202917,0.0024330237022694343,0.002395356356959827,0.0022418609621150235,0.0022391691964816058,0.0023131895170918036,0.0023923098539707123,0.0023827814747354194,0.0025041752347304933,0.002397892094332517,0.0023305770030801367,0.0021761791192147035,0.0022911553424360266,0.0020702485167979753,0.0021287932167463205,0.002027403236804227,0.0020501765316980627,0.001982310073466629,0.001943244650048286,0.0019199107630475144
ME7 OP10,0.0031738045462103457,0.0026668347891497294,0.002670113600566991,0.002498632118208392,0.0025098910930516235,0.0026106244656188544,0.0027709457679719867,0.0029141910162748773,0.0030183654474438535,0.003170713930411819,0.003474296767775353,0.0031416711515295202,0.002862367727262461,0.0029788397048511423,0.002860710841621272,0.0027972707180261842,0.0028147640322020366,0.002948530715821337,0.003471927781395156,0.0036794744232759484,0.0035358443342526514,0.0031113414201567684,0.0029012402854115605,0.002995482013781149,0.0027783074888332268,0.002767084526823648,0.003034531722496597,0.0030754724320595406,0.0032316837740704557,0.003783097977385316,0.0034369438529818085,0.0030685530641330313,0.0029211232037899557,0.0029839721821552307,0.0027698195091393715,0.002737297223670558,0.002873147569779979,0.0031133812895784404,0.003250709016487843,0.003515207525332206,0.003402595531094546,0.0030850394965494625,0.0028710059780787255,0.002764687111947479,0.002736186940549146,0.0028009933725517792,0.0027957825762112095,0.003119255226023571,0.0032296300000008663,0.0036462602344147473,0.0031197736000993562,0.002803663699868215,0.0027035805225844875,0.0027062516133319154,0.00275217083301337,0.0028163364491051125,0.002935644642888825,0.003080968767976587,0.0030382405916936435,0.0033580298454006013,0.0032142876163623623,0.0029034271598490516,0.002801592529212298,0.002729849446237336,0.0026720427515775926,0.002939470582194007,0.0029051824834848894,0.002936709275389409,0.0030307299967706368,0.003864775340590341,0.0029565674383465624,0.002838483011603711,0.0027102068556121147,0.0026438151494449463,0.0025738419543507424,0.002582083958204859,0.002734621212992496,0.0028837042484388103,0.0027834108696414544,0.0030166272426934053,0.0027448102204998413,0.0026700563710578985,0.0026474834759786826,0.0023333798727804083,0.0024194172806122254,0.0024704111506594203,0.0025924685926081168,0.0025433170098403944,0.002683386412185869,0.002617414720181037,0.002624364735354839,0.0024281872852888967,0.002412564851319923,0.0022284695687864054,0.0022965359359721177,0.002214399382798004,0.002222162852588701,0.0021517539813725554,0.0020749937853457518,0.0020572462804522916
ME8 OP1,0.004316220068477073,0.0028978780364878123,0.0027222554483823723,0.0024961030642533908,0.0023949678370081885,0.002564768789104528,0.002671868576176464,0.002870301604244347,0.0028711858872302706,0.0033576339371207842,0.004866007943170233,0.0034134226519920165,0.0030964610551066614,0.0029506042131602988,0.0028086481416944443,0.002866454293194743,0.0027497604542311006,0.002968049615522787,0.0032769378553689095,0.004063230686687428,0.004797183671267437,0.0036490129188187065,0.0030454595592627953,0.0031100725112331827,0.002773766836527282,0.002797432643374055,0.002939922406081251,0.0029417934172907456,0.0032625975149434055,0.0036327805054848852,0.004874130188067717,0.0034349370887495306,0.003186073539673393,0.003138150562864573,0.00285138720812323,0.00280365114864531,0.0028082518688672025,0.0030826774903748803,0.002942252426229445,0.003304448243087571,0.005086954609766362,0.0035948857704344666,0.003032678633292246,0.0027893891508321057,0.002756146640825626,0.002900068058343857,0.002771551483903949,0.0029359189147726097,0.0029615804942341394,0.0034812357200980698,0.004859933381633434,0.003239665976078726,0.0029284571727263608,0.0027586381392680974,0.002689886314342782,0.0027365172942447097,0.0028276813343307743,0.0029246837741911053,0.0028362555231778146,0.0030891528998981204,0.00487738347894142,0.003351053144588819,0.003262814505818128,0.002845172186356656,0.002543287037506655,0.0026945000922480055,0.0028074261689959995,0.0026830364917166728,0.0027550192259026937,0.0029565674383465624,0.005875431415313402,0.003219330870443589,0.003032212657196101,0.0028225191409264635,0.0026972653145755994,0.0025188236285678314,0.002591340226772712,0.0026790176121631454,0.002856346104572232,0.002964904089740953,0.0042736232014798795,0.0032203735517798942,0.0027389606917646438,0.002644206226808537,0.00236405453211496,0.0023719627056647454,0.002486513450795552,0.002409361413898382,0.0024485447575518455,0.0024046363446953833,0.0035880207452503245,0.0030679407954972773,0.002740944602232803,0.0024069191259584745,0.0025321924909124595,0.0022674909647468224,0.002362655835923797,0.0021799797824228794,0.002199726589871603,0.0019579951084229322
ME8 OP2,0.0032823118945907136,0.0024776402031042506,0.0024833634894192488,0.002290068723352867,0.002305854203551678,0.0023519407518834082,0.0024637073390798097,0.002586960668255854,0.002775338561055766,0.002924146333994294,0.003663474132877315,0.002922020478258868,0.002710700485868516,0.0027245162585375913,0.0026397917124601983,0.0025858918163194798,0.002584405872219868,0.0026451525001726646,0.0031058737175707106,0.0033142749351397203,0.003650305097402128,0.003115041561225224,0.002713275904482991,0.002693548852070554,0.002644336723849902,0.0026087538247251177,0.0027747917143805118,0.002781033572554326,0.002998137580768382,0.0034211107691272096,0.0035916007952479156,0.002984839916362092,0.002822255189499583,0.002826808707789001,0.0025329019054602933,0.0025235743620145687,0.002574315637376271,0.002879661396112711,0.002744991132265735,0.0030196482000305436,0.003648179912703491,0.0030730780003792326,0.002735544359490871,0.002618845545832155,0.0025565704747142464,0.002653744385823957,0.0025987139487838777,0.002730916427364483,0.0029017782525127783,0.0030919835327557856,0.00353796237090459,0.0027295885854325096,0.002673062140714108,0.0025977981303995927,0.0025147529555537814,0.0025575162106326573,0.0026324527869791142,0.002709445110122732,0.002666003960484227,0.00286045625279792,0.003531056236135641,0.0028826335445830977,0.002917263276715751,0.002545438573190274,0.0024015946201799564,0.0025832251860160565,0.0026640341280659914,0.0025614475221343086,0.0025922758461400888,0.002838483011603711,0.003219330870443589,0.0035584667172380334,0.0027565165654690952,0.0025608853614602005,0.0024845901214534394,0.002449469796120893,0.002479493128198873,0.002535540352439639,0.0025777559709887236,0.0026341941449967913,0.003194922504229244,0.0027185483970548928,0.002668069112509387,0.0024026417509827626,0.0023028365421567947,0.0023030456979103815,0.0023566622740142868,0.0022837105243463172,0.0023888467393928365,0.0022858702592306194,0.0028823286651261876,0.002599976210239698,0.002445498992014329,0.002259365823316907,0.002370385248221004,0.002071239684820255,0.002163913819818962,0.002009598175430593,0.0018788619742981598,0.0018423195383500748
ME8 OP3,0.0031000797357105983,0.002388926758139033,0.0023799381995436033,0.0022137280301572208,0.00220134305287761,0.002251004745267812,0.002355032101044583,0.002543521788753276,0.0025410048606609808,0.002797323523173094,0.003510277751069017,0.0027669311113617595,0.002629123305488766,0.0026055002125732534,0.0025280608779603645,0.0024732211624707845,0.002419131631602323,0.002553743791543708,0.0029483466452167777,0.0033063123458915806,0.003477893784493382,0.002981445562593323,0.0026315524498319197,0.002660045729621284,0.0024509566117413752,0.0025371797283538448,0.0026677969155618313,0.002617765061914342,0.0028459037732780235,0.003273311227339586,0.0034137811000335993,0.0028507629873783004,0.0027083790077706725,0.002760559845439317,0.0025047017029996036,0.002452971596324069,0.002501961099231396,0.00270523399091073,0.002676163963251962,0.002890430740948379,0.003558229602916284,0.0030238588211698356,0.0026596218023919563,0.002523796077998122,0.0025012096229016243,0.00259366523803458,0.002470181110660961,0.002630129533206503,0.00272338489908971,0.002998644650803459,0.0032912169129970135,0.002633706492592947,0.00255227152145903,0.0024479187350537283,0.002385715860123433,0.0024208385288671287,0.0025162143606058717,0.0025848859832599204,0.0026198531690901057,0.0027345748380921743,0.0034020194185621242,0.002677690097966338,0.0028061788057517746,0.002485131132877277,0.002271501805831461,0.0024731975730002513,0.002484229997896216,0.0023909295772030995,0.0025050548981151444,0.0027102068556121147,0.003032212657196101,0.0027565165654690952,0.003192821460765206,0.0024398437726008823,0.0023752899390270003,0.00234354470385274,0.0023444423144900616,0.0024080443095031955,0.0025240426313997877,0.002532484740425222,0.002913490234597604,0.0025717641399779475,0.0024713015566726533,0.0023681289915518508,0.002183209687732668,0.0022138111151467793,0.002238400178441656,0.0021762313437580392,0.002309671331755409,0.0021858087674218605,0.0025070662131365705,0.0023591809066077097,0.0022679940298876967,0.002130401154440821,0.002184067602263343,0.0020812590377853107,0.002053091293445854,0.001873103127845159,0.001859154239825802,0.0017650982916965407
ME8 OP4,0.0027560731498803654,0.0022166048025973038,0.0022333532914711614,0.002093038014147864,0.002080508609497854,0.002135585028196466,0.002242450323680653,0.0023537571135307726,0.002476054068241657,0.0026000499300589336,0.0031077345892262832,0.002614678514257296,0.002430448477947345,0.002498364172229471,0.0023894660028553508,0.0023487987372101306,0.0024133935387785042,0.0024491552188697883,0.002841365683080534,0.0030614889372658706,0.003102794029467232,0.002720454660503078,0.0024815240118746143,0.0025201717408646082,0.002355513637088663,0.002387243474291546,0.0025100104365881845,0.0026249694105376377,0.002690599730954704,0.003072242156105544,0.0030077953699527604,0.0026162728658308564,0.0025327747635605765,0.0025741862863415963,0.0023676830701747516,0.0022353069944314086,0.002403758750882541,0.002588654949946029,0.0026034657429149185,0.0028136761615433566,0.003082205701053044,0.0027026957528836306,0.0024765777459190854,0.002396914433450902,0.0023287096372547004,0.002410288885847379,0.0023740910190370988,0.002569582853813305,0.002612725749168583,0.0028647130932880228,0.00299040502787383,0.0024986658920627706,0.0023857565913117003,0.0023757631932419653,0.0023623850044582674,0.0023858187022734777,0.0024589078014493663,0.0025100582863609167,0.002468971307379165,0.0026431180779728585,0.00296108678113286,0.0025888441322274407,0.002548921042001589,0.002357970428361136,0.0022820432012217737,0.0024492253483308587,0.0024429663753756455,0.002409676891044526,0.002456794511730902,0.0026438151494449463,0.0028225191409264635,0.0025608853614602005,0.0024398437726008823,0.002796540132326571,0.0022825216243842015,0.002233635647317965,0.002321545291953836,0.002369014938682062,0.0023804665507634274,0.0024580671824983406,0.002584610878014802,0.002393008075553903,0.002325583086431787,0.002149312984937279,0.0021377474549532757,0.002089525632253502,0.0021891469735741916,0.0021023434442374645,0.0021793013515735,0.0021353051462809506,0.002260742248040826,0.0022607497589970426,0.002192286630045354,0.0019760954953387667,0.0021061463997639617,0.0019182763940479989,0.0019161371193855768,0.0018217057623696918,0.001776359454982389,0.0017000664730070286
ME8 OP5,0.0026293195668857976,0.002155576971630576,0.002167129769015745,0.0020095070073172334,0.0020330972768935157,0.0021135470621191947,0.0021965001652071996,0.002283737504740979,0.0024107798294964373,0.0025242351987978962,0.002967260332956621,0.002548916950373182,0.002334299803611713,0.0023581829348403075,0.0023371540442977652,0.0022875344573073286,0.0023435932517115766,0.002381531304008965,0.0027658933707464294,0.002949660623477953,0.003025485025192435,0.0026083456181732233,0.002424308449186638,0.0023961045534685917,0.002299075782153601,0.0023023921807003972,0.0024401366786881056,0.0024846277304517053,0.0026109446669715856,0.0029891520982068924,0.0029936270673830262,0.0025265863886037476,0.0025168146608278413,0.0024849294282515456,0.002253143912087042,0.0022195828959065324,0.0023128792742556034,0.002552489777570024,0.0025308772654560785,0.0027603444823024975,0.0029884004786308897,0.002640161264316031,0.0023847665296882017,0.002334914488964006,0.0022445244386146714,0.00227817413496066,0.002321821614700741,0.0024923098046029826,0.002601104715399773,0.0028396724293168994,0.002929968582573066,0.0024141212762053537,0.0023267594858843426,0.002294574555256996,0.00226810449082629,0.0023168703129059064,0.0024232838966324896,0.00246051976007544,0.002440895207509884,0.002620442553203593,0.0028775261820656686,0.0025143605366130138,0.002404162471590027,0.002239929550758403,0.002165163984769212,0.002367989755742469,0.0023812224561689087,0.0023620132032097746,0.0023922123118177486,0.0025738419543507424,0.0026972653145755994,0.0024845901214534394,0.0023752899390270003,0.0022825216243842015,0.002635654290426037,0.0021888528882647424,0.0022877796175267274,0.0023715716287639847,0.002284123005863161,0.002409192091144956,0.0025101231346813316,0.002217902272718154,0.002307921681825558,0.002071940248318562,0.0020472836549618144,0.00210392387640628,0.002163845510306083,0.002091380393773696,0.0021630838440473876,0.002156258392719665,0.002367109100498503,0.002120089732673633,0.0021543289645611567,0.0019299323060015796,0.002065060876878168,0.0019284957959472462,0.001916251161735063,0.0018422401925888583,0.0017825476768004926,0.0017358691488411294
ME8 OP6,0.0027420595972245665,0.0021865294442919535,0.0021862819791909466,0.0020921717087434145,0.002083868464531002,0.0021244202779818104,0.0022103536814279843,0.00233864589171542,0.002443361547554259,0.0025838990760392103,0.0030588441578105084,0.0025891868336950182,0.0024209175590816003,0.0024636442397680982,0.0023613145057627028,0.0023310493704888978,0.002391161156452306,0.0024400523388035077,0.002801479351372745,0.0029702960908347875,0.00303484946527256,0.002692450428013956,0.0024591202116919847,0.002476905251814567,0.0023323092777960395,0.002364862834631675,0.0025330348168694453,0.002554339497483407,0.002672359223868554,0.0030333822135709503,0.0029523530358098135,0.0025914117267636415,0.0024675925822881433,0.0025243401422823447,0.0023718734863362925,0.0023374458471066436,0.0023781965552177025,0.0026305188023109417,0.002584965402442066,0.0027745482087378273,0.002945009286955504,0.0027035723920930507,0.002395200505675882,0.0023782537557899552,0.00230627862902375,0.00244747115533547,0.0023398707434374357,0.00257516857166755,0.0025921208708994184,0.002830985799815814,0.0028156721485745493,0.0023542389923542654,0.002359912752373545,0.0023338232997018676,0.002299947856499589,0.0023669045651362546,0.002454058757999409,0.00248332416198143,0.0025037505990240017,0.0026372816453047454,0.0028486507101268925,0.002456026154850901,0.0024877639086355948,0.002362179186951499,0.002206820532702201,0.0023887548873429126,0.002417287488667465,0.002384832687220717,0.002428900169227267,0.002582083958204859,0.0025188236285678314,0.002449469796120893,0.00234354470385274,0.002233635647317965,0.0021888528882647424,0.002596444778498079,0.002270493194581628,0.002360659526249658,0.0024270411234980594,0.0023783740942019222,0.002469763062814436,0.002287456260478284,0.0022947661436936895,0.0020947754593531017,0.0020812539844850555,0.0020993046652611714,0.00215436748082872,0.0021080717882556313,0.002194530307037176,0.0021410326797006215,0.0021308119739333726,0.0020390377374869917,0.00203401191277881,0.0018556640960938789,0.001998477967079637,0.0018294424296147614,0.001863429791651241,0.0017704167033867001,0.0016863781085746533,0.0016969945257812396
ME8 OP7,0.00262581338158973,0.002213525832112659,0.0021998062346775173,0.002083413352685878,0.002104203263390043,0.0021808523535213633,0.00230077493339383,0.0024013204907147295,0.0025377216693294492,0.0026288189084386336,0.0029273600153621026,0.0026333345076219304,0.0024150564901407115,0.0025035578525524006,0.0023881105516793703,0.002383864469490158,0.002431329147814547,0.0025114366641607014,0.0028789173931583908,0.002976083729117873,0.0030254036467136586,0.00263921616945706,0.0024640988019015058,0.0024973782669369996,0.0023843519873488414,0.0023884915442601764,0.0025538004802495,0.002611888250461923,0.00270679928995115,0.00314220871045108,0.002900762122008304,0.0025810934285576065,0.0025448850294649454,0.0025366087255284204,0.002347391199456893,0.0022968629813798643,0.002432169518713053,0.00261607038496036,0.002668672823841158,0.002917894881555798,0.0029232238776883577,0.0026498121115500132,0.0024551282250757254,0.0024003758520506732,0.00232968037527975,0.002413523736978679,0.002403003155873769,0.002645770687672535,0.0026895710333213483,0.0029454846616701748,0.002770191607469177,0.0024062499511653653,0.0023536287791189165,0.0023451128639202516,0.0023767092701267468,0.0024526747540684086,0.0025424677193459184,0.0025911914359313458,0.00253763794905297,0.0026898720745841204,0.002734202289246415,0.0025293716080265808,0.0024237326927771183,0.002337985443218043,0.0022829353716346482,0.00249415200379084,0.0024963990551139822,0.0025255725289264606,0.002561646481752772,0.002734621212992496,0.002591340226772712,0.002479493128198873,0.0023444423144900616,0.002321545291953836,0.0022877796175267274,0.002270493194581628,0.0027095080977440696,0.0024723681803081633,0.0023576482962865014,0.002530587224405932,0.002509941330091238,0.002325100264497181,0.0023401669936823355,0.00206455375435812,0.002126773975743353,0.0021906271387918687,0.0022591276036937917,0.002210874891644113,0.002317872426929996,0.0022331311831916495,0.002230551558757405,0.002118585888115083,0.002189896516939909,0.0020068119743623727,0.0021059288041808664,0.0019079772904199033,0.0019318772159839066,0.0018983210691870971,0.0018223031968624915,0.0018214410585894797
ME8 OP8,0.002767571625481666,0.002378235046637877,0.0023579325726217843,0.0021967605045549936,0.0022322728573710314,0.0023380656781995983,0.002443511949139606,0.0025703088339018893,0.0027152416975589466,0.0028376776729786136,0.003056244461059343,0.0027821374912404403,0.002572462887942099,0.00263891689663775,0.0025737512039351266,0.002505659981348607,0.002641967691109859,0.0026696112382224497,0.0030904579410037307,0.0032500963286575843,0.0031464561860347702,0.0027545091376052003,0.0026074004348820637,0.0026457891061187006,0.0025271387945348415,0.002523215222224529,0.0026965851676898412,0.0027516126068894056,0.0028890195651063537,0.0033611875778341545,0.003062033228706503,0.0027577134557467504,0.002708394292818735,0.002696901226205278,0.0024923668775155305,0.00246708471078319,0.002521942023619915,0.0028211835360186645,0.0028688534374065795,0.0030843849216400207,0.003035519022384215,0.0027826529030852065,0.0025626909579999344,0.0025331440682979066,0.0024511183430606922,0.0025741820858185007,0.0025557154079361346,0.0028046273418515107,0.0028890188370494997,0.003160609449254292,0.002844829463406031,0.002557159538914781,0.0024415204893325913,0.0024353265614412666,0.0024355396862696245,0.002546493561140105,0.0026674066714722664,0.002745830437632542,0.0027171074824899307,0.002896901752876921,0.0028287403866601914,0.0026775812696599936,0.0025267182536034597,0.002437371887334937,0.002377764674478351,0.0026247495431446174,0.0026289815319738468,0.002655337013276789,0.002683095819496049,0.0028837042484388103,0.0026790176121631454,0.002535540352439639,0.0024080443095031955,0.002369014938682062,0.0023715716287639847,0.002360659526249658,0.0024723681803081633,0.002958763620165224,0.00248246245419602,0.00264130422798996,0.002543073651066249,0.00241452814849842,0.0024294603102810466,0.002128752470026266,0.002226734494883494,0.0022412847878432326,0.002365254719906271,0.0023314478775125973,0.002438340722120721,0.0024178986777330103,0.0023505434445181155,0.0022197179905915124,0.0022411877005158606,0.0020412298348665126,0.0021597768021998243,0.001980329605990315,0.0020622560578887855,0.0019592028534209213,0.0019227863145786983,0.0019159725305295827
ME8 OP9,0.0032780079619208345,0.0024975461831761407,0.0024712269920126144,0.002342405921697712,0.0023096139531985278,0.00236613474886813,0.0024703830208942954,0.0026277628781632154,0.0027180537113159664,0.0029632100784585274,0.003652443587412189,0.0028299842426669315,0.0027138930891372165,0.0027615968346714637,0.0025629693188567062,0.002534666665423111,0.002624878387438001,0.002640120099798969,0.003116912423802665,0.0034693823481839513,0.0035007929420590735,0.003029302603566948,0.00266808524193136,0.0027289067619453745,0.0024620090025918393,0.0025752700180066,0.0027546986616953724,0.0027600244683732033,0.002906090205663654,0.003388180363069685,0.0033862158067532165,0.0028822812285037177,0.0026715010332502517,0.0027653737645460044,0.002590635744481665,0.0025052425194998533,0.002537646594314714,0.0028698953010378595,0.0028029271254569627,0.0030073712873653945,0.003481324368991187,0.0030120657034452677,0.002610967429259647,0.0024900838820498643,0.0024809067578377684,0.002656253936374227,0.0025126865647407074,0.002743132703561855,0.00281639080962947,0.0030876683276948903,0.003190518022582484,0.0025372745199043595,0.0025342966975812945,0.0024884771202967346,0.002405386694911982,0.002503382849993233,0.0026018025849576286,0.0026598018448242165,0.0026858368326493276,0.0029153376925420338,0.0033300151775386326,0.002579563654373142,0.00275871858486957,0.002578640649114809,0.0022589429432253593,0.0025414077086119485,0.002515810340470702,0.0025594143348739145,0.0026578660247338795,0.0027834108696414544,0.002856346104572232,0.0025777559709887236,0.0025240426313997877,0.0023804665507634274,0.002284123005863161,0.0024270411234980594,0.0023576482962865014,0.00248246245419602,0.003119943132314065,0.00262618404137427,0.0028549856781261273,0.002493564340836013,0.00238452237209303,0.002301819402334406,0.0021812648383780714,0.0022180089873990354,0.0023010460865237844,0.002246043769082923,0.002343164868438711,0.00229540387309447,0.0022735329134586967,0.002233031568101758,0.0020868462374266407,0.001997435550248184,0.0021097900209136313,0.0019648388177034124,0.002062550923975527,0.0019550532970205267,0.001901609368746346,0.0018238681406526694
ME8 OP10,0.0030137079509821693,0.002434733153897984,0.002405388862931716,0.0022584946344616306,0.0022577455272337088,0.0023582220822739365,0.0024779261792422843,0.002585599236656964,0.0027576025810258907,0.0029143494059588174,0.003414675508026583,0.0028636271114069584,0.0026591357495434195,0.0027262729083196123,0.0026199563589427515,0.0025811812579889988,0.0026116093448890956,0.0027477281039071945,0.0031468563465870086,0.003486528875642068,0.0034292320300997347,0.002945394705857037,0.0026586915317983258,0.002757090319044905,0.002616605512918049,0.0025777582551058985,0.0028134877529011025,0.0028482102794274307,0.002949475654409874,0.0034522021007094847,0.0033484933071908454,0.0028735986418563625,0.0027496833965071324,0.002778953999066639,0.002591392826149782,0.002481610432359013,0.0026328909360991367,0.0028425011104323997,0.002896644297200909,0.0032356391402539727,0.0034021742274824647,0.002970888351372188,0.002641372058055085,0.0025706850469720205,0.002515928239541731,0.002597595325100157,0.002637348781864091,0.0028057036401374293,0.0029835252307166813,0.0033207699084827637,0.0031535974015382364,0.0026139471339297936,0.0025241715990066437,0.002483085014356442,0.002536136367136772,0.0025693917783826303,0.002692723504923464,0.0028277283286192623,0.002765668998128044,0.0030332255165469815,0.003118668469385257,0.002714875156593754,0.00259773671837618,0.0025514799663985226,0.0024066360518250154,0.002651175001434105,0.0026640529901576083,0.0026872245684227973,0.0027852531242894005,0.0030166272426934053,0.002964904089740953,0.0026341941449967913,0.002532484740425222,0.0024580671824983406,0.002409192091144956,0.0023783740942019222,0.002530587224405932,0.00264130422798996,0.00262618404137427,0.0032694928964483437,0.0028275976542341615,0.002459771622029575,0.0024429186367123453,0.0022476140318061053,0.002249473888824752,0.0023050985798814673,0.0024186414492195227,0.002351648499694771,0.002509797687457633,0.0024316085882300667,0.0026175946071808277,0.002358953101218976,0.002327054796741179,0.002140136036829134,0.0022723834173425765,0.002051138758747791,0.0020850423128478375,0.0020610504979145733,0.002003607449908719,0.001982202846252332
ME9 OP1,0.004022953562316846,0.0027350214859534457,0.0024263824215402393,0.002334573856237428,0.0022275287682279113,0.002321612351071111,0.0024909570618473534,0.0026658542495587145,0.002767418271048538,0.0031997307259720646,0.00446512604990236,0.0030786457865610043,0.0028345584028306786,0.0026565936295683433,0.0025182702758370593,0.002612831962149302,0.0028460959310150553,0.0025910992627237403,0.0030489646077613733,0.0037576127471710898,0.004409793503878234,0.0033585678511390653,0.002716580535475328,0.002803825113836544,0.002516276775860588,0.002593769976621086,0.0027559928775570722,0.0028419592508241408,0.0031549824597978584,0.0035829985715601456,0.004432520985205391,0.003123683075006014,0.002845392725178853,0.0028747356550611913,0.0026386630303257682,0.002603185512528573,0.0025385595237230434,0.0028649087849192158,0.0027460711890339435,0.0030617775421329205,0.004619940033895201,0.0033189636890166526,0.0027866202349513705,0.0025239889331875173,0.002569943505714398,0.0027770821167951943,0.002505677858448289,0.0028685962179559286,0.002788672240474485,0.003241963183592713,0.004424279040743839,0.0028965490367957726,0.0027186546841259985,0.0025741822495367185,0.0025691898231379132,0.0025304749006028926,0.002645122911635321,0.002850435791484832,0.002723248758939535,0.003052025459022494,0.004449897701876224,0.003139274134940164,0.0030996020063596744,0.002809060506587833,0.002445142102911426,0.0025815226499846747,0.0025877538201462963,0.002543866728042666,0.0026334228471202917,0.0027448102204998413,0.0042736232014798795,0.003194922504229244,0.002913490234597604,0.002584610878014802,0.0025101231346813316,0.002469763062814436,0.002509941330091238,0.002543073651066249,0.0028549856781261273,0.0028275976542341615,0.006141061371665952,0.0031553833836475585,0.002703698762913391,0.002486214626334498,0.0023785610541277665,0.0023245225355005773,0.0024698451718782963,0.002380891586703174,0.00252173760857352,0.0024292123735645895,0.0036817629298300644,0.0030359608930787744,0.0026509499283392667,0.0024494350852419374,0.0026291467289646384,0.0022788456729198048,0.0024501838634742017,0.002235928376590477,0.002341757630667591,0.0020170338142114857
ME9 OP2,0.0030450095909353076,0.0023527114132614224,0.0023275689988875702,0.0021374841547708266,0.002106979398122625,0.0021750988536854334,0.002288199343548564,0.0024848349044170152,0.0025045038904968186,0.0027802286272174525,0.003368077699234741,0.0027057570186865177,0.0025161932513552516,0.002497774559137597,0.002397222162176321,0.002413870829068402,0.0023014789303492313,0.0025359748901967643,0.0028086374231501418,0.003275970056606054,0.003360485149562263,0.0028563894594045617,0.0025058037943215066,0.0025844426273118103,0.0022964561154346893,0.0024290641300707774,0.0025526704789840668,0.002551087265064644,0.0027305240497045554,0.003170072070003619,0.0032725580781164123,0.002716528781491557,0.0025832418564022577,0.002567529944751922,0.0024200462583768927,0.0023318895100381313,0.0023399504023813634,0.0026203318146175592,0.0025843344868860117,0.0028248000541544636,0.003423837715178959,0.0028648271514329048,0.0025348768941302275,0.0024080241407144934,0.0023629601765893056,0.00251392788689275,0.002350434358983253,0.0025291077380354453,0.0025786668521998552,0.0029081870078163075,0.003154893791385211,0.002544061580404778,0.0024525309140956755,0.002383956545257913,0.0023590531022335383,0.0023300849124987893,0.002453110822896369,0.0025504042030913866,0.0024558557461441003,0.0027199854875705064,0.003327936461539851,0.002676529763067991,0.0027076397913162525,0.002498105077204345,0.0023099412620067867,0.0024628190995250932,0.0024733722328916714,0.002453887103189471,0.0024330237022694343,0.0026700563710578985,0.0032203735517798942,0.0027185483970548928,0.0025717641399779475,0.002393008075553903,0.002217902272718154,0.002287456260478284,0.002325100264497181,0.00241452814849842,0.002493564340836013,0.002459771622029575,0.0031553833836475585,0.003432035990637321,0.0024833041683858087,0.0022298248851599077,0.0022105256949472235,0.0021528296606431263,0.0022755880913806034,0.002130782458658522,0.0022065656821173493,0.002205089177104028,0.002802388340418722,0.0025999233280780167,0.0023628181848672596,0.002140277769973111,0.0022928529413172895,0.0019943420694849513,0.002111064396366591,0.0019770004633321426,0.0018780829827764365,0.0017540564139692618
ME9 OP3,0.0027584009562348594,0.0021812245173656727,0.002117562243672673,0.001980656902898083,0.0019957168581270475,0.002050731912614573,0.002166047387573495,0.0023079175669213437,0.002449386648250756,0.0025469183254480283,0.003064158862237055,0.002627723264704531,0.00237191730118261,0.0024420594161934824,0.002322583522487126,0.0022620627544168445,0.0023106818707230624,0.002423607616393819,0.0027550316139937202,0.0029326673806725997,0.003112299843097015,0.00272502399563436,0.002437534030647486,0.0024509259741506565,0.002277688177839468,0.002321599568459004,0.0025141294162319586,0.0025285256280244586,0.002612989329889092,0.0030770472541506457,0.003060368283682924,0.002663480071710357,0.00246096437485611,0.002515072937719275,0.002294037579038405,0.002262715980462759,0.0023320455477134254,0.002561171925474172,0.002593848481406319,0.00279370603697769,0.003052126484548608,0.0026896964733289083,0.0024333707643146942,0.0023326861535314042,0.0022970009959346494,0.0023855442547197556,0.0023470324325979234,0.002554932301029503,0.002553326611483975,0.002857191930090385,0.002968985988019985,0.0024148494652930794,0.00237111984996832,0.0023382943823145185,0.002308931922410796,0.002405046953196994,0.0024626175509257888,0.0025202677329991814,0.0025068023489530212,0.002614819964478181,0.0029823611166160356,0.0025930796957867592,0.002571514015103648,0.0024283521270577297,0.002224199568419973,0.0024397050418704185,0.002465570500977477,0.0024199576589487783,0.002395356356959827,0.0026474834759786826,0.0027389606917646438,0.002668069112509387,0.0024713015566726533,0.002325583086431787,0.002307921681825558,0.0022947661436936895,0.0023401669936823355,0.0024294603102810466,0.00238452237209303,0.0024429186367123453,0.002703698762913391,0.0024833041683858087,0.0030041490458753797,0.0022272898984536456,0.002177911915741213,0.0021924906694208834,0.0021933769942394012,0.002161347165114596,0.0022428409570833586,0.0021370710747203162,0.0024614819468833245,0.002298222430961007,0.002321618634166649,0.002055937043273251,0.002283648823346219,0.001985077351192403,0.0020270430665392126,0.0019102055677916994,0.0018483670989160605,0.001778520516650128
ME9 OP4,0.0027118274751347948,0.0020200958312404445,0.0020026825517342963,0.001881176890962465,0.0018352273226612118,0.0019324132280126884,0.0020051288228345003,0.0021004770635133507,0.0021751816214297575,0.002323284752641521,0.003049850957568558,0.0023397695311676964,0.0022542013201988778,0.0022412752419930138,0.0021332331353865175,0.0020673238162575796,0.0021261750209640834,0.0021909506824487612,0.002535520390435567,0.0028279738774925588,0.0030399760196624386,0.0026034211604635863,0.0022560068499533643,0.0022504325207955574,0.0020920374646932528,0.002154648960058256,0.0022881614882167976,0.0023146509368678634,0.0024236114274111243,0.002741035270918791,0.0030184289849197665,0.002488895167627247,0.002285899898685462,0.0023588809150084915,0.0021428506728442863,0.0021115852268305977,0.0021304935861663995,0.0023479245885609807,0.0022946599356145356,0.0024666439316563993,0.0030572727748972954,0.0025994713341363747,0.0022829628240252265,0.002191326976953515,0.002183400629203237,0.002256672630654459,0.002129064540188321,0.002223509377449002,0.002333497837093188,0.002520618089917547,0.0029034628770373177,0.0022942508785350826,0.002200464884343488,0.0021321142592996088,0.0020649936768021874,0.0021224038413044945,0.0021927697844944904,0.0022036275198232076,0.0022868257492700728,0.002390437896393109,0.003002595276720884,0.0023225712013527056,0.0024148133469976724,0.002230818825402909,0.001979297088352816,0.002178176219689746,0.002198253493448911,0.002118239392653194,0.0022418609621150235,0.0023333798727804083,0.002644206226808537,0.0024026417509827626,0.0023681289915518508,0.002149312984937279,0.002071940248318562,0.0020947754593531017,0.00206455375435812,0.002128752470026266,0.002301819402334406,0.0022476140318061053,0.002486214626334498,0.0022298248851599077,0.0022272898984536456,0.002536897814696212,0.0019334388888489445,0.0019857474230010512,0.0020329431975405214,0.001979963676185428,0.001998663791444535,0.0019728254300490633,0.0021323279467587823,0.002065590597598077,0.002025429561982135,0.0018325364371522188,0.0019619488316751535,0.0018365742598013641,0.0018029097729512777,0.0017304907576389894,0.0016696795197217542,0.0016182842559647373
ME9 OP5,0.002422389032406303,0.0020211191692631214,0.002027369703225819,0.0019341509860355088,0.0019482915347815962,0.0019897813764983433,0.002080180538438847,0.0021963939520958367,0.0023279708111560355,0.0023891007861288243,0.0027746503336109913,0.002407419364968629,0.0022505585109333613,0.0023295340718996714,0.0022187705646913953,0.002167168395013217,0.0021308757762060434,0.0022614786035027204,0.0026258752464521458,0.002727437053800901,0.002760780730485922,0.002444430784960643,0.002252002200292323,0.0023010763898700442,0.002139907509514585,0.002188537360307838,0.00231013667975165,0.0024097495288866355,0.002485236861163211,0.0028685790011028474,0.002667195580908452,0.002421534460248131,0.002261146430322448,0.002373745623500392,0.0022086249551908667,0.002106964049474265,0.002143314201762625,0.0024080386355139335,0.002383994448966708,0.002570891843688286,0.0027306387347588047,0.002461490142110083,0.002249705630974505,0.0021983890570125707,0.0021077475715546383,0.002221290752623342,0.0021721712090636974,0.0023516608374208312,0.0024008204063399713,0.002643427033255898,0.002542115465690633,0.0021319212096793144,0.002144376958183008,0.002185792351079262,0.0021343808775287393,0.0021408592938025124,0.0022585231865559665,0.0022917449732700003,0.00229929752931357,0.002435308670058535,0.0025989330922430633,0.0022976277060979015,0.0022974907206383772,0.0021968468655887397,0.002077885538069489,0.002230040098043864,0.002247451493902949,0.0022417540490041995,0.0022391691964816058,0.0024194172806122254,0.00236405453211496,0.0023028365421567947,0.002183209687732668,0.0021377474549532757,0.0020472836549618144,0.0020812539844850555,0.002126773975743353,0.002226734494883494,0.0021812648383780714,0.002249473888824752,0.0023785610541277665,0.0022105256949472235,0.002177911915741213,0.0019334388888489445,0.002358518366197757,0.001996233161501093,0.002035186837726747,0.001993495761686702,0.002046003796030924,0.002017936690473388,0.002149969310361293,0.001978709049909365,0.0019496577568504302,0.001813524804232238,0.001963171291543368,0.0017705114087362755,0.001818741420687119,0.0016791745034864664,0.0016618353812311503,0.0016307255681644948
ME9 OP6,0.0024316750924876797,0.001992440351970034,0.0019962258285238883,0.001868493319892117,0.0018976455464103465,0.0019532505055423906,0.00208088672682278,0.002172236021121826,0.0022499793019009214,0.0023209978205532226,0.0026998404576429732,0.002379224027382914,0.0021670868091906246,0.0022283405232989186,0.0021442418607627045,0.0021385388847836267,0.0022366533966832395,0.0022258609588060763,0.002567619229398388,0.0028023659229255,0.0027379794425738254,0.0024132752882149865,0.002235577473490701,0.0022422521000161635,0.0021319193640908104,0.0021506816837376097,0.0022576842015329317,0.002304120471948701,0.002417717639215405,0.002875858102784471,0.0027004126636591473,0.0023956350734872065,0.002293385003032422,0.002291952887890222,0.0021334345302142775,0.0020768373575279194,0.002173079422751509,0.002339886731302943,0.0023748522662090654,0.002557157333452076,0.0027082042573416732,0.002458855478243422,0.002236592249361086,0.002128347179087315,0.0021175455614869565,0.0022048449823990988,0.0021401226354532243,0.002343884720394477,0.0023933252781073396,0.0026600268657887916,0.002550364616079373,0.0021955763193571465,0.0021640455554764316,0.002119401532204895,0.0021148639765664968,0.0022117192049614727,0.0022471599525402735,0.0023088430508122646,0.0023454399491984494,0.002465226814792342,0.002589352492369292,0.0023155049557436937,0.0022875142298515367,0.0022117292076191393,0.0020659157273329233,0.0022695906591869027,0.002273869492148672,0.0022583787947160388,0.0023131895170918036,0.0024704111506594203,0.0023719627056647454,0.0023030456979103815,0.0022138111151467793,0.002089525632253502,0.00210392387640628,0.0020993046652611714,0.0021906271387918687,0.0022412847878432326,0.0022180089873990354,0.0023050985798814673,0.0023245225355005773,0.0021528296606431263,0.0021924906694208834,0.0019857474230010512,0.001996233161501093,0.002378539362685181,0.0020574683082736937,0.0020549972717634,0.002107011177543566,0.002088896846537449,0.002167123938415622,0.0020528194109620374,0.001999367583625327,0.0018705413820903926,0.0019928646605796587,0.0018513465971523489,0.001864145297366056,0.0018064750863572775,0.0017271040861949357,0.0017446678234774688
ME9 OP7,0.0025283647656882714,0.002061330717923357,0.0020734935469222974,0.0019284177828601495,0.0019479628510447344,0.002032648730068875,0.0021400902717112445,0.0022136492110017888,0.002307571574980901,0.002525772861595582,0.0028540207380624402,0.0024151678077797,0.0021948008636369764,0.0023091403811851176,0.0022137038172029134,0.00218388777010996,0.002272349178937854,0.002268964967430117,0.0026351216183318924,0.0028158416261735934,0.0028582960927612086,0.002464207802737251,0.0022568868820426104,0.002294078278996874,0.002170383163581271,0.0021905725602344335,0.0023774378656122213,0.0024298173933620846,0.002484493082750935,0.0029182424510592895,0.0027645602601481527,0.0024777348900758473,0.002299189979479428,0.0023557056421772125,0.0021812205727893934,0.002093121823832658,0.0021916454006342314,0.0024196976298655917,0.00243149467116072,0.002652793144565095,0.0028335442632700537,0.0025379824590235417,0.0022621921558253887,0.0022159168531698924,0.0021661718695499535,0.002270058729244181,0.002261305975869751,0.0024255103084805077,0.002446946358886592,0.0027495510580328878,0.0026130294950631266,0.0022678547907876924,0.002188003631533553,0.0022188542184128045,0.0021880401600002613,0.0022287432041839792,0.0023525569560300962,0.002391449557257049,0.0024208209286837503,0.0025548097758961563,0.0026803406554010527,0.002418017697571409,0.00233480768181365,0.002205566723724151,0.0021409842798837146,0.0023245083032237134,0.002346606672410162,0.0023637533126090703,0.0023923098539707123,0.0025924685926081168,0.002486513450795552,0.0023566622740142868,0.002238400178441656,0.0021891469735741916,0.002163845510306083,0.00215436748082872,0.0022591276036937917,0.002365254719906271,0.0023010460865237844,0.0024186414492195227,0.0024698451718782963,0.0022755880913806034,0.0021933769942394012,0.0020329431975405214,0.002035186837726747,0.0020574683082736937,0.0025073798479849836,0.002118707036591913,0.0022034634927381976,0.0021790121239001663,0.002164678424830794,0.0020855196027010814,0.002101057181408806,0.001928163672696143,0.002044225677898002,0.0019298296029073164,0.0019286590350828519,0.0018628279569177211,0.001828661986042572,0.0017597450229389958
ME9 OP8,0.0024538185921638618,0.002029125057301238,0.001998549993614287,0.0018786331953036365,0.0018812724268075693,0.0019988439988925053,0.0020772367252027114,0.002201062130736524,0.0022976035838609007,0.002422357079843613,0.002732462063616081,0.0023950016834514963,0.0021522798525440874,0.0022497494446356825,0.002164489174014397,0.0021564764653639566,0.0022249422727298276,0.0022428423772287596,0.0026281158298363007,0.002794389916799812,0.0028069797590038648,0.0024439665795679675,0.002231037423147599,0.0022624312489065816,0.0021563616826633094,0.002203844483719497,0.00233088749194723,0.0023683627010254505,0.0025205709160278605,0.0029294427463981976,0.002773185462626068,0.0024318191118472576,0.0023202612798779573,0.0023140564969228905,0.002177268959384726,0.0021264297773741516,0.002239258824400152,0.002447622374973161,0.0024330774724060137,0.002610595183295677,0.002732701494291939,0.0024459723597289994,0.0022881374843546584,0.0022000752634214033,0.0021476972637664428,0.002247603773264457,0.0022383937559402075,0.0023905696378209817,0.002495859065002975,0.002775643749772669,0.0025977270518576048,0.0022091859556528566,0.0021866247788626197,0.002143878145201018,0.0021564359383400176,0.002224424988150881,0.0023197741460386717,0.0024043575950185264,0.0023940046745757346,0.0025162060012518758,0.0026571039019050134,0.0023316437238635503,0.002233671587420426,0.0021646688906593182,0.0020881840485974844,0.002322918432080489,0.0023198501138237473,0.0023025381531624383,0.0023827814747354194,0.0025433170098403944,0.002409361413898382,0.0022837105243463172,0.0021762313437580392,0.0021023434442374645,0.002091380393773696,0.0021080717882556313,0.002210874891644113,0.0023314478775125973,0.002246043769082923,0.002351648499694771,0.002380891586703174,0.002130782458658522,0.002161347165114596,0.001979963676185428,0.001993495761686702,0.0020549972717634,0.002118707036591913,0.0023842632210632365,0.0022058721284293156,0.0021780996354421444,0.0021953328888285888,0.0020186421063075576,0.002002251914129982,0.0018807400455255713,0.001997305012574219,0.00183523091738198,0.0019027395952765694,0.0018556593856781474,0.0018017871271439115,0.0017866004312444383
ME9 OP9,0.002556132038609737,0.0021446814312366218,0.0021417229340182095,0.0020014804397439612,0.0020116022301527405,0.0020959912277911104,0.002200006025244346,0.0023162544456026227,0.002443550536025662,0.0025670157452979954,0.002867285019916106,0.002559572744262752,0.0023151992742782134,0.002387306842069637,0.002314579504358569,0.0023008138237924428,0.002265310155413925,0.0024129304058345506,0.0028300750775521705,0.002929757315065073,0.0028726536488283606,0.0025365290738727218,0.002330541832037068,0.002432531294256759,0.0023185577971462324,0.0023395156715726294,0.002483068203065194,0.0025198404241398233,0.0026490666483260433,0.0031057105794346073,0.002837721075302948,0.0024918529717819116,0.002438992113261501,0.0024474460925287063,0.0023170274945123388,0.0022318577438428136,0.002366596108601116,0.002611684163611465,0.002554967039700239,0.002820123948544096,0.002887435552867413,0.002615966290276596,0.002380522362751493,0.002286212575805204,0.0022828892742468095,0.002384412857437452,0.0023736532401243174,0.0025374672190301767,0.0026723965209820687,0.002968422456247574,0.00274203342985393,0.0023117197200663835,0.0022381798055260533,0.0022576482010971564,0.0022280002455707867,0.0022997818311721865,0.002418575076073786,0.002544647154585325,0.002491560062042222,0.002726215441251721,0.002725739219143356,0.0024730778963749653,0.0023258800583870953,0.0022661634637886584,0.0021597668454525908,0.00243219077170112,0.0024180166463817405,0.002465405194671931,0.0025041752347304933,0.002683386412185869,0.0024485447575518455,0.0023888467393928365,0.002309671331755409,0.0021793013515735,0.0021630838440473876,0.002194530307037176,0.002317872426929996,0.002438340722120721,0.002343164868438711,0.002509797687457633,0.00252173760857352,0.0022065656821173493,0.0022428409570833586,0.001998663791444535,0.002046003796030924,0.002107011177543566,0.0022034634927381976,0.0022058721284293156,0.0027144158946746915,0.0022323501043024817,0.002237479779404637,0.002032138387259933,0.0021085229868905535,0.001962971847867708,0.0020556931255290285,0.0018769174918762542,0.0019289913439154292,0.001887322431280584,0.0018543123358045924,0.0018562971397205834
ME9 OP10,0.0024929701978535527,0.002127528283153635,0.002093918424430984,0.001958688372265873,0.0019808275990008304,0.0020743899986557525,0.0021973310047915117,0.0022721697027046715,0.0024372765289943327,0.0025233612605472314,0.0027540672511499713,0.002439703142838658,0.0022347904096942537,0.002324625953921694,0.0022645324578047083,0.002224113642391251,0.0022804675011412674,0.0023502493060220007,0.002751233542767964,0.0029013432166497227,0.0028512157585494947,0.0024414176195070698,0.0022849340272629143,0.00233951719450229,0.002229757400693391,0.002224683809007798,0.0023996508418549327,0.002455304350052947,0.002602540612870224,0.0030294573767409546,0.0027915085863446836,0.0024689787946805637,0.0023397646318154687,0.002347994183900136,0.0022068242977204,0.0021873697891185407,0.002262638421430543,0.002494355879627621,0.0025200235641610925,0.0027351643623124526,0.002779343763755255,0.0024750768252661147,0.0022877340826531227,0.0022248927319596175,0.0021979900324898076,0.0022720515112929483,0.0022906001807567527,0.002471394801359557,0.0025836823671645678,0.0028403499178174716,0.0025857747327117228,0.002263069978394419,0.0021621560210166057,0.0021571745509939163,0.002172440452456243,0.002260963565894976,0.0023837622970709947,0.002451940695725242,0.0024382487600039583,0.0025886988942426872,0.0026423694671038143,0.0023769465158468787,0.0022190579704945883,0.0021630158471182526,0.0021113266406140715,0.002382112151767454,0.0023444215436316017,0.002391305834971785,0.002397892094332517,0.002617414720181037,0.0024046363446953833,0.0022858702592306194,0.0021858087674218605,0.0021353051462809506,0.002156258392719665,0.0021410326797006215,0.0022331311831916495,0.0024178986777330103,0.00229540387309447,0.0024316085882300667,0.0024292123735645895,0.002205089177104028,0.0021370710747203162,0.0019728254300490633,0.002017936690473388,0.002088896846537449,0.0021790121239001663,0.0021780996354421444,0.0022323501043024817,0.002654312836852006,0.0023487609288871713,0.0021131835808702953,0.002082939345622309,0.001857822787195584,0.002073510287631254,0.0018976934259923859,0.0019291363350007603,0.001900823417917312,0.0018576038773181877,0.0018700787268112534
BIG LoOP,0.0028085336764653366,0.0021443304522292934,0.0020320211409924414,0.001922505286376778,0.0018811421144427785,0.0018940957421157633,0.002138816169508518,0.0021381845780237703,0.0023039103689231647,0.0025008673531631055,0.003262733572989158,0.0023958814462932804,0.002313585981385513,0.002250575025519715,0.002186372834573002,0.0020254625402816406,0.00236198309136105,0.0021474705403729012,0.002560524079941182,0.0029309183734924403,0.003292083099897997,0.0027518661148473213,0.0022510617413514333,0.002364109431704407,0.0022352892171284273,0.0021917838653190457,0.0023207326083177207,0.0022867575557982927,0.0025542203871432544,0.003006999814716896,0.003603105701281768,0.002681265904550846,0.0024508062114855715,0.0023530640405938154,0.0021842613438348354,0.0021898390678178393,0.0021642910224112907,0.0023174124219498956,0.0023282410543731097,0.0026367837567221357,0.0036789444809952705,0.002697182111652181,0.002450064909593945,0.002243786835414221,0.0021222935948671893,0.0022210691572605804,0.002308609477456052,0.0023447875524000472,0.002496507262930837,0.002801387962675517,0.0037058039731198435,0.002591148446260043,0.002379377923850719,0.0022389104323694595,0.0022484353338340624,0.0022185166114393313,0.0022634226918606063,0.002433557595513793,0.0024083384343554877,0.002547047366543847,0.0035285014544554068,0.0028777356853263727,0.0026360009503862106,0.0023521891359714726,0.002163668971582685,0.0023229497033206608,0.0024465929534860944,0.00228283614698212,0.0023305770030801367,0.002624364735354839,0.0035880207452503245,0.0028823286651261876,0.0025070662131365705,0.002260742248040826,0.002367109100498503,0.0021308119739333726,0.002230551558757405,0.0023505434445181155,0.0022735329134586967,0.0026175946071808277,0.0036817629298300644,0.002802388340418722,0.0024614819468833245,0.0021323279467587823,0.002149969310361293,0.002167123938415622,0.002164678424830794,0.0021953328888285888,0.002237479779404637,0.0023487609288871713,0.006781275514735857,0.002996323864881905,0.0025667998941403085,0.0024075406373243622,0.002526705489591076,0.0021449490519678503,0.0024287184367768827,0.0022575029767509043,0.002197086279939365,0.002003373817194065
ME10 OP2,0.002645461123406073,0.002024802214995533,0.0019129827612416688,0.0017905720640610438,0.00172635899061774,0.001835594506667016,0.001889224062865471,0.002087373278218572,0.002116967537652743,0.002331155226169487,0.0029877771669615198,0.0023713852759762776,0.0020903894145353806,0.0021111673118308213,0.002076024611298273,0.0020188484319719705,0.0020502598423765873,0.002138806171695973,0.0024166049441647387,0.002934015789755528,0.003003677380893121,0.002483154178006716,0.0021841388699185677,0.0021998579824809767,0.0020103152484300508,0.002040798794366425,0.0021780757847995724,0.0022075753326010195,0.0024315272226241784,0.002739829489746835,0.0031180315452098797,0.0023837346876886,0.0023373350568077055,0.002294728910398471,0.0020443711972071843,0.0019154477581659498,0.001989137222741766,0.002227453145306625,0.002250914182038763,0.0025087090097068794,0.0031381272399558344,0.0025184319541633185,0.00220615802475667,0.0021022881439836214,0.0020226222270540994,0.0021129721396563445,0.0020931117295333278,0.002247121662837127,0.002295277806511102,0.0025896684614858086,0.0030564570836433148,0.002349404935557404,0.0021237211257846157,0.002090487236225735,0.0020863441416239703,0.0020844749185593664,0.0021241345114611024,0.0022850544501405003,0.0022721768503842026,0.002410646988663346,0.0030295565905689805,0.0025418783295258723,0.002448905451586466,0.002137681443254315,0.0020308130868711568,0.002175007560333417,0.0022885877918952845,0.002214730121601744,0.0021761791192147035,0.0024281872852888967,0.0030679407954972773,0.002599976210239698,0.0023591809066077097,0.0022607497589970426,0.002120089732673633,0.0020390377374869917,0.002118585888115083,0.0022197179905915124,0.002233031568101758,0.002358953101218976,0.0030359608930787744,0.0025999233280780167,0.002298222430961007,0.002065590597598077,0.001978709049909365,0.0020528194109620374,0.0020855196027010814,0.0020186421063075576,0.002032138387259933,0.0021131835808702953,0.002996323864881905,0.0035626588267838716,0.002365638539441223,0.0022502249598507005,0.0022486023091162367,0.002048633268447238,0.0020744511193945526,0.0020264764925616995,0.0019235022843438643,0.0018507151569034212
ME10 OP3,0.00252967207810395,0.002054456454975915,0.002005431591270986,0.0019066059651833007,0.001885118218754077,0.0019777102801327973,0.0020399313035398656,0.002146021409917467,0.0022325459924622134,0.0023934440799811686,0.002746759369754474,0.002395434929436818,0.0022174019216265146,0.002212383122736632,0.0021929177555885834,0.002151534597307547,0.0021370114552309765,0.0022342915363054725,0.002576910242568903,0.0026789110884643144,0.002821398667792511,0.002406920439668925,0.002209116688469022,0.0022339900032661473,0.002119644148408199,0.002092096611622068,0.0022526531117305804,0.0022852434906932093,0.0023816830678310584,0.0028563741774268554,0.0028639306458358017,0.0023478862663553948,0.0023091479767288862,0.002241981117522914,0.0020280963213133666,0.0019695739587061952,0.002129327541802708,0.002274605345956073,0.0023041057327135724,0.0025466391111824546,0.002905086895726139,0.0024418752553009176,0.0022069446953044856,0.002112361933049655,0.0020834213247904287,0.0021106731742532225,0.0021563751670786563,0.002305530726099035,0.002326489024298658,0.0026826920809040655,0.0028601470036608333,0.0022322595369334286,0.002152987570901369,0.002061679901102704,0.0021363601427435556,0.002176095318916626,0.0022342381447786543,0.0022625967025677947,0.002266243691715138,0.0023924115456290143,0.0027168419285145047,0.002412813602517763,0.0022821688189316133,0.00217646437099572,0.0021198661304924894,0.0022069716319255165,0.0023076658111583475,0.0022674454107841887,0.0022911553424360266,0.002412564851319923,0.002740944602232803,0.002445498992014329,0.0022679940298876967,0.002192286630045354,0.0021543289645611567,0.00203401191277881,0.002189896516939909,0.0022411877005158606,0.0020868462374266407,0.002327054796741179,0.0026509499283392667,0.0023628181848672596,0.002321618634166649,0.002025429561982135,0.0019496577568504302,0.001999367583625327,0.002101057181408806,0.002002251914129982,0.0021085229868905535,0.002082939345622309,0.0025667998941403085,0.002365638539441223,0.003043799193330709,0.0020594902673456584,0.002226361236948956,0.0020554543415450973,0.0019599489860317116,0.0019746152832114043,0.001879532723141697,0.0018212146067126361
ME10 OP4,0.0022497716872980486,0.0018389510594143772,0.0018140205251266492,0.001699455530384144,0.0016614076215222442,0.0017926632766857948,0.0018204743768574835,0.001949654502212177,0.0020097998317904365,0.0021055884186885073,0.002514501016243049,0.0021926460345377823,0.00198372232379186,0.0020599561377203234,0.001977170388855351,0.0019719006928427527,0.002204892060083382,0.0020246234626716195,0.002296029104728401,0.002594061508621058,0.0026017916789946704,0.0022381665998338716,0.0020387257031855904,0.002114877302774669,0.001960686110399638,0.001995033799841852,0.00209642102856227,0.002119779519906541,0.0022013187461909826,0.002644403094168042,0.0026139865549116028,0.0021901362882348198,0.0021318007556566133,0.0020977119865092783,0.0019637505989156035,0.0018192896454222631,0.0019251521896615042,0.002095733561452127,0.0020898652643935754,0.002299413020381771,0.002688017934107925,0.0022717330605010093,0.002043601430446525,0.0019805077787725476,0.0019131979579300063,0.002002412667601954,0.001972041048159052,0.0021178418718133057,0.002142113425752424,0.0024513771175212564,0.002632029241129929,0.0021159205353264905,0.001955082650555603,0.00199830330782276,0.0019639321791671076,0.0019447238669076249,0.0020365333301947926,0.0021319136256612217,0.002075329833246544,0.002171028947324993,0.0025583983943417046,0.0022479089940841486,0.002132774145968053,0.0019972741900059535,0.0019553924091851894,0.0020174297549192745,0.0021718905442811324,0.002062133130539953,0.0020702485167979753,0.0022284695687864054,0.0024069191259584745,0.002259365823316907,0.002130401154440821,0.0019760954953387667,0.0019299323060015796,0.0018556640960938789,0.0020068119743623727,0.0020412298348665126,0.001997435550248184,0.002140136036829134,0.0024494350852419374,0.002140277769973111,0.002055937043273251,0.0018325364371522188,0.001813524804232238,0.0018705413820903926,0.001928163672696143,0.0018807400455255713,0.001962971847867708,0.001857822787195584,0.0024075406373243622,0.0022502249598507005,0.0020594902673456584,0.0026529070987869365,0.0020388139294651806,0.0018576259374367184,0.001914900302920639,0.0018098262013971308,0.0017654218335052556,0.0017710403886731887
ME10 OP5,0.0023011979238389576,0.0018341533973254807,0.0018192280891668067,0.0016646780121307755,0.0016865476234394813,0.0018013956075251488,0.001886151542868389,0.0019810196263887543,0.002108319891643603,0.0021882148401536888,0.0026803230617779795,0.0022238490953508682,0.0020579299428870323,0.0021112681385717204,0.002056138999651592,0.002065250029406452,0.002122217294931569,0.0021010724721353944,0.0023862160504199933,0.0025766888995553882,0.002724091720256141,0.002259148330830412,0.002031024424652256,0.0021064166597887022,0.002013791154000972,0.0019916856736986767,0.0021245274064208156,0.002210998874567152,0.002309308114529823,0.002683166780713098,0.002735775101490061,0.0022674412062087235,0.002231247941898797,0.002171750088992469,0.002008680502668346,0.001926290320897309,0.002026034461997859,0.002259786796519395,0.002210205916464651,0.002414601231066411,0.0028859868417592575,0.002364795653047305,0.0021160514970503027,0.0020510643306707547,0.0020108595193744456,0.002093898385083075,0.002052497218268244,0.0022078153722033768,0.002241879415835501,0.0025349798637837994,0.002696882513524956,0.0021171857887541975,0.002028737296956129,0.0020363470756563306,0.0020349447872980656,0.002078576709810753,0.0022170189634618254,0.0022087201983121696,0.0022123437000407986,0.002232090587192194,0.0026678980959923848,0.002314194340650803,0.0022494140475669564,0.0021417955289068347,0.001973988274116278,0.002123853496852019,0.0021861186052222798,0.0021808076635929634,0.0021287932167463205,0.0022965359359721177,0.0025321924909124595,0.002370385248221004,0.002184067602263343,0.0021061463997639617,0.002065060876878168,0.001998477967079637,0.0021059288041808664,0.0021597768021998243,0.0021097900209136313,0.0022723834173425765,0.0026291467289646384,0.0022928529413172895,0.002283648823346219,0.0019619488316751535,0.001963171291543368,0.0019928646605796587,0.002044225677898002,0.001997305012574219,0.0020556931255290285,0.002073510287631254,0.002526705489591076,0.0022486023091162367,0.002226361236948956,0.0020388139294651806,0.0029414626765945167,0.0020158858187464975,0.0020074818734840513,0.0019524312272056908,0.0018831905463371965,0.001820360695210442
ME10 OP6,0.0020949564783507547,0.0016977386007354183,0.0016902684165508903,0.001618299323966058,0.001614961681278377,0.0017006900846725976,0.0017545965502499465,0.0018231404340758575,0.0018963142598767712,0.002002385045799697,0.0024547863803403122,0.002036480824865006,0.001913200634026588,0.0019471611724774793,0.0018861313360890933,0.0018849047013736247,0.0019302701834180798,0.0018729190052984,0.0022008609979335897,0.0024219413182152193,0.002482909780980436,0.0020845872197156443,0.0019176002502450976,0.0019766795994816517,0.0018458016732599098,0.001850078208779699,0.002002984029574132,0.0019636869045014166,0.0020629821885012347,0.002451170623171167,0.0024578322832741837,0.0020843631202141135,0.002020275451427113,0.0020351871860429614,0.0018588947519334442,0.0017645657760911567,0.00183945602200713,0.001999873769044432,0.0020346444473345977,0.00214908749526145,0.002536201284149147,0.002122046832938822,0.0019134434409971803,0.0018783005909580922,0.0018519031833317827,0.0018635664305719887,0.0018547012215489828,0.0020185061453268714,0.0020173846422337637,0.0022938861089270507,0.0023724928695163946,0.0018931724380124467,0.0018841093705295301,0.0018153602588610576,0.0019065187787011334,0.0019027325401331089,0.0018983147857441715,0.0019753664792883847,0.0020187917065535373,0.0020310434568751464,0.002374482431586436,0.002032222154660305,0.0020418153310967353,0.0019404124685403741,0.001819148820368451,0.001978631231426005,0.0019900609166433663,0.0019521513511120306,0.002027403236804227,0.002214399382798004,0.0022674909647468224,0.002071239684820255,0.0020812590377853107,0.0019182763940479989,0.0019284957959472462,0.0018294424296147614,0.0019079772904199033,0.001980329605990315,0.0019648388177034124,0.002051138758747791,0.0022788456729198048,0.0019943420694849513,0.001985077351192403,0.0018365742598013641,0.0017705114087362755,0.0018513465971523489,0.0019298296029073164,0.00183523091738198,0.0018769174918762542,0.0018976934259923859,0.0021449490519678503,0.002048633268447238,0.0020554543415450973,0.0018576259374367184,0.0020158858187464975,0.002397411092477494,0.0018707113628831488,0.0018693384168133585,0.0017622592608449866,0.0016943197263492027
ME10 OP7,0.002248274733066864,0.0017750848086273948,0.0017253368918528228,0.0016261446129788991,0.0016270533943253402,0.0016766910516590654,0.0017860894606709274,0.0018495916841258075,0.001994912697011021,0.002093213783517224,0.0025423923598720958,0.0020854181518739612,0.0019564715908539543,0.0019683011905618844,0.0018623080863482385,0.0018712582082743721,0.0019488410515889367,0.0019458893363072133,0.002218852283552699,0.00256781232722424,0.0025572010016838478,0.0021748290154785686,0.00197358797564219,0.001989903389984765,0.0018675115870778402,0.001894767935808788,0.0020112518989690094,0.0020344133452867893,0.0021496352530753025,0.002516973476291866,0.002525329439739163,0.0022365812271365358,0.002048332836546078,0.002076377664307892,0.001901665599874745,0.0018473428475465322,0.0018836769523651528,0.002017701724788272,0.002088797206873,0.002228582734920635,0.002626605327290998,0.002196683943882839,0.001986877718605535,0.0018866583487220825,0.0018228235171940464,0.0019203668509807123,0.001933565926983015,0.0020423793949208412,0.002124192386842351,0.0023979414205775266,0.002492391065687165,0.0019841512160007307,0.0018855210852933744,0.0018728566088765523,0.0019216658910003927,0.00191383918095916,0.001979178768130302,0.0020947730213778234,0.0020856443565500913,0.0021301976847511255,0.0024973775873239888,0.002107300485209001,0.002141347592695988,0.0019777174617771555,0.00183928466728912,0.0019708673148636693,0.00207121843357621,0.0020129293850553553,0.0020501765316980627,0.002222162852588701,0.002362655835923797,0.002163913819818962,0.002053091293445854,0.0019161371193855768,0.001916251161735063,0.001863429791651241,0.0019318772159839066,0.0020622560578887855,0.002062550923975527,0.0020850423128478375,0.0024501838634742017,0.002111064396366591,0.0020270430665392126,0.0018029097729512777,0.001818741420687119,0.001864145297366056,0.0019286590350828519,0.0019027395952765694,0.0019289913439154292,0.0019291363350007603,0.0024287184367768827,0.0020744511193945526,0.0019599489860317116,0.001914900302920639,0.0020074818734840513,0.0018707113628831488,0.0023263284640431883,0.0018462648964682592,0.0018128104120159465,0.0017464276193679346
ME10 OP8,0.002015366443084091,0.0016160226236473297,0.0015721499168714287,0.0014991997707631923,0.00148423657551281,0.0015579841135336143,0.001614959533814635,0.0016602282811120392,0.0018307906519169906,0.0018648803060349875,0.002321483458707619,0.001880811455596469,0.0017352996462932082,0.001784443849993793,0.0017219010553021672,0.0017226938767699752,0.0017121314416777265,0.0018236528072499768,0.002049526759418671,0.002334343779831759,0.0023785023422581764,0.001965691457933676,0.0018092106687296436,0.0018624825845220453,0.0017051608617499542,0.0017267184902083838,0.0018426049159707238,0.0018734867337574113,0.001963192170958246,0.0023481682706471855,0.0023757301605082607,0.0019984049118714556,0.0019286872905999576,0.001862699862074229,0.0017184556352018649,0.0016636308062393862,0.001762226677836749,0.0018673714191083763,0.0020124532940977925,0.0021159970837447296,0.002360786759590538,0.0020219935040842922,0.0018405441386707834,0.0017665446151976598,0.0016803498689222619,0.0017707453517378814,0.0018061381213135721,0.0019701811798611157,0.0019834558861525275,0.0022661867553509392,0.002372980653057717,0.00185330081443205,0.0017815419353447329,0.0016931704434509829,0.0017918887427870631,0.0017964342514759368,0.0018876963762239894,0.001977620990540787,0.001961534710998766,0.002063540242716807,0.002342835816977032,0.002045292318549707,0.0019006828435528574,0.0018544780609429541,0.0017224909484205358,0.001922625993208346,0.001970982391818677,0.00194796201911789,0.001982310073466629,0.0021517539813725554,0.0021799797824228794,0.002009598175430593,0.001873103127845159,0.0018217057623696918,0.0018422401925888583,0.0017704167033867001,0.0018983210691870971,0.0019592028534209213,0.0019550532970205267,0.0020610504979145733,0.002235928376590477,0.0019770004633321426,0.0019102055677916994,0.0017304907576389894,0.0016791745034864664,0.0018064750863572775,0.0018628279569177211,0.0018556593856781474,0.001887322431280584,0.001900823417917312,0.0022575029767509043,0.0020264764925616995,0.0019746152832114043,0.0018098262013971308,0.0019524312272056908,0.0018693384168133585,0.0018462648964682592,0.0022115781319016355,0.0018288697472493593,0.0017935707846355102
ME10 OP9,0.0019922057050922363,0.0015738674280778278,0.0015043452135686383,0.0014006289335838967,0.0014000432170545576,0.0014897844673823911,0.0015847678802161566,0.0016209238709702855,0.0017606548100508553,0.0018482301871496124,0.002256883467419828,0.0018843836605048016,0.0017091423846752546,0.0017243468546969737,0.0016477840027535563,0.0016630305448928203,0.0016890514717945633,0.0017419310850427525,0.0020028049691601453,0.0022980462990824695,0.0023181028166751666,0.0019474512635236664,0.001752571101224183,0.0017780782160009387,0.0016133308728507499,0.0016779074293580781,0.0017956548675436225,0.0018597129029701456,0.0019288365720856223,0.0022754611555569175,0.002340173744655098,0.0019147698872819781,0.0018184370739897612,0.0018172532426065815,0.0016875268099889196,0.0016101532708976997,0.0016638868120171933,0.001827555024738897,0.0019189490396044856,0.002064354549588978,0.0023860253071506425,0.0019880659168583993,0.001777496652098932,0.0017286124408262262,0.0016922775037591321,0.0017351183878610505,0.001773983337600444,0.001901655375802323,0.0019194108848351005,0.0021462481487200488,0.002315923994316176,0.0018553806340209239,0.001694624984487143,0.0017075941220677827,0.0017388838371357618,0.001768502134399934,0.0018341819233021145,0.0019233707076428896,0.0019212315817765686,0.002041619488645311,0.0023552738388829277,0.0019637941385688695,0.00184928940971033,0.0018278158982031473,0.001692888474111865,0.0018535824679008787,0.0018978240099890922,0.0019025812962012128,0.001943244650048286,0.0020749937853457518,0.002199726589871603,0.0018788619742981598,0.001859154239825802,0.001776359454982389,0.0017825476768004926,0.0016863781085746533,0.0018223031968624915,0.0019227863145786983,0.001901609368746346,0.002003607449908719,0.002341757630667591,0.0018780829827764365,0.0018483670989160605,0.0016696795197217542,0.0016618353812311503,0.0017271040861949357,0.001828661986042572,0.0018017871271439115,0.0018543123358045924,0.0018576038773181877,0.002197086279939365,0.0019235022843438643,0.001879532723141697,0.0017654218335052556,0.0018831905463371965,0.0017622592608449866,0.0018128104120159465,0.0018288697472493593,0.0021495275560903366,0.0017522379505690777
BIG HiOP,0.0019528294121644476,0.0016009012723994104,0.0016018095362736395,0.001480225992320136,0.001508194347320805,0.001584085074472123,0.0016066328816615096,0.0017071388836827378,0.0018052501561140852,0.0018539966402302403,0.0022280578376285844,0.0019246710008297074,0.0017487531223662229,0.001796828105293908,0.0017256614522383128,0.0016981076147864673,0.0017391292549570256,0.001836599539345291,0.00205173294848935,0.002257009379319398,0.002256974772059417,0.0018763648332421959,0.0017974070770023112,0.0018211065090577817,0.0016944383668735094,0.0017295007420373091,0.0018294562622025994,0.0019005304100455083,0.0019264124415842865,0.0023106822277051604,0.002271656714772768,0.001941066946668818,0.001854682213856054,0.0018275928548437187,0.0016971779637030226,0.0016462966952118492,0.0017307002811407313,0.001862914246721691,0.001868162651408362,0.0020657322211727783,0.002331093171320435,0.001945333410506139,0.0018135894562995047,0.0017196975543753833,0.001683649379124234,0.0017473145390666347,0.0017648101462392877,0.0018827350750302307,0.0019743290584549635,0.0021887051170706357,0.002163073346534456,0.0017615964092773358,0.0016690708701130204,0.0016800883363088665,0.0017053212681863799,0.0017396176125054708,0.0018447989438495386,0.001887042537874137,0.0019197886313240963,0.0020253229524098033,0.0021705820504406273,0.0018932608577649326,0.0017763004238974772,0.0017850358706228146,0.0016742887512760612,0.0018704713632861961,0.0019178470537705209,0.001909800683883763,0.0019199107630475144,0.0020572462804522916,0.0019579951084229322,0.0018423195383500748,0.0017650982916965407,0.0017000664730070286,0.0017358691488411294,0.0016969945257812396,0.0018214410585894797,0.0019159725305295827,0.0018238681406526694,0.001982202846252332,0.0020170338142114857,0.0017540564139692618,0.001778520516650128,0.0016182842559647373,0.0016307255681644948,0.0017446678234774688,0.0017597450229389958,0.0017866004312444383,0.0018562971397205834,0.0018700787268112534,0.002003373817194065,0.0018507151569034212,0.0018212146067126361,0.0017710403886731887,0.001820360695210442,0.0016943197263492027,0.0017464276193679346,0.0017935707846355102,0.0017522379505690777,0.002113383157930379
