date,SMALL LoOP,ME1 OP2,ME1 OP3,ME1 OP4,ME1 OP5,ME1 OP6,ME1 OP7,ME1 OP8,ME1 OP9,SMALL HiOP,ME2 OP1,ME2 OP2,ME2 OP3,ME2 OP4,ME2 OP5,ME2 OP6,ME2 OP7,ME2 OP8,ME2 OP9,ME2 OP10,ME3 OP1,ME3 OP2,ME3 OP3,ME3 OP4,ME3 OP5,ME3 OP6,ME3 OP7,ME3 OP8,ME3 OP9,ME3 OP10,ME4 OP1,ME4 OP2,ME4 OP3,ME4 OP4,ME4 OP5,ME4 OP6,ME4 OP7,ME4 OP8,ME4 OP9,ME4 OP10,ME5 OP1,ME5 OP2,ME5 OP3,ME5 OP4,ME5 OP5,ME5 OP6,ME5 OP7,ME5 OP8,ME5 OP9,ME5 OP10,ME6 OP1,ME6 OP2,ME6 OP3,ME6 OP4,ME6 OP5,ME6 OP6,ME6 OP7,ME6 OP8,ME6 OP9,ME6 OP10,ME7 OP1,ME7 OP2,ME7 OP3,ME7 OP4,ME7 OP5,ME7 OP6,ME7 OP7,ME7 OP8,ME7 OP9,ME7 OP10,ME8 OP1,ME8 OP2,ME8 OP3,ME8 OP4,ME8 OP5,ME8 OP6,ME8 OP7,ME8 OP8,ME8 OP9,ME8 OP10,ME9 OP1,ME9 OP2,ME9 OP3,ME9 OP4,ME9 OP5,ME9 OP6,ME9 OP7,ME9 OP8,ME9 OP9,ME9 OP10,BIG LoOP,ME10 OP2,ME10 OP3,ME10 OP4,ME10 OP5,ME10 OP6,ME10 OP7,ME10 OP8,ME10 OP9,BIG HiOP
1971-07-31,0.925672,0.925548,0.92932,0.957139,0.941728,0.9311,0.93442,0.926254,0.9198109999999999,0.906342,0.926623,0.91029,0.951751,0.973522,0.94579,0.922248,0.961566,0.919805,0.933397,0.883369,0.908317,0.967132,0.944909,0.952723,0.980027,0.920697,0.934176,0.944961,0.936755,0.91589,0.924087,0.96242,0.917191,0.953954,0.964595,0.980599,0.932187,0.94465,0.9356,0.945603,0.956063,0.94578,0.940069,0.975234,0.946373,0.944425,0.943607,0.999904,0.97621,0.97914,0.907097,0.946567,0.972539,0.949848,0.94636,0.952646,0.937466,0.949732,0.921849,0.9006460000000001,0.8983909999999999,0.9288730000000001,0.959068,0.952932,0.968128,0.946267,0.974528,0.984563,0.981384,0.963083,0.929643,0.943079,0.964159,0.942951,0.97025,0.928788,0.96473,0.96127,0.964209,0.944051,0.897469,0.986992,0.971637,0.975943,0.976345,0.955742,0.980354,0.939453,0.961365,0.955221,0.963161,0.967885,0.951558,0.968857,0.960117,0.964681,0.96084,0.983458,0.960365,0.950075
1971-08-31,1.032187,1.013171,1.051838,1.015157,1.037795,1.035151,1.054064,1.016337,1.050309,1.04661,1.069749,1.04315,1.03359,1.050797,1.054646,1.028736,1.040529,1.05384,1.009763,1.088715,1.060772,1.103803,1.041078,1.078678,1.061054,1.048433,1.058557,1.048591,1.043484,1.053019,1.100733,1.061043,1.000827,1.068108,1.060107,1.023762,1.058719,1.012456,1.040174,1.083363,1.005176,1.100135,1.04991,1.02303,1.016054,1.026894,1.053914,1.021154,1.015193,1.05696,1.123369,1.089946,1.053704,1.049906,1.036147,1.040309,1.041433,1.057139,1.079637,1.100875,1.0945,1.029475,1.06262,0.998153,1.04787,1.066818,1.045216,1.066298,1.094373,1.091829,1.100623,1.05499,1.0731600000000001,1.041975,1.042574,1.020004,1.019427,1.02728,1.030621,1.088407,1.085428,1.05822,1.053269,1.032741,1.01773,1.038048,1.029815,1.034976,1.041439,1.028861,1.116355,1.055974,1.011555,1.062749,1.020375,0.996602,1.06973,1.036411,1.070696,1.03453
1971-09-30,0.974868,1.008894,0.971164,1.005657,1.000494,0.987271,1.01365,0.977229,1.047191,1.042788,0.979202,0.991427,0.993436,1.007383,1.017082,0.990763,0.974226,1.007673,0.984928,1.076997,0.964788,0.978518,0.974704,0.976262,0.998036,1.015797,0.992094,0.966036,1.010173,0.974582,0.967527,0.947036,0.945343,0.984262,1.027419,0.99284,1.006851,0.983289,0.988586,1.084037,0.977199,0.975913,0.9814,1.004933,1.009738,1.011314,1.00776,0.985935,0.996642,0.989707,0.976783,0.979048,0.956508,0.980844,0.983681,1.018461,1.004292,0.996628,1.036141,1.021046,0.941998,1.029906,0.968871,0.998847,0.983766,0.985921,1.010392,0.983609,1.037616,0.995667,0.949574,0.989549,0.974199,0.999775,0.980811,0.998595,1.005812,1.007856,1.016139,1.034699,0.96185,0.997781,0.995295,1.001054,0.988502,0.990594,0.987258,1.002909,0.984696,0.986438,0.935348,0.983347,0.992774,0.989626,0.997834,0.98075,0.99141,0.998465,1.012917,0.998455
1971-10-31,0.918087,0.927573,0.93818,0.933545,0.947436,0.93171,0.938503,0.942466,0.931729,0.91378,0.915137,0.918411,0.928892,0.948521,0.945447,0.954963,0.964713,0.959725,0.943414,0.932749,0.9189700000000001,0.901099,0.923082,0.968249,0.952138,0.962352,0.99677,0.964249,0.928775,0.913416,0.934924,0.948922,0.950229,0.9682230000000001,0.953825,0.988241,0.983279,0.945553,0.951234,0.95375,0.856804,0.951835,0.968559,0.983088,0.941558,0.944899,0.974061,0.923207,0.962242,0.971799,0.870702,0.932867,0.984839,0.955294,0.960477,0.956404,0.942121,0.941138,0.929878,0.895703,0.915775,0.928928,0.951083,0.973295,0.964188,0.949589,0.965082,0.985866,0.974446,0.952763,0.9495,0.95891,0.969686,0.93792,0.970733,0.983169,0.982337,0.957835,0.970138,0.980278,0.898544,0.921193,0.955326,0.961306,0.949146,0.955362,0.938597,0.9316059999999999,0.960243,0.947651,1.013336,0.97036,0.970321,0.95796,0.966764,0.951061,0.956806,0.964002,0.964267,0.984218
1971-11-30,0.938286,0.948501,0.96471,0.935998,0.937047,0.948544,0.936725,0.9816,0.957822,0.939403,0.934889,0.946504,0.966635,0.956527,0.973241,0.973647,0.984269,0.997692,1.023879,0.944642,0.94996,1.020895,0.921696,0.959399,0.947288,0.98528,0.978835,0.99471,0.939541,0.964082,0.969213,0.928447,0.993603,0.9956,1.003819,0.982054,1.012731,1.054029,0.980483,0.972346,0.967363,0.966788,0.998873,0.935959,0.98889,0.962989,1.005222,0.991625,1.019376,0.964384,0.953449,0.953655,0.974274,0.991952,0.969398,0.989023,0.976317,0.986267,0.990919,0.984515,0.976849,0.974591,0.981941,1.00739,0.974591,0.997552,0.996868,0.979796,1.010639,1.009993,0.948202,0.959611,0.954393,1.009184,0.970853,0.977835,0.963235,0.99367,1.036206,1.008213,0.957097,0.97701,0.981282,1.004338,0.990353,0.982574,0.950602,1.019318,1.001311,0.98991,1.029869,0.987496,1.000856,1.010586,1.003765,0.996481,1.005809,1.011189,1.025889,1.015017
1971-12-31,1.111119,1.147753,1.11755,1.107816,1.135442,1.157187,1.163965,1.126821,1.147955,1.137665,1.124274,1.151794,1.119318,1.103442,1.101779,1.190832,1.084417,1.067462,1.162979,1.159032,1.185831,1.094421,1.1521080000000001,1.12145,1.142716,1.094198,1.111225,1.106934,1.148456,1.181851,1.153805,1.103229,1.131968,1.131394,1.117429,1.105191,1.140064,1.132302,1.119718,1.079252,1.116004,1.115291,1.094103,1.1314440000000001,1.11524,1.113343,1.055052,1.115518,1.084284,1.135091,1.097968,1.14055,1.123461,1.105082,1.081471,1.097755,1.112472,1.133778,1.10484,1.149352,1.114327,1.071592,1.136581,1.088235,1.088117,1.12028,1.118109,1.099988,1.140936,1.139602,1.1063749999999999,1.098033,1.136874,1.085238,1.078212,1.078655,1.109971,1.076732,1.107616,1.116555,1.193055,1.121448,1.095855,1.078165,1.093705,1.112251,1.09529,1.081459,1.116397,1.092246,1.025699,1.087397,1.089222,1.049043,1.083358,1.0970010000000001,1.063581,1.076836,1.098778,1.08511
1972-01-31,1.196293,1.137096,1.196132,1.124473,1.114622,1.1451850000000001,1.103517,1.14412,1.126783,1.058773,1.1446939999999999,1.116511,1.082874,1.111397,1.082705,1.091201,1.095809,1.102156,1.0703179999999999,1.182331,1.070819,1.104588,1.136905,1.074096,1.048304,1.052156,1.0368,1.049615,1.076214,1.109699,1.144318,1.117307,1.078407,1.064264,1.048969,1.032662,1.080939,1.1944379999999999,1.053791,1.039264,1.147953,1.040044,1.047297,1.0647199999999999,0.994796,1.06883,1.028918,1.020862,1.062218,1.045603,1.16424,1.065009,1.016253,1.020492,1.02873,1.042636,1.038215,1.020388,1.064583,1.088273,1.060031,1.068871,1.016275,1.028084,1.02165,1.04882,1.019789,1.031406,1.069339,1.072377,1.050817,1.053595,1.022001,1.022294,1.029012,1.04097,0.995797,1.011983,0.999742,1.005219,1.030819,0.998145,1.020672,1.041373,1.008723,1.045726,0.979303,1.009569,1.05448,1.026061,1.015789,1.051473,0.997703,0.9950600000000001,0.997673,1.00042,0.998413,1.010748,1.019927,1.057512
1972-02-29,1.054213,1.06175,1.011655,1.038661,1.051875,1.063087,1.030979,1.033427,1.077892,1.024484,1.02957,1.055417,1.052626,1.047831,1.039185,1.034359,1.040754,1.015654,1.041705,1.010194,1.016875,1.048937,1.0367169999999999,1.02508,1.022802,1.022871,1.048037,1.044504,1.039746,1.058087,1.112031,1.029577,1.032905,1.032263,1.04222,1.057211,1.036038,0.978194,1.033267,1.052274,1.035424,0.989673,1.007628,1.000212,0.992666,1.023839,1.005644,1.03462,1.061915,1.059963,0.997196,1.020403,1.011903,1.054805,1.0206,1.091466,1.052225,1.055316,1.043295,1.084847,1.051132,1.020882,1.017984,1.012839,1.00389,1.053578,1.034939,1.044505,1.052066,1.057473,1.001876,1.012656,1.045116,0.996851,0.990999,1.001062,1.002895,1.021991,1.068078,1.055944,1.037143,1.055248,1.019461,1.018692,0.994949,1.042462,1.000914,1.067439,1.056352,1.037529,0.986529,1.0065,1.000031,1.007719,1.03522,1.035317,1.007207,1.057909,1.057563,1.028862
1972-03-31,0.9822649999999999,1.016463,0.988513,0.995438,0.998312,0.977523,1.007887,0.991141,1.014226,0.967267,0.983269,0.991306,0.980963,1.003187,0.984292,0.945248,1.00165,1.00693,1.004312,1.021144,1.013442,1.027409,1.018475,0.993495,0.973332,1.014942,0.97911,1.01415,1.013088,0.975592,0.962451,1.008006,0.955906,0.977004,1.015214,1.024786,1.0131000000000001,1.00315,1.04027,1.003937,0.979371,1.045367,1.053687,1.022043,0.994656,0.997864,0.994104,1.024016,1.015995,1.008932,0.915237,1.006853,0.989684,1.00282,1.002043,0.9807669999999999,1.036055,1.036681,1.068365,1.005268,0.959941,1.003676,0.989195,0.985117,1.009493,1.005671,1.007092,1.017462,1.021767,1.034298,1.005069,1.016604,1.021248,1.013892,1.010556,1.016582,1.041287,1.014423,1.006227,0.976866,0.967261,0.981147,1.002672,0.999078,1.033909,0.990324,1.048819,0.991205,0.977592,0.990715,1.10528,0.982041,0.975726,1.018438,1.007116,0.947044,1.039645,1.028496,1.026244,1.01844
1972-04-30,0.995916,1.026033,1.019565,1.009562,1.024501,0.974605,1.016923,1.008991,1.009104,0.996065,1.010526,0.971318,0.999207,1.008355,1.007057,0.959208,1.013087,0.983358,1.025952,1.004336,1.031738,1.003021,1.025978,0.999079,1.055234,1.035815,1.010293,1.001976,0.999729,1.027514,1.015433,0.983069,1.014694,1.003115,0.988264,0.998493,1.047654,0.990668,1.002746,1.004995,0.988386,0.98967,1.017725,0.996754,1.036047,1.010245,0.992179,0.990724,1.021686,1.016833,1.054984,1.000702,0.998042,0.993985,0.995719,0.974037,0.985751,0.976207,1.034553,1.02243,0.990526,1.0371,1.006416,1.02557,1.003505,1.023758,0.981859,0.987651,1.001332,1.000555,1.036973,1.01974,1.019085,1.009572,0.957061,0.986166,0.988091,0.978436,0.999393,1.004817,1.045208,1.031105,1.016873,1.020788,0.991311,1.011783,0.982659,1.002432,1.026276,0.991817,1.040335,0.992594,1.016238,0.971893,1.000566,0.999123,1.03132,1.019671,1.012033,1.006379
1972-05-31,0.958894,0.965938,0.978062,0.987138,0.997466,0.978039,0.962957,0.973102,0.984567,0.938771,0.981869,0.947183,0.970081,0.993055,0.967778,1.032346,0.985738,0.959305,0.980663,0.996027,0.962181,0.970473,0.904659,0.952166,0.972297,0.951843,0.989206,0.969009,0.956928,1.012785,1.023526,1.012339,0.927862,0.991924,0.981998,1.002728,1.001285,0.976267,1.022246,0.990713,0.955981,0.978197,1.011063,0.972698,1.000209,0.983473,1.003852,0.977323,0.984423,0.990605,0.983586,0.967444,0.966106,0.983636,1.015436,0.976964,1.009424,0.996232,1.000804,1.049641,1.08305,0.968838,0.994728,0.988806,0.990866,1.02,1.027089,1.011214,1.084536,1.058772,1.005856,0.988209,0.99101,0.987957,0.981932,0.981047,1.003219,0.988361,1.013888,1.013631,0.972317,1.003032,0.997947,1.011932,0.971385,1.015497,1.026064,1.017825,1.034932,1.011115,0.944003,0.999809,1.037484,0.988743,1.023725,1.056533,0.977593,1.041743,1.047883,1.034923
1972-06-30,0.9519,0.978572,0.975585,0.950252,0.948113,0.946307,0.97091,0.962951,0.9347030000000001,0.947155,0.961573,0.946765,0.973671,1.00019,0.968623,0.971745,0.990737,0.998079,0.976543,0.9363630000000001,0.964917,0.988576,0.993794,0.976523,0.963124,0.997264,0.960668,0.985831,0.97776,0.975636,1.057158,1.017317,0.963588,0.997441,0.95832,0.973965,0.936673,0.975685,0.971053,0.971018,0.92306,0.96628,0.931459,0.969808,0.947556,0.970887,0.954524,0.977921,0.981156,0.968681,0.932017,0.961957,0.967707,0.954522,0.975882,0.964179,0.980113,0.977618,1.007464,1.021299,0.929462,0.941241,0.932524,1.007065,1.007124,0.98192,0.959318,0.949204,0.989498,0.961768,0.9159120000000001,0.9295720000000001,0.933079,0.960006,0.93774,0.974466,0.971199,0.988191,0.967007,0.960568,0.934866,0.973164,0.969896,0.948231,0.971464,0.954123,1.00574,0.999867,0.952809,0.975446,0.935233,0.973464,0.980937,0.988713,0.963567,0.968723,0.97783,1.003058,1.00476,0.996181
1972-07-31,0.953452,0.972798,0.989664,0.982534,0.971096,0.983416,0.956272,0.978009,0.944154,0.948959,0.976496,0.947266,0.97398,0.94317,0.9181969999999999,0.964448,0.976808,0.957295,0.892691,0.947975,0.942332,0.967212,1.005128,0.9667520000000001,1.012782,0.968034,0.953323,0.952325,0.941117,0.949271,0.86358,0.976492,0.960972,0.977265,0.981314,0.977705,0.936507,0.935195,0.981481,0.913272,0.979009,1.003341,1.013179,0.9810719999999999,0.96079,0.962929,0.994096,0.970435,0.938737,0.979989,0.968309,0.98943,0.958416,0.983115,0.983955,0.988755,0.977405,0.989811,0.944781,0.973642,0.939994,0.928863,1.018907,0.983263,1.001448,0.951968,0.981575,0.959378,0.95457,0.962515,0.953673,0.942229,1.02269,1.001413,0.998634,0.9611460000000001,0.980195,0.97886,0.948873,0.987612,0.909091,0.957137,1.000293,0.974253,0.980966,0.992368,0.989035,0.993514,0.989983,0.960157,0.96648,0.949196,0.967207,0.999849,0.991949,1.006079,1.005839,1.015455,1.02773,1.01904
1972-08-31,0.986737,1.016488,0.999654,1.016701,1.009698,0.997521,0.999308,0.995243,1.025213,0.983402,0.995234,1.040699,0.99846,0.96138,0.953442,1.021839,0.983062,1.014096,0.990237,1.007454,1.030189,1.014048,1.023012,1.059575,0.989119,1.045249,0.9437180000000001,1.003287,0.986382,0.978763,0.955994,1.009485,1.008768,0.99501,1.032795,1.064817,0.982777,0.996163,0.986388,1.010086,1.050051,1.069236,1.010563,1.009531,1.001803,1.067951,1.030249,1.03592,1.012916,1.013564,1.07932,0.990475,1.018008,1.029523,1.016053,1.028035,1.029359,1.024599,1.017543,0.97835,1.097067,1.062886,1.029884,1.013577,1.030086,0.981356,1.011663,1.036762,1.018722,1.020964,1.086362,1.049858,1.001297,1.031063,1.023217,1.032141,1.053043,1.034292,1.036244,1.019783,1.157777,1.06633,1.057532,1.016228,1.057778,1.052131,1.051677,1.032651,1.033681,1.03472,1.048689,1.070373,1.062265,1.123647,1.034925,1.055736,1.091571,1.052452,0.998865,1.02438
1972-09-30,0.947542,0.941949,0.959026,0.954965,0.958988,0.962002,0.970666,0.959667,0.943639,0.944126,0.961782,0.959001,0.950037,0.971645,0.909895,0.966154,0.972224,0.969206,0.967119,0.938587,0.957882,0.960032,0.938984,0.972476,0.983744,0.974391,0.967429,0.984605,0.953396,0.979025,0.922821,0.954901,1.003506,0.97465,0.982426,0.95913,0.94898,0.974689,0.97331,0.989184,0.970779,0.977243,0.96488,0.98487,1.016138,0.9619,0.973079,1.004424,0.971826,0.98783,0.961957,0.957525,0.953209,0.985827,0.988789,0.99005,0.991983,0.995054,0.943573,0.98158,0.936159,0.929022,0.950732,0.981274,0.978554,0.989188,0.977072,0.972974,0.930679,0.970569,0.954159,0.971847,1.0069110000000001,0.966406,0.97302,1.004258,1.001479,0.999923,0.976609,0.994083,1.0,0.976179,0.989954,0.992728,0.961471,0.951235,0.997595,0.987394,0.974545,0.999518,0.966533,0.967744,1.00391,1.003897,1.0234,0.993044,0.997958,0.992902,1.011613,0.995455
1972-10-31,0.947689,0.96531,0.969457,0.978668,0.977084,0.983708,0.979499,0.9684969999999999,0.977343,0.961407,0.943364,1.019503,0.977177,1.002337,0.985323,0.992235,0.976632,0.990757,0.980279,0.972633,0.9645900000000001,0.992998,1.014223,0.963573,1.014393,0.991294,0.974835,1.009016,0.953943,0.985651,1.078007,0.961581,1.019235,1.05677,0.962662,0.97331,1.032896,0.993992,1.012557,0.976168,0.962235,1.045359,0.993927,1.012681,0.989726,0.986275,0.985446,0.997306,0.997868,0.957009,0.98771,0.964946,0.970682,0.99384,1.002361,1.031069,0.994899,1.029214,1.016217,0.970761,1.051468,0.988423,0.979982,0.969845,1.01094,1.025965,0.999774,1.003747,0.995646,0.97521,0.991252,1.029963,0.98647,1.00246,1.016728,1.021849,1.011626,1.019712,1.020236,0.967445,0.950207,1.012258,1.006988,1.017684,1.006158,1.054852,1.012527,1.019128,0.981709,1.009748,0.994472,1.022511,1.020174,1.043211,1.033252,1.017984,1.003557,1.026841,1.026341,0.9867900000000001
1972-11-30,1.0321,1.054222,1.04425,1.032147,1.039996,1.069095,1.050433,1.040231,1.041861,1.043883,1.065801,1.047642,1.082807,1.006977,1.038543,1.057788,1.022261,1.0476,1.022758,1.080522,1.079283,1.062231,1.051087,1.072819,1.057116,1.071175,1.022458,1.07627,1.063998,1.048975,1.041001,1.079116,1.028698,1.110829,1.037427,1.023053,1.059035,1.059274,1.040997,1.072242,1.040915,1.052812,1.048608,1.058987,1.041384,1.069962,1.060402,1.065714,1.071868,1.053374,1.047961,1.059978,1.081655,1.0239,1.057775,1.055793,1.041754,1.03733,1.089743,1.045971,1.111488,1.118293,1.024759,1.062501,1.097538,1.114923,1.081907,1.077892,1.066169,1.065422,1.094687,1.085172,1.100106,1.099306,1.075854,1.056215,1.063462,1.07385,1.078279,1.048319,0.934762,1.087931,1.089255,1.089882,1.07217,1.040981,1.039593,1.066484,1.037293,1.067307,0.993853,1.111219,1.061085,1.07402,1.053987,1.057013,1.070341,1.040803,1.019524,1.022264
1972-12-31,0.957669,0.989002,0.965337,0.978937,0.986154,0.98587,0.964619,0.959576,0.981219,0.946565,1.005921,1.003673,0.968947,1.020865,0.966674,0.986734,1.001818,0.958477,0.98114,0.985831,0.997804,0.950783,0.969204,0.946235,0.969474,0.98649,0.975605,1.014525,0.960345,0.967425,0.933071,0.963895,0.950478,1.018489,0.990061,0.997499,0.971308,1.028906,1.005408,0.971753,0.975179,1.022901,0.999562,1.002,0.966337,1.031478,0.979729,1.005092,0.982062,1.010623,1.008068,0.97753,0.984586,0.973597,0.979873,1.001602,0.9951,1.009989,0.978703,1.018577,0.922876,1.022425,0.975672,0.992529,0.987476,0.991522,0.979748,0.977411,0.991451,1.030012,0.952383,0.981642,0.996877,0.958114,0.995882,0.986603,1.009344,1.001994,1.009198,0.98781,1.080189,0.964754,0.970937,0.989403,0.974882,1.001044,0.997011,1.016981,1.008354,0.991161,0.961708,0.964403,1.004077,1.004373,1.029784,1.032838,1.004854,1.025147,1.041174,1.024131
1973-01-31,0.994826,0.97909,0.973428,0.961983,0.980341,0.948338,0.975426,0.952592,0.958764,0.963346,0.969032,0.953066,0.96852,0.964115,0.9236800000000001,0.968762,0.954981,0.961372,0.899365,0.958817,0.951637,0.91652,0.938528,1.014394,0.944366,0.985781,0.949215,0.941611,0.919761,0.951558,0.936257,0.951679,0.944269,0.916449,0.950757,0.947641,0.873037,0.925917,0.924179,0.937936,0.922822,0.912058,0.916347,0.932105,0.93814,0.946902,0.933665,0.958402,0.915476,0.95056,1.004242,0.949972,0.9069389999999999,0.958322,0.933823,0.920142,0.94211,0.942844,0.948472,0.909132,0.917764,0.922637,0.93341,0.913922,0.918333,0.918121,0.970358,0.93635,0.945789,0.935224,0.949494,0.964514,0.910397,0.949747,0.941186,0.9355020000000001,0.954398,0.945146,0.966126,0.953317,0.908297,0.943818,0.961672,0.934924,0.909513,0.913088,0.951859,0.928626,0.941413,0.924054,0.925817,0.961563,1.007118,1.048622,0.98353,0.98972,0.991453,0.99986,0.964,1.015815
1973-02-28,0.91679,0.91949,0.927924,0.922413,0.900551,0.930443,0.914569,0.929397,0.899085,0.916182,0.9371,0.954316,0.920713,0.900352,0.912942,0.922225,0.898977,0.9213439999999999,0.883566,0.841679,0.90225,0.943087,0.928945,0.911718,0.916168,0.919103,0.924749,0.927895,0.912453,0.872686,0.946245,0.952922,0.941472,0.951097,0.92534,0.939479,0.914472,0.914307,0.913964,0.876339,0.9187730000000001,0.891115,0.9202,0.92709,0.941895,0.945617,0.925918,0.900802,0.920356,0.883131,0.956124,0.944946,0.937469,0.915904,0.936179,0.942113,0.920724,0.916434,0.912903,0.88681,0.978367,0.929392,0.942177,0.934972,0.936444,0.938738,0.930326,0.954092,0.955553,0.890183,0.99842,0.957092,0.895038,0.968747,0.952916,0.944438,0.9300120000000001,0.95414,0.912625,0.920439,1.096407,0.9651,0.974046,0.986446,0.966154,0.973972,0.936225,0.983938,0.9321429999999999,0.946279,0.926714,0.953508,0.9277839999999999,0.910595,0.96792,0.96704,0.925148,0.97976,0.970326,0.981818
1973-03-31,0.983004,0.977928,1.0239,0.971111,0.971048,0.962539,0.952112,0.980462,0.967916,0.963583,0.975288,0.971913,0.963444,0.997372,0.990587,0.978345,0.9676,0.95854,0.947653,0.944817,0.976658,0.970043,0.989524,0.971774,0.954871,0.998688,0.96186,0.964756,0.926997,1.024708,0.978377,0.994086,0.983002,0.992236,0.996497,0.964581,0.988589,0.973585,0.977493,0.951941,0.949287,0.989828,0.991306,0.974787,0.959513,0.971277,0.95222,0.953413,0.950076,1.010152,0.979667,0.951438,0.977282,0.995312,0.979375,0.975521,0.970526,0.988825,0.989083,0.930912,1.079566,0.961031,0.94844,0.970287,0.969254,0.954084,0.969655,0.982654,0.968655,0.991487,0.996638,0.968607,0.978635,0.95973,0.97702,0.972027,0.965024,0.995319,0.959056,0.961035,0.942478,1.020164,0.982784,0.960432,0.974159,0.985874,1.007697,0.989281,0.973575,1.002141,1.007569,1.038944,1.006564,1.064785,0.984283,0.995628,1.045945,0.990496,1.016092,0.993629
1973-04-30,0.93113,0.931432,0.944025,0.951358,0.9335370000000001,0.936171,0.926108,0.909124,0.908744,0.920448,0.914815,0.92976,0.936304,0.951094,0.951256,0.958288,0.893937,0.939595,0.89365,0.897018,0.943635,0.92131,0.984067,0.945321,0.946847,0.88164,0.913518,0.955025,0.904032,0.903435,0.905443,0.950814,1.007493,0.957625,0.912086,0.930895,0.940002,0.921915,0.895574,0.887568,0.91664,0.93626,0.938175,0.9675,0.986206,0.946929,0.955061,0.943185,0.9106920000000001,0.893234,0.995678,0.933015,0.958219,0.946076,0.923605,0.9285559999999999,0.959286,0.922018,0.953674,0.878504,0.920264,0.946655,0.9369339999999999,0.943372,0.916263,0.901786,0.940556,0.947057,0.899319,0.895012,0.929435,0.961789,0.950203,0.979847,0.979934,0.944495,0.964898,0.892273,0.94764,0.900427,0.934272,0.924701,0.977507,0.953189,0.995669,0.984875,0.959205,0.939783,0.899864,0.930423,0.938021,0.970327,0.953149,0.978044,0.992098,0.97085,0.962774,0.970811,0.94026,0.953017
1973-05-31,0.89508,0.918363,0.927283,0.919602,0.900927,0.894498,0.900956,0.907152,0.9206799999999999,0.905533,0.915534,0.890151,0.927008,0.891273,0.905953,0.900746,0.917041,0.922915,0.88834,0.904174,0.9139470000000001,0.884329,0.923955,0.930816,0.912417,0.899304,0.923142,0.9398029999999999,0.888943,0.907544,0.9094679999999999,0.898908,0.924153,0.951524,0.949287,0.904443,0.919621,0.916014,0.91753,0.8936189999999999,0.928362,0.887716,0.929442,0.945191,0.907036,0.934246,0.961868,0.91906,0.911451,0.95019,0.981505,0.919498,0.958609,0.952753,0.94896,0.937751,0.94888,0.947973,0.89496,0.89331,0.912439,0.947655,0.934549,0.980782,0.9636979999999999,0.948553,0.892416,0.973376,0.922739,0.905802,0.932882,0.92005,0.946657,0.974826,0.981467,0.975696,0.964927,0.9312860000000001,0.947836,0.943437,0.976227,0.972123,0.98716,0.977249,0.98532,0.960025,0.991159,0.979814,0.996191,0.962331,0.930369,0.951103,0.954969,0.959764,1.003886,0.990698,0.998827,1.0085,0.999405,0.988714
1973-06-30,0.97218,0.978773,0.949178,0.95807,0.959417,0.955439,0.991493,0.962116,0.945005,0.93932,0.976925,0.963565,0.978983,0.969317,0.947472,0.995494,0.932967,0.977231,0.942435,0.93263,0.9558450000000001,1.009232,0.984935,1.002713,0.952481,0.949928,0.942914,0.983329,0.98345,0.959284,0.980421,0.978948,0.982996,0.971614,0.972111,0.987512,0.99238,0.898211,0.934397,0.943845,0.936725,0.965038,0.963977,0.972091,0.98687,0.98538,0.942833,0.961771,0.951643,0.947148,0.998307,1.002238,0.973852,0.9634469999999999,0.980519,0.996674,0.976123,0.937921,0.976465,0.947937,0.962692,0.967926,0.958563,0.950325,0.925575,0.961058,0.988959,0.969209,0.959637,0.989299,0.970391,0.9923,0.973251,0.985661,0.981798,1.001926,0.966871,0.899722,0.95041,0.978181,1.026042,0.968651,0.978792,0.9723,0.955585,0.960053,0.954897,0.960251,0.938727,0.975482,1.000882,1.009431,0.983879,1.020499,0.993552,0.987199,0.988431,1.009649,1.009805,1.003666
1973-07-31,1.118576,1.130182,1.14398,1.149426,1.148779,1.143619,1.137935,1.151227,1.182548,1.154612,1.157243,1.148944,1.153762,1.154002,1.126197,1.107536,1.145643,1.12597,1.1636980000000001,1.132224,1.232379,1.099558,1.149112,1.141159,1.052863,1.100314,1.097396,1.128447,1.148529,1.2017419999999999,1.133882,1.148434,1.098204,1.087146,1.101608,1.1276570000000001,1.106411,1.07418,1.216804,1.187866,1.126297,1.10859,1.1253630000000001,1.037527,1.033571,1.045205,1.075411,1.088157,1.16961,1.186151,1.175854,1.110278,1.074893,1.096951,1.086554,1.068718,1.064928,1.107494,1.11511,1.128614,1.084516,1.096397,1.122254,1.07348,1.068023,1.066532,1.091373,1.074179,1.125351,1.21396,1.067476,1.076954,1.140188,1.086919,1.04328,1.073619,1.091848,1.116844,1.105572,1.125326,1.084582,1.095088,1.022714,1.05822,1.0970550000000001,1.014403,1.068381,1.085558,1.085051,1.081182,1.040603,1.060031,1.043683,1.010813,1.02088,1.056909,1.075118,1.065124,1.033952,1.016694
1973-08-31,0.959739,0.938953,0.947452,0.924735,0.944619,0.941129,0.939019,0.931197,0.935894,0.918113,0.939502,0.97469,0.952677,0.948261,0.934964,0.964051,0.939259,0.958735,0.924702,0.949137,0.961214,0.967184,0.960579,0.942419,0.929659,0.947056,0.947364,0.968487,0.946982,0.966404,0.986157,0.942802,0.933203,0.9272819999999999,0.965414,0.965812,0.970055,0.957328,0.949799,0.947737,1.000674,0.995627,0.935288,0.994909,0.992429,0.948743,0.965461,0.95678,0.952913,1.007865,1.002258,0.947806,0.977273,0.942623,0.996458,0.951392,0.97863,0.957539,0.922969,0.952894,1.031496,0.940974,0.993009,1.009861,0.978885,0.962979,0.955143,0.98049,0.976356,1.012665,1.007406,0.969397,0.969088,0.968315,0.984535,0.98373,0.980748,0.953798,0.971655,0.993407,0.978604,1.019738,0.989973,0.984989,0.965121,0.987075,0.978005,0.982855,0.975731,0.983569,1.020273,1.011937,0.928253,0.964741,0.968204,0.977936,0.961986,0.962429,0.968734,0.960263
1973-09-30,1.071887,1.085683,1.084023,1.072333,1.084231,1.06942,1.088828,1.083551,1.101162,1.095138,1.13676,1.124592,1.075497,1.080975,1.088677,1.13385,1.068177,1.083889,1.105824,1.102651,1.079305,1.134808,1.077004,1.068984,1.124633,1.101679,1.120134,1.135224,1.122787,1.118968,1.042153,1.106862,1.114604,1.135257,1.096568,1.11118,1.074606,1.065858,1.125092,1.098247,1.066283,1.138688,1.09595,1.094943,1.092638,1.131675,1.078713,1.059671,1.081676,1.136781,1.067702,1.105731,1.091098,1.101651,1.100222,1.098819,1.107369,1.115806,1.094979,1.109778,1.096266,1.1645400000000001,1.104883,1.115643,1.11705,1.082917,1.100284,1.119583,1.1402700000000001,1.094535,1.077805,1.087933,1.160355,1.104621,1.090167,1.109476,1.081982,1.101297,1.1304210000000001,1.101059,1.100131,1.077543,1.048381,1.097153,1.103824,1.084493,1.113432,1.064992,1.092405,1.09034,1.024838,1.092478,1.01759,1.064485,1.070322,1.082976,1.058484,1.043362,1.040811,0.953071
1973-10-31,1.02543,1.009646,1.00873,1.048452,1.033522,0.998796,0.989026,1.002951,1.002819,0.979017,1.017621,1.039369,0.994969,1.007133,0.979612,0.997964,0.976893,1.026377,0.942459,0.957702,1.091242,1.007565,1.02532,1.031988,0.968311,0.971424,1.000896,0.969766,1.020893,0.932856,0.998531,0.981024,1.025844,1.005053,1.031006,0.984061,1.021603,0.981235,0.934816,0.988453,1.000706,1.004337,0.99896,0.993355,1.003798,0.981395,1.023197,0.954345,0.93433,0.995693,1.041157,1.016949,1.066466,0.983385,1.040732,1.049174,0.992601,0.983741,0.976931,0.950371,1.015559,1.038075,1.033307,1.00956,1.004608,1.009715,0.994701,1.003684,0.915057,0.964756,1.038609,0.943808,0.994328,0.964926,0.982945,1.006453,1.018169,0.971528,0.967544,1.001457,1.022901,1.008916,1.00119,0.988363,0.990473,0.975037,0.966785,0.961768,1.017087,0.957842,0.984623,1.024036,0.9389730000000001,1.027603,0.972342,1.016375,0.991195,1.020525,1.000809,1.010456
1973-11-30,0.820686,0.811464,0.821193,0.775805,0.784596,0.79508,0.801614,0.771243,0.7375780000000001,0.774174,0.810295,0.8720829999999999,0.797884,0.798671,0.797725,0.807347,0.829907,0.823361,0.785531,0.769979,0.818831,0.794501,0.798699,0.765472,0.810762,0.8495159999999999,0.81753,0.796531,0.832527,0.7365999999999999,0.851296,0.789733,0.866575,0.775509,0.787561,0.838492,0.796211,0.829812,0.740657,0.7811710000000001,0.851749,0.829601,0.807609,0.861243,0.836979,0.8757,0.8355049999999999,0.80616,0.799436,0.765059,0.8210500000000001,0.864389,0.821464,0.802671,0.818826,0.897968,0.809813,0.801009,0.852062,0.746364,0.858308,0.856282,0.822006,0.828613,0.8232539999999999,0.867481,0.852356,0.83174,0.764836,0.705541,0.932284,0.869339,0.848313,0.832133,0.828799,0.854087,0.8472109999999999,0.801984,0.8255,0.8149040000000001,0.895496,0.930245,0.909944,0.90573,0.826703,0.8617049999999999,0.853492,0.853622,0.852469,0.86254,0.905969,0.932909,0.890777,0.86255,0.942307,0.896509,0.819866,0.906612,0.891436,0.907817
1973-12-31,0.925815,0.968495,0.931047,0.96879,0.970501,0.943878,0.977024,0.943185,0.957334,0.967923,1.001575,1.037919,0.956289,0.903221,0.993653,0.989877,0.939034,0.979993,0.963911,0.946763,1.029113,1.036713,0.998183,0.999402,0.970505,0.96227,0.930865,0.981482,0.996281,0.974127,0.963536,1.039414,1.03371,0.956182,0.972105,0.968614,0.969377,0.992106,0.973545,0.988167,0.983199,1.010515,0.950661,1.012202,0.979165,1.033548,0.999268,1.0116559999999999,0.9327259999999999,1.017139,1.087739,0.985475,1.037881,1.02924,1.03339,1.018128,0.96241,1.022628,0.977063,0.974078,1.038757,1.074057,1.029728,0.997952,1.044738,0.966314,0.978919,1.080259,0.96772,0.99698,1.068733,1.047572,1.052608,1.048045,1.023006,1.057597,1.055138,0.973664,1.025691,1.03717,1.052719,1.058139,1.045543,1.017093,0.99349,1.049624,0.995685,1.020242,0.984837,0.986297,1.076607,1.058362,0.988112,1.09543,1.047011,1.037133,1.007392,1.02332,1.020393,0.949568
1974-01-31,1.199573,1.133912,1.188418,1.133803,1.159241,1.132721,1.129426,1.1547290000000001,1.14312,1.1251280000000001,1.177974,1.101527,1.188256,1.139081,1.124573,1.060574,1.118966,1.109718,1.11569,1.113742,1.141693,1.093437,1.122485,1.104812,1.1271200000000001,1.074177,1.144542,1.067104,1.040668,1.105158,1.165053,1.041681,1.075987,1.118293,1.073986,1.107009,1.1021320000000001,1.067069,1.11249,1.065966,1.069784,1.063761,1.083515,1.043751,1.121217,1.062233,1.047051,1.0679400000000001,1.04147,1.0644689999999999,1.131597,1.041122,1.060426,1.0552,1.052417,1.017447,1.098145,1.061728,1.040271,1.10268,1.003682,0.996136,1.066257,1.064397,1.022211,1.086133,1.046462,0.965461,0.973265,1.009017,1.016813,1.054887,1.036053,1.062633,1.064162,1.022771,0.995336,1.012129,0.98258,0.984245,1.015416,0.999331,1.052989,1.020627,1.033435,1.049588,0.996913,1.006357,1.001458,1.043692,0.967108,0.969387,0.996683,0.946746,0.995209,0.966982,1.001301,0.96696,0.967985,0.997774
1974-02-28,0.990812,0.996523,1.050812,0.986985,0.997043,1.016755,0.996875,0.988668,1.003863,1.005425,0.974068,0.991196,0.972137,0.998967,0.990992,1.006553,1.008447,1.008917,0.972897,1.027082,1.029083,1.125256,1.004245,1.001681,1.006308,0.999017,0.990049,0.986433,1.023122,1.012763,1.056946,1.031344,1.017315,1.079921,0.980992,0.996406,1.022664,1.009752,0.976651,1.010172,1.000718,1.03748,0.994386,0.976535,0.9909250000000001,1.014497,1.020394,1.007424,0.997362,1.002213,1.003433,0.9673080000000001,0.992435,0.988893,1.006195,1.005448,1.007567,0.966925,1.013155,1.01422,0.997112,0.996353,1.024245,1.019449,1.015048,0.987885,0.989181,1.008012,0.992509,0.967212,1.017238,1.012511,1.017518,1.015145,0.999895,1.012399,1.020694,0.989631,0.984233,1.017875,1.026032,0.98518,1.034071,1.015005,1.020552,1.031022,1.02315,0.969834,0.979594,0.988279,0.994573,1.031975,1.011318,0.986292,1.030963,1.049171,1.014604,0.984029,0.99282,0.98233
1974-03-31,0.997367,1.021572,1.016235,1.009012,1.005502,1.023808,1.018806,1.019705,1.016255,1.019074,0.991021,0.995871,1.055395,0.982616,0.992457,0.983517,1.001111,0.990565,0.992016,1.005168,0.965353,1.013484,0.9822379999999999,0.999188,0.943125,1.011515,0.980267,1.007051,0.981397,1.039754,1.02784,0.971178,1.004155,0.977186,1.018071,0.976833,0.977657,1.030008,1.04314,0.985818,0.974828,0.977202,0.984746,0.996598,0.989064,1.013546,1.00008,0.973313,1.029131,0.96981,0.98103,1.018762,0.959785,1.00913,0.94541,0.950194,0.992137,0.982521,0.980277,1.020414,0.960469,0.943703,0.962684,0.964984,0.982394,0.991161,0.963309,0.963475,0.99265,0.987461,0.913562,0.971593,0.964257,0.952712,1.032953,0.9638100000000001,0.969009,1.015058,0.986495,0.945704,0.940104,0.944017,0.925543,0.9625090000000001,0.99663,0.976721,0.982999,0.992692,0.981124,0.976107,0.984576,0.937534,0.884526,0.986972,0.960921,0.9535,0.987135,0.99417,0.985123,0.991371
1974-04-30,0.951974,0.951953,0.956881,0.968334,0.951458,0.931253,0.938196,0.9548,0.960297,0.95853,0.962397,0.928547,0.956961,0.951846,0.979882,0.943066,0.951266,0.943323,0.928277,0.954892,0.915696,0.884335,0.9218999999999999,0.985046,0.959559,0.944414,0.912818,0.937781,0.924453,0.929122,0.942339,0.955174,0.947381,1.000594,0.951634,0.959694,0.939657,0.923566,1.007505,0.959549,0.916125,0.960421,0.910858,0.933017,0.961739,0.939306,0.966437,0.939258,0.967873,0.954046,0.912112,0.923975,0.947126,0.954472,0.966791,0.939446,0.964345,0.943577,0.955299,0.926822,0.999859,0.932266,0.951557,0.944531,0.935347,0.9194910000000001,0.933519,0.91806,0.919832,0.923511,0.939775,0.932519,0.954581,0.914021,0.972111,0.927003,0.952945,0.95462,0.931229,0.942208,0.936692,0.906033,0.906751,0.953479,0.971643,0.942717,0.948386,0.936016,0.932847,0.961264,0.95158,0.921708,0.9112979999999999,0.954109,0.945603,0.958127,0.973919,0.988111,0.979056,0.96217
1974-05-31,0.916607,0.935126,0.938004,0.917948,0.934275,0.920201,0.934166,0.941125,0.924642,0.919161,0.937094,0.906997,0.873182,0.909198,0.961398,0.948577,0.92221,0.930667,0.949284,0.924127,0.87574,0.928548,0.914067,0.91389,0.92264,0.936205,0.923833,0.929153,0.924577,0.958749,0.951864,0.914106,0.936163,0.921131,0.943315,0.921577,0.917646,0.938912,0.929419,0.931542,0.9122790000000001,0.885596,0.940441,0.906841,0.934048,0.901806,0.939904,0.956488,0.929508,0.95302,0.891335,0.884469,0.928557,0.916658,0.943101,0.905684,0.917708,0.904082,0.954288,0.934742,0.9327179999999999,0.936118,0.929114,0.905884,0.948376,0.908539,0.930309,0.886759,0.953085,0.910457,0.878607,0.935487,0.943976,0.975774,0.94599,0.925759,0.937188,0.992959,0.914738,0.936578,0.9012979999999999,0.905006,0.927271,0.91639,0.966727,0.947902,0.948201,0.961201,0.947117,0.912307,0.939705,0.906056,0.805681,0.95055,0.988603,0.975259,1.001414,0.981161,1.002443,0.994163
1974-06-30,0.982361,0.972652,0.956509,0.982174,0.984061,0.968229,0.97069,0.9626129999999999,0.958176,0.984793,0.950196,0.997072,0.993161,0.949898,0.9648680000000001,0.985752,0.986843,0.980016,0.973968,0.976884,0.973435,0.952809,0.962019,1.030778,0.968304,0.964163,0.994076,0.943779,0.988551,0.974945,0.976617,1.018862,0.954342,0.996936,0.989864,0.963812,0.996436,0.975017,0.921015,0.994087,0.961159,1.004555,0.971151,0.940112,0.980778,1.00669,0.997236,0.990825,0.960915,0.975202,0.994992,1.002808,0.964937,0.952065,0.939283,0.949374,0.95512,0.9713,0.924893,0.970287,0.962344,1.003026,0.956776,0.957766,0.932085,0.970952,0.978517,0.990066,0.954169,0.978126,1.024556,0.93836,0.950325,0.977843,0.928928,0.953445,0.961111,0.969756,0.971296,0.987232,0.954185,0.969197,0.963776,0.940086,0.968259,0.975157,0.980703,0.992308,0.959529,0.999242,0.884652,1.007868,0.962489,1.001509,0.99757,0.964194,0.956584,0.984961,0.985788,0.984573
1974-07-31,0.9389,0.961601,0.978473,0.948552,0.954799,0.956901,0.947268,0.941859,0.929924,0.926742,0.9260079999999999,0.982307,0.944131,0.929451,0.993372,1.001766,0.939216,0.931759,0.926242,0.937075,0.973834,0.942221,0.955224,0.946078,0.959141,0.955589,0.950465,0.942479,0.956773,0.957503,0.9362969999999999,0.94823,0.968185,0.983263,0.959765,0.978828,0.959241,0.936161,0.960821,0.940825,0.964013,0.996686,0.978958,1.001461,0.947213,0.962261,0.947899,0.967248,0.946194,0.911452,0.988329,0.966037,1.018144,1.015925,0.977444,0.98308,1.003383,0.952243,0.984077,0.912035,1.043689,0.965319,0.995131,0.972864,0.962394,0.91148,0.916204,0.95768,0.922933,0.919202,0.976215,0.958116,0.967062,0.911003,0.941142,0.993922,0.9322239999999999,0.943264,0.893003,0.9365330000000001,0.934671,0.963267,0.979614,0.959808,0.952016,0.942698,0.955947,0.9252819999999999,0.910308,0.879027,0.894841,0.926044,0.945975,0.865479,0.932958,0.939726,0.910351,0.902131,0.923351,0.905342
1974-08-31,0.910965,0.922991,0.920269,0.91989,0.929475,0.922036,0.922254,0.932923,0.944948,0.920022,0.909198,0.966525,0.961627,0.912241,0.915666,0.933282,0.91472,0.90788,0.922685,0.91093,0.955816,0.920622,0.9268810000000001,0.943871,0.91981,0.9216759999999999,0.9172819999999999,0.891926,0.918937,0.913057,0.9560960000000001,0.902908,0.880208,0.959127,0.895332,0.962306,0.904785,0.965458,0.8894420000000001,0.902032,0.914693,0.889492,0.91427,0.873389,0.898593,0.950609,0.895227,0.892021,0.904037,0.938297,1.006795,0.942944,0.929473,0.941622,0.917757,0.918812,0.900611,0.903796,0.888932,0.873234,0.837168,0.86635,0.922415,0.911223,0.940922,0.914179,0.837655,0.8935109999999999,0.928476,0.923914,0.944596,0.942977,0.909002,0.8982,0.904693,0.907587,0.899977,0.879136,0.874409,0.904147,0.900674,0.927026,0.885951,0.937125,0.918829,0.9051549999999999,0.8647009999999999,0.882717,0.874609,0.863459,0.948244,0.869148,0.911462,0.88633,0.96789,0.887262,0.910783,0.895152,0.895337,0.932335
1974-09-30,0.901227,0.941545,0.931723,0.927562,0.903679,0.931315,0.9291389999999999,0.913027,0.918331,0.901875,0.935787,0.866177,0.919232,0.912289,0.901481,0.929199,0.903797,0.905763,0.898338,0.888894,0.883149,0.915628,0.91964,0.904183,0.942562,0.92165,0.931121,0.904564,0.935661,0.855682,0.910384,0.899338,0.938212,0.907092,0.928241,0.949255,0.916515,0.892159,0.922392,0.90469,0.930566,0.889874,0.967818,0.936095,0.946318,0.919226,0.919867,0.895777,0.915636,0.833155,0.954937,0.912139,0.939203,0.943234,0.939281,0.934953,0.959466,0.889706,0.863693,0.888495,0.8766309999999999,0.957946,0.970311,0.9186650000000001,0.926628,0.903156,0.886418,0.872857,0.856177,0.886173,0.940683,0.929943,0.940747,0.979721,0.93367,0.925976,0.909497,0.924874,0.874039,0.873756,0.9522390000000001,0.967818,0.8866350000000001,0.961743,0.944006,0.894505,0.90829,0.898101,0.848526,0.919827,0.999745,0.932134,0.845326,0.896879,0.934843,0.935816,0.8600220000000001,0.879479,0.861796,0.8356589999999999
1974-10-31,1.082456,1.063509,1.061902,1.062846,1.095385,1.055113,1.104378,1.057214,1.050845,1.126811,1.139708,1.15272,1.168563,1.077228,1.091484,1.06159,1.100995,1.070845,1.092881,1.1057,1.103901,1.127065,1.071239,1.147619,1.094424,1.068915,1.081427,1.1404969999999999,1.049231,1.139631,1.029936,1.260305,1.106892,1.123265,1.080236,1.088748,1.051681,1.062694,1.090965,1.096151,1.099517,1.086077,1.093635,1.12759,1.08342,1.07898,1.076752,1.100223,1.13604,1.150396,1.045732,1.130277,1.113098,1.059878,1.111403,1.116536,1.049425,1.163436,1.199814,1.129948,1.122897,1.231361,1.143271,1.139734,1.101677,1.156585,1.161957,1.15581,1.109906,1.216792,1.166846,1.146879,1.205537,1.144136,1.109928,1.122425,1.097657,1.173607,1.106619,1.164546,1.230854,1.196377,1.164021,1.174512,1.183454,1.210258,1.219665,1.138295,1.123948,1.19258,1.220067,1.233986,1.151551,1.107666,1.190587,1.217619,1.2571379999999999,1.175556,1.209398,1.157266
1974-11-30,0.922414,0.931147,0.919168,0.933987,0.961252,0.949125,0.942992,0.946361,0.924863,0.939028,0.942105,0.907342,0.97063,0.983973,0.972424,0.9649989999999999,0.944495,0.940833,0.946015,0.935574,0.970738,0.989086,1.005232,0.942918,0.933415,0.950775,0.943404,0.911624,0.962821,0.950588,0.966967,0.939523,0.975516,0.966478,0.9380850000000001,0.967309,0.94809,0.986568,0.923036,0.906242,1.039967,1.002417,0.979042,0.966016,0.951455,0.977897,0.929446,0.947408,0.956582,0.938567,0.88872,0.974847,1.005331,0.959326,0.987242,0.971785,0.960955,0.966497,0.9492389999999999,0.945569,0.958427,0.988542,0.986067,1.001428,0.970956,0.936985,0.941964,0.952977,0.957757,0.966987,1.008237,1.003157,1.007549,0.975145,0.982041,0.993889,0.979458,0.981018,0.964121,0.968388,1.014535,0.988955,0.971765,0.992122,0.984453,0.984498,0.972632,0.971651,0.923887,0.991263,1.022425,0.994201,1.000276,0.927182,0.959437,0.954931,0.972771,0.958492,0.931014,0.948327
1974-12-31,0.904157,0.9287380000000001,0.915799,0.910648,0.90535,0.936074,0.915377,0.920757,0.91294,0.901459,0.931514,0.956507,0.919296,0.953621,0.92311,0.950056,0.935275,0.90444,0.94408,0.923853,0.8962410000000001,0.997288,0.955644,0.923894,0.947026,0.915882,0.941214,0.924766,0.949851,0.922863,0.960966,0.959856,0.907452,0.95395,0.954958,0.937797,0.944736,0.952989,0.952579,0.936821,0.937374,0.9277340000000001,0.960463,0.951539,0.94299,0.9404980000000001,0.991148,0.922387,0.944734,0.884246,0.899641,0.950334,0.966938,0.957301,0.930811,0.981043,0.9304,0.953029,0.9607,0.962589,0.889873,0.955796,0.945802,0.993232,0.947586,0.926968,0.968535,0.923195,0.937408,0.935174,0.956515,0.99509,0.959761,0.980498,0.986277,0.987405,0.94423,0.950085,0.943859,0.981,0.99903,0.976613,0.973344,0.981252,0.981958,1.002316,1.008626,0.959848,1.000576,0.993753,0.978964,0.98705,0.945797,1.007295,1.020627,1.001887,0.983461,0.958687,0.974345,0.961978
1975-01-31,1.350444,1.271975,1.384282,1.29478,1.291428,1.247581,1.247439,1.291676,1.289209,1.24893,1.368798,1.300049,1.2328109999999999,1.256173,1.270112,1.255659,1.30739,1.3415789999999999,1.307387,1.262862,1.2773970000000001,1.186538,1.247225,1.3246850000000001,1.2584870000000001,1.301169,1.266645,1.273178,1.210338,1.289486,1.247277,1.170954,1.23956,1.263562,1.242478,1.201911,1.305702,1.279313,1.244606,1.316409,1.243459,1.3278750000000001,1.236418,1.246607,1.264712,1.23337,1.243405,1.253064,1.248997,1.335784,1.4157600000000001,1.205522,1.167522,1.234529,1.176417,1.204342,1.210499,1.192059,1.205548,1.219359,1.270788,1.256122,1.193869,1.162884,1.216339,1.2791299999999999,1.210159,1.242539,1.29993,1.172556,1.185633,1.18601,1.196679,1.231369,1.183935,1.18906,1.184572,1.1673149999999999,1.174554,1.215625,1.084776,1.1909100000000001,1.116105,1.147194,1.134335,1.157558,1.164439,1.125366,1.251307,1.136765,0.993499,1.05648,1.157058,1.191208,1.069559,1.075188,1.069784,1.127968,1.062214,1.143162
1975-02-28,1.048682,1.053703,1.037263,1.031666,1.030188,1.0644230000000001,1.049681,1.056788,1.036534,1.03553,1.072948,1.080198,1.103707,1.010951,1.073568,1.099227,0.998216,1.037702,1.049943,1.034996,1.089874,1.00575,1.122859,1.065727,1.075235,1.107687,1.015052,1.062311,1.030905,1.05457,1.082979,1.147711,1.054262,1.012073,1.01068,1.045388,1.014124,1.026991,1.026485,1.014201,1.023744,1.044848,1.058571,1.006151,1.017721,1.025128,1.041087,1.010266,1.038868,1.06105,1.102757,1.056532,1.039012,1.031299,1.039828,1.049817,1.041915,1.07089,1.041447,1.095371,1.010908,1.041851,1.02836,1.036253,1.047066,1.018691,1.060818,1.035379,1.051223,1.0724339999999999,1.046722,1.020827,1.007185,1.034675,1.034056,1.03485,1.04442,1.057241,1.066082,1.042202,1.026749,1.028711,1.069787,1.02872,1.016582,1.034692,1.056064,1.066091,1.085265,1.076176,0.996685,1.039663,1.067481,1.018238,1.045315,1.021672,1.048064,1.082344,1.089185,1.10415
1975-03-31,1.105136,1.060242,1.089092,1.09732,1.070944,1.089972,1.100122,1.096033,1.117563,1.118985,1.075405,1.046781,1.034741,1.081707,1.125702,1.032448,1.082314,1.122999,1.118245,1.118834,1.028667,1.077941,1.059142,1.052914,1.033757,1.027865,1.064567,1.082101,1.1067960000000001,1.092558,1.07577,1.046444,1.070859,1.076168,1.065912,1.075956,1.052,1.143591,1.069558,1.0675189999999999,1.015577,1.08403,1.035965,1.071913,1.070948,1.032708,1.043398,1.079862,1.082444,1.100599,1.103202,1.045033,1.044003,1.051474,1.016238,1.060733,1.023803,1.081919,1.045395,1.098687,1.005529,0.99694,1.05242,1.067769,1.056876,1.087686,1.022436,1.056773,1.1393,1.094096,1.020283,1.007107,1.012977,1.032565,1.07221,1.045206,1.051096,1.075459,1.057263,1.134139,1.00103,0.992851,1.039596,1.038862,1.034666,1.028027,1.049338,1.036006,1.044416,1.061044,1.034826,1.040105,1.09487,1.053984,0.982498,1.047872,1.039922,1.029516,1.012503,1.005549
1975-04-30,1.03482,1.042589,1.027311,1.070458,1.038725,1.032757,1.0302769999999999,1.047747,1.033441,1.055661,1.03636,1.098248,1.062194,1.005258,1.058505,1.030148,1.004991,1.100418,1.027466,1.060586,1.005422,1.087363,1.046038,1.012253,1.044586,1.052294,1.04745,1.051636,1.055018,1.010969,1.065126,1.055052,1.05135,0.999427,0.998763,1.041531,1.017171,1.046678,1.057464,1.022969,1.016342,0.9947,1.015512,1.008211,1.048178,1.086677,1.079191,1.021932,1.02793,1.122908,1.025994,1.06589,1.045415,1.038204,1.061429,1.030559,1.048738,1.0302229999999999,1.058894,1.057955,1.035519,1.070537,1.0385,1.063894,1.036232,1.037512,1.051623,1.073279,1.056481,1.042557,1.080654,1.018185,1.011423,1.01265,1.059564,1.045662,1.03939,1.092689,1.024466,1.059118,1.038571,1.023756,1.095385,1.036524,1.035057,1.014435,1.053304,1.059986,1.045854,1.042889,1.031252,1.000801,1.064854,0.979486,1.022511,1.060245,1.066994,1.02289,1.105033,1.055192
1975-05-31,1.091437,1.073353,1.11393,1.078386,1.11094,1.054456,1.10437,1.08583,1.079964,1.086496,1.069947,1.114967,1.1373,1.03294,1.114027,1.064239,1.044774,1.079556,1.113091,1.107183,1.069329,1.107775,1.087856,1.120026,1.069456,1.074729,1.080278,1.032092,1.152866,1.123272,1.117177,1.086779,1.134872,1.047536,1.074819,1.0473,1.0678860000000001,1.08679,1.075765,1.058983,1.229789,1.065517,1.033568,1.046701,1.073682,1.069455,1.067633,1.044478,1.059549,1.035703,0.967047,1.093871,1.058615,1.068864,1.04914,1.082104,1.053209,1.019975,1.061792,1.022846,1.174628,1.126754,1.084657,1.037265,1.076637,1.037452,1.064084,1.073813,1.028016,1.079585,1.040177,1.015347,1.096579,1.093303,1.058843,1.055015,1.057355,1.038854,1.053222,1.051563,1.063929,1.047799,1.001941,1.060376,1.02513,1.050646,1.041886,1.019609,1.08323,1.095708,1.096677,1.115022,1.02702,1.081808,1.061483,1.049408,1.059899,1.016622,1.063518,1.055415
1975-06-30,1.098688,1.068828,1.086256,1.064832,1.108553,1.06164,1.071335,1.106106,1.061601,1.084672,1.133046,1.062141,1.060888,1.08005,1.036779,1.048157,1.074233,1.067425,1.057866,1.054006,1.108684,1.101505,1.118522,1.073043,1.075873,1.072069,1.063498,1.035693,1.052883,1.073132,1.058194,1.078656,1.034842,1.11043,1.079755,1.073424,1.045216,1.060011,1.082219,1.088797,0.986657,1.093339,1.077225,1.081783,1.028761,1.070125,1.069943,1.055791,1.026184,1.07666,1.094653,1.045471,1.061955,1.066976,1.070025,1.038198,1.054233,1.058418,1.0663070000000001,1.03852,1.076509,1.073405,1.093781,1.052473,1.079649,1.095305,1.074825,1.058528,1.07207,0.99563,1.075095,1.113171,1.102311,1.0721370000000001,1.084441,1.121644,1.072368,1.074772,1.071365,1.015061,1.061057,1.085827,1.054503,1.080352,1.078368,1.019808,1.089735,1.085206,1.049397,1.053648,1.043484,1.058501,1.082183,1.072644,1.035026,1.072571,1.041043,1.061266,1.034197,1.023993
1975-07-31,0.999009,1.01932,1.007907,0.99549,1.017074,1.027179,0.999595,1.014015,1.020859,1.004598,0.968178,0.958642,0.962794,0.967225,0.975621,0.97414,0.997854,0.954911,0.999956,0.970515,0.935255,0.939898,0.986795,0.985456,0.961933,1.000894,0.952797,0.958963,0.957847,0.96833,0.966329,0.954645,0.972593,0.959292,0.977676,0.963427,0.953053,0.987036,0.959552,0.991449,0.900143,0.973913,0.935272,0.994933,0.986111,0.989053,0.955323,0.955203,0.9605,0.955887,0.9116150000000001,0.957538,0.958148,0.956222,1.015981,0.943632,0.938817,0.970615,0.945758,0.940452,1.001622,0.9294020000000001,0.957036,0.939893,0.9193089999999999,0.977114,0.928762,0.962313,0.955329,0.951922,0.878793,0.9495709999999999,0.93267,0.953948,0.933366,0.921458,0.9294439999999999,0.939012,0.941383,0.9310700000000001,0.939536,0.930473,0.921586,0.945745,0.953916,0.956658,0.92755,0.968855,0.934409,0.958549,0.930843,0.971694,0.899991,0.928192,0.971839,0.931963,0.919384,0.920875,0.921107,0.929487
1975-08-31,0.925497,0.941646,0.936286,0.925193,0.957227,0.939829,0.936813,0.94452,0.935034,0.945849,0.925412,0.955509,0.94629,0.943675,0.949989,0.948594,0.925293,0.940545,0.929845,0.936176,0.912243,0.941951,0.945014,0.977987,0.928025,0.954218,0.923758,0.952679,0.959152,0.937783,0.9142669999999999,0.949713,0.953574,0.971018,0.956553,0.986014,0.97268,0.952288,0.937953,0.965215,0.957249,0.980364,0.977246,0.939676,0.980888,0.971439,0.984349,0.926334,0.989048,0.964316,0.927817,0.948303,0.958298,0.968002,0.950283,0.951717,0.971406,0.967988,0.988352,0.956789,0.966201,0.965198,0.968236,0.980482,0.977596,0.946215,0.946502,0.952926,0.950647,0.975999,0.977387,0.970432,0.960333,0.99005,0.939218,0.965889,0.975387,0.983024,0.952387,0.972829,0.91816,0.978509,0.958647,0.993848,1.012472,0.948764,0.965704,1.005176,0.988919,0.985083,0.9840139999999999,0.943894,0.993053,1.020424,0.968806,0.98486,0.97986,0.970296,0.985663,0.993733
1975-09-30,0.95679,0.967299,0.980775,0.960262,0.97933,0.998449,0.959033,0.956657,0.968564,0.9640299999999999,0.930198,0.962364,0.965135,0.943664,0.950903,0.971039,0.988758,0.96947,0.977383,0.957979,0.948783,0.951892,0.962276,0.974699,0.993711,0.968433,0.975167,0.955944,0.97762,0.978861,0.9271860000000001,0.947966,0.969599,0.96531,0.939768,0.974094,0.96766,0.950391,0.966515,0.960112,0.956066,0.96671,0.974242,0.962344,0.964213,0.962842,0.969145,0.971418,0.950065,0.953109,0.9117109999999999,0.90545,0.974958,0.9661649999999999,0.960692,0.945814,0.971477,0.914867,0.98514,0.981085,0.939875,0.979854,0.952068,0.946014,0.965768,0.952949,0.946474,0.966785,0.994912,0.978356,0.936875,0.983843,0.9660839999999999,0.960791,0.976173,0.945452,0.9783,0.945337,0.96435,0.960929,0.992116,0.959303,0.959885,0.968636,0.952344,0.98464,0.952695,0.958004,0.980319,0.97504,0.960452,0.9669179999999999,0.94424,0.975294,0.99296,0.970123,0.938652,0.923206,0.952274,0.984559
1975-10-31,0.984372,1.006761,1.017698,1.023072,1.036686,1.018692,1.002284,1.015423,1.004819,1.016049,1.047492,0.998751,1.022583,1.033479,1.000674,0.997537,1.041982,1.039721,1.046602,1.044435,1.021082,1.04379,1.078574,1.028251,1.053678,1.023447,1.037771,1.004581,1.019437,1.024272,1.058769,1.014785,1.022928,1.009236,1.01257,1.026254,1.021005,1.023257,1.075857,1.045626,1.033619,1.009293,1.005277,1.01167,1.023222,0.993734,1.024517,1.03227,1.051013,0.993115,1.065959,1.006114,1.042874,1.038907,1.03484,1.057017,1.079045,1.090235,1.027194,1.000202,1.026937,1.054658,1.056686,1.076372,1.024552,1.027609,1.085495,1.109161,1.071455,1.015223,1.080344,1.052883,1.060631,1.070455,1.087303,1.048826,1.085499,1.088064,1.06669,1.029785,1.052995,1.094834,1.083567,1.070044,1.079617,1.046684,1.045767,1.044794,0.999739,1.010078,1.078,1.039925,1.095151,1.080766,1.088225,1.057822,1.08234,1.083745,1.050942,1.05377
1975-11-30,0.996423,1.009179,1.032676,1.035823,1.041503,1.033306,1.030916,1.010615,1.036572,1.021542,1.000423,1.006007,1.037538,1.032213,1.038773,1.001514,1.005932,1.041965,1.040792,1.028057,0.980723,1.049532,1.087457,1.043722,1.02159,0.9962,1.048937,1.032715,1.025238,1.050543,1.02935,1.02075,1.030768,1.019502,1.019326,0.990088,1.057474,1.035767,1.03635,0.988404,0.979231,1.033862,0.994149,1.023241,1.042059,1.03167,1.041537,1.018173,1.015177,1.021382,1.035088,1.011862,1.055063,1.030342,1.029382,1.058581,1.02356,1.051712,1.048576,1.056941,1.061535,1.04042,1.04416,1.058561,1.029366,0.999871,1.033563,1.046211,1.021932,1.039628,1.058485,1.06058,1.049612,1.068169,1.055815,1.038024,1.03857,1.016636,1.0543,1.019351,1.055807,1.035295,1.023252,1.038629,1.026244,1.037043,1.040337,1.005896,0.997055,0.997128,1.105056,1.037696,1.055173,1.0222310000000001,1.041488,1.014932,1.024175,1.01682,1.042159,1.020678
1975-12-31,0.998903,0.979473,0.980032,0.983059,0.957446,0.983461,0.986261,0.990388,0.968573,0.998218,0.991017,0.992636,0.987798,0.997211,0.983775,0.973415,0.999173,1.000368,0.981769,1.005501,0.982285,0.977154,0.954392,0.990938,0.984177,0.989167,0.979678,0.986927,0.996425,0.996855,0.994846,0.977965,0.974153,0.986103,1.007127,0.981468,0.998675,0.982462,1.002603,0.980824,1.024333,1.003943,1.033387,0.97281,1.018026,0.964107,1.00033,0.9879560000000001,0.979449,0.993651,1.046865,0.982438,1.010456,0.966952,1.010456,0.980336,0.999168,1.044052,0.98027,0.993896,1.001999,0.984978,1.01726,0.985699,0.996892,1.039173,0.988093,1.008814,0.972374,0.980937,1.014518,0.995707,0.989775,0.987923,0.98249,0.990896,1.0111,0.966205,0.983292,0.993411,0.987848,0.986264,1.02735,0.982887,1.006174,1.003515,0.992423,1.024189,1.013818,1.003066,0.97681,0.984839,0.95949,0.978145,1.005071,0.983291,0.984207,0.9721,0.981154,0.98724
1976-01-31,1.249861,1.231538,1.242352,1.202871,1.195912,1.231293,1.20463,1.223,1.213716,1.186357,1.260642,1.1829100000000001,1.207872,1.267549,1.192282,1.188482,1.197,1.19605,1.204322,1.203227,1.280076,1.216204,1.189993,1.162104,1.181732,1.153298,1.210631,1.206414,1.201849,1.176173,1.276553,1.228392,1.1784620000000001,1.157294,1.1483189999999999,1.166894,1.151897,1.145235,1.208247,1.146376,1.20633,1.194932,1.152404,1.196305,1.167905,1.162571,1.137115,1.186889,1.153417,1.174469,1.116345,1.239363,1.134351,1.1791610000000001,1.129021,1.149141,1.161489,1.20298,1.144904,1.192079,1.1910669999999999,1.141405,1.1651259999999999,1.145785,1.136048,1.136744,1.179337,1.124432,1.159944,1.194586,1.118928,1.160151,1.133875,1.155671,1.134757,1.180416,1.139227,1.166882,1.1357249999999999,1.104864,1.122373,1.120223,1.173732,1.159397,1.110495,1.081959,1.162505,1.119682,1.1205829999999999,1.132213,1.088891,1.057694,1.091865,1.107618,1.0882830000000001,1.13559,1.124008,1.122015,1.10466,1.118697
1976-02-29,1.181251,1.140177,1.1281189999999999,1.138326,1.118954,1.119006,1.124424,1.104952,1.088164,1.110766,1.126342,1.093718,1.096035,1.058572,1.084942,1.065652,1.067712,1.1155,1.114902,1.120052,1.104751,1.043174,1.073915,1.091324,1.061246,1.046124,1.076605,1.094608,1.067196,1.118022,1.128712,1.124659,1.105528,1.07156,1.134854,1.034623,1.052214,1.066693,1.031878,1.099724,1.03306,1.084658,1.042532,1.052246,1.054204,1.036946,1.067415,1.071177,1.040907,1.068984,1.110135,1.044326,1.032499,1.045707,1.025639,1.040856,1.06049,1.087478,1.059077,1.109381,1.053589,1.060835,1.012265,1.026615,1.054627,1.030171,1.037029,1.005875,1.046335,1.076046,1.024052,0.989245,1.039002,0.9938,1.040305,1.03494,0.99489,1.052973,1.039744,1.021891,1.077954,1.002109,1.020502,1.023006,1.028564,0.983748,1.001258,1.014066,1.017951,1.020689,1.002206,0.9876780000000001,1.012255,0.95823,1.016287,0.960777,0.980505,0.971077,0.96266,0.983827
1976-03-31,1.021739,1.029274,1.00146,1.02526,0.997709,1.022446,0.994122,1.034353,1.026855,1.008085,1.040086,1.010804,1.022994,1.036789,0.983983,0.990275,0.998264,1.039119,1.043267,1.004673,0.987419,1.033741,1.060373,1.002737,1.023841,0.984635,0.965182,1.005606,1.023874,1.035407,1.017491,0.973348,1.001219,1.01613,1.038672,1.012192,1.005455,0.99707,0.994613,1.02296,1.051339,1.052563,1.000191,1.044776,1.019078,0.980909,1.018458,1.01899,1.048597,0.9655,1.053198,1.060425,1.004828,1.015894,1.003655,1.039552,0.998579,0.994626,0.984632,1.021995,1.069465,1.022686,1.030181,1.021494,1.00798,1.012713,1.037055,1.013553,1.012472,1.013871,0.988263,1.054114,1.03491,0.999587,1.007032,1.003441,1.018698,1.048393,0.992699,0.99962,1.040042,1.024787,1.020454,1.021895,0.99143,1.041381,1.008299,0.98364,1.006471,0.981034,1.049479,1.052501,1.047424,1.064662,1.030096,1.041742,1.00088,1.044412,1.061708,1.034748
1976-04-30,0.982175,0.983825,0.990169,0.972528,0.98892,0.993304,0.982676,0.998275,0.986177,0.990754,0.964551,0.975321,0.997529,0.972136,0.981173,1.004442,1.021124,0.985218,0.956545,0.97069,0.955245,0.970483,0.972635,0.994593,1.014016,1.007519,1.004593,0.977176,1.005237,0.983375,0.995179,0.984407,0.99942,0.983084,0.959067,1.019606,0.970766,0.986873,1.003186,0.963572,0.978243,1.007929,0.990517,0.98501,0.990063,1.038625,1.012115,0.989961,0.984546,1.005433,0.980364,0.998977,1.00115,1.001744,0.974058,1.001427,0.972577,1.006539,0.978576,0.98035,0.934311,0.967873,1.008612,0.994938,0.980999,0.987352,1.001069,0.969904,0.969093,0.992447,0.987534,1.009508,0.954277,0.970964,0.980734,0.977192,1.015432,0.994905,0.985172,0.995649,0.97171,0.991278,0.979395,0.985961,0.995474,1.020967,0.995825,0.984405,0.988643,0.991213,0.971938,0.99086,0.954176,1.019766,1.012674,1.000794,0.998991,0.988169,0.972278,0.985239
1976-05-31,0.955975,0.951305,0.950812,0.966044,0.980785,0.950277,0.985938,0.977993,0.988066,0.972975,0.958908,0.990135,0.994777,0.971509,0.963035,0.965097,0.956085,0.970279,0.977426,0.996549,0.963807,0.96245,0.964135,0.948388,1.008718,0.988311,0.980271,0.995159,0.993752,0.988703,0.967687,0.963483,1.009415,0.978951,0.979986,0.989049,0.981093,0.974278,0.964721,0.977276,0.993319,0.966778,0.961826,1.007394,0.990758,0.997551,0.980445,0.978884,1.019762,0.980025,0.953362,0.954091,0.993471,0.989027,0.988248,0.9679139999999999,0.977665,0.999299,0.993829,0.958664,0.9566,0.980536,0.989364,0.961168,0.990839,1.014225,0.969134,0.997072,0.984262,1.011184,0.974179,0.994319,0.983953,0.980054,0.958252,1.01083,0.966324,1.003343,0.956775,0.958791,0.945285,0.993132,0.977547,1.007072,0.991405,1.00178,0.98537,1.016117,1.014215,1.014172,0.961837,0.9798,0.952055,0.987286,0.974053,0.9867900000000001,0.979134,0.99886,0.984984,1.027318
1976-06-30,1.011639,1.040163,1.021295,1.021665,1.020284,1.020806,1.022978,1.020546,1.008702,1.034866,1.044352,1.017297,1.005569,1.036362,1.011939,1.039979,1.02399,1.035235,1.037245,1.047499,1.056852,1.053421,1.001184,1.030159,1.038522,1.05865,0.989689,1.035824,1.006569,1.045964,1.0865339999999999,1.067553,1.055275,1.037341,1.035695,1.031273,1.036043,1.031191,1.013799,1.027032,1.09748,1.030121,1.072646,1.035413,1.067358,1.047027,1.036594,1.06334,1.046159,1.04604,1.08188,1.045082,1.079505,1.056098,1.041229,1.030506,1.066484,1.04678,1.050453,1.083058,1.025031,1.055303,1.038869,1.055911,1.080636,1.057503,1.021531,1.025958,1.017176,1.065487,1.078888,1.052939,1.07066,1.094817,1.069127,1.072617,1.019577,1.060017,1.023304,1.052019,1.047858,1.049324,1.053568,1.042881,1.036982,1.04449,1.063342,1.044188,1.059235,1.050257,1.089054,1.085228,1.032143,1.048186,1.021477,1.051287,1.03545,1.045677,1.037772,1.056406
1976-07-31,0.99255,0.991804,0.996287,1.00464,1.005615,1.007954,1.0109,1.007475,0.985747,0.993559,1.015987,0.984517,1.014384,1.012913,1.020686,1.009089,0.984567,1.022549,0.986186,0.975748,1.011005,1.004556,1.005414,0.995294,1.026747,1.012485,0.995211,1.009791,1.006059,0.993689,0.963055,0.996985,1.030349,1.000001,1.02232,1.01012,1.028582,1.002852,1.002566,0.986188,1.013297,0.991231,1.032195,1.044585,1.015849,1.023294,0.982801,1.000548,0.978619,0.97235,0.998644,0.980457,1.007918,0.9909,0.999708,1.007485,0.953349,1.032544,1.011893,0.9624820000000001,1.012124,1.017684,1.007387,1.030379,1.024828,0.978582,0.981913,0.998503,0.990195,0.969638,1.08043,1.024927,1.004866,1.000828,0.980023,0.990963,1.000125,1.0098,0.967414,0.978353,1.059551,0.998947,0.998906,0.994571,0.998312,0.981471,0.959126,0.973843,1.018401,0.982037,1.063458,0.973912,0.979551,0.993447,1.004866,0.985502,0.999509,0.991497,0.990607,0.987867
1976-08-31,0.944885,0.970401,0.984439,0.987938,1.001136,0.984926,0.981454,0.991755,0.973499,0.967883,0.965314,0.990093,0.982311,0.993335,1.009905,0.992632,1.000227,0.983648,0.978814,0.961678,0.934387,0.983712,0.9677,0.997346,0.984535,0.996281,0.98043,0.9634199999999999,0.966466,0.95328,0.961469,0.980528,0.990522,0.992048,0.984116,0.978993,0.979254,0.968013,0.977975,0.982473,0.965867,0.971252,1.009359,0.987266,1.008289,0.983976,0.994601,0.998248,0.971558,0.968637,0.9258500000000001,0.995195,0.959594,0.980757,0.97564,0.992462,1.010005,0.975773,0.969101,0.992432,1.004301,0.980078,1.011573,1.00742,1.010707,0.997247,0.976002,0.984762,0.98788,0.977014,0.996387,0.996788,0.994087,1.031809,0.968728,0.983516,1.000418,0.991766,0.958281,0.986588,1.027432,1.00932,1.012764,1.010687,1.01702,0.980022,0.971939,1.004457,0.979155,0.98489,1.007464,1.042122,0.991171,1.018066,1.031579,0.986753,0.99002,1.004414,0.974808,1.002842
1976-09-30,1.009644,1.007876,1.015452,1.00552,1.00822,1.019712,1.024853,1.011116,1.037485,1.01177,1.008459,1.048343,1.024302,1.033298,1.053771,1.039442,1.01095,1.027403,1.030287,1.025974,0.978981,1.061849,1.034718,1.029301,1.012753,1.025226,1.031285,1.057111,1.04424,1.031096,1.017379,1.043823,1.053066,1.046922,1.043052,1.041077,1.033278,1.012216,1.049775,1.045969,1.080395,1.009511,1.012365,1.013422,1.026996,1.015385,1.038683,1.043359,1.031651,1.037761,0.999092,0.98958,1.003582,1.038663,1.030413,1.024185,1.035086,1.032478,1.018011,1.057254,1.031382,1.039671,1.016573,1.020358,1.028299,1.016097,1.018215,1.044339,1.018273,1.013766,1.018736,1.004103,1.045139,1.027514,1.055075,1.0272809999999999,1.027012,1.014539,1.023324,1.018666,1.005136,1.020878,1.020136,1.017999,1.035437,1.035335,1.038541,1.00072,1.038773,1.02213,1.024324,1.009786,1.035549,1.029674,1.021167,1.013686,1.0272540000000001,1.022901,1.016474,1.03603
1976-10-31,0.961135,0.981802,0.970181,0.984939,0.986233,0.991045,0.986011,0.98696,0.986034,0.973089,0.978686,0.967818,0.985509,0.99401,0.975243,0.979339,0.962794,1.00144,1.000885,0.945098,1.005993,0.958982,1.0028,0.968527,0.9601459999999999,0.98163,0.987542,0.968964,0.953435,0.951201,0.9362779999999999,0.980856,1.001089,0.993043,1.003999,0.961478,0.980815,0.976675,0.979188,0.975509,0.964441,0.970514,0.96829,1.018486,0.976808,0.989159,0.981953,0.983859,0.993121,0.972961,0.95355,0.971248,1.005451,0.981082,0.982891,0.9893149999999999,1.015081,0.97703,0.974832,0.950231,1.010957,0.964595,0.965616,0.984017,0.970153,0.969335,0.981386,0.973185,0.988474,0.952442,1.030396,0.954788,0.98934,0.995167,0.980527,0.987549,0.98451,0.992208,1.013237,0.983507,0.9682,0.973189,0.984047,0.967495,0.965265,0.980968,0.968652,0.979148,0.941318,0.976181,0.981772,0.994496,0.973991,0.983277,1.001318,0.988236,0.990687,0.978813,0.975066,0.970143
1976-11-30,1.017406,1.013831,1.023674,1.014781,1.020378,1.014075,1.023525,1.025819,1.023655,1.02847,1.05584,1.08254,1.041716,1.048076,1.026755,1.023302,1.039254,1.044244,1.061398,1.051789,1.055491,1.042515,1.040058,1.072029,1.023539,1.031145,1.049586,1.015771,1.035461,1.015253,1.04249,1.060177,1.033849,1.023376,1.054394,1.056633,1.025398,1.054667,1.028102,1.014926,1.034945,1.054097,1.043798,1.014336,1.029267,1.031514,0.989329,1.06962,1.065642,1.031306,1.091898,1.025557,1.033286,1.045233,1.019908,1.037866,1.048227,1.040015,1.026821,1.065976,1.046867,1.023089,1.006007,1.059831,1.041258,1.027602,1.063166,1.029813,1.030628,1.027678,1.008124,1.010995,1.015439,1.071792,1.039097,1.009396,1.014924,1.052167,1.044337,1.075691,1.049836,1.030273,1.029609,1.013219,1.032259,0.998258,0.997704,1.013334,1.040594,1.03179,1.001161,1.035594,0.988092,1.003357,1.020126,0.941024,0.998486,0.982579,1.005541,0.981226
1976-12-31,1.115253,1.087147,1.115458,1.099938,1.1014680000000001,1.095276,1.112794,1.110508,1.128989,1.114325,1.104247,1.089116,1.074266,1.086403,1.110491,1.086583,1.097446,1.076264,1.074572,1.104711,1.131969,1.1828910000000001,1.124125,1.078769,1.086451,1.047006,1.133507,1.122735,1.098773,1.077066,1.086592,1.082695,1.109405,1.049009,1.083487,1.076355,1.10892,1.078409,1.092609,1.107999,1.106681,1.106107,1.062681,1.113636,1.106138,1.091708,1.096426,1.076665,1.074217,1.087175,1.017627,1.105998,1.061614,1.093806,1.067345,1.066873,1.082967,1.083226,1.091836,1.0384120000000001,1.109162,1.069356,1.082745,1.075819,1.054829,1.091244,1.07502,1.09696,1.069398,1.062567,1.030731,1.11131,1.083929,1.044527,1.066459,1.083172,1.078385,1.056183,1.066836,1.066188,1.052223,1.062567,1.048252,1.07056,1.046579,1.093006,1.08242,1.064686,1.077761,1.081293,1.038381,1.01737,1.072326,1.053259,1.026837,1.096012,1.022759,1.040823,1.04391,1.058954
1977-01-31,1.053598,1.057942,1.05451,1.039757,1.06684,1.060362,1.055767,1.058086,1.031245,1.058982,1.0357,1.050244,1.038749,1.033485,1.020689,1.05784,1.020272,1.007536,1.053555,1.02211,1.043142,1.030163,0.975022,1.030718,1.026822,1.02055,1.025642,1.009413,1.046521,1.005363,1.049962,1.010379,1.012551,1.007763,0.99123,1.01479,1.034463,1.017711,1.006154,0.999046,0.942086,1.000543,0.993952,1.005281,1.023186,1.0227870000000001,1.000604,1.034663,0.997949,0.988212,0.958306,1.01097,0.988237,0.986186,0.990629,0.983433,0.996294,1.019664,1.00851,0.987637,0.952796,0.956435,0.983045,0.977666,1.008287,0.962938,0.982647,0.971974,0.989546,0.976138,0.957132,0.994654,0.983394,0.971327,0.958457,0.951788,0.97909,0.965975,0.948994,1.00673,0.945105,0.953955,0.956497,0.969955,0.957032,0.976698,0.973318,0.952895,0.947908,0.955991,0.913299,0.917665,0.95621,0.981291,0.977922,0.950666,0.923377,0.911117,0.940565,0.964605
1977-02-28,0.996036,1.000194,0.997011,1.014935,0.996864,0.993532,1.024855,0.987112,1.001434,1.000121,1.018143,0.963946,0.979877,1.014763,0.992164,0.988958,0.998675,1.023346,0.993223,0.966207,0.978136,0.974157,1.02921,0.987242,1.000151,0.984921,1.00189,0.977349,0.99845,0.970163,0.955741,0.980943,0.985779,1.002917,0.990587,1.01459,0.983896,1.01545,0.984225,1.004621,1.031223,0.992952,1.015956,0.989368,0.967624,0.994368,0.976568,0.988625,0.984512,0.97839,0.951045,0.959743,0.959902,0.976852,0.997563,0.983172,0.996434,0.964252,0.951917,0.971646,0.927568,0.968663,1.004212,0.975448,0.9846239999999999,0.979592,0.979773,1.003596,0.991661,0.9708,0.9478800000000001,0.968134,0.978558,0.981338,1.00384,0.982125,0.979424,0.969308,0.989641,0.949225,0.986178,0.986072,0.972251,0.972378,0.974106,0.989214,0.978331,0.967393,0.964114,0.971889,0.98422,1.004881,0.984131,0.960782,1.008449,0.980398,0.98945,0.979671,0.975962,0.989339
1977-03-31,1.000245,1.012665,1.020291,1.020546,1.016913,0.99229,1.01271,1.013545,1.021807,1.010684,1.006264,1.036167,1.025232,1.013875,0.995096,1.007989,1.006921,1.018801,0.991233,0.981096,1.006839,1.023239,1.008575,0.985184,0.978254,1.009478,1.003136,0.999789,1.003951,0.984885,1.003841,1.00641,0.96422,1.012568,1.002392,1.002454,1.004281,1.008969,1.00252,0.991538,0.97566,0.981465,0.998956,0.988677,0.995605,1.004644,1.014614,1.015761,1.028915,1.012148,1.002201,1.032103,0.996999,1.010979,1.011367,0.998396,0.996921,0.985846,1.027898,0.987005,0.98479,0.991671,0.991672,1.003109,1.025898,1.001614,0.990901,1.009365,1.009363,0.980787,1.059847,1.002545,1.006392,1.007513,1.013493,1.007691,0.97792,0.989481,1.009149,0.979858,0.978177,1.005083,1.010901,1.010394,1.004405,0.995071,1.002565,0.978449,1.004543,1.00742,0.984596,0.992973,0.98275,0.963543,0.986873,0.98246,0.968283,0.961026,0.99733,0.990919
1977-04-30,1.025677,1.0126,1.00223,1.013924,1.023485,1.037013,1.015301,1.015299,1.028777,1.015725,1.016975,1.032947,1.0039,1.006115,1.028958,1.007635,1.000471,1.022988,1.015151,1.021303,1.017304,1.015192,1.008907,1.021155,1.032146,1.026521,1.034989,1.028713,1.009699,1.001454,1.007732,1.033832,0.998914,1.0207060000000001,1.005113,1.049656,1.008203,1.023612,1.009234,1.014466,1.0329139999999999,1.016328,1.03228,1.002208,1.021452,1.007797,1.02178,0.984182,1.019312,1.006586,0.988045,1.034857,1.065191,0.994449,1.008243,1.009022,1.014701,1.02638,1.019861,1.038585,1.003832,1.002138,1.01001,1.031901,1.019424,1.031075,1.015166,1.011698,1.010449,0.996883,1.04693,1.028669,1.018026,1.007792,0.994775,1.006688,1.0370759999999999,0.997948,0.978823,1.031118,1.067108,1.044203,1.021345,1.031544,1.002995,1.005337,1.013292,1.015437,1.02759,1.013055,1.072364,0.999384,1.029551,0.995402,0.99227,1.027408,0.995464,0.983332,1.010948,0.978933
1977-05-31,1.001457,1.013335,1.020519,1.016558,1.002427,0.996142,0.997801,1.001711,1.005576,0.986521,0.999664,0.972565,1.010225,0.997112,0.996752,1.02136,1.022701,1.009049,0.99313,0.990102,1.000568,0.989447,0.984321,1.0087,0.998403,0.9988,0.996126,1.006129,1.025723,0.970611,0.997439,0.970383,0.986873,1.004431,0.999072,1.006971,1.005796,1.029332,0.999259,0.99868,0.966657,0.99433,1.016577,0.983959,1.014909,1.003799,1.0032,1.050047,0.988349,0.979337,0.957886,0.983534,1.009389,1.000944,1.001674,0.988191,1.018803,1.002115,1.004838,1.021504,0.996315,0.961637,1.000715,1.000143,1.007764,0.973274,0.9658329999999999,0.983634,1.017131,0.996809,0.979042,0.965506,0.980792,0.998127,1.005275,1.002494,0.992149,0.97233,1.025017,1.008252,1.001966,0.995574,0.984481,0.998713,1.002397,1.011999,0.987541,0.994206,0.979562,1.020003,0.986034,0.977943,0.958047,0.98854,1.006592,0.999259,0.960924,0.979545,1.000142,0.973105
1977-06-30,1.05783,1.063266,1.090987,1.051959,1.044069,1.067417,1.052818,1.069867,1.073259,1.073304,1.080977,1.03156,1.081765,1.055858,1.113643,1.068699,1.053063,1.048102,1.055712,1.070079,1.109431,1.064301,1.03545,1.08004,1.011173,1.050448,1.041186,1.062303,1.064183,1.083372,1.071051,1.091188,1.104367,1.078838,1.029565,1.059195,1.060881,1.063439,1.078256,1.100816,1.08491,1.06229,1.076365,1.060182,1.068019,1.060389,1.065272,1.053457,1.057037,1.103554,1.040024,1.038518,1.052171,1.047684,1.058227,1.044273,1.084681,1.074892,1.040386,1.119891,1.067631,1.052604,1.067654,1.051297,1.030493,1.020795,1.038294,1.050793,1.055112,1.070229,1.10803,1.045377,1.042852,1.059305,1.035929,1.038045,1.074139,1.074181,1.05909,1.07616,1.05367,1.038405,1.006756,1.042783,1.039129,1.045124,1.049957,1.040632,1.063543,1.055432,1.070104,1.033692,1.033567,1.059272,1.02154,1.034574,1.048849,1.047648,1.060976,1.060613
1977-07-31,1.014599,1.000708,1.01659,1.009044,1.014073,1.022782,1.022806,1.027627,1.022394,1.008863,0.970565,0.997428,0.987135,1.000308,1.032389,1.001564,1.006244,0.997096,1.0189,0.991336,0.991292,1.002172,1.021418,1.007403,1.005337,0.996215,1.011109,1.012106,0.986718,0.995224,0.975824,0.980713,0.986858,1.013847,0.99984,1.017568,0.980733,1.007619,0.989282,1.016247,0.982816,0.999715,0.968807,0.999162,0.995099,1.00741,0.996538,1.005046,0.990303,0.995422,0.99911,0.974895,0.985593,0.993914,0.996316,0.997695,0.983354,1.00449,0.990661,1.00566,0.978601,0.964966,1.001997,0.998075,0.993433,0.957032,0.994507,0.985922,0.989553,0.981236,0.947993,0.971742,0.992466,0.97522,0.989819,0.995524,0.99486,0.959712,0.939347,0.97216,0.958072,0.957963,0.985231,1.011099,0.98961,0.999243,0.987115,0.971311,0.974938,0.952521,0.960691,0.976714,1.020684,1.009173,0.986426,0.978342,0.968525,0.994225,0.977352,0.992428
1977-08-31,0.986152,0.993712,0.991615,0.989804,0.991235,1.003136,1.014737,0.995052,0.996338,1.003248,0.954088,0.949748,0.988928,0.98498,0.973627,0.983216,1.023877,0.989145,1.018523,0.997479,0.993783,1.000022,0.95361,0.994,0.98155,1.0213700000000001,0.98562,1.009695,0.988724,1.001362,0.961927,0.980263,0.9741,1.005588,0.98495,1.014722,1.000166,0.991671,0.980292,1.019466,1.007092,0.999619,1.034637,0.992497,0.994531,0.998063,0.991294,0.988737,1.008838,1.007226,0.95945,1.029838,0.984365,0.98821,0.991709,0.955502,0.992766,0.986839,1.016891,1.027009,0.933694,0.992422,0.971861,0.969652,0.996024,0.976552,0.978957,0.974673,0.990727,0.983627,0.971769,0.980378,0.989722,0.972032,0.9663930000000001,1.004412,0.972365,0.998519,0.975763,0.984818,0.922119,0.980213,0.964998,0.970822,0.992892,0.983643,0.975307,0.996017,0.982141,0.952637,0.997902,1.00085,0.961331,0.972416,0.983617,0.976422,1.004564,1.001019,0.976331,0.986945
1977-09-30,1.012461,1.017885,1.019832,1.03249,1.013678,1.031343,1.018158,1.015997,1.011292,1.028548,0.971794,0.999751,1.017015,1.009688,1.046078,1.030678,0.999227,1.024428,1.032898,0.99896,0.984203,1.002978,0.998626,1.004502,0.998043,1.003447,0.998225,1.032745,1.01611,1.013485,1.009905,0.974061,1.03109,1.020208,0.995144,0.993439,1.010674,1.013562,0.993481,1.010434,1.01142,1.010636,1.095665,0.980881,1.004549,0.995783,1.034752,1.026879,1.039001,1.024012,1.010067,0.987445,0.997359,0.992456,1.004345,0.980286,1.001355,1.013284,1.017646,1.035852,0.974787,0.988617,0.990127,1.003313,0.989369,0.983571,0.975205,1.008506,1.007374,1.010478,1.005094,0.996062,1.013788,0.987167,1.018302,1.019623,1.025819,1.0011,1.040626,0.99824,0.986821,0.991887,0.990541,1.001742,1.005763,1.003446,1.007032,1.010202,0.994362,0.980997,0.979246,0.964295,1.010105,1.011042,1.0264,0.974377,0.98837,0.995797,0.997967,0.998118
1977-10-31,0.96027,0.975456,0.983035,0.981093,0.968005,0.9757,0.9810719999999999,0.980944,0.9838210000000001,0.967044,0.94319,0.987033,0.99009,0.972198,0.988584,0.984951,0.989007,0.965029,0.974636,0.97343,0.9619489999999999,0.949262,0.986062,0.988133,1.011458,0.98991,0.97382,0.976105,0.969907,0.9645,0.912868,0.97927,0.942522,0.985589,0.979958,1.043005,0.974836,0.962338,0.990793,0.957738,0.955094,0.991497,1.003546,0.998237,1.007745,0.985486,0.958607,0.943926,0.968525,0.965947,0.925896,0.949344,0.97681,0.969649,0.991273,0.982774,0.95152,0.986276,0.953663,0.996172,0.91674,0.963539,0.990677,0.981003,0.960813,0.960577,0.975418,0.9806010000000001,0.969305,0.979781,0.936665,0.964182,0.958717,0.952391,0.96032,0.965394,0.948344,0.978495,0.942282,0.964293,0.952528,0.950165,0.981209,0.962018,0.962371,0.959431,0.954214,0.955137,0.966381,0.978845,0.927334,0.984997,0.954691,0.940806,0.944012,0.95134,0.958393,0.951915,0.950845,0.968506
1977-11-30,1.067528,1.081005,1.102804,1.07378,1.073046,1.0666039999999999,1.088595,1.092475,1.079143,1.08613,1.137431,1.067207,1.086281,1.092056,1.1013,1.083906,1.088766,1.083613,1.090158,1.095099,1.093038,1.087838,1.055121,1.047986,1.081826,1.07442,1.120774,1.10884,1.091902,1.101299,1.051401,1.039488,1.085435,1.064249,1.108714,1.080696,1.078994,1.087591,1.101946,1.062965,1.110901,1.056128,1.018367,1.063822,1.051594,1.074018,1.080089,1.102149,1.050471,1.056755,1.055342,1.096127,1.0633650000000001,1.058797,1.061984,1.059028,1.089578,1.058483,1.069517,1.069771,1.120425,1.065772,1.047529,1.056772,1.112939,1.07784,1.042948,1.043955,1.072779,1.057237,1.085451,1.072762,1.047844,1.080042,1.039814,1.07724,1.062147,1.061578,1.074838,1.081742,1.00936,1.042523,1.033007,1.037273,1.067907,1.042333,1.037448,1.058485,1.03792,1.042,1.059744,1.041997,1.032945,1.053171,1.022892,1.027673,1.043817,1.022644,1.027201,1.029026
1977-12-31,1.004955,1.039198,1.012339,1.035932,1.019894,1.0343,1.030997,1.034071,1.038216,1.041908,1.039847,1.043354,1.030404,1.039808,1.012076,1.013108,1.043449,1.025014,1.038016,1.038814,1.021924,1.042717,1.012417,1.031416,1.000945,1.001619,1.011457,1.006375,1.025322,1.034716,0.994889,1.055428,1.012455,1.008256,1.01475,0.998893,1.004482,1.023312,1.018568,1.014911,0.9905,1.021128,1.007522,1.016021,1.020033,1.00936,1.029515,0.997807,1.015912,1.03439,0.993424,1.009534,1.022721,1.002664,1.004246,1.012209,1.007524,1.01071,1.008239,1.013983,1.003173,1.003164,0.996838,1.007043,0.994206,1.012282,1.003182,1.034254,1.014859,1.019225,0.997981,0.996898,1.00118,1.003436,0.995812,0.987695,1.006169,1.013278,1.018109,0.997312,1.021274,1.010784,1.013056,0.989905,1.002115,1.000001,0.989005,1.00614,1.009888,1.014191,0.977965,0.97783,0.99875,1.001555,1.019847,1.025937,0.998225,0.997544,1.007059,1.014893
1978-01-31,1.01149,0.995867,0.988907,0.995189,0.997157,0.997573,0.981055,0.989423,0.998001,0.985399,1.016914,0.979509,0.953716,0.995934,0.969963,0.965519,0.972703,0.951886,0.968341,0.990842,0.982807,0.976886,0.997507,0.99625,0.989943,0.962731,0.956642,0.945921,0.964028,0.952956,0.951486,0.974117,0.989229,0.966356,0.964347,0.962229,0.966824,0.941204,0.96018,0.944332,0.955921,0.963603,0.989658,1.00422,0.964968,0.971798,0.95361,0.935071,0.952313,0.916039,0.981188,0.967328,0.972413,0.962102,0.953021,0.96494,0.962222,0.943865,0.929345,0.94402,0.92728,0.94829,0.953142,0.964959,0.967895,0.952685,0.939346,0.952529,0.9372860000000001,0.923178,0.983381,0.949936,0.963112,0.940039,0.965735,0.935412,0.94074,0.9237029999999999,0.912291,0.945678,0.976021,0.95402,0.94322,0.976929,0.924945,0.945018,0.950686,0.935351,0.956642,0.930037,0.916314,0.937156,0.930902,0.945655,0.951447,0.9168000000000001,0.930751,0.919162,0.9366369999999999,0.9469650000000001
1978-02-28,1.027324,1.035168,1.024719,1.034549,1.035215,1.018135,1.046022,1.05606,1.032005,1.047427,1.023451,1.017232,1.033375,1.028934,0.997669,1.062608,1.043964,1.021898,1.03267,1.031679,1.029714,1.033539,1.011038,1.001321,0.99532,0.999878,1.005528,1.026614,1.003279,1.021415,0.979852,1.006727,1.02229,1.003603,1.001278,1.016338,1.015106,1.039307,1.025184,1.036409,1.035771,1.003301,1.010442,1.006177,1.014213,1.035943,1.028276,1.019458,1.018315,1.006985,0.995018,0.986707,0.970023,0.989365,1.000247,1.033388,1.003173,0.999105,1.024491,1.034707,1.019748,1.004151,0.996052,1.002852,1.003222,1.012,1.025347,1.006852,0.993258,1.014347,0.984969,0.978938,0.983429,1.01709,0.970249,0.985283,0.971625,0.998449,0.985333,0.973981,0.956176,0.971811,0.9904,0.976381,0.971775,0.980691,0.983742,0.996854,0.982186,0.98014,0.976269,0.981391,0.988753,0.995005,1.028548,0.981295,0.970922,0.96803,0.974462,0.978035
1978-03-31,1.099339,1.071661,1.088875,1.082314,1.061287,1.072616,1.078888,1.074252,1.072036,1.078365,1.101547,1.030031,1.046912,1.058323,1.070211,1.101942,1.081037,1.070393,1.073225,1.103599,1.094814,1.05604,1.073922,1.046751,1.0714299999999999,1.051053,1.045429,1.089979,1.055746,1.080284,1.086654,1.064077,1.075963,1.059058,1.060534,1.086729,1.076706,1.041616,1.058257,1.067737,1.039954,1.032308,1.06291,1.046416,1.054878,1.051722,1.06175,1.098048,1.020379,1.048105,1.0652840000000001,1.077216,1.061852,1.047667,1.030318,1.047221,1.0567,1.041004,1.057468,1.085188,1.088191,1.063895,1.061591,1.045432,1.048728,1.066756,1.026609,1.03269,1.049617,1.053241,1.049895,1.046823,1.044229,1.045543,1.040076,1.042757,1.044217,1.044854,1.055148,1.068576,1.0664609999999999,1.043085,1.028936,1.043078,1.043061,1.044518,1.069366,1.038071,1.047367,1.048818,1.030939,0.990325,1.032893,1.023982,1.025652,1.035397,1.041327,1.028758,1.015991,0.99784
1978-04-30,1.084617,1.098445,1.072166,1.091535,1.080837,1.091673,1.080168,1.070795,1.084413,1.088569,1.106933,1.06881,1.044371,1.073869,1.06858,1.076898,1.078957,1.081874,1.095674,1.110217,1.072456,1.079328,1.045116,1.056521,1.094986,1.078007,1.064106,1.094847,1.092853,1.093625,1.088315,1.060251,1.058313,1.064014,1.070259,1.066567,1.063268,1.097874,1.074144,1.1339000000000001,1.055998,1.052991,1.02255,1.072209,1.045245,1.0835,1.094451,1.106671,1.057796,1.126034,1.075393,1.079041,1.059252,1.068649,1.045822,1.074983,1.067862,1.079047,1.106309,1.112835,1.070094,1.033085,1.063043,1.069772,1.067806,1.052666,1.07794,1.084117,1.087716,1.087719,1.061283,1.059747,1.013571,1.074745,1.07279,1.072432,1.078102,1.110382,1.120376,1.072741,1.07148,1.058702,1.042587,1.056983,1.085315,1.065143,1.107005,1.09293,1.092029,1.1207259999999999,1.113276,1.105529,1.063963,1.070265,1.051127,1.090686,1.109527,1.115082,1.099297,1.097992
1978-05-31,1.095611,1.111613,1.054923,1.077709,1.068521,1.088862,1.074135,1.085935,1.106153,1.08636,1.065075,1.076862,1.045429,1.069013,1.057416,1.062133,1.047004,1.054394,1.082135,1.064715,1.102142,1.073509,1.014029,1.046501,1.048179,1.053793,1.072671,1.081782,1.059461,1.081766,1.054543,1.043596,1.021422,1.035055,1.02456,1.065511,1.037949,1.024678,1.085299,1.089147,1.106355,1.03411,1.044762,1.033025,1.041508,1.054118,1.041789,1.080896,1.042787,1.062123,1.012897,1.062985,1.018416,1.025744,1.03687,1.043581,1.054798,1.060065,1.064333,1.05638,1.018363,1.065608,1.004082,1.022147,1.035274,1.038575,1.013446,1.032913,1.039424,1.085698,0.9923960000000001,1.043738,1.037056,1.041053,1.009573,1.003267,1.07084,1.036333,1.023756,1.046744,1.061929,1.023565,1.030006,1.01204,1.006712,1.021865,1.054657,1.017087,1.032164,1.058215,0.960172,1.01427,0.995589,1.016177,0.993906,1.047586,1.007124,1.020915,1.012553,0.994648
1978-06-30,1.003517,1.01984,1.000218,1.009935,1.000627,1.006114,1.007564,1.000866,0.995136,1.001988,0.969971,1.000127,0.983686,0.998741,1.005064,0.997106,0.992827,1.016678,0.993785,1.031751,1.069244,1.031035,0.966253,0.994823,0.964746,1.004263,0.986928,0.965192,0.995947,0.995342,1.065255,1.02266,0.990599,0.994122,1.006496,0.98917,1.008349,0.984561,0.979553,1.000954,1.022149,1.016533,0.998933,1.027525,1.018561,0.99166,1.006815,0.992469,0.977049,0.985199,1.004448,1.037029,0.993361,0.974655,1.001953,0.958239,1.025556,0.987536,0.994092,0.997568,0.933858,0.962138,1.009271,1.014335,1.007272,1.009607,0.993323,1.030933,0.994634,0.975995,1.011779,1.00619,0.993144,0.991948,0.99446,0.987617,0.982217,0.983631,0.995249,0.992128,0.935135,0.99794,0.990005,1.001089,0.9893149999999999,0.980582,0.995672,0.999448,0.98799,0.96744,0.990094,0.972,1.000486,0.988426,0.985247,0.968038,1.001759,0.981164,0.960393,0.981027
1978-07-31,1.056694,1.033676,1.046919,1.041161,1.067537,1.057967,1.048564,1.062179,1.04857,1.065823,1.049489,1.045738,1.051588,1.056614,1.033513,1.02125,1.074671,1.064043,1.071944,1.087594,1.07505,1.03901,1.039352,1.070198,1.049685,1.045042,1.056719,1.03126,1.051824,1.084438,1.043181,1.052751,1.057567,1.055922,1.063203,1.055481,1.088397,1.044054,1.088405,1.121764,1.052422,1.053877,1.051058,1.060942,1.047385,1.029991,1.032966,1.095718,1.048175,1.095257,1.007993,1.018695,1.036835,1.070598,1.028018,1.050229,1.048821,1.057392,1.072252,1.052006,1.052436,1.022655,1.057433,1.084894,1.073318,1.033352,1.065,1.059205,1.046785,1.092424,1.078201,1.061738,1.058987,1.029897,1.06718,1.063989,1.06066,1.069556,1.09028,1.093288,1.054168,1.038825,1.049604,1.034138,1.055879,1.060125,1.065849,1.050828,1.067341,1.047421,1.107893,1.040393,1.066238,1.032673,1.0631599999999999,1.055618,1.073589,1.044827,1.054331,1.066281
1978-08-31,1.096359,1.115821,1.090071,1.08364,1.113631,1.111918,1.098373,1.120628,1.1187529999999999,1.138597,1.047945,1.072848,1.057581,1.060388,1.063429,1.067216,1.092571,1.061868,1.058527,1.116233,1.15999,1.01507,1.063265,1.107895,1.083584,1.075884,1.042543,1.088896,1.091906,1.116887,1.093932,1.076047,1.089272,1.099928,1.052408,1.085133,1.070137,1.079392,1.117995,1.09162,1.12449,1.074524,1.06903,1.074331,1.051431,1.071552,1.090318,1.075618,1.085093,1.050395,1.163468,1.068832,1.075134,1.046084,1.055121,1.071107,1.086203,1.096792,1.064494,1.126738,1.029225,1.03426,1.031992,1.082512,1.044062,1.050605,1.04821,1.0661990000000001,1.058333,1.057222,1.010514,1.020414,1.027481,1.06642,1.055384,1.041707,1.045155,1.100296,1.091088,1.10029,1.002102,1.035078,1.033957,1.045879,1.027824,1.033181,1.051425,1.046459,1.010837,1.052771,1.036694,1.00698,0.993975,1.036456,1.017524,1.030546,1.020317,1.046156,1.042224,1.033098
1978-09-30,1.020334,0.998665,1.001378,0.995598,0.994572,1.004326,0.997527,1.00788,0.991764,0.981583,1.004064,0.986847,0.990864,1.006782,0.985269,0.992252,0.995081,0.98742,0.986133,0.968203,0.9377,0.950816,1.008929,0.98855,0.989867,1.010388,1.007352,0.991184,0.98129,0.96773,1.021301,0.964344,0.993169,0.969581,0.9899,1.00509,1.009795,0.991162,0.972713,0.964745,0.960294,0.988285,0.977509,0.989099,0.99517,0.971014,0.981581,0.975056,0.995712,0.976414,1.09083,0.983988,0.994189,0.989736,0.985327,0.981062,0.936678,0.950597,0.971631,0.955984,0.989992,0.98603,0.985366,0.982666,0.979883,0.98859,0.98919,0.976892,0.990279,0.972698,1.034362,0.981279,1.008112,0.981679,0.998357,0.976416,1.082684,0.967411,0.97596,0.932296,1.004615,0.990584,0.990756,0.983345,0.984462,0.99672,0.967522,0.993943,1.039795,0.982758,1.044966,0.983105,0.984749,1.010794,0.976072,1.007236,0.980239,1.011798,0.996721,0.986471
1978-10-31,0.7632019999999999,0.769517,0.799309,0.815889,0.7631749999999999,0.784277,0.771081,0.802144,0.766012,0.750609,0.733911,0.817867,0.795642,0.8020349999999999,0.786224,0.811941,0.774793,0.800471,0.748135,0.7310209999999999,0.7201770000000001,0.819344,0.796013,0.8114859999999999,0.841737,0.842823,0.833381,0.794938,0.771208,0.751016,0.761735,0.828948,0.8126180000000001,0.825103,0.843282,0.817084,0.821986,0.823344,0.78794,0.760763,0.788029,0.843438,0.825015,0.819584,0.835289,0.83636,0.856982,0.823962,0.7780940000000001,0.7929350000000001,0.816147,0.856625,0.85273,0.858072,0.856955,0.828199,0.847458,0.839785,0.79775,0.827001,0.881508,0.886823,0.870453,0.877114,0.848279,0.8244549999999999,0.827342,0.881387,0.842617,0.8144020000000001,0.883327,0.879417,0.8754,0.8693150000000001,0.858827,0.892602,0.845241,0.855719,0.85232,0.829537,0.864295,0.89031,0.895239,0.881735,0.883969,0.889165,0.870324,0.880876,0.881591,0.868212,0.8905540000000001,0.9137500000000001,0.910599,0.946704,0.911996,0.916086,0.908732,0.916718,0.926463,0.931415
1978-11-30,1.029201,1.051756,1.064041,1.058567,1.058618,1.049036,1.062372,1.052909,1.062865,1.077958,1.068128,1.044258,1.062606,1.072804,1.108398,1.04365,1.071889,1.060687,1.076072,1.089633,1.062664,1.083754,1.055988,1.082176,1.023753,1.034726,1.052144,1.040475,1.066008,1.131888,1.047897,1.042514,1.055693,1.065682,1.046037,1.056214,1.051521,1.057714,1.094255,1.087139,1.055284,1.033653,1.047913,1.050047,1.034754,1.07694,1.040165,1.093164,1.089397,1.076775,0.985023,1.044114,0.994733,1.031936,1.016093,1.04669,1.034446,1.045121,1.069122,1.0683,1.024909,1.038753,1.008029,1.030434,1.056014,1.031935,1.029275,1.041642,1.037037,1.040135,1.015142,1.051402,1.029734,1.019497,1.024597,1.023218,1.054673,1.030315,1.051241,1.029277,1.021889,1.022253,1.040246,1.021061,1.026248,1.032124,1.030159,1.01325,1.036051,1.050207,1.04742,1.035677,1.06029,1.036124,1.027542,1.024828,1.034003,1.023681,1.020586,1.02782
1978-12-31,1.00228,1.004667,1.038698,1.018418,1.038393,1.001329,1.022151,1.029169,1.038335,1.035177,1.012564,1.003328,1.028534,1.014683,0.990926,1.01046,1.040611,1.014123,1.020604,1.030486,0.975692,0.993925,1.025206,1.018246,1.020731,1.007858,1.041762,1.040959,0.994063,1.051431,1.032977,1.016745,1.041757,1.024811,1.020528,1.018043,1.029165,1.01959,1.045596,1.014605,1.055068,1.029288,1.017756,0.993434,1.016146,1.022457,1.036041,1.005434,1.022916,1.034346,0.952185,1.004058,1.011269,1.02834,0.998564,1.020264,1.039505,1.025269,1.027829,1.020666,0.967714,1.011906,1.010452,1.020282,1.038449,0.992993,1.004021,1.030679,0.988004,1.022598,0.99358,1.018156,1.021869,1.013333,1.009613,1.007569,1.019707,1.015301,1.005957,1.005787,0.978566,0.985779,0.981122,0.986223,1.008028,1.019453,1.02564,0.998707,1.043121,0.997227,1.048195,0.972662,1.001668,1.002302,1.013861,1.021828,1.005205,1.013454,1.0281,1.054
1979-01-31,1.115144,1.105674,1.096449,1.086641,1.087648,1.10738,1.075324,1.117592,1.097689,1.130341,1.154379,1.080953,1.088421,1.083548,1.097007,1.082592,1.094632,1.08997,1.104768,1.089677,1.148006,1.120854,1.104906,1.076961,1.103964,1.065728,1.082792,1.062049,1.1055,1.079372,1.081421,1.089497,1.072279,1.04344,1.084361,1.083963,1.085202,1.057444,1.102428,1.091377,1.084531,1.093004,1.038086,1.068735,1.046428,1.058943,1.065861,1.057324,1.072822,1.065084,1.172736,1.064982,1.091552,1.050233,1.07666,1.075529,1.070657,1.0885340000000001,1.058237,1.067042,1.107242,1.08865,1.0278100000000001,1.100129,1.038847,1.073339,1.04113,1.03945,1.051316,1.04514,1.121238,1.080854,1.046846,1.078036,1.060165,1.051095,1.032585,1.062675,1.073786,1.048283,1.098686,1.090687,1.062257,1.039841,1.056818,1.055013,1.038775,1.049431,0.999345,1.048806,1.104015,1.074963,1.0384,1.039766,1.032758,1.062184,1.023116,1.033842,1.015023,1.041819
1979-02-28,0.97782,0.98324,0.990722,0.995229,0.985747,0.979416,0.973647,0.961969,0.968984,0.980446,0.980972,0.978381,0.972685,0.990656,0.972883,0.962883,0.962498,0.962226,0.954888,0.952142,1.011516,1.017284,0.970927,0.981194,0.987693,0.967894,0.980344,0.975307,0.945949,0.9367840000000001,0.964433,0.964449,0.983843,0.980024,0.965243,0.984919,0.954287,0.978622,0.965686,0.949154,0.987695,0.978987,1.036574,0.990451,0.986099,0.980056,0.976375,0.960889,0.961759,0.964418,1.116621,1.002772,0.96399,0.965374,0.981151,0.953381,0.965684,0.948421,0.964888,0.931864,0.961545,0.973857,0.968381,0.974633,0.965322,0.979984,0.988213,0.963213,0.963715,0.967119,0.969837,0.965997,0.964477,0.979478,0.945197,0.962489,0.97633,0.95706,0.961575,0.932504,0.951331,0.966494,0.959527,0.970751,0.96406,0.984152,0.958999,0.962103,1.000709,0.967439,0.97474,0.973935,0.954678,0.980024,0.956363,0.979727,0.971252,0.970209,0.966133,0.973641
1979-03-31,1.085639,1.098228,1.076035,1.053766,1.077228,1.084867,1.103834,1.091329,1.086584,1.10262,1.097468,1.064114,1.107545,1.097204,1.078354,1.059527,1.14773,1.084228,1.095418,1.125117,1.134843,1.057473,1.095838,1.118729,1.063729,1.085652,1.098321,1.068879,1.121429,1.095634,1.109888,1.065194,1.105275,1.066325,1.073977,1.065381,1.094062,1.049244,1.120505,1.142179,1.09158,1.11269,1.094428,1.113491,1.076292,1.082924,1.076104,1.102217,1.144257,1.10483,1.073279,1.103065,1.067892,1.050667,1.066272,1.097049,1.10017,1.099536,1.113575,1.08792,1.054962,1.072572,1.078633,1.056355,1.058682,1.121118,1.069513,1.073647,1.066345,1.070115,1.095179,1.081614,1.089255,1.05594,1.087098,1.076888,1.050534,1.089529,1.091265,1.095651,1.118927,1.064344,1.063293,1.058379,1.072671,1.078235,1.064986,1.067538,1.082495,1.099739,1.076279,1.033419,1.043853,1.022508,1.051019,1.052796,1.054285,1.057862,1.049861,1.061623
1979-04-30,1.040963,1.034495,1.033701,1.032636,1.037493,1.011259,1.022712,1.025191,1.028372,1.02698,1.012768,1.016434,1.009343,1.031547,1.037649,1.035196,1.064743,1.050603,1.015165,1.014893,0.975716,1.019143,1.052176,1.007871,1.016362,1.028043,1.006207,0.996281,0.995244,1.000501,1.023066,1.041908,1.054535,1.017019,0.988002,1.052001,1.025262,1.048894,1.019801,1.061269,1.015311,1.039461,1.051799,1.041593,1.006308,1.035383,1.006449,0.988875,1.080959,1.001695,1.041812,0.983497,0.998827,1.028966,1.001937,0.995428,1.041935,1.020847,1.015342,1.018737,0.982174,0.995295,1.051168,1.029653,1.018711,1.028724,0.998709,1.01769,1.024527,1.021134,0.977371,1.000639,0.976887,0.997386,1.03473,1.038955,0.99607,1.024943,1.027232,0.985307,0.977007,0.980451,0.951883,1.011308,0.99965,1.006335,1.007599,1.011327,1.009023,1.016017,0.987586,0.981035,0.972769,0.974059,1.002136,1.006995,1.020176,1.012478,0.998049,1.017133
1979-05-31,0.990106,0.982123,0.994295,0.98512,0.980419,0.959009,0.9868,0.982453,0.989001,0.989156,0.974213,1.032978,0.9749,0.997995,0.957636,0.981791,0.982535,0.983685,0.977588,1.003212,0.981352,1.005056,0.990356,0.984363,0.994613,0.988499,0.977942,1.002815,1.005174,0.971206,0.961153,1.012504,0.992824,0.975442,0.960031,0.99813,1.01693,0.974248,0.997162,0.979499,0.992276,1.030121,1.052591,0.990688,0.998428,0.99168,0.963928,0.948361,0.966301,0.958359,0.987472,0.976308,1.004136,0.989793,1.003223,1.015677,0.981738,0.959143,0.96844,0.943188,0.983386,0.988267,0.993667,0.997718,0.988147,0.98706,0.983927,0.98238,0.987578,0.97801,0.992178,0.976649,1.006537,1.041767,0.96204,0.983013,0.990104,0.982738,0.990232,1.023044,1.016247,1.005408,1.014899,0.999682,1.017419,0.984066,0.992225,0.997085,0.976941,1.003512,1.015931,0.992153,0.972865,0.988644,0.984246,0.981295,0.965872,0.978413,0.975559,0.983867
1979-06-30,1.056156,1.075738,1.051761,1.043283,1.048611,1.048294,1.050972,1.080925,1.04133,1.054481,1.039592,1.026027,1.089304,1.0648279999999999,1.067841,1.059908,1.055578,1.03615,1.05458,1.039882,1.115409,1.052077,1.0875029999999999,1.048167,1.026539,1.048388,1.11441,1.055126,1.020553,1.047786,1.116616,1.0876,0.993016,1.056442,1.082683,1.037302,1.06045,1.038509,1.039743,1.064948,1.050694,1.086116,1.010646,1.053605,1.099877,1.03898,1.052248,1.068119,1.075577,1.032087,1.037173,1.034076,1.070336,1.082719,1.028454,1.071683,1.027355,1.02237,1.073358,1.004319,1.021636,1.079624,1.123829,1.030543,1.065151,1.083421,1.068535,1.028696,1.058492,1.040119,1.068829,1.083252,1.081292,1.11141,1.051103,1.066047,1.064605,1.059944,1.029136,1.057461,1.092441,1.044805,1.061414,1.032905,1.014721,1.054419,1.079803,1.062784,1.05358,1.097052,1.065695,1.034291,1.06249,1.02252,1.063331,1.060356,1.022611,1.055222,1.045548,1.014843
1979-07-31,1.012338,1.005772,1.029625,1.024555,1.0249489999999999,1.02229,1.039223,1.018808,1.013847,1.018064,1.027775,1.036292,1.057428,1.041203,1.038843,1.03296,1.048699,1.021352,1.040569,1.039395,0.997358,1.000525,1.041819,1.023041,1.031597,1.036553,1.023088,1.043941,1.015305,1.033578,1.061644,1.04897,1.018514,1.035325,1.046208,1.033448,1.044091,1.042352,1.023499,1.024435,1.022082,1.00398,1.027982,1.041637,1.037028,1.038106,1.03841,1.016923,1.011658,1.06597,1.079406,1.027795,1.042367,1.035836,1.057575,1.013714,1.041434,1.053705,1.055245,1.015225,1.058735,1.017424,1.020605,1.02692,1.039098,1.035126,1.037309,1.02996,1.040242,1.022585,1.0225360000000001,1.021947,1.011425,1.016911,1.030737,1.016121,1.021198,1.022169,1.031679,1.00644,1.031459,0.995776,1.032219,1.022554,1.033055,1.047507,1.005229,1.036953,1.047769,1.037122,1.005779,1.023691,1.029753,0.990595,1.000261,1.00932,1.03228,1.016475,1.009991,0.972114
1979-08-31,1.086057,1.08017,1.052867,1.070364,1.070722,1.081544,1.066426,1.095488,1.084991,1.08456,1.083877,1.0719400000000001,1.051646,1.078979,1.075863,1.089576,1.088942,1.081738,1.077474,1.090242,1.069864,1.06395,1.104424,1.068729,1.053879,1.063248,1.071923,1.080161,1.095249,1.113915,1.098802,1.090811,1.06669,1.0630519999999999,1.03435,1.067362,1.076535,1.098274,1.073771,1.083371,1.056371,1.082909,1.068144,1.061769,1.098637,1.078937,1.079118,1.063677,1.100927,1.114067,1.075604,1.034269,1.031222,1.036993,1.06668,1.098669,1.09792,1.070314,1.0791520000000001,1.067466,1.017372,1.066258,1.057961,1.068447,1.1161,1.083333,1.061965,1.080694,1.071628,1.076508,1.065208,1.039048,1.061462,1.057364,1.064641,1.111644,1.083574,1.070582,1.068402,1.114222,1.096685,1.055683,1.04301,1.045345,1.051689,1.042725,1.107465,1.053492,1.033725,1.091423,1.042054,1.006836,1.05511,1.024151,1.088582,1.104275,1.052637,1.076593,1.060917,1.044708
1979-09-30,0.993083,1.005625,0.989289,0.973647,0.998899,0.99484,1.006753,0.996652,0.976244,0.991707,0.980332,0.987447,1.011277,0.965846,0.985982,0.978345,1.02754,0.992892,1.013991,0.998669,0.974202,0.958317,1.004852,1.013733,0.990158,0.994448,1.007739,0.975257,0.981166,0.990847,0.9569840000000001,1.025755,1.010677,1.006866,0.990742,1.007551,0.978661,1.027879,0.990587,0.989346,1.017647,1.016855,0.979126,1.033587,0.962957,0.997739,0.990325,1.015055,1.000974,1.012311,0.932175,0.996032,0.987608,0.956645,0.986274,1.028252,0.992704,1.001715,0.990425,0.978782,0.986198,1.006079,1.013707,0.984422,0.985216,0.991472,1.04396,1.034401,1.011603,0.987248,1.002741,0.969739,0.981026,0.98837,1.006136,0.977357,0.982748,1.011301,1.017474,0.955524,0.990133,0.968293,1.01537,0.993458,1.000511,1.008786,0.995303,1.014138,0.996503,1.014245,0.989267,0.9694,1.018839,0.984228,1.016123,1.005565,0.995373,1.005547,1.018544,0.996214
1979-10-31,0.876951,0.919278,0.911006,0.897494,0.929934,0.905879,0.88847,0.900833,0.884073,0.884776,0.8508709999999999,0.9211469999999999,0.893487,0.88437,0.8950629999999999,0.874337,0.902412,0.888768,0.903544,0.867407,0.838564,0.8730910000000001,0.890338,0.8826229999999999,0.897475,0.884713,0.892366,0.909607,0.884669,0.9071130000000001,0.872606,0.945648,0.914349,0.894711,0.901659,0.918489,0.871061,0.915034,0.875055,0.88337,0.924398,0.921195,0.87099,0.906337,0.884487,0.917666,0.900986,0.891058,0.927319,0.919911,0.919468,0.885927,0.960537,0.903225,0.912753,0.9239310000000001,0.901933,0.909587,0.89422,0.90614,0.894081,0.922239,0.86924,0.934578,0.944241,0.908481,0.918811,0.94569,0.912641,0.857785,0.875566,0.920196,0.898871,0.8968700000000001,0.932167,0.9167270000000001,0.930546,0.915707,0.928303,0.9183939999999999,0.903054,0.920666,0.91177,0.900986,0.932823,0.916485,0.9227259999999999,0.924474,0.92418,0.94587,0.914134,0.961029,0.940191,0.949757,0.940211,0.95268,0.925835,0.955335,0.960336,0.926985
1979-11-30,1.093605,1.048996,1.05468,1.067903,1.068924,1.054254,1.068164,1.103095,1.08113,1.091417,1.088673,1.104882,1.061711,1.111184,1.051638,1.077234,1.067558,1.087441,1.083241,1.096831,1.093005,1.099117,1.124861,1.056063,1.073123,1.022573,1.084584,1.1165,1.078662,1.1157569999999999,1.093548,1.103419,1.072959,1.050386,1.070207,1.08649,1.065885,1.080538,1.101619,1.087446,1.140744,1.090999,1.066014,1.081169,1.108632,1.061933,1.059052,1.0709089999999999,1.104254,1.124614,1.069131,1.04841,1.065999,1.044071,1.061711,1.059908,1.079512,1.086644,1.100811,1.0831,1.059879,1.056813,1.084979,1.077723,1.081612,1.098864,1.075845,1.060346,1.084608,1.107813,1.065734,1.07085,1.046886,1.064237,1.062989,1.057297,1.075659,1.057334,1.098845,1.108552,1.067982,1.090951,1.089293,1.052354,1.063477,1.039574,1.054789,1.054024,1.050696,1.1020240000000001,1.014852,1.052489,1.059963,1.042358,1.074794,1.07137,1.037983,1.036806,1.054608,1.045799
1979-12-31,1.109235,1.089805,1.07418,1.078574,1.078431,1.070741,1.079177,1.063991,1.08682,1.097695,1.071599,1.107969,1.090076,1.08269,1.0626,1.083575,1.041285,1.050904,1.050071,1.093606,1.03959,1.059074,1.108577,1.1029,1.05237,1.032573,1.078348,1.078074,1.070261,1.058226,1.103759,1.086428,1.020897,1.023973,1.023054,1.090757,1.078086,1.034449,1.04679,1.06857,1.069006,1.061312,1.064155,1.096919,1.013229,1.039078,0.999711,1.078197,1.062514,1.045118,0.998114,1.025766,1.032453,1.029445,1.05765,1.021872,1.021854,1.068637,1.074209,1.034203,1.028187,0.989012,1.065611,1.042809,1.031238,1.036887,1.026513,1.031374,1.05081,1.052711,1.116955,1.010514,1.003965,1.017047,1.030985,1.04035,1.03517,1.033463,1.010759,1.070678,1.058182,1.016476,1.042116,1.028204,1.048621,1.048048,1.03496,1.034754,1.032153,1.036772,0.97705,0.983342,1.0151,0.988875,1.023082,1.018736,1.027477,1.010031,1.023678,1.000904
1980-01-31,1.155113,1.130183,1.106046,1.112378,1.104555,1.107217,1.108497,1.08922,1.079519,1.139759,1.160631,1.090771,1.085093,1.085278,1.114657,1.114306,1.030854,1.06065,1.094212,1.101664,1.101554,1.1014680000000001,1.11663,1.05471,1.061926,1.054649,1.045918,1.080175,1.047812,1.099543,1.085259,1.041249,1.077116,1.062686,1.049973,1.07428,1.022735,1.082867,1.074109,1.035338,1.169479,1.081465,1.040116,1.040197,1.032605,1.066851,1.082157,1.05474,1.044805,1.028776,1.054186,1.054919,1.073176,1.033561,1.07158,1.128657,1.059168,1.037934,1.080097,1.05735,1.022968,1.068339,1.05415,1.047965,0.970649,1.130654,1.078505,1.075201,1.061141,1.052514,1.181642,1.023409,1.006945,1.028047,1.099551,1.023882,1.044937,1.089819,1.112862,1.030542,1.091753,1.081639,1.033554,1.040323,1.05984,1.030476,1.122131,1.044015,1.039313,1.066501,1.026086,1.030428,1.096557,0.984036,1.064289,1.104555,1.049957,1.078116,1.055351,1.060479
1980-02-29,1.018037,1.013789,0.975145,0.967703,0.992642,0.963497,0.979166,1.002455,0.987688,1.00923,0.982728,0.986402,0.977907,0.985492,0.98699,0.976141,1.003206,0.986592,0.99643,0.970124,1.013402,1.01236,1.000756,1.010075,0.976182,0.98815,0.948564,0.979899,0.948495,1.004001,1.010077,1.031253,0.972871,0.961201,0.957104,0.970639,0.940644,0.958601,0.966771,0.996569,0.971424,0.981303,0.963477,1.042109,0.957761,0.951207,0.9634510000000001,0.971599,0.945514,0.991095,1.013077,0.956629,0.990016,0.962423,0.981465,0.98501,0.970675,0.942442,0.981078,0.932374,0.978692,1.018678,0.960669,0.967736,0.965466,0.957177,0.966253,0.990079,0.985058,0.969414,0.994894,0.956824,0.97924,0.954717,0.989129,0.969386,0.955139,0.980876,0.971672,1.014549,1.01409,0.949773,0.970212,0.944489,0.983023,0.950814,0.95885,0.958298,0.919986,0.977125,1.005315,0.995683,1.105454,0.990837,0.999309,1.03081,0.948066,1.019886,1.072363,0.966966
1980-03-31,0.775548,0.815106,0.817645,0.830966,0.834654,0.8154440000000001,0.826788,0.809501,0.8099,0.791773,0.776087,0.795536,0.829922,0.807818,0.843572,0.84061,0.837855,0.819224,0.8221689999999999,0.793675,0.762725,0.821966,0.7931360000000001,0.813723,0.836025,0.837622,0.842562,0.834021,0.846384,0.810105,0.792964,0.822524,0.811397,0.834611,0.847305,0.837824,0.864953,0.8354429999999999,0.84666,0.830579,0.806543,0.7789470000000001,0.875403,0.833646,0.851556,0.846417,0.839026,0.803796,0.841459,0.836671,0.802249,0.841444,0.880509,0.862926,0.838609,0.810669,0.855909,0.889138,0.8571690000000001,0.864874,0.8564350000000001,0.855714,0.834275,0.861776,0.875275,0.84268,0.857363,0.850507,0.884144,0.886522,0.7642800000000001,0.889572,0.909809,0.894174,0.856065,0.890035,0.891426,0.863758,0.885967,0.855715,0.84345,0.913046,0.893573,0.914154,0.901733,0.905009,0.903789,0.908654,0.90562,0.928281,0.921046,0.95742,0.8520570000000001,0.969163,0.912423,0.875042,0.940409,0.917919,0.888415,0.8810640000000001
1980-04-30,1.03627,1.047878,1.056074,1.059583,1.084399,1.060147,1.063472,1.080086,1.065745,1.050618,1.098764,1.062046,1.049628,1.071645,1.040407,1.042274,1.114377,1.046065,1.047201,1.102724,1.069486,1.118582,1.073421,1.037597,1.051128,1.040994,1.085393,1.074065,1.062375,1.056873,1.058514,1.093749,1.092518,1.090768,1.070232,1.032571,1.047608,1.016516,1.046904,1.042954,1.139283,1.06709,1.043378,1.03678,1.056957,1.0683799999999999,1.065752,1.093271,1.043478,1.048044,1.101168,1.110613,1.080619,1.016994,1.026057,1.08843,1.046099,1.0966879999999999,1.088166,1.072753,1.093954,1.092869,1.098465,1.070552,1.030086,1.044253,1.03818,1.016293,1.078322,1.042869,1.041134,1.089083,1.082008,1.063354,1.069203,1.077522,1.06274,1.080255,1.053727,1.047748,1.029499,1.053125,1.056978,1.058733,1.064945,1.054046,0.997207,1.070514,1.026451,1.033923,1.014561,1.0868,1.076962,1.071587,1.064344,1.040832,1.02011,1.049341,1.050659,0.995075
1980-05-31,1.072316,1.055065,1.074551,1.066749,1.042236,1.062078,1.037968,1.094982,1.080807,1.074203,1.078895,1.068101,1.054533,1.076222,1.067528,1.084302,1.080637,1.0635189999999999,1.089172,1.075086,1.045599,1.117008,1.062717,1.088472,1.075819,1.080504,1.067226,1.067826,1.084919,1.095117,1.082742,1.038743,1.08406,1.06304,1.087642,1.127009,1.107921,1.087583,1.10224,1.108819,1.089888,1.067154,1.083845,1.09945,1.083526,1.080129,1.075052,1.066628,1.07426,1.089273,1.094812,1.077097,1.079162,1.101177,1.116702,1.056677,1.067125,1.064655,1.053616,1.095945,1.048007,1.109543,1.088573,1.095977,1.0746850000000001,1.085155,1.099157,1.092796,1.087433,1.08125,1.052401,1.076891,1.058961,1.0797430000000001,1.09012,1.064559,1.082303,1.100193,1.0702720000000001,1.085181,1.072428,1.059275,1.049018,1.050829,1.055246,1.054217,1.044824,1.082351,1.100595,1.035179,1.043399,1.05427,1.040735,1.051828,1.052013,1.051947,1.054038,1.058865,1.044136,1.03874
1980-06-30,1.038454,1.032872,1.047047,1.021401,1.052086,1.041278,1.048019,1.06722,1.030126,1.053278,1.070907,1.051671,1.031028,0.992246,1.035797,1.036891,1.061203,1.036767,1.062379,1.048734,1.010763,1.0372,1.065371,1.050855,1.051917,1.051532,1.038387,1.053965,1.051365,1.026818,1.043562,1.076084,1.055888,1.063243,1.027591,1.078593,1.022324,1.043791,1.032435,1.038044,1.035527,1.08384,0.998693,1.041959,1.023024,1.053731,1.04551,1.053904,1.047225,1.059671,1.063463,1.032098,1.064899,1.047312,1.009446,1.037529,1.042771,1.028624,1.033401,1.0651410000000001,1.01868,1.022183,1.047355,1.068629,1.07744,1.018993,1.041557,1.064044,1.033146,1.036488,1.062557,1.061507,1.038523,1.046907,1.032339,1.059126,1.042141,1.031574,1.03915,1.061661,1.029831,1.033741,1.053333,1.03368,1.026311,1.037999,1.032392,1.014512,1.018127,1.036002,1.033452,1.028773,1.036511,0.998448,1.045044,1.008012,1.017316,1.029752,1.033801,1.037926
1980-07-31,1.069029,1.117924,1.088658,1.109005,1.107725,1.109619,1.120312,1.10672,1.116666,1.117253,1.101809,1.116171,1.09023,1.115387,1.084519,1.083103,1.109789,1.108453,1.1389420000000001,1.1386669999999999,1.103927,1.107736,1.089417,1.121424,1.083876,1.044847,1.106128,1.109629,1.142005,1.121419,1.090931,1.113017,1.0729630000000001,1.099829,1.086402,1.115899,1.128728,1.104713,1.14636,1.140638,1.091993,1.043636,1.098247,1.073545,1.057135,1.070587,1.06131,1.14676,1.154255,1.124054,1.014286,1.020033,1.039579,1.097496,1.071323,1.164175,1.10979,1.090019,1.166057,1.10354,0.979029,1.033112,1.074509,1.100417,1.053382,1.092855,1.079834,1.118553,1.15265,1.180666,1.128329,0.98154,1.057578,1.05889,1.081067,1.078397,1.101194,1.12482,1.085449,1.0067,1.029237,1.035095,1.09384,1.084484,1.074332,1.112937,1.072366,1.102142,1.009592,1.160433,1.055589,1.033005,1.036926,1.014428,1.046522,1.038288,1.086008,1.06804,1.083619,1.062784
1980-08-31,1.0831439999999999,1.084434,1.070394,1.086813,1.067245,1.105622,1.119303,1.089522,1.119343,1.106138,1.054246,1.078166,1.049354,1.087081,1.060165,1.072818,1.073378,1.059742,1.113769,1.102742,1.093011,1.040091,1.03518,1.080549,1.088494,1.036647,1.044891,1.054278,1.057936,1.075652,1.053258,1.055934,1.017365,1.025922,1.067862,1.063259,1.056107,1.027991,1.079578,1.082348,1.004762,1.036605,1.023735,1.023462,1.058653,1.022401,1.032946,1.0343040000000001,1.069364,1.068643,1.010828,1.019516,1.015387,1.073169,1.052652,1.083249,1.056549,1.068176,1.022343,1.064493,1.035394,1.002706,1.021773,1.034799,1.090233,1.0199259999999999,1.065358,1.021453,1.032785,1.03941,0.998826,0.983912,0.98004,0.99671,1.010757,1.014527,1.024383,1.029626,1.031164,1.085324,0.992333,1.015427,1.021921,1.015986,1.054598,1.047758,1.009935,0.997157,1.041799,1.043047,0.975576,0.967651,0.997728,1.036341,1.003499,1.015307,1.013,1.000348,1.00253,1.020345
1980-09-30,1.055777,1.01707,1.051311,1.041106,1.029453,1.043606,1.027864,1.059201,1.041564,1.041685,1.058748,1.014556,1.010424,1.017118,1.00823,1.020046,1.03825,1.047691,1.050825,1.050197,1.044428,1.010378,1.033428,1.007409,1.01789,1.008987,1.048314,1.060485,1.042747,1.045313,0.969238,0.98447,1.016115,1.028925,1.015344,1.039062,1.02307,1.025539,1.061228,1.059786,0.999974,1.046415,1.030313,1.01185,1.019986,1.012903,1.030645,1.05549,1.043159,1.074645,1.019627,1.000157,1.009144,1.0058,1.015699,1.025867,1.05237,1.026871,1.062244,1.019176,1.018874,1.027782,1.052285,1.017009,1.002193,1.04674,1.00215,1.042206,1.017611,1.067211,0.996548,1.002482,1.015446,1.01724,1.03466,1.035753,1.078251,1.017197,1.039758,1.048283,0.997217,1.043293,1.009801,1.037839,1.026137,1.028511,1.060743,1.036007,1.041711,1.070815,0.965147,1.021205,1.039719,0.987048,1.03534,1.037192,1.036094,1.048613,1.002184,1.025767
1980-10-31,1.061507,1.04644,1.053086,1.060467,1.046583,1.049002,1.052314,1.076282,1.069907,1.069741,1.047092,1.023221,1.010602,1.062636,1.044256,1.021471,1.046676,1.059929,1.071296,1.050089,1.066914,1.031129,1.050381,1.059659,1.001598,1.008453,1.030647,1.045477,1.025384,1.041245,1.083703,1.051466,1.000461,1.015351,1.037996,1.040676,1.033569,1.032778,1.017943,1.061812,1.056407,1.025291,1.00819,1.039004,1.022792,1.040693,1.020001,1.029518,1.048374,1.025136,1.012085,1.052495,1.011871,1.002786,1.021623,1.010468,1.028512,1.001418,1.027045,0.991788,0.986291,0.954125,1.012176,1.024502,1.004539,1.025995,0.991446,1.031901,1.021964,1.023875,1.006916,0.97606,1.020642,0.987809,1.018631,0.995791,1.037207,1.0137,1.018204,1.090477,1.05796,0.972132,1.028374,1.04428,1.006401,1.015882,0.985928,1.051836,0.960304,1.038891,0.9681649999999999,1.011564,1.008808,0.963703,1.047524,1.018689,1.025551,1.017359,0.9661,1.061682
1980-11-30,1.095618,1.061563,1.046736,1.037904,1.037319,1.053281,1.074414,1.071876,1.088286,1.083751,1.110713,1.023485,1.022897,1.130196,1.041179,1.088188,1.090793,1.067673,1.089015,1.1357840000000001,1.139323,1.036144,1.039093,1.073309,1.016421,1.020873,1.064861,1.10855,1.089363,1.129887,1.101633,1.115313,1.083731,1.126022,1.102743,1.064238,1.097689,1.0781,1.035438,1.116076,1.103853,1.085104,1.038832,1.054251,1.034231,1.020057,1.036169,1.062075,1.054797,1.098945,1.041025,0.949658,1.049918,1.077279,1.082518,1.112472,1.082297,1.06278,1.121656,1.079841,1.063497,1.063997,1.042025,1.156693,1.09141,1.126497,1.029807,1.121657,1.144647,1.141552,1.028662,1.033612,1.019977,1.066087,1.062336,1.06351,1.093517,1.072697,1.088466,1.118078,1.070715,1.03538,1.082115,1.093982,1.088903,1.116768,1.117028,1.101359,1.043194,1.147807,0.984172,1.050474,1.095798,1.012373,1.2032829999999999,1.217073,1.133134,1.146968,1.077689,1.135769
1980-12-31,0.93823,0.960876,0.973932,0.95475,0.950742,0.963401,0.971313,0.963302,0.963738,0.952993,0.910086,0.955908,0.969024,0.92757,0.952684,0.960435,0.947176,0.978958,0.966704,0.944153,0.8986810000000001,0.971494,0.950257,0.984331,0.956759,0.997514,0.976981,0.989439,0.969609,0.979108,0.957878,0.951833,0.990329,0.990591,0.99527,0.994838,0.982691,0.97826,0.973471,0.941703,0.95694,0.944196,1.009589,0.981291,1.028216,1.051108,0.984064,0.965331,0.95452,0.942223,0.939542,0.989906,0.977486,0.983215,0.979142,0.962019,0.987065,0.991991,0.962763,0.971535,0.968547,1.010195,0.961303,0.962448,0.96927,0.996842,0.974212,0.971858,0.946557,0.968377,0.973509,1.015376,0.981357,0.995266,0.932868,0.999468,0.967246,0.983034,1.000312,0.933095,0.951583,0.972413,0.982199,0.960989,1.001995,0.992112,0.9669719999999999,0.956331,1.058185,0.985383,1.026651,1.024706,1.001791,1.010046,0.9432,0.953515,0.974268,0.930766,1.045242,0.949659
1981-01-31,1.002667,0.996925,1.00163,1.039282,0.998467,0.987463,1.004973,0.992112,0.981478,0.986091,0.972365,0.971329,1.040542,0.970304,1.016951,1.009181,0.987949,0.991162,0.974055,0.969671,0.972378,1.029305,0.992862,0.988198,1.068321,1.013218,0.989295,0.968957,1.008242,0.963407,0.933602,1.007801,1.007208,1.003419,0.94251,0.975007,0.986673,0.975681,0.974186,0.992953,1.008095,0.957436,0.996938,0.994568,0.967004,1.023647,1.036792,0.992015,0.9985,0.939327,1.094756,1.037878,1.001157,0.967296,0.969752,0.993704,0.963143,0.978754,0.937602,0.979835,0.995426,0.974283,1.007232,0.975955,0.972057,0.961156,1.031326,0.962451,0.951271,0.930361,1.035893,0.996434,0.987591,0.964351,0.970388,0.979029,0.957381,1.010862,0.927684,0.951522,1.058424,0.963272,0.974604,0.967772,0.978672,0.941593,0.939943,0.967194,0.992737,0.927697,1.032155,0.989255,0.973544,1.057715,0.9276,0.898997,0.951863,0.935481,0.962196,0.919692
1981-02-28,0.980481,1.000813,1.013728,1.009135,1.019919,1.01563,0.987639,0.993247,0.994385,0.9881489999999999,0.955564,1.001495,1.030478,1.002454,1.01017,1.009357,1.003893,1.02308,0.978489,0.986706,0.974753,1.018741,1.015547,1.0760399999999999,0.984263,1.032656,1.012614,1.002758,1.018351,0.984536,1.0907,1.026597,1.029885,1.028715,1.02784,1.012816,1.011819,1.0301420000000001,1.036417,1.006678,1.010736,1.026033,1.001119,1.00143,0.970492,1.04299,1.029872,1.039079,1.004286,1.029369,1.056826,1.029767,0.976122,0.982407,1.016232,1.105382,1.03573,1.063103,1.029422,1.008128,1.014258,1.024045,1.002945,1.003684,1.014496,1.043931,1.028053,1.003421,1.016405,1.023095,1.039172,1.000587,1.050576,1.017411,1.005668,1.045285,1.046118,1.053187,1.028205,0.993416,0.98524,0.997248,1.027173,1.008848,1.027395,1.020901,1.006396,1.019811,1.030229,1.016836,1.013516,1.005694,1.009644,1.0213700000000001,1.024671,1.01807,1.063456,1.036351,1.043949,0.982628
1981-03-31,1.073994,1.090377,1.08609,1.081327,1.073262,1.068417,1.096099,1.089701,1.095815,1.095977,1.058491,1.082819,1.097086,1.077832,1.071303,1.082266,1.088218,1.056427,1.087218,1.0933060000000001,1.057142,1.099145,1.076958,1.046135,1.073481,1.073362,1.091271,1.078236,1.095926,1.098333,1.026428,1.072152,1.064036,1.054552,1.038709,1.081667,1.121516,1.079465,1.089865,1.092078,1.044638,1.044599,1.11848,1.060222,1.055624,1.044946,1.072725,1.12427,1.073058,1.074744,1.042401,1.114722,1.144717,1.13958,1.049963,1.074835,1.078005,1.07084,1.071075,1.111445,1.056105,1.072266,1.087525,1.114405,1.098975,1.043589,1.047719,1.097039,1.069802,1.110128,1.073445,1.117711,1.040993,1.099856,1.078141,1.059711,1.112536,1.075223,1.053999,1.046333,1.078522,1.1263779999999999,1.045811,1.102527,1.095434,1.117679,1.048666,1.049869,1.00077,1.089439,1.14942,1.069064,1.075889,1.025969,0.957247,1.018148,1.021682,1.02853,1.042518,0.978989
1981-04-30,1.027476,1.027259,1.037256,1.04196,1.035249,1.027676,1.027888,1.035363,1.045729,1.064711,1.032726,1.040773,1.058528,1.027016,1.024967,1.049641,1.043341,1.042395,1.036401,1.0598,1.005782,0.986804,1.030595,1.023767,1.015266,1.04411,1.021826,1.055699,1.0652840000000001,0.995538,0.999638,0.964005,1.016699,1.019933,0.973523,1.049064,1.05568,1.053772,1.041881,1.055246,0.998222,0.999925,1.022651,1.014353,1.008042,1.011766,1.007757,1.031205,1.052277,1.062124,0.971951,1.027391,0.998482,1.011084,1.002482,0.927295,1.05308,1.050964,1.025411,1.036747,0.991276,0.982683,0.994984,0.997883,0.980057,0.965022,1.001266,1.026622,1.01737,1.048724,0.98985,0.973456,1.02272,0.99204,0.974524,1.030278,0.977731,0.976465,1.031098,0.985577,0.978953,0.994459,0.985405,0.96085,0.981662,0.984211,1.019873,0.973978,0.960755,0.975704,1.011099,0.991545,0.959546,1.051512,1.010191,0.962283,0.950142,0.954434,0.967845,0.961436
1981-05-31,1.044187,1.068165,1.028857,1.040614,1.041329,1.050083,1.046542,1.042731,1.039091,1.04406,1.017108,0.997315,1.059677,1.065565,1.005351,1.01956,1.023728,1.043415,1.051396,1.067044,1.0301420000000001,1.091827,1.01835,1.038083,0.988821,1.00462,1.025326,1.014635,1.071464,1.06094,1.081401,0.994664,0.997053,1.012245,1.015843,1.046898,1.037307,1.01714,1.037498,1.064638,1.02857,0.985922,0.995448,1.00814,1.011049,1.053286,1.027288,1.06035,1.024743,1.057689,0.981192,1.07773,1.036439,1.038551,1.026314,1.039918,1.019891,1.014434,1.035164,1.033733,0.999334,1.008298,1.03295,0.994753,1.023171,1.053938,1.013427,1.043484,1.035699,1.059949,1.089699,1.012725,0.999374,1.007726,1.012061,1.02239,1.016642,1.038868,1.011807,1.037265,1.025331,1.010022,1.012797,1.001707,1.046191,0.990751,1.014453,0.994656,1.035239,1.038236,1.005053,1.025393,1.019853,1.048725,0.973993,0.98775,0.979312,0.994217,1.031828,0.981947
1981-06-30,0.9472700000000001,0.985851,0.993645,1.01188,1.038808,0.972062,0.98411,0.980257,0.977109,0.990495,0.934015,0.967079,1.028448,0.978652,1.0298,1.00614,1.024341,0.960625,0.959901,0.992457,0.937517,0.99727,0.98344,0.977158,1.002004,1.055566,0.98517,0.984214,0.943922,0.967708,0.958672,1.023732,1.02264,1.006948,0.982434,0.974122,0.956533,0.964112,0.984148,0.920026,0.998864,1.028543,0.983241,0.972957,0.994112,0.997365,1.007907,0.980707,0.991492,0.967863,1.022072,0.984226,1.03646,0.959132,1.013223,0.94095,0.939087,0.997263,0.949862,0.967157,0.984568,1.030283,0.989953,0.966657,0.993606,1.007935,0.989265,0.972414,0.95472,0.939017,0.965975,1.002312,1.025197,0.995413,1.006876,1.000233,0.966211,0.99022,0.984705,1.041111,0.949342,0.998648,1.001352,1.0665580000000001,0.954641,0.966765,0.979488,0.94844,0.986493,0.948515,1.014539,0.983832,1.038137,0.975565,0.977302,1.01557,0.985336,0.998222,0.971786,1.020471
1981-07-31,0.959219,0.985689,0.992532,0.962712,0.972691,0.968772,0.999302,0.966551,0.988567,0.962255,0.955001,0.992067,0.969022,0.953443,0.979516,0.951737,0.964268,0.944942,0.95503,0.979526,1.003137,0.969086,0.984893,0.980679,0.995145,0.983009,0.990042,0.964215,0.962053,0.985886,0.980963,0.996292,0.996707,0.978868,1.004884,0.986286,0.978541,0.967592,0.967899,0.96558,1.009264,0.983014,1.052031,1.023155,0.968299,0.9648,0.968415,0.993909,0.993257,0.930894,0.946193,1.012573,1.001148,0.926562,1.007333,0.963018,0.989133,0.967214,0.992125,0.962173,1.006337,0.985288,0.974318,0.985183,0.942042,1.019383,1.028399,0.962328,0.973248,0.967048,0.986279,0.976279,0.983438,0.986493,0.978433,0.989532,0.948605,1.03733,1.004085,1.014342,1.012784,0.971829,0.973088,0.966612,0.985018,1.003597,0.988256,0.987305,0.989899,1.031631,0.952012,0.988722,0.975192,0.987137,0.995645,1.011036,0.993094,1.03335,1.017599,1.0331380000000001
1981-08-31,0.895859,0.91676,0.938311,0.932407,0.933059,0.913284,0.927534,0.917226,0.905564,0.893464,0.897768,0.9340310000000001,0.936236,0.911044,0.942676,0.953684,0.918357,0.896687,0.887192,0.87538,0.877135,0.923278,0.891714,0.88775,0.952306,0.989415,0.925477,0.930694,0.91089,0.898764,0.891595,0.913281,0.967315,0.941231,0.944327,0.9230659999999999,0.940312,0.926289,0.921863,0.901116,0.9353819999999999,0.924288,0.964043,0.9161630000000001,0.963403,0.964211,0.940299,0.9332739999999999,0.930729,0.93045,0.904586,0.95821,0.937386,0.912032,0.939701,0.919327,0.945274,0.947992,0.918159,0.917092,0.908829,0.950876,0.948284,0.959614,0.931562,0.939079,0.923647,0.946613,0.956106,0.942174,0.945229,0.962223,0.918805,0.942273,0.997009,0.977618,0.965593,0.934071,0.947695,0.94904,0.977105,0.949869,0.923974,0.929133,0.947259,0.958274,0.955129,0.930457,0.933066,0.900135,0.901793,0.941745,0.957957,0.915945,0.970972,0.959838,0.935569,0.933372,0.951922,0.945086
1981-09-30,0.867897,0.9174640000000001,0.89827,0.920376,0.920203,0.917932,0.914032,0.91196,0.893392,0.880487,0.900607,0.908177,0.958249,0.9010279999999999,0.932198,0.9339729999999999,0.924978,0.899686,0.899239,0.900547,0.874248,0.936139,0.910667,0.920777,0.928997,0.933174,0.908787,0.9233210000000001,0.926177,0.896768,0.8739399999999999,0.9853,0.897959,0.947718,0.956703,0.934103,0.9374480000000001,0.924308,0.975152,0.924249,0.862833,0.907756,0.937004,0.969946,0.921367,0.938046,0.9279999999999999,0.92906,0.946849,0.930419,0.941241,0.937052,0.920069,0.957429,0.954812,0.994272,0.953408,0.926716,0.939281,0.931827,0.899601,0.95079,0.922951,0.950268,0.944337,0.917879,0.943414,0.945375,0.930833,0.94047,0.898219,0.955376,0.942047,0.947078,0.915447,0.926673,0.944609,0.919888,0.907485,0.932115,0.939357,0.929969,0.947442,0.958726,0.946815,0.960454,0.928707,0.950042,0.94313,0.913517,0.992324,0.981209,0.970378,0.971904,0.992542,0.92961,0.963177,0.941432,0.940523,0.926198
1981-10-31,1.085768,1.054034,1.060542,1.061291,1.064916,1.081522,1.08634,1.088933,1.097768,1.102409,1.03644,1.084924,1.094749,1.081027,1.0717889999999999,1.067537,1.089198,1.116425,1.108436,1.115213,1.072211,1.105789,1.074844,1.052305,1.071514,1.073872,1.115672,1.084298,1.078931,1.107122,1.106625,1.053754,1.074897,1.059965,1.115642,1.057462,1.039444,1.102623,1.057678,1.124008,1.014157,1.089521,1.0659399999999999,1.063367,1.054904,1.057244,1.08269,1.102626,1.086018,1.104351,1.085463,1.019642,1.040628,1.052941,1.0991900000000001,1.054806,1.074494,1.100404,1.037491,1.106867,1.0285009999999999,1.041461,1.038289,1.1078,1.035989,1.104579,1.05504,1.095786,1.051708,1.098337,1.003904,1.053417,1.061946,1.057809,1.051948,1.037447,1.061395,1.096033,1.087435,1.097768,1.03962,1.079458,1.042857,1.057592,1.033072,1.062196,1.076898,1.062009,1.111631,1.123721,0.955812,0.970847,1.075971,1.064025,1.041776,1.051373,1.067643,1.06501,1.090788,1.034881
1981-11-30,0.976065,0.997796,1.012782,1.027238,1.020161,1.022936,1.026048,1.033078,1.024941,1.019143,1.044115,1.008324,1.053795,1.025798,1.026035,1.036948,1.006612,1.033998,1.02393,0.99968,0.979437,1.018785,1.02138,1.053077,1.067324,1.066087,1.055512,1.023763,1.040091,1.031529,1.014552,1.065155,1.013211,1.073476,1.059238,1.035207,1.05506,1.047302,1.0291109999999999,1.034348,0.963365,1.036931,1.003403,1.055772,1.040208,1.047415,1.012821,1.036005,1.06268,1.002702,1.050953,1.042132,1.030911,1.04643,1.035711,1.006646,1.004199,1.017667,1.002244,1.015405,1.075478,1.042576,1.092421,1.024488,1.055443,1.031584,1.06015,1.040377,1.031238,1.033819,1.074939,1.073985,1.035852,1.052977,1.093025,1.052796,1.048244,1.035496,1.033757,1.019766,1.076196,1.0832060000000001,1.058084,1.029925,1.045254,1.00167,1.047279,0.989526,1.050764,0.996428,1.046242,1.056561,1.066194,1.06511,1.029785,1.046289,1.041641,1.061114,1.020806,1.065231
1981-12-31,0.950728,0.983441,0.986176,0.979493,0.997881,0.97424,0.971809,0.996469,0.996183,0.978108,0.976925,0.975912,0.994045,0.998254,1.000323,0.979442,0.983108,0.97784,1.005587,0.971081,0.944682,1.005714,0.974689,0.980069,1.007173,0.977867,0.96113,0.98356,1.009699,1.009254,0.968007,0.994748,0.968362,1.000152,0.983025,0.973853,0.976969,1.007131,0.968664,0.956795,0.959252,1.013297,0.984359,0.966527,0.979865,0.990987,1.00972,0.973976,0.983813,0.987214,0.937748,0.968834,0.940485,0.995376,0.985878,0.985801,0.972964,0.969911,0.995106,0.990955,0.93274,0.980388,0.975734,0.974603,0.995395,1.018632,0.959447,0.984717,0.992368,0.956419,0.971927,0.957144,0.978469,0.981133,0.985715,0.981553,0.987207,0.946961,0.982576,0.967459,0.972388,0.950338,0.977746,0.985094,1.010391,0.980277,0.989891,0.980271,0.976107,0.970362,0.982596,0.9892,0.944801,0.975621,0.977817,0.973348,0.965055,0.954704,0.959772,0.967865
1982-01-31,0.980498,1.0012,1.007441,0.996768,0.996824,0.997452,0.988296,0.978466,0.984767,0.977279,0.956031,0.981816,0.975236,0.976103,0.988471,0.965126,0.980424,0.945747,0.980376,0.978555,0.981449,0.974626,0.983579,0.981065,1.004467,0.963749,0.956981,0.968958,0.964048,0.951332,0.920028,0.950404,0.984701,0.996418,0.975705,0.945966,0.946374,0.940356,0.955834,0.974142,0.944572,0.9871,0.946413,0.967431,0.97907,0.968322,0.941019,0.942955,0.933823,0.93442,0.956056,0.982413,1.019246,0.953988,0.992931,0.990399,0.948383,0.956595,0.941898,0.967294,0.9372469999999999,0.996874,0.98127,0.966184,0.907465,0.94685,0.90758,0.922954,0.953782,0.976095,0.957086,1.001137,0.956353,0.975493,1.008726,0.955679,0.990887,0.937933,0.96477,0.955226,1.010798,0.98552,0.961925,0.972454,0.938544,1.005407,0.948552,0.965396,0.980334,0.976165,1.06644,0.992939,1.016358,0.998503,0.99573,0.947911,0.992255,0.973877,0.977757,0.997661
1982-02-28,0.939714,0.959659,0.991274,0.973897,0.976724,0.962062,0.970775,0.951158,0.952665,0.93423,0.929118,1.003142,0.978113,0.953233,0.964233,0.977597,0.959048,0.953043,0.948797,0.936208,0.909034,0.953808,0.947336,0.948556,0.974961,0.990083,0.946141,0.97884,0.952468,0.93059,0.983461,0.976681,0.996717,0.972591,0.955034,0.9645900000000001,0.950569,0.949151,0.950947,0.928605,0.927387,1.000617,0.974721,0.949885,0.962359,0.965203,0.985542,0.9248460000000001,0.943782,0.938628,0.975897,0.967344,0.987224,0.99335,0.989121,0.988412,0.967045,0.941893,0.955933,0.945167,0.96996,0.991808,0.99,0.952409,0.959701,0.91933,0.925724,0.952748,0.970684,0.942865,0.98171,1.01537,0.998897,0.967429,0.959601,0.947209,0.976852,0.9234640000000001,0.975389,0.954719,1.008551,0.99576,0.985053,0.994081,0.956917,0.99822,0.937145,0.904166,0.938158,0.883906,0.986454,0.984485,0.960463,0.973814,0.930979,0.939272,0.940023,0.924816,0.954009,0.940594
1982-03-31,0.980195,1.011168,0.994539,0.992273,0.999437,0.995734,0.990737,0.99782,0.980615,0.987281,0.972977,0.985062,0.993694,1.006752,1.000846,0.986293,0.99771,1.022497,0.990749,0.96705,1.036681,0.97759,1.012702,1.002448,0.979423,1.001502,0.948658,0.998354,1.00417,0.977067,0.942275,0.998772,1.0384120000000001,1.000819,1.010325,0.993832,1.012564,0.973574,0.985427,0.981027,1.022862,0.982157,0.998199,0.981635,1.035507,1.003564,1.006495,0.961326,1.006686,1.004886,0.9330579999999999,1.01834,1.003073,1.007342,1.005301,1.012602,0.981039,1.013987,0.992405,0.976309,0.981691,0.985265,1.010732,0.992646,1.007632,0.959507,0.977745,0.98006,0.998227,0.993963,0.985854,1.000746,0.988034,0.994427,0.97323,1.005208,1.013734,0.981047,0.978166,0.980861,1.009455,0.986382,1.001112,0.995872,0.97077,1.010245,0.9879560000000001,1.006627,0.970394,0.971945,1.068873,1.032153,0.996471,1.002761,1.010873,0.980854,0.989448,0.993735,1.019094,0.9634510000000001
1982-04-30,1.028963,1.04335,1.048164,1.043706,1.052651,1.041095,1.082025,1.054834,1.052763,1.063348,1.046062,1.016595,1.041486,1.02068,1.071945,1.051859,1.066816,1.083228,1.097183,1.094683,1.098215,1.051951,1.07531,1.023416,1.037498,1.071262,1.047958,1.053784,1.071372,1.042681,1.061822,1.086133,1.039618,1.057648,1.070205,1.083584,1.013067,1.044851,1.068802,1.088998,1.057724,1.04887,1.044647,1.048003,1.041999,1.037671,1.076182,1.053294,1.076736,1.061606,1.050388,1.049403,1.038692,1.076639,1.059792,1.064233,1.044339,1.052306,1.063497,1.050855,1.05141,1.047124,1.030875,1.0648,1.041026,1.045455,1.06046,1.017555,1.037032,1.048254,0.997784,1.061728,1.042437,1.047448,1.048649,1.069937,1.0642800000000001,1.061207,1.038842,1.081451,1.021623,1.054989,1.059548,1.044075,1.070208,1.056046,1.052468,1.03053,1.065978,1.044308,1.038086,1.020674,1.030731,1.046096,0.99131,1.016565,1.051063,1.034191,1.05152,1.064777
1982-05-31,0.976229,0.999688,0.974782,0.980704,0.98864,0.97124,1.003299,0.984496,1.000286,0.975147,0.989188,0.981393,0.998669,0.969792,1.003621,0.975647,0.990608,0.981182,0.963054,0.985231,0.960022,0.94665,0.952454,0.990091,0.967907,0.983366,0.944478,0.984798,0.959585,0.988461,0.953637,1.003083,0.96951,0.963871,0.959731,0.965006,0.984067,0.963933,0.953167,0.959429,0.966925,0.947329,0.969986,0.979161,0.950911,0.988473,0.97555,0.968096,1.000382,0.959743,0.928542,1.002432,0.964982,0.948308,0.951477,0.990654,0.991939,1.007905,0.945859,0.96207,0.955313,0.968785,0.968584,0.968872,0.951665,0.941266,0.949622,0.983125,0.960848,0.944288,0.987166,0.9651689999999999,0.954874,0.980387,0.954759,0.971703,0.963573,0.968744,0.933358,0.9329810000000001,0.97925,0.945719,0.948078,0.950277,0.952716,0.975799,0.946097,0.961345,0.960302,0.950807,0.970814,0.977483,0.934694,0.952597,0.976541,0.991962,0.960617,0.996911,0.967465,0.995803
1982-06-30,0.951745,0.972568,0.971029,0.96742,1.004019,0.981886,0.9998,0.977965,0.990831,0.954002,0.939513,0.96451,0.986104,0.951744,0.971033,0.994882,0.977108,0.975924,0.971275,0.963659,0.996918,0.957513,0.953474,0.973255,0.981422,0.97992,0.967166,0.971072,0.963425,0.968174,1.025339,0.97754,0.970619,0.992912,0.981553,0.982995,0.971603,0.97852,0.967587,0.988419,0.937302,0.969868,0.963776,0.942774,0.981742,0.991183,0.986104,0.977823,0.978466,0.988906,0.888712,0.984182,0.974111,0.984221,0.978833,1.002273,0.982925,0.97298,0.984893,1.001618,0.980405,0.968761,0.970987,0.956474,0.982011,1.002169,0.957043,0.982124,0.984804,0.980488,1.050206,1.005896,0.957173,0.952667,1.009291,0.971391,0.9872609999999999,0.985182,0.984652,0.976037,0.981399,0.962143,0.97723,0.985939,0.965473,1.002852,0.977771,0.945407,0.948624,0.994722,1.020967,1.001488,0.996973,0.981877,0.964409,0.969166,0.987645,1.006398,0.980817,0.972916
1982-07-31,0.961274,1.010696,0.986715,0.990243,0.983001,0.994842,0.97452,1.009543,0.962661,0.983784,0.966125,0.986358,0.997267,0.972132,0.963365,0.968185,1.000531,0.9866779999999999,0.967471,0.991943,0.96766,0.93547,0.991807,0.981267,0.995642,0.982644,0.980083,0.982163,0.985486,0.979729,0.991201,0.970052,0.975025,0.979177,0.984681,1.006319,0.992071,1.016416,1.042878,0.980945,0.973601,0.990664,1.007573,0.975078,0.973612,0.984166,1.0012,0.990956,1.00548,0.96733,0.945843,0.991229,0.954197,0.973307,1.00292,1.017447,0.950918,0.989302,0.963301,0.981801,1.022765,0.944533,0.965687,0.999111,1.023935,0.987203,0.941965,0.974447,0.979364,1.002018,0.957555,0.975256,0.970384,0.976296,0.938383,0.981226,0.92233,1.006869,0.972275,0.947659,0.996869,0.964271,0.958985,0.968099,0.963992,0.936476,0.972549,0.953115,0.951756,1.024282,0.974827,0.967371,0.988976,0.988616,0.988857,0.953342,0.996838,0.954507,0.967401,1.01194
1982-08-31,1.040594,1.017266,1.046222,1.036427,1.047629,1.060556,1.060883,1.055789,1.054608,1.032813,1.065476,1.081016,1.092144,1.067795,1.087953,1.080789,1.052,1.049874,1.094705,1.052571,1.074489,1.07374,1.026176,1.071852,1.06954,1.107943,1.05782,1.090589,1.054543,1.097252,1.091941,1.128088,1.114182,1.091459,1.017307,1.094294,1.110276,1.091871,1.100584,1.06953,1.142533,1.05952,1.153388,1.119672,1.123374,1.116445,1.070735,1.114832,1.101919,1.122832,1.130588,1.092627,1.113023,1.10848,1.095023,1.129423,1.151352,1.089105,1.078065,1.098534,1.174653,1.115134,1.110163,1.107758,1.11349,1.144304,1.1380620000000001,1.074041,1.09331,1.112769,1.133543,1.176335,1.145405,1.121898,1.147307,1.116273,1.139225,1.138434,1.081644,1.104438,1.149369,1.137933,1.216016,1.125665,1.132055,1.111859,1.098532,1.138157,1.087094,1.086332,1.209357,1.141887,1.1610719999999999,1.184157,1.120114,1.117982,1.120051,1.131865,1.105345,1.098784
1982-09-30,1.017299,1.023692,1.049256,1.040632,1.063579,1.03654,1.024844,1.052412,1.037652,1.004374,1.041194,1.005219,1.02097,1.035812,1.03318,1.052139,1.055044,1.052927,1.056592,1.040545,1.027584,1.001694,1.033179,1.054646,1.022472,1.049677,1.062744,1.062111,1.035993,1.013928,1.024765,1.041137,1.021437,1.004172,1.029058,1.042127,1.046118,1.042603,1.073054,1.039175,1.00359,1.030493,1.034223,1.039438,1.048743,1.071202,1.071341,1.0492,1.060119,1.043593,0.990144,1.009626,1.000469,1.05975,1.002266,1.046053,1.021302,1.040105,1.03993,1.074676,1.047192,1.037811,1.040429,1.067596,1.007127,1.052472,0.994834,1.043891,0.988661,1.024579,1.053056,0.979177,1.057655,1.034367,1.015953,1.06776,1.003788,1.053673,1.033424,1.038934,1.001589,1.005003,1.017439,1.002356,1.011895,1.021194,1.027509,1.025726,1.039084,1.010159,0.969477,0.982513,0.998203,0.986265,1.008104,0.999011,1.007846,1.0216210000000001,1.020199,1.031056
1982-10-31,1.113218,1.119939,1.123462,1.104792,1.116049,1.125068,1.1473119999999999,1.165014,1.178992,1.195709,1.150314,1.1608640000000001,1.128181,1.117306,1.1459570000000001,1.145194,1.110691,1.116919,1.211413,1.211622,1.172397,1.179641,1.108752,1.148853,1.129033,1.134287,1.141654,1.099913,1.145048,1.194379,1.170519,1.15992,1.098894,1.104361,1.095932,1.13625,1.136401,1.1591960000000001,1.120705,1.120086,1.2057280000000001,1.107342,1.153316,1.129406,1.122309,1.104957,1.127093,1.131295,1.1531609999999999,1.155254,1.124187,1.128195,1.123221,1.106063,1.217237,1.156608,1.108272,1.157421,1.093738,1.160251,1.2105299999999999,1.139284,1.090392,1.2216879999999999,1.123426,1.150368,1.153424,1.149497,1.16316,1.175521,1.116233,1.184782,1.088924,1.112274,1.127984,1.120596,1.102645,1.14058,1.154086,1.144059,1.112508,1.089409,1.10911,1.135003,1.105606,1.100851,1.092402,1.15448,1.131837,1.148253,1.270083,1.091627,1.111109,1.13135,1.064276,1.114012,1.128348,1.058856,1.118588,1.109043
1982-11-30,1.113476,1.144469,1.128144,1.113228,1.115075,1.103601,1.119338,1.117677,1.104814,1.129756,1.04298,1.089297,1.089787,1.114715,1.045465,1.078398,1.066827,1.058552,1.093676,1.091017,1.156868,1.053609,1.044045,1.069735,1.0794,1.081067,1.103666,1.068344,1.067058,1.106146,1.149824,1.145909,1.073732,1.034252,1.070154,1.087855,1.088216,1.078724,1.10399,1.075102,1.1373820000000001,1.056955,1.093242,1.05047,1.103316,1.082755,1.06704,1.04878,1.097463,1.114428,1.040187,1.076866,1.057225,1.115906,1.088673,1.084705,1.100981,1.056712,1.021314,1.127594,1.076645,1.043846,1.091836,1.06599,1.036097,1.101138,1.105109,1.082177,1.085703,1.072943,1.095244,1.072101,1.053734,1.021074,1.030013,1.021883,1.082035,1.078548,1.064764,1.037883,1.005815,1.047262,1.043172,1.014247,1.056975,1.036473,1.027815,1.121994,1.039631,1.084596,1.093068,1.038604,1.053222,1.059207,1.034488,1.012726,1.045149,0.993473,1.021556,1.066332
1982-12-31,1.016368,0.9947550000000001,1.020887,1.025443,1.045784,1.035749,1.042328,1.032148,1.0098,1.030076,1.020789,1.073703,0.994466,1.012352,1.02725,1.031906,1.007946,1.016145,1.017097,1.005508,1.012121,1.004448,1.032427,1.003056,1.008662,1.016812,1.00953,1.031032,1.036873,0.997392,1.000603,0.988444,1.022262,1.025642,0.995048,1.013683,0.978432,0.980055,1.010295,1.009764,1.003229,1.000141,1.009132,0.998215,0.998432,0.979253,0.996787,0.991124,1.034298,1.008527,1.006127,1.012821,1.025888,1.002544,1.00696,0.982548,1.005734,1.018837,0.992973,1.011829,1.071561,1.006919,0.999265,0.996535,1.001601,1.005257,0.986991,0.993381,0.999143,1.01483,1.049212,1.037681,1.029663,1.022584,1.038602,0.997247,1.020307,0.986622,0.978722,1.0119,1.072041,1.01974,1.020954,1.001815,1.018378,1.038331,1.014825,0.95952,1.015233,0.997066,1.010482,0.998021,1.015488,0.999582,0.994034,0.987886,1.013932,1.012785,1.016091,1.060798
1983-01-31,1.14946,1.119367,1.084277,1.0893410000000001,1.092679,1.104554,1.13118,1.099282,1.108046,1.128503,1.078464,1.045071,1.151681,1.0671059999999999,1.097377,1.061776,1.101687,1.059316,1.067907,1.092416,1.09834,1.090038,1.078661,1.052811,1.048392,1.055215,1.059785,1.019156,1.100448,1.054569,1.083506,1.070253,1.058653,1.081544,1.096212,1.037924,1.06285,1.048329,1.077239,1.068026,1.055528,1.046987,1.100528,1.071842,1.093268,1.057642,1.038713,1.03062,1.012971,1.062829,1.078342,1.054811,1.063255,1.008051,1.032061,1.020207,1.085174,1.007894,1.048198,1.022043,1.005003,1.007918,1.007437,1.0178,1.057675,1.009765,1.086274,1.029318,1.032827,1.019019,1.036871,1.022684,1.008564,1.026903,1.026015,1.066759,1.030219,1.052164,1.10048,1.021669,1.055453,1.0642719999999999,1.036058,1.04253,1.044415,0.988138,1.000082,1.02237,0.984974,1.029476,0.969875,1.032326,1.027552,1.052999,1.103418,1.020488,1.030956,1.027979,1.021438,1.027615
1983-02-28,1.050582,1.061494,1.057644,1.08747,1.051788,1.06535,1.063382,1.078221,1.043772,1.041509,1.051979,1.069962,1.018795,1.06603,1.05861,1.070135,1.068395,1.044397,1.071588,1.056202,1.05442,1.054609,1.058038,1.054474,1.073879,1.044337,1.079482,1.049447,1.078972,1.062129,1.056177,1.0724879999999999,1.053272,1.039619,1.054698,1.010854,1.05371,1.087302,1.056665,1.037523,1.050278,1.027509,1.040163,1.04657,1.035189,1.046389,1.070518,1.028603,1.089283,1.072949,1.058471,1.025844,1.019291,1.017028,1.070166,1.079677,1.025154,1.043318,1.068566,1.034326,0.987044,1.050562,1.029332,1.062323,1.061675,1.059902,1.048213,1.066789,1.029376,1.08589,1.036949,1.008173,1.052011,1.036828,1.021184,1.03596,1.055636,1.015624,1.008326,1.03294,0.998794,1.054139,0.992401,1.019225,1.043433,1.043266,1.02406,1.059134,1.001243,1.039005,1.056434,1.065561,1.069924,1.021456,1.00905,1.02349,1.011254,1.018224,1.03288,1.021685
1983-03-31,1.044909,1.063597,1.060189,1.081948,1.062869,1.051671,1.077143,1.055873,1.034102,1.01178,1.029611,1.077416,1.026662,1.043108,1.053517,1.046042,1.05339,1.089384,1.051106,1.003658,1.010358,1.03773,1.02363,1.052967,1.042912,1.082661,1.059367,1.041692,1.044237,1.058987,1.048636,1.034016,1.014686,1.031287,1.028537,1.065791,1.01601,1.03808,1.04927,1.056209,1.072662,1.044463,1.033582,1.079201,1.042998,1.043227,1.033204,1.021151,1.072891,1.033754,1.062553,1.089298,1.053311,1.066937,1.044812,1.016711,1.007812,1.054152,1.021499,1.034193,1.060038,1.075902,1.029683,1.029906,1.055854,1.025875,1.001106,1.022408,1.022756,1.052378,1.028937,1.036671,1.053864,1.04564,1.043293,1.026335,1.079051,1.015048,1.006592,1.000819,1.094125,0.988705,1.026652,1.052663,1.03441,1.007659,1.063003,1.047682,1.05516,1.062903,1.111801,1.024315,1.028697,1.009553,1.017026,1.05817,1.018956,1.020073,1.058892,1.033407
1983-04-30,1.078821,1.070324,1.088132,1.075031,1.099642,1.073792,1.090707,1.052269,1.091228,1.071139,1.097565,1.07911,1.104889,1.052375,1.084601,1.075572,1.075894,1.072234,1.093576,1.064062,1.034872,1.073804,1.073739,1.08492,1.062326,1.080132,1.09002,1.092689,1.073469,1.0986,1.098383,1.115749,1.033279,1.053368,1.037463,1.0697969999999999,1.102941,1.081254,1.095661,1.10296,1.126909,1.067948,1.052352,0.993071,1.066239,1.080486,1.079325,1.079581,1.048582,1.088031,1.046252,1.065716,1.131375,1.0333,1.088022,1.049827,1.079628,1.062123,1.061875,1.05693,1.077669,1.075508,1.055552,1.031311,1.026283,1.066742,1.09551,1.041938,1.071426,1.095831,1.068258,1.053552,1.052261,1.06865,1.06981,1.084035,1.012226,1.007886,1.109817,1.071729,1.055927,1.069952,1.074389,1.073095,1.04246,1.068486,1.04149,1.093285,1.051832,1.092578,1.2115339999999999,1.048059,1.060236,1.076644,1.064606,1.110184,1.066089,1.070068,1.048744,1.092688
1983-05-31,1.126013,1.134592,1.109844,1.105043,1.10586,1.099749,1.105847,1.071742,1.108945,1.101884,1.091668,1.093223,1.080538,1.112569,1.083447,1.082315,1.069812,1.075996,1.084948,1.106881,1.087961,1.093275,1.065645,1.047355,1.091157,1.058284,1.024552,1.033462,1.060677,1.036274,1.076474,1.079663,1.049283,1.09921,1.047107,1.022978,1.006392,1.045808,1.060325,1.041906,1.027563,1.068184,1.085285,1.011875,1.058382,1.029478,1.016964,1.038497,1.034696,1.048491,1.012812,1.022772,1.035661,1.023165,0.98243,1.086797,1.040399,1.024497,1.070826,1.027162,1.012738,1.041293,1.058183,1.011085,1.0501,1.033628,1.064104,1.027636,1.068135,1.01966,1.0320529999999999,1.016534,1.003321,1.018859,1.031847,1.034878,1.028623,1.044857,1.062605,1.059652,1.022352,1.025608,1.019845,1.018428,1.030417,1.035629,1.001587,1.003658,1.009389,1.049657,0.926455,1.0134,1.011962,0.979359,0.963788,1.002468,0.956546,0.985296,1.002768,0.975166
1983-06-30,1.053679,1.048693,1.040537,1.054272,1.083812,1.030849,1.082756,1.044719,1.061311,1.052326,1.039414,1.043802,1.056457,1.03116,1.03577,1.026331,1.046264,1.014676,1.016868,1.028351,1.071521,1.036823,1.049721,1.021116,1.069449,1.048695,1.045169,1.027176,1.036688,1.083493,1.036362,1.061767,1.024308,1.021382,0.981005,1.042083,1.036402,1.068965,1.058448,1.058642,1.01468,1.040499,1.060852,1.073378,1.026006,1.031413,1.099592,1.040482,1.037872,1.057514,1.078778,1.020513,0.994559,1.010854,1.0586,1.037436,1.084722,1.038997,1.016422,1.034509,0.959296,1.012576,0.985125,1.040177,1.025537,1.050616,1.080979,1.078127,1.100265,1.056273,0.963994,1.024506,0.991221,0.995058,1.05062,1.043549,0.999087,1.052743,0.984751,1.072146,0.982828,1.006076,1.000736,1.0274,1.012121,1.065413,1.05058,1.072875,1.036194,1.044866,1.109535,0.991726,0.983871,1.048409,1.022721,1.019174,1.050952,1.068259,1.033595,1.048137
1983-07-31,0.954911,0.970292,0.990118,0.976697,0.990286,0.979723,0.977629,0.965343,0.971174,0.96164,0.965894,0.987591,0.965744,0.973681,1.014728,0.978188,0.978703,0.975423,0.976455,0.990691,0.921006,0.953891,0.993084,0.990474,1.013098,1.007164,0.9691,0.97556,1.016046,0.9616169999999999,0.94577,0.8912180000000001,1.006717,0.94025,0.9582,0.962744,0.98395,0.98104,0.972996,0.955438,0.930239,0.953244,0.987273,0.975684,1.007721,0.979651,1.011883,0.972615,0.989537,0.975772,0.906664,0.976176,0.987294,1.018324,0.975071,0.988617,1.006487,0.94121,0.970114,0.946117,0.965991,0.957259,0.983795,0.947836,0.964681,0.959306,0.979256,0.965362,0.973103,0.966281,0.970126,0.969258,0.993551,0.989542,0.988967,0.974713,0.965065,0.949981,0.955785,0.936232,0.99092,0.990014,0.914075,0.968828,0.984339,0.946863,0.96892,1.006648,0.934897,0.998203,0.966195,0.95953,1.001864,0.978183,0.962516,0.987322,0.948023,0.95477,0.955725,0.959712
1983-08-31,0.920965,0.946658,0.969759,0.97876,0.9635050000000001,0.952639,0.973844,0.965269,0.97823,0.95835,0.97709,0.966827,0.953574,0.998552,0.964248,0.976948,0.981036,0.986017,0.963711,0.977558,0.923738,0.96871,0.97571,0.950031,0.965841,0.991063,0.993795,0.98531,0.953269,0.941621,0.939744,0.953666,0.975005,1.010432,0.964664,0.941839,1.006742,0.993423,0.950225,0.974112,0.970612,0.975521,1.001867,0.944674,0.966561,0.983721,0.987935,0.979114,0.969884,0.961418,1.03194,0.985667,0.976066,0.974234,0.994815,0.989061,0.966506,0.983735,0.961003,0.945245,1.023601,0.98018,1.006054,1.009641,0.985743,1.017935,0.979691,0.980825,0.966555,0.98073,1.051861,1.004708,1.010709,1.018157,1.031197,0.988541,1.015044,0.969471,1.024906,0.99348,1.016451,0.996145,0.989748,1.013562,1.010384,1.003728,0.982623,0.995655,0.995678,0.983636,0.97308,1.055531,0.988882,1.051307,1.043292,1.021125,1.02245,1.022361,1.029893,0.999997
1983-09-30,0.956255,1.008058,0.985523,1.022458,0.99818,1.010423,1.004015,0.991303,0.994066,0.983422,0.966998,0.977416,1.00378,1.003818,1.032301,1.008125,1.029695,1.032041,1.041943,1.009755,0.956931,1.001256,1.02066,1.023911,1.033674,1.048626,1.043192,1.068413,1.034966,1.020732,1.001749,1.009688,1.033148,1.048254,1.033451,1.031679,1.041806,1.038206,1.059008,1.000266,0.986921,0.974581,1.065194,1.084448,1.082016,1.042083,1.040359,1.015095,1.013161,1.005599,0.992268,1.04361,1.059009,1.035934,1.035968,1.049952,1.039402,1.032401,1.037021,1.042034,0.988716,1.046985,1.077964,1.036314,1.029139,1.056017,1.043086,1.012355,1.042662,1.025625,0.980725,1.007092,1.039251,1.041173,1.028539,0.994942,1.030934,1.030385,0.992827,1.006733,0.992669,1.027275,1.001854,1.049905,1.016029,1.003941,1.043516,1.032031,1.022955,1.022508,1.074335,1.016391,1.014694,0.993907,1.017422,0.997399,1.003316,1.00805,1.008126,1.021298
1983-10-31,0.91342,0.944257,0.92866,0.949097,0.9543740000000001,0.970884,0.950313,0.929873,0.931753,0.924574,0.915071,0.913421,0.946044,0.966007,0.945505,0.966484,0.950879,0.928168,0.899742,0.931224,0.901753,0.93272,0.956845,0.949687,0.907857,0.966011,0.965706,0.948395,0.992098,0.904374,0.91283,0.89886,0.970877,0.945924,0.970941,0.946271,0.976892,0.934647,0.939094,0.89789,0.91969,0.958186,1.015929,0.963798,0.94257,0.96068,0.961245,0.946089,0.944477,0.926411,0.981934,0.954447,0.937392,0.992423,0.968058,0.961322,0.973013,0.938075,0.955063,0.918698,0.947791,0.992177,0.968788,0.937859,0.950723,0.968926,1.009005,0.987764,0.947096,0.924637,0.946436,0.995218,1.020051,1.007646,0.982314,0.959439,0.981578,0.957579,0.937989,0.916316,0.956893,0.998384,1.023956,1.022025,0.96961,0.925612,0.975223,0.978463,0.974804,0.936117,0.9086339999999999,0.986962,1.008104,0.98926,0.97161,1.016217,0.979295,0.980865,1.015854,0.989877
1983-11-30,1.007612,1.023652,1.038221,1.029996,1.04232,1.038105,1.05261,1.067326,1.044034,1.031655,1.025884,1.0533,0.970253,1.078735,1.031762,1.062582,1.058265,1.043985,1.055858,1.042917,0.998236,1.055235,1.028137,1.037498,1.065742,1.055873,1.04712,1.039128,1.03638,1.052158,1.022279,1.103271,1.090966,1.051859,1.061669,1.055257,1.022884,1.058699,1.063387,1.069641,1.056932,1.05674,1.044245,1.053693,1.027768,1.060528,1.05427,1.075188,1.034224,1.0183,1.085336,1.043744,1.08844,1.044128,1.066724,1.072036,1.040113,1.0485,1.050215,1.031852,1.116026,1.068477,1.046279,1.050717,1.045926,1.021969,1.024595,1.055503,1.011199,1.040066,1.123886,1.049633,1.033734,1.032807,1.049531,1.052833,1.038273,1.0222,1.072113,1.038348,1.051893,1.00591,1.019181,1.012055,1.014362,1.031261,1.017732,1.025158,1.018695,1.058176,1.120866,1.057767,1.022099,1.003151,1.006095,1.012857,1.028659,1.046105,1.012404,0.986076
1983-12-31,0.953059,0.985956,0.986027,0.993227,0.993423,0.974769,0.974813,0.976298,0.989075,0.959587,0.978695,0.982144,1.013944,0.988132,0.991911,0.996244,1.01413,0.987895,0.9660610000000001,0.970306,0.999112,0.992066,0.994787,0.971571,0.998867,0.977652,0.995354,0.998798,1.008588,0.992945,0.965647,0.959087,1.001285,0.975603,1.002733,0.987005,0.967865,0.991424,1.001477,0.974301,0.980871,0.983626,0.999341,0.97031,1.007733,0.963388,0.995875,0.982584,0.992498,0.970177,0.998677,0.997655,0.980979,0.997831,0.998372,0.979302,1.006695,0.993852,0.9628140000000001,0.94529,0.973641,0.989704,0.989401,0.968274,0.965226,1.014173,0.966265,0.996215,0.977704,0.976283,0.992852,0.979311,0.958568,0.984719,0.995673,0.977475,0.969574,0.998844,0.983716,0.978722,0.957831,0.955035,0.965608,0.994134,0.977044,0.989856,0.972579,0.987963,0.981258,1.001524,1.029308,0.964348,0.980159,0.979847,0.997536,0.992623,0.98005,1.013232,1.00126,1.024831
1984-01-31,1.020621,1.01489,0.991878,1.009789,1.013728,1.006472,0.990966,0.99786,0.998301,0.999621,0.983891,0.979767,0.98747,0.986594,0.987696,0.981352,1.023038,0.986894,0.999177,0.979887,1.038354,0.964815,0.996285,0.988186,0.957532,1.002211,1.002268,0.973613,0.984282,0.950124,0.997216,1.009664,0.995144,0.959549,0.982389,0.979065,1.008384,1.003702,0.990879,0.949505,0.997651,0.993628,0.970883,0.953696,0.961496,0.952723,0.986371,0.9661109999999999,0.944987,0.998693,0.969593,0.96275,0.959731,0.984554,0.935787,0.968082,0.936635,0.948875,0.966297,0.961528,0.968745,0.969934,0.979505,0.978967,0.94989,0.95643,0.99665,0.963817,0.958805,0.944419,0.982557,1.001126,0.993947,0.948041,0.988429,0.972622,0.961155,0.954096,0.952892,0.941412,0.989379,0.999974,0.964108,0.978684,0.976108,0.990835,0.998102,0.987348,1.001821,0.986274,1.003015,0.947702,0.965342,1.032967,1.045329,1.01017,1.02973,0.981613,0.987107,0.968381
1984-02-29,0.927298,0.950044,0.947458,0.943009,0.958152,0.943114,0.93968,0.930632,0.926865,0.924581,0.938725,0.953975,0.950451,0.954365,0.943789,0.946287,0.952689,0.92944,0.93296,0.935336,0.920714,0.976681,0.964371,0.949454,0.94517,0.961721,0.952062,0.961054,0.948157,0.926894,0.916902,0.976773,0.938841,0.970453,0.94514,0.920968,0.975441,0.976256,0.941149,0.93615,0.917345,0.938229,0.939998,1.013241,0.9311240000000001,0.943983,0.959919,0.944465,0.960093,0.932318,0.857022,0.955653,0.936026,0.9569259999999999,0.926691,0.937822,0.931206,0.967303,0.94391,0.926459,0.898289,0.963303,0.93402,0.935694,0.949183,0.955438,0.953586,0.970742,0.942673,0.916911,0.968146,0.981481,0.941222,0.944733,0.971254,0.908551,0.949068,0.994808,0.933775,0.976446,0.991894,0.9336949999999999,0.934391,0.948571,0.9360459999999999,0.929393,0.954895,0.95221,0.948404,0.963385,0.928627,0.953176,0.93948,1.007579,0.977102,0.960754,1.00124,0.961502,0.983669,0.968666
1984-03-31,0.993899,1.010308,1.009217,1.020344,1.021557,1.003286,0.998632,1.010084,1.006984,0.995892,1.001808,1.018223,0.978813,0.997961,1.033542,1.002197,1.013372,1.002658,1.02788,1.016634,1.023772,1.003793,1.041223,0.998479,1.027102,1.008366,1.026052,0.999698,1.022074,0.980657,1.012334,1.024468,0.987608,1.00858,1.023603,1.002875,1.003918,1.017629,1.010794,0.984822,1.021772,1.023768,1.022277,1.009894,1.014828,0.994157,1.007051,1.001386,1.013659,1.051798,1.023251,0.993872,1.034209,1.012165,1.008187,1.027808,1.011083,0.999162,1.007166,1.010477,1.054971,1.02145,1.026064,1.039607,1.016159,1.015077,1.000942,1.025008,0.998438,1.038319,1.033046,1.054812,1.013703,1.020725,1.032413,1.028777,0.981895,0.999263,1.018451,0.999518,1.00348,1.0087139999999999,1.058902,1.036369,1.054467,1.02593,1.017419,1.005935,1.008726,1.024133,1.083172,1.060549,1.021145,0.986093,0.967566,1.016341,1.016973,1.003467,1.009389,1.024357
1984-04-30,0.956043,0.982218,0.979558,0.971515,0.98709,0.982465,0.977871,0.979067,0.977385,0.964141,0.95579,1.003228,0.990135,1.000769,0.99826,0.992673,1.001819,0.997687,0.995257,1.005891,0.945691,1.016855,0.97305,0.989658,1.031347,1.015203,1.006732,0.982735,1.00536,0.996138,0.953348,0.9775,1.037652,0.990174,0.981892,0.998625,0.99778,1.020485,1.01467,1.00435,0.976244,0.980774,0.979686,0.988489,1.012138,0.994853,1.01872,1.010818,1.007862,1.025323,0.96003,0.972721,0.965201,1.018179,1.015483,1.015428,0.987058,1.029345,1.006635,0.97417,0.920939,0.968674,1.002192,1.031859,0.966365,1.023409,0.999281,0.987472,1.029043,1.011827,0.925927,0.933877,0.975126,0.977529,0.981384,0.996238,0.9974,0.99509,0.996184,0.97943,0.948231,0.966045,0.947329,1.004692,0.997944,1.016259,0.999527,0.999401,1.016758,0.972959,0.936576,0.973443,0.987714,1.02066,1.029499,1.050296,1.026104,0.999009,1.023336,1.021269
1984-05-31,0.924566,0.961261,0.945472,0.983151,0.957107,0.963741,0.954508,0.980185,0.955567,0.945886,0.932118,0.950697,0.95463,0.956161,0.947473,0.95639,0.958978,0.9725,0.96386,0.965761,0.925007,0.947331,0.937381,0.939641,0.964693,0.968084,0.965793,0.955528,0.973761,0.958295,0.9160969999999999,0.943479,0.962725,0.94654,0.956367,0.950841,0.952,0.9392,0.952309,0.940909,0.89622,0.9148080000000001,0.945133,0.971626,0.943393,0.963962,0.923863,0.932071,0.959504,0.932908,0.872702,0.901115,0.943494,0.9634199999999999,0.9632000000000001,0.955297,0.957312,0.966196,0.959969,0.946904,0.838049,0.92333,0.951357,0.940638,0.966235,0.950652,0.9631,0.982625,0.958165,0.968228,0.893285,0.957974,0.913185,0.953028,0.9320809999999999,0.95847,0.964015,0.94192,0.9183749999999999,0.9669719999999999,0.901305,0.977337,0.939598,0.959932,0.952576,0.921817,0.946431,0.954902,0.985046,0.923059,0.887528,0.905482,0.935648,0.97397,0.931807,0.94347,0.961488,0.981186,0.950927,0.948877
1984-06-30,1.003689,1.003967,1.022533,1.021662,1.003737,1.020029,1.021426,1.030095,1.0087,1.004245,1.014241,1.024837,0.990527,1.023102,1.015007,1.028597,1.03959,1.040946,1.039113,1.063904,1.008416,1.017625,1.030264,1.006029,1.026268,1.012042,1.038302,1.039374,1.02144,1.019969,0.998908,0.993603,1.031904,1.026416,1.018004,1.035954,1.06399,1.043216,1.037312,1.067867,1.004778,1.040145,1.020509,1.019011,1.030741,1.039446,1.042944,1.053094,1.052465,1.03864,0.993622,1.034951,1.002516,1.016355,0.990673,1.033123,1.039576,1.037882,1.083162,1.040965,1.013739,1.026484,1.068587,0.99906,1.054384,1.012962,1.033475,1.048229,1.045893,1.049136,0.965818,1.025834,1.032569,1.043376,1.030862,1.04526,1.022548,1.015044,1.042121,1.066412,0.984098,0.96091,1.020687,1.0649980000000001,1.009765,0.996365,1.061342,1.064826,1.062663,1.039662,0.924345,0.979577,0.99298,1.013443,1.080446,1.030974,1.009526,1.046946,1.02189,1.00802
1984-07-31,0.9135489999999999,0.940959,0.965181,0.987141,0.961257,0.93455,0.9512,0.961128,0.973277,0.942479,0.935546,0.897514,0.967675,0.953657,0.95621,0.998595,0.958555,1.001512,0.95755,0.970618,0.904067,0.91331,0.939195,0.943725,0.9274789999999999,0.999964,1.009154,0.990704,0.942875,0.959053,0.909116,0.957516,0.933346,0.936738,0.979202,0.986119,0.968489,0.984344,0.969303,0.97448,0.904353,0.96306,0.989466,0.942551,0.950076,0.985035,0.960577,0.975986,0.996315,0.968356,0.933517,0.952706,0.940531,1.033093,0.959913,0.963723,0.950971,0.997344,1.005427,0.9846,0.947765,0.912505,0.957485,0.946893,0.969271,0.9792,0.973,0.954897,0.963179,0.982077,0.794906,0.9265140000000001,0.97177,0.950125,0.964648,0.971924,0.994953,0.991862,0.981839,1.01052,0.9087069999999999,0.990139,1.004992,0.994651,0.978737,0.961983,0.997046,0.976944,1.00668,0.977591,0.922843,0.996162,0.974358,1.00117,0.997803,0.958341,0.978305,0.970516,0.982714,1.023973
1984-08-31,1.074819,1.068096,1.08336,1.086111,1.085286,1.10885,1.097319,1.087558,1.084409,1.119207,1.114523,1.115027,1.100914,1.14265,1.125745,1.103118,1.1227260000000001,1.107183,1.117889,1.120077,1.146289,1.181128,1.131399,1.134687,1.12562,1.112509,1.076992,1.108923,1.125109,1.13922,1.158248,1.105807,1.170338,1.12696,1.10708,1.111717,1.097769,1.090898,1.088153,1.135178,1.16486,1.114816,1.116433,1.130175,1.157075,1.090219,1.119558,1.107272,1.135207,1.135684,1.196246,1.138674,1.128428,1.100555,1.121282,1.110306,1.121463,1.123589,1.137684,1.148554,1.096044,1.143063,1.111903,1.133377,1.119155,1.112057,1.118836,1.105786,1.108725,1.087568,1.178699,1.142302,1.121615,1.1239460000000001,1.158662,1.125687,1.111219,1.113067,1.125188,1.107133,1.1473550000000001,1.130669,1.087337,1.098042,1.113791,1.123025,1.096051,1.107283,1.114172,1.126445,1.1721,1.144533,1.127142,1.120316,1.096086,1.082912,1.111102,1.113031,1.102412,1.112051
1984-09-30,0.977743,0.999348,1.009694,0.98949,1.006994,1.007599,0.988715,1.001733,1.002473,0.979765,0.976676,0.974359,1.015605,0.989932,0.996422,0.998402,0.991203,1.004855,0.979522,0.99962,0.982375,0.970173,0.976367,0.983918,0.988373,1.00491,0.997989,0.985217,1.017559,0.992052,0.9736,0.965123,0.96776,1.017601,1.025449,0.986752,1.011375,1.000363,0.998156,0.969025,0.953587,0.992137,1.025106,0.999888,1.004046,1.021076,0.991905,1.0224820000000001,1.014891,1.017167,0.990935,0.982105,1.006748,0.97897,0.992605,0.981551,1.018217,1.024474,1.004936,0.990718,1.006227,0.994799,0.955213,1.016673,1.004921,0.990054,0.977296,0.986538,1.00245,1.0178180000000001,0.952597,1.042544,0.98549,1.028393,0.981313,1.02211,0.994966,1.028708,0.994188,1.044981,1.002355,1.006031,1.0256,1.002718,1.016528,0.984992,1.003518,1.038387,0.979755,1.006919,0.881555,0.965361,0.992815,0.983201,1.02493,1.007323,0.983234,1.010999,0.985923,1.00185
1984-10-31,0.952311,0.972164,0.979864,0.959905,1.000177,0.998712,0.975332,0.981256,0.974261,0.980473,0.955296,0.953658,0.975377,0.977268,0.948286,0.995855,0.988996,1.018633,0.979176,0.976259,0.991761,0.983574,0.978919,0.982346,0.986298,0.97925,1.007172,0.996836,0.99286,0.984656,0.945636,1.025775,0.976205,0.983897,1.016396,0.993621,0.94408,1.013441,0.994057,1.000521,0.968872,0.969729,1.046827,1.006837,1.003093,1.017212,1.013448,1.014709,1.015359,0.996468,0.955133,0.950881,0.997096,0.998547,0.997693,0.975209,1.009226,1.007324,1.004556,0.990526,0.975802,0.96139,1.004496,0.982005,0.998811,0.995903,0.990304,0.992384,0.992524,1.010001,0.869402,0.979956,1.048691,1.023878,1.007974,1.005691,1.036686,0.994177,1.019251,0.993382,1.008369,1.037272,1.014482,1.025252,1.014942,1.004962,0.998261,1.009536,1.005249,0.999619,0.947316,1.007817,1.028702,0.977957,0.975026,0.977067,1.010005,1.012623,1.007077,1.013147
1984-11-30,0.925446,0.962805,0.965384,0.984161,0.974563,0.964807,0.957298,0.973423,0.971464,0.95289,0.94878,0.952533,1.005163,0.961736,0.965649,1.001671,0.975919,0.982484,0.975862,1.001857,0.92483,0.966364,0.968783,0.958471,0.967558,0.991872,1.006611,0.9898,0.975288,0.972993,0.94256,0.982243,0.947134,1.00248,0.984358,0.977015,0.987441,0.978719,1.026227,0.976442,0.942039,0.981021,1.021131,0.99521,0.966551,1.006663,0.991618,1.035873,0.994582,0.985049,0.965463,0.982402,1.0113,1.004015,1.017367,0.997295,1.011357,0.998164,1.01744,0.993784,0.962123,1.012228,0.996737,0.977995,1.004941,1.005612,0.973126,0.963527,0.986414,0.995979,1.007135,1.000911,1.001045,1.005902,0.988618,1.015666,0.993381,0.99803,0.97241,0.974439,1.001565,1.016961,1.02133,1.001833,1.014991,1.012618,0.975612,1.000213,0.974465,1.000168,0.968836,1.021318,0.98264,0.996131,1.01493,0.989067,0.978036,0.987179,0.985855,0.976792
1984-12-31,0.973508,1.001551,0.991807,1.013752,0.997794,1.016994,1.003925,1.005992,1.010761,1.01269,0.998985,1.006477,1.007089,0.997708,1.034906,1.022422,1.021721,1.049987,1.007141,1.015964,1.002916,1.011985,1.013712,1.039245,1.015945,1.023278,1.036052,1.033805,1.045218,1.006016,1.010079,1.000548,1.030063,1.027449,1.028785,1.030436,1.008731,1.037567,1.011729,1.023032,0.985701,1.039406,1.008642,1.021919,1.034916,1.009628,1.034383,1.019437,1.035868,1.045868,0.989015,1.00678,1.013941,1.026384,1.005708,1.029732,1.025969,1.059704,1.016895,1.05313,1.010652,0.956162,1.026521,1.032011,1.040272,1.027384,1.027175,1.040026,1.026333,1.033815,1.025256,1.022566,1.028348,1.016526,1.01759,1.033217,1.036808,1.029315,1.0426,1.054538,1.024328,1.031367,1.044579,1.03047,1.034417,1.019451,1.042808,1.035268,1.040196,1.013119,1.009886,1.008348,1.042151,1.022881,1.023774,1.000289,1.018146,1.02756,1.014615,1.027158
1985-01-31,1.145175,1.119485,1.1268099999999999,1.116433,1.127171,1.125849,1.134633,1.129286,1.1334,1.153659,1.161677,1.116098,1.127489,1.137098,1.131307,1.123832,1.088237,1.091421,1.155029,1.127989,1.127482,1.150951,1.145498,1.1634579999999999,1.143597,1.103126,1.091623,1.10844,1.121328,1.164007,1.149374,1.153942,1.110167,1.131123,1.098617,1.117082,1.080292,1.083769,1.100444,1.136823,1.146971,1.086762,1.158855,1.098475,1.09534,1.09332,1.105842,1.080725,1.091823,1.147514,1.135211,1.105448,1.095374,1.098469,1.131796,1.087342,1.080055,1.085728,1.086097,1.148814,1.1486480000000001,1.1441620000000001,1.083933,1.101925,1.068546,1.097897,1.11919,1.119711,1.114083,1.119647,1.084892,1.083958,1.066364,1.095987,1.107056,1.068422,1.062605,1.084301,1.119381,1.10155,1.105118,1.087267,1.059531,1.084423,1.059375,1.064366,1.059801,1.037153,1.079342,1.098761,1.08238,1.048159,1.099343,1.078142,1.043878,1.037192,1.095047,1.071704,1.065306,1.09533
1985-02-28,1.046536,1.041139,1.046757,1.046248,1.034044,1.03602,1.044712,1.066505,1.03122,1.0650789999999999,1.033471,1.001338,1.022902,1.034062,1.033509,1.046251,1.005131,1.028734,1.038747,1.051812,1.026997,1.006219,1.004413,1.026593,1.041954,1.039046,1.036016,1.034185,1.032137,1.013302,1.012491,1.024199,1.028657,1.043304,1.004136,1.021815,1.000332,1.033397,1.023483,1.039739,0.946005,1.024337,1.0533,1.010551,1.018007,1.011311,1.004007,1.012471,1.007679,1.035618,0.925517,0.996041,0.968577,1.02468,0.977936,1.002595,1.040396,1.024499,1.03282,1.034008,1.003354,0.996771,1.011391,1.000635,1.025098,0.996198,1.01091,1.025117,1.017234,1.022029,0.993489,1.03928,1.017435,0.999374,1.007618,1.033267,1.00224,1.025596,1.029752,1.031551,1.02362,1.011659,1.013379,1.012756,0.996657,0.997355,1.03518,1.025111,1.035931,1.062434,0.92328,1.013365,0.987244,1.004464,1.013023,1.053901,1.019678,1.03496,1.034718,0.997144
1985-03-31,0.988134,0.972772,0.966226,0.96346,0.98427,1.004135,1.008646,0.959574,0.966576,0.983529,0.944119,0.938154,0.988121,0.965873,0.995349,0.984276,0.989824,0.989303,0.979905,0.992514,0.964413,0.969169,0.953536,0.985183,0.986194,0.982579,0.98873,0.987756,1.000723,0.974487,0.942664,0.969841,0.968186,0.994636,0.995381,0.970048,0.991326,1.008559,0.996944,0.977554,0.937638,0.9602040000000001,0.95749,1.008593,0.99535,1.008935,1.002728,0.990797,1.013697,0.977574,0.960537,0.975259,1.014252,0.966394,1.000891,0.983012,1.001512,0.97384,0.960371,1.004266,0.933462,1.018429,0.973478,1.003503,1.014785,0.987729,1.006124,0.984232,1.003752,1.009733,0.953018,1.018484,1.018554,0.977204,0.970649,1.005267,0.984052,1.03015,0.986024,0.9974190000000001,1.039112,1.015937,0.995577,0.997377,1.005818,1.009579,1.041547,0.977518,1.015732,1.003723,0.989234,0.994492,0.981646,0.998144,1.022441,1.029565,0.990401,1.017167,1.02246,0.963352
1985-04-30,0.967954,0.977987,0.993543,0.984234,0.991046,0.990189,0.999963,0.999206,0.997486,0.975905,0.967021,0.978889,0.993168,0.970953,1.003723,1.002696,0.99128,1.012681,1.013461,0.999532,0.956538,0.975728,0.988625,0.993915,0.99173,0.971529,0.994913,0.991612,0.997246,0.993813,0.953458,0.96128,0.995936,0.953831,1.017366,0.983083,0.973723,1.01882,1.053565,1.017543,0.987146,1.044666,0.935063,1.009563,0.97214,1.017031,0.991277,1.023206,1.020933,1.00608,0.957691,0.971071,0.97739,1.001903,0.98291,1.009795,0.975458,1.025113,1.015227,1.004709,0.962723,0.970626,1.014231,0.96914,0.993668,0.989828,1.005891,0.99139,0.996051,1.006732,0.944729,1.012764,1.000882,0.992255,0.97706,1.033828,0.985107,1.03096,0.969908,0.99477,0.982329,0.996637,1.004443,1.010053,1.013735,0.975864,0.991425,0.969991,0.999605,1.023377,0.919925,1.028244,0.994531,1.004052,1.008849,1.035586,0.98377,1.000733,0.99447,0.983264
1985-05-31,1.002122,0.99865,1.024668,1.019169,1.038162,1.029978,1.04585,1.020623,1.02652,1.041186,1.002127,0.992818,1.026285,1.065439,1.046381,1.063671,1.023692,1.055118,1.034006,1.041018,1.037829,1.048384,1.021773,1.023074,1.044023,1.028056,1.029509,1.06213,1.055323,1.044333,1.027583,1.040061,1.006262,0.991791,1.069225,1.044792,1.050701,1.040046,1.049205,1.035382,1.07252,1.051494,1.028928,1.039571,1.038347,1.020007,1.046595,1.056104,1.055461,1.076988,0.968962,1.022576,1.017722,1.059553,1.093501,1.035862,1.043434,1.039935,1.068091,1.074657,0.991786,1.046252,1.063425,1.048871,1.035881,1.08961,1.044042,1.057515,1.061854,1.043905,0.983696,1.068738,1.055101,1.052514,1.037596,1.05516,1.088816,1.057339,1.076576,1.09107,1.040478,1.120542,1.05625,1.057927,1.085644,1.132279,1.070934,1.072568,1.061869,1.054111,1.030429,1.090333,1.075858,1.04739,1.069812,1.046697,1.060944,1.053188,1.061684,1.061315
1985-06-30,0.984352,0.996844,0.98766,0.990336,0.995669,1.027839,1.026215,1.037626,1.021319,1.011733,1.002671,0.986659,0.984071,1.001249,1.003859,1.03405,1.046264,1.011392,1.028556,1.018274,0.997096,0.989148,1.025609,1.004639,1.004496,0.995397,1.038616,1.024005,1.032266,1.004569,0.991122,0.993462,1.01131,1.000732,1.008804,1.011033,1.040882,1.070309,1.056513,1.039012,0.921477,0.994059,1.021084,1.041632,1.012391,1.032031,1.030113,1.025187,1.052947,1.048656,0.98999,1.010121,1.025702,1.028694,1.035214,1.023736,1.03421,1.045277,1.008679,1.038024,0.978644,1.013964,1.002047,1.022767,1.053658,1.024417,1.007342,1.011863,1.012607,1.035889,0.977017,1.004375,1.015133,1.036014,1.03187,1.023108,1.034166,1.03104,1.007681,1.031483,1.029552,1.039518,1.044054,1.009908,1.016828,1.026089,1.00792,1.007912,1.049955,1.034187,1.007856,1.038621,1.015219,1.00914,1.038683,1.017544,1.015149,1.01317,1.009226,0.991943
1985-07-31,1.018341,1.013937,1.025099,1.025309,1.0357,1.035339,1.008906,1.02694,1.039241,1.018781,1.036275,1.020307,1.00051,1.056026,1.007257,0.988495,1.04063,1.017017,1.01642,1.046882,1.025587,1.044837,1.028883,1.030448,1.021116,1.02029,1.012116,1.037559,1.031327,1.02431,1.045736,1.0302769999999999,1.02501,1.023177,1.052591,1.01386,1.023014,1.033438,1.028394,1.016344,1.031304,1.033449,1.039651,1.023073,0.981702,0.972242,1.033517,1.034565,1.013635,1.010389,1.09038,1.011067,0.997929,1.023019,1.031639,0.995271,1.01058,1.016309,1.013118,1.015356,1.061261,1.020835,0.989666,1.003869,1.028738,1.019513,1.015415,0.987378,0.992416,0.971397,1.01692,1.010901,0.986488,0.996685,0.971991,1.042165,0.975949,0.975875,0.989066,0.984592,0.96693,0.969233,0.988827,0.979957,1.014959,0.964463,0.989899,1.001776,0.94488,1.007753,1.005732,1.018011,0.991092,0.99722,0.960458,0.995835,0.993172,0.983792,0.993035,1.015615
1985-08-31,0.987081,0.997814,1.000386,0.997714,0.994746,0.999014,1.002413,0.991195,1.0043,0.985722,0.998592,0.975957,0.976994,1.004522,0.982346,1.008206,0.983851,0.981976,0.970639,0.983814,0.954101,1.015322,0.992436,0.980322,0.995978,1.02007,1.003756,0.970966,1.005112,1.00427,0.990842,0.983391,0.98371,0.997806,0.990132,1.006867,1.005229,0.999494,0.979739,0.993675,1.016941,0.988341,0.982409,0.972858,1.017555,0.962645,0.984104,0.969594,0.996989,1.005194,0.992231,0.966998,1.00467,0.993044,0.997923,0.99417,1.000231,0.993718,0.989233,0.98914,1.002902,0.97924,0.999223,1.027029,1.023283,0.959917,0.988827,0.992312,0.991226,1.00387,0.993066,1.015572,1.002068,1.003538,0.988144,0.995801,1.002911,0.986075,0.992823,0.9869559999999999,0.996275,0.999383,0.988169,1.000457,0.993283,0.9763,1.004827,0.996811,0.999617,0.989505,0.985296,0.978036,1.009579,1.006328,0.99427,0.994733,0.996959,1.001127,0.989743,0.986927
1985-09-30,0.916165,0.941182,0.95583,0.948138,0.942981,0.957512,0.962823,0.943629,0.958109,0.924626,0.926532,0.949027,0.940645,0.954729,0.959614,0.957164,0.951787,0.924504,0.952954,0.930387,0.927622,0.929736,0.941644,0.926085,0.935206,0.956114,0.963362,0.939894,0.964355,0.942138,0.919613,0.8977269999999999,0.955129,0.951412,0.939262,0.967135,0.948502,0.9558180000000001,0.956371,0.948068,0.943338,0.948862,0.9333279999999999,0.956567,0.963444,0.97012,0.95373,0.93708,0.937277,0.943866,0.940641,0.943816,0.971404,0.965292,0.961631,0.966163,0.965767,0.9577869999999999,0.958607,0.950533,0.925135,0.924906,0.972535,0.949584,0.968601,0.934105,1.001771,0.939595,0.9281429999999999,0.943495,0.921926,0.936781,0.940737,0.942483,0.960573,0.960261,0.9563429999999999,0.949514,0.953519,0.948643,0.935508,0.940289,0.951965,0.923292,0.976964,0.950859,0.983098,0.954517,0.96108,0.934429,0.945362,1.002266,0.9631959999999999,0.962023,0.964284,0.98084,0.95184,0.983113,0.981375,0.970111
1985-10-31,0.987408,1.019122,1.006814,1.015141,1.035255,1.024719,0.999493,1.019599,1.042258,1.009923,1.038969,1.017788,1.022273,1.039469,1.046762,1.02481,1.015395,1.042467,1.04573,1.020466,1.043729,1.025161,1.042027,1.04739,1.029286,1.041407,1.049619,1.027689,1.042644,1.043696,1.084239,1.00269,0.985049,1.052563,1.059025,1.047323,1.052905,1.026354,1.031836,1.05309,1.002459,1.043755,1.024039,1.069181,1.043479,1.022023,1.027318,1.037204,1.081189,1.04593,1.000406,1.000318,1.023128,1.042449,1.026393,1.047546,1.023991,1.040352,1.060485,1.032614,0.995729,1.032068,1.063297,1.041371,1.012082,1.04086,1.069319,1.062102,1.061804,1.058815,1.0658,1.018008,1.055947,1.051129,1.058112,1.035291,1.083639,1.083928,1.05855,1.06893,1.13795,1.058736,1.090925,1.048707,1.072223,1.044418,1.024358,1.060655,1.100867,1.052067,1.07394,1.057339,1.043052,1.062684,1.033525,1.051527,1.027263,1.042442,1.043244,1.038566
1985-11-30,1.03027,1.041629,1.045129,1.041423,1.061776,1.059754,1.057329,1.056051,1.058484,1.062383,1.051967,1.059997,1.055789,1.054243,1.068519,1.0642800000000001,1.076215,1.07363,1.04662,1.095914,1.103707,1.076295,1.075991,1.057141,1.08741,1.068764,1.072336,1.082779,1.092665,1.091848,1.05934,1.105036,1.053773,1.055465,1.073535,1.073699,1.067002,1.061042,1.09035,1.135543,1.087297,1.121128,1.105744,1.071149,1.057704,1.085442,1.05647,1.059937,1.063387,1.081214,1.041143,1.063388,1.071541,1.044096,1.046778,1.051954,1.088953,1.062987,1.051049,1.077002,1.11824,1.071795,1.09111,1.052424,1.069674,1.079084,1.074049,1.058259,1.102894,1.091889,1.091849,1.064654,1.04746,1.061047,1.048103,1.065614,1.070114,1.062601,1.080608,1.078713,1.080256,1.062905,1.072393,1.06045,1.086641,1.081767,1.087161,1.046835,1.054564,1.108384,1.112822,1.072508,1.067256,1.057796,1.085868,1.0923370000000001,1.051685,1.042665,1.088599,1.078831
1985-12-31,1.021187,1.038261,1.045067,1.042488,1.029646,1.027857,1.031552,1.048155,1.018702,1.036192,1.049637,1.04395,1.027886,1.042494,1.040471,1.058983,1.065964,1.050225,1.062131,1.056924,1.030332,1.041403,1.05792,1.086914,1.035202,1.058823,1.05623,1.045894,1.032024,1.042453,1.033019,0.990958,1.028125,1.039307,1.02976,1.032363,1.061944,1.032336,1.055899,1.056423,1.032384,1.036906,1.064542,1.031766,1.055309,1.053503,1.01983,1.054443,1.035251,1.050737,0.978518,1.03644,1.022865,1.04101,1.035876,1.030031,1.028189,1.06061,1.0647739999999999,1.042044,1.001805,1.015644,1.047506,1.036188,1.036713,1.041574,1.059144,1.026186,1.016301,1.067341,1.045069,1.036915,1.045554,1.048202,1.028096,1.078816,1.024331,1.064348,1.016827,1.051924,1.005709,1.05078,1.027674,1.063807,1.037449,1.036748,1.029906,1.052808,1.033691,1.046002,1.02592,1.05492,1.053768,1.023224,1.063788,1.060058,1.041369,1.022506,1.044463,1.084553
1986-01-31,1.05056,1.016366,1.033506,1.007413,1.032328,1.06192,1.042581,1.047128,1.047955,1.043188,1.031541,1.011333,1.000672,0.990142,1.017631,1.0271,0.989627,1.025025,1.026776,1.040186,1.019292,0.989936,1.020065,1.024528,1.004827,1.019946,0.989556,1.013564,0.992411,1.032431,1.057748,1.021654,0.956463,0.993561,0.999276,1.021835,1.004006,1.028332,1.004616,1.029706,1.040531,1.03807,0.999196,0.970639,1.012446,1.017281,1.015428,1.018337,1.020933,1.060961,1.044717,1.045267,0.998731,1.009544,1.015297,0.998926,1.055471,1.030738,1.002823,1.023464,1.045113,1.092995,1.008556,1.017134,1.003851,0.979252,1.019477,0.998837,1.013034,1.036037,1.100931,1.033926,1.011492,1.014388,1.031817,1.012399,1.005729,0.988161,1.001888,1.043652,1.010725,1.071018,1.043437,1.066157,1.029732,1.023697,1.031463,1.001261,0.993288,1.024569,1.083711,1.050324,1.038684,0.998657,0.971448,0.976217,1.026315,0.982068,0.99103,1.001636
1986-02-28,1.046771,1.043769,1.066631,1.070663,1.052587,1.068115,1.076548,1.049201,1.054213,1.075087,1.074355,1.048116,1.02143,1.067242,1.103778,1.085242,1.038934,1.072309,1.068228,1.096748,1.087208,1.055479,1.04751,1.049457,1.049324,1.102741,1.088476,1.100816,1.077559,1.090209,1.0263390000000001,1.033565,1.05909,1.068195,1.106509,1.055316,1.061816,1.094125,1.095805,1.066931,1.021637,1.094509,1.063055,1.059602,1.050719,1.074621,1.07955,1.085709,1.117928,1.082727,0.97797,1.069551,1.047908,1.061851,1.064838,1.072079,1.0894,1.079164,1.080639,1.099599,1.055014,1.065268,1.110485,1.095053,1.038194,1.051242,1.089258,1.100431,1.064407,1.069043,1.068192,1.107831,1.064706,1.062955,1.063752,1.051782,1.075034,1.093476,1.077982,1.131403,1.101729,1.077278,1.082805,1.061845,1.105313,1.08283,1.09481,1.091881,1.106069,1.055158,1.057069,1.089127,1.105901,1.067719,1.082059,1.081931,1.0666120000000001,1.071657,1.102655,1.052064
1986-03-31,1.051017,1.035761,1.020663,1.029452,1.042525,1.058131,1.035924,1.043178,1.055273,1.046374,1.05271,1.054851,0.989425,1.07047,1.040178,1.075116,1.08707,1.035649,1.136487,1.040551,1.048954,1.042051,1.036822,1.037048,1.038721,1.05106,1.049241,1.035628,1.039935,1.079417,1.069616,1.019479,1.024872,1.057339,1.078076,1.06234,1.061437,1.058302,1.051134,1.020574,1.075026,1.014662,1.03295,1.034567,1.086941,1.02515,1.054745,1.023358,1.025355,1.070202,1.071538,1.06076,1.016775,1.08285,1.053862,1.075021,1.066775,1.07373,1.067141,1.085064,1.194628,1.095194,1.051741,1.022959,1.063923,1.053154,1.071003,1.078751,1.074397,1.05642,1.025045,1.022152,1.007342,1.038924,1.015304,1.040064,1.0689980000000001,1.0638670000000001,1.059036,1.053251,1.106835,1.031429,1.047259,1.020258,1.04239,1.049782,1.044068,1.058776,1.044903,1.045246,1.0396589999999999,1.081259,1.0426,1.059471,1.041492,1.046018,1.074476,1.070079,1.082805,1.059716
1986-04-30,1.017068,0.993321,1.012406,1.014466,1.01755,1.035893,1.023172,1.004846,1.007246,1.038255,1.034115,1.011844,1.027498,1.01322,1.003,1.000977,1.0119609999999999,1.008347,1.0563,1.039174,1.009444,0.972659,1.032921,0.963533,1.015136,0.99429,1.036064,1.010427,1.012943,1.004684,1.003906,1.013903,1.020819,1.007925,0.995284,1.035225,1.053634,1.017192,1.014242,1.01711,1.01601,0.995813,0.995344,0.997153,1.03664,1.026383,1.047149,1.013988,1.051956,1.014459,0.933542,0.992066,0.993512,0.994502,1.008385,1.021074,1.006968,1.01895,1.013595,1.029974,1.0069,0.948041,0.999649,0.981046,0.995471,0.966608,0.993991,0.993483,1.035937,0.982503,0.9417,0.9430499999999999,0.99302,1.003753,0.995214,0.991585,0.996194,1.008034,1.004658,1.003805,0.920596,0.9337340000000001,0.966643,0.96473,0.97236,0.985428,0.996091,0.984711,0.984317,1.005048,0.917956,0.919863,0.95887,0.969884,1.03463,0.981959,1.007683,0.986407,1.009667,1.001213
1986-05-31,1.040838,1.027952,1.000062,1.0649359999999999,1.022916,1.026996,1.033982,1.045613,1.022075,1.046472,1.047191,1.039638,1.086161,1.027389,1.055578,1.024194,1.03546,1.046933,1.053671,1.04864,1.017471,1.02725,1.025533,1.002438,1.053552,1.03462,1.001613,1.023126,1.02437,1.05278,1.022704,1.043436,1.022435,1.036323,1.063308,0.99281,1.049124,1.025845,1.075344,1.068219,0.992784,0.980121,1.042884,1.048472,1.060583,1.069299,1.066888,1.038586,1.050061,1.081884,0.991762,1.033129,1.050492,1.079353,1.019855,1.047256,1.073066,1.049427,1.060545,1.077834,0.988075,1.001388,1.044545,1.050521,1.040389,1.030728,1.047954,1.036443,1.087232,1.07961,1.06556,1.054009,1.004682,1.063293,1.052195,1.051428,1.061479,1.059079,1.062437,1.046504,1.030456,1.05718,1.041571,1.027226,1.065881,1.050737,1.06516,1.059502,1.072216,1.059617,1.036584,1.042639,1.058114,1.046502,1.054129,1.05231,1.029011,1.080817,1.069454,1.036565
1986-06-30,1.000535,0.998537,1.000829,1.002187,1.021899,1.008272,1.003453,1.002095,1.014949,1.022478,0.996753,0.976554,1.028889,0.979597,1.019398,0.984332,1.030684,0.987961,0.991762,1.000558,0.988458,0.993063,0.99466,0.991429,0.994553,1.021349,1.039591,0.972812,0.982522,1.0275050000000001,0.992006,0.987739,0.9708,0.999998,1.006466,1.022329,1.049509,1.025307,1.003297,1.041389,0.969617,0.993439,0.979138,0.99625,0.995052,1.007803,1.015021,1.011008,1.018969,1.02059,0.959971,0.992678,0.976628,1.002411,1.016034,1.025856,1.010653,1.011377,1.02702,1.048095,1.012399,1.017306,0.997233,1.028127,1.017047,1.020461,1.012446,0.990721,0.978884,1.029265,0.957097,1.023135,0.970359,1.021112,1.018826,0.980099,1.035085,1.034945,1.014548,1.069331,1.005318,1.035147,1.051341,0.99435,1.055345,0.981607,1.018379,0.994219,1.026866,0.975205,0.973675,1.017416,0.99101,1.022195,1.053444,1.021385,1.018608,1.025038,1.048455,0.998394
1986-07-31,0.910174,0.937845,0.91414,0.921054,0.921538,0.8886229999999999,0.913205,0.9414,0.929335,0.879811,0.873695,0.923215,0.900954,0.907567,0.933895,0.943815,0.925914,0.903416,0.9254830000000001,0.8681300000000001,0.8739939999999999,0.872499,0.907048,0.899115,0.908695,0.904123,0.907247,0.904467,0.918466,0.88792,0.885513,0.917202,0.9082049999999999,0.9270970000000001,0.92898,0.92778,0.921327,0.916998,0.917096,0.889583,0.817374,0.890285,0.906855,0.941988,0.906713,0.910041,0.944473,0.925665,0.934271,0.8859319999999999,0.923554,0.883064,0.930269,0.904942,0.964779,0.947502,0.936153,0.941511,0.938863,0.909184,0.858969,0.945427,0.921654,0.949518,0.938233,0.970688,0.955143,0.947583,0.911277,0.930179,0.864668,0.993245,0.925508,0.9239580000000001,0.950857,0.939484,0.938557,0.976704,0.8852800000000001,0.916458,0.928297,0.949981,1.000475,0.962802,0.980963,0.962573,0.925351,0.955821,0.941898,0.9052560000000001,0.916198,1.005933,0.963948,0.946388,0.964316,0.963931,0.971525,0.945686,0.934639,0.931895
1986-08-31,0.989547,1.006907,1.00053,1.02377,1.023572,1.00067,1.012417,0.995672,0.992929,1.009184,1.017886,1.014561,1.025911,1.033831,1.00194,1.032872,1.020332,1.02446,1.030132,0.996239,1.044355,1.049354,1.042298,1.012243,1.042074,1.040336,1.057587,1.033505,1.010278,1.01672,1.045006,1.073097,1.02243,1.049814,1.026804,1.059094,1.052532,1.026251,1.040816,1.034998,1.006635,1.09091,1.069671,1.080808,1.055075,1.088389,1.032466,1.018263,1.002537,1.02265,1.103445,1.078337,1.109445,1.058366,1.099146,1.05309,1.061048,1.061948,1.048425,1.0308329999999999,1.110918,1.10001,1.064285,1.090257,1.05853,1.079053,1.063284,1.049486,1.065721,1.030862,1.1275330000000001,1.089677,1.09249,1.126466,1.0806499999999999,1.068027,1.077593,1.07244,1.059452,1.052961,1.07309,1.104579,1.101119,1.080859,1.087288,1.054316,1.081459,1.061117,1.028655,1.059488,1.086982,1.061147,1.085725,1.071332,1.052563,1.078029,1.068667,1.085221,1.066393,1.064207
1986-09-30,0.938372,0.951624,0.942668,0.937028,0.952879,0.946469,0.936124,0.947097,0.931647,0.913984,0.911859,0.963202,0.937429,0.958617,0.954636,0.922632,0.926423,0.941859,0.932159,0.948589,0.947294,0.942521,0.951533,0.965993,0.925036,0.932663,0.954556,0.937904,0.9328190000000001,0.924899,0.908512,0.955274,0.930428,0.936805,0.951612,0.99899,0.937908,0.911218,0.933759,0.939223,0.970405,0.927413,0.939451,0.963179,0.920924,0.907154,0.929264,0.938618,0.932291,0.936993,0.972276,0.941333,0.937237,0.979834,0.947365,0.948001,0.914535,0.9162980000000001,0.927335,0.939655,0.946804,0.960984,0.962512,0.950083,0.9270160000000001,0.928691,0.917074,0.909562,0.937846,0.910904,0.984085,0.898332,0.896754,0.949125,0.927911,0.947133,0.911544,0.920113,0.922629,0.92137,0.880178,0.915988,0.936674,0.933276,0.961553,0.925636,0.9084570000000001,0.904671,0.891454,0.920248,0.85812,0.881993,0.908812,0.895849,0.913913,0.897582,0.8938,0.913476,0.938808,0.883723
1986-10-31,1.016142,1.011751,1.023178,1.002399,1.000847,1.009692,1.031973,1.036387,1.042488,1.009366,1.000304,1.051602,1.002938,1.012292,1.038491,1.024897,1.025888,1.036781,1.041221,1.044926,1.033732,1.008181,1.046099,1.049276,1.035293,1.0992709999999999,1.076567,1.04631,1.053314,1.026581,0.998064,1.072902,1.023772,1.066792,1.023927,1.02993,1.018171,1.080056,1.017087,1.080825,1.037831,1.034638,1.066767,1.012808,1.048269,1.025449,1.013651,1.024087,1.011109,1.048672,1.022529,1.01972,1.018944,1.008872,1.044848,1.04128,1.042435,1.019549,1.017715,1.084253,1.003541,1.033734,1.070325,1.067551,1.047976,1.045451,1.040321,1.051356,1.059848,1.066158,1.006606,1.065618,1.058619,1.049239,1.068341,1.032031,1.095348,1.072844,1.039052,1.057674,1.0782,1.054683,1.083286,1.058652,1.044802,1.087854,1.058855,1.041364,1.063574,1.072294,1.036848,1.020937,1.083175,1.075875,1.073157,1.053524,1.075379,1.045168,1.025862,1.077505
1986-11-30,0.970792,1.00172,0.992345,0.992801,1.004665,1.005185,1.01477,1.016368,0.988171,0.964805,0.981425,0.999781,0.99204,0.994055,1.012508,1.014976,0.998894,1.044681,0.993546,0.994627,1.004773,0.984516,1.004825,0.995556,0.987329,1.00505,1.00957,0.994074,1.01414,0.999707,0.94227,1.020476,1.015892,0.992698,1.011863,0.993249,1.006425,1.007658,0.987828,0.990197,0.966646,1.018567,1.009711,1.020261,1.01818,0.997684,0.98971,1.003195,1.016164,1.007185,0.984264,1.012096,0.991468,0.987448,0.978566,1.014915,1.010189,0.997316,1.000392,0.994753,0.961622,0.962499,1.003581,0.997943,1.025595,1.029397,0.992864,1.008363,1.000047,1.088931,1.016114,1.00801,1.027651,1.055185,1.019246,0.987702,1.00177,1.000687,1.007871,0.992865,0.996501,1.020664,1.008416,1.028485,1.006094,1.004026,1.036461,1.023182,1.018296,1.001831,1.004646,1.00745,1.015628,1.02793,1.004195,1.056455,1.016106,1.024688,1.025171,1.030084
1986-12-31,0.947665,0.950843,0.985675,0.96983,0.976298,0.957591,0.975907,0.956066,0.9562,0.951635,0.919075,0.961858,0.956636,0.998014,0.971831,0.983119,0.967923,0.984548,1.00215,0.97173,0.943761,0.984633,0.998638,0.97462,0.984361,0.967934,0.999285,0.974494,0.973963,0.965494,0.980466,0.979968,0.975803,0.994374,0.966787,0.981585,0.951654,0.973556,0.976649,0.976029,0.923843,0.986232,0.980621,0.987807,0.967907,0.967952,0.978959,0.978477,0.980186,0.996855,0.9915,1.008782,0.966699,0.970319,0.997301,0.975399,0.96704,0.990606,0.977137,0.941461,0.933244,0.940459,0.95758,0.959296,0.972687,1.002549,0.971421,0.962239,0.980692,0.984769,1.000056,0.955797,0.973941,0.974863,0.959905,0.948279,0.947162,0.988075,0.93941,0.978473,1.015795,0.948138,0.94256,0.972759,0.973177,0.954381,0.969275,0.929755,0.9678100000000001,0.970944,0.980682,0.99654,0.968603,0.978465,0.942612,0.995086,0.979069,0.981402,0.96854,0.979512
1987-01-31,1.104682,1.100541,1.088803,1.062072,1.10157,1.094795,1.100653,1.0884800000000001,1.131558,1.122519,1.097564,1.111896,1.103456,1.106086,1.080655,1.123745,1.099423,1.073719,1.124307,1.1407530000000001,1.156101,1.096363,1.083905,1.111621,1.117427,1.067695,1.146484,1.149773,1.10968,1.129845,1.092986,1.156314,1.148327,1.159589,1.120626,1.105619,1.118454,1.130034,1.077729,1.1297380000000001,1.11449,1.13632,1.062519,1.110686,1.161155,1.175421,1.097779,1.103573,1.097938,1.120507,1.14001,1.097036,1.1522350000000001,1.129319,1.108245,1.091237,1.143146,1.122897,1.090968,1.153078,1.118455,1.107984,1.1164,1.1370390000000001,1.127758,1.119622,1.115817,1.112443,1.131334,1.178922,1.136791,1.138677,1.163669,1.178518,1.115367,1.093195,1.11536,1.131449,1.084296,1.113053,1.097003,1.164163,1.109924,1.134824,1.133952,1.10586,1.123736,1.1148150000000001,1.132048,1.14711,1.065459,1.091724,1.173438,1.116897,1.129111,1.148021,1.098668,1.147437,1.130727,1.141
1987-02-28,1.09866,1.071619,1.087952,1.063748,1.048012,1.073042,1.100853,1.085889,1.099744,1.090288,1.124398,1.086352,1.072929,1.052366,1.044585,1.070854,1.080157,1.057467,1.077102,1.09161,1.080537,1.065882,1.067111,1.065264,1.079587,1.077982,1.045553,1.036686,1.092722,1.107341,1.110169,1.099811,1.101536,1.053829,1.063675,1.05374,1.085151,1.089018,1.068814,1.115797,1.104045,1.04863,1.041582,1.073625,1.063575,1.048232,1.05817,1.049891,1.075902,1.078742,1.133707,1.087937,1.113461,1.063643,1.018082,1.026937,1.058294,1.092052,1.046907,1.073601,1.111532,1.039187,1.042882,1.062216,1.046436,1.111565,1.038579,1.063232,1.048998,1.054354,1.104225,1.035999,0.9926,1.049216,1.027482,1.027812,1.036824,1.070579,1.0765419999999999,1.093751,1.119636,1.040809,1.000132,1.024186,1.00909,1.039625,1.045978,1.086366,1.074081,1.05771,1.134808,1.083868,1.04924,1.024894,1.088818,1.026763,1.01157,1.017413,1.041559,1.031244
1987-03-31,1.056647,1.040464,1.01537,1.031957,1.035012,1.006967,1.056103,1.022839,1.010461,1.019323,1.015089,1.001014,1.0273,1.052569,1.030378,1.024743,1.002587,1.009874,1.045456,0.994371,1.077705,1.042129,1.036157,1.030569,1.002381,1.031529,1.007621,1.065028,0.986876,1.017052,1.03292,0.989008,0.987999,1.042642,1.024553,1.030629,1.015981,1.029025,1.019377,1.007869,1.061873,0.989424,1.01335,1.064762,0.982788,1.093195,1.017561,1.027507,1.011815,1.013416,0.976728,1.042218,0.961873,1.020017,1.012057,1.013008,1.014297,1.023947,1.030526,0.975644,1.006866,1.03697,1.007122,0.9667479999999999,1.023901,1.08516,0.995426,1.030609,1.005392,1.017599,1.033179,0.990732,1.016675,1.051086,1.039981,1.00945,1.018102,1.019147,0.998283,1.022238,0.960497,1.002234,1.025911,1.028473,1.022393,1.017029,0.986997,1.013626,0.989219,1.026035,0.928261,0.936743,1.029093,1.030776,0.971206,1.007856,1.013595,1.040638,1.060537,1.032798
1987-04-30,0.995572,0.976965,0.987718,0.993509,0.969857,0.968446,0.955844,0.94656,0.981105,0.977938,0.988032,0.997349,0.98158,0.973966,0.963238,0.972988,0.970196,0.984809,0.964271,0.971048,0.987023,0.996419,0.962143,0.97729,0.983391,0.965846,0.985973,0.961763,0.939496,0.968437,0.971732,1.006187,0.934984,0.893483,0.968454,0.970977,0.955543,0.949075,0.971928,0.960971,0.988748,0.979294,0.981997,0.938284,0.950155,0.971997,0.958544,0.9637830000000001,0.986263,0.976386,0.988588,1.008246,1.015577,0.96755,0.96872,0.98388,0.979946,0.966104,0.94794,0.990714,1.080798,0.986039,0.99593,1.003271,0.996175,0.998183,0.960951,0.964599,0.978588,0.97446,0.995052,0.985675,0.971374,0.977135,0.9675,0.95445,0.958336,0.980661,0.932409,0.984512,0.90082,1.005941,1.00547,0.988847,0.96225,0.990184,0.996034,0.967231,0.95753,0.971118,0.975148,0.92823,1.00107,0.964402,0.97866,0.978052,0.984188,1.006428,1.005418,0.994226
1987-05-31,1.007124,1.003382,1.008882,0.999093,1.01572,0.999742,0.994368,1.009333,0.981437,0.990286,0.985739,0.993327,0.99394,0.999569,1.014409,1.024162,0.987886,0.985122,0.994641,1.007584,1.004233,1.052657,1.024587,0.991267,0.982203,0.982075,1.014433,0.961567,1.020592,0.992352,0.98335,0.987909,0.962181,1.066765,0.97374,1.050697,1.005665,0.993287,0.98122,0.976937,1.017121,1.001146,1.005475,0.966881,1.008229,1.011984,0.989551,0.974124,1.029294,1.016418,1.105637,1.008852,1.005037,1.02553,0.986782,0.992015,1.018768,0.979339,0.97786,0.99855,0.984967,0.964974,1.00964,1.005649,1.00587,0.993563,0.985728,0.992487,1.014538,1.059952,1.051722,1.030898,0.99149,0.968312,1.008235,0.990084,0.990676,1.035159,1.008034,1.006192,0.987741,0.964919,1.012721,0.986004,0.954754,1.039735,1.001071,0.990491,1.002372,1.013514,1.025047,0.984233,0.978036,1.01094,1.026762,1.025303,1.014233,1.00263,1.012784,1.00328
1987-06-30,1.006926,1.034287,1.017857,1.024226,1.037583,1.013804,1.030024,1.0384120000000001,1.005521,1.030299,0.978118,1.018146,1.018775,1.020454,1.00316,1.032871,1.029597,1.005585,1.014502,1.024368,1.010042,0.98511,1.042598,0.992736,1.043216,1.0335239999999999,1.064515,1.01822,1.000672,1.047426,0.995904,1.010853,1.047681,1.033522,1.018262,1.024779,1.012374,1.039751,1.045813,1.025392,0.979864,1.027136,1.03522,1.034521,1.033254,1.046468,1.040496,1.035359,1.069917,0.996852,0.956278,1.055604,1.01597,1.062611,1.00461,1.033946,1.032383,1.073842,1.050575,1.033101,0.965879,1.044928,1.018552,1.030216,1.032397,1.031134,1.021577,1.048822,1.0762990000000001,1.020646,1.010551,1.042432,1.049532,1.031809,1.027492,1.04391,1.05348,1.047606,1.080401,1.017802,0.998311,1.053179,1.045318,1.043337,1.045862,1.052114,1.071697,1.086363,1.068113,1.035216,1.047311,1.062988,1.039916,1.056039,1.031731,1.035842,1.076856,1.04829,1.0487,1.068454
1987-07-31,1.025369,1.019356,1.036506,1.013668,1.040908,1.043519,1.013609,1.023201,1.009676,1.021204,1.010792,1.028567,1.048047,1.052207,1.013958,1.02154,1.022738,1.016577,1.037256,1.034897,1.008229,1.055637,1.048136,1.027828,1.018058,1.034813,1.043674,1.052172,0.996422,1.053336,1.02638,1.043406,1.006603,1.094149,1.03752,1.010083,1.017463,1.058192,1.03162,1.014097,1.065768,1.048488,1.051904,1.036625,1.047339,1.024152,1.072465,1.016865,1.017882,1.041415,1.09713,1.057045,1.064174,1.046027,1.056329,1.026981,1.039128,1.024453,1.02405,1.043346,1.043829,1.05036,1.056206,1.039693,1.03604,1.040038,1.041141,1.038566,1.030984,1.034506,1.193332,1.020249,1.02451,1.091565,1.037855,1.034549,1.053323,1.0647820000000001,1.011672,1.034146,0.997608,1.099343,1.049884,1.033496,1.044273,1.004716,1.030475,1.057177,1.040581,1.071439,1.085227,1.101265,1.042563,1.013543,1.012878,1.045867,1.012569,1.05981,1.053409,1.064473
1987-08-31,0.998801,0.998878,0.987975,1.003601,1.0252,1.024081,1.048206,1.018503,1.052402,1.012033,0.994996,1.029898,1.036907,0.986397,1.018944,1.024385,1.035465,1.042093,1.052696,1.031971,1.008394,1.04005,1.024181,1.044994,1.022113,1.045858,1.027658,1.047878,1.057835,1.01503,0.98447,1.04434,1.042692,1.02183,1.038625,1.039579,1.009643,1.052573,1.078101,1.01823,1.015308,1.034644,1.054801,1.006999,1.061333,1.040113,1.039371,1.067196,1.041433,1.055107,0.945466,1.020513,1.033983,1.013845,1.01011,1.039898,0.986734,1.056599,1.040982,1.063877,1.030018,1.068346,1.02166,1.050343,1.056311,1.033739,1.049533,1.022423,1.035789,1.058079,0.963617,1.042725,1.033751,1.017098,1.061293,1.026579,1.038525,1.018953,1.043983,1.061912,1.17506,1.066385,1.025097,1.017341,1.013953,1.065826,1.030861,1.012284,1.022122,1.064922,1.104712,1.010597,1.036433,1.041508,1.039108,1.053328,1.03947,1.052875,1.05656,1.047267
1987-09-30,0.970827,0.998114,1.025696,0.978802,1.001378,1.00533,0.986799,0.993281,1.011614,0.994112,0.982327,0.98991,0.980079,0.976846,0.99331,1.006915,0.978144,0.957525,0.957716,0.974396,0.982612,0.976107,0.951377,0.974844,1.031476,0.994347,0.95448,0.977078,0.97889,0.990533,0.980799,0.984193,0.980714,0.955304,0.994169,0.957714,1.000288,1.001454,1.023051,0.969416,0.994274,0.985655,0.983304,0.958566,0.99969,0.968882,0.948888,0.989047,0.96294,0.972367,0.999351,0.975775,0.967401,0.966347,0.975495,0.972513,0.942506,0.973922,0.97993,0.984024,0.954188,1.008076,0.980405,0.948151,0.987284,0.998956,1.005053,0.979666,1.004568,0.962671,1.099939,0.977572,0.962944,1.00039,0.965032,0.952257,1.005052,0.986585,0.959246,0.982354,0.955102,1.012353,0.949153,0.995064,0.998446,0.984203,0.976183,0.982299,0.949846,0.956914,1.094787,0.983703,1.00191,0.971835,0.98691,0.982918,0.950627,0.993437,0.976537,0.948985
1987-10-31,0.668345,0.702583,0.707627,0.739919,0.730352,0.720674,0.709954,0.6935709999999999,0.705621,0.691651,0.652308,0.700063,0.727696,0.691975,0.716912,0.6796150000000001,0.736345,0.7284010000000001,0.667786,0.63991,0.6621410000000001,0.7063980000000001,0.706778,0.6920729999999999,0.7201470000000001,0.725237,0.735412,0.715667,0.659986,0.696159,0.643346,0.675876,0.6897599999999999,0.6934359999999999,0.715971,0.746253,0.7511099999999999,0.7215830000000001,0.709371,0.670466,0.676408,0.65439,0.6780390000000001,0.686496,0.7434799999999999,0.776122,0.706412,0.757178,0.713075,0.727545,0.647992,0.676329,0.715951,0.733536,0.781979,0.7886230000000001,0.786763,0.761908,0.7477560000000001,0.708812,0.511498,0.7163459999999999,0.726281,0.771754,0.762652,0.76431,0.763177,0.7083980000000001,0.744963,0.744963,0.705654,0.819377,0.79643,0.7777149999999999,0.766224,0.774194,0.773194,0.7295780000000001,0.7547200000000001,0.743598,0.957265,0.739493,0.854546,0.764122,0.752833,0.779059,0.796976,0.7708969999999999,0.77151,0.738425,0.675325,0.753701,0.776845,0.823493,0.794222,0.808944,0.819618,0.822127,0.780934,0.786213
1987-11-30,0.928211,0.9295180000000001,0.9642850000000001,0.95308,0.96432,0.957586,0.963925,0.98261,0.925034,0.9125449999999999,0.904489,0.973627,0.963619,0.919557,0.967784,0.978585,0.939375,0.949974,0.942325,0.907239,0.945653,0.970714,0.97894,0.943664,0.967407,0.978016,0.957003,0.990212,0.964342,0.891813,0.955134,0.952829,0.9332860000000001,0.939101,0.954101,0.9967,0.962082,0.958558,0.919982,0.917832,0.983962,0.946949,0.960844,0.978754,1.015578,0.942306,0.930457,0.956159,0.91156,0.947925,0.983244,0.9469380000000001,0.956126,0.97148,0.950494,0.975772,0.963963,0.973904,0.949448,0.962206,1.319523,0.922139,0.95291,0.939198,0.958095,0.964928,0.946534,0.947919,0.962651,0.960937,0.998088,0.973202,0.934963,0.95146,0.956348,0.962851,0.937017,0.922042,0.931461,0.871796,0.939732,0.9666170000000001,0.94103,0.967793,0.982263,0.9182170000000001,0.960546,0.929693,0.903682,0.911085,0.826923,0.9122589999999999,0.930872,0.913148,0.922938,0.891027,0.911207,0.901054,0.923646,0.899864
1987-12-31,0.988206,1.031295,1.030048,1.030708,1.032166,1.056527,1.058674,1.044917,1.016871,1.028127,1.068354,1.030571,1.076484,1.090978,1.107381,1.026966,1.081607,1.034513,1.094443,1.086039,1.031454,1.04576,1.063765,1.0790899999999999,1.090466,1.081557,1.092637,1.07599,1.106841,1.082899,1.081103,1.054385,1.125585,1.097628,1.040391,1.07191,1.101651,1.095776,1.146366,1.113292,1.055057,1.0706229999999999,1.095997,1.1276519999999999,1.026064,1.104031,1.087845,1.099405,1.10222,1.121488,1.095979,1.091132,1.04,1.086354,1.048013,1.072414,1.075553,1.062829,1.09579,1.129952,1.017424,1.098478,1.048448,1.072932,1.104351,1.081823,1.127952,1.103634,1.08748,1.118079,1.06832,1.007891,1.054693,1.07426,1.105261,1.067015,1.06797,1.113284,1.086361,1.1502379999999999,1.057007,1.049373,1.035727,1.090031,1.089019,1.081919,1.097681,1.041311,1.094628,1.10719,1.232558,1.074996,1.052638,1.051638,1.086258,1.073033,1.039535,1.068795,1.073786,1.065718
1988-01-31,1.088848,1.070271,1.074603,1.045249,1.07414,1.037759,1.051088,1.048957,1.074083,1.053717,1.071062,1.049417,1.02866,1.029602,1.019115,1.03743,1.073667,1.025825,1.035394,1.037988,1.070078,0.982336,1.027973,1.064201,1.017703,1.066749,1.076165,1.030632,1.024978,1.065475,1.019776,1.07198,1.04581,1.053025,1.077367,1.013847,1.033688,1.013192,1.021211,1.024971,1.024384,0.975129,1.018907,1.064322,1.081575,1.071724,1.016716,1.016927,1.009684,1.000819,1.012081,1.065621,1.116611,1.047444,1.055369,1.036833,1.026878,1.027371,1.046935,1.057054,1.038706,1.035468,1.063746,1.0635270000000001,1.046108,1.008066,1.038133,1.001775,1.049555,1.023137,0.95957,1.041783,1.030166,0.997549,1.027339,1.061602,1.062602,1.116445,1.058208,1.005445,1.065169,1.032489,1.106808,1.042955,1.022639,1.082318,1.0723989999999999,1.07599,1.06857,1.026922,0.962264,1.051163,1.031995,1.070484,1.038201,1.051053,1.053822,1.029323,1.033363,1.055481
1988-02-29,1.057666,1.051147,1.065021,1.056077,1.092737,1.103822,1.073413,1.067237,1.0662989999999999,1.085984,1.063705,1.097544,1.07727,1.073055,1.0939,1.062726,1.089685,1.070754,1.038044,1.092371,1.049366,1.015845,1.078342,1.078829,1.115117,1.076637,1.070222,1.053693,1.090145,1.1307019999999999,1.1444320000000001,1.103516,1.097105,1.116201,1.086787,1.079215,1.086921,1.07492,1.085702,1.143666,1.027314,1.05038,1.087996,1.052978,1.068758,1.080629,1.126209,1.071233,1.100222,1.086284,1.089638,1.077868,1.04279,1.085223,1.05259,1.08386,1.110855,1.081972,1.070966,1.078388,1.111538,1.057372,1.062574,1.057435,1.059089,1.096623,1.08098,1.096247,1.076725,1.081004,1.143538,1.014252,1.048199,1.086667,1.085129,1.067125,1.047857,1.096842,1.059006,1.087254,1.0,1.030448,0.999041,1.045033,1.059103,1.053543,1.050343,1.066163,1.061001,1.065328,1.107843,1.065223,1.028472,1.027971,1.034476,1.034002,1.038511,1.039986,1.043717,1.039846
1988-03-31,1.034891,1.05257,1.064942,1.057952,1.046061,1.072553,1.042037,1.067972,1.049763,1.057131,1.024116,1.047895,1.064384,1.051021,1.048774,1.067884,1.03065,1.080924,1.061068,1.074081,1.04462,1.012859,1.06295,1.084155,1.032276,1.009803,0.997575,1.060163,1.034423,1.036507,1.04442,1.020336,1.05703,1.045107,1.051689,0.998673,1.039422,1.070944,1.031021,1.026789,1.081928,1.013166,1.012699,1.004681,0.985013,1.015153,1.001457,1.016462,1.038784,1.051616,1.011014,1.055009,0.994899,0.984004,0.991543,1.011791,1.02367,1.007407,1.008443,1.025812,1.05024,1.001794,1.004277,0.992162,0.987973,1.01846,1.010324,0.991731,1.058841,0.981073,1.049482,0.942545,1.005737,1.037455,1.001227,0.980329,1.000222,1.010202,1.000102,1.007833,0.966245,1.017241,0.968499,0.993977,1.01108,0.967092,0.966854,0.983067,0.981175,0.977154,1.039823,0.916238,0.959247,0.973807,0.975581,0.961747,0.950441,0.944325,0.966558,0.954196
1988-04-30,1.01132,1.025824,1.03334,1.010524,1.002031,1.017149,0.997775,1.021823,1.00482,1.013044,1.022403,1.025633,1.045755,1.021606,1.035745,1.010939,1.02905,0.996604,1.04524,1.024653,1.035122,1.009946,1.027014,1.029776,0.998004,1.018972,1.020348,1.030204,1.040526,1.035316,1.041483,1.008247,1.027656,1.025292,1.054431,1.052923,1.002102,1.037952,1.011516,1.031518,1.030602,0.982173,1.008946,0.99724,1.018813,1.018135,1.002693,1.015553,0.991335,1.001799,1.011923,1.008883,0.991177,1.031454,1.01683,1.015262,1.016355,0.986692,0.991468,1.00893,1.090682,1.002684,0.97587,1.020672,1.01594,1.010277,0.995107,0.987359,1.025837,0.98108,1.048222,0.95187,0.981079,1.019195,1.023083,1.002869,1.013675,1.007614,1.007553,0.997626,1.010917,1.002432,0.996878,1.016674,0.97751,0.995748,1.010733,1.024642,0.990655,1.016932,1.055319,1.03433,0.987392,0.994082,1.026179,1.032345,1.017483,1.00287,1.002811,0.992231
1988-05-31,0.962342,0.977533,0.989394,0.993834,0.995086,0.984414,0.979622,0.979852,0.982098,0.971757,0.985232,0.992159,0.983451,1.009333,0.985395,0.982064,0.96627,0.976631,0.980093,0.964998,0.978638,0.975103,0.977641,0.97214,1.004221,0.9611689999999999,0.980818,0.981916,0.964597,0.967229,0.963596,0.996583,0.972212,0.939493,0.972308,1.003353,1.003213,0.971601,0.952532,0.965439,1.022328,1.004338,0.988037,1.010511,0.981146,0.98641,0.993147,0.991079,0.970281,0.986752,1.026824,1.039524,1.007241,0.992093,0.976183,0.99914,1.019557,1.004507,0.989543,0.990314,0.990647,1.017597,1.023579,0.948809,0.992018,0.9892,0.999411,0.981535,0.998262,0.977887,0.978846,1.005713,1.014325,1.011184,1.00995,1.00055,1.007831,0.994408,1.008461,0.991754,0.965443,0.998731,1.010766,1.004003,0.981671,1.006934,0.997881,0.976025,1.003702,0.990098,0.991935,0.996541,1.024505,1.01457,0.998175,1.015256,1.012002,1.019796,1.009504,1.004391
1988-06-30,1.047436,1.046147,1.060912,1.080657,1.047361,1.054425,1.087676,1.055373,1.081542,1.066993,1.036616,1.0547,1.09794,1.069132,1.064378,1.051495,1.070826,1.064005,1.040971,1.083635,1.050173,1.087788,1.073179,1.059916,1.059903,1.11383,1.095162,1.096558,1.093913,1.105579,1.071392,1.08611,1.067817,1.092279,1.153191,1.05988,1.06771,1.065209,1.052343,1.0814840000000001,1.022999,1.048775,1.054864,1.092683,1.075664,1.070438,1.074062,1.051317,1.085269,1.089652,1.038523,1.03677,1.05841,1.060797,1.055795,1.049238,1.066557,1.073015,1.075409,1.084616,0.9927010000000001,1.084317,1.06668,1.017044,1.071118,1.055014,1.077725,1.074342,1.091167,1.087714,1.040996,1.043974,1.052435,1.065553,1.070224,1.032165,1.054158,1.055693,1.062797,1.117707,1.011186,0.99034,1.025898,1.033113,1.094716,1.095026,1.054547,1.05788,1.058004,1.046193,1.174797,1.04418,1.045131,1.028184,1.0272540000000001,1.032615,1.066049,1.049391,1.054482,1.029187
1988-07-31,0.99891,0.988788,0.99903,0.999206,1.001678,0.997096,0.993781,1.012245,1.01345,0.99025,0.998009,0.969673,0.988499,0.983173,1.009131,0.993001,1.019498,0.984685,0.979109,0.973398,1.00669,0.975609,0.990532,1.002408,0.976942,0.981994,0.95948,0.993945,1.006675,1.00745,1.033749,0.996736,0.985635,0.976085,1.00018,0.981785,0.970876,1.015395,0.951688,0.983483,0.972301,0.969207,0.995718,0.992228,0.993916,0.955301,1.003419,1.010535,0.980696,0.954355,0.948117,0.995573,0.978135,0.974257,0.95869,0.974666,0.984363,0.967297,0.983367,0.974564,0.969433,0.978341,0.975028,0.98471,0.978739,1.003794,0.966292,0.987747,0.981581,0.962655,1.036348,0.980877,1.004412,1.058374,0.961174,0.959483,0.975946,0.972775,0.987646,0.967072,0.993254,0.985945,0.994824,0.992971,0.956677,1.006483,0.987923,0.988116,0.971498,0.976251,1.048193,1.02674,0.998682,1.001174,1.01733,0.983211,1.001147,0.984564,0.991676,1.022453
1988-08-31,0.959066,0.984995,0.996962,0.991104,1.018307,0.988504,0.984281,0.980156,0.979844,0.971731,0.93858,0.981707,0.974293,0.98659,0.979708,0.990789,0.983414,1.005659,0.970747,0.965286,0.97785,0.96791,0.970728,0.985283,0.96915,0.981109,0.98585,0.990375,0.975334,0.965172,0.958695,1.002976,0.981808,0.949304,0.988993,0.955211,0.974721,0.96314,0.962854,0.948183,0.949339,0.981353,0.94792,0.983673,0.972539,0.994099,0.970083,0.991881,0.958336,0.962235,0.951872,1.016336,0.996131,0.972477,0.963554,0.99245,0.995024,0.969709,0.976041,0.975798,0.992381,0.9685010000000001,1.020656,1.007172,0.985745,0.967989,0.978186,0.980424,0.975918,0.957278,0.971246,0.995861,0.980388,0.985601,0.972588,1.011907,0.978759,0.973657,0.983205,0.963086,0.961799,0.965295,1.005952,0.98786,0.966881,0.974571,0.971266,0.958594,0.987297,0.957177,0.994253,1.001396,0.991084,0.988171,0.970721,0.943385,0.971131,0.951947,0.979914,0.976039
1988-09-30,1.001723,1.01113,1.015206,1.028458,1.017446,1.005739,1.020555,1.033973,1.024726,1.024322,1.001831,1.028528,1.050464,1.054874,1.04525,1.032482,1.058116,1.017017,1.016406,1.023484,1.004929,1.024875,1.010152,1.040298,1.011526,1.044131,1.056126,1.050776,1.046915,1.031981,1.029946,1.028663,1.027075,1.025794,1.008435,1.038472,1.0168,1.039993,1.039671,0.990872,1.025088,1.012607,1.032377,1.038891,1.048098,1.009704,1.045908,1.040686,1.018478,1.04141,1.003266,0.985027,1.010444,1.021149,1.037909,1.014259,1.021222,1.008085,1.036581,1.055444,1.039285,1.047429,1.03203,1.052463,1.028272,1.014556,1.042907,1.040939,1.072874,1.028647,0.994598,1.047924,1.028197,1.001007,1.02677,1.013654,1.027764,1.048326,1.037501,1.049585,1.096739,1.010384,1.036601,1.06518,1.087578,1.04373,1.048006,1.042829,1.092259,1.027677,1.109827,1.006843,1.064356,1.052696,0.991543,1.039388,1.045785,1.05731,1.063426,1.053855
1988-10-31,0.959928,0.967618,0.979649,0.988279,0.993947,0.985784,0.983974,1.024901,1.005899,0.987536,0.963432,0.987168,0.960511,0.998329,0.979817,0.98472,0.981533,0.974782,0.999156,0.984472,0.965403,0.996396,1.013933,0.984997,1.010255,0.992251,0.991837,0.986873,1.015516,1.005069,0.99894,0.989901,0.995029,0.979377,1.017918,0.990827,0.994559,0.987019,0.986336,0.981121,0.984649,1.01323,1.011281,1.008241,1.021643,1.021635,1.009956,0.984897,1.003118,0.974184,0.956251,1.000111,1.008385,1.018036,0.987425,1.027279,1.013337,1.003204,1.024476,0.965205,1.029857,1.01347,1.012593,1.016646,1.023915,1.00022,1.006022,1.003159,0.986664,0.99097,0.980334,1.001401,0.983737,1.000541,1.001904,1.004659,1.014805,1.008639,1.006399,1.00672,1.031793,1.000766,0.985193,1.042331,1.030792,1.040425,1.017929,1.031396,1.00187,1.007515,0.984375,1.001263,1.028557,1.029669,1.033035,1.039164,1.009479,1.030817,1.067085,1.001074
1988-11-30,0.938219,0.962584,0.944829,0.9670300000000001,0.946349,0.967752,0.947135,0.961993,0.971131,0.978809,0.949946,0.959866,0.95972,0.973215,0.969912,0.967432,0.986524,0.98533,0.977968,0.946135,0.975954,0.99064,0.974067,0.960573,0.954336,0.948105,0.958291,0.98819,0.948697,0.960457,0.969221,0.999069,0.957679,0.970729,0.989489,0.999328,0.95441,0.962866,0.975819,0.968476,1.037013,0.986846,0.965284,0.979949,0.967145,1.013245,0.995087,0.977581,0.938165,0.959822,0.97747,0.960295,0.963769,0.981894,0.970669,0.978916,0.949654,0.989488,0.984384,0.971299,0.954608,0.991963,0.996227,0.982045,0.955666,0.970929,1.000123,0.974073,0.980582,0.996342,1.002256,0.972858,0.991151,0.981417,0.967952,0.977624,1.002187,0.957064,0.975925,0.958223,0.99558,0.978372,0.976763,0.990845,0.997981,0.970844,0.963509,0.972584,0.964517,0.958976,0.994709,1.017636,0.972793,0.983893,0.996154,0.978787,1.008911,0.987185,0.998511,0.984108
1988-12-31,1.015377,1.036651,1.03559,1.032365,1.030642,1.042646,1.028211,1.03201,1.039175,1.039342,1.044264,1.051526,1.045213,1.053896,1.008407,1.028604,1.036837,1.036887,1.0308060000000001,1.007732,1.040683,1.052759,1.03846,1.053197,1.043985,1.060562,1.058479,1.057701,1.04174,1.087091,1.031282,1.003166,1.03767,1.043356,1.00655,1.04106,1.034334,1.06976,1.017565,1.053837,1.074691,1.029315,1.068665,1.023533,1.044915,0.999887,1.037368,1.019753,1.036039,1.046458,1.044855,1.005756,1.052456,1.046325,1.015763,1.027349,1.066342,1.036724,1.02323,1.046046,1.072296,1.026254,1.006209,1.032701,1.020275,1.017714,1.02075,1.03627,1.022694,0.997984,1.051295,0.969253,1.018572,1.031327,1.020531,1.004671,1.009925,1.025454,1.044315,1.05015,0.987816,0.999254,1.013003,1.027098,1.014628,1.034145,0.987079,1.017769,1.039469,1.043125,1.0,0.991125,1.009867,1.007339,1.014092,1.030587,1.014595,1.014664,1.008338,1.034238
1989-01-31,1.058999,1.053734,1.040597,1.050071,1.052718,1.054137,1.051261,1.046514,1.060904,1.056532,1.070544,1.027473,1.041856,1.041232,1.047692,1.027102,1.04263,1.050305,1.032889,1.063451,1.060359,1.068046,1.040572,1.035589,1.064524,1.053985,1.035956,1.057269,1.061014,1.025665,1.07952,1.065487,1.057384,1.015048,1.042004,1.043024,1.042456,1.036623,1.038643,1.041807,1.118586,1.034369,1.018399,1.040635,1.040828,1.037394,1.050409,1.031444,1.025673,1.02374,1.108596,1.069109,1.074533,1.036213,1.03311,1.036206,1.069952,1.052229,1.053286,1.056855,1.178236,1.057623,1.055029,1.0652949999999999,1.052763,1.05203,1.028882,1.040684,1.061484,1.065355,1.082593,1.035533,1.086908,1.024002,1.067099,1.067021,1.09381,1.050564,1.047143,1.032518,0.996575,1.097024,1.05544,1.04568,1.068771,1.072229,1.082502,1.079209,1.054051,1.088126,1.047872,1.085773,1.058282,1.065163,1.070729,1.06601,1.063528,1.094633,1.076045,1.059335
1989-02-28,0.996716,0.99043,1.009369,1.007528,1.006545,0.987475,1.005375,1.014529,1.003158,1.021154,1.006509,1.018597,1.01979,0.985804,1.003291,1.011003,1.006763,1.017399,0.997958,1.005682,0.99861,1.002426,1.037012,0.99451,1.043067,0.995402,1.02858,1.049604,0.986084,1.011296,1.013913,1.018602,1.011011,1.012993,1.017442,1.013063,1.013481,1.012229,0.993409,1.028326,1.014299,1.014231,1.003551,1.016846,0.995845,1.011113,1.034698,0.990362,0.989126,0.990625,0.993927,0.993043,1.011067,0.993816,0.993443,1.013379,1.014138,1.016688,1.012973,0.98898,1.016396,0.975431,1.011635,1.007166,0.980302,0.991049,1.003348,0.988147,1.015343,1.007393,1.038678,0.991843,0.989668,0.986724,0.996548,0.998066,0.970204,1.028396,0.998137,0.992607,0.985328,0.989029,1.012457,0.98485,0.978213,0.973788,1.001354,0.985879,0.973646,0.972727,0.959391,0.969944,0.988228,0.967978,0.962973,0.964678,0.972574,0.964777,0.972973,0.98243
1989-03-31,1.014843,1.027534,1.024406,1.026295,1.046402,1.026084,1.02872,1.043702,1.034638,1.024103,1.030888,1.039466,1.033322,1.01117,1.046538,1.026021,1.061423,1.02542,1.024817,1.022564,1.045183,1.017007,1.0381610000000001,1.004393,1.038985,1.028394,1.014814,1.023781,1.01112,1.019375,1.069434,1.023142,1.009221,1.071929,1.033591,0.997082,0.993264,1.036857,1.018029,1.000211,1.058213,1.01662,1.034946,1.030785,1.050106,1.064248,1.015828,1.029834,1.032537,1.046468,0.98201,1.019548,0.988508,1.009929,0.996888,1.008807,1.031153,1.007906,1.011117,1.026126,1.017317,1.025585,1.018409,1.010767,1.000803,1.020122,1.022545,1.020637,0.999638,0.986118,1.072663,0.986769,1.023465,0.972628,1.025281,1.009176,1.017429,1.015574,1.035914,1.037743,1.071379,1.043464,0.985158,1.048927,1.036987,1.031407,1.020025,1.018808,1.029201,1.010642,1.047619,1.037614,1.037261,1.038176,1.011166,0.973798,1.037978,1.036913,1.03296,1.042853
1989-04-30,1.024652,1.038506,0.998157,1.009705,1.0427,1.034841,1.040329,1.056867,1.039618,1.040735,1.019035,1.04536,1.036318,0.998058,1.042625,0.98437,1.070283,1.027519,1.032751,1.041521,1.044508,1.046148,1.051466,1.022717,1.043781,1.050956,1.036063,1.065379,1.062937,1.045172,1.076738,1.040916,1.035259,1.066055,1.046644,1.062295,1.044713,1.009696,1.048104,1.051583,1.047946,1.039082,1.048863,1.040521,1.033467,1.074804,1.062606,1.047295,1.062846,1.082285,1.077963,1.020681,1.029904,1.052886,1.022767,1.021862,1.047109,1.070752,1.028215,1.065417,1.09391,1.055002,1.070081,1.042063,1.039172,1.056112,1.076505,1.049113,1.07239,1.074803,1.066494,1.037986,1.026289,1.046766,1.071021,1.054005,1.065872,1.04749,1.009151,1.060389,1.041724,1.011835,1.0395,1.057249,1.051495,1.056786,1.050536,1.054628,1.066537,1.027622,1.267677,1.075587,1.051201,1.040903,1.016036,1.057417,1.066157,1.07501,1.046821,1.049345
1989-05-31,1.031754,1.018237,1.031198,1.029871,1.039201,1.039255,1.027963,1.029934,1.031217,1.062912,1.035744,1.031098,1.047281,1.016677,0.998822,1.019165,1.094334,1.042207,1.027436,1.073778,1.046809,1.042272,1.039609,1.041067,1.015405,1.0203,1.035479,1.045451,1.035295,1.032202,1.060676,1.018493,1.038673,1.067577,1.022045,1.043436,1.035061,0.994702,1.035498,1.066724,1.055346,1.025617,1.040966,1.023626,1.055454,1.041962,1.062935,1.040968,1.064815,1.069482,1.057576,1.045517,1.037533,1.054021,1.063737,1.040821,1.016817,1.046774,1.045502,1.049155,1.041068,1.071225,1.018594,1.028755,1.058469,1.04025,1.036783,1.045905,1.038273,1.030051,1.033866,1.046558,1.050999,1.032834,1.039106,1.032948,1.044407,1.04681,1.012388,1.063632,1.120494,1.030794,1.037565,1.078179,1.020189,1.0298,1.087548,1.018362,1.056712,1.052639,1.023904,1.025575,1.052669,1.029559,1.023349,1.021251,1.066901,1.04059,1.040375,1.049786
1989-06-30,0.980986,0.994546,0.998086,0.990763,1.002067,0.988189,0.974692,0.984226,0.983384,1.004693,0.965314,0.983702,0.980771,1.011305,0.9841260000000001,0.993121,0.974584,0.978644,0.987979,0.957725,0.938123,0.977476,0.974446,0.9769,0.978936,0.983385,0.987887,1.011904,1.013907,0.956202,0.933854,0.986393,0.983207,0.982013,0.978033,0.996612,0.960916,1.004755,0.977742,0.967351,0.984589,0.98555,0.965767,1.031723,0.984516,1.001207,0.988036,0.99389,0.980066,0.953694,0.959678,1.006631,0.987955,1.001343,0.98356,1.009122,0.980407,0.97733,0.981437,0.991411,0.978692,0.986292,1.021886,1.034545,1.007565,0.983073,1.006468,0.996789,0.961563,0.96427,1.056233,1.020218,1.009671,1.025793,1.012204,1.009627,0.986278,0.99882,0.979833,0.966685,0.979241,1.01833,1.013783,1.029532,1.025908,1.013217,0.987148,1.007281,0.997994,0.962136,1.023346,0.991918,0.956715,0.999266,0.998697,1.001353,0.9855970000000001,0.977871,0.996225,1.001679
1989-07-31,1.011846,1.022152,1.036743,1.04195,1.035353,1.052447,1.040477,1.032644,1.036936,1.05811,1.02301,1.030268,1.021801,1.042271,1.017654,1.047036,1.027749,1.053245,1.018109,1.049262,1.045236,1.044456,1.042093,1.05441,1.018675,1.060463,1.044921,1.057907,1.057799,1.060603,1.042531,1.045348,1.034148,1.041549,1.034368,1.027862,1.040218,1.050556,1.07029,1.028536,1.06082,1.044092,1.040328,1.047327,1.083467,1.054283,1.044358,1.0355509999999999,1.029365,1.031293,0.956892,1.050287,1.056096,1.044945,1.018742,1.005911,1.083164,1.062852,1.060051,1.027614,1.052767,1.07599,1.039442,1.055135,1.0712679999999999,1.074058,1.097242,1.056947,1.065132,1.074528,1.053019,1.08257,1.054425,1.048807,1.127518,1.082609,1.084656,1.068754,1.069109,1.075182,1.040353,1.060073,1.068722,1.080843,1.06869,1.068378,1.103745,1.097973,1.041586,1.126674,1.090909,1.089052,1.051653,1.090191,1.085034,1.076892,1.085335,1.080611,1.10633,1.125901
1989-08-31,1.011402,1.016437,1.012291,1.00827,1.010107,1.009146,1.020935,1.023765,1.034247,1.020701,1.003804,1.00828,1.028928,1.005312,1.043141,1.016989,0.999702,1.013234,1.015073,1.023004,1.02908,1.031364,1.018264,1.014202,1.029457,1.011312,1.026205,1.021426,1.057608,1.063623,1.027107,1.033554,1.031029,1.029566,1.061154,1.007062,1.04204,1.035128,1.032476,1.017057,1.038247,1.025383,1.0285,1.003325,1.040763,1.00738,1.031507,1.043525,1.06233,1.02622,1.023223,1.025293,0.992865,1.015505,1.005853,1.066833,1.042226,1.041872,1.042999,1.050647,0.987065,1.045286,1.019921,1.036501,1.041136,1.041455,1.054715,1.042037,1.027474,1.063484,1.046332,1.033501,1.012962,0.993878,1.006824,0.998625,1.038705,1.039159,1.035451,1.05183,1.05076,1.050305,1.049879,1.026684,0.984562,1.051966,1.048299,1.017699,1.041455,1.050744,0.986933,1.007093,1.029697,1.007306,1.023845,1.005469,1.017464,1.031393,1.011931,0.996398
1989-09-30,1.001205,0.993901,0.996519,0.990563,0.993325,0.99653,0.989351,0.981501,0.992177,1.033612,1.027316,0.991431,0.98275,1.007041,1.004672,1.009236,0.981906,1.027517,0.999957,1.006114,0.984191,0.966089,1.017609,1.002238,1.00705,1.002586,1.038159,0.99452,1.01411,0.99452,1.038708,0.99559,0.98135,1.014391,0.998248,1.0228679999999999,1.04096,1.004594,1.009243,1.016582,0.975617,0.983694,0.954937,0.994482,1.006562,0.989613,1.000946,1.004762,1.019352,1.038301,1.005868,0.982326,1.007802,0.984762,1.014809,0.989765,1.006076,1.014139,0.98941,0.955526,0.968912,0.997568,0.995059,0.976224,0.97668,0.980369,0.976117,0.999051,1.019297,0.996276,0.958031,1.027415,1.009493,0.999577,0.98199,0.963282,0.972033,0.979875,0.972591,1.007316,0.998264,0.979818,0.985455,0.995867,0.983014,0.984475,0.98223,0.991364,0.982474,1.028871,0.959302,0.991459,1.006348,1.025164,1.005585,0.986831,1.003211,1.007447,0.995196,1.029029
1989-10-31,0.933843,0.952904,0.948209,0.942326,0.957633,0.96462,0.938625,0.953575,0.940124,0.970671,0.935583,0.938877,0.965708,0.924152,0.995093,0.965492,0.949193,0.933702,0.950334,0.909414,0.9232,0.942536,0.943261,0.944297,0.93009,0.955209,0.951542,0.95431,0.950318,0.946002,0.95039,0.940778,0.919992,0.938959,0.94235,0.928652,0.948455,0.937032,0.945503,0.953378,0.968747,0.938946,0.922476,0.966292,0.954213,0.931459,0.942975,0.944553,0.962848,0.936762,1.018002,0.945908,0.940658,0.96199,0.944954,0.922825,0.957471,0.961466,0.939154,0.969215,0.9129229999999999,0.973217,0.966503,0.946889,0.952098,0.969493,0.965212,0.972709,0.972519,0.970782,0.926736,0.986074,0.98831,0.988385,0.95658,0.956015,0.965101,0.932288,0.953266,0.905141,0.9848,0.980886,0.979394,0.987456,0.992606,0.9497,0.929843,0.928316,0.95821,0.913904,0.961818,0.987317,0.98052,1.008478,1.01748,0.98562,0.972989,0.985489,0.991214,0.992474
1989-11-30,0.971074,0.992887,0.994905,1.01093,0.996898,0.989039,0.990095,1.00272,0.992999,1.020913,1.009993,1.003553,0.994174,0.996691,1.002819,1.017496,1.01609,1.002443,1.007369,0.997663,1.006174,1.027108,1.027134,1.030733,1.026485,1.008583,1.005031,1.001647,0.98691,1.002936,1.046775,1.006215,1.019766,1.03461,1.012079,1.012788,0.985596,0.995318,0.986953,0.990576,1.014898,0.980976,0.995292,1.016264,1.031817,1.037661,0.985304,1.013872,1.021483,1.026141,1.009491,1.027264,1.00286,1.029582,1.031968,1.026952,1.007989,1.009493,0.985218,1.065628,1.126088,1.042179,0.977621,1.005432,1.002928,1.019749,1.000741,0.997439,1.004579,0.988494,1.020574,1.037412,1.054502,1.021081,1.033384,1.009292,1.018753,1.013599,0.997135,1.014151,1.0628549999999999,1.041658,0.997389,1.031941,1.003041,1.01589,0.997133,0.977305,0.995666,1.018307,1.001668,1.010569,1.036017,1.037317,1.043834,1.029603,1.022662,1.035939,1.019787,0.995726
1989-12-31,0.973091,0.986871,0.986103,0.980355,1.011195,0.991239,1.009402,0.986803,0.993388,1.010186,0.988592,1.008047,1.001891,0.989068,1.01193,0.995874,0.970203,0.994902,1.004925,1.005444,1.019637,1.027837,1.008752,0.986598,1.01699,1.020717,1.001784,1.001863,1.008084,0.999916,1.015547,0.986377,1.036162,1.029248,1.002942,0.996904,0.996569,0.997834,0.988003,1.022344,0.97118,0.978102,1.000166,1.000359,1.017515,1.012202,0.982502,1.028283,0.987547,0.971958,1.0166,1.01904,1.00537,1.023933,1.010152,1.024824,1.017413,1.013417,0.984761,0.971134,1.019201,0.993335,1.060984,1.01972,1.031406,1.004792,1.029954,1.014843,1.013296,0.99644,1.00932,0.994608,1.04469,1.019179,1.031776,1.021822,1.014193,1.0259,1.019251,1.037243,1.009619,1.024833,1.041646,1.031715,1.037447,1.035987,1.019193,1.004779,1.001295,0.979413,0.951297,0.996497,1.017419,0.999066,1.011254,1.031858,1.065306,1.009769,1.02184,1.011884
1990-01-31,0.950364,0.968981,0.918132,0.928013,0.932472,0.946858,0.936876,0.94483,0.908514,0.92892,0.918248,0.91797,0.943435,0.929835,0.944768,0.924839,0.932848,0.882767,0.898447,0.863547,0.911918,0.931269,0.912182,0.926334,0.921139,0.907608,0.90893,0.907848,0.9103330000000001,0.885982,0.900501,0.931332,0.905274,0.926947,0.908675,0.917744,0.916585,0.901917,0.926148,0.918536,0.933739,0.87374,0.938874,0.907703,0.9267799999999999,0.911542,0.920613,0.9188069999999999,0.888584,0.879802,0.864393,0.9474,0.895729,0.93285,0.957506,0.925978,0.915902,0.910128,0.875229,1.014073,0.9201159999999999,0.933932,0.933912,0.9356949999999999,0.931826,0.946777,0.942763,0.937441,0.909846,0.934405,0.8824460000000001,0.919253,0.890296,0.924863,0.934612,0.902889,0.908642,0.92106,0.9299999999999999,0.927623,0.868704,0.952627,0.939873,0.919473,0.926653,0.9041710000000001,0.911958,0.9103330000000001,0.970093,0.9152549999999999,0.955452,0.951109,0.931153,0.923902,0.950511,0.943236,0.924302,0.936396,0.933126,0.914894
1990-02-28,1.001277,1.008587,1.018569,1.035112,1.015542,1.024657,1.005213,0.990985,1.001772,1.04213,1.031671,1.035519,1.026155,1.033083,1.082435,1.012018,1.033359,1.007933,1.036711,1.014756,1.019615,1.056626,1.056524,1.042121,1.029605,1.046049,1.050807,1.053829,1.036257,1.030715,1.024743,1.021887,1.039323,1.027355,1.023884,1.022936,1.019501,1.009599,1.024171,1.028417,1.056844,1.024554,1.044436,1.011743,1.017213,1.014195,1.01744,1.019445,1.040535,1.063653,1.099309,1.01542,1.00025,1.011787,1.036748,1.023782,1.005356,1.028204,1.04671,1.047237,0.979882,1.024946,1.007063,1.019603,1.026928,1.017187,1.019617,0.998116,1.017899,1.007402,0.995804,1.031635,0.998509,1.023767,1.027854,1.013281,1.010481,1.027357,1.032782,1.031745,1.057631,1.028857,1.005376,1.035156,0.999717,1.002996,1.032435,0.999462,1.022398,1.032592,1.02291,1.013245,1.014537,1.035618,1.006787,1.022784,0.997446,1.016373,1.013012,1.001011
1990-03-31,1.027673,1.00777,1.025579,1.043018,1.015464,1.048254,1.041485,1.030965,1.02978,1.02444,1.023624,1.074032,1.019458,0.996896,1.030974,1.055438,1.033332,1.021721,1.036114,1.08918,1.033311,1.030602,1.051901,1.059875,1.03884,1.071147,1.053495,1.077986,1.05189,1.079557,1.011086,1.036657,1.043228,1.032377,1.042797,1.029811,1.027439,1.056251,1.042513,1.035842,1.0192,1.014764,1.057087,1.044998,1.068979,1.03309,1.026213,1.040309,1.021902,1.053568,1.037111,1.015592,1.004253,1.012814,0.999434,1.022188,1.043324,1.029524,1.017043,1.043446,1.01897,1.022212,1.02684,1.02025,1.037642,1.045796,1.063205,1.038829,1.037459,1.032258,1.00506,1.014828,0.999129,0.985719,0.993342,1.030841,1.039859,1.036521,1.033164,0.990746,1.009839,1.012086,0.985375,0.992609,1.009933,1.02293,1.017101,1.018192,1.003834,1.023422,0.968515,0.995131,1.017584,0.976388,1.019439,1.018608,1.035603,1.023751,1.039848,1.044234
1990-04-30,0.975702,0.978739,0.979879,0.996356,0.982944,0.982599,0.993355,0.984675,0.972749,0.997415,0.961323,0.947897,0.9543470000000001,0.977201,0.995829,0.964915,0.958291,1.002837,0.97287,0.955457,0.949059,0.966235,0.983463,0.996978,0.995506,0.986593,0.988479,0.999006,0.971916,0.978273,0.98307,0.949719,0.95429,0.9429,0.956356,0.949372,0.913882,0.963105,0.980681,0.950632,0.990147,0.959842,0.949928,0.953584,0.966233,0.974584,0.974307,0.95526,0.972054,0.973134,0.9141440000000001,0.951828,0.947723,0.955663,0.946102,0.976076,0.9681109999999999,0.984741,0.974007,0.963001,0.93965,0.89527,0.938661,0.953521,0.94664,0.954142,0.979681,0.951657,0.989916,0.952308,0.92445,0.969825,0.959262,0.958091,0.939607,0.953289,0.960396,0.965681,0.964962,0.940224,0.901593,0.964688,0.960235,0.943724,0.931501,0.951712,0.96826,0.951973,0.957465,1.014638,1.028269,0.961549,0.952074,0.948955,0.967693,1.000959,0.96487,0.977641,0.997083,0.998409
1990-05-31,1.053759,1.033407,1.046439,1.056802,1.036383,1.082156,1.071528,1.055108,1.036084,1.062857,1.079757,1.068743,1.060632,1.074119,1.099859,1.101083,1.070233,1.035075,1.06695,1.068287,1.059824,1.049196,1.076656,1.100513,1.044597,1.0834,1.082585,1.067477,1.118449,1.149565,1.109826,1.067319,1.069276,1.057758,1.02517,1.078545,1.066094,1.099919,1.046301,1.080682,1.006227,1.055003,1.092335,1.075577,1.068406,1.100283,1.05621,1.0805150000000001,1.064146,1.077006,1.157114,1.072152,1.087,1.049977,1.100474,1.090465,1.036243,1.122775,1.096262,1.046688,1.154422,1.096212,1.123487,1.08635,1.092134,1.096591,1.048785,1.108382,1.09306,1.089478,1.091807,1.090813,1.076236,1.053602,1.05205,1.080748,1.118279,1.106787,1.084562,1.109388,1.104666,1.079158,1.043897,1.094195,1.097881,1.075028,1.085105,1.110997,1.113858,1.115608,1.114186,1.075363,1.095423,1.102241,1.085915,1.090755,1.086685,1.111616,1.103345,1.0927229999999999
1990-06-30,1.020726,1.009375,1.02916,1.027164,1.019607,1.030047,1.057696,1.010673,1.007054,1.018477,1.002759,0.977096,1.033918,0.994401,0.963821,1.055871,0.991955,0.97156,1.005801,1.010515,1.014744,1.008426,1.00048,0.970849,0.974297,1.034001,1.031153,1.014623,0.998253,0.948537,1.021507,0.990064,1.001883,0.999366,0.995937,1.019452,1.011553,0.985746,0.971606,1.009656,1.051752,0.997896,1.074055,1.005135,1.006745,1.005209,1.00836,1.008658,1.029398,0.966986,0.982676,0.991358,0.999591,0.999183,0.977358,0.997849,1.034953,0.988558,0.997768,1.001182,1.012045,0.990468,1.018496,0.990309,1.005241,0.965239,0.98675,1.002239,1.000266,0.979718,0.975523,1.013761,1.007552,0.986411,0.981178,0.997177,0.993972,0.981773,0.996589,0.968563,0.932734,0.982335,1.012012,0.962198,0.995244,1.018546,0.972367,0.971417,0.977751,1.000891,0.998139,1.002087,1.022376,0.985178,0.98944,0.990357,0.972288,0.992707,1.01093,1.016234
1990-07-31,0.961229,0.942752,0.985854,0.979333,0.953555,0.97717,0.97736,0.98574,0.957777,0.951493,0.946519,0.978987,0.9568,0.95655,0.956881,0.956912,0.962106,0.95131,0.923284,0.960115,0.923141,0.966867,0.988253,0.95987,0.955806,0.978887,0.955191,0.960483,0.929435,0.962378,0.935732,0.979286,0.949667,0.960971,0.994075,0.971708,0.970546,0.942397,0.9475210000000001,0.927038,0.933188,0.940233,0.98017,0.9604779999999999,0.987634,0.969805,0.94674,0.989398,0.982039,0.967633,0.914435,0.96151,0.961819,0.973879,1.018921,0.970692,0.9751,0.964727,0.937141,0.942308,0.9144410000000001,0.974772,0.961175,0.986529,1.015851,0.963179,0.970818,1.000454,0.952302,1.017021,0.969864,1.01033,0.978397,0.984762,1.003408,0.971911,0.947676,0.963901,0.964738,0.992308,0.962706,0.975653,0.983155,0.995626,1.003914,0.976582,0.981414,0.993927,0.945873,0.961113,1.062937,0.976702,1.054081,1.019456,1.034842,1.013654,1.003313,0.990729,0.975605,0.998331
1990-08-31,0.860763,0.877721,0.907396,0.878478,0.885643,0.894142,0.854966,0.833641,0.836525,0.861746,0.850951,0.856957,0.878364,0.860174,0.879149,0.837192,0.873203,0.850846,0.839564,0.850463,0.836354,0.851023,0.901568,0.912236,0.873961,0.87462,0.839202,0.868996,0.838916,0.858838,0.822844,0.866044,0.887879,0.889992,0.869182,0.895549,0.895177,0.874334,0.86636,0.857948,0.879574,0.859009,0.8817969999999999,0.905423,0.871712,0.8935960000000001,0.909512,0.8600559999999999,0.8430150000000001,0.8519410000000001,0.82497,0.91141,0.910238,0.92033,0.894381,0.906722,0.895561,0.869067,0.89895,0.825228,0.87688,0.922088,0.916689,0.88574,0.921461,0.886528,0.8879710000000001,0.899152,0.888169,0.881562,0.87651,0.916164,0.897191,0.939055,0.890898,0.8818,0.906463,0.905655,0.9080090000000001,0.874408,0.891335,0.913069,0.89708,0.917532,0.921028,0.902118,0.914957,0.912932,0.910286,0.871496,0.861842,0.897573,0.934982,0.911457,0.916541,0.927713,0.915322,0.894475,0.920924,0.919162
1990-09-30,0.904626,0.925192,0.923591,0.9349149999999999,0.938144,0.918007,0.949354,0.918925,0.907505,0.90541,0.917354,0.914461,0.910116,0.949592,0.910669,0.907164,0.901663,0.884792,0.886997,0.8576900000000001,0.878518,0.927817,0.921875,0.97364,0.934421,0.943464,0.871087,0.895531,0.902039,0.893884,0.887691,0.911521,0.915001,0.943568,0.931389,0.896182,0.934401,0.888004,0.918334,0.891639,0.856471,0.879024,0.94932,0.935782,0.952123,0.888299,0.882218,0.900858,0.876717,0.921215,0.936231,0.908623,0.987672,0.96233,0.959744,0.973956,0.95303,0.886678,0.8925259999999999,0.854576,0.915246,0.931353,0.938311,0.954539,0.981249,0.917554,0.903995,0.950444,0.941649,0.954122,0.950394,0.932669,0.892145,0.968415,0.94219,0.904674,0.943591,0.912172,0.904478,0.919667,0.927618,0.936782,0.967743,0.905979,0.940578,0.901689,0.9383,0.9209620000000001,0.956897,0.955147,1.017763,0.8958079999999999,0.944783,0.940657,0.9666939999999999,0.994991,0.983364,0.941178,0.946367,0.954148
1990-10-31,0.92318,0.938676,0.928547,0.931452,0.927897,0.963944,0.923553,0.929382,0.970689,0.939781,0.904014,0.93209,0.950509,0.91325,0.969233,0.966693,0.933906,0.914908,0.912706,0.959644,0.918826,0.901585,0.943412,0.93239,0.972057,0.963309,0.956457,0.93127,0.960506,0.925917,0.917833,0.897539,0.92522,0.965839,0.979024,0.961819,0.95726,0.96651,0.915791,0.977106,0.925427,0.884449,0.9347989999999999,0.992155,0.942922,0.94088,0.928118,0.98228,0.94936,0.946926,0.934786,0.966633,0.955932,0.990452,0.926387,0.940664,0.984869,0.975251,0.966043,0.961787,0.93772,0.991767,1.017245,0.974321,0.970494,0.961906,0.985209,0.96037,0.934099,0.958209,0.913878,0.962381,0.950996,0.985523,1.044914,0.990662,0.950336,1.004693,0.948524,0.9533,0.949304,0.911498,1.034746,0.979503,1.018364,1.002197,0.96933,0.951014,0.954276,0.990374,1.114068,0.979216,0.944152,1.024663,1.017153,0.992864,0.98813,0.998435,1.027023,1.028898
1990-11-30,1.002153,1.01945,1.004104,1.036459,1.042643,1.035162,1.016859,1.039389,1.02753,1.028532,1.042448,1.039053,1.06272,1.0688360000000001,1.048053,1.014116,1.051518,1.071136,1.047944,1.087036,1.085187,1.113523,1.04965,1.003117,1.047024,1.07653,1.117185,1.075364,1.07478,1.145115,1.045149,1.01326,1.094977,1.105122,1.084891,1.094636,1.074949,1.077867,1.094653,1.049205,1.128473,1.078377,1.079938,1.059248,1.080817,1.090015,1.117769,1.102259,1.089513,1.102531,1.205893,1.040751,1.093813,1.037855,1.075864,1.091763,1.08103,1.076458,1.162485,1.090295,1.09861,1.029528,1.043155,1.082789,1.083038,1.095618,1.091776,1.087317,1.118963,1.083707,1.0742099999999999,1.03637,1.067551,1.058549,1.089907,1.111061,1.109816,1.119159,1.053768,1.147539,1.300966,1.08762,1.071369,1.091875,1.065933,1.100426,1.101706,1.103664,1.114546,1.089893,1.109215,1.100989,1.088681,1.04981,1.070533,1.034973,1.049572,1.060558,1.052425,1.060606
1990-12-31,0.964466,0.999672,1.00129,0.989696,1.023685,1.00523,1.005514,1.030848,1.014413,1.014657,1.001664,1.030948,1.01592,0.982215,1.004369,1.048382,0.993949,1.030977,1.065956,1.031223,1.004457,1.038398,1.029081,1.051495,1.060113,1.059885,1.031095,0.997979,1.065896,1.017306,1.027651,1.002082,1.058686,1.012794,1.076595,1.065177,1.050079,1.087743,1.041364,1.084769,1.005024,1.017001,1.046004,1.025323,1.018134,1.052323,1.052876,1.049754,1.066603,1.074435,1.045165,1.03822,0.994692,1.039887,1.075877,1.057141,1.024743,1.075209,1.020654,1.1188150000000001,0.968796,1.008594,1.048859,1.071041,0.998036,1.066223,1.032351,1.05335,1.068321,1.05166,1.0628009999999999,1.024005,1.008245,1.006796,1.018093,1.065578,1.053747,1.04023,1.023865,1.062449,1.1090740000000001,0.99888,1.02739,0.996999,1.016495,1.027697,1.037854,1.047543,1.110194,1.059199,1.104424,1.011853,1.013263,1.024692,1.02573,1.024724,1.009537,1.014663,1.028646,1.041881
1991-01-31,1.093345,1.083432,1.064891,1.045681,1.095795,1.097695,1.113806,1.068895,1.096656,1.073114,1.093566,1.07487,1.098064,1.059678,1.120939,1.125235,1.108685,1.056999,1.103901,1.123954,1.1056300000000001,1.080497,1.048901,1.054518,1.040121,1.08465,1.09983,1.073675,1.122568,1.107146,1.202416,1.042256,1.064436,1.073845,1.081592,1.073394,1.027121,1.062176,1.095322,1.090774,1.035619,1.09048,1.041773,1.027533,1.118351,1.156118,1.100317,1.06602,1.108751,1.150965,1.048668,1.035618,1.088451,1.026533,1.040876,1.095454,1.112639,1.063495,1.086795,1.145041,1.027698,1.112872,1.063266,1.027122,1.024178,1.098562,1.054093,1.06321,1.105626,1.070185,0.981444,1.028646,1.045683,1.01913,1.043037,1.051862,1.034549,1.120086,1.051818,1.093035,1.077252,1.055814,1.02211,1.041546,1.042674,1.068449,1.091407,1.081556,1.053003,1.073209,1.025352,1.074735,1.02176,1.016596,1.027456,1.014334,1.046272,1.021963,1.072764,1.049021
1991-02-28,1.152607,1.101685,1.112339,1.097848,1.12371,1.103297,1.113637,1.143885,1.160598,1.144614,1.1601569999999999,1.11306,1.100786,1.114039,1.139792,1.112784,1.098752,1.167613,1.084839,1.126747,1.160889,1.117375,1.093865,1.085389,1.050266,1.086155,1.105179,1.118016,1.1012979999999999,1.101014,1.081158,1.165777,1.112732,1.095527,1.075279,1.106741,1.10538,1.108021,1.147599,1.122606,1.158253,1.076588,1.122111,1.101699,1.077896,1.092366,1.111671,1.121996,1.101644,1.074204,1.121735,1.079042,1.033187,1.079872,1.082044,1.057109,1.092107,1.092894,1.086561,1.1083479999999999,1.099653,1.118626,1.060767,1.096519,1.098132,1.080942,1.129193,1.113904,1.079481,1.103059,1.075347,1.087313,1.095194,1.05762,1.039296,1.054846,1.082944,1.066822,1.115438,1.083922,1.143413,1.0903100000000001,1.064038,1.084964,1.082646,1.078245,1.07804,1.066067,1.087663,1.069536,1.013736,1.070148,1.03435,1.06898,1.072654,1.048461,1.049777,1.070724,1.063038,1.098969
1991-03-31,1.120115,1.10901,1.075058,1.079928,1.089649,1.070597,1.080479,1.110133,1.106846,1.139211,1.087984,1.073219,1.07932,1.042446,1.059927,1.072029,1.018932,1.042883,1.06295,1.112013,1.118226,1.038335,1.031858,1.067793,1.066306,1.067586,1.047865,1.062803,1.063552,1.104911,1.150566,1.020809,1.04368,1.045998,1.084636,1.098163,1.021414,1.053271,1.029864,1.081739,1.034624,1.106205,1.0361,1.028715,1.040019,1.085963,1.064403,1.045747,1.058516,1.036174,1.054827,1.030899,1.049763,1.030749,1.028217,1.046154,1.063217,1.041611,1.053028,1.071437,0.958707,1.04099,1.043075,1.016105,1.059183,1.046527,1.008001,1.041066,1.018758,1.050496,1.024967,1.032215,1.047305,1.009881,1.05446,1.05648,1.044303,1.076815,1.03076,1.009191,1.175081,1.03881,1.009051,1.012119,1.024459,1.017736,1.022378,1.041139,1.038574,1.033652,1.024699,1.02768,1.002082,1.00117,1.003171,1.028205,0.997782,1.010465,1.052651,1.037703
1991-04-30,1.022285,1.0343,1.035084,0.997683,1.021659,1.005994,1.032517,1.001343,1.057915,1.031182,1.000788,0.971517,0.994558,1.011292,0.980183,1.007867,0.989339,0.989689,1.013111,1.014885,0.979591,0.98556,0.988729,1.004604,1.027091,0.998203,0.996327,1.037408,0.995009,0.993764,0.9354169999999999,1.004807,1.01353,1.018085,0.994381,0.974659,1.05527,0.980363,1.034891,1.034491,0.947649,0.999004,1.052842,1.022832,0.996923,1.009613,1.040926,0.994159,1.003786,1.02226,0.918165,0.973809,0.982255,1.007906,1.031554,1.024892,0.990753,1.010213,1.048258,0.961894,1.005967,0.959534,0.984238,0.969948,0.998546,1.002917,1.005435,1.014829,0.999808,1.010041,0.990801,1.016967,1.003771,1.026019,1.02014,0.984986,1.029589,0.989461,1.04892,1.029404,1.048829,0.96256,1.021466,0.996945,1.018481,0.990992,1.021995,1.025366,1.023244,1.049302,1.104278,1.016885,1.009716,0.98425,1.011835,1.007088,0.981697,0.999445,0.985648,1.003909
1991-05-31,1.022996,1.023784,1.049917,1.025439,1.030829,1.008792,1.031793,1.061864,1.047905,1.031147,1.030091,1.024411,1.044339,1.063432,1.028296,1.028505,1.007856,1.074181,1.065149,1.073284,1.029142,1.08899,1.039699,1.066955,1.060271,1.03712,1.02994,1.065755,1.038377,1.054396,1.052453,1.019535,1.027407,1.04023,1.059138,1.013141,1.052825,1.022492,1.055539,1.045083,1.037077,1.012995,1.021912,1.031743,1.039767,1.049989,1.056172,1.023166,1.05279,1.076198,1.045338,1.051239,1.030151,1.041366,1.041833,1.0656430000000001,1.063232,1.04983,1.028592,1.021953,0.984182,1.0314,1.027253,1.03375,1.05415,1.089418,1.047815,1.037634,1.060386,1.058164,1.030856,1.060086,1.032041,1.033267,1.034277,1.093775,1.059072,1.052484,1.060526,1.048743,0.994422,1.024773,1.033542,1.06931,1.039519,1.052378,1.058412,1.061011,1.061131,1.053973,1.065375,1.037393,0.998666,1.009369,1.055023,1.001314,1.029032,1.077893,1.019285,1.055484
1991-06-30,0.945661,0.969088,0.954094,0.991343,0.956478,0.951349,0.947973,0.954811,0.939817,0.962673,0.909423,0.950417,0.956445,0.980029,0.96908,0.970748,0.991665,0.959309,0.975145,0.9048849999999999,0.945816,0.938835,0.973251,0.961473,0.937948,0.92218,1.003754,0.971003,0.968245,0.952954,0.918833,0.9327920000000001,0.933586,0.931895,0.939937,0.959583,0.988904,0.986936,0.973921,0.949593,0.953092,0.950469,0.959197,0.954329,0.957817,0.947965,0.968228,0.98173,0.983475,0.972266,0.907552,0.952119,0.94159,0.978747,0.951306,0.955552,0.937802,0.980012,0.979726,0.925607,0.908693,0.975576,0.9293480000000001,0.9640569999999999,0.954675,0.948449,0.95654,0.968983,0.966448,0.985734,0.954766,0.943765,0.92775,0.953515,0.965365,0.96583,0.961018,0.945626,0.939073,0.937327,0.928338,0.924948,0.970271,0.917096,0.95547,0.919232,0.94697,0.947464,0.961643,0.931575,0.956335,0.930102,0.968578,0.943488,0.971843,0.971815,0.949817,0.949743,0.958222,0.964762
1991-07-31,1.004137,1.016126,1.046086,1.01476,1.010733,1.034097,0.998602,1.025518,1.067324,1.028499,1.031833,1.066497,1.05448,1.021218,1.038586,1.021181,1.030905,1.014194,1.053085,1.032612,1.035891,1.006003,1.040466,1.04094,1.036271,1.041329,1.046399,1.032351,0.999656,1.036989,1.066076,1.008507,1.010327,1.045368,1.020011,1.007649,1.052767,1.043465,1.056741,1.091086,1.059991,1.021073,1.053452,1.044539,1.013238,1.018951,1.066775,1.046712,1.034639,1.074472,1.006549,1.054613,1.028086,1.06192,1.03162,1.075126,1.078669,1.046548,1.048162,1.040516,1.072919,1.032832,1.019249,1.02287,1.015292,1.046319,1.044369,1.078886,1.040332,1.076163,1.01243,1.039841,1.050826,1.032413,1.046376,1.027654,1.05318,1.052474,1.067357,1.047558,1.058387,1.027745,1.040322,1.061099,1.064486,1.036809,1.047075,1.034352,1.043075,1.063403,1.00627,1.058684,1.030053,1.045425,1.04871,1.029145,1.028282,1.042521,1.05835,1.070901
1991-08-31,1.007907,1.044511,1.00163,1.015085,1.003112,1.014158,1.028592,0.994999,1.036702,1.04241,1.054943,1.019943,1.074433,1.031641,1.029311,1.029506,1.020315,1.009692,1.053723,1.0366360000000001,1.074528,1.021998,1.042957,1.017313,1.011482,1.030077,1.013626,1.055946,1.02226,1.016669,1.03087,1.049802,1.043571,1.030778,1.041722,1.049851,1.038049,1.020582,1.026831,1.068948,1.070695,1.054199,1.063368,1.025194,1.024515,1.03425,1.043242,1.066276,1.063727,1.021632,1.006443,1.002823,1.049693,1.040641,1.064752,1.030631,1.06781,1.071212,1.013731,1.05744,1.014466,1.028721,1.052882,1.018841,0.992847,1.029718,0.985274,1.037876,1.036381,1.009549,0.971857,0.99334,1.021791,1.020922,1.024287,1.003534,1.044294,1.050027,1.014075,1.05455,1.050401,0.983489,1.020633,1.033036,1.017894,1.003325,1.011386,1.038875,1.051318,1.042041,1.031153,1.041567,1.007386,1.025936,0.99744,1.001035,1.007826,1.027928,1.041611,1.045356
1991-09-30,1.01408,1.009991,0.995898,1.011465,0.988482,1.004263,1.042719,1.01424,1.033665,1.008253,1.034563,1.016575,0.992102,0.994498,1.021908,1.025464,0.992765,0.989376,1.02236,1.016381,1.07774,0.999242,0.994499,1.020296,1.000302,1.043012,0.987254,0.983514,0.998406,1.004838,0.990403,1.016836,1.017916,0.966797,1.011841,1.008274,0.973364,1.010949,0.997746,0.9870680000000001,1.010691,0.986197,0.994582,1.012352,0.989816,0.995154,1.009015,0.980302,0.986023,1.01069,1.011869,0.950449,0.979841,1.002698,0.994078,0.979378,0.973602,0.999513,1.021447,1.006732,1.18676,0.998994,1.006134,0.991217,0.999186,1.005,0.985347,0.967311,0.971011,1.008217,1.019231,1.006312,1.025982,0.991523,1.005078,1.000023,0.973781,0.96941,0.98125,0.989378,1.017205,0.997316,1.020826,1.004646,0.986524,0.980258,0.980967,0.973566,0.99823,0.984585,1.036254,0.981383,0.98059,1.028212,0.995989,1.002931,0.987065,0.980805,0.969352,0.978599
1991-10-31,1.028441,1.022381,1.020401,1.026922,1.032612,1.015252,1.019233,1.004041,1.061437,1.012289,1.06941,1.046958,1.044037,1.031351,1.0172,1.024952,1.033143,1.073671,1.034639,1.058618,1.104805,0.980392,1.030328,1.047406,1.003511,1.039013,1.002962,1.029006,1.012471,1.013342,1.047052,1.010989,1.015667,0.996292,1.016737,1.034695,1.010853,0.9923,1.008831,1.017335,1.082129,1.043608,1.028945,1.003025,0.979067,1.039951,1.041829,1.004051,1.044039,1.002487,1.022642,1.051518,1.034036,0.989894,0.997096,1.041029,1.023826,1.037738,1.010289,0.983411,0.997342,1.079102,0.991669,1.023991,1.01502,1.003672,1.01411,1.007942,1.020081,1.005137,1.060453,1.038883,1.03641,1.024806,0.988842,1.026136,0.985563,1.02975,1.018535,1.040416,1.069448,1.079046,1.023132,1.040464,1.029108,1.00759,1.015839,1.00188,1.060015,1.004931,1.071429,0.961428,1.01828,1.035326,1.003773,1.016006,1.001326,1.019427,1.005036,1.016621
1991-11-30,0.995991,0.985301,0.988317,1.022135,0.987144,0.981226,0.966003,0.996444,0.960897,0.966868,0.950954,0.964265,0.939145,0.960196,0.964223,0.974161,0.940812,0.96621,0.95951,0.949085,0.864894,0.935389,0.925172,0.972848,0.95782,0.949105,0.963109,0.951376,0.963809,0.985676,0.927473,0.940259,0.963593,0.951045,0.961807,0.95762,0.950145,0.944564,0.968734,0.962591,0.9157649999999999,0.914435,0.937169,0.962573,0.970433,0.972706,0.961549,0.933195,0.962513,0.938551,1.006075,0.969249,0.941905,0.991329,0.941768,0.961404,0.951505,0.967242,0.949675,0.936107,0.943288,0.982797,0.984519,0.994155,0.969133,0.950187,0.976368,0.966428,0.918979,0.970678,0.8980360000000001,0.983206,1.008703,0.951262,0.988511,0.951283,0.934405,0.941831,0.941024,0.983395,0.914323,0.948663,0.975521,0.950956,0.942574,0.97308,0.941296,0.96066,0.934975,0.965853,0.97551,0.989184,0.939293,0.995008,0.946495,0.942537,0.950917,0.942375,0.975373,1.004923
1991-12-31,1.00655,1.040653,1.067772,1.035233,1.022351,1.054991,1.028537,1.068649,1.047164,1.037932,1.069464,1.052557,1.063393,1.089367,1.050462,1.046936,1.028723,1.102248,1.093847,1.081921,1.081663,1.056232,1.075816,1.07874,1.034009,1.066932,1.087629,1.046789,1.063978,1.112634,1.046844,1.081285,1.077689,1.093925,1.077796,1.067228,1.081747,1.065564,1.101866,1.14255,1.175367,1.089065,1.095392,1.119138,1.139916,1.076308,1.100847,1.112476,1.139708,1.098259,1.150422,1.079545,1.126928,1.130111,1.088874,1.126273,1.136626,1.101944,1.069562,1.128259,1.143339,1.111321,1.058751,1.091346,1.091108,1.092098,1.1003,1.1397490000000001,1.062459,1.128947,1.083791,1.116347,1.101019,1.045051,1.090904,1.105924,1.126837,1.12924,1.13868,1.133759,1.128365,1.113696,1.105356,1.107219,1.077951,1.093895,1.15883,1.117132,1.157231,1.10901,1.093445,1.068469,1.012424,1.142705,1.176456,1.059078,1.095867,1.092815,1.138462,1.157861
1992-01-31,1.252132,1.159722,1.113639,1.09152,1.114287,1.142469,1.1565400000000001,1.151024,1.094081,1.135634,1.126882,1.120853,1.106669,1.0785,1.094098,1.177658,1.130179,1.083016,1.102738,1.155348,1.114127,1.042604,1.081447,1.068864,1.030922,1.057551,1.067269,1.05853,1.067476,1.127682,1.156303,1.066355,1.05765,1.054871,1.037952,1.069986,1.072128,1.090377,1.057439,1.077583,1.014989,1.038091,1.040622,0.99302,1.052349,1.12347,1.0686390000000001,1.065893,1.057465,1.079351,1.03392,1.041492,1.0909200000000001,1.017579,1.019363,1.047337,0.993011,1.065764,1.042818,1.045596,0.954175,1.004164,0.987716,0.972908,1.025196,0.999465,1.00973,1.038626,1.004305,1.024045,1.04149,1.005697,0.958819,1.018356,1.022614,1.011368,1.000332,1.003186,1.038299,1.023293,1.022503,0.970597,0.998879,0.992054,1.001384,1.01948,0.978517,1.000287,1.021941,0.97769,0.90051,0.990584,0.990393,0.939676,0.95656,0.96606,0.98698,0.995164,0.968153,0.958159
1992-02-29,1.036303,1.043654,1.050151,1.066794,1.059503,1.047377,1.063717,1.044127,1.046935,1.078636,1.007749,1.0573,1.046581,1.04413,1.046034,1.066974,1.052232,1.053543,1.024133,1.051255,0.97434,1.014299,1.050203,1.014437,1.009915,1.044093,1.021214,1.0275590000000001,1.041009,1.035164,1.003608,1.024592,1.042243,1.005969,1.022765,1.001603,1.000138,1.060447,1.031139,1.045931,1.002114,1.049669,1.01544,0.989691,1.039734,1.0248,1.002926,1.04074,1.056128,1.012794,0.915878,1.064013,1.071661,0.975528,1.043465,1.026688,1.060545,1.040095,1.023777,1.0824,0.921608,1.001901,1.04935,1.02252,1.015916,1.035253,1.000461,1.018658,1.015151,1.035189,1.008929,0.97658,0.986799,1.009322,1.007928,1.026468,1.030289,1.06443,1.048971,1.006698,1.002631,1.040887,1.015943,1.02112,1.012007,1.023768,1.033834,1.023842,1.016437,1.016524,0.917847,1.019777,1.066736,0.962414,1.065856,1.009952,1.008474,0.985249,0.992833,1.007663
1992-03-31,0.978972,0.994635,0.990339,0.990144,1.006193,1.001381,0.998561,0.985111,0.989581,0.981373,0.920158,0.968091,0.966895,0.968481,0.976141,0.946868,0.944012,0.968782,0.940932,0.930273,0.896854,0.98684,0.972087,0.999652,0.972568,0.991542,0.955524,0.969511,0.958851,0.953939,0.941571,0.979298,0.990234,0.942009,1.002673,0.986576,0.971461,0.970283,0.958138,0.9201,0.972139,0.946838,0.976972,0.973866,0.981434,0.971048,1.000519,0.970456,0.991387,0.972623,0.944968,0.939979,0.976829,0.994311,0.986625,0.98451,0.975394,0.962093,0.985872,1.021452,0.945045,0.979512,0.994974,0.990809,1.002915,0.942282,0.992603,0.981668,0.96157,0.927782,1.048105,0.963904,0.983394,1.020969,0.931506,0.955512,0.97517,0.978807,0.958535,0.966135,0.978243,0.977061,0.985583,0.984994,0.992745,0.96693,0.984753,0.978851,0.971604,0.949372,1.00463,0.994487,0.975148,0.993736,1.008758,0.974945,0.972514,0.979905,0.999403,0.9703
1992-04-30,0.919839,0.95755,0.949142,0.957557,0.972639,0.934008,0.916983,0.944742,0.977646,0.916052,0.906055,0.930019,0.949017,0.962063,0.983516,0.958777,1.001391,0.948471,0.933075,0.948895,0.906431,0.976041,0.932326,0.963274,0.975049,0.978595,0.97605,0.977074,0.943645,0.935108,0.931903,0.968974,0.949017,0.984016,0.980182,0.982425,0.993731,0.985701,0.990807,0.946518,0.939007,0.954549,0.993783,1.027021,0.950416,0.982328,0.995531,1.006341,0.998031,0.991479,0.912325,0.978836,1.00594,0.972912,0.9821,0.992502,0.964785,0.982995,1.0398830000000001,0.936404,0.800593,0.987596,1.041333,1.00934,0.999312,1.028941,0.997988,1.016993,1.002473,0.949389,1.023872,1.006782,1.020564,1.040717,1.002901,1.035062,1.012214,0.995337,1.033147,1.011638,0.993725,0.998563,1.056936,1.035645,1.029544,1.019349,1.01003,1.011229,1.005243,1.031538,1.075269,1.011652,1.019651,0.986993,1.033914,1.083098,1.054784,1.062067,1.003297,0.997031
1992-05-31,0.989759,0.999921,0.977204,1.02306,0.9721,0.990043,0.980156,1.00785,1.016017,0.987969,0.98604,0.981327,1.046231,1.009865,0.9983,0.985236,1.016456,0.984397,0.987986,0.989932,0.994168,1.008457,0.992826,1.005915,1.014298,1.030084,1.006975,1.021209,1.00327,0.968004,1.041126,1.046041,1.035519,1.008595,1.038234,1.005987,0.998194,0.995755,1.009882,0.979414,1.06932,1.027609,1.015855,1.012625,1.00135,1.018766,0.995381,0.995714,0.998824,0.963918,1.001201,1.028365,0.992362,1.014281,0.997342,0.998215,1.008727,0.999862,0.998503,1.013417,0.96659,1.006417,1.007157,1.00756,1.025749,1.002101,0.994696,1.019174,0.9905079999999999,1.014911,0.990549,0.986236,1.01992,0.998238,0.993523,1.009719,1.007426,1.016312,1.001039,1.009549,0.974495,1.002059,0.996905,1.014917,1.007528,1.009817,1.005704,1.011327,1.016239,0.990368,0.96,1.017082,0.997641,1.032041,1.007084,1.003324,0.996894,0.995993,1.014038,1.013854
1992-06-30,0.932218,0.914979,0.953723,0.959873,0.950431,0.9655279999999999,0.955687,0.920941,0.933834,0.93909,0.922134,0.942893,0.934115,0.937735,0.973901,0.957556,0.955192,0.931655,0.957182,0.927493,0.939726,0.953597,0.976418,0.971698,0.949398,0.97265,0.954131,0.953524,0.937072,0.951515,0.947428,0.971235,0.97727,0.978348,0.977642,0.945069,0.940259,0.94958,0.979264,0.97004,0.98331,0.94759,0.977116,0.987473,0.977863,0.9535,0.972185,0.961085,0.955734,0.984955,1.000023,1.002669,0.987069,0.9595629999999999,0.973479,0.961656,0.97361,0.96127,0.99164,0.969287,0.869015,0.957134,0.999834,0.987604,0.974731,0.971688,0.98565,0.965407,0.943483,0.993079,1.040395,0.985672,1.025005,1.005502,0.981904,1.004272,0.966331,0.963053,0.979212,0.976999,0.945219,1.018971,0.980866,0.997318,0.989554,0.974623,0.959637,0.972411,0.985858,0.989649,1.005952,0.948579,0.942775,1.026386,0.991466,1.017482,1.022001,0.969488,0.986585,0.959571
1992-07-31,1.005702,1.008876,1.035824,1.007692,0.991038,1.023308,1.033764,0.995932,1.03701,1.040575,0.998721,1.011673,1.015953,1.060498,1.013272,1.005235,1.024768,1.047263,1.045564,1.052656,1.044566,1.007562,1.045183,1.018822,1.038455,1.077475,1.031023,1.075654,1.049988,1.022505,1.04715,1.022963,1.035299,1.030213,1.052995,1.02144,1.05201,1.039544,1.027739,1.038243,1.016817,1.050362,1.064454,1.011575,1.062494,1.050046,1.004371,1.051243,1.042802,1.008126,1.057009,1.033057,1.037212,1.040447,1.057446,1.085409,1.04736,1.063202,1.02946,1.051622,1.071703,1.005419,1.051588,1.067058,1.041366,1.029287,1.056032,1.022957,1.029544,1.016876,1.051162,0.996871,1.031053,1.081579,1.054698,1.05611,1.029683,1.043261,1.040045,1.055324,1.03852,1.042406,1.060519,1.077121,1.041173,1.047328,1.048489,1.04441,1.014226,1.033186,1.035503,1.031424,0.991224,1.048779,1.017874,1.039132,1.048577,1.038126,1.0465,1.049186
1992-08-31,0.935276,0.987866,0.9632229999999999,0.991074,0.993788,0.978704,0.958752,1.010131,0.987542,0.946184,0.9330229999999999,0.972639,0.966074,0.960242,0.994522,0.977321,0.990809,0.997957,0.953618,0.989832,0.917205,0.971582,0.962414,0.966125,1.003771,0.984185,0.972049,1.002191,0.982913,0.996845,0.90589,0.988438,0.981239,0.99425,0.958684,0.976765,0.947761,1.007805,1.023161,0.972995,0.895073,0.923367,0.975857,0.983822,1.000163,0.988804,0.958254,0.978025,0.980201,0.957197,0.921712,0.946802,0.963597,1.001032,0.994661,0.974958,0.97299,0.988477,0.987832,0.981235,0.881053,0.978462,0.972787,0.971369,0.9709,0.99146,0.996363,0.981578,0.974456,0.963089,0.959676,0.982905,0.970378,0.986596,0.975647,0.989553,1.002576,0.970792,0.960449,0.998382,0.961388,0.93789,0.970774,0.94588,0.984329,0.971183,0.972133,0.998278,0.970144,0.988674,0.902857,0.953122,0.915463,0.978904,0.966286,0.987406,0.985729,0.974994,0.993668,0.990727
1992-09-30,1.001037,1.007076,1.016877,1.02101,1.01004,1.031616,1.022272,0.99469,0.99462,1.011126,1.014656,0.998718,0.995216,1.044607,0.994807,1.021057,1.018651,0.974377,1.03969,1.025484,1.027913,1.027767,1.007101,1.039928,1.018871,1.064935,1.023472,1.04969,1.022644,1.053072,1.024051,0.967702,0.981426,1.002713,1.040035,1.023204,1.009224,1.03967,1.012913,1.050958,0.938277,0.992441,1.006707,1.025925,1.023892,0.989158,1.026787,1.026209,1.05604,1.000319,1.018318,1.034354,1.030646,1.031037,1.041554,1.020335,0.997276,1.00074,1.046709,1.048545,0.940275,1.002898,1.059619,1.001074,1.029704,1.047345,1.009065,1.009183,1.006073,0.966973,1.006732,0.987782,1.015745,1.039277,1.008016,1.031496,1.023982,1.006955,1.013164,1.020252,1.017206,1.033839,0.999932,1.03554,1.003753,1.025411,1.019906,1.035787,1.022164,1.039025,1.179402,1.023427,0.971869,1.028294,0.996674,0.998416,0.99714,1.038296,1.025611,0.986354
1992-10-31,1.009594,1.008691,1.043376,1.015664,0.993751,1.040261,1.006106,1.008233,1.02833,0.99385,1.027013,1.029059,1.041998,1.021804,1.023579,1.028001,1.019646,1.035765,1.050451,1.04612,1.019263,1.042921,1.030859,1.054253,1.013464,1.043069,1.031641,1.058838,1.035647,1.042803,0.995515,1.021252,1.025194,1.006921,1.050498,1.03046,1.04489,1.033803,1.067386,1.054222,1.009187,1.065738,1.039245,1.040693,1.016924,0.958121,1.058173,1.016175,1.059738,1.064284,1.018586,1.034451,1.062901,1.027082,0.988105,1.048486,1.023272,1.019526,1.066806,1.025483,1.023337,1.060967,1.017942,0.997302,0.988176,1.029851,1.009164,1.017194,1.027663,1.101334,1.06978,1.049576,1.028371,1.017961,1.053272,1.010479,1.021875,1.04963,1.027391,1.015583,1.008198,1.010256,1.006353,0.989064,1.007272,1.014855,1.027755,1.020573,1.046724,1.026503,1.172973,0.964696,0.987483,1.008078,0.956181,0.976037,0.996848,0.998943,1.025548,1.012874
1992-11-30,1.085384,1.068365,1.076356,1.078566,1.052325,1.058801,1.060174,1.106584,1.106998,1.085527,1.120296,1.106814,1.063155,1.112114,1.098416,1.080309,1.1155599999999999,1.119264,1.136791,1.113942,1.089303,1.069497,1.085982,1.080176,1.086774,1.094133,1.077984,1.089814,1.078256,1.084311,1.123517,1.079741,1.058702,1.038771,1.0272000000000001,1.0697,1.081048,1.050511,1.086143,1.095462,1.114263,1.06068,1.072788,1.05179,1.043183,1.087767,1.095167,1.062327,1.071561,1.107,1.066226,1.041698,1.074007,1.045988,1.041898,1.059264,1.090388,1.054532,1.059396,1.101485,1.051296,1.042021,1.030696,1.008838,1.038479,1.056696,1.03293,1.053455,1.061818,1.077105,1.092733,1.045402,1.033394,1.025608,1.055319,1.012431,1.027587,1.064376,1.0711870000000001,1.084465,1.030635,1.061234,1.038724,1.031626,1.029532,1.02977,1.050596,1.038387,1.045786,1.083628,1.096774,1.087362,1.047876,1.02754,1.007681,1.010034,1.01855,1.051424,1.042719,1.024345
1992-12-31,1.051452,1.056795,1.044634,1.045911,1.107733,1.040567,1.05483,0.993764,1.011534,1.053911,1.00297,1.048032,1.024603,1.023377,0.99996,1.028503,1.067835,1.029494,1.045836,1.040408,1.006448,1.032853,1.020447,1.047344,1.044787,1.030741,1.016867,1.039779,1.021508,1.016252,1.031043,1.06266,1.010101,1.041656,1.058014,1.038624,1.014547,1.035483,1.032427,1.024622,1.051025,1.01102,0.995506,1.038099,1.02795,1.010425,1.065099,1.036369,1.067292,1.019789,1.098773,1.061667,1.050681,1.053805,1.019051,1.037766,1.018257,1.021997,1.023353,1.065441,1.007903,1.06523,1.042769,1.009587,1.040549,1.021798,1.02789,1.033586,1.030377,1.014555,1.090177,1.001551,1.038635,1.025315,1.065883,1.026876,1.000803,1.028442,1.047856,1.011525,1.051027,1.02383,1.030916,1.026645,1.011642,1.005314,1.00339,1.019509,1.011037,0.986635,1.080538,1.036101,1.013444,1.013712,0.962469,1.019085,1.015958,1.034897,1.023795,0.98927
1993-01-31,1.071081,1.06194,1.068397,1.08045,1.051274,1.061629,1.040431,1.061872,1.115588,1.068308,1.025375,1.040637,1.050814,1.036483,1.015748,1.028746,1.046015,1.030945,1.062325,1.029376,1.018582,1.04649,1.033324,1.056542,1.038327,1.037682,1.071054,1.016696,1.026886,1.029399,0.999028,1.032893,1.025692,1.023267,1.003871,1.044659,1.022556,1.017184,1.047253,1.033288,0.93288,1.017578,1.002838,1.04585,1.044013,1.038375,1.032516,1.055764,0.985693,1.046607,1.112962,0.993664,1.003435,1.015683,0.992101,1.041879,0.992347,1.022699,1.048123,0.985934,0.98885,1.079666,1.026636,1.002633,1.01207,1.017296,1.040387,0.999596,1.01955,1.001613,1.004549,1.01392,1.034546,1.052571,1.032621,1.031189,1.023234,1.01862,1.016111,1.028843,0.990681,1.030691,1.017877,1.031043,1.034372,1.000614,0.993092,1.004303,1.033056,1.024935,1.222656,1.052971,1.085896,1.013628,1.018449,1.002171,0.9864850000000001,1.009568,1.000551,0.967656
1993-02-28,0.966826,1.002937,0.985952,0.984973,0.982813,0.966213,0.986297,0.980003,0.955975,0.956182,0.93035,0.977761,0.979432,0.962615,0.987019,0.971985,0.933306,0.951014,0.967985,0.925592,0.9058740000000001,0.970774,0.975979,0.956896,0.985733,0.969994,0.978004,0.966042,0.987354,1.010199,0.934905,0.977609,1.013524,0.983397,0.998348,0.976746,0.957481,0.961772,0.960101,1.003687,0.930835,0.996162,0.988387,1.000212,1.006819,1.013592,0.976465,0.985926,0.978987,0.951687,0.988733,0.998476,0.961518,1.01519,1.008254,0.986119,0.988663,0.981576,1.014409,0.91417,0.8397479999999999,0.997666,1.016089,1.042243,0.98823,0.997651,1.005097,0.98951,1.002165,0.97456,0.979475,0.989476,1.017245,1.020465,1.023369,1.036663,0.991831,0.980702,0.989224,0.963762,1.06329,1.014,1.000548,1.02437,1.037239,0.998669,1.006881,1.013655,0.983352,0.990129,1.01278,1.033302,1.017663,1.033981,1.045836,1.032919,1.049172,1.013058,1.01238,0.965396
1993-03-31,1.036098,1.04241,1.022012,1.022826,1.046412,1.032382,1.039825,1.031222,1.017142,1.029561,1.026123,1.024965,1.004158,1.014031,1.034841,1.03091,0.99285,0.982535,1.060351,1.034962,0.998575,1.036067,1.004309,1.055015,1.002525,1.029122,1.022707,1.036158,1.025642,1.055862,0.997914,1.024454,1.00077,1.008977,1.049136,1.05433,1.0269759999999999,1.027021,1.033194,1.025705,1.007563,1.021016,0.993258,1.038047,1.036188,1.024051,1.029327,1.047119,1.025388,1.065681,1.076328,1.027966,1.047154,1.066348,1.057735,1.045662,1.028974,1.035897,1.041456,1.064353,1.034968,1.039031,1.041242,1.059864,1.010802,1.056838,1.034942,1.011721,1.007313,1.089704,1.050864,1.006868,1.045272,1.052308,1.053358,1.047745,1.025455,1.028415,1.027141,1.02055,1.040546,1.039533,1.049931,0.997245,1.042148,1.020073,1.014484,1.046486,1.016228,1.034937,1.003762,1.052529,1.049373,1.022779,0.994684,1.03134,1.022495,1.029533,1.014889,1.000762
1993-04-30,0.967127,1.00017,0.976401,1.020134,1.003211,0.960717,0.9607289999999999,0.965079,0.973051,0.972085,0.945558,0.984244,0.972186,0.978858,0.965781,0.963908,1.011236,0.92995,0.946412,0.948906,0.983865,0.969246,0.972229,0.967048,0.984992,0.953342,0.972841,0.980422,0.961053,0.984812,1.055602,0.964894,0.961865,0.97107,0.958041,0.979752,0.940644,0.98762,0.945088,0.985469,0.988617,0.981467,0.958856,0.97144,0.996768,0.959981,0.961051,0.963938,0.956201,0.9332,0.98024,1.009524,0.95352,0.977736,0.97243,0.975848,0.972217,0.962128,1.007902,0.950733,1.059164,0.953086,0.992922,0.96835,1.006462,0.983337,0.965711,0.950541,0.964817,0.980925,1.000593,0.985831,0.998549,0.960875,0.9879,0.974938,0.992789,0.952348,0.946249,0.948291,1.061319,1.047731,0.963606,0.984712,0.986141,0.963274,0.981272,0.963842,0.9416059999999999,0.939983,1.041009,1.025944,1.050206,0.991319,0.970282,1.018109,0.978266,0.974232,0.939316,0.951182
1993-05-31,1.054868,1.049943,1.054921,1.039695,1.035002,1.038184,1.0192890000000001,1.03716,1.007611,1.025659,1.086305,1.054129,1.03256,1.050365,1.038903,1.02058,1.104542,1.001259,1.043555,1.0556,1.074579,1.078641,1.060141,1.068119,1.034364,1.037626,1.054812,1.072683,1.030368,1.077724,1.106886,1.0367,1.018755,0.999735,1.039355,1.034086,1.054458,1.066838,1.043396,1.019362,1.094755,1.032235,1.005258,1.05795,1.024307,1.042071,1.037285,1.06797,1.072743,1.048828,1.1373579999999999,1.078858,1.070548,1.043406,1.034536,1.071461,1.031897,1.019808,1.030413,1.051246,1.091974,1.030546,1.022343,1.038778,0.994642,1.049362,1.009521,1.016297,1.034366,1.069112,1.070754,1.02257,1.038181,1.038336,1.054415,1.040269,1.019587,1.047596,1.038843,1.053262,1.030884,1.014048,1.024085,0.994309,1.002379,1.027544,1.018881,1.025834,1.028397,1.04989,1.075758,1.025838,1.007498,1.003734,1.018357,1.034064,1.014046,1.028451,1.041806,1.022078
1993-06-30,1.018538,1.02318,0.983182,1.022114,0.995226,0.980688,1.015543,1.003374,1.024064,1.020428,0.982505,1.000155,0.999645,0.992309,0.996465,0.996032,0.9818,0.9540150000000001,1.026642,0.989694,0.997799,0.994069,0.991694,1.001434,1.023653,0.984477,1.03056,1.023069,1.023141,0.9601230000000001,1.026213,1.041345,0.982562,0.99872,1.03166,0.997447,0.989215,0.968869,1.013061,1.013021,0.998764,1.04241,1.032874,0.993886,1.045089,0.979339,0.989816,1.013935,1.039229,1.029208,0.994836,1.009116,1.031425,1.010929,0.963049,1.029593,0.97371,1.004895,0.966052,0.990043,1.052545,1.004046,0.993273,1.012986,1.009587,1.024847,1.023677,1.006001,1.010818,1.028555,1.03111,1.022957,1.021091,1.044364,0.978026,1.008913,1.01418,1.018949,1.012743,1.003555,0.996678,1.000626,1.014438,1.021862,1.015164,1.0104,0.966456,1.00062,1.032418,0.988252,1.068251,1.014843,1.054798,1.000346,0.995232,0.989351,1.008159,1.024485,0.985783,0.99704
1993-07-31,0.997763,1.001748,1.007591,1.020985,1.044033,1.019597,1.011023,1.012726,0.980613,0.999387,0.983996,1.017924,1.024191,1.029856,1.01188,1.006877,0.996491,1.012696,0.998019,1.001173,0.985206,1.036408,1.018041,0.995276,1.025524,1.006854,1.013203,1.009776,0.992808,1.018435,1.010959,0.946853,0.997935,1.01279,1.038582,1.016943,1.000921,0.992555,0.985411,1.045215,1.034263,1.022274,1.017211,1.022266,1.018609,0.995002,0.996847,1.009022,1.021213,0.994593,0.98331,1.018904,0.965585,0.999638,0.987736,1.018473,1.01579,0.991023,0.991541,1.011664,0.955635,1.041088,1.029108,0.996707,1.012999,1.013272,1.007884,0.966435,1.009379,0.998938,1.018501,1.000701,1.001148,1.01307,0.989859,1.002135,1.016621,1.00123,0.995311,0.970674,0.994502,1.025906,1.01915,1.017634,1.033581,1.026111,1.015705,0.961556,0.98882,0.989196,1.030225,1.089394,1.009137,1.006864,1.009136,1.005594,1.005449,0.975637,0.99099,0.961372
1993-08-31,1.039275,1.028004,1.043926,1.03246,1.03147,1.050853,1.048948,1.032437,1.033744,1.030116,1.040386,1.022081,1.038542,1.048578,1.036842,1.031539,1.037341,1.043424,1.060669,1.053839,1.059103,1.0404,1.028654,1.06177,1.022643,1.051121,0.99982,1.014514,1.075342,1.097513,1.062199,1.070466,1.053691,1.024692,1.054368,1.061892,1.052157,1.03415,1.046449,1.042018,1.037601,1.025488,1.070578,1.046922,1.048264,1.018366,1.040226,1.019,1.007355,1.048417,1.074506,1.047878,1.083739,1.056042,1.020411,1.015555,1.040648,1.052829,1.034604,1.063426,1.078875,1.090571,1.0683259999999999,1.04601,1.015113,1.038947,1.031285,1.024084,1.036571,1.041037,1.106762,1.038263,1.053344,1.020926,1.096776,1.032669,1.040207,1.08739,1.038753,1.042609,1.050756,1.036281,1.075058,1.070071,1.025891,1.016795,1.057707,1.044433,1.012008,1.019319,1.060356,1.045979,1.049346,1.025129,1.011366,1.048566,1.037429,1.041259,1.035584,1.025503
1993-09-30,1.052471,1.040455,1.025948,1.064545,1.035138,1.01806,1.013845,1.039727,1.016073,1.01426,1.01191,1.016753,1.053886,1.029792,1.019897,1.017331,1.019375,1.008192,1.012486,1.030658,1.035102,1.034002,1.034166,1.005076,1.021258,0.985499,1.044137,1.013637,1.036168,1.043393,1.066544,1.0240339999999999,1.016846,1.003172,1.050597,1.027896,1.027552,1.021009,1.0465,1.063826,1.008684,0.983892,1.036523,1.011264,1.02486,1.006613,1.039569,1.039596,1.030278,1.018954,0.965362,0.972729,1.068518,1.002518,1.021859,1.032236,1.014984,1.023636,1.014446,1.004225,0.926351,0.988428,1.013308,1.000948,1.00598,1.006241,1.023553,0.982839,1.019275,1.02886,1.005093,0.971663,1.008972,1.040525,0.979826,0.996425,0.996928,1.010324,0.997115,1.016164,0.98019,1.000983,0.956647,0.989441,1.008715,0.99321,0.995719,0.994574,0.998252,1.02398,0.981447,1.006607,1.003778,1.016197,0.983619,1.009327,0.985746,1.002623,0.990027,0.989431
1993-10-31,1.04459,1.044288,1.052451,1.030592,1.024323,1.076865,1.055711,1.10998,1.055271,1.075927,1.081927,1.044137,1.024403,1.071263,1.02191,1.030085,1.004331,1.015038,1.017334,1.051424,1.10226,1.051869,1.040017,0.995293,0.997732,1.025006,1.041542,1.001624,1.056505,1.030588,1.024279,1.008741,1.00008,1.026001,1.007875,0.977214,1.00431,1.014039,1.003826,1.048564,1.020211,0.996933,1.047049,0.98477,1.02062,0.999638,1.040134,1.018279,1.037385,1.031482,1.033761,1.018327,0.969311,0.999649,0.993706,0.991969,0.974792,1.000867,1.035355,0.971857,0.934079,1.032163,0.973622,0.989188,1.007171,1.026827,1.027835,1.006787,1.008777,1.007223,1.029293,0.984844,0.968392,1.013702,1.012763,1.036765,1.029825,1.011957,0.964352,1.029412,1.028991,1.02658,0.975673,0.983059,0.9944,0.996219,1.01951,1.02576,1.030234,0.986199,1.016188,1.007128,0.982314,0.99828,0.996595,1.008784,1.035871,1.006369,1.01777,1.048563
1993-11-30,0.958913,0.97642,1.00139,0.949615,0.997904,0.952052,0.99411,0.962795,0.992554,0.976143,0.932078,0.958447,0.98593,0.964679,1.005483,1.00484,0.966912,0.993003,0.99095,0.994034,0.968656,0.964835,0.983906,0.962857,0.980838,0.980982,0.970238,0.976618,0.969377,0.953827,0.913587,0.986456,0.967279,0.958691,0.9646939999999999,0.975536,0.974624,0.985645,0.977893,0.959534,1.00219,0.984143,0.965738,0.965113,0.976772,0.975136,1.014651,0.944541,0.972338,0.974478,0.991304,0.926824,0.992331,1.001649,0.983537,0.978057,0.961274,0.972435,0.978078,0.984667,0.8716280000000001,0.93371,0.959876,0.973003,0.97632,0.964188,0.981392,0.964484,0.96095,0.946663,0.951068,0.974566,0.969546,0.987605,0.97549,0.974647,0.975392,0.99495,0.992581,0.983321,0.981923,0.978357,0.948809,0.981263,0.992428,0.990177,0.983758,0.98692,0.993171,1.025622,0.963649,0.957444,0.960419,0.985516,0.986372,0.954663,0.99419,1.005289,0.999766,1.007549
1993-12-31,0.986024,0.990926,1.036563,0.999845,0.993979,1.02469,1.019374,1.012306,1.000354,0.992349,0.995713,1.012902,1.016681,1.023999,1.033487,1.024924,1.015597,1.033755,1.029441,1.02699,0.98423,1.035803,1.060079,1.051878,1.034502,1.013635,1.04638,1.067599,1.019085,1.041531,0.976139,1.042206,1.036859,1.069636,1.043605,1.050445,1.019239,1.043891,1.024431,1.056619,1.041514,1.051516,1.025063,1.049603,1.078811,1.056498,1.050268,1.06362,1.034699,1.043381,0.997791,1.031876,1.076725,1.058197,1.051873,1.076004,1.03628,1.03682,1.018158,1.020023,0.985801,1.039563,1.046524,1.043761,1.039528,1.042305,1.047401,1.054013,1.014172,1.083614,1.026219,1.025528,1.020917,1.062849,1.065775,1.064022,1.053691,1.032932,1.02624,1.01959,0.996812,1.018226,1.024225,1.021442,1.031269,1.015669,1.02593,1.034089,1.029272,1.01688,0.988938,0.990476,1.015532,1.00902,1.001596,1.006688,1.018016,0.984747,1.000515,1.022998
1994-01-31,1.058988,1.071419,1.057559,1.05736,1.037404,1.060855,1.04854,1.078024,1.044279,1.075089,1.032232,1.048292,1.069636,1.051917,1.041646,1.027173,1.024907,1.094954,1.034811,1.011393,1.06413,1.018872,0.997411,1.029622,1.01685,1.051722,1.039,1.00914,1.015052,1.019032,1.070695,1.02445,1.016635,1.014595,1.014837,1.019332,0.988553,1.039848,1.026189,1.014253,1.028362,1.038593,1.041276,1.021633,1.036192,1.005963,1.005625,1.015081,1.005582,1.024647,1.065584,1.037802,1.027572,1.022724,1.017684,1.010938,1.009352,1.022254,1.04163,1.021741,0.994892,1.00289,1.044967,1.00037,1.028236,1.010933,1.027742,1.056394,1.068227,0.988831,1.054147,1.038972,1.022413,1.04043,1.048658,1.016109,1.056826,1.001008,1.0606,1.003739,0.992213,1.050843,1.017732,1.039182,1.01692,1.051383,1.031294,0.990285,1.042172,1.031125,1.027302,1.04332,1.070481,1.033437,1.03152,1.045602,1.02595,1.056596,1.021717,1.020689
1994-02-28,0.970608,0.996834,1.000739,1.006527,1.018167,1.024353,0.983471,1.014375,1.007265,1.007694,0.960737,0.998879,0.990771,0.995635,1.021617,1.000165,1.035656,0.958066,1.006608,0.993188,0.968124,0.979521,0.974418,1.025445,1.028288,0.97572,1.012788,1.01079,0.994361,1.017212,0.95085,0.97043,0.991707,0.988412,1.016397,0.988546,1.024287,1.007121,0.973639,0.999165,0.969677,1.002208,1.057693,1.008456,0.999392,0.985709,1.015895,0.992151,1.011904,1.003741,0.958422,0.994375,0.987387,1.002835,1.008388,0.980679,1.018895,1.01817,0.992847,0.974717,0.923047,0.964468,0.980356,0.977418,1.012264,0.998921,1.016843,0.985466,0.95076,1.024785,0.93795,0.982969,0.984598,0.988933,0.971665,0.97951,0.977038,0.974696,0.997868,1.010443,0.945212,0.984893,0.983202,0.969737,0.965968,0.973604,0.99532,0.993959,0.993239,0.979399,0.941975,0.919555,0.944721,0.961878,0.986276,0.962229,0.95143,1.017767,0.967316,0.964878
1994-03-31,0.943771,0.963225,0.942136,0.963937,0.946193,0.958823,0.9365209999999999,0.954215,0.941581,0.949255,0.916967,0.951409,0.972773,0.955367,0.945685,0.957223,0.976118,0.960193,0.970254,0.924652,0.892309,0.941297,0.937168,0.916597,0.943643,0.966217,0.947508,0.955698,0.943734,0.923418,0.949628,0.914249,0.926267,0.972603,0.948032,0.930936,0.963192,0.955059,0.948166,0.952477,0.944721,0.960393,0.963109,0.945892,0.947205,0.950286,0.950897,0.956255,0.967798,0.936141,0.940114,0.957032,0.918473,0.959514,0.94334,0.952554,0.959439,0.952467,0.936361,0.966221,0.982146,0.9465749999999999,0.968232,0.962336,0.934979,0.9832380000000001,0.958245,0.942972,0.964073,0.973053,0.958324,0.944217,0.951997,0.93057,0.915084,0.957766,0.947214,0.956413,0.970136,0.96654,0.941888,0.943469,0.973113,0.953859,0.964262,0.957528,0.9498800000000001,0.960264,0.971957,0.990996,0.952712,0.964688,0.956509,0.968796,0.963073,0.957013,0.965916,0.952351,0.958835,0.945832
1994-04-30,0.96583,0.983423,0.974956,0.993885,1.008263,0.983047,0.993694,0.998501,0.99502,0.994365,0.950657,0.987059,0.997992,1.022701,0.983202,0.975996,1.005554,0.984627,0.999373,1.025959,0.975933,1.029595,1.01203,1.031549,1.001589,1.02604,1.004491,0.987715,0.99557,0.944934,1.017931,1.010023,1.026958,0.987177,1.013904,1.015562,0.997956,0.983906,1.005581,1.027456,0.932598,0.98626,1.031609,1.006736,1.029633,1.010327,1.0113,0.995046,1.01185,1.022898,0.982749,1.005351,1.016983,1.001578,1.01489,1.036553,0.993259,0.982487,0.992476,0.997535,0.91481,1.010372,1.020883,1.002901,1.013688,0.994339,1.002816,1.017511,1.017116,1.015883,0.973656,0.985005,1.03453,1.024063,1.01742,0.99875,0.999107,1.026698,1.010946,0.981432,0.9425790000000001,1.005227,1.015678,1.026446,1.006968,0.998619,0.984934,1.013415,1.013548,1.011391,1.006209,1.044927,0.992207,1.025161,1.007692,1.037364,1.008243,0.984134,1.014235,1.036737
1994-05-31,0.99473,0.998992,0.984935,0.992471,0.97452,1.001445,0.985148,0.985431,0.994688,0.964984,0.966437,0.978811,0.976277,0.967955,0.986591,1.0056,1.014214,0.966982,0.968883,0.988486,0.961354,1.022472,0.959727,0.979312,0.987887,0.996197,1.019787,1.009421,0.971409,0.980096,0.999412,0.995954,0.98648,0.981252,0.991561,0.985779,0.958446,1.004515,0.976336,0.973505,0.987514,0.979275,0.971614,0.985443,0.947173,1.020406,0.996057,1.000236,0.998363,0.968543,1.002376,1.003721,0.936268,1.011339,0.992264,0.99316,1.013576,0.977865,1.00626,1.006711,0.905151,0.984719,0.977528,0.957743,0.957975,1.005303,0.993876,1.014083,1.018587,0.965171,1.000342,0.987017,0.990814,0.972033,0.991577,0.984812,1.019031,0.986442,1.016286,1.059981,1.049788,0.971257,1.002672,1.001489,0.995803,0.985254,1.020471,1.04665,1.010974,1.001705,1.018386,1.039269,1.023417,1.013748,0.998245,1.004089,1.034289,1.013542,1.035586,1.011509
1994-06-30,0.938965,0.976443,0.975357,0.990439,0.987594,0.988011,0.977016,0.984119,0.984073,0.956143,0.945786,0.940972,0.945751,0.954093,0.962265,0.960358,0.965143,0.937675,0.967461,0.947343,0.916154,0.961135,0.97467,0.973097,0.981522,0.977096,0.960548,0.975197,0.991652,0.967336,0.957383,0.997628,0.957324,0.994717,0.943234,0.973589,0.969132,0.968076,1.004831,0.960625,0.957322,0.955968,0.952391,0.977622,0.934436,1.000361,0.976122,0.989841,0.961318,0.975296,1.005188,0.995817,0.990835,0.993891,0.984327,0.979714,0.962027,0.969592,0.970039,0.987211,0.975974,0.946416,0.982769,0.987905,0.979065,0.96326,0.939421,0.991445,0.959642,0.946014,0.93227,0.989141,0.986506,1.015596,0.951937,0.974035,0.971395,0.950665,0.94338,0.950823,1.005065,1.001464,0.984829,0.963988,0.972431,0.994684,0.952395,0.962539,0.97382,0.952924,0.976215,0.948312,0.95793,0.961472,0.948327,1.001929,0.981862,0.979812,0.977692,0.980446
1994-07-31,0.99966,1.013776,1.000365,1.006412,1.012254,1.014703,1.011728,0.996485,1.018076,1.00746,0.989167,1.012641,1.013341,1.006843,1.005785,0.999082,1.014205,1.011069,0.984971,1.016894,1.020298,1.019134,1.024978,1.003007,1.011366,1.033121,1.016787,1.048746,1.044996,1.0398,1.053356,1.007886,1.036489,1.008833,1.028965,1.025472,1.003674,1.006863,1.0184,1.02161,1.0189840000000001,1.022662,0.994137,1.013692,1.007518,1.016356,1.05514,1.032784,1.013714,1.019004,1.043657,1.02276,1.047592,1.060033,1.049769,1.028896,1.021841,1.045654,1.020202,1.017174,1.080936,1.06817,1.014282,1.031697,1.011631,1.045612,1.039464,1.058309,1.027669,1.006515,1.05395,1.039834,1.049454,1.052652,1.025259,1.041757,0.994399,1.0231729999999999,1.033765,1.025911,0.981629,1.039136,0.997226,1.047634,1.037588,1.049792,1.034181,1.030709,1.019494,1.051962,1.044387,1.112649,1.044047,1.03599,1.026036,1.038565,1.058542,1.031451,1.017059,1.028707
1994-08-31,1.006798,1.017747,1.043519,1.03038,1.004437,1.045892,1.037205,1.04714,1.010616,1.053443,1.034737,1.046234,1.045144,1.035102,1.05336,1.040413,1.055602,1.037376,1.046934,1.063873,1.068976,1.045583,1.050253,1.049943,1.045701,1.076674,1.046541,1.030485,1.046613,1.077178,1.120482,1.049737,1.056831,1.078108,1.030102,1.066284,1.05308,1.066446,1.084048,1.044084,1.074534,1.083786,1.05815,1.078422,1.06654,1.041913,1.077191,1.082102,1.079003,1.074673,1.048137,1.06785,1.053904,1.018321,1.02861,1.064517,1.057933,1.058932,1.046154,1.052013,1.054819,1.056284,1.053837,1.054069,1.118167,1.04575,1.036093,1.052641,1.04565,1.063429,1.103669,1.070484,1.052739,1.024403,1.045801,1.030304,1.078977,1.037285,1.054377,1.045996,1.052791,1.009683,1.037155,1.020679,1.013511,1.058164,1.028863,1.074023,1.067314,1.06415,1.038359,1.029324,1.019087,1.077603,1.036347,1.03487,1.001847,1.039458,1.039057,1.045492
1994-09-30,1.011385,1.02978,1.018026,1.025413,1.005584,1.023792,1.018039,1.025704,1.012512,0.991845,1.000161,0.992863,1.019479,1.030011,1.022307,1.01627,0.994953,1.017929,1.019771,1.014281,0.995313,1.010034,1.010342,1.032697,1.016251,0.997259,0.974727,1.017593,1.020592,1.031769,0.9306490000000001,0.968274,1.021659,1.021169,0.983179,0.978246,1.009641,1.002916,1.000936,0.9865120000000001,0.985177,0.976136,1.01458,0.974701,0.994657,0.997056,0.986221,0.987204,1.009084,1.01771,1.011732,0.984069,0.948645,0.965414,0.984551,1.018985,0.992841,1.010922,0.988478,1.004119,0.978296,1.005407,0.971059,0.990852,0.990462,0.966877,0.977076,0.98569,0.984823,0.971972,0.983269,0.978064,0.983167,0.97577,0.996643,0.974391,0.978617,0.977288,0.972939,0.980969,0.990678,0.963033,0.951596,0.999707,0.97723,0.958594,0.969665,0.978155,0.968772,0.953671,0.961987,0.943245,0.988557,1.00404,0.962894,0.96702,0.979256,0.964048,0.973192,0.9890369999999999
1994-10-31,0.995571,1.008756,1.023916,1.017002,0.997456,1.012883,1.01115,0.991675,0.988445,1.036473,0.972271,0.991772,1.0113509999999999,1.0140419999999999,1.014292,1.009487,1.009322,0.972126,1.007378,1.033979,0.980302,1.010254,1.015336,0.985361,0.959159,1.009161,0.99473,1.068397,0.991395,1.013238,0.996551,0.993372,0.998477,1.012707,1.024114,1.01314,0.996247,0.990822,0.972514,0.967019,0.91062,0.999137,1.016896,1.002076,0.991553,0.995283,0.99794,0.998524,0.976334,1.034962,1.015776,1.031661,0.9853,1.025301,0.995993,1.034403,1.013136,1.029315,1.020912,1.030384,0.962723,0.988989,1.035676,0.987224,1.040186,0.972674,1.004418,0.996156,1.017861,1.052188,0.994039,1.001261,0.973657,1.023327,1.008719,1.010638,1.017973,0.989259,1.020683,0.984422,1.036069,0.983438,0.989006,1.024791,0.989472,1.039312,1.025735,1.035394,0.993909,1.026358,1.024793,1.047077,1.049641,1.02889,1.013351,1.06949,1.031496,1.018396,1.02148,1.01659
1994-11-30,0.949171,0.96077,0.981163,0.972904,0.98285,0.995663,0.958577,0.945629,0.981728,0.975215,0.965794,0.960645,0.971234,0.979682,0.970807,0.970494,0.943899,0.965875,0.981216,0.946827,0.961286,0.982819,0.9678599999999999,0.953963,0.973044,0.946923,0.947113,0.985304,0.949331,0.972876,0.934131,0.965126,0.952844,0.968696,0.974318,0.986729,0.958435,0.951239,0.951606,0.975739,0.934298,0.949541,0.963987,1.002338,0.973224,0.958731,0.941243,0.97165,0.939048,0.979222,0.951846,0.92075,0.944461,0.955138,0.942971,0.947058,0.942142,0.977984,0.936551,0.932686,0.937868,0.939512,0.950608,0.932878,0.953772,0.961607,0.963058,0.939163,0.949197,0.928811,0.974207,0.968923,0.947434,0.970303,0.991972,0.962384,0.990501,0.956556,0.967163,0.947901,0.959735,0.982672,0.977532,0.944385,0.9572,0.965208,0.955098,0.976803,0.945937,0.948393,0.946268,0.986289,0.966398,0.949367,0.965083,0.969408,0.95892,0.971565,0.974339,0.970616
1994-12-31,0.954004,0.993452,0.98508,0.993501,0.978293,0.984223,0.97182,0.990456,0.974713,0.990042,0.994933,0.994534,1.007397,1.004386,1.002506,1.001565,1.023965,1.008254,1.008862,0.967373,0.970353,1.020047,0.988657,1.0416,1.028898,1.0084089999999999,1.027003,1.044539,1.027147,1.030138,0.952022,1.061465,1.063414,1.045482,1.016488,0.989555,1.045734,1.037434,0.985836,1.03805,1.001284,1.019157,1.015762,1.040054,1.020671,1.037756,1.059997,1.024142,1.008673,1.054932,1.028298,1.01765,1.012289,1.018492,1.043541,1.000297,1.030177,1.033446,1.010361,1.044191,1.01108,1.014188,1.05691,1.021241,0.991433,1.016025,1.015962,1.005748,0.998677,1.009152,0.977986,1.019482,1.018523,0.998975,1.015363,1.020211,1.018729,1.007306,1.014153,1.012011,0.995559,1.033244,0.99958,1.014283,1.005014,0.998934,1.00367,1.012616,1.025583,0.99812,1.045284,1.005835,1.023756,1.046002,1.005201,1.002064,1.050302,0.997745,1.005913,1.016816
1995-01-31,1.034846,1.030025,1.026319,1.031926,1.021795,1.0397,1.046229,1.039435,1.010009,1.025697,0.997701,1.042563,0.990177,1.016332,1.020747,1.004843,1.030567,1.017159,0.982476,1.021337,1.004463,0.978191,1.009743,1.009843,0.970985,1.002021,0.977975,1.021528,1.022249,0.974611,0.975003,0.9675320000000001,0.992054,0.984061,0.98569,0.961203,0.986772,1.009225,1.048621,1.007381,0.981386,0.968957,0.951368,0.953993,1.000953,0.975677,1.000288,0.986596,0.961041,0.973114,0.981878,1.006298,0.987497,0.98873,1.00916,0.985634,1.001916,1.006121,1.022722,1.002249,0.943474,1.018578,0.988645,1.01326,0.968857,1.003065,1.03522,1.033207,1.028303,1.014351,1.058512,1.010261,1.010821,1.024444,1.016513,1.019062,1.009267,1.019569,0.986766,1.020669,1.008247,1.045641,1.036498,1.03093,1.017268,1.036587,1.061445,1.024608,1.008648,1.030456,0.998137,1.135267,1.025385,0.982386,1.00867,1.024784,1.023718,1.042648,1.036723,1.024617
1995-02-28,1.012416,1.023897,1.01628,1.02039,1.034798,1.016189,1.049615,1.055636,1.02093,1.028234,1.016007,1.040999,1.066401,1.02355,1.02273,1.040262,1.018106,1.042582,1.026792,1.052647,1.05594,1.030345,1.042228,1.049253,1.035344,1.058359,1.031707,1.013119,1.014168,1.02089,1.020827,1.030072,1.014094,1.032288,1.067082,1.02014,1.053508,1.047821,1.073567,1.025964,1.04386,1.044882,1.037772,1.076486,1.041639,1.050809,1.049212,1.035429,1.039309,1.027548,1.062796,1.041818,1.081949,1.021711,1.0369950000000001,1.068201,1.075504,1.052088,1.063362,1.046953,1.105672,1.026687,1.041129,1.037638,1.034518,1.058066,1.069605,1.050222,1.082758,1.024519,1.004814,1.037042,1.065943,1.042313,1.020149,1.042393,1.049118,1.051322,1.03163,1.047562,1.063072,1.042929,1.038491,1.028041,1.065627,1.049459,1.051505,1.065106,1.067628,1.060727,1.0384,0.998677,1.023354,1.036653,1.040634,1.04239,1.03853,1.034047,1.033658,1.034029
1995-03-31,1.015592,1.033062,1.01597,1.011918,1.003083,1.040946,1.028244,1.034499,1.016331,1.013864,1.001655,1.00414,0.998178,0.99196,1.011234,1.020237,1.005527,0.974542,1.029132,1.042088,1.048364,1.062431,1.055429,1.023615,1.009135,1.042045,1.024145,1.078876,1.008787,1.035819,1.030197,1.017156,1.03839,0.989522,1.018243,1.017766,1.01022,0.984033,1.014851,1.046033,1.064403,1.026418,1.032697,1.015167,1.0194,1.021392,1.020989,1.014963,1.021899,1.013727,1.022036,1.038289,1.029332,1.026985,1.003781,1.031617,1.016184,1.008937,1.02194,1.004239,0.980821,1.026876,1.058582,1.019956,1.083234,0.993713,1.017565,1.033712,1.041783,1.063806,0.994068,1.028186,1.012166,0.999417,1.03842,1.032781,1.027191,1.0321,1.020474,1.032623,1.048067,1.001729,1.019346,1.0258,1.051239,1.005773,1.034217,1.03163,1.063138,1.04312,1.001427,1.019863,1.03036,1.055649,1.02298,1.034348,1.011819,1.02731,1.032532,1.020571
1995-04-30,1.030421,1.049215,1.035472,1.026648,1.027056,1.039941,1.005969,1.044541,1.03129,1.005021,1.004216,1.024524,1.04013,1.036527,1.018807,1.035953,1.04128,1.023026,1.0355240000000001,1.030665,1.003586,1.030386,1.049809,1.012551,1.039018,1.004601,1.029769,1.030162,1.038532,1.0154,1.04504,1.009004,1.010714,1.032957,1.010816,0.993224,1.007788,1.012796,1.016729,0.988905,1.006292,1.045579,0.997636,1.042209,1.008344,1.027577,1.045391,1.025316,0.996326,0.990753,0.989512,1.004891,1.014076,1.039294,1.019213,0.992801,1.005557,1.003054,1.013299,1.026762,0.97197,1.022321,1.05844,1.001915,1.053583,1.02426,1.032034,1.028764,1.034371,0.9946,1.027077,1.010266,1.001444,1.029578,1.026956,1.013657,0.988869,1.014613,0.992994,1.013034,1.071968,1.042433,1.000318,0.991926,0.998973,1.023442,1.003983,1.016481,1.015212,1.031131,0.984355,1.009236,1.015862,1.048293,0.99901,1.04569,1.016003,1.015561,1.044425,1.044366
1995-05-31,1.030647,1.031053,1.015211,1.017932,1.020663,1.029272,1.007185,0.994409,1.018086,1.024816,1.025911,0.998908,1.052163,1.008154,1.021309,1.010538,1.014838,1.011951,1.019322,1.019282,1.011859,1.01102,1.022626,1.022411,1.039986,1.028624,1.035313,1.033795,1.031938,1.009059,1.045101,1.007937,0.996925,0.995417,1.010238,1.012091,1.02991,1.005145,1.005095,1.014096,1.016112,1.008674,1.000506,0.972687,1.000454,1.008092,1.025919,1.029331,1.026021,1.018546,1.023104,1.007654,1.02031,1.043112,1.027578,1.038049,1.021623,1.046791,0.994486,1.029206,1.000967,0.998463,1.017723,1.012984,1.035525,1.020954,1.016966,1.040243,1.015984,1.044307,0.972852,1.025876,0.988373,1.029562,1.033236,1.040651,1.02776,1.027662,1.034088,1.039097,0.992844,1.060929,1.067637,1.034972,1.022934,1.053962,1.064808,1.017789,1.031026,1.02821,1.050744,1.031612,1.048745,1.01335,1.062228,1.038695,1.033384,1.055675,1.025123,1.050311
1995-06-30,1.097268,1.084147,1.054785,1.07361,1.047183,1.064019,1.056494,1.067349,1.029803,1.0845609999999999,1.084963,1.03978,1.060464,1.039189,1.04711,1.060023,1.046188,1.027075,1.058913,1.063644,1.091372,1.056206,1.067507,1.077475,1.026317,1.041546,1.032685,1.110605,1.061646,1.065391,1.093608,1.037625,1.032095,1.068323,1.070902,1.06073,1.030254,1.052566,1.056729,1.053321,1.023768,1.034089,1.058377,1.065876,1.0243120000000001,1.03571,1.066704,1.041682,1.009296,1.080129,1.066812,1.060273,1.015204,1.063449,1.029145,1.046653,1.035964,1.015159,1.034209,1.075483,1.064996,1.067113,1.082279,1.019981,1.075741,1.058192,1.030292,1.032854,1.0729440000000001,1.058327,1.060955,1.027229,1.046481,1.032524,1.020784,1.015031,1.0784880000000001,1.02398,1.034955,1.024979,1.024392,1.007973,1.001069,1.010985,1.008559,1.015992,1.013044,1.032132,1.040889,1.040776,1.045444,1.018087,0.999838,1.021089,1.037197,1.021182,0.98387,1.030879,1.02278,1.034324
1995-07-31,1.052402,1.035695,1.039574,1.056544,1.058529,1.027814,1.064509,1.068667,1.057734,1.098418,1.077002,1.061693,1.059907,1.062875,1.071498,1.054243,1.073337,1.0356,1.077248,1.082973,1.060649,1.065323,1.029739,1.029728,1.052084,1.092802,1.093147,1.060763,1.085618,1.075656,1.049894,1.037693,1.079407,1.087079,1.044102,1.085263,1.064459,1.084388,1.088761,1.095089,1.06144,1.051279,1.076735,1.054232,1.062356,1.05606,1.045121,1.04094,1.069785,1.082897,1.062965,1.055628,1.065814,1.055163,1.063831,1.045421,1.050392,1.025309,1.06882,1.083271,1.11507,1.037572,1.078656,1.028276,1.038552,1.048366,1.064056,1.070724,1.086474,1.07401,1.065245,1.031971,1.082911,1.034108,1.039607,1.084378,1.073425,1.04204,1.032762,1.027792,0.985755,1.026636,1.035758,1.035398,1.017363,1.052902,1.051111,1.042612,1.030368,1.037169,1.055231,1.012393,1.023393,1.028555,1.025282,1.036008,1.048668,1.03631,1.038295,1.022497
1995-08-31,1.070179,1.033824,1.031077,1.005324,1.056742,1.027077,1.020958,1.022455,1.048871,1.029614,1.065348,1.0326,1.040157,1.010332,1.041885,1.045776,1.034094,1.044731,0.989414,1.041376,1.040782,1.017216,1.014012,1.011764,0.99339,1.043758,0.988544,1.010021,1.017681,1.018903,1.022542,1.009256,1.035564,1.011745,1.022781,1.021375,0.996337,1.033477,1.017663,1.015786,1.01867,1.014812,1.038623,1.029977,1.000241,1.026881,1.04036,1.034396,1.034135,1.030722,1.000079,0.996846,1.022711,1.021571,1.020937,1.017627,1.010368,1.011528,1.013231,0.984177,1.036622,1.025702,0.973664,1.002209,0.99078,1.042125,0.988244,1.022511,1.021209,0.969862,1.050258,0.998457,1.043194,1.014328,0.997471,1.026763,1.010069,1.0198990000000001,1.016951,1.018332,1.058566,1.05611,1.034289,1.01977,1.015213,1.018562,0.99881,1.032167,1.009359,1.036467,1.026309,1.069274,1.006798,0.959374,0.974682,1.002979,0.976356,1.000491,0.997871,1.020598
1995-09-30,1.0287,1.013565,1.026432,1.020658,1.027357,1.016725,1.024411,1.051277,1.014674,1.007531,1.046697,1.029886,1.026548,1.027665,1.011498,1.007922,1.009381,1.033876,1.02708,1.021243,1.029902,1.018911,1.035713,1.0093,1.012812,0.982271,0.998482,1.015204,1.019511,1.014995,1.013611,1.023048,1.028194,1.034343,1.024492,1.029928,1.010354,1.00269,1.032153,1.019154,1.018074,1.005353,1.027148,0.986906,1.032198,1.012837,1.028467,1.038336,1.015769,0.996902,0.9859,1.039212,1.015355,1.014209,1.02871,1.005674,1.025209,1.030978,1.00148,0.98999,1.022864,1.004995,1.034855,1.017193,1.055342,1.016514,1.027278,1.027998,1.066918,0.985011,1.03707,1.036187,0.992261,1.031716,1.016073,1.033998,1.032578,1.006971,1.020966,1.041861,1.065557,1.027185,1.0042,1.027393,1.044964,1.0437,1.008158,1.008965,1.031693,1.051919,1.048691,1.042815,1.022638,1.032148,1.05416,1.048466,1.017348,1.065097,1.042099,1.067844
1995-10-31,0.923602,0.9628140000000001,0.973892,0.962185,0.973942,0.967617,0.982797,0.966404,0.95553,0.916733,0.938176,0.944389,0.971921,0.955703,0.973574,0.95789,0.97279,0.961419,0.975722,0.966691,0.917401,0.920953,0.940858,0.949619,0.906959,0.972853,0.962356,0.96071,0.973714,0.945892,0.929659,0.962672,0.921917,0.919456,0.952068,0.941157,0.939662,0.95459,0.942724,0.93682,0.936067,0.97997,0.946638,0.965063,0.949017,0.98718,0.966168,0.987214,0.935637,0.96106,1.008305,0.971454,0.974436,0.979621,0.96877,0.953189,0.980744,0.995666,0.975033,0.972081,1.019408,1.003824,1.043434,0.970882,0.95591,0.973188,1.006538,0.998659,0.991211,0.973515,0.94322,0.94309,0.958981,0.962551,0.991294,0.965251,0.967332,0.969322,0.999845,0.948582,1.022768,0.984506,0.957422,0.997564,0.972735,0.976734,0.981587,0.970559,0.973618,1.003752,0.997721,0.965826,0.989038,0.965313,1.016781,0.967032,1.00349,0.999514,1.018726,1.013277
1995-11-30,0.986841,1.016085,1.012876,1.015804,1.042958,1.012422,0.995044,1.01193,1.026469,1.035004,1.015092,1.022778,1.048344,1.044328,1.02724,1.036398,1.016665,1.021706,1.046791,1.009014,1.045776,1.098587,1.028303,1.032334,1.027075,1.06169,1.10037,1.03629,1.004121,1.01748,1.075083,1.088208,1.033887,1.040247,1.034116,1.051567,1.042411,1.007722,1.071943,1.079435,1.062255,1.067118,1.041154,1.033227,1.034114,0.992233,1.000172,1.04238,1.086865,1.05569,1.115989,1.090126,1.054397,1.01331,1.05784,1.032514,1.041073,1.044414,1.076538,1.075724,1.02127,1.059239,1.025484,1.075857,1.037961,1.052953,1.042133,1.02727,1.039173,1.091108,1.014803,1.017954,1.018087,1.032018,1.08096,1.05444,1.050464,1.059786,1.019385,1.05979,1.014509,1.039512,1.057217,1.046298,1.032954,1.051108,1.056877,1.057028,1.051371,1.059787,1.056319,1.033727,1.087707,1.100142,1.02689,1.055387,1.014888,1.0660560000000001,1.016703,1.04255
1995-12-31,1.017063,1.000369,0.995453,1.012461,0.993507,1.014403,0.997751,1.022667,1.022467,0.959615,1.054447,1.012218,1.049506,1.005424,0.995324,1.007546,1.03617,1.004208,1.023616,1.017541,1.040821,1.040677,1.046814,1.021549,1.000689,1.03839,1.031454,1.03795,1.003162,1.005962,1.087925,1.020927,1.039828,0.963336,1.042988,1.002225,1.021905,1.027977,0.994026,1.060774,1.032568,1.035773,1.090759,1.027415,0.987605,0.983165,1.005248,1.007688,0.961446,1.007233,1.1456870000000001,1.051064,1.036018,1.023512,1.038206,0.985436,1.02724,1.009856,1.000369,0.997096,0.982465,1.008941,0.993739,1.012297,0.998358,0.992592,1.001419,0.998444,1.02702,1.012801,1.047516,0.988302,0.961258,1.022736,1.012726,0.985626,1.001476,0.978352,1.006957,1.01364,0.977224,0.997942,1.020173,1.03104,1.035263,1.029474,0.991499,1.022462,0.999628,0.985472,1.001747,1.02724,1.040365,1.051826,1.042754,1.023846,0.983535,1.042147,1.020032,1.009343
1996-01-31,1.056371,1.02355,1.019413,1.023816,0.998662,1.006912,1.017791,0.999523,0.990697,0.969979,1.015455,0.991965,0.997791,0.993716,0.985604,0.992783,0.990561,0.998759,0.984287,1.033793,1.025543,0.99584,0.992408,0.995585,0.986363,0.969817,0.984313,0.979777,0.986164,1.0276399999999999,1.00236,1.015837,0.998395,1.007398,0.985042,0.988178,0.962502,1.00251,0.967917,1.032515,1.013001,0.982412,1.006242,1.019401,0.978596,1.011227,0.981126,0.990971,1.018674,1.061281,1.001522,1.009387,1.000331,0.965209,1.018884,0.992684,0.963625,1.031183,0.989239,0.996787,0.993761,1.023138,0.992514,1.015987,1.039865,0.990308,0.987463,1.018407,0.996643,1.023307,1.045846,1.004854,1.00204,1.007406,1.028447,1.036696,1.040162,1.026454,1.038077,1.027532,1.031415,1.050184,1.045033,1.037806,1.021125,1.001208,1.016027,1.031221,1.038671,1.053944,1.013551,1.053237,1.031583,0.992452,1.005002,1.060674,1.038287,1.043234,1.037566,1.037087
1996-02-29,1.041751,1.02904,1.026841,1.018436,1.02579,1.018825,1.024699,1.020715,1.040063,1.022752,1.03117,1.028862,1.034675,1.017959,1.03108,1.022367,1.034336,1.040848,1.028055,1.048162,1.008238,1.056444,1.022885,1.022602,1.046918,1.040343,1.044712,1.060842,1.028765,1.027665,1.021928,1.054455,1.042945,1.074396,1.00361,1.046093,1.052782,1.010896,1.02458,1.100224,1.022751,1.02686,1.050706,1.036524,1.022359,1.0723880000000001,1.00116,1.047343,1.039944,1.040846,0.996603,1.022268,1.008225,1.030251,1.006752,1.032943,1.074622,1.026278,1.0740750000000001,1.025975,1.024688,1.030571,1.062278,1.040625,1.016923,1.011513,1.039208,1.022267,1.052899,1.042079,0.992549,1.03286,1.028263,0.989789,1.014851,1.014441,1.049634,1.013479,0.994919,1.041141,1.011126,0.984759,1.009304,1.04019,1.012291,1.016704,1.025352,1.013825,1.051951,1.028564,1.047294,0.978687,1.002522,0.986432,0.999346,1.012195,1.051312,0.993769,1.00852,1.009289
1996-03-31,1.01701,1.042485,1.033674,1.021584,1.032386,1.031702,1.038775,1.055385,1.031052,1.023527,0.989985,1.018273,1.052037,1.04206,1.053447,1.019209,1.050115,1.0471,1.03147,1.071729,0.973441,1.008859,1.011919,1.031102,1.030516,0.999929,1.034047,1.056912,1.024253,1.038511,1.05777,1.043834,1.024986,0.986517,1.002463,1.02898,1.034229,1.023811,1.021173,1.061951,1.00002,0.982943,1.056746,1.035692,1.020732,1.0378560000000001,1.036162,1.026072,1.043744,1.032492,1.027351,1.000723,1.013181,1.027111,1.035331,1.006799,1.03901,1.047556,1.014873,1.041926,1.007726,1.001668,1.047589,1.052957,1.003091,1.026389,1.006621,1.002807,1.057459,1.053298,0.958285,1.03624,1.04387,1.002218,0.996143,0.970872,1.010435,1.012861,1.004622,1.0251730000000001,0.968136,1.009144,1.01536,1.040978,1.01238,1.019177,1.014678,1.030098,1.007995,0.969621,0.955068,0.988793,1.003796,1.038932,1.021668,1.04248,0.994291,1.016688,1.013838,0.997262
1996-04-30,1.080534,1.066045,1.084141,1.061447,1.065092,1.032481,1.103456,1.05918,1.06407,1.076733,1.087349,1.078167,1.096788,1.044884,1.085478,1.052784,1.099101,1.053031,1.057826,1.092793,1.071596,1.137656,1.050199,1.054355,1.048318,1.099404,1.048688,1.081742,1.095091,1.083863,1.126076,1.073556,1.054876,1.061019,1.023585,1.006695,1.077517,1.031487,1.106331,1.07686,1.043434,1.004093,1.045841,1.060456,1.059791,1.027115,1.035659,1.051607,1.039606,1.024341,1.048877,1.103221,1.011093,1.009592,1.02717,1.036122,1.029672,1.007238,1.054477,1.05602,1.054573,1.025368,1.088837,1.016043,1.032589,1.016986,1.044445,1.033538,1.032248,1.04314,1.070333,1.031024,1.048206,1.021402,1.042249,1.000696,1.058248,1.031943,1.029971,1.028766,0.950872,1.000141,1.008987,1.021923,1.010921,1.043336,1.020283,1.01539,1.016675,1.027812,0.98894,1.01383,0.985626,0.993928,1.01652,0.996983,1.01565,0.98892,1.035622,1.016996
1996-05-31,1.119094,1.09593,1.073667,1.087942,1.064337,1.046203,1.047418,1.05991,1.07563,1.088573,1.050388,1.062662,1.054989,1.069698,1.045785,1.040766,1.062031,1.043054,1.094705,1.023573,1.081697,1.063717,1.061758,1.061462,1.047748,1.08395,1.010287,1.057046,1.029161,1.0693570000000001,1.095097,1.069283,1.021897,1.04019,1.039871,1.028478,1.010639,1.031769,1.031639,1.045945,1.024733,1.03358,1.04185,1.044204,1.042266,1.037635,1.023407,1.023216,1.033201,1.035837,1.013948,1.036652,1.00533,1.015294,1.022044,1.01077,1.028269,1.022448,1.005577,1.016966,0.970561,0.968726,1.028041,1.036831,1.000116,0.995714,1.04897,1.026401,1.018896,1.016855,1.048316,1.042119,1.008656,1.014602,1.001284,1.015789,1.016308,1.012249,1.008852,1.020538,1.029319,0.996918,1.017436,1.034568,1.003575,1.047504,1.003231,1.009047,1.024396,1.023508,0.983499,1.009782,1.011967,1.027207,1.012746,1.009404,1.021756,1.039206,1.033318,1.035213
1996-06-30,0.913399,0.965376,0.967672,0.988191,0.970419,1.002034,0.948856,1.003602,0.951318,0.973677,0.930426,0.947326,0.938726,0.960891,0.968711,0.978065,0.982761,0.976864,0.968825,0.978046,0.917781,1.002603,0.956225,0.978333,0.964703,0.947083,0.96083,1.001767,0.983029,0.933255,0.886475,0.964775,0.95358,0.958951,1.000179,0.95947,0.962876,0.963575,0.979747,0.976991,0.9251389999999999,0.921073,0.950463,0.970143,0.964014,0.984996,0.976633,0.992767,0.972731,0.995613,0.940333,0.894901,0.961401,0.987188,0.99057,0.995213,0.96469,0.955798,0.981858,0.957388,0.932967,0.962759,0.929568,1.03612,0.998886,0.971377,1.004891,0.963701,0.985818,0.981832,0.99296,1.006762,0.962407,0.986826,0.961051,0.990707,0.975829,0.985266,0.998851,0.991187,1.040397,1.018717,0.958285,1.038537,0.999808,0.967637,1.003311,0.987406,0.979195,0.989499,0.976143,0.990848,1.003006,1.04097,1.007476,0.99645,0.975256,1.011027,1.008375,1.022759
1996-07-31,0.87508,0.940851,0.933506,0.932379,0.965816,0.929651,0.936217,0.928887,0.906924,0.907787,0.851131,0.933709,0.92134,0.957428,0.939281,0.935261,0.923921,0.925331,0.946593,0.920034,0.835331,0.9097230000000001,0.899759,0.925241,0.926916,0.890204,0.933598,0.901063,0.867256,0.9073990000000001,0.853527,0.934609,0.935212,0.891135,0.923842,0.944914,0.9087149999999999,0.927696,0.9555400000000001,0.911796,0.8558939999999999,0.919021,0.927692,0.93793,0.9209350000000001,0.909651,0.943615,0.941855,0.8939239999999999,0.920882,0.859799,0.886815,0.91843,0.93856,0.9301969999999999,0.899913,0.964987,0.956452,0.91327,0.874026,0.8794109999999999,0.977788,0.913001,0.944159,0.960792,0.965215,0.935613,0.95148,0.910471,0.912168,0.962969,0.882484,0.93703,0.907361,0.9378340000000001,0.956292,0.924084,0.958416,0.950669,0.917618,0.85282,0.918289,0.953525,0.923821,0.924496,0.940987,0.94854,0.939041,0.960283,0.948703,0.953766,0.919087,0.955184,0.922777,0.969518,0.947976,0.970658,0.951175,0.976022,0.959718
1996-08-31,1.02771,1.035203,1.043794,1.042385,1.030987,1.053733,1.039989,1.051899,1.010565,1.04521,1.042539,1.075712,1.031448,1.048808,1.053102,1.072636,1.037486,1.028117,1.038385,1.068942,1.056724,1.058088,1.054862,1.038743,1.052668,1.053217,1.057811,1.040475,1.054622,1.101786,1.052118,1.062024,1.075338,1.074663,1.056178,1.063666,1.037021,1.0730439999999999,1.066616,1.076773,1.076961,1.093822,1.055797,1.062516,1.080118,1.106396,1.034957,1.082669,1.053874,1.053963,1.08562,1.083886,1.073562,1.044296,1.065303,1.044314,1.04645,1.088505,1.049318,1.069143,1.065611,1.03973,1.056436,1.052971,1.045217,1.059488,1.041523,1.056549,1.064792,1.0713,1.061115,1.064563,1.030723,1.079964,1.066401,1.041301,1.043782,1.06073,1.046519,1.026409,1.082269,1.034579,1.042325,1.032975,1.026059,1.013572,1.037584,1.044642,1.054369,1.022079,0.993113,1.040002,1.019332,1.025261,1.022765,1.017024,1.028442,1.03467,1.031731,0.994095
1996-09-30,1.009162,1.024174,1.023382,1.006043,1.028821,1.030007,1.032105,1.030452,1.033258,1.015197,1.03331,1.026527,1.032093,1.031738,1.010913,1.070191,1.053513,1.036481,1.021084,1.073187,1.04011,1.040428,1.049733,1.030064,1.059628,1.059025,1.035552,1.021124,1.028964,1.060557,1.039771,1.05577,1.027999,1.030981,1.066735,1.017179,1.039934,1.044684,1.006567,1.049158,1.058627,1.027819,1.032299,1.055404,1.044726,1.052671,1.044307,1.017115,1.057055,1.037797,1.058488,1.077216,1.03735,1.042527,1.042825,1.028207,1.068558,1.052217,1.062336,1.07961,1.026276,1.030131,1.028375,1.033977,1.028486,1.051058,1.05791,1.04085,1.066023,1.061473,1.031247,1.041677,1.044177,1.015104,1.069296,1.077441,1.055128,1.036485,1.016447,1.073157,1.019917,1.051083,1.019546,1.026684,1.028542,1.029983,1.073045,1.063067,1.070126,1.072056,1.057474,1.003693,1.056652,1.061503,1.049167,1.046142,1.046751,1.073555,1.090019,1.046649
1996-10-31,0.936513,0.996769,0.989295,1.005164,1.010588,1.005446,1.018942,1.024944,0.975159,0.98407,0.951918,0.994878,1.010576,1.01361,1.020694,1.012055,0.987823,0.983985,0.975824,1.002396,0.950583,1.018697,0.993803,1.002672,0.984952,0.976628,1.018195,0.97575,0.999975,1.026884,0.954585,0.983898,0.974448,0.969372,0.987709,1.000906,0.98198,0.993188,1.04721,0.974964,0.94218,0.90344,0.981698,0.977345,1.021343,0.966273,1.002202,1.006708,0.939952,0.956613,0.941454,1.049545,0.979257,0.964703,0.989535,0.994083,0.985219,0.981001,0.956753,0.924832,0.990986,1.0133,1.016559,0.995714,0.988553,1.016786,1.00216,1.034828,1.004686,0.9916739999999999,0.993472,0.994821,0.985885,1.025913,0.996073,0.991286,1.013205,0.998492,1.000908,0.953193,1.013335,0.993925,1.068865,1.041352,1.015173,1.023863,1.013573,1.028274,0.983562,0.991016,0.987411,0.983957,1.078929,1.029534,1.038445,1.045596,1.0278,1.026548,1.021105,1.023898
1996-11-30,0.990516,1.026975,1.02146,1.025066,1.038441,1.030757,1.030955,1.04205,1.020795,1.004378,1.025908,1.026189,1.061964,1.033773,1.052066,1.03471,1.014606,1.030868,1.072717,0.993885,1.010331,1.061477,1.046805,1.051412,1.024056,1.044717,1.055707,1.064406,1.023184,0.995575,0.981729,1.011133,1.037631,1.024411,1.033272,1.082866,1.05806,1.00964,1.02287,1.027084,1.01137,1.042996,1.001281,1.063827,1.037198,1.056934,1.04727,1.073345,1.04746,1.017873,0.993439,1.013281,1.051553,1.04753,1.038941,1.058564,1.049946,1.073452,1.097996,1.046885,1.057845,1.04861,1.036588,1.043218,1.079643,1.016412,1.094379,1.056304,1.082551,1.060385,1.035508,1.025353,1.067134,1.049145,1.058946,1.080772,1.079808,1.062102,1.049143,1.07343,1.006625,1.091705,1.065489,1.037466,1.063983,1.061651,1.056757,1.081917,1.063328,1.102676,1.054297,1.086838,1.057993,1.04936,1.040094,1.058738,1.061638,1.100421,1.090706,1.077622
1996-12-31,0.973469,1.011773,1.015973,1.012087,1.024897,1.002302,1.016301,1.041085,1.017934,1.019415,1.002462,1.01554,1.019616,1.069447,1.043717,1.011303,1.026342,1.010293,1.032527,1.021076,1.013741,1.009283,1.021736,1.036539,1.032349,1.045245,1.035764,1.020687,1.036878,1.023393,1.026827,1.008057,1.025635,1.002606,1.017349,1.023205,1.050718,1.027529,1.032595,0.997597,1.006903,0.988825,1.000793,1.020635,1.01638,1.011833,1.000974,1.019416,1.001264,1.025104,0.96442,1.019685,0.983192,1.028556,0.993197,1.013573,1.010929,0.992477,1.016128,1.012232,0.990824,1.017612,1.019935,1.008119,0.996535,0.969588,1.022571,1.006876,1.005921,0.992963,1.002971,0.963859,0.961909,0.969982,0.996622,0.994885,0.99287,1.00207,0.99811,0.989636,1.004494,0.974274,0.976336,0.994695,0.972869,0.981968,0.981943,0.97259,0.959824,0.980281,0.981323,1.023442,0.977151,1.004067,0.980995,1.00346,0.964783,0.976029,0.965635,0.993658
1997-01-31,1.098665,1.045804,1.076239,1.052647,1.02809,1.046371,1.024982,1.033668,1.058982,1.062859,1.043712,1.031922,1.020256,1.033495,1.029382,1.055362,1.058992,1.076508,1.026053,1.077705,1.031437,0.990044,1.073735,1.024014,1.030165,1.020976,1.016142,1.002081,1.044625,1.067911,1.031283,1.015022,1.034403,1.04016,1.009742,1.014871,1.001183,1.010972,1.019043,1.053308,1.053204,1.053661,1.0598,0.993406,1.013853,1.013068,1.018907,1.057772,1.026223,1.024873,1.032672,0.994298,1.024708,1.006595,1.017489,0.964925,1.062393,0.995851,1.01504,1.004089,1.013332,1.014023,1.031185,1.018771,1.05756,1.029151,1.034398,1.040936,1.035579,1.021069,1.047943,1.046341,1.068124,1.018678,1.035675,1.021733,1.04931,1.043426,0.993792,0.973064,0.990887,1.054754,1.071955,1.018666,1.068968,1.025446,1.044217,1.082828,1.028319,1.08628,1.027049,1.018533,1.069668,1.046954,1.030208,1.052044,1.072392,1.072337,1.098367,1.062288
1997-02-28,0.970238,0.992025,0.985619,1.008526,0.993763,1.005393,1.026509,0.970467,0.983565,0.949939,0.960949,0.965939,0.989986,0.972159,1.001347,0.980621,0.984472,0.976933,0.980076,0.957773,0.965826,0.90532,0.95477,0.968949,0.995642,0.974558,0.938129,1.006362,0.995216,0.947502,0.94059,0.973636,1.003102,1.006041,0.974847,1.001511,0.987018,0.977648,0.967874,0.960629,1.000331,1.000284,0.974643,1.003883,0.963193,1.016837,0.988817,0.96214,0.979791,0.966101,0.8980589999999999,0.942983,0.988215,0.993247,0.997784,1.001208,0.994238,0.965389,0.980283,0.968684,0.960299,1.015478,1.027432,1.012003,1.008439,1.029277,0.9648680000000001,0.990278,0.989358,0.978213,0.983913,0.976205,0.972022,1.017648,0.995033,1.014312,0.983429,1.025551,1.009766,0.983155,1.036986,0.983592,0.976261,0.997194,0.97135,0.992362,0.996932,1.013704,1.000652,1.00916,1.031898,0.99976,0.990519,1.001035,1.020537,0.997024,1.011288,1.003813,0.996618,1.017988
1997-03-31,0.928241,0.971106,0.958756,0.970822,0.996998,0.983317,0.981855,0.975252,0.958909,0.9437180000000001,0.918031,0.954217,0.947386,0.970544,0.965593,0.961083,0.957396,0.971997,0.974544,0.989096,0.880528,0.963707,0.927328,0.956677,0.965379,0.938005,0.973877,0.965072,0.950169,0.948059,0.926464,0.944779,0.968322,0.984007,0.982039,0.948089,0.972252,0.944097,0.980424,0.934731,0.896822,0.941668,0.965031,0.97173,0.966494,0.980454,0.940352,0.950614,0.933457,0.945782,0.934214,0.962622,0.981236,0.967545,0.949475,0.956484,0.955341,0.942149,0.993352,0.930857,0.915203,0.920836,0.930423,0.956325,0.982957,0.911977,0.952038,0.958069,0.966928,0.953572,0.9152480000000001,0.984698,0.936063,0.935464,0.95962,0.958182,0.939826,0.967759,0.97025,0.939244,0.943109,0.946519,0.973143,0.986363,0.972049,0.97548,0.948245,0.952186,0.966686,0.927434,0.983007,0.973944,0.975174,0.9249890000000001,0.968768,0.998168,0.971599,0.95531,0.94725,0.937059
1997-04-30,0.950739,0.969931,0.976567,1.003218,0.964276,0.988456,0.969943,1.001303,0.9828479999999999,0.976409,0.932366,0.980256,0.97571,0.958998,0.996288,0.948508,0.983898,0.986987,0.982268,0.967214,0.946754,1.006946,0.998754,1.018186,1.004572,0.981069,0.992932,1.012601,0.999273,0.946079,0.940198,0.965174,1.007291,1.005122,1.00727,1.021333,1.025852,1.019377,0.99934,0.987421,0.98892,1.03462,1.008102,1.032142,1.005115,1.025771,1.037668,1.037852,0.967791,0.984103,1.007359,1.02529,1.046094,0.985531,1.011662,1.036907,1.046656,1.008684,1.018718,1.012553,0.977209,1.004544,0.987883,1.024624,1.026195,0.998914,1.036645,1.052976,1.06394,1.032372,0.952395,0.982968,1.02026,0.975775,1.028486,1.05023,1.002316,1.05805,1.029448,1.008823,0.920918,1.031571,1.029184,1.016771,0.986477,1.013624,1.037206,1.041313,1.054121,1.059632,1.022118,1.034383,1.056084,1.019506,1.041132,1.054049,1.042358,1.09221,1.06955,1.072614
1997-05-31,1.078716,1.085308,1.0778240000000001,1.093547,1.081315,1.063466,1.065878,1.078361,1.103996,1.095069,1.114345,1.12195,1.121401,1.113675,1.10275,1.098583,1.08392,1.1326100000000001,1.109723,1.104886,1.1477870000000001,1.134477,1.12829,1.102832,1.091143,1.139702,1.149686,1.133016,1.13126,1.160493,1.142083,1.1453630000000001,1.079553,1.104632,1.128032,1.087412,1.1179540000000001,1.125053,1.083384,1.14626,1.113413,1.086208,1.17282,1.119987,1.104435,1.098649,1.101566,1.080263,1.172197,1.129829,1.210181,1.12839,1.088754,1.092622,1.094222,1.084516,1.055459,1.102001,1.06924,1.071482,1.085337,1.077659,1.116685,1.061634,1.070717,1.058666,1.111345,1.094075,1.090898,1.085785,1.08159,1.046632,1.078435,1.08827,1.056086,1.068607,1.058929,1.068463,1.1066799999999999,1.102013,1.099888,1.072306,1.085875,1.044876,1.089359,1.057532,1.068859,1.074261,1.092819,1.0656349999999999,1.110255,1.071457,1.079399,1.037544,1.053403,1.05994,1.054218,1.058901,1.04208,1.067509
1997-06-30,1.04793,1.049177,1.064669,1.051334,1.060052,1.061827,1.043633,1.078872,1.028096,1.032851,1.04721,1.067962,1.07667,1.054963,1.116472,1.065739,1.0878079999999999,1.071593,1.071394,1.047538,1.032555,1.04885,1.039699,1.035587,1.060996,1.088248,1.088138,1.042005,1.057464,1.10509,1.00235,1.091698,1.077922,1.060833,1.039675,1.034197,1.059545,1.041652,1.053973,1.084399,1.036783,1.09943,1.03722,1.031844,1.044376,1.018656,1.060195,1.053098,1.053076,1.042416,1.039175,1.046884,1.061234,1.044739,1.046957,1.036022,1.058391,1.030788,1.037617,1.046329,1.092741,1.061434,1.053006,1.036174,1.004192,1.029132,1.044116,1.045525,1.045047,1.005559,1.007462,1.042505,1.065413,1.013047,1.035692,1.007901,1.030157,1.049751,1.028025,1.047084,1.084703,1.000149,1.037861,1.02618,1.033965,1.020086,1.02942,1.02505,1.028231,1.03748,1.055013,1.021741,1.042019,1.104673,1.059234,1.025809,1.067409,1.063751,1.038478,1.038479
1997-07-31,1.031325,1.045356,1.070697,1.049254,1.064433,1.092448,1.061405,1.054694,1.058483,1.036981,1.040335,1.074014,1.080268,1.053128,1.060904,1.0825,1.045042,1.061668,1.0897809999999999,1.056433,1.029726,1.040882,1.053036,1.000244,1.019787,1.065068,1.039566,1.087312,1.029287,1.016447,1.053231,1.068159,1.085993,1.047208,1.055941,1.046686,1.058122,1.102374,1.037873,1.072977,1.061091,1.065758,1.031069,1.10658,1.050886,1.051541,1.065876,1.046608,1.045753,1.044009,1.079926,1.041359,1.053421,1.061977,1.083058,1.043572,1.060521,1.096485,1.063173,1.04279,1.064382,1.054222,1.035552,1.069108,1.068873,1.049929,1.070303,1.09288,1.08099,1.051481,1.044547,1.13269,1.088559,1.053555,1.106972,1.0676700000000001,1.075479,1.068,1.066896,0.989754,1.061292,1.097226,1.091103,1.093854,1.078428,1.057243,1.099977,1.101151,1.109924,1.068713,1.081178,1.056385,1.10196,1.067754,1.098542,1.110253,1.089022,1.0844,1.097517,1.049708
1997-08-31,1.044011,1.045054,1.041559,1.035761,1.03577,1.046156,1.035331,1.054465,1.064306,1.056933,1.050274,1.061133,1.044762,1.043712,1.026635,1.055283,1.036154,1.027789,1.042825,1.017647,1.028118,1.066306,1.039313,1.02972,1.011632,1.029741,1.038058,1.064513,1.055833,1.014734,1.017534,1.00738,1.035007,1.024249,1.014798,1.034819,1.03034,1.027645,1.006703,1.071595,1.044206,1.000466,1.020237,1.025817,1.027076,0.99665,1.056205,1.000941,1.04558,1.045443,1.016933,1.028331,1.003546,1.021227,0.994252,1.003305,1.00685,1.031028,0.981103,1.006435,1.017871,1.023356,1.001405,0.982304,1.001424,0.9992,0.984771,1.004214,0.999461,1.053061,1.04702,0.993825,0.973535,1.013008,1.0146,0.997382,0.998296,0.994311,1.002621,0.979407,1.044832,0.991422,0.993336,0.992616,0.985536,0.969865,0.965232,0.991711,0.960481,0.957394,0.923773,0.94114,0.913699,0.945462,0.944206,0.95458,0.937533,0.924289,0.946358,0.935997
1997-09-30,1.105862,1.087375,1.09696,1.114962,1.097405,1.0725419999999999,1.105833,1.081718,1.089637,1.114414,1.088447,1.085531,1.068871,1.094819,1.062716,1.096406,1.072426,1.117231,1.09339,1.087969,1.07808,1.096792,1.1182590000000001,1.051501,1.092734,1.081489,1.05625,1.039973,1.093978,1.088177,1.080717,1.076475,1.082725,1.051351,1.093829,1.088678,1.077522,1.038015,1.05984,1.042918,1.081138,1.071542,1.11787,1.098745,1.072236,1.091653,1.043048,1.073972,1.097347,1.070761,1.097813,1.034551,1.049537,1.07191,1.071351,1.058473,1.072553,1.016983,1.064367,1.050634,1.087647,1.074334,1.072608,1.079838,1.060967,1.050231,1.059905,1.071466,1.056465,1.05316,1.067768,1.031029,1.045229,1.040834,1.020984,1.0274,1.045543,1.076868,1.057734,1.028108,1.054237,1.056161,1.055576,1.086227,1.054783,1.052174,1.046109,1.056972,1.046042,1.103124,1.087057,1.084479,1.06958,1.077124,1.050383,1.054364,1.062512,1.072383,1.03083,1.046833
1997-10-31,0.967541,0.986758,0.98672,1.000633,1.001929,1.003516,0.979098,1.003698,0.995296,0.949237,0.94626,0.944881,0.975623,0.987673,0.981663,0.955847,0.979041,0.967597,0.955746,0.969079,0.924691,0.94207,0.966418,0.950869,0.961664,0.95618,0.977698,0.956417,0.977022,0.992983,0.955172,0.978617,0.910195,0.951352,0.954761,0.981216,0.987918,0.94327,0.954422,0.970173,0.925204,0.930647,0.947905,0.965217,0.978458,0.968224,0.947563,0.9604550000000001,0.929379,0.913123,0.956391,0.95267,0.943912,0.980483,0.956698,0.978361,0.970778,0.992556,0.983274,0.944303,0.923299,0.932454,0.957888,0.976298,0.996912,0.948444,0.980238,0.957374,0.926681,0.945888,1.007257,0.916416,0.943327,0.929009,0.914636,0.97333,0.944665,0.954139,0.944007,0.941142,0.914866,0.945285,0.989074,0.982879,0.975354,0.99825,0.950493,0.979262,0.936049,0.983166,0.983456,0.978322,0.949909,1.00301,0.969681,0.952833,0.98606,0.950007,0.987008,0.97214
1997-11-30,0.945063,0.988019,0.999011,0.999581,0.996957,0.979024,1.000286,1.027485,0.968709,0.986575,0.967146,0.975803,1.010815,0.998282,0.991312,0.985099,1.031113,0.984951,0.999183,0.998448,0.961703,0.988348,0.973282,0.995912,0.996233,1.02253,0.980353,1.000016,0.987041,1.010683,0.945282,0.974384,0.998836,0.992384,0.989064,1.006993,0.985773,0.958108,0.994388,0.956683,0.963117,1.008054,0.998995,0.978902,1.002425,1.013147,0.985744,1.005184,0.966058,1.02219,0.9866779999999999,0.984831,0.994669,0.980785,0.979407,1.044004,1.003972,0.984637,1.010869,0.960392,0.992434,0.975834,1.015487,1.014458,1.021537,1.033899,1.047637,1.01904,1.011759,1.034008,0.992314,1.025446,1.043351,1.007036,0.982209,1.004289,1.037631,1.042314,1.025133,1.034,0.957214,1.01368,1.016389,1.002936,1.041726,1.044565,1.025259,1.046329,1.025677,1.039665,1.025578,1.023436,1.017609,1.010142,1.087623,1.033638,1.012692,1.058897,1.049694,1.077174
1997-12-31,0.91927,0.986693,0.998562,1.01589,0.998504,1.013894,0.982069,1.025645,0.948837,0.984897,0.958734,1.011039,1.005166,0.9998,1.034139,1.029768,1.046229,0.985573,0.997769,1.041229,0.967002,0.977607,1.025843,1.017417,1.001489,1.037586,1.00646,1.006315,1.037624,1.028253,0.979408,1.064482,0.980154,0.99761,1.056097,1.026452,1.021501,0.981725,1.016211,0.994965,0.988632,1.002242,1.042841,1.01581,1.005517,1.026922,1.043904,0.99492,1.029397,1.003517,1.038284,1.0313,1.011205,1.028734,1.025168,1.027787,1.025999,1.02892,1.005063,0.998404,1.001041,1.016308,1.035119,1.04155,1.063056,1.032702,1.029676,1.02574,1.009699,1.00129,0.96406,1.000933,0.98116,1.024898,1.009643,1.040773,1.017422,1.016271,1.016497,0.99771,1.0311,1.066497,1.032465,1.007412,1.049157,1.043779,1.061876,1.045892,0.985757,1.046265,1.023151,1.04945,1.021139,1.025916,1.031319,1.02418,1.000761,1.038086,0.997328,1.01752
1998-01-31,1.000842,0.995266,0.996973,0.991102,0.992114,0.99343,1.00543,0.985229,0.979562,0.979116,1.000989,0.97219,0.997739,1.00449,0.99752,0.979027,0.979472,1.000376,0.947624,0.988125,1.001409,1.001132,0.978044,0.977814,0.966951,0.989864,0.96474,1.011109,1.035425,1.016456,0.959843,0.964739,0.979042,1.031086,0.988398,0.974819,0.981449,0.983557,1.014726,0.993834,1.019353,1.002093,0.97855,0.991985,0.972638,0.97435,0.9661420000000001,0.967917,1.00193,1.02629,1.009157,0.960574,0.978204,0.944974,0.942851,1.01099,0.981901,0.99175,1.007244,1.001403,1.021239,0.956925,0.989811,0.984678,0.993086,0.981092,0.980795,1.005602,1.01115,1.011059,1.045169,0.976186,0.994893,0.976825,1.003171,0.971836,0.957934,0.980552,1.011382,1.015385,0.979357,0.962112,1.008285,1.008069,0.960373,0.966313,0.954484,0.968465,1.005177,0.957902,1.045085,1.040275,1.01053,0.99256,0.977003,0.996836,0.998601,1.025191,1.04865,1.010106
1998-02-28,1.054407,1.053523,1.059328,1.054619,1.026404,1.068261,1.050922,1.059088,1.050815,1.032642,1.088795,1.060502,1.067509,1.050717,1.039599,1.06527,1.06977,1.051923,1.084222,1.07357,1.0774569999999999,1.076669,1.072736,1.066918,1.082862,1.0996299999999999,1.039004,1.074711,1.088789,1.096796,1.090399,1.06984,1.087431,1.071837,1.084188,1.064812,1.059497,1.094789,1.103894,1.08331,1.096011,1.107074,1.059284,1.089544,1.081571,1.092635,1.098317,1.06375,1.061165,1.099286,1.124609,1.061496,1.137108,1.080136,1.101774,1.059041,1.055468,1.071223,1.080186,1.065111,1.067026,1.089104,1.085885,1.060772,1.0607,1.054321,1.078757,1.09537,1.092402,1.055643,1.034694,1.101748,1.07883,1.077575,1.071992,1.040266,1.069002,1.091243,1.089922,1.104851,1.1024639999999999,1.066143,1.08263,1.084683,1.07584,1.07775,1.09155,1.102124,1.090945,1.015461,1.084163,1.066907,1.07605,1.05593,1.098183,1.082642,1.080505,1.071603,1.082648,1.048142
1998-03-31,1.053872,1.069739,1.031948,1.047748,1.072429,1.053267,1.06743,1.048618,1.037726,1.041619,1.068394,1.033031,1.029513,1.043092,1.027987,1.05286,1.044443,1.051639,1.043482,1.061316,1.05736,1.053073,1.032825,1.044269,0.99861,1.057887,1.053213,0.997953,1.009977,1.068615,1.045749,1.083504,1.017363,1.031121,1.047,1.058321,1.052001,1.012823,1.035016,1.082962,1.050192,1.007964,1.040433,1.030055,1.061499,1.040889,1.017082,1.105739,1.023877,1.049455,1.057166,1.06729,1.029541,1.03363,1.055988,1.011866,1.05452,1.032838,1.065865,1.05084,1.072198,1.090081,1.05195,1.089698,1.029004,1.048738,1.055937,1.037334,1.008314,1.051058,1.057705,1.039067,1.021131,1.024989,1.002557,1.067574,1.044848,1.052589,1.056933,1.07243,1.124271,1.060068,1.071059,1.026563,1.057366,1.04995,1.052341,1.018292,1.048256,1.038371,1.085961,1.0989,1.015623,1.056337,1.069297,1.03056,1.034527,1.058213,1.036256,1.074987
1998-04-30,1.028681,1.032001,1.030867,1.032089,1.023412,1.038442,1.010449,1.022901,1.02427,1.034617,1.028822,1.015409,1.032406,1.014977,1.022693,1.02711,1.023832,1.025145,1.018774,1.003178,0.994854,0.99211,1.009747,0.999029,1.035317,1.003322,1.024694,1.003354,0.999456,0.997787,0.993902,1.02695,1.021712,1.029714,1.007407,1.024371,1.02401,1.02215,1.020891,1.022592,0.997577,1.013475,1.040671,1.02131,0.997634,1.000402,1.011802,0.9823,0.942104,0.996511,1.02256,1.016851,1.030839,1.024012,0.985678,1.001329,1.001303,0.985465,1.010002,1.018365,1.0033,1.014508,1.005088,0.980129,1.013135,1.006465,1.012868,1.006436,1.033094,0.994665,0.969472,1.006588,1.005947,0.980327,0.995671,0.988739,0.996932,1.020704,1.011385,0.982544,0.979908,1.014678,1.037244,1.015261,0.988655,1.000031,1.017177,0.989891,1.010255,0.9863999999999999,1.046707,1.034531,1.039357,1.00837,1.031513,1.031849,1.058092,1.007037,1.017448,0.990415
1998-05-31,0.945691,0.970653,0.979854,0.959998,0.955084,0.955956,0.962622,0.982313,0.948872,0.944364,0.927835,0.982181,0.961245,0.964732,0.960219,0.934172,0.948648,0.953674,0.951417,0.966441,0.935837,0.941152,0.958587,0.947325,0.944217,0.963331,0.969232,0.959653,0.976486,0.934264,0.935167,0.928173,0.955368,0.937369,0.933266,0.963879,0.935467,0.9284479999999999,0.938028,0.9315640000000001,0.904692,0.961107,0.947715,0.98712,0.945926,0.968072,0.933732,0.944036,0.917114,0.9287650000000001,0.919838,0.912522,0.957016,0.945734,0.94407,0.94915,0.963144,0.93923,0.934947,0.949707,0.9326,0.964714,0.950153,0.941356,0.952679,0.98665,0.994153,0.933145,0.973168,0.998042,0.946232,0.966633,0.953008,0.968598,0.9310579999999999,0.984637,0.962089,0.97497,0.967597,0.961928,0.934052,0.973944,0.990177,0.99909,0.99511,0.98903,0.950933,0.99401,0.965308,0.936593,0.982151,0.992491,0.933539,1.043996,1.027327,0.986266,0.943514,0.974325,0.976182,1.011523
1998-06-30,0.963217,0.970596,0.95909,0.973557,0.997014,0.981653,0.9687479999999999,0.989895,0.971745,0.974816,1.031595,1.021199,0.994084,1.029216,0.991286,0.996463,0.983929,1.02189,0.986323,1.03024,0.996938,1.007619,1.008387,0.993129,0.985907,0.994585,0.993259,0.980612,0.981445,1.025491,0.996986,1.006465,1.010255,1.000213,0.993381,1.024447,1.019265,0.965044,0.993359,0.980961,1.029598,1.059271,0.98503,0.987431,1.000245,0.987365,0.970299,1.002666,1.026783,1.049549,1.094517,1.043235,0.997987,0.969554,0.970459,1.001536,0.985646,1.014836,1.006134,0.960698,1.011665,1.016429,1.034026,1.000602,1.026714,0.995721,1.00417,0.98496,1.015631,1.039229,0.998113,1.02309,0.988654,0.9889,0.976012,0.982392,1.016466,1.000538,0.996043,1.043496,1.009493,1.016134,1.055746,1.008121,1.023315,1.022214,1.009872,1.045205,1.034782,1.0435,1.046368,1.101392,1.068478,1.010686,1.074082,1.029865,1.048735,1.049588,1.063048,1.0384
1998-07-31,0.931074,0.937333,0.952878,0.943818,0.937597,0.9486559999999999,0.947959,0.949444,0.899178,0.953947,0.9188069999999999,0.94732,0.96639,0.943963,0.933081,0.945616,0.946403,0.909338,0.9127270000000001,0.9583699999999999,0.921469,0.898388,0.908613,0.939257,0.923458,0.930824,0.928222,0.913151,0.9198310000000001,0.971699,0.92453,0.902014,0.8984650000000001,0.930567,0.957366,0.915604,0.888265,0.910811,0.987782,0.925403,0.931852,0.900175,0.929442,0.923111,0.933651,0.915764,0.89061,0.927495,0.916073,0.958688,0.89541,0.9181509999999999,0.92875,0.928743,0.930851,0.8962829999999999,0.908502,0.896189,0.929192,1.017259,0.926318,0.95538,0.98772,0.947837,0.979081,0.938397,0.955547,0.946436,0.8959820000000001,0.952814,1.01414,0.92606,0.951102,0.924003,0.959871,0.934276,0.934026,0.948611,0.906471,0.977317,0.979294,0.948114,0.936495,0.898963,0.998346,0.961658,0.992033,0.951314,0.963018,0.929553,1.016271,0.965805,0.999736,1.019018,0.979961,1.025955,0.981994,0.990159,1.003758,1.009513
1998-08-31,0.754738,0.816027,0.840918,0.831647,0.8262419999999999,0.828901,0.8203199999999999,0.828251,0.792468,0.776585,0.720369,0.808488,0.783976,0.820632,0.837169,0.777199,0.8233820000000001,0.814356,0.805541,0.757853,0.72773,0.796536,0.8206249999999999,0.832044,0.815329,0.814496,0.80479,0.799988,0.797527,0.766719,0.7406900000000001,0.792041,0.835691,0.809681,0.855775,0.845185,0.832177,0.837086,0.797328,0.790221,0.7527349999999999,0.80474,0.775166,0.7458480000000001,0.853643,0.823326,0.807362,0.816284,0.78365,0.836162,0.7476050000000001,0.7967960000000001,0.800252,0.846536,0.834085,0.832305,0.796748,0.785061,0.778398,0.792658,0.79025,0.844526,0.854737,0.833902,0.817226,0.824606,0.801926,0.797675,0.812961,0.812797,0.795788,0.826487,0.815239,0.851495,0.8312,0.8261700000000001,0.839059,0.884818,0.806464,0.834463,0.741807,0.871008,0.8753839999999999,0.820946,0.904842,0.861334,0.845286,0.850571,0.825156,0.879435,0.793386,0.838667,0.810219,0.880412,0.87669,0.856999,0.862576,0.846291,0.848877,0.870883
1998-09-30,1.021289,1.022262,1.022919,1.010299,1.009304,0.996715,1.004838,1.00965,0.96303,0.995873,1.11446,1.046393,1.044275,1.021524,1.04381,1.048519,1.022896,0.990406,1.004168,1.04974,1.098469,1.072884,1.054115,1.070032,1.0816810000000001,1.05708,1.043437,1.079982,1.062115,1.014958,1.157986,1.035363,1.067415,1.08151,1.057287,1.089062,1.054043,1.077489,1.059325,1.082048,1.123815,1.090635,1.06676,1.060355,1.048987,1.011138,1.064602,1.065094,1.081263,1.067008,1.184579,1.06277,1.094128,1.094628,1.07613,1.055945,1.065551,1.005468,1.038852,1.034529,1.120663,1.018528,1.090007,1.059692,1.07761,1.055252,1.044853,1.029952,0.974804,1.012262,1.108508,1.075307,1.0675729999999999,1.066388,1.1566,1.091213,1.033166,1.052903,1.036022,1.005605,1.255452,1.015159,1.017655,1.053824,1.061127,1.091236,1.048444,1.064321,1.012675,1.069948,1.074004,1.121802,1.052554,1.034135,1.010124,1.086722,1.062876,1.023725,1.104738,1.063318
1998-10-31,1.016289,1.000814,0.992664,1.016553,1.027576,1.014277,0.989686,1.004803,1.04424,1.007323,1.028902,1.028349,1.033003,1.069595,1.057163,1.046621,1.00162,1.007971,1.049991,1.002093,1.043005,1.053764,1.034828,1.035745,1.010243,1.025266,1.026667,1.032567,1.067193,1.008082,1.033003,1.08399,1.077654,1.04461,1.022907,1.023553,1.049833,1.049958,1.064983,1.052581,1.06538,1.014194,1.051416,1.082727,1.053549,1.045195,1.022074,1.05436,1.0805150000000001,1.054621,1.048182,0.96614,1.014278,0.98804,1.0668549999999999,1.056094,1.0595,1.0826,1.108229,1.061505,1.022072,1.113626,1.043139,1.071049,1.055203,1.080524,1.061771,1.079965,1.081244,1.078315,1.106745,1.049327,1.012357,1.095901,1.041613,1.079375,1.105767,1.131243,1.062992,1.062005,1.07999,1.058933,1.050159,1.085266,1.06016,1.04301,1.099969,1.07279,1.138531,1.05781,1.069043,1.072336,1.112993,1.029475,1.123438,1.095575,1.053436,1.078502,1.046847,1.108922
1998-11-30,1.102215,1.085432,1.093173,1.038355,1.054645,1.050938,1.039848,1.030958,1.062472,1.089802,1.117204,1.089863,1.025242,1.074645,1.051757,1.080787,1.067911,1.037844,1.066466,1.070377,1.070104,1.06349,1.065282,1.078993,1.045131,1.058967,1.049349,1.077042,1.06421,1.129494,1.102504,1.031799,1.021953,1.038633,1.055772,1.075058,1.045466,1.048899,1.07372,1.092586,1.143573,1.080291,1.051945,1.064921,1.062575,1.046747,1.019206,1.055064,1.080414,1.04001,1.074957,1.070243,1.015759,1.025073,1.007626,1.06404,1.038451,1.074333,1.080489,1.087728,1.042843,1.027302,1.037051,1.067092,1.091812,1.040722,1.02131,1.08371,1.054173,1.034104,1.084861,1.018181,1.09985,0.993508,1.04804,1.030532,1.025149,1.014582,1.052176,1.08245,1.2199309999999999,1.063406,1.036338,1.0673300000000001,1.058487,1.02048,1.061674,1.058106,1.069409,1.021003,1.085163,1.046229,1.058531,1.085396,1.075904,1.058322,1.06089,1.041466,1.095928,1.053967
1998-12-31,1.002389,1.013347,0.972084,1.017751,1.031791,1.005615,1.017276,1.018115,0.993344,1.049333,1.049118,1.055455,1.029402,1.021165,1.025884,1.046888,1.026623,1.026286,1.026904,1.056867,1.055032,1.077291,1.050225,1.064104,1.049987,1.02833,1.025225,1.05033,1.098076,1.06273,1.091822,1.040734,1.042547,1.021198,1.05878,1.05904,1.032532,1.037313,1.057254,1.061995,1.106257,1.069586,1.030866,1.045145,1.009037,1.05517,1.024587,1.081081,1.058136,1.074154,1.142054,1.071751,1.065701,1.07279,1.059164,1.037847,1.062911,1.106537,1.087234,1.108519,1.067965,1.09665,1.053429,1.087346,1.082717,1.045013,1.011048,1.024418,1.062321,1.057374,1.136433,1.010112,1.040574,1.067972,1.072026,1.039826,1.073671,1.078639,1.022452,1.062526,1.206752,1.039923,1.052002,0.976149,1.052218,1.041507,1.071873,1.059793,1.087539,0.991323,1.209228,1.043039,1.033545,1.13138,1.07013,1.043317,1.028467,1.0749360000000001,1.073468,1.062021
1999-01-31,1.114326,1.054142,1.031869,1.01449,1.019138,1.063129,1.061767,1.027664,1.026293,1.08395,1.066251,1.055886,1.027779,1.013403,0.9431039999999999,1.02834,1.001257,1.014616,1.057217,1.064689,1.091317,0.98424,1.012269,1.03478,1.086705,0.992051,1.000687,0.974776,1.016928,0.959034,1.0880589999999999,0.988297,0.951956,0.9841260000000001,0.969354,0.981867,0.945242,0.976897,0.973707,1.024198,1.154559,0.986692,1.003856,0.961887,0.993887,0.964624,1.00905,1.018324,0.983794,0.9808790000000001,1.221513,0.952553,0.95616,0.974933,0.96913,0.933765,0.969097,1.013055,0.945754,1.051423,1.174818,1.025779,0.95571,1.014474,0.95447,0.978178,0.933876,0.977924,0.974218,0.942123,1.072092,0.979542,0.994411,0.955577,0.961965,0.945352,0.970561,0.94641,1.017625,1.013396,1.226258,0.979355,0.979327,0.992067,1.051787,0.949807,1.003988,1.009852,1.041753,0.988121,1.079934,1.046131,1.009025,1.047368,1.010383,1.071842,1.045462,1.025862,1.087547,1.026655
1999-02-28,0.938752,0.943912,0.957192,0.957371,0.967108,0.936395,1.000665,0.952322,0.9383589999999999,0.943856,0.902033,0.909564,0.92414,0.953045,0.94349,0.919358,0.95267,0.9180349999999999,0.964959,0.905714,0.91028,0.898666,0.91213,0.909095,0.966618,0.910924,0.909977,0.934514,0.939923,0.890864,0.904026,0.900834,0.870918,0.908998,0.9336800000000001,0.892013,0.901004,0.920404,0.895758,0.918473,0.901039,0.919605,0.893699,0.8840399999999999,0.926976,0.926801,0.946873,0.905877,0.900324,0.928331,0.915144,0.956355,0.906883,0.917699,0.952335,0.960671,0.932899,0.950333,0.905529,0.936051,0.936678,0.943261,0.990715,0.935927,0.932874,0.955535,0.956438,0.937593,1.00297,0.983017,0.967985,0.947113,0.975512,0.94281,0.965498,0.954159,0.933266,0.961588,0.924773,0.993609,0.940002,0.93781,0.979892,1.016842,0.945581,0.977981,0.9773,0.986199,1.011483,0.98849,1.038463,1.0026,1.031654,0.976572,0.998268,0.98524,0.947304,0.985487,0.949448,0.946999
1999-03-31,0.977543,0.964443,0.945642,0.95017,0.941374,0.9259,0.942112,0.961042,0.951835,0.98278,1.012841,0.943503,0.992057,0.980117,0.987673,0.919083,0.979436,0.933282,0.935746,0.9436,0.984856,1.016046,0.971427,0.986716,1.031077,0.977086,0.983999,0.977265,0.988326,1.0684960000000001,1.073848,1.000652,0.96534,0.968842,0.987473,0.983722,1.015835,1.005461,1.020602,0.996341,1.103582,1.080621,0.968771,0.9504,1.034267,1.009729,1.045157,0.99197,1.026733,1.056534,1.123766,1.035004,0.956959,1.007955,1.005111,0.99918,0.998664,1.022219,1.025726,0.995682,1.082948,1.044832,0.986014,1.025286,0.949375,0.973728,1.041849,0.972565,0.95223,1.019002,1.076695,1.097598,1.062503,0.99068,1.020695,1.047244,0.989304,1.018487,1.020307,1.049742,1.200405,1.009554,1.085653,0.99901,0.989976,1.034597,0.998846,1.027921,1.090382,1.063735,1.208311,1.031813,1.051411,1.061857,1.065153,1.058613,1.050033,1.064633,1.037956,0.986939
1999-04-30,1.095869,1.065444,1.070924,1.054318,1.080771,1.047638,1.070233,1.052366,1.083162,1.065607,1.103169,1.077291,1.1750180000000001,1.117853,1.045369,1.068479,1.196541,1.114183,1.160761,1.09627,1.06261,1.069171,1.059069,1.049625,1.326864,1.083242,1.096913,1.1213899999999999,1.079589,1.03815,1.080964,1.103808,1.025926,1.053856,1.058613,1.063099,1.082721,1.0859779999999999,1.047942,1.090751,1.264363,1.064923,1.090753,1.077031,1.058281,1.042338,1.101596,1.047841,1.146276,1.089238,1.18699,1.031402,1.111983,1.056847,1.044362,1.146633,1.105942,1.078627,1.073564,1.039243,1.064536,1.05192,1.083243,1.024651,1.03198,1.076088,1.111999,1.112725,1.066818,1.076974,1.043153,1.203795,1.072682,1.076217,1.052036,1.107901,1.141024,1.092039,1.084742,1.130887,1.038353,0.998002,1.063524,1.065582,1.071657,1.095394,1.076618,1.049405,1.071601,1.055233,1.069731,1.056524,1.010894,1.018854,1.021372,1.016283,1.087118,1.01581,0.973967,1.07823
1999-05-31,1.040363,1.036443,1.052592,1.024603,1.030606,1.017403,1.037235,1.043946,1.045752,0.971622,0.993964,1.029974,1.028634,1.055588,1.012062,1.025778,1.02237,1.070384,0.985791,1.040508,1.043654,1.036827,1.046103,1.047652,0.892558,1.011886,1.023051,1.024215,1.049762,1.034494,0.969681,1.005505,1.068667,1.025268,1.032824,1.028844,1.059147,1.049595,1.067798,0.978742,0.9298690000000001,1.002817,1.012322,1.036303,1.011268,1.031773,1.060923,1.007361,1.039929,1.0039,0.9096960000000001,1.029654,1.025659,1.038491,1.006608,1.03869,1.018159,1.008383,1.030795,1.000656,1.01829,1.035992,1.007562,1.055998,1.074027,0.995683,1.005696,1.053842,1.002011,0.994131,1.046259,1.029455,0.997598,1.002481,1.000788,0.978003,1.023883,1.002587,0.9993,0.998799,0.8684499999999999,1.029407,1.048122,1.01226,1.005797,1.018915,0.99301,0.989046,0.968018,0.948637,0.902421,1.021237,0.98207,1.036952,0.957302,0.949984,0.992447,0.966946,0.9713,0.97734
1999-06-30,1.037866,1.028544,1.067264,1.02571,1.06681,1.048073,1.07657,1.011603,1.042337,0.983231,1.103459,1.118827,1.092596,1.093575,1.097826,1.067306,1.107412,1.093089,1.053794,1.055637,1.056888,1.085539,1.048467,1.059083,1.123955,1.024938,1.067839,1.1030739999999999,1.073074,1.001896,1.131832,1.056007,1.076692,1.030331,1.073856,1.064587,1.091323,1.087175,1.049859,1.068142,1.060547,1.1126179999999999,1.056444,1.040689,1.055613,1.008256,1.045042,1.058241,1.029654,1.030259,1.033122,1.002637,1.062529,1.014712,1.016078,1.041229,1.060287,1.029636,1.054142,1.026549,1.037151,1.102378,1.01682,1.088874,1.024025,1.053804,1.028611,1.038363,1.053561,1.083737,1.077915,1.11536,1.056904,1.050278,1.059325,1.030979,1.050684,1.049365,1.072292,1.040635,1.094948,1.009887,1.049946,1.000577,1.011639,1.002097,1.039387,1.020483,1.043441,1.013946,0.952417,1.022823,1.007735,1.029567,1.070479,1.065344,1.041516,1.05871,1.064609,1.070137
1999-07-31,1.023865,1.023859,1.034893,1.003041,1.018402,1.009102,0.999497,1.042527,1.081686,1.029431,1.024935,0.991849,1.00018,1.012817,1.010675,1.013269,0.974719,1.002851,0.990094,1.046963,0.986434,0.97835,0.971996,0.990436,0.974012,1.002935,1.002267,0.962362,0.967838,1.024336,0.971897,0.971305,0.989526,0.983401,0.997124,0.990776,0.994898,0.977257,0.955246,0.989117,0.987671,0.986501,0.93946,0.9804889999999999,0.977368,0.9739,0.990346,1.050754,0.984156,0.98027,0.985198,0.963574,0.969152,0.997263,0.955987,0.96672,0.961742,0.984916,0.993928,0.98003,0.987181,0.953526,1.006214,0.995299,0.998272,1.006483,1.004848,0.98394,0.994392,0.998249,0.98994,0.962206,0.991301,0.948832,0.969476,1.001901,0.949431,0.986354,0.959605,0.95362,0.959582,0.929382,0.993973,0.919728,0.964202,0.963098,0.95129,0.962569,0.975169,0.993292,0.95007,0.973328,0.993869,1.002413,0.928826,0.975722,0.976593,0.950276,0.970996,0.967132
1999-08-31,0.973689,0.97309,0.979304,0.961972,0.972553,0.965524,0.980647,0.956382,1.024561,0.966333,1.006823,0.946935,0.972751,0.962844,0.969682,0.94994,0.949249,0.948279,0.955045,0.99832,0.954384,0.95446,0.970545,0.972195,0.950246,0.9683930000000001,0.947522,0.95283,0.970681,0.9346099999999999,0.969804,0.99472,0.949621,0.959585,0.959001,0.942424,0.949969,0.964963,0.980417,0.984402,1.00664,1.036912,0.995094,0.95563,0.959601,0.964876,0.983326,0.9341079999999999,0.958235,0.921492,0.982062,1.005973,0.916581,0.973604,0.949827,0.9502120000000001,0.963258,0.928979,0.976846,0.95384,0.960179,1.014033,0.981668,1.001285,0.950825,0.968506,0.966037,0.949795,0.921099,0.923367,1.02558,0.997349,0.975924,0.959991,0.942138,0.978676,0.959289,0.96153,0.997008,0.955593,1.039437,0.988497,0.985709,0.989712,0.986532,0.961206,0.99038,0.962752,0.966623,0.96191,0.963122,0.980971,0.995504,0.974254,0.991346,0.992872,0.953261,1.014634,1.020645,1.000158
1999-09-30,1.002196,0.944977,0.959507,0.968269,0.964461,0.955825,0.962991,0.946191,0.967687,0.953422,1.002512,0.936524,1.025053,0.990034,1.003323,0.998706,0.975478,0.971571,1.025052,1.008305,1.002848,0.988253,0.999128,1.028103,1.002394,0.959123,0.999553,0.957716,0.979334,0.977242,1.038362,0.983108,0.9974190000000001,1.045205,0.936481,0.984342,0.96148,1.009916,1.014373,0.939984,1.000104,1.041447,0.972249,0.995175,1.01668,0.99996,0.998284,1.034992,1.039112,1.023997,1.028421,1.022863,1.002426,0.990639,1.023693,0.984975,1.005385,0.983026,0.971176,1.009796,1.056735,1.010176,0.986098,0.971512,0.958028,1.019133,0.9113789999999999,0.942519,0.996693,0.953412,1.03072,1.001124,0.908289,0.981716,0.978741,0.963824,0.982432,0.991419,1.022556,0.965538,0.974889,0.9261010000000001,0.93666,0.998534,0.95486,0.945557,0.936672,0.973895,0.978726,0.926486,0.998884,1.009028,0.939663,0.949993,1.002798,1.003994,0.97461,1.0012,0.965003,0.952045
1999-10-31,0.999586,0.986465,0.992025,0.966719,1.000131,0.9549570000000001,1.012196,1.00518,1.045585,0.954294,1.015967,0.969986,0.97606,0.964691,0.984568,1.006379,0.948884,0.964836,0.938018,0.993198,1.037831,0.98942,0.932985,1.036342,0.97192,0.991641,0.960296,0.973742,0.959387,0.967515,1.047851,0.985527,0.992474,0.984575,0.978956,0.970652,1.003652,1.024674,0.978402,0.932037,1.052478,1.02315,1.017766,0.967257,0.996404,1.01648,0.952573,0.995652,1.008047,1.023489,1.04566,1.008929,0.998959,1.013239,1.022658,0.998835,0.999651,0.990642,1.037588,0.960957,1.133059,1.001219,1.133495,1.100883,0.973566,1.028287,0.989684,1.024979,1.016026,0.993193,1.086539,1.061367,1.097334,1.005525,1.048271,1.031614,1.043605,0.999311,1.033634,1.035448,1.140693,1.068753,1.067958,1.016051,1.040622,1.101534,1.050803,1.048554,1.093648,0.98221,1.109529,1.005233,1.058548,1.050889,1.148959,1.096416,1.046851,1.138861,1.074956,1.024117
1999-11-30,1.213578,1.060825,1.076961,1.0661640000000001,1.087189,1.0022,1.053955,1.085261,0.997893,1.105285,1.167702,1.062083,1.043865,1.052701,1.047602,1.032418,1.0752329999999999,1.030711,1.035263,1.142216,1.186709,1.079823,1.063992,1.031791,1.030859,1.056414,1.052166,1.012692,1.05715,1.070334,1.108639,1.015596,1.056938,1.070057,1.045097,1.09378,1.027672,1.053391,0.985528,1.073494,1.135418,1.029551,1.058517,1.053267,1.076685,1.081242,1.008398,1.009387,1.11447,1.015481,1.091604,1.045051,1.027402,0.996135,1.078455,0.990389,1.009119,1.016601,1.124435,1.0954679999999999,1.16143,1.075984,1.11881,1.036584,0.958838,1.02135,1.033094,1.021457,1.043842,1.02437,1.07386,1.108136,1.041686,0.985501,1.020039,1.051477,0.975973,0.981287,1.103195,1.006969,1.143536,1.09126,1.013619,1.057745,0.975798,1.007255,0.983905,1.013848,0.996091,1.001954,1.009398,1.070087,0.940382,1.047519,0.995255,1.017346,1.054485,1.005586,1.023974,1.038113
1999-12-31,1.243173,1.063156,1.078073,1.083243,0.992339,1.015473,1.008759,1.06939,0.98226,1.038248,1.307048,1.026864,1.080495,1.044807,1.004517,1.069712,1.068241,1.095067,1.019855,1.686437,1.164002,1.124418,1.086806,1.109483,1.036583,1.06851,1.015422,1.017828,1.008497,1.089232,1.210218,1.051589,1.086435,1.075946,1.107608,1.092244,1.0318,1.097979,1.067326,1.161938,1.240646,1.241171,1.124092,1.100532,1.079189,1.096156,1.016076,1.020645,1.064894,1.120141,1.203916,1.069419,1.054037,1.050776,1.061743,1.019533,1.022491,1.074537,1.058702,1.052014,1.31816,0.991963,1.14631,1.200059,1.034837,1.041739,1.022821,1.03938,1.044784,1.074204,1.2849059999999999,1.001645,1.198272,1.099299,1.035351,1.046324,1.011288,1.031421,1.190938,1.12154,1.217563,1.246328,1.033902,1.13052,1.034422,1.086549,1.028431,1.01326,1.021361,0.998675,1.057206,1.203019,0.991195,1.067126,1.079904,1.087247,1.091554,1.088498,1.064909,1.013841
2000-01-31,1.185055,1.056224,1.005064,1.064708,1.021385,1.021221,1.009049,0.998188,1.010586,1.072275,1.099907,0.988482,1.029191,1.009267,1.001843,0.981685,0.99298,0.908525,0.978581,0.7370760000000001,1.088825,1.004725,1.012604,1.002565,0.935658,1.0386,0.944045,0.961259,0.959146,0.994979,1.01328,0.99134,0.8851910000000001,0.981415,0.980516,0.976437,0.983403,0.9495709999999999,0.919274,0.93048,0.971582,1.001654,0.969031,0.949336,0.918367,0.972924,0.987446,0.972198,0.939235,0.883622,1.131172,0.911879,0.94515,1.001755,0.967145,0.951342,0.960934,0.9014070000000001,0.882575,0.895856,0.97382,0.925369,1.027702,0.9169769999999999,1.006158,0.919736,0.976589,0.932781,0.955051,0.91366,0.970124,1.004858,0.93105,0.987307,0.955601,0.958275,0.961487,0.933717,0.993201,0.8850290000000001,1.048432,0.98456,0.946011,0.957953,0.994681,0.927739,1.004797,0.94164,0.916206,0.951601,0.940202,0.936086,1.008061,0.990901,0.9172130000000001,0.932372,0.969606,0.966588,0.953032,0.94024
2000-02-29,1.459729,1.1336870000000001,1.120855,1.138851,1.068954,1.094544,1.10753,1.152022,1.059035,1.126733,1.530025,1.089839,1.172149,1.146547,1.070865,1.00794,0.965056,1.001539,1.076939,1.056587,1.366564,1.304649,1.11579,1.104122,1.00798,1.099083,1.141036,1.043016,1.073255,1.076641,1.348015,1.242462,1.02754,1.173521,1.096775,1.145803,1.066908,1.090567,1.03844,0.946925,1.365491,1.226975,1.068475,1.0270299999999999,1.131972,1.2191939999999999,1.010256,1.069247,0.940147,0.914489,1.256816,1.094282,1.2061899999999999,1.1416870000000001,1.009443,1.036561,1.02258,0.951355,1.07039,1.043914,1.382408,1.022971,1.40268,1.181541,1.002456,1.02413,0.98722,0.95915,1.059201,0.988633,1.1543,1.110937,1.204262,1.037323,0.958062,1.152602,0.970136,0.97547,1.355031,0.977776,1.205988,1.076123,1.080546,1.270724,1.04097,1.039619,1.056157,1.006659,0.961582,0.941189,0.968466,0.950093,0.895019,0.958339,0.93832,1.02759,1.007269,0.992922,0.977222,0.955886
2000-03-31,0.844903,0.957879,0.994989,1.007069,0.978394,0.955055,0.954073,0.967803,1.036556,0.911137,0.780598,1.008595,1.007591,1.023032,1.007138,1.014775,1.061769,1.000889,0.94675,0.951979,0.84659,0.877741,1.037236,0.99243,1.052305,0.992983,1.00116,1.049392,0.9514,1.028172,0.815491,0.903849,1.051309,1.017284,0.910583,0.896554,0.973016,0.972677,1.167816,1.103028,0.779025,0.855261,0.981503,1.013964,0.974059,0.953245,1.056076,1.15545,1.029915,0.964103,0.824099,1.084674,0.994334,0.989945,1.163328,1.070604,1.03829,1.050028,1.048773,1.095108,0.802403,1.100812,1.033463,1.045369,1.119806,1.162787,1.148868,1.186505,1.106274,1.193554,0.925217,1.053191,0.95103,1.138434,1.099238,1.049544,1.1542810000000001,1.152015,1.046666,1.097789,1.037608,1.073877,1.135883,0.95812,1.0651410000000001,1.09246,1.069505,1.030622,1.042033,1.077527,1.05853,1.11655,1.124491,1.090453,1.142041,1.080175,1.087483,1.155845,1.127604,1.066242
2000-04-30,0.74737,0.866092,0.907637,0.887163,0.980844,0.927448,0.954547,0.92237,0.91626,0.8314549999999999,0.823443,0.932017,0.924319,0.939571,0.953718,0.963611,0.970799,0.905861,0.956514,0.892377,0.803591,0.888693,0.873954,0.863827,1.029128,0.926602,0.921603,1.016959,0.924269,0.95863,0.843108,1.022597,0.963583,0.986699,0.930248,0.983989,1.024996,0.977183,0.856166,1.039422,0.816437,0.9232899999999999,1.004685,1.030544,0.919336,0.9852,0.9696,1.006578,1.115518,0.978789,0.878109,0.920644,1.044618,1.036039,0.843401,1.025317,0.938998,0.980745,1.062633,0.923863,0.94593,0.984766,0.968421,0.912018,1.015993,0.962833,1.014815,0.969055,0.952898,0.957158,0.892594,1.052104,0.966836,0.956566,1.018002,0.988971,0.99218,1.013376,0.917996,0.934539,0.804025,0.885452,0.940084,0.952326,0.984521,1.002247,0.966731,1.020493,1.015175,0.988374,0.954176,0.927001,0.9557,0.962468,1.001973,0.990375,0.997363,0.968585,0.898215,1.017131
2000-05-31,0.847214,0.93641,0.930737,0.954708,0.955996,0.972141,0.990758,0.937352,0.945737,0.910655,0.885579,0.964693,0.932921,0.976689,0.976453,0.935464,0.96646,0.980744,0.970298,0.875979,0.848392,0.87767,0.9218459999999999,0.980243,1.01012,0.877054,0.912629,1.008765,0.886163,0.998166,0.958427,0.985085,0.943428,0.918943,0.91088,0.911075,0.979479,0.993955,0.899666,0.945856,0.950926,0.993155,0.975491,0.993467,0.977703,0.991967,0.938871,0.952144,0.99608,0.997203,0.894808,1.052467,0.969575,1.017595,0.991975,0.929241,0.998045,0.947271,0.902181,1.012654,0.840406,0.964679,0.965586,0.987458,0.971398,0.946551,1.019455,1.018951,0.963522,0.987266,0.944629,0.981412,0.919522,1.01606,0.958781,0.983182,1.011282,0.997705,0.890998,1.035958,0.8631800000000001,0.950803,0.919771,0.982728,0.990351,1.014202,1.019863,0.995658,0.990367,0.975183,0.93015,0.983777,1.069519,0.991971,1.018402,0.950884,0.936469,0.982911,0.958412,0.991305
2000-06-30,1.276931,1.110576,1.082214,1.189932,1.1532879999999999,1.044892,1.01828,1.001578,1.085398,1.094401,1.342684,1.1463,1.298742,1.187897,1.021808,1.121714,1.133721,1.012298,1.022036,1.102749,1.191958,1.195474,1.101604,1.112866,1.012847,1.056563,1.074962,1.117445,1.049529,1.1261269999999999,1.138056,1.110329,1.056852,1.072957,1.137553,1.067484,1.070805,1.064034,0.964109,1.026674,1.240615,1.117242,1.032509,1.090082,1.026423,1.037376,0.999421,0.96933,1.0843,0.996408,1.16839,0.967572,1.075887,1.059316,1.063897,1.014641,1.001629,1.020546,0.90545,1.182507,1.199678,0.978691,1.04314,1.23215,0.992227,0.991644,1.012946,0.963324,1.002884,0.942921,1.081993,1.030295,0.968706,1.021116,0.972024,1.075453,1.002945,0.918654,1.147502,1.042165,1.244289,1.058208,0.991612,1.027804,1.064278,1.022637,0.966359,0.981977,0.996178,0.951522,1.057851,0.976817,0.977637,0.983698,0.968198,0.961475,1.056233,1.018213,1.060471,1.040838
2000-07-31,0.947626,0.989373,0.998433,0.991314,1.005104,1.017638,1.026451,1.055407,0.991573,0.993553,0.93915,0.988178,0.996459,1.042876,1.013915,1.016753,1.01618,0.998513,0.974927,1.064849,0.933426,0.982348,1.025877,1.00135,0.981883,1.059546,1.034724,1.0133,1.072976,0.964289,0.882709,0.987458,0.948155,1.00409,1.030444,1.009233,1.000668,1.027033,1.079516,1.014425,0.89942,0.998062,0.952532,0.990388,0.961661,1.022344,1.024445,1.025071,1.029361,1.046296,0.876344,0.919978,0.972107,1.009661,1.02048,1.022856,1.051164,1.000658,1.0633569999999999,1.064186,0.848947,0.974088,0.980513,0.980635,1.01862,0.964356,1.040598,1.02077,0.977417,1.068843,0.912473,1.00269,1.043075,0.977134,0.993776,1.01192,1.00156,0.980092,1.002317,0.996517,0.897561,1.016154,1.011156,0.957315,1.071416,0.977469,1.027949,0.998181,1.020497,0.982371,0.912697,1.037448,0.960312,1.026374,0.979599,0.978685,1.043179,0.978609,0.965768,0.968493
2000-08-31,1.042436,1.045632,1.021015,1.055095,1.024606,1.03942,1.002903,1.016872,1.070283,1.044873,1.112895,1.067481,1.080714,1.100592,1.052229,1.06886,1.0710790000000001,1.054363,1.116656,1.098771,1.046559,1.079072,1.04211,1.063353,1.059717,1.058344,1.045552,1.069335,1.090759,1.043441,1.069202,1.082591,1.091313,1.060667,1.056599,1.045707,1.01577,1.088493,1.037851,1.070314,1.108478,1.080435,1.059661,1.138827,1.039761,1.092245,1.073946,1.079615,1.031528,1.042487,1.092747,1.061653,1.060113,1.043232,1.100418,1.1272579999999999,1.036366,1.083822,1.050245,1.106271,1.099613,1.036943,1.180657,1.026425,1.064922,1.067323,1.095734,1.067922,1.071199,1.085055,1.164841,1.156007,1.064996,1.117636,1.064856,1.075657,1.068809,1.041736,1.0937540000000001,1.111059,1.12081,1.092735,1.113163,1.139882,1.102921,1.046982,1.101582,1.074222,1.042142,1.084525,1.136288,1.0676350000000001,1.071595,1.071405,1.132705,1.031123,1.11108,1.061897,1.078544,1.01495
2000-09-30,0.940313,0.997199,0.975537,0.990791,0.993291,1.000339,0.976644,1.026985,0.996532,0.964486,0.916512,0.99342,1.043191,1.003033,0.974348,0.982222,0.990258,0.984108,0.958876,0.934445,0.91662,0.930214,1.018072,1.01009,0.999894,0.998294,0.997318,0.99069,0.957963,0.968292,0.94832,1.016108,0.958789,0.981543,0.986171,1.037757,0.951506,0.995523,0.987307,1.001327,0.850889,1.029289,1.041283,1.002826,0.989834,1.001675,0.981578,0.951349,0.94778,0.968018,0.89629,0.938894,0.994245,0.992715,1.008179,1.017846,0.972773,0.96479,0.996688,0.955961,0.865638,0.97051,0.983095,0.970392,1.006393,0.981795,0.970601,0.977017,1.021635,0.963163,0.863094,0.931019,0.957593,0.902788,0.968861,1.064614,1.020524,1.002028,0.947061,0.969087,0.942821,0.980749,1.027839,0.961623,1.04745,1.03877,0.957877,1.009625,0.989202,1.005643,0.9351,0.835802,0.965056,1.004318,0.959088,0.9012830000000001,0.991805,0.843866,0.973623,1.001247
2000-10-31,0.898389,0.944478,0.949009,0.9472700000000001,0.971808,0.958197,0.970298,0.93047,0.956427,0.912827,0.880193,0.941499,0.937783,0.925036,0.954324,0.950533,0.955416,0.990605,0.948645,0.960938,0.908706,0.936515,1.027601,0.97765,1.036084,0.986809,0.969762,0.99123,0.976459,0.988381,0.858152,0.965006,0.985081,0.9718,1.061333,1.030564,1.008245,0.991965,1.036212,0.934869,0.853342,0.972613,1.021989,1.013116,0.983875,0.989067,1.026767,0.999921,1.050745,0.982527,0.835885,0.940445,0.98609,0.969474,0.982064,0.954364,0.965882,1.004586,1.035066,0.995646,0.944641,0.956776,0.863592,0.955449,0.94719,1.028024,1.018698,0.990171,1.011481,1.040478,0.910463,0.962896,0.981292,0.927288,1.016526,1.026695,1.020339,1.012121,1.020381,1.008345,0.877314,0.950141,0.946136,1.01769,0.994953,1.035189,1.002529,1.070117,1.034228,1.02177,0.901375,0.913145,0.894997,0.974355,0.929876,0.982611,0.95466,1.066121,0.980256,1.061888
2000-11-30,0.827033,0.957176,0.931652,0.959378,0.987351,0.975321,0.986933,0.95672,0.9343049999999999,0.892961,0.799247,0.9223129999999999,0.933847,0.948296,0.971836,0.9478260000000001,0.977091,0.954418,0.963464,0.899102,0.785046,0.941093,0.995433,0.960541,0.990379,0.993155,0.973321,0.941278,0.959267,0.927768,0.777193,0.898663,0.904942,0.921869,1.018566,0.976861,0.941824,0.965518,0.974863,0.938827,0.730628,0.949067,0.945039,0.970427,0.922099,0.943033,0.976227,1.01843,0.96765,0.934195,0.691712,0.974682,0.904766,0.943698,0.93792,0.924875,0.994767,0.955185,0.968511,0.969144,0.77788,0.918126,0.890618,1.002701,0.93393,0.989552,0.962304,1.007575,0.956992,1.017242,0.68035,0.867752,0.924004,0.913539,0.948937,1.013811,1.022627,0.984595,0.979646,0.933314,0.7135469999999999,0.899369,0.928324,0.95206,0.944446,0.989583,0.949381,0.962191,0.991291,0.958948,0.754853,0.822335,0.769864,0.908968,0.861845,0.943217,0.9099619999999999,0.920121,0.918511,0.95922
2000-12-31,0.907688,0.991024,1.010255,1.005384,1.029276,1.002023,1.031742,1.057635,0.999389,0.905041,0.931292,1.001035,1.079735,1.062196,1.07913,1.048621,1.052908,1.071106,1.032013,1.015926,0.992356,1.111367,1.122933,1.04296,1.06011,1.066001,1.085697,1.110382,1.089146,1.086419,1.00209,1.129543,1.074668,1.128258,1.069209,1.130667,1.050941,1.108635,1.054351,1.1252010000000001,1.020405,1.156217,1.12379,1.070529,1.135133,1.119083,1.066114,1.110203,1.149201,1.077421,1.003376,1.059269,1.107373,1.083021,1.121627,1.129646,1.137584,1.126608,1.134158,1.079561,1.057752,1.079393,1.11196,1.103041,1.094686,1.086881,1.075184,1.098106,1.128893,1.082941,1.044473,1.087471,1.107984,1.078711,1.072748,1.078094,1.098094,1.084412,1.07983,1.06242,1.048646,1.135421,1.067471,1.063937,1.084231,1.078349,1.06787,1.052956,1.056151,1.039352,0.995672,0.992158,1.002224,0.993225,1.050519,0.976237,0.997407,0.975282,1.012665,0.983469
2001-01-31,1.249252,1.1576710000000001,1.164552,1.10126,1.111551,1.114018,1.128311,1.111711,1.160528,1.228704,1.242537,1.167451,1.099284,1.1006610000000001,1.110414,1.053865,1.128407,1.123948,1.059852,1.188281,1.14566,1.064937,1.051756,1.095045,1.062983,1.050118,1.096258,1.098557,1.135917,1.145375,1.179896,1.025573,1.100192,1.053688,0.978914,1.028828,1.054764,1.038203,1.088111,1.0733570000000001,1.143425,1.009039,1.001284,0.960514,1.010906,1.046719,1.066287,1.007435,0.988144,1.110317,1.15602,1.098615,1.051205,1.002782,1.024363,1.027262,1.023777,1.013175,1.016589,1.060901,1.095038,1.012011,1.064939,1.040908,0.93754,0.955382,1.071751,1.023394,0.9617249999999999,0.990775,1.058758,1.076171,1.023895,1.01587,1.025699,0.985572,1.059277,1.017172,1.042802,1.010977,1.072357,1.04677,0.994066,1.026457,0.974839,1.011618,1.044669,1.01287,1.023644,1.062593,1.062543,1.130373,1.11528,1.026242,1.035041,1.00822,1.046147,1.091222,0.987694,1.032782
2001-02-28,0.920257,0.978562,0.979489,1.015983,0.997004,1.013793,1.012026,1.004941,1.013036,0.950668,0.873822,0.958918,0.942242,0.991958,0.997491,0.981246,0.996816,0.988733,0.993942,0.928779,0.872584,0.977756,0.976902,0.977609,0.956584,0.981023,0.966896,0.958262,0.959917,1.045653,0.824182,0.940066,0.943421,0.976067,0.979923,1.025833,1.042134,0.991712,0.968279,1.022766,0.7715810000000001,0.955654,0.940561,1.010229,0.988328,1.005335,0.964267,0.999801,0.984038,0.973608,0.730933,0.948133,0.962406,0.969016,0.948613,0.955815,0.975869,0.977614,0.976995,1.020199,0.838414,0.951797,0.846712,0.962902,0.997534,1.013907,0.934675,1.001461,1.008856,0.991191,0.7709349999999999,0.877717,0.939096,0.911154,0.929358,0.977218,0.99544,0.994333,0.937752,0.988762,0.844523,0.89141,0.96268,0.947603,0.987375,1.007343,0.92722,0.979356,1.025952,0.97291,0.7946420000000001,0.871912,0.891374,0.877043,0.870368,0.824319,0.836091,0.937756,0.9192400000000001,0.963135
2001-03-31,0.943955,0.981751,1.016513,1.007793,1.004034,1.018218,1.0308060000000001,1.013754,0.985275,1.043011,0.86961,0.968911,1.012799,0.992612,0.97908,1.00488,0.995925,0.99682,0.949062,0.925857,0.936723,0.994832,0.974584,0.979888,0.991688,0.998811,0.969297,0.950878,0.972031,1.036404,0.948825,0.975366,0.977783,0.952148,0.978631,1.002292,0.998274,0.97088,0.981052,1.014409,0.874741,0.944324,0.94469,0.990632,0.960871,0.974535,0.961294,0.98595,0.948218,0.917239,0.811412,0.950601,0.957374,0.947235,0.95387,0.986913,0.956882,0.92858,0.941278,0.955439,0.83848,0.94443,0.963855,0.953723,0.920739,0.969757,0.936671,0.964915,0.974211,0.905821,0.801085,0.971641,0.996572,0.981487,0.941278,0.966502,1.005063,0.979236,0.939647,0.950881,0.868374,0.926727,0.935858,0.980634,0.956925,0.949632,0.965284,0.959152,0.953054,0.967286,0.858283,0.892325,0.942194,0.978266,0.956821,0.921765,0.905286,0.948639,0.899232,0.964226
2001-04-30,1.037156,1.018702,1.036289,0.986798,1.055367,1.035776,1.038418,1.037633,1.04167,0.987597,1.104696,1.02702,1.090753,1.065163,1.070609,1.067988,1.043881,1.074739,1.059003,1.1761,1.078355,1.060916,1.051962,1.027899,1.048533,1.0699670000000001,1.068931,1.053284,1.108755,1.073374,1.104052,1.074561,1.066654,1.057575,1.06986,1.032251,1.078136,1.081458,1.073334,1.052775,1.157203,1.03867,1.106921,1.083747,1.044701,1.050204,1.081247,1.031022,1.045312,1.138076,1.21332,1.071979,1.034623,1.071906,1.062378,1.113814,1.064522,1.064416,1.046597,1.084023,1.189356,1.095823,1.097358,1.060989,1.104188,1.063563,1.09448,1.048101,1.028317,1.100492,1.266132,1.157719,1.052962,1.140114,1.102965,1.085682,1.069785,1.03565,1.082065,1.131152,1.1265049999999999,1.1726779999999999,1.103276,1.13103,1.063987,1.049469,1.11555,1.053941,0.999094,1.064558,1.134553,1.088202,1.082793,1.079183,1.125078,1.065324,1.10075,1.106179,1.067871,1.038174
2001-05-31,1.106219,1.092244,1.087133,1.071673,1.054826,1.063779,1.088925,1.04914,1.079849,1.229907,1.142506,1.092627,1.1524130000000001,1.1441919999999999,1.102956,1.114483,1.10897,1.102527,1.1470069999999999,1.149786,1.054394,1.04901,1.0308060000000001,1.020315,1.054927,1.041097,1.042038,1.050289,1.058089,1.00789,0.994066,1.052528,1.063492,1.047391,1.044817,0.991556,1.003419,1.088243,1.034553,1.018923,1.037059,1.063704,0.972177,1.031248,1.021715,1.027374,0.998655,1.023483,0.982513,1.023311,1.012744,0.99403,0.999105,1.043004,1.032003,1.045066,0.999406,1.061801,1.019978,1.027092,1.009333,1.049267,0.974654,1.042585,1.040157,1.013805,1.020995,1.053928,1.057898,1.043684,1.042763,1.016293,1.038371,1.023497,1.014584,1.021982,1.041653,1.0716890000000001,1.021965,1.053222,1.016094,1.010596,1.00878,1.009898,1.033678,1.026649,1.024536,1.026375,1.06272,1.021433,0.966864,0.968253,0.983057,1.000858,0.973836,1.019455,0.999941,1.000377,1.014636,0.999626
2001-06-30,0.994855,1.009885,1.024569,1.015932,1.027734,1.052049,1.036472,1.054388,1.037438,1.077583,1.022693,1.056349,1.052971,1.056931,1.011455,0.996402,1.020967,1.017837,0.996576,1.010355,1.063571,1.088292,1.081336,1.116464,1.119456,1.077176,1.08752,1.060772,1.090405,0.980244,0.997917,1.060518,1.077865,1.082109,1.041111,1.073944,1.067712,1.089965,1.094677,1.086066,1.041933,1.025938,1.011911,1.082488,1.013966,1.054033,1.011434,1.043848,1.070345,1.032953,1.015185,0.993531,1.00165,0.980293,0.977371,0.999511,1.012354,0.993052,1.00989,0.99307,0.999117,1.011067,0.980859,1.021331,0.984957,0.988612,1.0697510000000001,1.020738,1.008542,1.011998,1.042554,0.958571,0.98091,0.980099,0.943442,1.02953,0.986214,1.007086,1.018221,0.994574,0.969488,0.989536,0.976239,1.066208,0.977106,0.978271,0.96571,1.00881,0.996621,0.987947,0.980826,0.946649,0.931512,1.005094,0.987494,0.95839,0.9658640000000001,1.00548,0.958747,0.986084
2001-07-31,0.9371849999999999,1.026605,1.044736,1.042145,1.032249,1.044321,1.006376,1.025877,1.040846,1.017437,0.86606,1.015649,1.009385,0.996422,0.991094,0.997057,1.047282,1.027583,0.964828,0.987703,0.867443,0.929963,0.948624,0.974281,1.0138,0.946294,1.007207,0.984245,0.962673,0.9175180000000001,0.8318220000000001,0.941303,0.930563,1.000904,0.9885660000000001,0.968969,0.958642,0.964137,0.950844,1.016879,0.8582460000000001,0.954579,0.9258109999999999,0.955408,0.959601,1.006534,0.952148,1.010826,0.984891,0.987964,0.8014479999999999,0.935868,0.935936,0.995735,1.006949,1.013436,1.025282,0.966063,1.046458,0.948472,0.863495,0.938644,1.046142,1.041328,1.034242,1.005607,1.040021,1.033747,1.027716,1.020212,0.875488,0.916397,0.916631,0.959181,0.941087,1.063589,0.998665,1.009935,1.019172,0.987034,0.877605,0.99504,0.915461,0.895239,0.98732,0.970025,1.004528,0.972521,1.014818,0.953924,0.912425,0.913884,1.036138,1.007495,0.934226,0.961426,1.028181,1.009773,0.988722,1.021852
2001-08-31,0.930052,1.011998,0.990758,0.994895,0.999045,0.977462,0.985586,1.000394,0.973494,0.954502,0.9269540000000001,0.976726,0.980423,0.975152,0.992139,1.00998,1.006421,0.988084,0.977684,0.984821,0.90722,0.94928,0.973198,0.99625,0.998478,0.987899,1.000506,0.960546,1.005633,0.94903,0.891041,0.967831,0.982521,0.978116,0.970108,0.98992,1.016812,0.97024,0.96453,0.93032,0.890281,0.953623,0.981211,0.990403,0.967841,1.024572,0.981731,0.974933,0.975928,0.978987,0.874091,0.932591,0.970302,0.976089,0.958686,0.980786,0.987828,0.995851,0.958123,0.984121,0.872753,0.949779,0.960379,0.991642,0.999897,0.976004,0.953373,0.984505,0.969216,0.991462,0.8645780000000001,0.906039,0.9396370000000001,0.983687,0.98295,0.957012,0.945048,0.961429,0.959843,0.972025,0.912896,0.948549,0.877553,0.923468,0.952912,0.95364,0.99298,0.964394,0.975122,1.014965,0.907964,0.915266,0.904209,0.959669,0.8896580000000001,0.912111,0.929023,0.946914,0.936513,0.963971
2001-09-30,0.8450070000000001,0.905818,0.935435,0.903276,0.937863,0.912133,0.937947,0.924459,0.932693,0.86494,0.801267,0.896563,0.878726,0.930774,0.883116,0.925161,0.903351,0.884065,0.865426,0.8293619999999999,0.785951,0.849316,0.867905,0.878847,0.886343,0.88448,0.846764,0.918533,0.791689,0.8312109999999999,0.779156,0.871927,0.828187,0.861609,0.860625,0.87735,0.886538,0.7791870000000001,0.880799,0.847848,0.771078,0.834359,0.877997,0.8727389999999999,0.867309,0.89874,0.869055,0.8569100000000001,0.81908,0.867289,0.7733559999999999,0.942517,0.859857,0.8976230000000001,0.890745,0.899223,0.832595,0.851679,0.918742,0.892882,0.8018270000000001,0.853678,0.8929860000000001,0.925033,0.939767,0.918511,0.903869,0.900169,0.847143,0.888725,0.773444,0.806836,0.81823,0.889858,0.814074,0.856231,0.883311,0.883274,0.906531,0.843035,0.855912,0.942316,0.815734,0.859379,0.895074,0.924673,0.94809,0.900505,0.852546,0.903717,0.865461,0.915788,0.846669,0.959146,0.875399,0.894064,0.942316,0.911484,0.953138,0.990918
2001-10-31,1.109428,1.06715,1.046455,1.046857,1.016356,1.031408,1.017627,1.01681,1.022359,1.121361,1.113198,1.0082,1.065714,1.043111,1.024409,1.00081,1.018659,1.01618,1.018069,1.059153,1.115497,1.058745,1.050409,1.00432,1.034561,1.031323,1.044339,1.078035,1.098014,1.136505,1.125245,1.071912,1.037537,1.063219,1.039252,1.021664,1.066898,1.107784,1.058759,1.058687,1.188903,1.027315,1.08744,1.008201,1.080136,1.049682,1.064103,1.001199,1.09024,1.131009,1.188351,1.088773,1.074387,1.035087,1.05353,1.00462,1.094517,1.071919,1.088891,1.092756,1.1414659999999999,1.083246,1.029352,1.009483,1.001233,1.000266,1.050471,1.007706,1.020439,1.042786,1.095856,1.067042,1.099887,1.079093,1.041358,1.017647,1.003488,1.061241,1.0396320000000001,1.007398,1.125578,1.025991,1.046067,1.07147,0.999804,0.995432,1.023593,1.013031,1.064857,1.016756,1.030811,0.9401,1.060154,1.01751,1.0652,1.01469,1.041046,1.016126,1.010492,0.975113
2001-11-30,1.092559,1.05249,1.016786,1.041391,1.043702,1.013256,1.03789,1.019756,1.017484,0.989234,1.113081,1.0759319999999999,1.091014,1.025616,1.063917,1.038751,1.021641,1.051872,1.068543,1.058683,1.122135,1.10501,1.070155,1.071839,1.069417,1.057075,1.09801,1.029,1.04722,1.040795,1.166078,1.054887,1.121116,1.064897,1.049429,1.105485,1.08893,1.136827,1.057004,1.047169,1.1178,1.106224,1.048683,1.083862,1.049511,1.060356,1.091072,1.072344,1.090506,1.082937,1.153749,1.021911,1.074572,1.069695,1.074839,1.07458,1.105781,1.050162,1.072994,1.039242,1.146363,1.126192,1.059326,1.067357,1.051062,1.028924,1.039151,1.074877,1.120503,1.01377,1.096175,1.113592,1.103612,1.0597,1.126131,1.112769,1.076311,1.078361,1.099529,1.136302,1.123603,1.017164,1.119823,1.108981,1.029664,1.065892,1.062709,1.095845,1.076553,1.078525,1.158498,0.983969,1.156544,1.026281,1.111828,1.118489,1.074678,1.082091,1.063599,1.04271
2001-12-31,1.096514,1.02803,1.051711,1.057164,1.04196,1.060942,1.059697,1.063002,1.072028,1.06531,1.111451,1.078699,1.058396,1.063816,1.055941,1.057055,1.049279,1.052029,1.047011,1.051845,1.08491,1.0685419999999999,1.091143,1.074102,1.056465,1.076421,1.063018,1.054511,1.099269,1.083781,1.056108,1.086777,1.062853,1.076103,1.0824799999999999,1.066414,1.052594,1.093676,1.057867,1.064876,1.055316,1.038024,1.0843720000000001,1.062557,1.059999,1.034127,1.052734,1.071487,1.082536,1.061267,1.077669,1.051523,1.01521,1.076828,1.064795,1.067827,1.091362,1.067112,1.040358,1.059181,1.061258,1.044607,1.061893,1.055159,1.042862,1.067338,1.04909,1.042678,1.072662,1.067566,0.943493,1.052359,1.037597,1.084112,1.003853,1.097936,1.034534,1.040129,1.05612,1.061124,0.976619,0.9835430000000001,1.007731,0.974855,1.062796,1.04655,1.014104,1.049504,1.054264,1.022049,1.000451,1.074284,0.9410229999999999,0.97867,0.993124,1.019829,1.034447,1.006172,0.997514,1.004843
2002-01-31,1.049323,1.033097,1.043755,1.046174,1.042742,1.043847,1.052901,1.052732,1.062852,0.997534,0.953112,1.007517,1.029217,1.021119,1.001505,1.029298,1.013871,1.005774,1.0912,0.998842,0.941781,1.00637,1.005449,1.057572,1.006741,0.999729,0.999713,0.976997,1.011252,0.994748,0.881653,0.968847,1.001061,0.997619,1.003718,1.000317,1.054261,1.035937,1.005033,0.983827,0.921929,0.998713,0.9575940000000001,1.007575,0.997383,1.002316,0.989527,1.013106,1.043786,1.020586,0.876947,0.989878,1.015049,1.003334,0.985861,0.986068,0.989261,0.972811,1.002314,1.030987,0.913931,0.996324,0.978778,1.023797,1.046898,0.986403,1.020623,1.061137,1.019859,1.004127,0.887391,0.917206,1.00197,0.997642,1.017545,0.986362,1.003064,1.028102,0.995971,0.962583,0.942197,1.015729,0.995935,0.95654,1.015576,1.000808,0.99015,1.011396,1.015311,1.008679,0.8880250000000001,0.8934759999999999,1.012801,0.952427,0.9587330000000001,1.029086,0.994495,1.008706,0.998862,0.9796
2002-02-28,0.9124950000000001,0.974366,0.99087,0.994048,1.000086,1.0155129999999999,1.013869,0.996733,0.99777,1.043718,0.8839710000000001,0.958881,0.970071,1.007189,1.008415,1.00818,0.977724,1.022679,0.974222,0.989201,0.888123,0.945692,1.004347,1.000081,1.010209,1.005796,1.029922,0.978078,0.986617,0.957838,0.865327,0.964894,1.011885,1.019551,1.010856,0.993551,0.947224,1.007291,1.008376,0.997702,0.8673109999999999,0.935198,0.920598,1.019164,1.012616,0.996136,1.003406,1.007303,1.036693,1.001727,0.862822,0.963844,0.968882,1.009753,1.01671,1.004138,1.010914,1.02648,0.996498,0.999383,0.912354,0.955601,1.000155,0.988685,1.027486,1.011135,0.990965,1.032965,1.060126,1.023239,0.886394,0.996897,0.917204,0.997914,0.947161,0.982844,0.989122,1.008847,1.027501,1.054625,0.927106,0.974521,0.937888,0.906784,0.9925,1.003687,1.005139,1.019614,1.00042,0.995232,0.989558,0.926836,0.832831,1.007294,0.956468,0.948577,0.996491,0.975312,1.0031,0.998153
2002-03-31,1.088282,1.081624,1.049344,1.06197,1.065794,1.085182,1.086451,1.11316,1.130985,1.095622,1.080369,1.085559,1.079475,1.059559,1.0770710000000001,1.086418,1.094621,1.107156,1.129683,1.097777,1.091452,1.116647,1.090666,1.082515,1.082817,1.070912,1.104681,1.085164,1.081686,1.113579,1.073396,1.106308,1.111992,1.067064,1.081853,1.064466,1.0984720000000001,1.051237,1.081522,1.118694,1.088292,1.103263,1.114632,1.112549,1.054774,1.06508,1.107273,1.067896,1.091536,1.078486,1.066183,1.083449,1.045912,1.066342,1.078852,1.042149,1.035757,1.096794,1.073746,1.109509,1.085251,1.074252,1.10649,1.030207,1.038584,1.089172,1.03789,1.013045,1.065434,1.038232,1.067109,1.059207,1.066529,1.08161,1.094753,1.081633,1.078566,1.046452,1.048666,1.046215,1.054218,1.057179,1.113857,1.057352,1.044506,1.05229,1.077893,1.037188,1.062623,1.051788,1.041333,0.993997,1.092239,1.038541,1.032904,1.029903,1.057628,1.058083,1.002236,1.013444
2002-04-30,0.961572,1.020806,1.064865,1.06673,1.080466,1.083918,1.051968,1.013553,1.009372,1.063877,0.913702,1.038284,1.027935,1.051252,1.078472,1.079157,1.106522,1.034866,1.071806,1.077904,0.949387,0.989949,1.046169,1.062105,1.035183,1.0665580000000001,1.049861,1.035313,1.022345,0.989536,0.88469,1.016945,1.077869,1.040197,1.049304,1.057788,0.996168,1.049411,1.040925,1.039631,0.878358,0.992961,0.997762,1.04632,0.998303,1.022943,1.012454,1.049655,1.018625,1.047871,0.851515,1.048292,1.003911,1.010271,1.008815,1.001866,1.008371,1.008619,0.98458,1.015286,0.873275,0.99243,0.998488,0.993629,0.99357,1.027339,1.017951,1.027519,1.001854,0.968362,0.951205,0.983949,0.931453,0.974359,0.990665,1.01374,0.984629,1.044839,0.992633,0.978356,0.889703,0.964206,0.937117,0.971191,0.972058,0.958756,1.004638,0.991306,0.961777,0.993727,0.894597,0.910263,0.8871789999999999,0.988348,0.903114,0.967556,0.93919,0.947146,0.934068,0.90064
2002-05-31,0.990178,1.023129,1.040879,1.033093,1.039012,1.047888,1.040727,1.028559,0.962055,1.029889,0.932922,0.959026,0.964994,0.96413,0.997638,0.985459,0.96022,0.984152,0.971007,0.978708,0.897417,0.932342,0.989289,0.945306,0.953608,0.982974,0.954318,0.938184,0.989558,0.925719,0.880389,0.918558,0.974238,0.977833,0.975389,0.945783,0.954908,0.979484,0.971928,1.002326,0.901859,0.937936,0.973571,0.950075,0.939762,0.967134,0.963293,0.960603,0.964158,0.957323,0.896356,0.975172,0.947467,0.968749,0.992029,1.013139,0.983495,0.968076,0.960696,0.976657,0.959496,0.958584,0.97611,0.994187,0.995447,1.010684,1.008485,0.993428,0.986276,0.983876,0.923335,0.956183,0.980631,0.984907,0.996916,0.994415,0.994226,0.989213,0.993577,0.99087,0.941434,0.976765,0.929347,0.950078,0.996992,1.020486,1.004185,1.005484,1.012739,1.011151,1.031414,0.967244,0.999036,0.965982,0.987896,0.981137,0.989105,0.996279,0.979249,1.020325
2002-06-30,0.926422,0.967267,0.985766,0.970785,0.991394,0.982348,0.974026,0.969049,0.948392,0.993591,0.929383,1.029663,0.993946,1.07629,1.005636,1.016256,1.0693030000000001,1.027619,0.993276,0.962333,0.908857,0.957527,0.968118,0.987323,0.990885,0.990133,1.017154,0.980383,0.976077,0.974271,0.890434,0.959504,0.96789,0.970935,0.984399,0.958805,0.929824,0.994151,0.968249,0.967981,0.9079200000000001,0.895381,0.945285,0.931994,0.967317,0.947662,0.968814,0.964625,0.9072979999999999,0.968983,0.894466,0.890485,0.971679,0.937183,0.947473,0.933981,0.921817,0.951885,0.932602,0.931439,0.865217,0.913246,0.882261,0.94112,0.975487,0.941024,0.946196,0.958653,0.953105,0.915873,0.880777,0.872408,0.885707,0.883618,0.894711,0.912527,0.914739,0.966392,0.963765,0.905963,0.904602,0.892391,0.9217029999999999,0.875615,0.946312,0.952926,0.965436,0.978052,0.96116,0.90936,0.832168,0.856112,0.86007,0.99063,0.960871,0.899723,0.9640029999999999,0.90379,0.942901,0.904115
2002-07-31,0.8602339999999999,0.883994,0.894414,0.904033,0.932663,0.936829,0.9162170000000001,0.877696,0.904861,0.90393,0.783925,0.846027,0.812192,0.8369800000000001,0.8527020000000001,0.8610800000000001,0.903774,0.883371,0.855549,0.872841,0.827678,0.840108,0.846556,0.854241,0.850781,0.8697509999999999,0.871683,0.902081,0.855028,0.837912,0.812696,0.829172,0.8474269999999999,0.761969,0.861809,0.867259,0.862305,0.8615470000000001,0.819123,0.886376,0.8355239999999999,0.8412040000000001,0.87208,0.883419,0.891792,0.863142,0.843518,0.852382,0.923162,0.840157,0.905214,0.876844,0.901726,0.927034,0.884556,0.930444,0.975215,0.858045,0.91649,0.872617,0.8771519999999999,0.96985,0.87326,0.875628,0.883709,0.911636,0.868045,0.944722,0.869634,0.869058,0.892286,0.891158,0.832647,0.941319,0.921841,0.926202,0.941756,0.87657,0.929529,0.85532,0.875197,0.8807389999999999,0.900479,0.893768,0.855228,0.881607,0.926185,0.886721,0.923588,0.959271,0.898546,0.931957,0.933267,0.916481,0.966786,0.868664,0.8875230000000001,0.93881,0.970009,0.95516
2002-08-31,0.978814,0.994769,1.009256,1.007442,1.01906,1.002581,1.008887,0.993821,1.021979,0.962612,0.969867,0.958271,0.983566,1.000592,1.003328,0.963355,1.0097,1.020768,0.989412,1.01234,0.964019,0.984924,1.006724,0.986999,1.013251,1.00311,0.994477,1.021457,0.970209,0.993828,0.990853,0.99788,0.975954,1.06758,1.036198,1.000011,1.018506,1.010306,1.010064,1.023647,0.967167,0.97466,0.962284,1.023162,0.990994,1.029178,1.053881,1.044883,1.040028,1.029696,0.979448,0.945225,1.033105,0.98021,1.046673,1.014743,1.030924,1.041498,1.0293619999999999,1.030912,0.921743,0.976064,1.014012,1.006395,1.015836,1.018617,1.022067,1.016566,1.009505,1.080417,0.973624,0.958535,1.01771,0.996655,0.9640070000000001,0.993079,1.012385,0.992849,1.016363,1.010657,0.987402,1.081143,0.989003,0.991654,1.042246,1.000536,1.004934,1.024989,1.002365,0.997264,1.068757,0.988036,0.980204,1.008337,0.976374,1.02758,1.044747,1.006679,0.98056,1.009653
2002-09-30,0.873171,0.929123,0.952545,0.972727,0.971236,0.959718,0.966228,0.949,0.953219,0.938874,0.897853,0.901683,0.930901,0.937574,0.900261,0.946932,0.957898,0.968296,0.924061,0.864801,0.856975,0.944494,0.923334,0.930414,0.938816,0.950962,0.955526,0.979885,0.9222319999999999,0.972723,0.862831,0.939596,0.883647,0.9002410000000001,0.954973,0.951677,0.994983,0.96597,0.961355,0.963959,0.846298,0.915499,0.917884,0.937196,0.92779,0.948108,0.957049,0.94636,0.951977,0.9269499999999999,0.8568439999999999,0.844024,0.950252,0.906639,0.92184,0.92116,0.9283049999999999,0.879371,0.940006,0.929261,0.8029729999999999,0.927362,0.860876,0.918886,0.92116,0.939837,0.907406,0.935742,0.927685,0.934369,0.794054,0.871302,0.825296,0.909645,0.864579,0.909313,0.912682,0.905851,0.915223,0.900626,0.894676,0.866685,0.892437,0.893994,0.8847430000000001,0.9085030000000001,0.918284,0.919195,0.939569,0.908777,0.962546,0.825032,0.9131750000000001,0.908367,0.8766,0.887485,0.874123,0.925678,0.888386,0.882003
2002-10-31,1.063353,1.020769,1.015409,1.024989,1.025022,1.015315,1.019575,0.997185,1.049553,1.001174,1.040337,1.009275,1.047299,1.027272,1.003001,1.053841,1.017837,1.014702,0.99664,1.048272,1.120437,1.05876,1.03163,1.027689,1.000814,1.046502,0.993474,0.999208,1.041896,1.028509,1.077976,1.049512,1.034082,1.044501,1.002496,1.032899,1.014782,1.011997,0.972513,1.051532,1.160064,1.071413,1.059975,1.028867,1.036246,1.071776,1.019226,1.052326,1.016791,0.993603,1.104747,1.088605,1.059096,1.076771,1.041208,1.025134,1.011194,1.002989,0.998461,1.002801,1.116904,1.025267,1.096788,1.023652,1.006013,1.038421,1.052614,1.008818,1.075785,1.032728,1.099919,1.073525,1.120607,1.068455,1.084496,1.013674,1.04648,1.06545,0.988369,1.024521,1.154786,1.07109,1.044828,1.096239,1.022778,1.087176,1.055946,1.040708,1.037745,1.041919,1.082926,1.08153,1.078837,1.122105,1.107121,1.182479,1.097716,1.065831,1.071426,1.10549
2002-11-30,1.200736,1.096115,1.05899,1.049995,1.044297,1.060248,1.030614,1.072742,1.065569,1.116772,1.234296,1.122036,1.081469,1.041231,1.077889,1.059459,1.028945,1.059955,1.056131,1.061828,1.23415,1.095563,1.077133,1.071503,1.090044,1.037842,1.060228,1.017071,1.050749,1.038082,1.211419,1.09495,1.095688,1.142919,1.07433,1.059576,1.04691,1.029323,0.999254,1.048072,1.229875,1.080279,1.078039,1.026515,1.057552,1.076134,1.069601,1.038757,1.055075,1.063288,1.1688290000000001,1.119325,1.042291,1.062633,1.052608,1.037392,1.030487,1.089744,1.08422,1.079075,1.166893,1.132757,1.170253,1.061988,1.053278,1.054839,1.0703179999999999,1.018619,1.07285,1.095629,1.31928,1.132755,1.183356,1.082934,1.130208,1.031092,1.044226,1.031789,1.030218,1.152075,1.101125,0.981889,1.055399,1.089296,1.059,1.075866,1.028253,1.030869,1.049104,1.037309,1.0638589999999999,1.189242,1.066627,1.079909,1.111571,1.081233,1.019701,1.019139,1.0382,1.042111
2002-12-31,0.899045,0.987337,0.976093,1.001676,1.025485,0.999708,1.005536,0.996071,1.018363,0.995843,0.888294,0.943504,0.964257,0.962236,0.961657,0.967595,0.98353,0.976698,0.984043,1.026393,0.855366,0.926304,0.961614,0.963158,0.945897,0.971777,0.974462,0.944365,0.95886,0.973312,0.859402,0.949847,0.907958,0.933585,0.931928,0.970683,1.006752,0.9973,1.017475,0.93789,0.85168,0.915336,0.932355,0.971855,0.967594,0.981728,0.958952,0.995209,0.953404,0.961471,0.860915,0.952595,0.95979,0.969937,0.975117,0.993652,0.978891,0.980989,0.950789,0.97577,0.912768,0.874152,0.9275990000000001,0.942829,0.968557,0.971308,0.94792,0.978754,0.961911,0.973666,0.801898,0.953231,0.928648,0.941513,0.955326,0.993497,0.953677,0.954575,0.999883,0.964583,0.919537,0.934045,0.95602,0.935906,0.960138,0.961394,0.97199,0.988114,0.968639,0.983176,0.906855,0.8810640000000001,0.93035,0.905226,0.891932,0.897779,0.933248,0.978984,0.948172,0.9661690000000001
2003-01-31,1.020484,1.028747,1.016503,1.007999,1.02299,1.005933,1.017332,1.017126,0.979536,1.024943,0.979925,0.992506,0.980398,0.980903,0.973455,0.96419,0.970748,0.952018,0.986062,0.922177,0.943045,0.989005,0.980941,0.987767,1.021679,0.981934,0.942413,0.990206,0.957527,0.928335,0.963175,0.958299,0.992842,0.969292,0.976546,0.96029,0.96096,0.9753,0.96174,1.06709,0.984883,0.982448,0.958622,0.977647,0.941967,0.994196,0.924542,1.009652,0.977339,0.959267,0.984535,0.992956,0.9434130000000001,0.95819,0.95495,0.982209,0.957239,0.977497,0.972133,0.981787,0.990919,1.03641,1.008324,0.967092,0.973453,0.961914,1.000769,0.941362,0.940966,0.994894,0.946327,1.024878,0.978832,1.006826,0.956786,0.972982,0.991868,0.958937,0.976728,0.973734,0.999856,1.035723,0.994048,0.962238,0.973121,0.960094,0.985304,0.985563,0.970892,0.984467,0.955768,1.02432,1.0193,0.92637,0.978739,0.942808,0.957484,0.985717,0.964526,0.983715
2003-02-28,0.976177,0.992449,0.986329,1.011794,1.002423,1.009229,0.993705,0.991272,1.046566,0.98112,0.932858,0.970934,0.920132,0.922964,0.970223,1.001803,0.993691,0.959752,0.977836,0.93003,0.983949,0.980181,0.971844,0.967706,0.964483,0.976648,1.008621,0.97132,0.971898,0.948095,0.976821,0.957693,0.9552080000000001,0.937726,0.989074,0.966471,0.958625,0.972754,0.996367,0.998561,0.962647,0.981055,0.954616,0.9369069999999999,0.990647,0.939576,0.979314,0.982251,0.95901,0.961184,0.988312,0.960938,0.954871,0.963688,1.013569,0.974608,0.976997,0.982172,0.96632,0.984757,0.961979,0.983667,0.974087,0.993699,0.968409,0.975367,1.019694,0.990538,0.972146,0.958777,1.007196,1.007926,0.94009,0.963869,1.015765,0.992211,0.961686,0.98848,0.967874,0.966269,0.993732,0.943157,0.95342,0.999611,1.002205,1.012784,1.007307,0.992589,0.978958,0.996196,0.934404,1.005368,0.992525,0.950258,0.998905,1.007543,0.993152,0.995371,0.982533,0.963421
2003-03-31,1.021695,0.998022,1.00624,1.025467,1.031391,1.006087,1.008839,0.987903,1.020439,1.036563,1.033036,0.987078,0.99347,1.021511,1.017623,0.963666,1.007767,0.98379,1.002922,1.011712,1.033885,0.988004,1.026387,0.970842,0.99666,0.997793,1.010479,1.002745,0.971859,1.063645,0.993874,1.026261,0.984291,1.000692,1.013659,1.036643,1.033826,1.023815,1.00991,1.060804,0.998655,0.989116,1.024617,0.999317,1.015064,0.990707,1.001831,1.042639,1.048706,1.032308,1.03787,0.976033,1.016965,0.990134,0.987818,1.015326,1.008874,1.025147,1.027958,1.022603,0.975129,1.00305,0.965537,1.004448,1.027792,1.023007,1.010846,0.995113,1.032789,1.032368,0.994922,1.02782,0.985673,0.995663,0.99271,1.007233,1.000355,1.020529,1.012283,1.006356,1.047166,0.948574,0.987569,0.981216,1.012923,1.019841,1.00122,1.023823,1.004085,1.039848,0.995686,0.984211,0.999318,1.007366,0.989078,1.015556,1.032055,1.024959,1.018343,1.000382
2003-04-30,1.135268,1.097114,1.077586,1.064305,1.065191,1.054185,1.065096,1.048589,1.09875,1.084017,1.137051,1.097492,1.080719,1.088179,1.088311,1.077918,1.065848,1.068016,1.057672,1.090559,1.1686670000000001,1.08541,1.122275,1.122917,1.088479,1.058479,1.079469,1.053337,1.028899,1.083827,1.165247,1.092739,1.061601,1.08476,1.063508,1.119759,1.0636619999999999,1.067602,1.061261,1.117515,1.169858,1.118546,1.074835,1.106675,1.082068,1.113787,1.087004,1.057195,1.111865,1.082507,1.11785,1.130077,1.039876,1.068572,1.052977,1.091017,1.067367,1.118931,1.109029,1.0716269999999999,1.144326,1.105163,1.122787,1.093704,1.07824,1.072444,1.083832,1.093584,1.042767,1.082086,1.156115,1.030081,1.123656,1.074474,1.048952,1.057309,1.081487,1.098196,1.062142,1.0633,1.070502,1.0702639999999999,1.108814,1.092985,1.023346,1.065397,1.064095,1.05177,1.065046,1.053961,1.1539380000000001,1.106586,1.096792,1.11176,1.092043,1.063762,1.108644,1.03817,1.08321,1.067194
2003-05-31,1.240048,1.0997,1.092296,1.050099,1.058339,1.050933,1.063677,1.095784,1.093171,1.127318,1.22861,1.107583,1.115531,1.049701,1.071542,1.094641,1.050863,1.111563,1.066907,1.074126,1.18286,1.14386,1.090261,1.092617,1.075937,1.050801,1.067497,1.086711,1.081796,1.052018,1.173208,1.107975,1.145288,1.11717,1.098289,1.069395,1.0784259999999999,1.081199,1.099506,1.077442,1.220962,1.088693,1.113578,1.077269,1.02364,1.080501,1.143849,1.083081,1.070941,1.065402,1.120148,1.10223,1.100821,1.077927,1.088359,1.055981,1.080771,1.077718,1.040609,1.070165,1.156543,1.071459,1.111144,1.133467,1.080636,1.080004,1.152362,1.074296,1.072508,1.086452,1.20934,1.1515520000000001,1.11411,1.095441,1.09699,1.061728,1.075256,1.0776810000000001,1.073544,1.1064,1.15294,1.115885,1.107651,1.079913,1.104654,1.092185,1.06114,1.081545,1.059179,1.062219,1.057892,1.113269,1.070678,1.026066,1.094972,1.00467,1.037849,1.025253,1.03859,1.049574
2003-06-30,1.080839,1.039433,1.053942,1.029423,1.02139,1.007482,1.037914,1.020817,1.041138,1.079996,1.047584,1.021151,1.0772,1.054956,1.048745,1.049351,1.054153,1.063669,1.046695,1.114083,0.996037,1.023102,0.997769,1.033463,1.011647,1.034768,1.034,1.038063,1.068016,1.035954,0.995217,1.015506,1.018636,1.02434,1.011287,1.029588,1.019968,1.003878,1.03898,1.040662,1.015024,0.99193,1.001557,1.024559,1.024764,0.988834,1.044692,0.9918,1.006409,1.065453,1.026744,1.027519,1.00876,1.014388,0.994992,1.005418,1.017138,1.026748,1.043495,1.019162,1.034054,0.997162,0.968441,1.023978,1.049671,1.009175,1.029437,0.997674,0.987425,1.021368,1.000207,1.019614,0.999296,1.034852,0.978309,1.012186,1.00938,1.010108,1.02138,1.02571,1.035371,1.039826,0.983279,0.997801,1.006416,0.985378,0.985549,0.999203,0.994634,1.020662,1.01093,1.014688,1.004221,0.993935,1.02258,1.031628,1.024139,0.999084,1.018352,1.016846
2003-07-31,1.11067,1.096077,1.080525,1.085926,1.054414,1.084337,1.056727,1.082118,1.086975,1.0719319999999999,1.078595,1.08047,1.100026,1.063985,1.07166,1.092685,1.067979,1.070751,1.061124,1.092292,1.131516,1.074256,1.068644,1.06114,1.06324,1.057677,1.075738,1.039183,1.041233,1.017725,1.103505,1.032878,1.06693,1.070208,1.065678,1.037322,1.040168,1.075045,1.058642,1.032753,1.043339,1.055222,1.056891,1.042188,1.045552,1.065368,1.037222,1.078079,1.002471,0.995349,1.052771,1.018688,1.021349,1.047693,1.019049,1.039157,1.049166,1.070833,1.030921,1.073469,1.046444,1.034572,1.015876,1.024459,1.067266,1.01477,1.023482,1.042293,1.023874,1.035848,1.038617,1.036929,1.030504,1.028364,1.013682,1.077585,1.047592,1.03203,1.048581,1.013413,1.041317,1.075507,1.0463,1.03435,0.978758,1.011405,1.015361,1.018843,1.033146,1.010127,1.007815,1.022615,1.11055,1.045775,1.060997,1.037831,1.023639,1.011427,0.981077,0.988349
2003-08-31,1.073949,1.05573,1.024491,1.053531,1.020251,1.029939,1.029611,1.048296,1.029561,1.014699,1.073988,1.063123,1.044307,1.025825,1.019268,1.030024,1.02622,1.003873,1.017577,1.081456,1.064861,1.046506,1.061409,1.04142,1.028711,1.029957,1.044479,1.036113,1.007729,1.024249,1.050012,1.064655,1.062825,1.072416,1.0644689999999999,1.035765,1.025961,1.043758,1.018145,1.021744,1.082452,1.084939,1.041599,1.048671,1.040143,1.038046,1.030674,1.049281,1.057839,1.035991,1.051837,1.147558,1.058826,1.044966,1.038455,1.044622,1.04435,1.036621,1.048193,1.018766,1.090287,1.078323,1.056599,1.04164,1.043778,1.043661,1.063581,1.035008,1.027309,1.060137,1.10562,1.083977,1.078687,1.049632,1.039156,1.052369,1.005683,1.026941,1.018246,1.023326,1.062413,1.017475,1.035135,1.065501,1.014103,1.030972,1.030747,1.04468,1.036342,1.033338,1.024696,1.018923,0.976116,1.066578,0.983935,1.049537,1.0332,1.016149,0.996335,0.996715
2003-09-30,1.078498,1.036535,1.020749,1.017665,1.004022,1.01662,1.023064,1.057916,1.019992,0.988469,1.03494,0.997816,1.001354,0.97504,0.97977,0.976645,1.023106,0.977642,1.009846,0.99417,0.971298,0.954773,0.9745,0.976306,0.982547,1.002629,0.977466,0.994884,0.985982,0.994134,0.980188,0.969524,0.957133,0.956769,0.929812,1.011542,0.980291,0.983383,0.973041,1.009106,0.967817,0.970159,0.974022,0.980163,0.961204,0.99465,0.981699,0.969942,0.977206,0.971444,1.000035,0.946361,0.973983,0.959063,0.984573,0.980355,0.987161,0.970531,0.984885,1.041615,0.955886,1.003617,0.961856,0.998278,0.963089,0.988971,0.98263,0.996994,1.009885,0.9917,0.985241,0.984811,0.960914,0.9669760000000001,0.972947,0.986014,1.009247,0.973695,0.976987,1.012676,0.973174,0.964494,0.970195,0.955038,0.998533,0.998382,1.001797,0.983173,0.982716,0.979958,0.969664,0.94911,0.992513,0.987906,1.020241,0.999399,0.9614469999999999,0.987587,1.000181,1.004436
2003-10-31,1.115328,1.112563,1.0703529999999999,1.083835,1.06431,1.086004,1.053334,1.088138,1.108137,1.068001,1.101664,1.080587,1.079172,1.098211,1.080106,1.092649,1.085881,1.06185,1.079084,1.111814,1.107664,1.10701,1.07096,1.073776,1.104558,1.04638,1.102849,1.073606,1.065117,1.108827,1.105511,1.061474,1.093932,1.096825,1.065967,1.087386,1.083488,1.085388,1.106122,1.077008,1.068727,1.113599,1.075072,1.091924,1.115578,1.05011,1.06183,1.087301,1.11419,1.111348,1.115114,1.177657,1.088779,1.105536,1.069139,1.05946,1.079427,1.083637,1.067812,1.048872,1.119794,1.041905,1.087026,1.071464,1.1105,1.076469,1.123579,1.054051,1.016401,1.062304,1.101493,1.134597,1.147347,1.059781,1.073469,1.070651,1.067186,1.074823,1.082671,1.070671,1.084865,1.01628,1.045044,1.089487,1.035647,1.064603,1.055745,1.089439,1.086293,1.070752,1.071513,1.069772,1.049769,1.130102,1.075489,1.037533,1.077436,1.017284,1.036322,1.051278
2003-11-30,1.051861,1.040056,1.050063,1.049619,1.04275,1.047743,1.035232,1.059009,1.057109,1.068787,1.033803,1.044114,1.059782,1.028736,1.043843,1.043973,1.062313,1.070821,1.02858,1.028803,1.013741,1.041485,1.047488,1.043588,1.030603,1.030182,1.045156,1.061146,1.022608,1.041374,1.032342,1.015746,1.040822,1.043867,1.041803,1.020887,1.014559,1.026349,1.053227,1.069539,1.009948,1.055714,1.03842,1.023293,1.031679,1.045401,1.041691,1.06014,1.024251,1.018478,1.021651,1.046602,1.02051,1.0343849999999999,1.050039,1.018392,1.034016,1.030836,1.043747,1.059861,1.033032,1.024586,1.037192,1.027664,1.056048,1.031363,1.058309,1.038205,1.029924,1.008263,1.049572,1.012798,1.044967,1.027516,1.0242,1.014961,1.036255,1.028029,0.988959,1.028952,1.031882,1.022891,1.031562,1.01486,0.994576,1.026023,1.029401,1.018426,1.023035,1.02754,0.982767,1.020138,1.014086,1.001977,0.99665,1.000162,0.983048,1.006243,1.001537,1.030001
2003-12-31,1.012072,1.029495,1.030618,1.068203,1.029776,1.034137,1.039746,1.011129,1.020832,1.044814,1.009987,1.018599,1.037827,1.046973,1.047236,1.014102,1.013394,1.033378,1.0261689999999999,1.010242,0.993851,1.024151,1.025315,1.055637,1.012599,1.026308,1.024938,1.040294,1.05322,1.058319,1.0081,1.04332,1.026432,1.040798,1.012434,1.000147,1.03176,1.044535,1.086852,0.99942,1.007557,1.01055,1.022445,1.073927,1.023692,0.999986,1.017821,0.991995,1.032706,1.008631,1.061541,0.982679,1.057758,1.044941,1.053783,1.02672,1.015976,1.023615,1.003358,1.003107,0.994544,1.034382,1.037183,1.031937,1.015425,1.003952,1.019724,1.039886,1.039814,1.0169,0.993751,1.045704,1.060003,1.022667,1.058718,1.018054,1.023097,1.016055,1.022619,1.043905,1.018443,1.004594,1.03907,1.031165,1.088333,1.053178,1.052318,1.038216,1.006517,1.02003,1.044456,1.051946,1.098145,1.057486,1.042234,1.060098,1.002322,1.061023,1.057378,1.057966
2004-01-31,1.129353,1.106217,1.05075,1.042686,1.020085,1.033615,1.025545,1.024197,1.056397,1.033276,1.098391,1.047426,1.020983,1.026637,1.031919,1.043988,1.044162,1.013543,1.037458,1.050348,1.079859,1.069651,1.071292,1.021634,1.035506,0.999876,1.0195940000000001,0.999155,1.041586,1.035861,1.102731,1.027687,1.057613,1.038203,1.036002,0.998625,1.004399,0.997645,1.035479,1.013089,1.067486,1.092601,1.006182,0.987,1.006323,1.020273,1.02471,1.03953,1.026857,1.009963,1.051066,1.084718,1.029896,1.019495,1.015683,1.021703,1.036468,1.039456,1.003836,0.998357,1.032883,1.058113,1.051913,1.0384120000000001,1.024447,1.029149,1.036555,1.017907,1.012793,1.017977,1.140307,1.030166,0.974902,1.027868,0.99169,1.003211,1.037804,1.008666,1.024504,1.028409,1.128036,1.057959,0.999923,1.000793,1.025202,1.014731,0.989818,1.01392,1.024957,1.026632,1.036157,1.01051,1.052947,1.036845,1.012024,0.999152,1.013132,1.04051,1.003067,1.012424
2004-02-29,0.982689,1.038251,1.008674,1.012184,1.002875,1.021533,1.013012,1.032082,1.038807,1.010701,0.99339,0.978112,1.004389,1.024899,0.998254,1.004813,1.008874,1.030774,1.02555,1.020242,0.970725,0.981326,1.015388,1.016395,1.007179,1.020032,1.007299,1.018856,1.053672,1.009921,0.980798,1.005833,1.004337,1.012123,1.012068,1.028132,1.051672,1.036155,1.007587,1.073125,0.96127,0.999676,1.018365,1.034904,1.033618,1.012745,1.011851,1.019191,1.024612,1.006136,1.007965,1.000608,1.040649,1.03397,1.031758,1.044494,1.006426,1.028482,1.078319,1.007039,0.995954,0.999867,1.05506,1.017174,1.01973,1.050656,1.031535,1.03714,1.032935,1.025607,0.946446,1.027453,1.016841,1.010902,1.027906,1.043975,1.020147,1.010517,1.06194,1.031499,0.996669,0.992392,1.016997,1.026677,1.035461,1.030929,1.040929,1.007501,1.019471,1.024231,0.970502,1.005416,1.015093,1.051498,1.024655,0.995035,1.055464,1.00075,1.009511,1.012106
2004-03-31,0.981871,1.000539,1.009118,1.004085,1.005034,1.0134,1.018237,1.02916,0.992749,1.015244,0.975853,0.997029,1.003636,0.990716,1.002169,0.994831,0.998188,0.991077,1.030745,0.973433,0.992384,0.996541,1.010993,1.022559,1.014076,1.01307,1.001243,0.999318,1.067565,1.017372,1.006017,0.9965310000000001,1.00307,1.012991,1.021571,1.016206,1.015259,1.010098,1.05523,1.034894,0.964467,1.032958,1.026533,1.011632,1.024742,1.026607,1.008937,0.993329,1.082861,1.043427,1.015163,0.984507,1.017283,0.964471,0.998975,1.001485,1.002261,1.011058,1.045334,0.989747,0.979947,0.976062,0.982504,0.976928,1.00121,1.018761,1.018846,1.003568,0.991081,1.023236,0.964806,0.981774,0.987161,0.998171,1.010638,0.987428,1.009413,1.018453,1.005373,0.986702,0.968912,0.955704,0.992147,1.008087,1.005432,0.99473,1.005795,1.005999,1.007678,1.007052,0.948709,0.987836,0.990949,0.980989,0.99721,0.964592,0.993851,0.980807,0.973057,0.983809
2004-04-30,0.933833,0.981304,0.978315,0.975815,0.980418,0.958624,0.963718,0.97409,1.001186,0.991775,0.919326,0.958227,0.947443,0.942959,0.969196,0.957345,0.939938,0.999898,0.931224,0.954368,0.922127,0.945808,0.968296,0.9589799999999999,0.969386,0.97563,0.975422,0.991869,0.972104,0.967135,0.9285,0.945637,0.927825,0.984124,0.954914,0.953867,0.957174,0.984769,0.968445,1.010594,0.9320390000000001,0.932987,0.975032,1.001472,0.986541,0.984007,1.016702,0.993099,0.953529,0.951141,0.981593,0.908867,0.896312,0.935319,0.94325,0.973317,0.972167,0.98564,0.966881,0.978894,0.931898,0.925384,0.981109,1.007705,0.957806,0.98927,0.955725,0.973094,0.984625,0.966611,0.8835770000000001,0.954612,0.949814,0.951083,0.980287,0.978514,0.989049,0.991322,0.982215,0.988235,0.931115,0.98634,0.982128,0.99462,0.961463,0.995027,0.989894,0.965105,0.998534,1.006985,0.989228,0.973322,0.982897,0.93611,0.95092,1.002802,0.960527,0.990968,1.018366,1.003703
2004-05-31,0.995878,1.007103,0.999321,1.024475,1.00062,0.990373,1.006556,0.985501,1.005676,0.949889,0.985059,1.011534,0.998236,0.986928,0.98985,0.997691,1.007368,1.005927,0.989249,0.993751,1.028705,1.003827,1.009352,0.99901,1.04236,1.019373,1.007718,1.02333,1.010534,1.028655,1.015024,1.026475,1.029408,1.043027,0.991953,1.005591,1.000692,1.021636,1.009868,1.021262,1.027099,1.011128,1.032157,1.031895,1.013067,1.015346,1.013373,0.983244,1.015082,0.999851,1.035499,1.0630060000000001,1.037001,1.023923,1.014091,1.013124,1.01791,0.997882,1.006469,0.9754,1.05572,0.996911,1.017386,1.038299,1.015588,1.003573,1.038667,1.022548,1.003246,1.020709,1.030344,1.030862,1.026379,1.019661,1.028483,1.013867,1.015243,1.02713,1.025853,1.010161,1.052426,1.012781,1.003766,1.030464,1.016454,1.025504,1.018547,1.030285,1.012673,1.014721,0.992761,1.017375,1.030053,1.033451,0.991365,1.029126,1.003649,1.018769,1.001156,0.987764
2004-06-30,1.003678,1.036768,1.014292,1.025098,1.020144,1.04244,1.01873,1.066143,0.998776,1.04436,1.019544,1.071888,1.072123,1.077406,1.078294,1.041645,1.056802,1.066464,1.060963,1.069381,1.039769,1.064264,1.053589,1.053398,1.032386,1.061542,1.068975,1.081224,1.0741209999999999,1.033089,1.009352,1.068946,1.065944,1.065182,1.04271,1.059044,1.049899,1.0716269999999999,1.08225,1.047098,0.987425,1.019684,1.065224,1.03449,1.037197,1.052003,1.0631059999999999,1.051775,1.019445,1.033481,0.979897,1.008993,1.033984,0.976114,1.051687,1.020696,1.053268,1.053919,1.035253,1.013059,1.054986,1.022725,1.032861,0.994417,1.0219,1.006195,1.069113,1.02992,1.006352,1.025934,1.055357,1.029022,1.046074,0.999895,1.042589,1.026307,1.002396,1.025199,1.015595,1.025391,1.039695,1.024675,1.025101,1.030698,1.034132,1.041054,1.025278,1.024963,1.010738,1.030533,0.997088,1.014449,1.008902,0.992433,1.003721,1.029249,0.991003,1.025428,1.005442,1.022917
2004-07-31,0.885961,0.952592,0.963825,0.951942,0.969014,0.980189,0.973401,0.988721,0.94534,0.946773,0.849035,0.921022,0.895253,0.939404,0.938725,0.940945,0.957336,0.965649,0.953132,0.92552,0.890127,0.904719,0.911002,0.931067,0.965292,0.992139,0.936249,0.981346,0.971136,0.962169,0.875235,0.920436,0.938558,0.942223,0.937195,0.94826,0.955712,1.011432,0.966412,0.943907,0.880602,0.913114,0.939963,0.952389,0.947524,0.942183,0.98781,0.97349,0.943047,0.978194,0.865822,0.932322,0.9854,0.9543740000000001,0.927002,0.980297,0.94914,0.9483779999999999,0.95521,0.938269,0.901033,0.94815,0.935299,0.9112979999999999,0.938396,0.951039,0.983619,0.958237,0.987372,0.984383,0.899635,0.9222170000000001,0.9301740000000001,0.928984,0.974324,0.973027,0.940378,0.931542,0.960815,0.991603,0.893758,0.979571,0.923616,0.958348,1.000009,0.987729,0.972696,0.986107,0.9498489999999999,0.955121,0.938057,0.950051,0.939144,0.966661,0.959922,0.959172,0.988507,0.986616,0.982184,0.948596
2004-08-31,0.976858,0.983872,1.007865,0.989455,0.995223,0.990775,0.994909,0.983767,0.993278,0.963578,0.987223,0.978483,0.97566,0.970121,1.00788,0.976613,1.003813,1.001646,1.002283,0.987962,0.974607,1.007115,1.020477,1.020858,0.9911,1.007635,1.022788,0.993763,0.982904,0.964204,0.959276,0.9882,0.991471,0.993517,1.002864,1.005068,0.991812,0.999308,0.902959,0.974952,0.957631,0.981845,1.031708,0.97784,1.012281,0.982733,1.020779,1.004418,0.964432,1.019742,0.970466,0.951543,0.978926,0.985388,1.002188,1.007498,1.004333,1.003263,0.95705,1.005196,0.981466,0.973088,0.982546,1.005803,0.986664,1.023425,1.021624,0.997281,1.004845,0.991473,0.96111,0.989769,1.002192,0.988324,0.979624,1.007097,1.004118,0.996705,1.009168,1.004147,0.960506,0.970189,1.002209,1.012932,1.015369,1.0258639999999999,1.023594,1.016084,0.99071,0.989438,0.974255,0.981931,1.000284,1.013434,0.958955,1.039927,0.995591,0.995483,1.018651,1.016823
2004-09-30,1.036205,1.035081,1.032964,1.052383,1.050374,1.035779,1.03344,1.027919,1.023876,1.055601,1.051699,1.04906,1.055467,1.049781,1.052352,1.015155,1.0782370000000001,1.058069,1.036641,1.051592,1.059616,1.06261,1.046056,1.052172,1.054826,1.07606,1.042746,1.063908,1.013813,1.062765,1.0781209999999999,1.055193,1.062346,1.047024,1.039765,1.048117,1.052219,1.054851,1.033972,1.071879,1.028292,1.04041,1.055892,1.043014,1.019967,1.056425,1.029136,1.036533,1.061541,1.058008,1.017127,1.041739,1.062301,1.034503,1.015786,1.014167,1.0358,1.048968,1.027752,1.061018,1.06263,1.052832,1.043255,1.043075,1.027391,1.036821,1.0254780000000001,1.029674,1.028235,1.035113,1.067918,1.029819,1.031545,1.060775,1.001529,1.002011,1.019496,1.02953,1.03144,1.035944,1.038087,1.064259,1.035834,1.004295,1.059393,1.040423,1.045298,1.037089,1.053808,1.01015,1.020939,1.037652,1.034335,0.991044,1.004616,0.965843,1.03934,1.01395,0.986378,0.995472
2004-10-31,1.004513,1.020214,1.009796,1.011677,1.022874,1.010022,1.027588,1.020396,1.020502,1.036457,1.020558,1.000075,1.011159,1.023126,1.014171,1.012428,1.041828,1.002803,1.030309,1.043797,1.034512,1.055757,1.029676,1.020581,1.028595,0.995498,1.052417,1.003809,1.043565,0.984424,1.00015,1.045587,1.005318,1.058729,1.00632,0.984945,1.040783,1.02084,1.029462,1.004127,0.986919,1.053211,1.010233,1.009281,1.012326,1.030134,1.018113,1.042462,1.021174,1.004857,1.050038,1.065489,1.028374,1.053068,1.013825,1.013067,1.029315,0.998759,0.994388,1.016072,1.048169,1.055065,0.965781,1.061433,1.037598,1.006668,1.009844,1.0097,0.993669,1.038359,1.025041,1.047582,1.009809,1.030911,1.041565,1.018007,1.025488,1.045204,1.022872,0.979427,1.10491,1.013587,1.073409,1.033874,1.021523,1.002669,1.033797,1.028864,1.013186,1.032271,1.035123,1.025221,0.989706,0.98772,1.0267249999999999,0.994136,1.017592,1.017011,1.008607,0.998166
2004-11-30,1.090579,1.074459,1.080512,1.064177,1.077361,1.071242,1.074179,1.087199,1.068047,1.094526,1.106292,1.096542,1.091044,1.111083,1.092891,1.086387,1.103559,1.089077,1.073013,1.158691,1.082352,1.076637,1.107338,1.105257,1.098318,1.091799,1.0778240000000001,1.10299,1.11936,1.098815,1.073245,1.065101,1.1034950000000001,1.082063,1.085497,1.085264,1.0715,1.112717,1.094674,1.093258,1.064374,1.071406,1.055776,1.091411,1.081691,1.075004,1.068988,1.072758,1.074717,1.106989,1.067249,1.116673,1.081308,1.070476,1.058338,1.030981,1.036491,1.055238,1.072273,1.106936,1.066732,1.046495,1.065121,1.06998,1.037045,1.088006,1.069582,1.078566,1.062359,1.071718,1.1324589999999999,1.077036,1.07764,1.065466,1.056228,1.066622,1.048442,1.044277,1.056902,1.066206,1.112017,1.040188,1.050244,1.071764,1.064576,1.048097,1.0317,1.048324,1.064736,1.045594,1.039582,1.041757,1.05257,1.034364,1.035463,1.01301,1.048669,1.016283,1.024677,1.065738
2004-12-31,1.087374,1.073387,1.062023,1.038102,1.036911,1.027816,1.040214,1.059724,1.034472,1.06447,1.049664,1.039876,1.019392,1.036783,1.027331,1.036928,0.981199,1.012692,1.023448,1.035195,1.036842,1.052661,1.039965,1.041884,1.034729,1.024672,1.022341,1.024838,1.054367,1.0717780000000001,1.029872,1.015324,1.023482,1.0413,1.02711,1.037209,1.014274,1.010716,1.018917,1.022551,1.051197,1.009482,1.010735,1.017758,1.007423,1.056419,1.02307,1.01002,1.068049,1.025107,1.071745,1.023844,1.039488,1.013917,1.030086,1.034468,1.040805,1.037718,1.05356,1.046276,1.064623,1.039421,1.053927,1.081973,1.057695,1.069461,1.05024,1.044537,1.044072,1.023933,1.019532,1.036819,1.046425,1.033997,1.040932,1.022168,1.040522,1.043863,1.044779,1.022107,0.996053,1.06073,1.057496,1.050791,1.016251,1.044432,1.053169,1.020423,0.996746,1.049434,1.070111,1.047976,1.04272,1.032837,1.005794,1.020059,1.025398,1.031962,1.037581,1.052982
2005-01-31,0.94269,0.968582,0.987423,0.965028,0.999376,0.981496,0.970364,0.989682,0.973391,0.995169,0.927708,0.965552,0.957412,0.95985,0.959272,0.987405,0.96561,0.98482,0.958618,0.937942,0.928837,0.960595,0.95372,0.958785,0.9718,0.975036,0.971473,1.023818,0.919217,0.956476,0.920113,0.954988,0.994692,0.972813,0.969517,0.956135,1.007099,0.991305,0.979269,0.968953,0.93075,0.945697,0.974304,0.9558180000000001,0.975833,0.93294,0.989858,0.985642,0.950782,0.987826,0.897323,0.971262,0.981455,0.974042,1.013459,0.976825,0.9717,0.980692,1.002195,0.972866,0.965498,0.971732,0.995766,0.970398,0.980561,1.011761,0.97232,0.968945,1.009252,0.994,0.898663,0.958742,0.92465,0.92804,0.967992,0.995976,1.004984,0.95613,0.980223,0.97904,0.974929,1.010209,0.971132,0.990577,0.981888,0.975889,0.998185,0.989524,0.994992,0.985876,0.95264,0.952405,0.926964,0.967123,0.976887,0.981856,0.989195,0.977726,0.975112,0.989511
2005-02-28,1.004852,1.018117,0.994215,1.011683,1.025784,1.026149,1.012459,1.000525,1.026459,1.032677,0.997476,1.008469,0.975434,1.013599,0.999264,1.027608,0.969842,0.988642,0.988874,1.014928,1.004093,1.016154,1.030243,1.026406,1.030642,1.035175,1.041949,1.021841,1.021047,1.025412,1.035205,1.034808,1.025832,1.036413,1.013648,1.039441,1.00814,1.059947,0.997397,1.051948,0.993179,1.021416,1.040634,1.01732,1.047689,0.986755,1.030131,1.020011,1.039808,1.013907,0.946349,1.053873,1.066068,1.014732,1.024687,1.005006,1.017697,1.033532,1.012108,1.044896,1.04421,1.025386,1.040483,1.024389,1.027864,1.021448,1.040337,1.015206,1.01508,1.052049,1.02759,1.050749,1.045123,1.016032,1.022245,1.0084,1.014325,1.024912,1.025717,1.006331,1.04581,1.040197,1.010243,1.039821,1.043455,1.008568,1.040621,1.030402,1.045269,1.029228,0.965684,0.992311,1.022206,1.012821,0.980895,1.03167,1.01027,1.061898,1.023767,0.988785
2005-03-31,0.92421,0.967477,0.97261,0.970629,0.992894,0.993108,1.013006,0.983348,0.962315,0.972829,0.944019,0.960672,0.996201,0.992523,0.971,0.973703,0.979966,0.976026,0.951074,0.957725,0.948304,0.978216,0.986747,1.005717,0.98791,0.980116,0.985891,0.961568,1.020156,0.959981,0.948929,0.961437,0.984437,1.013123,0.978651,0.98183,0.981824,0.962643,0.999894,0.985161,0.938547,1.006526,0.974604,0.967266,0.988722,0.978939,0.966407,0.997363,0.990963,0.953623,0.953954,0.934941,0.975083,0.984937,0.979934,0.984198,0.998875,0.988501,0.98851,1.029096,0.957486,0.97974,0.998339,0.971457,1.012976,0.999239,0.989936,1.00292,1.017091,0.989913,0.951635,0.985755,0.994065,1.000795,1.002674,0.993493,1.004854,0.994746,0.976919,0.965251,0.962829,1.006189,0.992966,1.025463,0.996966,0.998354,0.997867,1.009171,1.005818,0.986122,0.992833,1.006534,0.999191,0.928049,0.985593,0.979107,0.996963,0.961428,0.989034,0.986322
2005-04-30,0.916742,0.955968,0.954671,0.953142,0.964893,0.970589,0.946384,0.960979,0.929223,0.997752,0.940101,0.929034,0.941905,0.907184,0.934543,0.969573,0.931285,0.957732,0.932169,0.922924,0.910406,0.939223,0.92864,0.924059,0.93296,0.961488,0.939423,0.943864,0.951316,0.954681,0.929392,0.93571,0.9157150000000001,0.975617,0.929422,0.94252,0.953844,0.956616,0.944362,0.918133,0.891432,0.926489,0.974741,0.972794,0.96288,0.952245,0.959122,0.924176,0.962426,0.933821,0.977455,1.014963,0.948238,0.946671,0.956184,0.961252,0.959175,0.954124,0.950776,0.9249080000000001,0.9353899999999999,0.9507639999999999,0.942719,0.9330700000000001,0.999534,1.011034,0.971115,0.959598,0.954969,0.946523,0.924396,0.960172,0.96724,0.965607,0.96352,0.95459,0.975088,0.966579,0.956526,0.965114,0.933667,0.967228,0.930186,0.984065,0.97011,0.994573,0.985313,0.980858,0.939043,0.990898,0.998028,0.979626,1.003836,0.96016,0.997906,1.01647,0.988944,0.98274,0.989542,0.972031
2005-05-31,1.056824,1.035933,1.035567,1.03578,1.031369,1.029862,1.042152,1.035476,1.046209,1.021436,1.079741,1.049687,1.048963,1.053766,1.058446,1.038727,1.058473,1.092219,1.089541,1.088733,1.074035,1.09923,1.031068,1.100146,1.07288,1.081461,1.070409,1.08297,1.033595,1.081285,1.092653,1.069784,1.043464,1.078744,1.075264,1.093733,1.066797,1.121034,1.069678,1.065503,1.074282,1.055596,1.05991,1.066409,1.065092,1.05746,1.075936,1.050067,1.070175,1.053038,1.053752,1.047909,1.063625,1.052765,1.049487,1.038683,1.046876,1.065788,1.048449,1.077546,1.045176,1.060669,1.03836,1.123936,1.042992,1.043804,1.085741,1.058381,1.013411,1.075573,1.100013,1.031601,1.057814,1.076055,1.034856,1.055886,1.045866,1.063513,1.052768,1.047102,1.089365,1.067789,1.055809,1.026829,1.045779,1.029018,1.025869,1.030227,1.020791,1.02344,1.039369,1.040046,1.069294,1.049097,1.035164,1.010549,1.026742,1.028981,1.012133,1.046705
2005-06-30,1.034855,1.037431,1.036552,1.03983,1.007001,1.045287,1.043899,1.05707,1.052016,1.051658,1.050002,1.060418,1.042951,1.039711,1.026989,1.066195,1.068648,1.050914,1.027339,1.080107,1.024126,1.047861,1.042862,1.064127,1.042727,1.049157,1.026884,1.01039,1.040964,1.0726930000000001,1.067262,1.012559,1.021076,1.023518,1.038929,1.043073,1.047312,1.064853,1.019489,1.052421,1.026687,1.023634,1.023502,1.027473,1.04184,1.014981,1.031195,1.043912,1.047879,1.035113,1.030882,0.984293,1.035391,1.014163,1.019354,1.019286,1.038442,1.022279,1.041511,1.034237,1.061339,1.027423,1.02533,1.011496,1.016097,1.059933,1.026941,1.028297,1.00999,1.0232,1.016241,1.0229219999999999,0.96221,1.028789,1.032888,1.02624,1.028362,1.026306,1.038577,1.011268,0.97648,1.00641,1.010643,1.039439,1.034619,1.027735,1.027154,1.024907,1.040066,1.037872,0.968988,0.979289,1.007747,0.993678,0.980619,0.999266,0.981701,1.000965,0.993887,0.999923
2005-07-31,1.094135,1.063247,1.069068,1.059451,1.081381,1.048501,1.080631,1.095143,1.095263,1.073573,1.06892,1.065846,1.049811,1.081358,1.055955,1.057168,1.068205,1.063317,1.057122,1.076876,1.100855,1.0780669999999999,1.044634,1.06904,1.071492,1.064891,1.095631,1.045833,1.050945,1.077718,1.067358,1.086617,1.037506,1.048658,1.093677,1.035349,1.047463,1.058572,1.05263,1.038348,1.110812,1.066142,1.071793,1.057283,1.038257,1.063402,1.051184,1.062935,1.034571,1.045137,1.058763,1.061619,1.063653,1.037472,1.079458,1.045946,1.042779,1.055095,1.040341,1.031796,1.053394,1.0685769999999999,1.04968,1.058223,1.046017,1.062244,1.032576,1.038158,1.070581,1.074046,1.064343,1.052503,1.078059,1.0557,1.04909,1.048849,1.037393,1.035406,1.064435,1.072642,1.045132,1.089216,1.024315,1.0639210000000001,1.043548,1.054403,1.050823,1.053904,1.037093,1.023601,1.045812,1.002772,1.055722,1.053713,1.013378,1.042256,1.005835,1.042494,1.033303,1.015245
2005-08-31,0.993977,0.998887,0.992336,0.999711,0.980505,0.993272,0.975881,0.974561,0.955042,0.970567,0.980384,1.027518,0.974212,0.983768,0.966688,0.965912,0.977106,0.990634,0.943356,0.974797,0.983351,0.998695,0.975597,0.973259,0.9811840000000001,0.981039,0.983051,0.991572,0.961628,0.970365,0.991948,0.992592,0.983102,0.992369,0.990519,0.984909,0.9640029999999999,1.014906,0.97698,0.954682,1.002824,1.015327,0.999973,0.985263,1.001325,0.973659,0.975544,0.97269,0.95123,0.981562,0.974223,0.98413,0.963307,1.000442,0.993654,0.9907,0.998143,0.97939,0.993595,1.018666,1.009591,0.988665,0.987999,0.997958,0.990307,1.01493,0.981577,0.988669,0.97553,0.991255,1.002387,0.997018,0.992098,1.022627,1.005378,0.981688,0.973629,1.021252,0.9840409999999999,0.984961,0.990639,0.984387,0.97297,1.027567,0.988213,0.982912,0.976175,0.975973,1.002923,0.975964,1.023394,1.001551,1.027728,0.982379,1.009715,0.975036,0.983119,0.970918,1.005623,0.965491
2005-09-30,1.014579,1.018645,1.008216,1.006849,1.006093,1.005513,1.007882,1.01041,1.04016,0.981585,0.997286,0.992233,1.005364,0.991578,0.999369,1.015483,0.999866,1.019936,1.0349,1.008004,1.009151,1.01004,0.999656,0.98931,0.991498,0.996286,0.996246,1.017044,0.995417,0.998125,1.005701,0.997132,1.00627,1.007486,1.013583,1.033378,1.005874,1.01365,1.008454,1.034533,1.030095,1.05253,0.994971,0.976189,0.99601,1.000384,0.984337,1.012821,0.977218,1.021212,1.065632,1.018549,0.992542,1.016478,0.988167,0.998961,1.018484,1.011303,1.029178,0.986561,1.027157,0.985952,1.035986,1.029537,1.007791,1.00302,0.995726,0.99588,1.013958,1.041308,1.049595,1.044092,1.005435,1.043683,1.005716,0.996682,1.008006,1.000218,0.989011,0.99987,1.022776,0.983686,1.020371,1.049149,1.033542,0.999344,1.020013,1.001448,1.040444,1.002129,1.009386,0.990706,0.995157,1.001524,1.024138,1.023822,0.997858,0.992119,1.016845,1.002054
2005-10-31,0.943649,0.988368,0.970665,0.976554,0.977395,0.984082,0.988992,0.996448,0.963257,0.986329,0.963652,0.976253,0.993906,0.971165,0.971522,0.986078,0.979967,0.996974,0.989742,0.952573,0.944371,1.008199,0.982465,0.986087,0.986185,0.995805,0.970063,0.979318,0.967348,0.959962,0.956454,0.94398,0.989119,0.95663,0.978752,0.986189,0.975849,0.973745,0.939367,0.964957,0.963128,0.952534,0.956891,0.989631,0.94388,0.96528,0.991487,0.985847,0.94972,0.93372,0.981081,0.953528,0.99306,0.977967,0.959353,0.96352,0.965378,0.956174,1.005835,0.964695,0.940815,0.96048,1.009773,0.979289,0.991303,0.961344,0.981725,0.963966,0.953839,0.973714,0.975683,0.97728,0.953493,0.995101,0.975553,0.974761,0.97437,0.977274,0.979177,0.960005,0.964388,0.988636,1.009852,0.958265,0.986442,0.973386,0.955247,0.976488,0.99052,0.989818,0.980575,1.020539,0.99922,1.00866,0.99226,0.977307,0.994557,1.003613,0.964032,0.972128
2005-11-30,1.035407,1.031199,1.030372,1.034311,1.02035,1.025106,1.027238,1.034004,1.013995,1.038638,1.057211,1.042705,1.04515,1.049198,1.070213,1.060633,1.076993,1.029021,1.040563,1.07677,1.043397,1.080279,1.022758,1.042585,1.068632,1.057764,1.036277,1.031914,1.095299,1.03043,1.050334,1.036505,1.069347,1.046755,1.026242,1.053,1.034528,1.058869,1.007047,1.091799,1.081569,1.048069,1.046255,1.037275,1.057364,1.0444,1.045022,1.040389,1.050508,1.055578,1.026384,1.053536,1.068136,1.063636,1.060951,1.053587,1.051524,1.039709,1.09147,1.0639129999999999,1.052382,1.014358,1.036271,1.036014,1.058728,1.022523,1.035077,1.035754,1.055974,1.052662,1.057864,1.067876,1.065795,1.024423,1.055066,1.027642,1.055618,1.02897,1.050084,1.055538,1.004703,1.073671,1.03173,1.043967,1.004643,1.029579,1.052518,1.051275,1.04989,1.013929,1.036164,1.031178,1.061861,1.059058,1.067162,1.032759,1.031952,1.027525,1.020376,1.012222
2005-12-31,1.005426,0.988076,1.007754,1.015914,1.01724,0.990995,1.007171,1.013274,1.024694,1.076313,0.99059,1.006001,0.992645,0.994159,0.989034,0.984031,1.009854,1.003652,0.994664,0.994961,1.007705,1.011993,1.008883,0.99683,0.990333,0.976958,0.975159,1.025942,1.039519,1.003116,1.009664,0.995956,0.98963,0.990288,0.975122,0.978322,0.981657,0.958101,1.004572,1.004153,1.022239,0.981615,1.005782,0.979213,1.011951,0.982323,0.990511,0.99791,1.017105,0.990001,1.032481,1.023913,1.030701,1.00434,1.001713,1.003543,1.021403,0.997703,0.992031,1.005903,1.010854,0.99945,1.004576,1.04184,1.01161,1.011683,0.999357,0.99678,0.997976,1.024637,1.013903,0.992497,1.009424,1.042274,1.017207,1.006387,1.01178,0.997058,1.027918,1.009278,1.020213,0.978396,1.011176,1.019797,1.010311,1.012081,1.004293,0.991303,1.017078,1.008686,1.053476,0.98969,0.973354,0.9966,0.991747,1.001201,1.022908,0.992054,0.992854,0.997406
2006-01-31,1.111533,1.077497,1.078107,1.054731,1.051465,1.061095,1.058879,1.094628,1.090248,1.083062,1.118506,1.0989,1.09539,1.101548,1.079255,1.064851,1.083748,1.105131,1.146424,1.039181,1.100386,1.115966,1.097584,1.0670709999999999,1.096553,1.092758,1.080133,1.055136,1.115714,1.077664,1.096501,1.069361,1.076412,1.081919,1.075658,1.090736,1.071535,1.098368,1.072562,1.104708,1.110467,1.097276,1.049073,1.078778,1.06485,1.095115,1.069941,1.091531,1.056652,1.107695,1.097107,1.102838,1.007346,1.051629,1.058958,1.076225,1.057175,1.012236,1.044324,1.07969,1.091963,1.039392,1.047617,1.08038,1.043429,1.071072,1.019481,1.012514,1.054785,1.082328,1.058367,1.053556,1.02146,1.056784,1.055963,1.009072,1.042045,1.030181,1.044161,1.065723,0.981241,1.0672679999999999,1.061002,1.076594,1.028622,1.017095,1.041959,1.033271,1.063583,1.024969,1.001112,1.005816,1.042097,0.980309,1.009855,1.047274,1.033947,1.001582,1.032336,1.01864
2006-02-28,1.013119,1.004989,1.012903,1.005392,1.025458,0.993054,1.001356,1.010149,0.980406,1.024443,0.997773,0.974514,0.976958,0.993417,0.999293,0.986488,1.012031,0.983626,0.977536,1.002197,1.010288,1.039151,1.003191,1.0037,0.983764,0.982153,1.003392,0.97922,0.975236,0.964876,0.987921,0.9706,0.999814,1.039441,0.990183,0.988903,0.99217,0.974274,0.972597,0.997107,0.993332,0.986733,1.026127,0.990112,0.993613,1.00213,0.984928,0.988978,0.983098,0.98493,0.998026,0.964401,1.010325,0.986308,0.983453,0.979753,1.010342,1.016917,0.9909250000000001,1.003325,1.008817,0.992451,0.98164,0.995814,1.014054,0.986629,1.023509,1.033078,0.968726,0.989769,1.014672,0.990761,1.00977,1.020837,1.002511,1.012639,1.005175,1.002908,0.962642,0.99046,0.975177,0.987745,1.024309,0.982193,0.997713,1.011809,0.998279,1.014319,0.972711,1.002304,0.988973,0.984053,0.994174,1.017012,0.998251,1.021074,1.015978,1.005603,0.993842,1.001635
2006-03-31,1.05635,1.027527,1.057948,1.038204,1.058157,1.028652,1.058441,1.039223,1.086299,1.067918,1.053594,1.047535,1.041592,1.077002,1.045496,1.051815,1.038553,1.023529,1.039384,1.022749,1.035713,1.075418,1.03688,1.033733,1.059879,1.053831,1.038548,1.047542,1.084993,1.036267,1.020307,1.053535,1.075572,1.052324,1.02941,1.043242,1.064894,1.027042,1.029198,1.065011,0.992475,1.058774,1.030804,1.07197,1.063795,1.032982,1.056122,1.05429,1.020712,1.052838,1.088755,0.98194,1.004382,1.035198,1.030574,1.030506,1.01515,1.025281,1.048302,1.034605,1.052183,1.011224,1.017723,1.061849,1.023475,1.014968,1.01994,1.034623,1.015091,1.015702,1.031122,1.061963,1.031557,1.012123,1.00034,1.032224,1.022844,1.006456,1.010001,1.080549,1.027588,1.019325,1.022079,1.011705,1.030544,1.000172,1.011624,1.012666,1.015331,1.021037,0.993514,0.995784,1.006618,1.027655,1.014219,1.051342,0.995625,0.999973,1.01968,0.983128
2006-04-30,0.982954,1.012091,1.008858,1.022947,0.987491,0.99246,1.022539,1.065829,1.042727,1.006558,0.97244,1.019272,0.993257,1.009541,1.004272,1.007726,1.005397,0.99306,1.006055,1.009427,0.987191,1.029495,1.016844,1.02375,1.00297,1.022248,1.019092,1.014661,1.06917,1.009534,0.973107,0.976905,1.014224,0.997274,1.005465,1.028332,1.010519,1.00057,1.059908,1.030671,1.023748,0.991377,1.005719,1.01188,1.009568,1.005925,0.984408,1.006789,0.994848,1.01367,0.979271,0.981459,1.009961,1.005485,0.985917,1.011292,1.017174,1.011001,1.033187,1.01133,1.012907,1.014489,1.047617,1.044817,0.986454,1.029969,0.988101,1.010646,1.009302,1.034839,1.014999,1.019754,0.995634,1.04096,1.012894,0.998737,1.002314,0.976519,1.011584,1.01975,0.968672,1.044806,1.027648,1.021665,1.020297,1.017517,0.998959,1.020696,1.00902,1.001275,1.026769,1.023821,0.960918,1.012925,1.032784,1.017423,1.025164,0.993843,1.028347,0.997859
2006-05-31,0.917569,0.960235,0.953355,0.973413,0.947287,0.970461,0.968573,0.987303,0.963956,0.942175,0.922384,0.944557,0.940254,0.965133,0.948832,0.932973,0.986167,0.948021,0.895634,0.981546,0.908278,0.944738,0.95781,0.967641,0.976175,0.943608,0.975843,0.942417,0.935565,0.976699,0.932991,0.946897,0.934792,0.964042,0.943154,0.970507,0.956773,0.904359,0.927978,0.9879830000000001,0.87723,0.909424,0.953916,0.956986,0.976352,0.942268,0.93789,0.965853,0.94107,0.920442,0.9309959999999999,0.953649,0.991759,0.968248,0.971068,0.98411,0.968161,0.958772,0.949911,0.969139,0.943617,0.957118,0.967294,0.957769,0.94197,0.988612,0.973205,0.953473,0.949792,0.961412,0.968616,0.958631,0.956381,0.9583699999999999,0.984493,0.973756,0.974697,0.957605,0.960178,0.946051,0.971867,1.006052,0.973225,0.956653,0.961895,0.965721,0.946564,0.965795,0.953216,0.975934,0.998216,1.007069,0.964874,0.978367,0.969527,0.94798,0.965552,0.981167,0.985918,0.981963
2006-06-30,0.963408,0.990783,1.014105,1.006749,0.999407,1.021293,1.003641,1.005432,1.02424,1.019106,0.984044,0.99081,0.995767,1.005439,0.993331,1.006853,1.001914,1.054822,0.977686,0.989587,1.009116,1.002129,0.999467,0.986412,1.00556,0.974697,1.000989,1.071733,0.99513,1.000644,1.000715,0.988908,1.005684,1.013117,1.00079,1.023172,1.009364,0.994387,1.005947,0.999921,1.014542,0.988921,0.984354,0.999621,1.021036,0.982199,1.017259,1.004261,0.977167,1.020881,0.985889,0.973979,0.99367,0.972745,0.968926,0.99999,1.011126,0.993184,1.062537,0.985056,0.962923,1.00456,0.999023,0.982549,0.987123,1.015914,1.000451,0.98989,0.994761,1.012225,0.993059,0.991621,1.000873,0.940003,0.989085,0.999298,0.979736,1.019856,0.995368,0.994151,0.97526,1.034645,1.012814,0.998487,1.002541,0.992819,1.006544,0.998074,1.029354,1.01083,0.988604,1.000645,0.992776,0.975635,0.987568,1.00514,1.020293,1.013134,1.008088,0.991843
2006-07-31,0.940888,0.976404,0.973694,0.979131,0.988668,0.993711,0.996788,0.969579,1.00114,0.984875,0.948227,0.93797,0.973966,0.976121,0.94081,0.962508,0.99191,0.97576,1.000472,0.973948,0.955291,0.986059,0.966229,0.955266,0.956287,0.994164,0.964213,0.924009,0.94425,0.971638,0.955401,0.950372,0.948155,0.95165,0.985269,0.972875,0.993164,0.959654,0.958032,0.958479,0.960594,0.950142,0.958127,0.966517,0.983853,0.975254,0.9348529999999999,0.94593,0.960341,0.991293,0.954584,0.953866,0.975548,0.983532,0.97861,0.98936,0.949055,0.962878,0.968464,0.959517,0.955588,0.94057,0.962193,0.945505,0.967441,0.941514,0.994368,0.952635,0.952339,0.980029,0.952519,0.969125,0.959459,0.970938,0.994935,0.978619,0.973155,0.97961,0.964659,0.957511,1.012778,0.968107,0.995209,1.002093,0.99194,1.004785,0.970964,1.012699,0.988152,0.983705,1.074094,1.008866,0.96932,1.004561,0.998413,1.022178,1.029269,1.00618,1.03806,0.98095
2006-08-31,1.033525,1.02766,1.018171,1.011855,1.003755,1.001138,1.008226,1.011192,0.992638,1.014179,1.043697,1.024941,1.028378,1.030864,1.063235,1.033169,1.010937,1.029452,1.015333,1.034944,1.055114,1.043682,1.029014,1.006351,1.031718,1.030226,1.034574,1.02865,1.050456,1.028503,1.054728,1.007911,1.036855,1.016675,1.01259,1.019969,1.037027,1.028487,0.999034,0.98707,1.046155,1.066098,1.01115,1.041128,0.999974,1.045746,1.006964,0.993636,1.03748,1.030026,1.063192,1.03455,1.043817,1.048762,1.034541,1.008736,1.019723,0.983311,1.000035,0.990495,1.067221,1.0472,1.017904,0.994933,1.036313,0.998323,1.017944,1.019723,1.005188,0.995544,1.033901,1.034491,1.060577,1.020904,1.032103,1.04505,1.011387,1.019492,1.019599,1.019762,1.045337,1.025037,1.019327,1.027012,1.027579,1.020518,1.001161,1.041421,0.986976,1.041756,1.027708,1.031135,1.041879,1.020974,1.022165,1.014821,1.031189,1.025014,1.01116,1.048161
2006-09-30,0.999879,1.01261,1.024823,1.027567,1.008611,1.009827,1.005644,1.014797,0.9943,1.002671,0.984336,1.023016,0.998485,1.011593,1.01443,0.998448,1.015862,1.019189,1.009432,1.005627,1.008761,1.013757,1.005447,1.032482,1.014966,1.012769,1.017366,1.026106,1.00435,1.040606,0.977047,1.001056,1.004764,1.029358,1.017008,1.014478,1.009805,1.011605,1.016775,1.013865,1.010974,0.988145,1.004816,1.01121,1.020771,1.005165,1.023142,1.003034,1.010687,1.045967,0.993134,1.023848,1.017345,1.020262,1.009396,0.999021,1.014976,1.031303,1.009292,0.968815,0.999475,1.048463,1.01186,1.009843,1.029786,1.021288,1.011574,1.033618,1.027647,1.030466,0.997602,1.01824,1.008396,1.0142660000000001,1.005432,0.996422,1.020438,1.017258,1.023121,1.050826,1.027557,1.025314,1.022479,1.026243,1.059069,1.002705,1.003565,1.017133,1.018808,1.013201,1.054415,1.030116,1.016654,1.037448,1.047024,1.037537,1.024886,1.042922,0.99492,1.00578
2006-10-31,1.054954,1.038263,1.037554,1.039895,1.045851,1.073678,1.040077,1.091904,1.02635,1.083606,1.063889,1.069248,1.063664,1.081553,1.084765,1.072947,1.049913,1.016152,1.064932,1.065986,1.060004,1.045674,1.049292,1.073999,1.063512,1.067714,1.046235,1.077114,1.03128,1.078696,1.083738,1.054746,1.038847,1.03356,1.051254,1.030211,1.049558,1.031501,1.049093,1.058262,1.049782,1.038443,1.065555,1.046178,1.033335,1.048169,1.030973,1.047193,1.080127,1.049735,1.053093,1.051965,1.062663,1.039233,1.053443,1.034582,1.029819,1.040176,1.02285,1.060769,1.028743,1.048452,1.02777,1.035515,1.040769,1.016433,1.008366,1.038209,1.053204,1.045265,1.039652,1.011508,1.084175,1.032105,1.03911,1.044069,1.043982,1.041563,1.048339,1.05637,1.041907,1.055784,1.016823,1.038034,1.003,1.068783,1.031321,1.014068,1.055749,1.048946,1.002263,1.068136,1.017812,1.055643,1.023517,1.028983,1.008435,1.028133,1.050706,1.020188
2006-11-30,1.02766,1.028645,1.017617,1.022081,1.01969,1.010455,1.023308,1.031697,1.015791,0.9909,1.024971,1.019301,1.017471,1.001603,1.013683,1.030733,1.015017,1.013532,1.025103,1.020236,1.009741,1.037762,1.054871,0.999845,1.037687,1.034529,1.015831,1.030607,1.032327,1.035995,1.008373,1.01233,1.034115,1.005746,1.023504,1.046835,1.012222,1.022479,1.038631,1.019425,1.00719,1.051512,1.027994,1.04493,1.047839,1.006997,1.069916,1.023232,1.087164,1.034255,1.063177,1.039105,1.042181,1.003893,1.029949,1.028944,1.043542,1.016307,1.071045,1.050826,1.046911,1.032068,1.01423,1.025674,1.029944,1.040732,1.032456,1.045462,1.079979,1.022037,1.06318,1.050754,1.0662989999999999,1.013253,1.026078,1.033709,1.04272,1.033937,1.039192,1.020479,0.983657,1.046681,1.017275,1.040087,1.035612,1.029545,1.034825,1.022636,1.039478,1.038095,0.996617,1.010876,1.027919,0.989144,1.025843,0.995234,1.002907,1.008347,1.038693,1.010789
2006-12-31,1.015416,1.025912,1.032394,1.018095,1.02392,1.037753,1.01469,1.0296669999999999,1.022732,1.073326,1.000725,1.024307,1.015937,1.021981,1.040764,1.016621,1.013609,1.019528,0.996404,0.998554,0.96048,0.98097,1.002387,1.006937,1.014801,1.026606,1.007651,0.971395,0.9885,1.01768,1.019668,1.013819,1.022135,1.008054,0.985129,0.994091,0.98803,0.978382,1.001001,1.001352,1.005818,0.9899249999999999,0.984883,1.019619,1.004999,1.010045,0.990435,1.003387,0.989905,1.007203,1.011057,0.992467,1.007497,1.015947,1.013706,1.00906,0.990725,0.999119,1.005967,0.991842,1.006559,1.013591,0.99766,1.005684,1.022142,0.996338,1.016389,0.997457,0.993312,1.015425,1.012606,1.009419,0.988277,0.999076,1.010243,0.981739,1.003576,1.002862,0.993099,0.990217,1.025095,0.996774,0.999946,1.001619,1.007027,1.017642,1.010606,1.005866,0.978662,0.986675,1.074057,1.037599,1.01,1.046171,1.020703,1.046145,1.006794,1.009931,1.012666,0.997399
2007-01-31,1.024285,1.011569,1.016128,1.003131,0.989482,1.015967,1.016473,1.003579,0.982854,0.997238,1.020989,1.004536,1.001295,0.996882,1.026931,1.012296,0.980172,0.97657,1.005896,1.023999,1.020392,0.995673,1.025743,1.019639,1.013787,1.011634,1.027023,1.013705,1.031456,1.03497,1.007142,1.002857,1.04254,0.993967,0.995786,1.012302,1.018379,1.013676,1.017263,1.039013,1.004952,1.005921,1.024317,1.034044,1.021637,1.036204,1.018211,1.005429,1.028151,1.086415,1.021737,1.062338,1.019512,1.02447,1.025808,1.017037,1.021602,1.037991,1.024754,1.049192,0.996285,1.032603,1.029548,1.026485,1.020535,1.042346,1.020971,1.036224,1.062563,1.063772,1.044042,1.029748,0.964771,1.002007,1.044141,1.010954,1.013003,1.049455,1.045113,1.064041,1.052342,1.021382,1.016253,1.006856,0.999378,1.030477,1.041557,1.026751,1.039035,1.044659,1.059856,1.0099,1.021354,1.034107,0.997879,1.026646,1.009933,1.019802,0.995471,1.001183
2007-02-28,0.997206,1.002426,1.002131,1.004417,1.001226,0.9869,0.990812,0.953582,0.992607,0.987922,0.987541,0.991863,0.997298,1.007456,0.955872,1.000179,0.987339,0.986691,1.008433,1.013843,1.017087,0.984911,0.984696,1.005351,0.988556,1.041704,0.953713,0.984215,0.980186,0.998309,0.989377,1.001489,1.00282,0.986508,0.997855,0.994512,0.986613,0.997022,0.980418,1.003537,0.990259,1.005242,0.999173,0.999815,0.995932,1.026081,1.007462,0.995352,0.99971,1.00756,1.022064,1.025706,1.018441,1.009975,0.981808,0.998202,1.009949,0.981015,1.046925,1.016577,1.013447,1.010387,1.012253,1.003774,1.010609,1.003704,0.988472,1.007323,1.0036909999999999,0.988521,0.978744,1.003243,1.017987,1.008813,1.0105,1.022743,0.999604,1.003675,0.992331,0.978515,0.988958,1.007355,1.000509,1.015517,1.000557,1.004911,1.007416,0.994475,0.984645,1.014521,0.9384,0.96001,0.999851,0.978014,0.971638,0.949865,0.977401,0.97507,0.96944,0.990357
2007-03-31,1.005133,1.007953,0.99494,1.011871,1.006901,1.013827,1.005517,1.005029,1.014171,0.996947,1.000183,1.01686,1.000351,1.015268,1.01606,1.022029,1.001975,0.99994,1.011228,0.990864,0.999781,1.025896,1.014703,1.012005,0.98652,1.042679,1.013258,0.987198,1.013014,1.010459,0.976625,1.017109,1.030136,1.007799,1.010034,1.024575,0.995956,0.991683,0.990184,1.007917,0.997858,1.036411,1.025712,1.053068,1.005224,1.010763,1.02156,1.023394,1.051105,1.075018,1.009719,1.024498,0.992186,0.986903,1.015519,1.006609,1.02085,1.023999,1.021168,1.033327,1.020291,0.997461,1.025289,1.005548,1.012114,1.02387,1.021073,1.010487,1.020697,1.01884,1.012255,1.015852,1.014076,0.998007,1.026178,0.99899,1.031737,0.999002,1.005699,1.002436,1.005779,1.004913,0.986636,1.02383,1.003947,1.006274,1.006811,1.006177,1.006255,1.022141,1.087383,1.00659,1.014919,1.029951,1.020997,1.000494,1.002943,1.00567,1.024843,1.006734
2007-04-30,1.025679,0.999967,1.023342,1.010285,1.005381,1.01075,0.997813,0.995597,1.036468,0.9923960000000001,1.024779,1.030244,0.995892,0.998226,0.99622,1.004974,1.007099,1.003817,0.988311,1.000693,1.012354,1.019164,1.005871,1.020591,1.015371,1.006432,1.055209,1.043922,1.004007,1.015938,1.019993,1.018387,1.01463,0.999007,1.029556,1.025401,0.999968,1.021957,1.028647,1.04887,1.032431,1.026486,1.030091,1.020101,1.012506,1.017918,1.02729,1.055308,1.036823,1.068849,1.025621,1.05861,1.041689,1.030335,1.025457,1.036872,1.031765,1.010665,1.048923,1.087067,1.056706,1.017183,1.042146,1.045444,1.024351,1.006956,1.063911,1.039956,1.050913,1.049235,1.063421,1.044053,1.053003,1.025412,1.03851,1.051355,1.041915,1.029177,1.041438,1.070451,1.004438,1.061652,1.039706,1.007439,1.033221,1.041786,1.044832,1.026304,1.036223,1.062237,1.2438259999999999,1.022688,1.035491,1.030923,1.039096,1.054144,1.026774,1.053269,1.04964,1.046287
2007-05-31,1.00498,1.030289,1.042914,1.027868,1.030953,1.027963,1.049362,1.034149,1.058464,1.043983,1.008474,1.055425,1.023226,1.044995,1.049038,1.055273,1.027393,1.007985,1.044989,1.046797,1.023448,1.0287250000000001,1.054869,1.040511,1.028159,1.037564,1.028134,1.038241,1.019797,1.063061,1.041044,1.041439,1.034497,1.061792,1.038651,1.0355,1.014833,1.03839,1.023874,1.046895,1.04636,1.006007,1.029899,1.081424,1.043512,1.103547,1.039182,1.044238,1.08485,1.074381,1.061735,1.038091,1.041374,1.034686,1.043144,1.057669,1.054158,1.07044,1.038644,1.066363,1.026052,1.031763,1.031424,1.052419,1.034046,1.03534,1.060035,1.019576,1.068062,1.051945,1.02568,1.048299,1.067226,1.034548,1.046607,1.034237,1.05717,1.03613,1.053253,1.021505,1.038348,1.017183,1.01422,1.0127950000000001,1.025106,1.010447,1.048383,1.034899,1.029594,1.057231,1.033946,1.01573,1.044697,1.038584,1.054484,1.007693,1.031418,1.030055,1.051509,1.027853
2007-06-30,0.987586,1.000208,1.007007,0.981586,1.006323,0.980502,1.015222,1.021863,1.018543,1.009644,0.99819,1.013998,0.990831,0.99619,1.002891,0.996206,1.031359,1.004184,0.993907,1.01443,0.978858,0.996703,0.992134,0.998717,0.979305,1.022637,0.95094,1.004735,0.975496,0.994528,0.984482,0.992339,0.978782,0.945749,0.97969,0.968012,0.990091,0.961299,1.01052,0.992983,0.985335,0.989031,0.997645,0.994357,0.95604,0.999873,0.974326,1.010648,0.981764,0.994348,0.97564,0.996057,1.012582,0.992078,0.997055,0.998636,0.988349,0.995701,0.987396,0.98637,1.000697,0.960629,0.972941,0.992136,0.990971,0.98976,0.985928,0.956949,0.980997,1.007848,0.969969,0.974684,1.023624,0.985555,0.979606,0.979879,0.986235,0.95957,0.984712,0.992456,1.042976,0.988856,0.979887,0.966502,0.971097,0.968233,0.991041,0.975206,0.980225,0.990991,0.92975,0.98764,0.974541,0.980466,1.00569,0.955906,0.967554,0.985962,0.996884,0.986595
2007-07-31,0.945095,0.939667,0.9355640000000001,0.9216219999999999,0.936605,0.939023,0.951745,0.938367,0.948769,0.925719,0.925926,0.93349,0.9366760000000001,0.9096759999999999,0.936588,0.906788,0.9044989999999999,0.926324,0.916074,0.923951,0.92023,0.950018,0.947723,0.916791,0.931714,0.932759,0.925729,0.97444,0.937849,0.885602,0.939373,0.949341,0.971879,0.9348609999999999,0.930734,0.960197,0.949457,0.912717,0.908699,0.924078,0.92986,0.951401,0.982185,0.935968,0.959235,0.943843,0.940091,0.93076,0.965693,0.924055,1.005371,0.963879,0.916812,0.952078,0.94061,0.949164,0.945597,0.972691,0.973472,0.949831,0.975484,0.925576,0.953871,0.97452,0.98404,0.93109,0.936232,0.980088,0.95528,0.918187,0.97218,0.902901,0.96252,0.989238,0.940347,0.942989,0.969394,0.963915,0.978851,0.936645,1.017004,0.983678,0.963984,0.964299,0.967302,0.99466,0.923252,0.983369,0.970676,0.966309,0.97741,0.939358,0.970642,0.961845,0.995291,0.952504,0.987124,0.962846,0.980027,1.013749
2007-08-31,0.967545,0.996857,1.012408,0.985571,1.02398,1.006648,0.99731,0.997922,0.999114,0.990536,1.026035,1.006236,1.015215,1.03545,1.071307,1.008212,1.008985,1.032193,0.937388,0.914231,1.029764,1.03073,1.026025,1.027596,1.027609,1.047439,1.04886,1.016913,0.996432,0.998144,1.030375,1.022866,1.004513,1.059459,1.000958,1.028624,1.009596,0.986216,0.986805,1.008201,1.030296,1.042893,1.020538,1.001669,1.045427,1.006601,1.019703,0.998074,0.984939,0.990631,0.976886,1.007829,0.955125,0.975022,0.965458,1.008743,1.043188,1.023167,0.989752,0.955978,1.005142,0.935322,1.020059,1.011585,1.003186,0.968792,0.997501,1.010524,0.985625,0.997592,1.048896,1.005778,1.010005,1.028617,0.970852,1.010986,1.015806,0.974161,1.003078,1.001774,1.01176,1.005232,0.977257,1.010099,0.983012,0.996799,0.9637519999999999,1.009694,1.011517,0.995464,1.039649,1.00813,1.032812,1.038288,1.029436,1.027952,1.03294,1.014811,1.019615,1.004112
2007-09-30,1.015998,1.024854,1.017348,1.003117,1.026167,1.006125,0.999191,0.988289,1.021515,1.034322,1.009459,1.015072,0.997847,1.017978,1.020979,1.002664,1.00162,0.993906,0.985464,1.002704,1.020373,1.042778,0.994231,1.004215,1.011272,1.001166,1.001395,1.012953,1.000472,0.991996,1.057334,1.015892,1.00173,0.99086,1.020566,0.990776,0.999929,0.991732,1.047997,1.015585,1.057159,1.035006,1.027684,1.028288,1.006418,0.998327,1.004906,1.020667,1.014664,1.004631,1.030534,1.01653,1.024589,1.042865,1.045647,1.007295,1.017959,1.061128,1.031555,1.038942,1.05144,1.060437,1.008146,1.011337,1.026621,1.003793,1.031095,1.023793,1.025511,1.019784,1.059738,0.98978,1.019015,1.028375,1.009666,1.031944,1.016282,1.014154,1.042735,1.022511,1.062758,1.029937,1.061458,1.001508,1.036702,1.037731,1.034906,1.023715,1.03447,1.034418,1.05878,1.039263,1.027099,1.023582,1.075999,1.022893,1.032414,1.035206,1.051203,1.058915
2007-10-31,1.012828,1.030457,1.00785,0.974168,1.002411,0.993083,1.002705,0.980216,1.01704,1.029203,1.033942,1.020398,1.01217,1.005404,1.031006,0.982876,0.959432,1.001908,1.002357,0.983879,1.059728,1.038727,1.00162,0.999579,1.01528,1.021502,0.996654,1.000519,0.993663,1.020162,1.01909,1.010163,1.044855,1.059193,1.016611,1.007846,1.04433,1.005395,1.026499,1.02241,1.03052,1.031584,1.050485,1.042262,1.043386,1.013922,1.008202,1.024773,0.996948,1.005017,1.051544,1.027611,1.030368,1.038846,0.997872,0.991552,1.018084,1.03306,1.048167,1.077409,1.007674,0.995105,1.039982,1.02204,1.035328,1.021079,1.01993,1.01414,0.994357,1.04135,1.000286,1.029637,1.036936,0.994985,1.0633029999999999,1.006932,1.020131,0.998415,1.02543,1.035863,0.998301,1.041019,1.06496,1.016878,1.023304,1.019611,1.006744,1.002197,1.030977,1.016298,0.957502,0.988744,1.019278,0.990152,1.098518,0.995635,1.012733,1.018529,1.062043,1.005219
2007-11-30,0.896139,0.933817,0.9170659999999999,0.937121,0.92874,0.924963,0.924658,0.926363,0.929923,0.907546,0.893177,0.917958,0.914128,0.930668,0.947332,0.93675,0.916098,0.912489,0.915696,0.889935,0.916885,0.909577,0.915928,0.962944,0.947469,0.91891,0.874216,0.9343,0.927582,0.947466,0.912378,0.924775,0.955484,0.973347,0.930279,0.953168,0.930695,0.891136,0.937525,0.951432,0.918704,0.9212750000000001,0.934922,0.928169,0.975206,0.978813,0.966352,0.916753,0.968823,0.939208,0.942853,0.933426,0.939744,0.947114,0.955562,0.950047,0.940767,0.962624,0.896934,0.898208,0.913818,0.9370890000000001,0.944236,1.000211,0.95133,0.964873,0.939191,0.94985,0.968465,0.905835,0.954581,0.915701,0.920312,0.932218,0.912432,0.978621,0.956752,0.95619,0.956782,0.967551,0.902719,0.957206,0.974311,0.956471,0.95989,0.969692,0.961558,0.979228,0.970305,0.978669,0.984721,0.912898,1.001148,0.917431,0.992742,0.931651,0.943826,0.98786,0.981019,0.946803
2007-12-31,0.9988,0.997805,0.982545,1.017055,1.001036,0.993471,1.00898,0.993105,0.996887,0.980981,1.001456,0.996172,0.989735,1.007295,0.97239,0.95851,0.986409,0.949469,1.001479,0.997707,1.02162,0.992484,0.996185,0.990815,0.991503,0.982437,0.982661,0.975238,1.012601,0.952256,1.008683,1.009838,0.993139,1.002231,0.981181,1.000433,1.009403,1.012193,1.02458,1.037702,1.013441,1.001359,0.927797,1.01238,0.986592,0.982419,0.986794,0.974147,0.987402,0.996243,0.968697,0.986756,0.972758,1.012479,1.009604,1.024003,0.994849,0.998112,0.998092,0.911997,0.969566,0.999319,1.007427,0.975508,0.962622,1.004745,0.971681,1.015024,0.995655,0.971352,1.003372,0.913886,0.964142,0.998688,1.019426,0.988412,1.0079,1.011937,1.001439,0.990775,0.993806,0.941731,1.03681,0.988874,0.981158,0.98483,0.987547,1.009518,1.025305,1.019887,0.88693,1.007139,0.981977,0.981315,1.016856,0.958835,0.975765,0.995188,1.02042,1.010482
2008-01-31,0.906139,0.949927,0.950062,0.950162,0.97008,0.945981,0.958563,0.944542,0.950691,0.919897,0.894368,0.936697,0.924458,0.918629,0.912416,0.935823,0.92892,0.899963,0.931725,0.94654,0.899712,0.891964,0.937239,0.939197,0.937126,0.966573,1.007027,0.935879,0.9215180000000001,0.890891,0.883787,0.892243,0.951194,0.939979,0.92918,0.970477,0.977795,0.960672,0.952343,0.934384,0.877715,0.937735,0.969997,0.919874,0.961684,0.959457,0.941905,0.992835,0.968658,0.958906,0.859715,0.931211,0.948258,0.930829,0.9484090000000001,0.959473,0.938146,0.940315,0.955826,0.988308,0.896919,0.928598,0.909355,0.933838,0.966589,1.01694,0.964693,0.929792,0.945997,0.987405,0.900357,0.961736,0.94094,0.89263,0.958483,0.923868,0.919319,0.951682,0.963374,0.9318649999999999,0.952782,0.925239,0.965835,0.925667,0.96794,0.952422,0.942616,0.940051,0.9227609999999999,0.935102,0.893856,0.941865,0.943995,0.926916,0.851571,0.971747,0.944627,0.969624,0.939388,0.926688
2008-02-29,0.962031,0.973659,0.973894,0.973621,0.972443,0.955869,0.951291,0.955905,0.983103,0.984233,0.942213,0.955466,0.932669,0.979932,0.965765,0.916334,0.966235,0.948706,0.96045,0.953921,0.944729,1.067613,1.004033,0.926489,1.015826,0.955852,0.971839,0.952032,0.985492,0.992574,0.936515,0.964778,0.97034,0.97853,0.929081,0.969014,0.9516,0.95369,0.96294,1.043617,0.9254789999999999,0.951248,0.94471,1.006413,0.97279,0.976663,0.925214,0.948264,0.963498,0.982942,1.011885,0.964382,0.954595,0.989458,1.007874,1.00405,0.966419,1.011489,0.997105,1.063337,0.9675009999999999,0.970758,0.981437,1.006341,0.9369339999999999,0.983248,0.982,1.046032,0.99729,0.946984,0.963824,1.006033,0.984623,0.935241,0.988023,0.977604,0.960798,1.003812,0.973436,0.990562,0.942589,0.961237,0.996241,0.964223,0.964385,0.953932,0.96608,0.971781,1.004822,0.99337,1.040306,0.9618,1.006149,0.921815,0.945008,0.931413,0.943767,0.974519,0.982644,1.014501
2008-03-31,0.957803,0.990291,1.008871,0.987875,1.014942,1.00658,1.00938,1.002381,0.998562,0.965475,0.973431,1.027276,1.030181,0.993767,1.016036,0.996137,1.02639,1.020408,0.997025,0.97717,0.996536,0.989678,1.012283,1.01182,1.012302,1.001253,1.051235,1.021717,1.008456,0.999144,0.9631149999999999,0.990461,1.02572,0.995146,0.992229,1.036253,1.039404,1.021161,1.034225,1.017576,0.983436,0.953606,1.009024,0.985361,1.000568,1.010087,0.980914,1.023954,0.979371,0.968905,0.990857,0.989735,1.019563,1.004114,0.966801,0.997984,0.978076,0.985203,0.977688,1.002322,1.017582,0.935148,0.990893,0.970363,0.955532,0.980154,0.962961,0.983584,0.976267,0.962185,1.0244,0.961494,1.005449,1.00008,1.001779,0.980922,0.992176,0.998056,1.001972,0.97567,0.967037,1.020243,0.943842,0.991929,0.981985,0.962801,0.981599,0.981143,0.983,1.012553,0.902915,1.035672,0.997477,0.9198649999999999,1.026153,1.018835,0.966375,1.004292,1.012898,0.986071
2008-04-30,1.016393,0.990712,1.006931,1.002982,1.029911,0.993834,1.005906,0.986218,1.008532,1.013669,1.043598,1.002594,0.999388,1.052538,1.035264,0.993828,1.006899,1.026284,1.007716,1.065596,1.002322,1.039182,1.002447,0.998698,1.013276,1.058547,1.024056,1.061913,1.042674,1.045979,1.048771,1.033051,0.979782,1.034797,1.044129,1.002999,1.077542,1.067879,1.032891,1.02794,1.02673,1.074194,1.072741,1.048481,1.028068,1.079653,1.074489,1.046409,1.097237,1.095692,1.166136,1.089383,1.050777,1.100569,1.062408,1.087685,1.091425,1.098497,1.105356,1.087853,1.0902560000000001,1.070866,1.053377,1.055227,1.046528,1.040872,1.102307,1.06807,1.053631,0.99492,1.106814,1.040265,0.985673,1.039291,1.094198,1.099784,1.04253,1.031165,1.10426,1.023023,1.049222,1.016261,1.062329,1.058058,1.028336,1.073525,1.051407,1.075886,1.062736,1.06745,1.088659,1.020037,1.021465,1.061462,1.086841,1.008702,1.035549,1.042355,1.022975,1.068856
2008-05-31,1.036322,1.033883,1.003838,1.050888,1.047543,1.018812,1.013145,1.0142,1.06135,1.097697,1.03556,1.046928,1.022576,1.037917,1.070688,1.028277,1.026663,1.022517,1.035018,1.089019,1.066052,1.063364,1.014807,1.046969,1.032071,1.032661,1.07356,1.05862,1.070181,1.019815,1.063209,1.050983,1.023004,1.05375,1.048718,1.061033,1.026469,1.104741,0.99912,1.168831,1.011966,1.118489,1.046168,1.030021,1.031388,1.020338,1.092001,1.044266,1.086975,1.046581,1.002581,1.053852,1.016495,1.035414,1.019041,1.066418,1.051672,1.051203,1.084956,1.126905,1.03897,1.099048,1.029912,1.089624,1.003511,1.00706,1.055811,1.066422,1.077024,1.042435,1.031114,1.061007,1.026025,1.054168,1.046008,1.06329,1.049238,1.022125,1.032834,1.046509,1.060066,1.026912,1.064776,1.028885,1.05913,1.033549,1.047326,1.022891,1.030002,1.025765,1.022257,1.014192,1.022702,0.963219,1.034711,0.962713,0.99458,1.011009,1.034547,1.01636
2008-06-30,0.946014,0.912795,0.912153,0.960398,0.9287920000000001,0.892311,0.8800749999999999,0.881045,0.95501,0.930937,0.900846,0.918485,0.868386,0.9363239999999999,0.939152,0.879906,0.863273,0.880019,0.879499,0.973633,0.918562,0.929856,0.840553,0.895941,0.912079,0.920512,0.912529,1.018366,0.903589,0.8831,0.909103,0.9012249999999999,0.88036,0.910204,0.86612,0.942406,0.948103,1.0394,0.897081,1.042339,0.86681,0.937217,0.930952,0.916241,0.912863,0.942845,0.960096,0.980745,0.909782,0.97372,0.870937,0.904667,0.8928119999999999,0.958543,0.900064,0.926968,0.920661,0.958142,0.97611,0.957261,0.935844,0.911645,0.913367,0.948271,0.897159,0.961113,0.926733,0.964165,0.903208,0.953242,0.874307,0.875169,0.889535,0.920678,0.921914,0.90988,0.910336,0.915331,0.91642,0.940885,0.863523,0.891318,0.998675,0.932547,0.93691,0.892535,0.961202,0.956265,0.939115,0.938442,0.970088,0.847047,0.887311,0.8468180000000001,0.906369,0.867521,0.870959,0.941472,0.962183,0.947034
2008-07-31,1.013154,1.006001,1.027294,1.043451,1.050454,1.052595,1.056395,1.051044,1.062602,0.980136,1.047993,1.023279,1.108292,1.036551,1.115503,1.122536,1.083252,1.083698,1.05793,1.043797,1.055939,1.023373,1.052314,1.041582,1.060894,1.055028,1.003908,1.022488,1.060799,0.991823,1.059464,1.065385,1.051478,0.987367,1.039144,1.013932,0.999719,1.10427,1.002949,1.049691,0.983685,1.03862,1.020618,1.040357,1.030495,1.004777,1.014808,0.955853,1.070184,0.944265,1.017952,1.000637,1.046143,0.993006,1.034399,0.979947,1.054017,1.015903,0.997721,0.95946,0.982155,0.938589,1.009322,1.0296,1.023277,0.967618,0.983421,0.958605,0.931897,0.956748,0.944723,0.990176,0.945863,0.920274,0.97908,0.973042,1.009648,0.96957,0.964814,0.99109,0.882507,0.987603,1.004067,1.033081,1.025269,0.976806,0.915189,0.965533,0.936134,1.033316,1.059563,1.023069,0.979681,1.032574,1.08591,1.004076,0.9974190000000001,1.027235,0.9174249999999999,1.005289
2008-08-31,0.999908,1.043245,1.020823,1.034921,1.038313,1.086577,1.092166,1.028461,1.053637,1.00231,1.024997,1.074683,1.077469,1.035376,1.056465,1.040765,1.018203,1.033611,1.045127,1.055411,1.020627,1.065611,1.043477,1.069417,1.0333890000000001,1.015508,1.030838,1.054912,1.062042,1.0775649999999999,1.08945,1.062235,1.044017,1.079757,1.026123,1.049083,1.052991,1.076839,1.071892,1.078822,0.986796,1.055393,1.029444,1.048306,1.048402,1.056662,1.044869,1.04218,1.070905,1.005637,1.045383,1.036708,1.045191,1.038823,1.039898,1.01912,0.99972,1.049223,1.041115,1.007983,1.050598,0.997128,1.021856,1.020177,1.011978,1.012782,1.035972,0.996326,1.001269,1.034413,0.940569,1.007731,1.045797,0.990564,1.013339,1.072908,1.013311,1.030209,1.033767,1.007577,0.959672,0.96862,1.038273,0.994664,1.022747,1.001893,1.003534,1.013253,1.013638,1.0181230000000001,1.005562,0.950814,0.992836,0.995493,0.993735,1.023467,1.019448,1.024905,1.01467,1.015191
2008-09-30,0.868252,0.9289000000000001,0.959807,0.943293,0.948274,0.925187,0.935452,0.869065,0.9038349999999999,0.90134,0.887393,0.928499,0.998476,0.940318,0.946103,0.992424,0.936288,0.981879,0.878501,0.885022,0.8903369999999999,0.9142399999999999,0.937457,0.915825,0.956814,0.978044,0.96568,0.925117,0.901238,0.909587,0.908616,0.9226300000000001,0.932594,0.887637,0.941739,0.99508,0.969734,0.896105,0.941861,0.910499,0.872744,0.841019,0.874037,0.902193,0.931551,0.93064,0.957298,0.890122,0.865064,0.88176,0.894278,0.940934,0.937324,0.846338,0.935011,0.9229350000000001,0.891059,0.891243,0.8921520000000001,0.893932,0.8607670000000001,0.854407,0.858089,0.943586,0.885988,0.902095,0.913444,0.857313,0.870254,0.877122,0.90511,0.841073,0.894274,0.812521,0.8844920000000001,0.8939509999999999,0.89228,0.881001,0.81333,0.860587,0.755097,0.907434,0.928026,0.9345559999999999,0.9226719999999999,0.886912,0.794223,0.877127,0.8634809999999999,0.919658,1.020688,0.6656869999999999,0.907976,0.8737820000000001,0.97378,0.928956,0.912931,0.946102,0.926292,0.928958
2008-10-31,0.760418,0.785263,0.790063,0.8438289999999999,0.8557440000000001,0.905551,0.821574,0.7848809999999999,0.781841,0.761871,0.761591,0.753823,0.864365,0.817586,0.786779,0.8841680000000001,0.8011349999999999,0.844076,0.809116,0.7268410000000001,0.745768,0.780828,0.840249,0.784835,0.8211809999999999,0.838781,0.754027,0.684795,0.856862,0.735484,0.768054,0.815185,0.80722,0.738227,0.802508,0.813409,0.831394,0.746201,0.8521529999999999,0.785424,0.7663800000000001,0.8184130000000001,0.812058,0.8308139999999999,0.812206,0.76297,0.859063,0.808575,0.8127690000000001,0.745979,0.807408,0.733403,0.8527089999999999,0.7426470000000001,0.840469,0.847629,0.841284,0.748625,0.806988,0.7876460000000001,0.746104,0.792994,0.760189,0.819094,0.803852,0.784774,0.763957,0.719804,0.798834,0.773011,0.852529,0.737562,0.880574,0.757129,0.8338840000000001,0.7775799999999999,0.7952440000000001,0.785818,0.797623,0.814156,0.673974,0.739449,0.7370490000000001,0.805769,0.7263379999999999,0.831081,0.7897190000000001,0.8238800000000001,0.809943,0.805847,0.704068,0.757725,0.86441,0.779196,0.773747,0.88879,0.86022,0.879726,0.855165,0.846224
2008-11-30,0.825168,0.83549,0.834378,0.839257,0.86446,0.859889,0.903607,0.843693,0.826788,0.816418,0.858151,0.877146,0.895701,0.882396,0.863279,0.888294,0.9183520000000001,0.909219,0.928338,0.894871,0.895332,0.856209,0.913681,0.898012,0.888235,0.902432,0.838944,0.885589,0.809691,0.824447,0.827739,0.88595,0.870242,0.904263,0.92469,0.879189,0.986793,0.865389,0.924505,0.963903,0.841107,0.915169,0.925217,0.900037,0.847324,0.9135530000000001,0.882575,0.890553,0.855419,0.831908,0.864977,1.000732,0.940196,0.889896,0.964231,0.940622,0.928206,0.9221280000000001,0.89529,0.837242,0.86263,0.855016,0.837579,0.92178,0.955291,0.886726,0.957488,0.902082,0.993831,0.851683,0.976114,0.828273,0.876738,0.966438,0.915178,0.8828,0.981736,0.882452,0.90718,0.93764,0.821612,0.854546,0.822615,0.915748,0.887804,0.917241,0.953217,0.913364,0.908987,0.880898,0.7448870000000001,0.848936,0.9033640000000001,0.931598,0.832207,0.930748,0.937986,0.943636,1.009092,0.939526
2008-12-31,1.026828,1.013826,1.046668,1.012947,1.039465,1.026381,1.012854,0.999738,1.009374,0.998657,1.043098,1.042771,1.04943,1.05033,1.058532,1.062348,1.098752,1.067723,1.012455,1.061295,1.013249,1.100281,1.070792,1.106145,1.09529,1.018003,1.079962,1.066873,1.046453,1.040662,1.051848,1.074198,1.077789,1.028086,1.037993,1.012483,1.039414,1.086963,1.02527,1.082398,1.04608,1.082744,1.014601,1.037019,1.007181,1.043563,1.013409,1.019498,1.06512,1.065867,1.057344,1.089094,1.00867,1.054899,1.050889,1.0545,1.059918,1.054966,1.002975,1.074235,1.048365,1.07764,1.050482,1.009733,1.03456,1.004037,1.027234,1.062072,1.023438,1.086268,1.072188,1.080761,0.991478,0.999817,1.035157,1.01093,1.0093,1.062456,1.091473,1.06741,0.971629,1.082505,1.061369,1.062681,0.990757,1.047474,1.032448,1.026288,1.015167,1.002446,0.896046,1.053022,0.994644,1.08081,0.971205,1.005498,0.998158,1.042,0.980839,1.017985
2009-01-31,0.967402,0.934058,0.862483,0.867169,0.859327,0.875412,0.9039969999999999,0.8863,0.871274,0.929874,0.935971,0.858467,0.809149,0.8144359999999999,0.842315,0.797797,0.829751,0.849344,0.839134,0.874917,0.94588,0.916884,0.885343,0.8769009999999999,0.893372,0.865954,0.861053,0.854675,0.916888,0.887142,0.937099,0.870318,0.863372,0.899556,0.863014,0.851441,0.860377,0.894284,0.9383900000000001,0.933737,0.907608,0.862231,0.900775,0.913093,0.954118,0.897112,0.887935,0.858162,0.8682719999999999,0.924745,0.936373,0.903282,0.937811,0.904943,0.886942,0.8831869999999999,0.864619,0.966777,0.944925,0.949868,0.989044,0.969848,0.917672,0.916178,0.968722,0.923577,0.957488,0.933469,0.9060779999999999,1.002794,1.051601,0.942938,0.882034,0.932383,0.877715,0.916145,0.907888,0.941331,0.888838,0.95891,0.929945,0.931798,0.882042,0.935555,0.8552,0.934391,0.972245,0.964314,0.938681,0.939364,0.794621,0.939578,0.961087,0.939333,0.792195,0.916879,0.881644,0.943414,0.943425,0.93826
2009-02-28,0.865936,0.889987,0.866709,0.893126,0.8434,0.823454,0.839873,0.838033,0.873907,0.921679,0.875074,0.877948,0.891359,0.815719,0.894244,0.910694,0.855831,0.876791,0.874615,0.901842,0.884435,0.869416,0.8847430000000001,0.8696550000000001,0.818871,0.909432,0.864309,0.876099,0.847762,0.874282,0.867905,0.852988,0.885848,0.882704,0.851309,0.91919,0.945198,0.9185719999999999,0.874857,0.872812,0.89021,0.890871,0.93005,0.913769,0.9335,0.904149,0.859711,0.928997,0.8424039999999999,0.9106879999999999,0.865648,0.929864,0.856204,0.851429,0.947021,0.913076,0.87822,0.906602,0.888817,0.952529,0.964774,0.852637,0.89799,0.879319,0.885501,0.8803650000000001,0.925362,0.914901,0.915804,0.91259,0.974826,0.8348059999999999,0.950002,0.900815,0.921405,0.919567,0.933144,0.888298,0.902589,0.926253,0.920364,0.880908,0.8437749999999999,0.912883,0.878651,0.856334,0.899091,0.920534,0.933839,0.927284,0.772027,0.9348920000000001,0.892947,0.8825350000000001,0.81632,0.889364,0.920303,0.888177,0.8948119999999999,0.939198
2009-03-31,1.101231,1.067459,1.110039,1.103705,1.10283,1.092852,1.065227,1.136789,1.1389,1.13167,1.075601,1.089867,1.111481,1.088567,1.140232,1.074226,1.17713,1.041401,1.1883620000000001,1.083732,1.120958,1.122545,1.099074,1.066422,1.080781,1.097632,1.073772,1.118059,1.127691,1.055276,1.149464,1.111015,1.099625,1.069845,1.112225,1.099352,1.065764,1.171665,1.003994,1.131723,1.162475,1.098099,1.200917,1.069644,1.050771,1.10448,1.097914,1.075569,1.051676,1.115576,1.093722,1.134407,1.069457,1.068869,1.097896,1.088274,1.078972,1.062547,1.1438760000000001,1.087457,1.105942,1.1433010000000001,1.149775,1.06171,1.090122,1.116347,1.120642,1.1008,1.076866,1.06524,1.02532,1.151631,1.099838,1.070665,1.093334,1.074334,1.037002,1.092564,1.079384,1.080058,1.14054,1.108108,1.044126,1.030772,1.093275,1.066132,1.063255,1.124,1.083297,1.073394,1.42502,1.171563,1.079018,1.133389,1.160884,1.050675,1.099391,1.088533,1.055415,1.097536
2009-04-30,1.1485560000000001,1.136373,1.165558,1.142188,1.1817090000000001,1.142825,1.138608,1.184963,1.200564,1.214747,1.233479,1.191354,1.125281,1.195474,1.2074340000000001,1.154634,1.203556,1.1359029999999999,1.229454,1.13704,1.131064,1.130431,1.112519,1.172029,1.164313,1.1642299999999999,1.167244,1.236475,1.261709,1.337586,1.088772,1.1582029999999999,1.103149,1.243531,1.149057,1.1386669999999999,1.091274,1.353299,1.164424,1.174029,1.201062,1.201734,1.162224,1.149222,1.150822,1.265796,1.117636,1.215019,1.187205,1.21516,1.087923,1.121791,1.072654,1.1862219999999999,1.092226,1.137386,1.200688,1.187887,1.168581,1.172186,1.16126,1.153335,1.1911939999999999,1.122572,1.120824,1.146295,1.103909,1.220825,1.099236,1.096181,1.122993,1.146212,1.1296979999999999,1.126023,1.095083,1.156909,1.103304,1.193666,1.176933,1.097338,1.235664,1.21923,1.124815,1.051335,1.233039,1.083566,1.129899,1.083866,1.156871,1.202295,1.037062,1.10941,1.080308,1.087428,1.200798,1.081101,1.090388,1.039108,1.056755,1.074723
2009-05-31,1.12695,1.077537,1.064769,1.050235,1.045236,1.05707,1.081641,1.085697,1.070854,1.1857,1.062999,0.978012,1.001311,1.000146,1.023799,0.993185,1.025223,0.975209,0.988059,1.014727,1.09052,1.04529,1.019576,0.991079,1.033428,0.995246,1.012948,0.97404,0.999887,1.075199,1.061219,1.043613,1.054045,1.036181,1.012263,0.982135,0.986816,1.082302,1.060612,1.028539,1.006625,1.021036,1.005247,0.996587,1.002038,1.002584,1.025124,1.03141,1.029065,1.031291,1.02506,0.993488,1.045951,1.059183,0.998669,1.012516,1.011759,1.03995,1.010736,1.063015,1.014808,1.073222,1.033483,1.019611,1.035468,1.042549,1.032247,1.006097,1.026484,1.056042,1.024746,1.098929,1.043512,0.98484,1.056183,1.052323,1.077108,1.024318,1.057513,1.0339990000000001,1.08512,1.058772,1.085754,1.04807,0.996243,1.036907,1.079945,1.073903,1.02952,1.044344,1.106841,1.180699,1.018179,1.070501,1.078221,1.049597,1.032888,1.08411,1.052694,1.042811
2009-06-30,1.067656,1.043067,1.045399,1.052371,1.045432,1.052143,1.061262,1.077353,1.044434,1.059974,1.0650249999999999,1.028108,1.03435,1.058109,1.012132,0.972858,1.019641,1.092406,1.021971,1.01485,1.055284,1.046006,1.034931,1.023928,1.019931,0.9926,0.995042,1.011249,0.985438,1.039855,1.052018,1.031912,1.04198,0.995697,1.001737,1.000132,0.99628,1.005212,0.97372,1.001399,1.059243,1.003508,1.03879,1.02555,1.038037,1.006507,1.003562,1.031563,0.972915,0.9637290000000001,1.020906,1.004517,1.028975,1.027188,1.010109,0.998212,0.996945,0.959539,0.983628,0.957085,1.004122,1.00278,0.994176,1.038094,1.033215,0.993938,1.026252,0.9906,1.000137,1.017849,1.048075,1.013099,0.996096,0.967463,0.992399,0.993115,1.013004,0.989736,1.007651,1.014732,1.000255,0.983292,0.953778,0.982761,1.075575,1.023588,1.000772,0.989166,0.989093,0.998505,0.954737,0.9649179999999999,1.006304,0.999851,1.025519,1.007897,0.98242,1.008806,0.991114,1.050777
2009-07-31,1.100482,1.102088,1.080556,1.101476,1.0754380000000001,1.104478,1.146026,1.1577060000000001,1.094097,1.145385,1.112688,1.075303,1.094849,1.096595,1.118223,1.08611,1.126124,1.069351,1.117262,1.159575,1.12084,1.099566,1.070676,1.108635,1.102761,1.100476,1.121488,1.075365,1.060891,1.121496,1.060495,1.088066,1.054974,1.100552,1.084178,1.078031,1.115897,1.105185,1.184748,1.159114,1.147585,1.108799,1.11526,1.090112,1.130806,1.053174,1.104094,1.044197,1.125048,1.135895,1.106926,1.051038,1.096761,1.086689,1.085624,1.090768,1.106219,1.103843,1.131951,1.135492,1.083418,1.050099,1.06361,1.123414,1.045424,1.066981,1.079966,1.122896,1.065166,1.143396,1.095272,1.045197,1.107578,1.095207,1.101064,1.048327,1.1006879999999999,1.083199,1.113853,1.108051,1.102367,1.158403,1.096452,1.073352,1.115379,1.0811790000000001,1.076719,1.067292,1.082412,1.076738,1.087102,1.050897,1.078252,1.109769,1.083974,1.104332,1.086369,1.054417,1.062797,1.039395
2009-08-31,1.085528,1.051988,1.063559,1.049895,1.050845,1.038097,1.093152,1.107312,1.0107,1.068266,1.046736,1.01599,1.050495,0.999529,1.026804,1.049131,1.053723,1.051236,1.149954,1.081245,1.033804,1.005726,1.000944,1.007116,1.005804,1.055995,1.035794,0.9598409999999999,1.022233,1.014986,1.025487,1.019876,1.044917,1.006677,1.029056,1.070328,1.047964,1.071895,1.004218,1.044086,1.05557,1.041048,1.059353,1.055836,1.017442,1.029772,1.029035,1.063196,0.98965,1.059003,1.041173,1.033336,1.013985,1.051913,1.012544,1.028406,1.021255,1.016606,1.032281,1.038158,1.084129,1.050117,1.065599,1.016359,1.025186,1.018196,1.039694,1.031892,1.031113,1.08439,1.255814,1.035738,1.060311,1.048042,1.015123,1.030917,1.032595,1.05154,1.042827,1.027599,1.038629,1.127438,1.035264,1.006824,1.01998,1.082628,1.032113,1.013748,1.048457,1.011092,1.127158,1.033925,1.108241,1.013969,1.045097,1.011598,1.041025,1.011762,1.010979,1.013748
2009-09-30,1.073855,1.062125,1.031984,1.056738,1.074599,1.046771,1.079207,1.01247,1.1334,1.066185,1.078681,1.072298,1.0624,1.05808,1.043251,1.040409,1.048667,1.078133,1.139943,1.084184,1.123315,1.078432,1.055007,1.047697,1.083971,1.0824259999999999,1.085743,1.093058,1.086695,1.095026,1.057464,1.044703,1.035406,1.05976,1.05392,1.031207,1.073187,1.070775,1.123556,1.131557,1.063035,1.094805,1.013628,1.045006,1.043244,1.054401,1.034282,1.092547,1.073702,1.046714,1.053094,1.055976,1.08575,1.093103,1.049372,1.069529,1.069395,1.090051,1.088371,1.047871,1.06624,1.045389,1.029693,1.043487,1.091943,1.085404,1.051932,1.068642,1.062282,1.088806,1.054304,1.037061,1.027733,1.105637,1.084985,1.04564,1.087944,1.051063,1.055626,1.091794,1.033976,1.02597,1.091011,1.019894,1.065305,1.034467,1.050558,1.057738,1.047956,1.041784,1.045101,1.058217,1.00039,1.021919,1.042489,1.077754,1.000895,1.020443,1.036996,1.026262
2009-10-31,0.899993,0.912447,0.945836,0.949565,0.955553,0.9263440000000001,0.9261159999999999,0.920282,0.958819,0.912792,0.8548359999999999,0.929848,0.939091,0.94015,0.931937,0.915733,0.919944,0.942425,0.950374,0.888676,0.870628,0.922167,0.907317,0.936918,0.930106,0.929976,0.933184,0.933506,0.950574,0.904425,0.857416,0.957897,0.905699,0.937145,0.963936,0.973421,0.958874,0.925149,0.949059,0.8956850000000001,0.827091,0.882016,0.954004,0.938441,0.980028,0.953711,0.963289,0.948661,0.964186,0.952949,0.861084,0.941689,0.938294,0.965374,0.94982,0.959961,0.985861,0.948948,0.978055,0.956284,0.855113,0.93205,0.988895,0.944998,0.930536,0.986984,0.958559,0.999946,0.96387,0.953498,0.91849,0.948122,0.917576,0.940525,0.956703,0.967524,1.000068,0.97707,0.949088,0.955756,0.947384,0.978813,0.934043,0.981447,0.973801,0.9431350000000001,0.987181,0.967366,0.988024,0.969944,0.975084,0.955081,0.954453,0.99145,0.93369,0.975447,0.990993,1.000582,1.003639,1.027627
2009-11-30,1.009775,1.01294,1.015646,0.975998,1.055768,0.989081,1.018562,1.094208,1.060575,0.952037,1.009668,1.013564,1.01845,1.020137,1.028687,1.015527,0.995147,1.015575,1.043334,0.965958,1.038634,1.034025,1.021658,1.025666,1.000277,1.024996,1.01123,1.0647280000000001,0.999885,1.07173,1.021349,1.05805,1.029582,1.02605,1.021,1.058493,1.012048,1.000408,1.015119,0.988525,1.01752,1.066047,1.016137,1.029288,1.021775,1.004291,1.066872,1.034414,1.045999,1.041299,1.041868,1.055755,1.033136,1.049781,1.049009,1.029041,1.045375,1.025541,1.084423,1.012694,1.120995,1.065595,1.050395,1.044444,1.060724,1.028027,1.03652,1.048963,1.030208,1.078689,0.988159,1.055815,1.03624,1.077143,1.009595,1.020683,1.012757,1.075894,1.055082,1.035112,1.031204,1.030989,1.063338,1.032594,1.0791,1.051034,1.040403,1.026707,1.042609,1.056282,1.047301,1.026989,1.046678,1.007691,1.073884,1.071958,1.089206,1.072649,1.064959,1.05776
2009-12-31,1.066598,1.07212,1.0756000000000001,1.072579,1.048065,1.062782,1.085018,1.018559,1.066141,1.105012,1.10096,1.106212,1.081544,1.088732,1.061653,1.088271,1.092231,1.105319,1.122662,1.139361,1.084951,1.090094,1.102458,1.082595,1.041403,1.092891,1.124863,1.052806,1.109972,1.12572,1.104208,1.064435,1.05962,1.094966,1.0735,1.072376,1.086774,1.081581,1.14929,1.1662379999999999,1.085388,1.071393,1.060683,1.102234,1.042131,1.079389,1.059543,1.079257,1.086565,1.0628630000000001,1.098252,1.045492,1.083461,1.097859,1.05037,1.071002,1.073798,1.068598,1.085775,1.065072,1.109688,1.033367,1.065099,1.071392,1.028201,1.058476,1.0632,1.067021,1.03738,1.02655,1.076993,1.104868,1.055083,1.043129,1.070693,1.027546,1.054209,1.050751,1.063288,1.082314,1.059145,1.016896,1.042852,1.089192,1.038778,1.03261,1.050353,1.051504,1.031029,1.023596,0.964906,0.996208,0.99886,1.030666,1.04256,1.016853,1.016857,1.029384,1.012646,0.987158
2010-01-31,0.985376,0.993145,1.010267,0.994255,0.943961,0.95675,0.940013,0.976788,0.987037,1.027453,0.946833,0.957188,0.957985,0.961477,0.969215,0.975623,0.942455,0.942304,0.926094,0.97451,0.984395,0.975985,0.972031,0.981629,0.993931,0.943663,0.944492,0.941271,0.975327,0.99437,0.945324,0.936713,0.967913,0.961876,0.990931,0.968289,0.999379,0.982516,1.049815,1.005443,0.991594,0.964108,0.956797,0.971888,0.985278,0.976968,0.934663,0.932714,0.953868,0.983571,1.014935,0.98886,0.941061,0.981325,0.940862,0.96704,0.949898,0.958466,0.955207,0.945078,0.924105,1.011875,0.962457,0.961602,0.989382,0.972093,0.968824,0.957288,0.939692,0.949903,1.016409,0.956557,0.986828,0.959474,0.92582,0.981881,0.96201,0.9598409999999999,0.984707,0.941109,0.979268,0.971977,0.955417,0.961443,0.977033,1.007363,0.961864,0.972305,0.946997,0.976887,0.917689,1.009239,0.990238,0.969954,0.935705,0.970301,0.969439,0.958178,0.96003,0.9479
2010-02-28,1.056324,1.047912,1.052965,1.010901,1.04205,1.024345,1.032446,1.062301,1.007532,1.027374,1.07106,1.069284,1.048632,1.06868,1.04298,1.033382,1.035892,1.0539,1.107467,1.115197,1.022738,1.057591,1.052769,1.023602,1.043495,1.016959,1.035253,0.95277,1.062933,1.076234,0.997372,1.0599,1.049381,1.076622,1.02993,1.031786,1.022895,1.042604,1.020894,1.019213,1.057577,1.068082,1.03691,1.06475,1.044611,1.043434,1.066934,1.061505,1.059412,1.123818,1.009555,1.051964,1.064968,1.038151,1.024457,1.058772,1.051024,1.035343,1.080057,1.049838,1.063602,1.056367,1.033093,1.045146,1.007126,1.065204,1.047515,1.067038,1.034976,1.039571,1.057287,1.050187,1.05077,1.015622,1.058065,1.027672,1.040033,1.073122,1.09138,1.076061,1.02634,1.024036,1.045117,1.031619,1.051302,1.052579,1.045934,1.037838,1.036061,1.02489,1.057953,1.039447,1.037182,1.044177,1.018787,1.028697,1.020503,1.012808,1.021333,1.033669
2010-03-31,1.086171,1.061864,1.052831,1.092587,1.085819,1.070298,1.085613,1.084248,1.072611,1.117617,1.115283,1.068675,1.093582,1.059144,1.050257,1.108193,1.122948,1.009421,1.06459,1.097334,1.102954,1.092362,1.072611,1.061172,1.056903,1.110324,1.109041,1.071377,1.066085,1.041614,1.0106,1.084987,1.106909,1.068204,1.07897,1.081657,1.097235,1.107441,1.088507,1.092248,1.118661,1.096832,1.080306,1.014816,1.04977,1.055749,1.058258,1.124914,1.075996,1.129561,1.068317,1.073864,1.083732,1.099218,1.114767,1.075289,1.075593,1.075142,1.096062,1.069436,1.075451,1.0779,1.0367169999999999,1.060903,1.091285,1.075539,1.063393,1.073744,1.09715,1.069457,1.091555,1.075672,1.096558,1.110165,1.062827,1.060314,1.086654,1.05758,1.101105,1.080673,1.075786,1.090169,1.043194,1.058217,1.048455,1.071526,1.04758,1.053397,1.04992,1.060347,1.072498,1.046728,1.076582,1.04721,1.128879,1.071207,1.040093,1.049525,1.046108,1.043271
2010-04-30,1.126892,1.093222,1.101914,1.074103,1.062483,1.041064,1.120068,1.1535090000000001,1.085599,1.150605,1.078858,1.08131,1.084265,1.05882,1.082247,1.065081,1.084044,1.048141,1.057975,1.118336,1.065792,1.053378,1.042022,1.039822,1.049017,1.082569,1.028383,1.068696,1.0942,1.067347,1.016011,1.041931,1.052509,1.040697,1.047546,1.041658,1.051459,1.078222,1.033338,1.049947,1.124088,1.062991,1.03811,1.035122,1.069531,1.068379,1.060836,1.058909,1.060005,1.071847,1.0423,1.06138,1.04001,1.051252,1.00893,1.017497,1.033991,1.072,0.977824,1.051078,1.122717,1.06336,1.036115,1.05954,1.076837,1.049031,1.048321,1.029738,1.031729,1.03307,1.0572,1.028348,1.044156,1.067913,1.057244,0.993815,1.040054,1.04452,1.034736,1.004613,1.039551,1.05414,1.000828,1.018799,1.014203,1.02235,1.001884,1.010994,1.062692,1.025608,1.016545,0.954629,0.994022,1.019338,1.008945,1.018275,0.994671,0.99712,1.027302,1.014707
2010-05-31,0.905417,0.905133,0.925026,0.937402,0.913919,0.952226,0.961137,0.956914,0.896339,0.885313,0.902236,0.923366,0.903075,0.925982,0.911527,0.900773,0.92183,0.918079,0.870577,0.994731,0.899009,0.9152549999999999,0.9383900000000001,0.922265,0.921169,0.944113,0.910336,0.942646,0.908371,0.94762,0.942981,0.9295329999999999,0.924011,0.902206,0.928145,0.95742,0.933494,0.95311,0.931584,0.959341,0.864783,0.908792,0.913154,0.914811,0.915184,0.9177379999999999,0.941775,0.950014,0.900853,0.949961,0.900297,0.943376,0.919048,0.938792,0.957088,0.932715,0.909247,0.921418,0.925342,0.951759,0.918662,0.920768,0.9351659999999999,0.928768,0.895589,0.948469,0.914182,0.957208,0.8885689999999999,0.936496,0.931721,0.942879,0.907157,0.946145,0.936925,0.940458,0.946538,0.925148,0.9338420000000001,0.923875,0.899712,0.919524,0.93335,0.910594,0.94516,0.9267110000000001,0.925153,0.933334,0.915623,0.927917,0.91652,0.941045,0.897414,0.9332469999999999,0.910061,0.926371,0.922646,0.921293,0.919102,0.913997
2010-06-30,0.8901749999999999,0.91267,0.916327,0.9324209999999999,0.910616,0.937136,0.936457,0.913771,0.910146,0.879073,0.919289,0.939348,0.908982,0.921537,0.9201159999999999,0.904027,0.895266,0.934408,0.908643,0.931665,0.913895,0.928028,0.924357,0.9262239999999999,0.931202,0.924539,0.871869,0.959742,0.949961,0.892325,0.946414,0.941103,0.916351,0.918112,0.929529,0.905739,0.924472,0.901795,0.938903,0.8962,0.900497,0.906602,0.919374,0.947952,0.95238,0.946464,0.913792,0.905442,0.917091,0.895081,0.936403,0.938909,0.941804,0.940435,0.947205,0.93014,0.933696,0.953005,0.9191469999999999,0.881541,0.859845,0.920003,0.956459,0.931862,0.934912,0.954419,0.923625,0.955128,0.944513,0.9128700000000001,0.915906,0.953858,0.919206,0.968875,0.921896,0.966466,0.925923,0.974778,0.925424,0.907717,0.915845,0.980334,0.943815,0.945355,0.980146,0.9607060000000001,0.941656,0.945066,0.944181,0.948237,0.901688,1.014301,0.929258,0.962215,0.927557,0.944098,0.939519,0.968062,0.946288,0.952679
2010-07-31,1.05017,1.061844,1.049933,1.030746,1.055847,1.065047,1.053415,1.043914,1.050962,1.056595,1.068719,1.074048,1.039993,1.039732,1.072932,1.082233,1.07908,1.085646,1.052353,1.064124,1.084512,1.068795,1.07474,1.071171,1.061583,1.037778,1.063498,1.094714,1.046978,1.077942,1.090624,1.060169,1.058818,1.106428,1.071183,1.051989,1.065768,1.058384,1.051554,1.058265,1.057412,1.090913,1.064031,1.089112,1.056199,1.10535,1.076259,1.039876,1.072485,1.070589,1.056973,1.067132,1.061915,1.086037,1.066325,1.063787,1.083126,1.077024,1.072953,1.044417,1.06028,1.054925,1.077739,1.082622,1.063549,1.061039,1.051161,1.079745,1.054585,1.101791,1.067895,1.067759,1.061455,1.079168,1.084603,1.059744,1.079994,1.061134,1.072146,1.093475,1.061181,1.060065,1.14123,1.040023,1.117411,1.076538,1.051261,1.074472,1.042232,1.062185,1.075208,1.085664,1.00628,1.063827,1.07239,1.080615,1.065619,1.076808,1.060278,1.080772
2010-08-31,0.907475,0.934139,0.920756,0.907266,0.927847,0.92993,0.941106,0.913435,0.936167,0.875285,0.892368,0.903261,0.891161,0.9127149999999999,0.917596,0.930131,0.890019,0.920848,0.927694,0.880548,0.909738,0.957942,0.911606,0.920358,0.925872,0.904364,0.923414,0.945148,0.889957,0.904657,0.910035,0.96328,0.919928,0.944596,0.953819,0.926538,0.948912,0.925731,0.962988,0.897545,0.944893,0.910527,0.919552,0.928219,0.911031,0.930375,0.934855,0.957987,0.914229,0.873358,0.935185,0.953455,0.9513510000000001,0.937,0.919944,0.948172,0.983175,0.933876,0.952578,0.954991,0.956555,0.961211,0.929196,0.9675549999999999,0.960058,0.962146,0.9330309999999999,0.96341,0.953688,0.882908,0.938148,0.865062,0.93703,0.974746,0.987377,0.977113,0.958976,0.9161090000000001,0.988708,0.964016,0.93338,0.9194640000000001,0.956859,0.952615,0.974692,0.97167,0.937425,0.97143,0.965968,0.962699,0.9098390000000001,0.923075,0.996581,0.914737,0.987158,0.91031,0.965749,0.968927,0.958569,0.953594
2010-09-30,1.124895,1.102598,1.08949,1.104611,1.090171,1.090842,1.061036,1.086196,1.14432,1.135433,1.121469,1.130784,1.107782,1.174106,1.082334,1.128671,1.114724,1.03708,1.109531,1.151653,1.1304400000000001,1.123543,1.150466,1.099833,1.126441,1.124028,1.147856,1.124773,1.109283,1.134054,1.181963,1.134507,1.126404,1.123626,1.116316,1.098628,1.1222,1.137064,1.098746,1.178367,1.137416,1.135203,1.124182,1.128058,1.152487,1.127693,1.120543,1.107048,1.149319,1.12633,1.129192,1.14371,1.119237,1.123939,1.130265,1.125579,1.100712,1.112382,1.166778,1.114478,1.104519,1.081347,1.116784,1.097363,1.09501,1.107733,1.093355,1.110276,1.108281,1.117736,1.09913,1.145936,1.129351,1.095238,1.076204,1.091501,1.115621,1.136347,1.108743,1.12027,1.123029,1.091008,1.092104,1.09187,1.117619,1.093581,1.110673,1.103357,1.112802,1.093161,1.057529,1.094653,1.071656,1.093196,1.086801,1.076908,1.079667,1.079986,1.106818,1.078562
2010-10-31,1.040414,1.064171,1.025388,1.050355,1.051861,1.061417,1.046458,1.038802,1.073036,1.0216210000000001,1.060469,1.056682,1.05892,1.051728,1.053774,1.069334,1.047796,1.060059,1.057302,1.062218,0.996025,1.057445,1.048315,1.055496,1.014572,1.087935,1.053356,1.030266,1.059285,1.054516,1.007607,1.033804,1.04013,1.033463,1.046718,1.025728,1.041813,1.030107,1.06168,1.010301,1.018921,1.056752,1.027979,1.061247,1.003707,1.038018,1.035939,1.059694,1.019115,1.076435,1.016762,1.067706,1.038197,1.03229,1.050926,1.056708,1.039158,1.034326,1.017677,1.039082,0.943159,1.02234,1.030039,1.015973,1.039085,1.037637,1.051611,1.005128,1.016898,0.996502,1.006714,1.016706,1.040922,1.042768,1.043924,1.016722,1.022336,1.048317,1.05766,1.048241,1.039085,1.019384,1.06243,0.989789,1.059029,1.022695,1.022246,1.047299,1.023841,1.048147,1.053317,1.048501,0.996725,0.994193,1.032042,1.033754,1.054918,1.04565,1.037947,1.059418
2010-11-30,1.025992,1.030866,1.036249,1.010037,1.041618,1.009692,0.997558,1.007044,0.992838,1.037599,1.040436,1.056668,1.025388,1.047532,1.03981,1.062515,1.017167,1.03719,1.048097,1.055816,1.037487,1.042393,1.000333,1.0210919999999999,1.054329,1.056971,1.029298,1.048321,1.039844,1.036858,1.051409,1.007257,1.053374,1.058427,1.03005,1.04235,1.024842,1.045096,1.062291,1.030492,1.011251,1.032038,1.059869,1.041447,1.028722,1.048761,1.055169,1.017404,1.067414,1.067053,1.042312,1.084239,1.03931,1.060322,1.010263,1.029557,1.048342,1.025171,1.036966,1.026097,1.044474,0.997672,1.012823,1.024057,1.008555,1.0246,1.036887,1.042948,0.997539,1.03473,1.004825,1.046423,1.060106,1.027299,1.036965,1.006475,1.02942,1.035905,1.036743,1.025534,0.963908,0.978283,1.015153,1.043406,1.039723,0.983279,1.000255,1.011439,1.048955,1.015565,1.011553,1.011331,0.984892,0.984899,0.99169,0.95789,0.98182,1.019339,0.999499,0.9744
2010-12-31,1.115567,1.085748,1.096814,1.103187,1.035351,1.055726,1.055671,1.054071,1.007137,1.095256,1.103214,1.114542,1.057045,1.078205,1.075415,1.056686,1.08072,1.117078,1.062553,1.066859,1.119886,1.105857,1.098699,1.072638,1.077809,1.055816,1.053496,1.0633110000000001,1.069592,1.075285,1.094798,1.092417,1.076112,1.083008,1.057319,1.083535,1.040843,1.075398,1.048669,1.086699,1.087634,1.118847,1.088404,1.09903,1.101766,1.078016,1.064871,1.058769,1.038426,1.070981,1.093616,1.078643,1.077471,1.074988,1.0682719999999999,1.062299,1.047395,1.057761,1.1026880000000001,1.085031,1.118491,1.047581,1.103278,1.078965,1.103926,1.061013,1.082413,1.081019,1.068978,1.075485,1.128222,1.100818,1.076942,1.049268,1.0652949999999999,1.045909,1.072055,1.064537,1.024925,1.060443,1.165776,1.1282269999999999,1.063649,1.078428,1.061203,1.047338,1.072593,1.05948,1.052152,1.036436,1.13082,1.081263,1.047319,1.1203,1.051557,1.082278,1.077727,1.051771,1.05226,1.049766
2011-01-31,1.019846,1.003942,0.989771,0.990102,0.972679,0.979348,1.00074,0.973606,0.990086,1.009318,0.970211,0.984065,0.956027,0.979103,0.984027,0.982066,0.97329,0.9605,0.952783,0.934347,0.984473,1.012069,1.003435,0.989028,1.011774,0.986883,0.990201,1.03587,1.029651,1.026556,1.013006,1.031224,0.994112,1.030349,1.011114,0.993307,0.999168,0.991628,1.031222,1.0165,1.011327,0.991658,1.013356,1.016508,1.002389,1.028629,1.001596,0.990501,0.996063,0.994285,1.059729,1.038366,1.018274,1.032099,1.018148,1.040523,1.003269,1.012432,1.015512,1.010219,1.030466,1.000129,1.045897,1.017764,1.01107,1.029503,1.039672,1.008203,1.016665,1.003498,1.024441,1.009633,1.045202,1.051861,0.996739,1.01972,1.041969,1.023014,0.997822,1.033362,1.066692,1.044624,1.017247,0.989827,1.027251,1.009195,1.027087,1.018028,0.990658,1.001241,1.045944,1.050768,0.988378,1.052014,1.044357,1.032716,1.019605,1.025501,1.013462,1.016975
2011-02-28,1.048423,1.02492,1.051863,1.042888,1.017224,1.054722,1.022489,1.054619,1.027147,1.058376,1.054483,1.072223,1.029196,1.067508,1.057853,1.036548,1.053062,1.033669,1.033465,0.999219,1.095534,1.045542,1.063442,1.048187,1.087154,1.091598,1.033664,1.040523,1.058107,1.055098,1.046241,1.092206,1.032027,1.051722,1.054938,1.071293,1.048169,1.053965,1.014792,1.030576,1.089699,1.039559,1.080361,1.038266,1.051467,1.057272,1.07369,1.033519,1.030345,1.042181,1.050574,1.125282,1.050549,1.043679,1.029243,1.049066,1.073921,1.026142,1.072433,1.041029,1.014482,1.027797,1.063482,1.043801,1.026452,1.020637,1.019835,1.046281,1.05909,1.021742,1.043553,1.01538,1.067982,1.057237,1.036444,1.023189,1.030729,1.047199,1.042355,1.038303,1.071837,1.039257,1.074989,1.02973,1.017141,1.022138,1.033947,1.031988,1.056636,1.036835,0.998167,1.008688,1.054032,1.054312,1.059673,1.004607,1.04796,1.023155,1.023644,1.022921
2011-03-31,1.006097,1.010734,1.029472,1.031073,1.015047,0.997462,0.979592,0.998177,1.066865,0.995505,1.045219,1.0535,0.990765,1.04313,1.019823,1.04238,1.022165,1.020121,1.024028,0.998952,1.038218,1.013348,1.021387,1.029059,1.046981,1.040696,0.998037,1.054642,1.056393,1.026252,1.048223,0.980338,1.034555,1.026279,1.028921,1.025259,1.033631,1.01061,1.051671,0.997833,1.012888,0.981461,1.043466,1.004384,1.039734,1.015337,1.039098,1.03137,1.041298,1.096254,1.017339,0.984249,1.014259,1.026268,1.036734,1.040023,1.059127,1.030756,1.069728,1.05128,0.988514,1.010106,1.004764,1.019076,1.01242,1.024275,1.04089,1.032987,1.024675,1.023652,1.023831,0.969903,0.982508,1.031148,1.002598,1.037475,1.057128,1.028028,1.041176,1.027877,0.984686,1.005206,0.996379,1.021041,1.007014,0.997686,1.014178,1.0273349999999999,1.026594,0.999659,0.955528,0.967597,0.980581,0.97806,1.005781,0.991626,1.001309,0.999916,1.000747,1.00827
2011-04-30,0.996617,1.009233,1.027476,1.003814,0.994938,1.012184,1.009936,0.981091,1.017074,0.999495,1.034305,1.008286,1.029379,1.025982,1.016921,1.028064,0.99082,0.999621,1.027046,0.978189,1.027349,1.00273,1.018068,1.024983,1.013702,0.990838,1.001298,1.000936,1.016869,1.012659,1.041717,0.997684,1.025883,1.013518,1.038372,1.053482,1.028287,1.059106,0.999962,1.019483,1.0039,1.029937,1.055668,1.012809,1.034444,1.040431,1.028709,1.042758,1.062876,1.023503,1.001773,1.01777,1.053021,1.049403,1.048019,1.046171,1.009972,1.022216,1.045283,1.061702,1.006958,1.027378,1.022752,1.020301,1.04619,1.029158,1.015233,1.028284,1.03031,1.084616,0.998614,1.030971,1.010221,1.01625,1.020985,1.044394,1.02393,1.026268,1.035293,1.0348,1.009933,1.002312,1.017329,1.066122,1.006508,1.045983,1.04684,1.036147,1.038292,1.047601,1.028072,1.011263,1.025808,1.01238,1.046707,1.016923,1.026171,1.032912,1.033746,1.037203
2011-05-31,0.980977,0.98211,0.976065,0.947449,0.96174,0.970699,0.983984,0.956885,0.943205,0.974766,0.977341,0.975205,0.981216,0.978347,0.965381,0.963793,0.99819,0.968637,1.006663,0.953319,0.9253709999999999,0.964783,0.9395249999999999,0.97854,0.971479,0.97707,0.986922,1.029131,0.944596,0.998315,0.977475,0.989888,0.972862,0.998961,0.990222,0.993163,1.009641,1.016024,0.981084,1.014973,0.973997,1.001215,0.963071,0.963634,0.962051,0.96868,0.973348,0.969252,1.016509,0.962747,0.996376,0.993877,0.98151,0.947438,0.987919,0.986519,0.990605,0.983772,0.988918,1.005611,0.969916,0.975001,0.968935,0.981656,0.983083,0.991005,1.022387,0.989337,0.99841,0.950344,0.975536,0.983157,0.960022,1.011322,1.004732,1.006933,0.99421,0.988468,1.005549,1.01759,0.975802,0.973032,0.98799,0.997125,0.967431,1.025635,1.003819,0.973243,0.992316,1.027413,0.907803,0.966413,0.98179,0.97189,1.004151,0.986325,0.981699,0.985636,0.989539,1.006568
2011-06-30,0.956921,0.992246,0.988948,1.015782,0.989594,0.995619,0.99668,0.977917,0.969781,0.970091,0.939755,0.987805,0.978078,0.954558,0.979496,0.985379,0.96258,0.995484,0.932775,0.971291,0.934706,0.964338,0.978491,0.988791,0.985812,0.99588,0.997194,1.011915,1.017682,0.998897,0.999055,0.97807,0.972302,0.999064,0.989264,1.001581,1.022852,0.987168,1.008139,1.021309,0.9520150000000001,0.952272,0.980583,0.980428,0.980758,0.98955,0.990035,0.965698,0.997381,1.001272,0.97416,0.968878,0.982213,0.976946,0.981775,0.990341,0.995649,1.007465,1.001532,0.978288,0.937684,0.940828,0.994018,0.980416,0.985556,0.985831,0.996235,0.982966,0.973023,0.96316,0.959177,0.952068,0.97286,0.981556,0.971551,0.993488,0.983596,0.998985,0.985844,0.993783,0.95925,0.951623,0.967077,0.975058,1.00102,1.010144,0.991314,1.003432,0.991518,0.97528,0.990183,0.953804,0.981706,0.973316,0.975908,0.967954,0.979772,0.988825,0.986444,1.000582
2011-07-31,0.960366,0.985727,0.987683,0.992735,0.974607,0.990478,0.993953,1.017668,0.965881,0.947072,0.957172,0.969943,0.98042,0.959066,0.992529,0.997384,0.955483,1.003531,0.989423,0.950576,0.94786,0.936638,0.944295,0.961592,0.974375,0.95881,1.025342,0.956527,0.926045,0.977451,0.933156,0.9412739999999999,0.9934499999999999,0.932908,0.975364,0.967589,0.986817,0.945407,1.001623,0.956049,0.931236,0.967428,0.92711,0.941864,0.937437,0.967703,0.953472,0.97394,0.962292,0.991861,0.950311,0.959682,0.955337,0.949845,0.957496,0.996485,0.956164,0.98616,0.950256,0.935303,0.99292,0.955769,0.958217,0.9678910000000001,0.946337,0.948895,0.940466,0.980956,0.955939,0.994734,0.961548,0.940275,0.957423,0.985748,0.986786,0.960365,0.965066,0.974916,0.9651730000000001,0.965882,1.077264,0.941665,0.929335,0.957253,0.988117,0.941334,0.98622,0.969223,0.946786,0.975031,0.978854,0.938866,1.002516,0.958766,0.984144,1.010293,0.975363,0.977472,1.012247,1.016711
2011-08-31,0.862924,0.919357,0.933111,0.920003,0.902614,0.894934,0.915855,0.945694,0.87748,0.889975,0.85781,0.903501,0.905248,0.909457,0.893754,0.92466,0.920081,0.911452,0.920676,0.893969,0.856881,0.9021049999999999,0.899559,0.911742,0.9245019999999999,0.916153,0.928785,0.901877,0.931133,0.896263,0.8886229999999999,0.901784,0.910107,0.930466,0.938377,0.907877,0.933638,0.932076,0.890721,0.887093,0.912529,0.89394,0.9092629999999999,0.925825,0.92852,0.969187,0.906266,0.942172,0.88216,0.907822,0.8981790000000001,0.905649,0.897682,0.905478,0.9233830000000001,0.909339,0.91387,0.922695,0.905833,0.932698,0.860279,0.945033,0.929689,0.8949860000000001,0.918135,0.941741,0.943736,0.888942,0.947827,0.932845,0.953016,0.876143,0.94329,0.933226,0.943352,0.9281699999999999,0.95085,0.917222,0.945514,0.914531,0.932472,0.916946,0.889042,0.941897,0.944089,0.955406,0.947135,0.955445,0.938758,0.947564,0.882578,0.903151,0.860581,0.93264,0.914574,0.941645,0.962166,0.956614,0.956975,0.970454
2011-09-30,0.87244,0.900272,0.923034,0.904963,0.909692,0.9293,0.8931560000000001,0.896277,0.916425,0.876383,0.873677,0.884248,0.903885,0.871747,0.892922,0.896493,0.9158310000000001,0.898702,0.877242,0.880673,0.869964,0.9089929999999999,0.875916,0.867071,0.893601,0.90402,0.876491,0.896727,0.933007,0.870082,0.877509,0.889201,0.8760209999999999,0.899975,0.903351,0.908991,0.897851,0.914812,0.868819,0.860286,0.857325,0.888499,0.890944,0.877363,0.9319500000000001,0.900323,0.889085,0.87185,0.893056,0.853606,0.91656,0.899038,0.851956,0.883904,0.857907,0.882144,0.866762,0.913945,0.9015880000000001,0.873753,0.905936,0.880648,0.899348,0.889972,0.882975,0.900869,0.868881,0.898869,0.899321,0.880116,0.895105,0.89033,0.9372320000000001,0.9313400000000001,0.936011,0.851056,0.899128,0.90175,0.925293,0.881474,0.940743,0.892711,0.872298,0.886776,0.914354,0.936292,0.909809,0.91776,0.917812,0.928454,0.866561,0.903639,0.8680950000000001,0.912036,0.912056,0.945595,0.956482,0.941809,0.9657830000000001,0.932408
2011-10-31,1.10351,1.095523,1.125544,1.10265,1.080796,1.09027,1.118956,1.0993249999999999,1.094771,1.123951,1.138562,1.169635,1.150673,1.193099,1.174883,1.1662219999999999,1.106976,1.15883,1.177076,1.065292,1.132531,1.178141,1.216387,1.170238,1.170273,1.131805,1.134121,1.162703,1.146019,1.134851,1.148773,1.1688990000000001,1.106075,1.174167,1.131017,1.137352,1.177726,1.135701,1.1979250000000001,1.148725,1.1592500000000001,1.16748,1.149829,1.116536,1.133597,1.1278190000000001,1.19034,1.179891,1.158906,1.158572,1.162909,1.152905,1.1890800000000001,1.19298,1.156538,1.145153,1.147368,1.096278,1.1385049999999999,1.16957,1.121109,1.142769,1.136131,1.150814,1.1349420000000001,1.1576089999999999,1.1496629999999999,1.136811,1.159136,1.179307,1.10842,1.1879870000000001,1.122714,1.152801,1.109391,1.181405,1.117734,1.101615,1.112177,1.147499,1.035084,1.133073,1.223599,1.126283,1.120764,1.107161,1.106758,1.118922,1.1341350000000001,1.055154,1.124829,1.146905,1.193482,1.117406,1.163982,1.106037,1.072528,1.100975,1.088639,1.092714
2011-11-30,0.952382,1.005979,0.979846,1.001552,0.9709,0.982897,0.989894,1.044726,0.993698,0.977992,0.996505,0.976394,0.988505,1.005252,0.995608,1.009823,1.035968,1.00418,0.962857,0.957966,1.004551,0.990786,0.988213,1.049678,0.978326,0.998022,0.99995,1.009506,0.9713,0.969646,0.955965,1.014504,0.996273,1.012254,1.013561,1.012278,1.012572,1.01884,0.995193,1.005497,0.929902,0.981345,0.986692,0.96829,1.029125,1.006328,0.977352,0.997558,0.949306,1.003568,0.994064,1.01319,1.020353,1.025259,1.001423,1.024923,1.01507,1.019592,0.980685,0.987491,1.097072,1.024837,0.988017,1.001397,0.975632,1.013906,0.99612,0.993748,1.017896,0.9681379999999999,0.995729,0.938225,0.99563,1.004511,1.009803,1.017519,0.978885,0.99752,1.007629,0.992591,0.909586,0.989598,0.990695,0.983735,1.010084,0.981256,0.985656,0.99165,1.014275,1.002213,0.944107,0.956935,0.959003,0.986422,0.988451,1.017014,1.006443,1.002741,0.98869,1.020768
2011-12-31,1.000103,1.023987,1.012483,1.029204,1.026132,0.999459,1.009671,1.004615,1.030577,1.046821,0.994693,1.003074,1.029345,1.012463,1.015043,1.027673,0.996393,1.013193,1.017001,1.006764,0.989151,1.009266,0.990495,1.000124,1.011346,1.02101,0.999224,1.015758,1.007696,1.002365,1.010857,1.014379,1.0213969999999999,1.004948,0.990178,1.005469,1.004776,0.996987,0.981894,0.984522,1.024945,0.986151,1.008733,1.015417,1.009932,1.003449,0.977176,0.999232,1.027114,0.98668,1.004924,0.996034,0.992588,0.989117,1.023305,1.011846,0.978534,0.984187,1.013208,0.976251,0.986993,0.988285,1.000844,1.020825,0.999809,1.005641,1.004161,0.97826,0.981375,0.975456,1.028266,0.935106,1.005785,1.002271,1.000623,0.986042,0.988462,1.00267,0.998958,1.006105,0.960992,0.964496,0.970503,1.004351,0.996898,1.00676,0.988931,0.989678,0.972814,1.032017,0.995281,0.978752,0.955095,1.032603,0.994193,1.042432,1.025472,1.00712,1.017815,1.007714
2012-01-31,1.100101,1.067833,1.077022,1.063682,1.062228,1.090361,1.075114,1.065498,1.09487,1.066079,1.132272,1.068597,1.066933,1.093122,1.086287,1.054785,1.076014,1.070796,1.10343,1.055587,1.0915,1.077143,1.059893,1.05034,1.044535,1.065645,1.091893,1.059385,1.056685,1.077667,1.077684,1.075971,1.062934,1.06872,1.06886,1.046157,1.040298,1.053258,1.017362,1.128003,1.088279,1.081441,1.049279,1.06886,1.065511,1.055128,1.064316,1.026285,1.093361,1.057018,1.05915,1.019327,1.067947,1.103278,1.054886,1.059123,1.064073,1.033554,1.105464,1.067155,1.068678,1.013213,1.072585,1.072695,1.059521,1.031213,1.067211,1.049181,1.076333,1.080662,1.110326,1.120155,1.018863,1.052097,1.03754,1.009651,1.056101,1.053217,1.060865,1.107947,1.004046,1.073383,1.069997,1.0679669999999999,1.069092,1.048656,1.064207,1.039302,1.070829,1.039806,1.082328,1.07571,1.044292,1.065183,1.084123,1.004563,1.018993,1.020596,1.066398,1.059734
2012-02-29,1.040075,1.021813,1.021953,1.007767,0.998195,1.035806,1.027351,1.045558,0.992753,1.012353,1.01414,0.996702,1.006101,1.012882,1.009496,1.005403,0.993441,0.981394,1.063869,1.007395,1.075355,1.035761,1.022807,1.044892,1.011993,1.021257,0.999144,1.0442,1.005651,1.042063,1.041068,1.039175,1.039911,1.020172,1.034805,1.050712,0.991884,1.036775,1.006751,1.054879,1.021697,1.036117,1.016186,1.042703,1.027555,1.008135,1.038436,1.065967,1.004057,1.057564,1.060322,1.074283,1.012847,1.033418,1.036228,1.033597,1.05516,1.05338,1.063014,1.036719,1.072756,1.018356,1.041259,1.038668,1.041798,1.030728,1.032089,1.05391,1.0592,1.076887,1.073482,1.062567,1.048588,1.032855,1.040603,1.029762,1.058859,1.070534,1.057405,1.013955,1.082668,1.044879,1.074542,1.048659,1.022606,1.022917,1.067884,1.03406,1.049019,1.020571,1.16368,1.040625,1.059084,1.06382,1.03225,1.027156,1.047811,1.029757,1.068466,1.044417
2012-03-31,1.054221,1.055982,1.058559,1.027115,1.029576,1.023081,1.057972,1.065658,1.015663,1.043257,1.006452,1.026861,1.035076,1.068621,1.01172,1.027798,1.06157,1.029257,1.020519,1.031031,1.016413,1.022331,1.019943,1.020311,1.023459,1.053101,1.024331,1.002722,1.015699,1.000745,1.051177,1.04676,1.021882,1.01503,1.027562,1.003805,1.0542,1.030621,0.977277,1.021342,1.056125,1.020805,1.035145,1.016029,1.0189,1.008956,1.031952,1.027253,1.043231,1.021052,1.010376,0.986458,0.989003,1.025014,0.98809,1.022063,1.025785,1.0092,0.985106,0.99762,1.053728,0.996381,1.035479,1.020913,0.998988,1.027122,1.036608,0.977916,1.014612,1.020264,1.005284,1.028018,1.056858,1.011716,1.030496,0.993787,1.010814,0.989201,1.051537,1.001945,0.975501,1.029543,1.033692,1.03941,0.998028,1.030785,1.021507,1.03056,1.02028,1.026689,1.055099,1.042129,0.981119,1.055262,1.05066,1.028207,1.031686,1.01947,1.064656,1.025326
2012-04-30,0.981514,0.995631,1.024095,0.994505,0.99288,0.979454,0.999677,0.985883,1.008307,0.943187,0.955752,0.964865,0.985564,0.975715,1.002667,0.973085,0.992838,0.973157,1.014821,0.979067,0.975884,0.957001,0.992643,0.999141,0.96609,0.981035,0.975154,0.976217,0.983766,0.980853,0.987042,1.013931,0.99551,0.97899,0.995194,0.993404,0.972597,0.979662,0.993105,1.005396,0.978149,0.984212,0.977342,0.974948,0.982051,0.997835,0.994816,1.045453,0.982084,0.9572309999999999,0.978758,0.970174,1.005534,0.94742,0.999572,1.008388,0.991403,0.988545,0.978924,0.992481,1.051429,0.954767,0.970949,1.00095,1.016333,1.007205,0.982312,0.982806,0.987076,0.975298,0.971794,0.963514,0.994324,0.999498,1.008479,1.020093,0.995015,0.988762,0.996982,1.001077,1.04712,0.970911,0.970972,1.011888,0.990825,0.988636,0.992342,0.983328,1.006229,1.012467,1.103795,0.959203,1.010235,0.97704,0.96068,0.991944,1.008515,0.992922,0.992285,1.005337
2012-05-31,0.933674,0.978463,0.929534,0.938284,0.948566,0.924274,0.951633,0.959529,0.936368,0.933554,0.912936,0.922095,0.951208,0.918339,0.896336,0.951253,0.953551,0.9314169999999999,0.864403,0.933939,0.953284,0.909077,0.925193,0.9256409999999999,0.945377,0.91177,0.93174,0.957666,0.951899,0.930024,0.938351,0.942341,0.933567,0.919478,0.965262,0.946407,0.972069,0.969629,0.923767,0.939014,0.892943,0.917863,0.965486,0.931473,0.9331430000000001,0.933356,0.937268,0.964371,0.925168,0.919753,0.928598,0.927179,0.897365,0.906501,0.938398,0.9313670000000001,0.917574,0.980139,0.904806,0.933107,0.97192,0.966646,0.90647,0.938989,0.908834,0.92849,0.937637,0.923418,0.9225490000000001,0.888238,0.914633,0.88157,0.91871,0.9013059999999999,0.946818,0.925126,0.951488,0.915297,0.960393,0.923777,1.160577,0.920606,0.900545,0.93385,0.938716,0.943194,0.923644,0.942523,0.928114,0.9361349999999999,0.857479,0.899673,0.922552,0.953176,0.881169,0.951172,0.962436,0.944489,0.964769,0.929485
2012-06-30,1.057802,1.042695,1.056594,1.085166,1.028497,1.054501,1.054099,1.089989,1.091459,1.063103,1.087664,1.056672,1.032815,1.02425,1.074878,1.068349,1.026075,1.082818,1.035063,1.0532,1.135531,1.027763,1.05798,1.050318,1.045522,1.032506,1.028901,1.055892,1.037502,1.051585,1.068875,1.040663,1.050459,1.00448,1.031041,1.06059,1.047155,1.026512,1.080585,1.026264,1.069071,1.062137,1.033911,1.024724,1.052614,1.045041,1.02332,1.010752,1.058941,1.023479,1.098111,1.031221,0.978883,1.011998,1.029596,1.019466,1.008017,1.021745,1.07544,1.031021,1.06751,1.039379,1.026317,1.026502,1.010895,1.00881,1.027843,0.999164,1.01636,0.978125,1.008396,1.054394,1.028008,1.045344,1.037524,1.023619,0.992311,1.036306,1.008131,1.001338,0.993624,1.03758,1.039403,1.045153,1.009752,1.03048,1.024922,1.034412,1.015004,1.035418,1.099726,1.043356,1.054251,1.051724,1.024414,1.041647,1.036782,1.067884,1.019694,1.035464
2012-07-31,0.988739,0.992872,0.986631,0.972989,0.974656,0.974384,0.986291,0.982663,0.991314,0.917561,0.962115,0.976949,1.008976,0.94296,0.986269,0.98758,0.973594,1.00385,1.000436,0.976763,0.946834,0.97828,0.973694,0.983337,0.99408,1.005677,1.024723,0.972929,1.017916,0.955535,0.951277,0.963056,0.970804,0.994583,1.006807,0.988675,1.028271,0.990707,1.01739,0.975298,0.961413,0.956964,0.996388,0.992461,0.98634,0.95642,1.010872,0.971428,0.875666,1.000761,0.926043,0.975592,0.99755,1.018064,1.013701,0.9652229999999999,1.032473,1.012368,1.008871,0.977097,0.973324,1.002761,0.989955,0.992754,0.982703,1.021619,1.033807,0.988874,1.003287,0.952746,0.958501,0.952702,1.007611,0.986536,1.014219,1.0406,1.024046,0.983632,0.951186,1.012536,1.058193,1.001368,0.995517,0.995477,1.014695,0.996846,1.026226,0.992143,1.009909,1.003648,0.974447,1.000086,1.014476,1.000996,1.018821,1.020415,1.024716,1.020972,1.009643,1.013774
2012-08-31,1.036557,1.041298,1.012056,1.01656,1.012308,0.988445,1.054289,1.000187,0.995008,1.00228,1.026779,1.023543,1.033195,1.041027,1.042365,1.028474,1.0243929999999999,1.000908,1.05617,1.011202,1.028538,1.057303,1.019952,1.055355,1.03082,1.059111,1.007744,1.013575,1.042907,1.027627,0.984211,1.05475,1.009103,1.037619,1.02507,1.045462,1.019235,1.028415,1.043906,1.002856,1.075095,1.034338,1.06296,1.037495,1.040205,1.040892,1.074967,1.04366,1.046777,1.029102,1.105039,1.081197,1.049603,1.017437,1.049529,1.030671,1.009271,1.048193,0.996972,1.025274,1.071459,1.067826,1.033622,1.026933,1.027927,1.045245,1.051233,1.044399,1.032347,1.044678,1.014217,1.057416,1.052004,1.052943,1.014499,1.013531,1.045652,1.008482,1.077827,1.027693,1.046855,1.018817,1.038208,1.033789,1.007967,1.029834,1.025261,1.023509,1.027167,1.070338,1.097857,1.03762,1.047052,1.036997,1.044323,1.01173,1.005394,1.010278,1.038227,0.996274
2012-09-30,1.052209,1.043979,1.040111,1.048297,1.054459,1.065694,1.044678,1.056903,1.015802,1.046722,1.055972,1.037964,1.059588,1.032376,1.036137,1.046949,1.031548,1.052264,1.021819,1.012973,1.077125,1.0409,1.020437,1.00949,1.040036,1.06127,1.077099,1.072992,1.072227,1.051291,1.043926,1.021972,1.01271,1.04396,1.034872,1.042749,1.037201,1.026476,1.017937,1.06398,1.011822,1.010814,0.992727,1.04542,1.035358,1.025844,1.03121,1.013169,1.029245,0.985709,1.026386,1.037929,1.024601,1.021344,1.036164,1.02629,1.029312,1.050839,1.045082,1.008226,1.032804,0.99685,1.045234,1.038942,1.011468,0.993434,1.023685,1.026272,1.009484,1.013473,1.054311,1.051554,1.009566,1.018346,1.007771,1.027473,1.01642,1.021347,1.028876,1.018557,1.033744,1.020952,1.027533,1.01756,1.028535,1.027981,1.021314,1.016538,1.017808,1.017318,0.955141,1.060474,1.048252,1.041678,1.058619,1.027188,1.036806,1.017959,1.001605,1.02882
2012-10-31,0.946377,0.989283,0.986491,0.977992,0.997542,0.9728,1.004458,0.980847,0.960542,1.007594,0.936543,0.976182,0.9906200000000001,0.954127,0.972474,0.998278,0.961025,0.95919,0.994871,0.928077,0.956693,0.978516,0.977313,1.009967,0.986642,0.990806,0.974527,0.975297,0.952124,0.952919,0.917753,0.953954,0.994217,0.989277,0.983614,0.987308,0.977307,1.005673,0.955066,0.998384,0.988645,1.0087,1.046618,1.006642,0.992068,0.986618,0.983357,0.965215,1.011721,0.962089,0.979054,0.987504,1.013273,0.977997,0.97346,1.000753,0.962461,1.021978,0.977583,0.983637,0.981707,1.011295,1.036351,0.953726,1.000004,0.966113,0.990307,0.977318,1.02133,1.026795,1.009877,0.994594,1.000851,0.986781,0.991434,0.989968,0.986515,1.016886,0.998181,1.022906,0.967663,0.976972,0.980219,0.96386,0.980518,0.982632,1.003329,0.987633,0.988181,0.975878,1.065264,1.028037,0.99597,0.955933,0.960412,1.007588,0.991208,0.988535,0.948975,0.982791
2012-11-30,0.992829,0.990416,0.989574,0.99872,1.000074,0.982972,0.994298,0.986217,0.962919,1.001352,1.015614,1.023662,1.032284,1.041277,1.008678,1.000058,1.00722,0.967073,1.033967,1.00885,0.992644,1.016473,0.998423,1.020435,1.001564,1.000618,1.024708,1.017926,1.009961,1.016759,1.006192,0.971264,1.007005,1.008847,1.008536,1.018042,1.02912,1.002005,1.005884,0.977076,1.045549,0.995572,1.003767,0.997176,1.009705,1.042078,1.025767,1.040188,1.04701,1.089034,1.022917,1.00531,1.015047,1.028609,1.009251,1.021128,1.019798,1.033217,1.034897,1.035812,1.008433,1.032312,0.9981,1.011949,1.056674,1.028357,1.015984,1.038433,1.009911,1.04191,1.012101,0.97063,1.014416,0.9821,1.020496,1.038629,1.047704,0.987969,1.027542,1.028357,1.110779,1.015476,1.013151,0.999641,1.006438,1.020629,0.999043,0.996089,1.024123,1.017058,0.948468,0.997205,1.031022,1.022251,1.030695,1.007385,0.99666,0.993104,0.998302,1.004878
2012-12-31,1.006374,1.030401,1.036731,1.023237,1.027191,1.000925,1.029015,1.03258,0.991941,1.01191,1.03786,1.07034,1.04195,1.048303,1.052249,1.042136,0.993661,1.098239,1.046336,1.05514,1.044694,1.057385,1.047008,1.036278,1.024651,1.052317,1.017889,1.035988,1.036665,1.026347,1.041983,1.036666,1.041754,1.032468,1.034272,1.031941,1.014783,1.030321,1.036234,1.036913,1.03052,1.03301,1.034255,1.036135,1.017474,1.041572,1.015779,1.039011,1.01716,1.05602,1.036323,1.010786,1.04308,1.042687,1.019225,1.026601,1.015074,1.017869,1.041719,1.027633,1.037678,1.011375,1.024979,1.046166,1.031841,1.030585,1.002708,1.020264,0.996967,1.029014,1.025103,1.018802,1.034058,1.056041,1.000971,1.051943,1.031401,1.032574,1.016162,1.032397,0.996437,1.039959,1.023434,1.032562,1.041328,1.024184,1.017988,1.019711,1.023325,0.999395,1.0655000000000001,1.052522,1.004202,1.011617,1.033394,0.985034,1.011781,0.996834,0.975893,1.000984
2013-01-31,1.089015,1.053562,1.079292,1.077719,1.043661,1.059596,1.08667,1.039222,1.020986,1.06222,1.05193,1.026686,1.058048,1.046825,1.044964,1.041514,1.078645,1.026117,1.067089,1.033139,1.07469,1.075196,1.064574,1.074279,1.042546,1.051149,1.050282,1.075787,1.102713,1.058731,1.093378,1.071794,1.06429,1.036114,1.051223,1.061009,1.058277,1.058645,1.094048,1.088638,1.075468,1.055108,1.062461,1.064143,1.078451,1.065229,1.062432,1.045206,1.042252,1.072308,1.057218,1.036868,1.05932,1.057595,1.071883,1.026374,1.074826,1.08316,1.097102,1.088459,1.098138,1.067525,1.072657,1.066122,1.086541,1.067691,1.071845,1.073973,1.083315,1.146034,1.096449,1.076836,1.072813,1.073601,1.082841,1.074715,1.081612,1.057639,1.045854,1.0626470000000001,1.042787,1.105301,1.045022,1.065592,1.07552,1.086151,1.062115,1.048927,1.056164,1.051533,1.071671,1.091272,1.061765,1.060302,1.035997,1.085858,1.061532,1.052289,1.001412,1.045764
2013-02-28,1.002703,1.016408,1.007982,1.004341,1.006394,1.008118,1.028768,0.996413,1.012415,1.028466,0.976625,1.001995,1.013789,1.006726,1.018349,1.011209,1.019758,1.047443,1.018756,1.009718,1.02129,1.008653,1.023245,1.021023,1.010353,1.022362,1.005862,1.012493,1.054368,0.989605,1.007012,1.032959,1.039398,0.989715,0.976733,1.029226,1.033445,0.998167,1.015699,0.978552,1.060725,1.034843,0.998338,1.002015,1.007619,1.006983,1.000698,1.007475,1.017016,1.001865,1.022338,1.012997,1.01425,0.987556,1.00907,1.000447,1.02806,1.010073,1.039982,1.021874,1.013364,0.975037,1.046223,1.026705,1.015529,1.024023,1.034305,0.998613,1.030778,1.021928,0.977638,1.009397,1.028099,1.003373,0.996508,1.014315,1.010753,1.009628,0.996266,1.035506,1.014644,0.989165,1.027807,1.028883,1.013004,1.017446,1.01667,1.013157,1.039684,0.9908,1.004758,1.024413,1.0119340000000001,1.012275,1.012714,0.997729,1.021566,1.016643,1.003231,1.009117
2013-03-31,1.061624,1.037127,1.029438,1.060472,1.066709,1.083398,1.047537,1.024888,1.065222,1.081922,1.055808,1.042223,1.060111,1.024232,1.047184,1.032305,1.065517,1.066065,1.0818699999999999,1.016978,1.05993,1.046328,1.037143,1.039891,1.035922,1.055743,1.038353,1.061529,1.027765,1.05615,1.068598,1.061562,1.044921,1.032076,1.047261,1.037111,1.032691,1.058671,1.059478,1.031347,1.007834,1.050001,1.025545,1.056675,1.03716,1.040161,1.037012,1.061461,1.088999,1.079242,1.033097,1.049284,1.029963,1.026968,1.046094,1.048206,1.020559,1.062695,1.059756,1.074744,1.044776,1.08298,1.026687,1.047957,1.062293,1.035016,1.036217,1.048844,1.045987,1.046611,1.075459,1.062381,1.045015,1.06049,1.030235,1.061738,1.01018,1.031203,1.029769,1.045727,1.078967,1.02303,1.033129,1.06896,1.053012,1.029034,1.027181,1.044285,1.039791,1.063085,1.02131,1.033167,1.054716,1.037458,1.032054,1.0269490000000001,1.047869,1.032133,1.033425,1.041307
2013-04-30,1.017222,0.996665,0.995168,0.993135,0.986795,1.013901,1.002747,0.975225,1.030077,1.029217,0.989789,0.985607,1.008643,0.986036,0.98904,1.013745,0.983856,0.99409,0.983592,1.017363,1.013412,0.975673,0.962514,0.947725,0.999754,0.9977,0.976713,0.990655,1.032788,0.98237,1.011089,0.99621,0.96967,0.971058,1.060767,0.998411,0.972276,0.985688,0.954123,0.972436,0.976523,0.98064,1.011907,0.984545,0.982406,1.011126,0.983495,1.017802,0.986462,1.013242,0.977469,0.985944,0.9934,0.985642,0.996563,1.025074,0.988515,0.970211,0.95951,0.992765,1.06157,1.016031,0.991668,0.976131,0.993346,0.973158,1.021087,1.00015,1.028352,1.026324,1.04222,1.016306,0.990548,1.025167,1.00153,1.021252,1.00786,0.982829,1.012283,1.017648,1.069628,0.995687,1.004153,1.017986,0.99618,1.008474,1.024753,1.011725,1.010959,1.045066,1.066976,1.022996,0.98098,0.993468,1.016942,1.018383,1.031171,1.019944,1.036235,1.010571
2013-05-31,1.042127,1.042253,1.046652,1.0313620000000001,1.058935,1.018558,1.033465,1.088039,1.048123,1.086932,1.050593,1.04507,1.085454,1.07184,1.040691,1.043899,1.071998,1.07824,1.071564,1.049225,1.109668,1.069289,1.074929,1.078887,1.050787,1.028597,1.040218,1.037305,1.031558,1.070992,1.051577,1.063831,1.051681,1.060631,1.048188,1.027143,1.049113,1.032969,1.018025,1.07141,1.004043,1.055682,1.055573,1.043455,1.069948,1.061419,1.047533,1.008742,1.055859,1.061263,1.080533,1.026343,1.033439,1.021832,1.01453,1.05914,1.057378,1.041952,1.082226,1.044512,1.10677,1.05291,1.047056,1.040814,1.06399,1.046685,1.043573,1.038428,1.042363,1.04437,1.009403,0.997292,1.022972,1.009348,1.044199,1.045905,1.034825,1.022562,1.016682,1.038613,1.023725,1.06953,1.039898,1.019986,1.007786,1.050555,1.002584,1.028655,1.017843,1.005437,1.073394,1.085289,1.017766,1.042023,1.037134,1.007361,1.001159,1.020271,1.03312,1.008271
2013-06-30,1.000205,1.01776,1.009251,1.036249,1.006638,1.009787,1.020019,1.038841,1.047715,0.986595,0.977184,1.023249,1.00516,1.004548,1.012151,1.002508,1.002492,0.991818,0.978116,0.997411,1.026727,0.975346,1.010075,0.983183,0.992188,1.042077,1.00508,1.002751,1.004017,1.035483,1.013372,1.000486,0.991658,0.980587,0.976083,0.995996,1.01088,0.991616,1.00391,0.998113,1.009837,1.010612,0.992536,1.009914,0.982909,0.997932,0.98859,0.969346,0.996272,1.000151,0.935546,0.974504,0.991475,1.000301,0.979065,1.007084,1.01092,0.9816549999999999,0.971058,0.98945,0.982048,1.000157,1.002568,0.988786,0.992723,0.996795,0.961956,0.987488,0.976697,0.966726,0.965855,0.969244,0.996892,0.968381,1.027713,0.998026,0.961606,0.95983,0.980316,0.978564,0.975398,1.020316,0.995743,0.994715,0.991681,0.996017,0.991877,0.998721,0.989987,0.99835,1.005398,0.961496,0.980665,1.003774,0.998893,1.000238,1.000264,0.984157,0.961641,0.978954
2013-07-31,1.075575,1.075653,1.050895,1.06397,1.074392,1.084526,1.102982,1.078744,1.088171,1.072295,1.079539,1.082982,1.080803,1.055354,1.094152,1.054161,1.072744,1.09609,1.124283,1.131036,1.095427,1.064937,1.055243,1.070294,1.073191,1.081721,1.063843,1.075839,1.084548,1.0920860000000001,1.063885,1.080346,1.051019,1.0655999999999999,1.066405,1.085191,1.077685,1.035313,1.057165,1.055484,1.0875029999999999,1.07912,1.077243,1.080974,1.073131,1.077771,1.059303,1.077285,1.064262,1.062348,1.102855,1.056703,1.0656349999999999,1.095991,1.098048,1.049276,1.051859,1.066845,1.081103,1.094313,1.095203,1.054242,1.059495,1.050801,1.091855,1.045599,1.058618,1.055348,1.073513,1.087221,1.059027,1.077897,1.059782,1.08195,1.0523,1.075294,1.073597,1.069951,1.06295,1.075561,1.098078,1.050458,1.043649,1.08843,1.047484,1.014144,1.067414,1.04673,1.055489,1.055425,1.111116,1.103115,1.063544,1.053591,1.032349,1.068609,1.052768,1.047885,1.048624,1.030318
2013-08-31,0.969311,0.967286,0.985396,0.966496,0.971442,0.964997,0.954302,0.984838,0.983776,0.924639,0.96684,0.988846,0.972832,0.96421,0.962636,0.979323,1.003431,0.981584,0.937836,0.963158,0.9667250000000001,0.974365,0.98484,0.954356,0.959685,0.947062,0.984048,0.991743,0.972981,0.983753,0.986993,0.963359,0.963569,0.966538,0.960682,0.963799,0.980003,1.019617,0.969059,1.051547,0.962757,0.968493,0.977764,0.9605,0.951558,0.975184,0.967199,0.954002,0.965871,0.967593,0.939175,0.967234,0.971051,0.992767,0.976506,1.000892,0.982482,1.015243,0.963727,0.951357,0.993144,0.95899,0.995196,0.944346,0.952898,0.966826,0.980366,0.961827,0.972061,0.988334,0.976879,0.952149,0.97017,0.97941,0.988189,0.978246,0.985043,0.976918,0.982041,0.992015,1.050636,0.995799,0.991753,0.963247,0.973914,0.964207,0.980892,0.973114,0.970247,0.9654739999999999,0.988,0.970774,0.961473,0.979036,0.95275,0.968557,0.959671,0.964884,1.00824,0.966551
2013-09-30,1.071343,1.06547,1.060877,1.060759,1.042962,1.043881,1.060526,1.034217,1.081324,1.051833,1.080785,1.09099,1.064982,1.074168,1.036138,1.043664,1.080788,1.03733,1.082189,1.062578,1.038955,1.063118,1.056886,1.060171,1.092469,1.066204,1.084827,1.099641,1.064365,1.082333,1.076469,1.060279,1.044173,1.073328,1.057916,1.040973,1.070698,1.061069,1.083369,1.058643,1.033148,1.071655,1.04895,1.042092,1.088069,1.039546,1.037024,1.071238,1.036164,1.038437,1.128073,1.033781,1.045089,1.043332,1.055311,1.063876,1.077579,1.073267,1.038698,1.053753,1.132623,1.037569,1.050205,1.027157,1.044046,1.068604,1.057213,1.05522,1.076049,1.053626,1.083175,1.063738,1.025979,1.048384,1.056965,1.069205,1.055513,1.032879,1.037239,1.052622,1.046657,1.040708,1.06454,1.042621,1.016845,1.03588,1.028417,1.036981,1.047625,1.050839,1.047373,1.053385,1.022299,1.037723,1.040673,1.026119,1.026943,1.03103,1.014304,1.034768
2013-10-31,1.000055,1.032212,1.028458,1.035149,1.034478,1.068981,1.04728,1.057882,1.01711,1.024922,0.970499,1.018266,1.022737,1.03989,1.021052,1.036145,1.05561,1.032087,1.048716,1.029896,0.982293,1.033661,0.999865,1.074993,1.043115,1.023847,1.07645,1.038072,1.025003,1.092562,0.941172,1.036264,1.010033,1.013345,1.026333,1.048728,1.021658,1.018105,1.063444,1.017682,1.016429,1.009922,1.017357,1.04872,1.053909,1.05227,1.077568,1.050586,1.030662,1.052325,0.997775,0.986318,1.056135,1.039132,1.030601,1.057108,1.046018,1.039228,1.033319,1.067523,0.971406,1.030324,1.039556,1.038327,1.021197,1.053558,1.031916,1.032311,1.045416,1.061076,1.016174,1.01825,1.034001,1.009693,1.018293,1.045962,1.04572,1.031244,1.048032,1.03985,0.974205,1.066708,1.012586,1.026597,1.006683,1.036745,1.030704,1.044849,1.043025,1.031616,1.050343,1.029474,1.024152,1.045481,1.073198,1.048449,1.050185,1.03633,1.06386,1.045731
2013-11-30,1.06296,1.053809,1.048389,1.042935,1.046009,1.039697,1.08045,1.120934,1.023042,1.045273,1.079085,1.058863,1.069684,1.066488,1.076798,1.049446,1.065669,1.067084,1.052587,1.067432,1.019984,1.046083,1.067243,1.058925,1.062181,1.010742,1.047753,1.006571,1.076735,1.049548,1.029944,1.028325,1.034426,1.058307,1.04849,1.050687,1.067145,1.063207,1.063889,1.041553,1.032727,1.039899,1.04017,1.018693,1.056592,0.998997,1.064791,1.030292,1.038623,1.025606,1.084395,1.02435,1.028191,1.010633,1.006212,1.047168,1.041093,0.973506,1.061053,1.049082,1.021578,1.044404,1.011304,1.028461,1.0029,1.005875,1.017352,1.030102,0.987766,1.043493,1.032149,0.990702,1.024532,1.024141,1.014664,1.024273,0.973623,1.029687,1.031098,1.027391,0.944613,0.997483,1.048326,0.99341,1.021567,1.02395,1.039705,1.026376,1.028174,1.026557,1.06332,1.033528,1.040156,1.02784,1.010359,1.025806,1.037092,1.041523,1.043805,1.027704
2013-12-31,1.045459,1.017579,1.009803,1.000977,1.024786,1.008825,1.006925,0.998749,1.00647,1.003723,1.01724,1.024176,1.010022,1.016701,1.008864,0.998018,0.998345,1.015326,1.029688,1.030566,1.029618,1.021998,1.02211,1.010748,1.030695,1.030354,1.001026,1.008717,1.065916,1.005647,1.040272,1.016021,1.026253,1.000825,1.014185,1.003256,1.025278,1.02251,1.006833,1.046581,1.024038,1.032098,1.049219,1.029897,1.02424,1.019886,1.025645,1.055956,1.003561,1.012925,1.02161,1.036119,1.040083,1.001844,1.038923,1.039331,1.021272,1.047514,1.027617,1.021139,0.97485,1.031257,1.047495,1.021864,1.032148,1.016188,1.05201,1.028378,1.013906,1.052966,1.071712,1.035247,1.055512,1.053882,1.032511,1.034092,1.027315,1.020298,1.004494,1.027496,1.011415,1.030159,1.026751,1.025632,1.026966,1.014609,1.046655,1.05492,1.029063,1.021034,1.026652,1.039724,1.023398,1.043797,1.05742,1.012013,1.006196,1.030634,1.016343,1.029061
2014-01-31,1.037963,0.973993,0.979976,0.994323,0.985079,0.989119,0.952133,0.920186,1.008722,0.963232,1.042704,0.961163,0.939503,0.961139,0.945277,0.940615,0.941325,0.990734,0.909466,0.938951,1.133731,0.977361,0.939627,0.943949,0.913739,0.943669,0.930581,0.955591,0.965754,0.935531,1.042244,0.971182,0.927505,0.947776,0.958453,0.973508,0.93579,0.962914,0.924494,0.911387,1.025682,0.975722,0.966841,0.968907,0.988896,0.952327,0.960116,0.9292819999999999,0.990072,0.963243,1.100029,0.986652,0.966582,0.981084,0.974136,0.986674,0.941352,0.944876,0.93865,0.994747,1.035018,0.968682,0.939419,1.00041,1.014285,0.960147,0.977481,0.983813,0.948398,0.926536,0.997796,1.004916,0.970656,0.979081,1.03365,0.958218,0.948939,0.965467,0.955884,0.917788,1.035192,1.000101,1.000569,0.996538,0.986331,0.977918,0.970073,0.963541,0.958575,0.959334,0.970673,0.9617,0.973517,0.942689,1.006448,0.975828,0.971184,0.94876,0.952276,0.951911
2014-02-28,1.053766,1.041645,1.014642,1.037938,1.024709,1.028351,1.043441,1.059466,1.039414,1.05209,1.06845,1.052707,1.046893,1.040249,1.008639,1.02269,1.072333,1.073022,1.0754920000000001,1.027021,1.107982,1.045273,1.035494,1.048399,1.033941,1.048718,1.046661,1.040841,1.022193,1.013756,1.051219,1.08755,1.023257,1.032648,1.023553,1.031226,1.075796,1.02699,1.047633,1.059947,1.057175,1.053606,1.050464,1.038123,1.049659,1.04861,1.040935,1.070383,1.023386,1.017367,1.067078,1.088217,1.044037,1.07731,1.036314,1.042009,1.056219,1.080557,1.051822,1.066062,1.063441,1.06631,1.018735,1.060325,1.031506,1.064825,1.045824,1.048902,1.051113,1.06114,1.086016,1.03478,1.020719,1.056832,1.060823,1.039084,1.089198,1.07376,1.064929,1.083141,1.11806,1.064442,1.041283,1.057748,1.065529,1.05954,1.056948,1.038111,1.070788,1.064634,1.029765,1.035836,1.0266,1.041131,1.049894,1.022775,1.037381,1.047046,1.04992,1.039227
2014-03-31,0.970403,1.007854,0.985449,1.011664,1.032379,1.016226,0.992124,1.002641,0.995488,1.05072,0.96926,1.01357,0.99849,1.010744,1.048081,1.020343,1.02476,0.986911,1.052057,0.981355,0.935053,0.993758,1.024965,1.025076,1.035863,1.026781,1.040944,1.008912,0.991037,1.024912,0.920186,0.994587,1.010827,1.027114,1.014248,1.006551,0.99948,1.002194,1.002458,1.016832,0.951989,0.966455,1.008365,1.016205,0.999793,0.993524,0.996336,0.999364,1.025643,1.015339,0.913779,0.986245,1.005653,0.993088,1.016469,0.985352,0.989254,0.974858,1.032294,1.000603,0.931791,1.00497,0.987638,1.034797,1.008005,1.000659,1.006345,0.988853,0.993551,0.999051,0.963195,0.994179,1.010281,1.018916,0.990128,1.019418,1.019551,0.994384,1.001828,0.991257,0.941371,0.985918,1.011106,0.992694,0.995119,0.995563,1.00117,1.025943,0.999789,0.983583,0.98272,0.981265,1.039722,1.009049,0.970987,1.007119,1.028118,1.008992,1.009762,1.016839
2014-04-30,0.90982,0.964171,0.977881,0.978743,0.941436,0.964548,0.944083,0.958948,1.031309,0.956508,0.924986,0.926145,0.965488,0.956227,0.948698,0.959743,0.966635,0.946616,1.000669,0.948453,0.919556,0.948905,0.970334,0.977672,0.976225,0.963733,0.981995,0.966901,1.012145,0.968279,0.9210430000000001,0.96857,0.931952,0.981492,0.985539,0.972354,0.971514,0.988394,0.988964,0.960912,0.942367,0.965304,0.9613929999999999,0.983637,0.944398,0.962933,0.969216,0.967289,1.003976,0.990408,0.922351,0.969332,0.962506,0.934554,0.988188,1.001047,0.99046,0.987116,0.977147,1.016823,0.95163,0.9616750000000001,0.989431,0.998042,0.975675,0.99089,0.991974,1.006986,1.005372,0.98205,0.959442,0.992167,0.973725,0.987698,0.979379,1.008719,1.006691,1.006292,0.983833,0.969689,1.032804,1.00555,0.966387,1.011654,1.014157,0.973394,0.998293,0.99925,0.996302,0.988263,0.960317,1.003229,0.987217,0.993117,0.984693,1.023272,0.990415,1.023968,1.02912,1.025981
2014-05-31,0.978573,0.997021,1.018155,0.999897,1.007907,0.9928669999999999,1.045138,1.04832,0.995488,0.992954,0.959026,0.986394,1.024355,0.969179,0.983591,1.002871,1.001343,1.012099,0.987531,0.97937,1.041323,0.973473,0.982445,0.982557,1.009632,0.991076,1.007582,0.996993,0.950187,0.999141,1.010447,0.992973,1.01472,1.005039,1.012046,0.998446,1.012322,1.035432,0.998934,0.96826,1.036406,1.024529,1.01496,1.0166789999999999,1.023977,1.017503,0.98143,0.983509,1.016944,0.998794,1.064135,0.995046,1.007699,1.014359,1.013575,1.03173,0.981658,1.006922,0.996038,1.020819,1.000023,1.015052,0.999878,1.009592,0.994518,0.999374,1.024935,1.02907,1.020724,1.032005,1.036057,1.046451,1.0155129999999999,1.016768,1.045804,1.026175,1.018903,1.028022,1.024653,1.017424,0.995631,1.056424,1.040555,1.021965,1.00087,1.008213,1.029161,1.007219,1.021161,1.038695,1.010703,1.012037,1.006043,1.034081,1.05698,1.003914,1.016525,1.013672,1.03974,1.006402
2014-06-30,1.063991,1.02889,1.044185,1.023138,1.024743,1.026803,1.029083,1.058882,1.017848,1.027342,1.128237,1.056446,1.05451,1.022798,1.04233,1.031903,1.015425,1.030552,1.020445,1.06559,1.113195,1.051189,1.03731,1.055953,1.057594,1.05098,1.055511,1.071318,0.995248,1.039938,1.079749,1.047297,1.061683,1.084927,1.034145,1.079593,1.06719,1.044825,1.047882,1.069991,1.052833,1.039857,1.039274,1.052769,1.044286,1.051908,1.043109,1.056039,1.061651,1.049417,1.132849,1.097084,1.04173,1.061247,1.063369,1.036757,1.038273,1.038485,1.033687,1.018497,1.074891,1.0169,1.04587,1.06642,1.041215,1.044113,1.045629,1.041535,1.053929,1.033649,1.043496,1.056243,1.04605,1.033075,1.032525,1.026261,1.053268,1.041873,1.011735,1.044789,1.088869,1.075249,1.087186,1.021461,1.029769,1.026117,1.01481,1.017591,1.0178180000000001,1.005044,1.070674,1.029798,1.011733,1.008436,1.022598,1.006874,1.0226169999999999,1.013218,1.025475,0.9996
2014-07-31,0.907948,0.963974,0.962738,0.97097,0.9374750000000001,0.957634,0.997171,0.958095,0.944202,0.942199,0.908784,0.934336,0.923391,0.93235,0.940014,0.947868,0.953074,0.992345,0.933866,0.944302,0.9100360000000001,0.945251,0.932635,0.948804,0.96255,0.949065,0.937917,0.929996,0.9241699999999999,0.910763,1.022585,0.942834,0.929118,0.925673,0.933401,0.9436329999999999,0.951596,0.939023,0.949168,0.959256,0.904588,0.960009,0.938683,0.939402,0.928298,0.951802,0.94775,0.948297,0.953061,0.904387,0.881614,0.948249,0.970477,0.951215,0.938615,0.945336,0.949441,0.950446,0.972835,0.960469,0.921342,0.953575,0.957224,0.98352,0.936931,0.93631,0.957918,0.975563,0.944623,0.971805,0.967452,0.895985,0.983602,0.967689,0.968728,0.972377,0.991859,0.998017,0.979306,0.987611,1.006651,0.974277,0.998567,0.968783,0.972716,0.956946,0.982885,0.978381,0.989424,0.977841,0.953602,0.985242,0.978492,0.990058,0.989867,0.991718,0.978252,1.005481,1.00013,0.97371
2014-08-31,1.033788,1.045276,1.055562,1.037748,1.059951,1.023581,1.019682,1.058383,1.077751,1.021865,1.03,1.027954,1.036181,1.044883,1.024133,1.019445,1.071996,1.01218,1.042707,1.032476,1.076222,1.049673,1.032137,1.031693,1.03283,1.050339,1.022159,1.05164,1.063578,1.07315,1.098983,1.055206,1.050342,1.023066,1.047133,1.037036,1.032267,1.020575,1.070194,1.054557,1.062839,1.057738,1.028528,1.040099,1.04406,1.021946,1.037041,1.049534,1.054439,1.057505,1.071059,1.06177,1.060427,1.072576,1.052299,1.042408,1.036295,1.034791,1.067122,1.064971,1.139898,1.03227,1.042918,1.047078,1.032695,1.049435,1.046192,1.065238,1.042364,1.042845,1.08211,1.045895,1.052379,1.055631,1.040676,1.047047,1.060421,1.037612,1.045623,1.044522,1.084572,1.061267,1.024518,1.052152,1.053876,1.04021,1.038964,1.047893,1.032995,1.052963,1.063417,1.034064,1.060054,1.030821,1.023001,1.03056,1.032618,1.048159,1.041994,1.030425
2014-09-30,0.93797,0.960512,0.943506,0.967116,0.948446,0.97524,0.944185,0.955404,0.986498,0.949682,0.8971169999999999,0.949962,0.930668,0.946645,0.962767,0.913574,0.967156,0.897137,0.967285,0.920133,0.923252,0.972409,0.945279,0.957446,0.937387,0.950288,0.957298,0.941251,0.9484630000000001,0.926233,0.950139,0.929485,0.954693,0.944169,0.931332,0.967477,0.944741,0.945897,0.957086,0.945233,0.922374,0.929204,0.948517,0.930275,0.964736,0.90538,0.9431620000000001,0.971293,0.994948,0.978082,0.89768,0.946808,0.955832,0.9681649999999999,0.925618,0.941331,0.945642,0.958366,0.938582,0.96101,0.955793,0.9504049999999999,0.957914,0.954865,0.945648,0.957395,0.960166,0.966076,0.969804,0.950422,0.962486,0.957795,0.96133,0.959136,0.955705,0.961213,0.982994,0.956844,0.977949,0.971581,1.027805,0.986365,0.980584,0.973516,0.957398,0.996677,0.968732,0.966904,0.959291,0.991939,0.951778,0.998946,0.987054,1.011232,0.990237,0.980625,0.989576,0.995495,0.981481,0.999506
2014-10-31,1.017078,1.037305,1.054502,1.070626,1.056198,1.074583,1.056951,1.030379,1.099425,1.009598,1.062696,1.068841,1.1015220000000001,1.089865,1.087509,1.083216,1.069928,1.095192,1.052374,1.094986,1.058719,1.071882,1.08513,1.102517,1.055148,1.097764,1.084958,1.009414,1.123479,1.023163,1.072954,1.03158,1.053795,1.077212,1.061774,1.069021,1.076062,1.062726,1.022905,1.056004,0.989658,1.046143,1.075362,1.079766,1.074189,1.061059,1.05602,0.981281,1.050527,1.029092,1.050014,1.027435,1.020459,1.046384,1.042771,1.062092,1.022264,1.047513,1.041366,1.032334,1.007574,0.975461,1.028636,1.028532,1.017968,1.027184,0.993586,1.01745,1.010489,0.997473,1.064168,1.051836,1.027836,1.028313,1.039238,1.017174,1.031907,1.056227,1.009433,1.03447,0.913478,1.039351,1.018719,1.019609,1.047265,1.046205,1.014003,1.044264,1.012356,1.041373,1.022274,1.022492,1.011084,0.986966,1.01276,1.030508,1.025602,1.015056,1.033282,1.011632
2014-11-30,0.993745,0.997076,0.986467,0.973752,0.999482,0.972424,0.973844,0.984784,1.024115,0.985925,0.988544,0.978781,0.980269,0.977608,0.964287,0.992573,0.969857,1.010936,0.993546,1.019393,1.035567,0.998218,0.998013,1.007516,0.973101,0.982793,1.055323,0.972906,1.016541,0.998549,0.993368,1.010111,0.987827,0.978488,0.985461,0.99191,0.973395,1.011151,1.025441,1.024576,1.038904,1.006603,1.008684,0.994641,1.007483,1.009755,1.043783,1.015479,1.032607,1.029112,1.026776,1.019781,1.017898,1.01691,0.969713,1.02699,1.014306,0.978906,1.015124,1.014935,1.004144,1.024309,1.013419,1.015003,0.992864,0.982444,0.985984,1.016938,1.045111,1.023233,1.000511,1.014521,1.013938,1.040368,1.028502,1.004505,1.036779,1.023241,1.050853,1.047385,0.997538,1.022395,1.022486,1.002035,1.024367,1.023146,1.041994,1.01427,1.027643,1.066662,0.926345,1.037776,1.037365,0.994579,1.019984,1.01796,1.011228,1.049359,1.04827,1.035307
2014-12-31,1.051618,1.041309,1.044374,1.054681,1.036116,1.053526,1.031285,1.070599,1.070504,1.024862,1.06175,1.034482,1.045827,1.043954,1.068304,1.048608,1.045448,1.103616,1.083053,1.062757,1.050441,1.037504,1.046156,1.022546,1.042532,1.029218,1.035497,1.030668,1.041502,0.996322,0.982942,1.053118,1.010125,1.000652,1.031076,1.034408,1.02088,1.016628,0.994612,0.987935,1.007126,1.049799,1.017766,1.005822,1.023083,0.996246,0.991455,1.002209,1.007958,1.025602,1.000984,1.020089,1.009051,1.01683,0.995026,1.021566,0.999527,0.979124,1.00662,1.001083,0.949789,1.018938,0.990156,1.00314,1.017394,1.004844,1.01604,1.004847,1.019568,0.98449,1.00895,0.972324,1.001233,0.990029,1.013901,0.999748,1.023075,1.000679,1.01817,1.006642,0.970832,0.996052,0.984125,1.012164,0.994994,1.012466,0.995628,0.998373,0.993851,0.995836,1.001784,0.995798,0.998817,1.00043,1.014653,1.020765,1.000923,0.9915080000000001,0.967495,0.991361
2015-01-31,0.975435,0.9512929999999999,0.944394,0.945013,0.948364,0.959956,0.956125,0.980424,0.988186,0.919037,0.948407,0.9160200000000001,0.957716,0.937297,0.930239,0.923729,0.971321,0.961686,0.953362,0.949881,1.002645,0.940092,0.963627,0.922671,0.94882,0.960992,0.982293,0.927072,0.963078,0.9349959999999999,0.972521,0.962832,0.962626,0.937574,0.934177,0.97309,0.935768,0.948975,0.989176,0.950602,0.94401,0.956437,0.95723,0.951246,0.965202,0.925256,0.926555,0.980848,1.003423,0.967339,1.073677,0.924341,0.967838,0.94846,1.006553,0.949623,1.005425,0.990904,0.999521,0.984512,0.985363,0.97991,0.985411,0.9513199999999999,0.973113,0.973313,1.002875,0.966405,0.987635,0.955575,0.992175,0.977592,0.980971,0.985172,1.00262,0.994091,1.004517,0.995327,0.974832,0.962556,1.019313,0.956942,0.977947,0.997105,0.98189,0.977946,0.959406,0.978951,0.957571,0.996591,0.9168229999999999,0.903133,0.957463,0.940321,0.930644,0.955838,0.964872,0.973871,1.000164,0.97472
2015-02-28,1.069993,1.047116,1.028395,1.039555,1.040504,1.044682,1.042472,1.01495,0.995529,1.055337,1.066901,1.069351,1.0773139999999999,1.078224,1.051826,1.054868,1.1402809999999999,1.020492,0.994863,1.086197,1.097851,1.0641720000000001,1.065999,1.054047,1.05962,1.048216,1.074532,1.098295,1.08572,1.098759,1.051562,1.047056,1.074995,1.080709,1.052964,1.077323,1.063861,1.06929,1.067683,1.019985,1.128866,1.071312,1.057581,1.07478,1.039306,1.10795,1.076553,1.064643,1.036086,1.097706,1.059029,1.116828,1.068952,1.056898,1.078969,1.076206,1.066966,1.100951,1.067759,1.059804,1.121377,1.094157,1.056705,1.069932,1.030589,1.0763989999999999,1.044621,1.08857,1.06434,1.052038,1.089077,1.105708,1.111234,1.086669,1.049108,1.047318,1.07263,1.041151,1.086717,1.080023,1.141667,1.097364,1.055782,1.034776,1.063499,1.037528,1.056935,1.06135,1.048145,1.066647,1.092255,1.080764,1.053686,1.062314,1.098648,1.045691,1.051832,1.052064,1.064705,1.05999
2015-03-31,0.987239,1.021018,1.035614,1.028526,1.007244,1.054667,1.010576,1.0149,1.063974,1.026237,0.987492,1.004104,1.024102,1.023756,1.02413,1.033574,1.047113,0.973997,1.032944,1.02826,1.024943,1.003132,1.028813,1.009913,1.027384,1.054171,1.02286,1.011037,1.046788,0.993178,1.003213,1.010178,1.027929,1.028738,1.026112,1.01982,1.03003,1.03579,1.009849,1.050371,1.016653,1.009725,1.005607,1.024532,1.010305,1.004174,1.022659,1.025803,1.001142,1.003612,0.975401,1.016659,1.018914,1.02523,1.014198,1.02644,0.986567,1.009077,1.007324,0.989754,1.008091,0.996923,1.030333,1.01192,0.985935,1.022029,0.986386,1.007263,1.006169,1.009167,1.018907,0.993484,1.039725,0.992054,1.006906,1.009305,1.016007,1.007562,0.985017,0.994281,0.97894,0.979111,0.957598,0.991779,0.984241,0.999072,0.982791,0.996801,0.983213,1.00665,0.983742,0.978903,0.979598,0.987602,0.984649,0.992148,0.984913,0.975414,0.969832,0.985047
2015-04-30,0.968515,0.988199,0.993864,0.990763,0.994345,1.008031,0.982502,0.969193,0.924555,1.02637,0.968168,0.987839,0.976229,0.9809060000000001,0.96605,0.964514,0.953151,0.96974,0.987238,0.971821,0.956941,0.967867,0.981967,0.976388,0.982768,0.984923,0.964222,0.9822649999999999,0.986663,1.0115,0.972696,1.002117,0.97798,0.977175,0.973224,0.973381,0.964116,0.9658059999999999,0.965183,1.008546,0.967179,0.97551,1.008454,0.981497,0.986988,1.031926,0.983843,0.96088,0.976337,0.979886,0.981689,0.982516,0.984792,0.981248,0.981787,0.978921,0.996464,0.983728,0.999307,0.981054,1.006835,0.985068,0.989377,1.001827,1.017834,1.029493,1.008078,0.984185,0.988312,0.995548,0.980172,0.978087,0.993752,0.9956430000000001,0.990843,0.978058,0.984916,0.97702,0.984842,0.982303,0.969343,1.010193,1.015569,1.026369,0.981916,0.994021,1.004142,0.993107,1.040723,0.961792,1.082118,1.025835,1.016013,1.009176,1.021294,0.996928,1.006551,1.029587,1.005144,1.028248
2015-05-31,1.046447,0.997961,1.003135,1.003944,0.995764,0.987731,1.030008,1.000309,0.929805,1.010712,1.054471,1.008985,0.987022,1.026533,1.021732,0.989701,1.042617,1.047146,0.981581,1.008391,1.069027,1.006878,1.013362,0.961293,0.997716,1.036115,1.034044,1.012665,1.042033,1.010893,1.065068,1.036989,1.027617,1.008724,1.031254,1.001698,1.003857,1.012709,1.040367,1.015231,1.072258,1.047436,1.011586,1.022506,1.018415,1.020581,1.003238,1.012179,0.995692,1.001797,1.1364130000000001,1.003269,1.04448,1.019725,1.039794,1.014805,1.014617,1.019077,1.008357,1.011957,1.084209,1.00882,1.027137,1.019682,0.980841,1.033191,1.006045,0.972049,0.996007,0.977347,1.016013,0.99895,1.034038,1.015678,1.025804,1.033578,1.053696,1.025957,1.005586,1.009048,1.000196,0.99368,1.04733,1.019776,1.021706,1.044971,0.978343,0.99799,0.988668,1.00844,1.008287,1.027176,1.008937,1.020111,1.013181,0.998441,1.013238,1.011354,1.012913,1.016295
2015-06-30,0.995613,1.013288,1.018739,1.026919,1.00045,1.0254,1.023979,1.01246,1.028236,1.032378,1.056068,1.051771,1.031196,1.041924,1.053016,1.022331,1.047699,1.052739,1.0463,1.015977,1.01418,0.999483,1.020394,1.022985,1.025335,1.028354,1.023551,1.024761,1.019737,1.005828,0.947958,0.977842,0.993763,1.010467,1.012308,1.035668,1.022737,1.023769,0.981929,1.004881,0.993996,0.994804,0.998129,1.009014,1.013356,1.016717,1.041179,0.997898,1.010727,1.025136,0.966581,1.0008,0.994141,1.011382,0.976727,0.981534,1.000228,0.986184,0.96247,1.013665,0.970703,0.978049,1.03154,0.995661,0.956202,1.010985,0.973287,0.978501,1.002328,0.961439,1.010287,0.994296,0.993405,0.991272,0.967915,0.972184,0.995059,0.996761,1.000123,0.976613,0.942562,0.986418,0.955376,0.972934,0.994842,0.952074,0.971899,0.996158,0.969063,0.987852,1.002138,1.001437,0.973224,0.99703,0.97556,1.000535,0.980303,0.969728,0.976511,0.990613
2015-07-31,0.948043,0.957641,0.983054,0.967325,0.953367,0.984593,0.902473,0.912976,0.8926810000000001,0.887782,0.951812,0.932864,0.930212,0.956157,0.985313,0.957651,0.947245,0.965011,0.915473,0.93677,0.961787,0.97712,0.990461,0.986769,0.986929,0.980428,0.990979,0.960874,0.993749,0.957021,1.004961,0.921298,0.981118,0.985931,0.965843,0.992012,0.986097,1.013662,0.968706,1.002216,0.978334,0.973026,0.982101,0.968309,1.006851,0.962514,0.9654780000000001,0.964045,0.984351,1.011217,0.999059,0.977131,1.011775,0.960401,0.983079,0.958801,0.969379,1.024198,0.9729,0.991077,1.030986,0.9484090000000001,1.016408,0.996323,1.032594,1.021919,1.004797,0.999665,1.007361,1.025891,0.996208,1.045474,1.033457,1.010353,1.018957,1.003984,1.004945,0.973206,0.984333,1.007685,1.004842,1.007344,0.962395,0.968942,1.003962,1.018428,0.999614,1.012376,1.01964,1.017301,1.017025,1.01065,1.036436,1.061528,1.032971,1.01833,1.017918,1.043036,0.984305,1.035027
2015-08-31,0.943219,0.973974,0.990537,0.987159,1.009797,0.949545,0.986052,1.025106,0.919194,0.935796,0.905192,0.987321,0.957871,0.975741,0.970473,0.937488,0.925531,0.9206179999999999,0.973857,0.924604,0.894796,0.951128,0.959956,0.942677,0.967426,0.951785,0.9372320000000001,0.963361,0.938395,1.011237,0.867493,0.945546,0.9613700000000001,0.939684,0.949096,0.965235,0.954507,0.946314,0.961939,0.906208,0.914316,0.93293,0.938651,0.929102,0.952776,0.963227,0.950885,0.933806,0.932617,0.898997,0.952367,0.988484,0.946734,0.965248,0.951429,0.973132,0.933555,0.922451,0.945504,0.945897,0.87603,0.913376,0.950332,0.937176,0.956707,0.92257,0.950568,0.947722,0.956124,0.953441,0.823237,0.964612,0.966388,0.930075,0.941775,0.968208,0.95766,0.948732,0.946589,0.942437,0.899543,0.938107,0.957263,0.957832,0.963731,0.971662,0.920862,0.948516,0.9522930000000001,0.948356,0.928073,0.935329,0.938776,0.944779,0.9162939999999999,0.92449,0.937947,0.938258,0.938892,0.943521
2015-09-30,0.906697,0.973611,0.959583,0.977067,0.970183,0.97067,0.934175,0.9157230000000001,0.936383,0.84899,0.870897,0.926634,0.965616,0.956084,0.99501,0.974643,0.96177,0.938306,0.950507,0.959696,0.8813,0.966502,0.9655819999999999,0.965446,0.964363,0.947339,0.966759,0.9023639999999999,0.984914,0.9556,0.856908,0.993497,0.969708,0.950596,0.947949,0.937527,0.957685,0.913573,0.9588,0.940415,0.899514,0.950479,0.95551,0.952451,0.981949,0.978736,0.975323,0.943333,0.956055,0.873238,0.8936580000000001,0.939672,0.94899,0.967401,0.944188,0.950096,0.92108,0.947026,0.931365,0.973589,0.908207,0.924664,0.978181,0.954589,0.989303,1.002346,0.951388,0.953097,0.948333,0.955478,0.870143,0.963327,0.969344,0.974071,0.971729,0.958497,0.950527,0.93801,0.964385,0.938662,0.913376,1.011497,0.975551,0.963386,0.97111,0.996639,0.956721,0.968877,0.977984,0.965633,0.935948,0.930744,0.969965,0.980199,0.954981,0.98271,0.964989,0.995796,0.972688,0.985544
2015-10-31,1.027342,1.036907,1.036779,1.053996,1.049802,1.050538,1.076331,1.024936,1.046861,1.023027,1.077987,1.073479,1.048869,1.060695,1.043728,1.061716,1.082943,1.062631,1.053382,1.09469,1.049499,1.058474,1.035345,1.061097,1.058439,1.070033,1.050227,1.073015,1.097994,1.051183,1.003591,1.100783,1.0714,1.047179,1.049626,1.058048,0.987645,1.082545,1.046096,1.070781,1.061011,1.097279,1.04654,1.03084,1.092355,1.068181,1.070378,1.052507,1.087099,1.050732,1.010109,1.051177,1.069204,1.056324,1.058244,1.06677,1.086124,1.052696,1.018051,1.054772,1.033873,1.039639,1.069063,1.042072,1.039473,1.060479,1.084411,1.068432,1.059851,1.048864,1.053531,1.054861,1.061287,1.066364,1.018195,1.099265,1.057896,1.063936,1.068917,1.08784,1.069533,1.085869,1.086223,1.078757,1.071904,1.052744,1.059755,1.028033,1.067542,1.060448,1.088544,1.079176,1.076595,1.113312,1.096243,1.070911,1.078454,1.091224,1.097411,1.079724
2015-11-30,1.047351,1.012705,0.999726,1.038086,1.023585,1.033587,1.008014,0.969764,0.983149,0.972395,1.0687929999999999,1.035143,1.035256,1.05599,1.046015,1.020613,0.976785,1.032947,1.010936,1.022587,1.103456,1.03514,1.032989,1.063733,1.043452,1.044931,0.975736,1.006922,0.992312,1.006287,1.155701,1.067414,1.021918,1.049373,1.061385,1.027864,1.035822,1.0343,1.014218,1.000786,1.049149,1.047503,1.054848,1.048054,1.02645,1.01331,1.026811,1.018043,1.014378,1.016788,0.994806,1.035977,1.013419,1.010717,1.011379,1.016768,1.000332,0.998194,1.009066,0.981379,1.03174,1.019354,1.046748,1.004692,1.014023,1.002663,0.981632,1.011613,1.012428,1.001171,1.04641,1.03546,1.015068,1.012504,1.010386,1.01605,0.994691,0.999597,1.02218,0.982015,0.96648,1.012422,1.031006,1.010139,1.034363,0.991467,0.985704,0.985032,0.969912,1.006845,1.026199,1.018355,0.991723,1.021667,0.999262,0.996378,1.003588,1.01566,0.995611,0.995326
2015-12-31,0.934507,0.980355,0.969394,0.984352,0.987335,0.99708,0.952324,0.983237,0.981512,0.898441,0.952825,0.945738,0.944479,0.940614,0.937165,0.969614,0.932016,0.934562,0.929855,0.949893,0.950473,0.951083,0.959032,0.926504,0.966657,0.934196,0.957147,0.9301470000000001,0.937784,0.967863,0.99823,0.979498,0.9614510000000001,0.931747,0.939204,0.946389,0.941156,0.958597,0.954848,0.933233,0.937137,0.947157,0.95223,0.93746,0.947683,0.935704,0.901465,0.915057,0.964491,0.981893,0.977379,0.966258,0.953128,0.941313,0.967795,0.972838,0.910275,0.943548,0.96135,0.944471,0.965905,0.976369,0.944044,0.958891,0.966716,0.960562,0.960711,0.962242,0.956147,0.942439,0.959413,0.933163,0.953671,0.976001,0.969456,0.942469,0.986719,0.936421,0.978115,0.962385,0.955796,0.976032,0.959073,0.973015,0.97082,0.99202,0.947901,0.99986,0.976421,0.976189,0.993202,0.943454,0.971316,1.006149,0.966693,0.991947,0.991667,0.996418,0.952506,0.997327
2016-01-31,0.8536360000000001,0.944108,0.940216,0.943209,0.956596,0.95557,0.921177,0.95426,0.90311,0.907322,0.820306,0.901512,0.935812,0.945542,0.962604,0.959587,0.885757,0.893367,0.89127,0.916686,0.78088,0.917067,0.942669,0.9251780000000001,0.918637,0.929511,0.917805,0.901084,0.901462,0.899539,0.773811,0.925116,0.945759,0.931625,0.944742,0.90656,0.923055,0.946263,0.946057,0.870366,0.794126,0.910309,0.945626,0.9109389999999999,0.957754,0.939058,0.953548,0.878901,0.8949590000000001,0.957484,0.78904,0.921723,0.925853,0.958547,0.927243,0.915482,0.972369,0.941476,0.958646,0.937963,0.789925,0.894732,0.924171,0.951765,0.952559,0.939152,0.938426,0.942393,0.941994,0.924386,0.774781,0.9031089999999999,0.9067769999999999,0.914607,0.949604,0.952422,0.923569,0.96247,0.940077,0.901741,0.784465,0.929502,0.964014,0.937049,0.95462,0.995399,0.938045,0.933913,0.959105,0.945843,0.825689,0.881047,0.998959,0.927206,0.927191,0.963623,0.93582,0.968051,0.917296,0.970151
2016-02-29,1.010617,0.990821,0.985414,1.000645,0.997992,0.982897,0.965086,1.025886,0.965379,0.965179,0.964107,0.98603,0.980673,0.999288,0.980857,1.015222,1.055265,1.024993,1.036819,1.004452,0.954952,0.996895,1.006747,1.034504,1.018885,0.999523,0.990055,1.043386,0.99857,1.0629439999999999,0.933305,1.000572,1.000812,1.023222,1.035182,1.039894,1.016794,0.989238,0.991814,1.01867,0.939978,1.01019,0.989172,1.018981,1.010584,1.016552,1.005902,1.018519,1.041543,1.019625,0.908209,1.02125,1.090098,1.002723,0.99347,1.002425,1.045341,1.021985,1.016039,1.052545,0.95192,1.02515,0.9613659999999999,0.996996,1.032498,1.051836,1.014514,1.037074,1.03815,1.013802,0.942212,1.01736,1.007809,1.019094,0.977225,0.997146,1.028423,0.978191,0.991223,1.05203,1.026714,0.949009,0.939427,1.003192,1.030829,1.005608,0.983964,1.03907,1.040094,1.028374,1.006235,0.936117,0.992382,0.978219,1.00536,0.988369,0.986904,0.999034,1.010157,1.008653
2016-03-31,1.066447,1.033702,1.063642,1.037097,1.031301,1.034393,1.062844,1.025409,1.103253,1.042118,1.083597,1.079831,1.059658,1.0836999999999999,1.049353,1.033249,1.069746,1.089599,1.078167,1.081732,1.097673,1.073533,1.084199,1.0686,1.074854,1.062359,1.082091,1.082657,1.072168,1.065486,1.065534,1.05221,1.072358,1.080985,1.082385,1.069082,1.111266,1.110436,1.080059,1.115866,1.055455,1.089846,1.084133,1.103365,1.093925,1.09997,1.11695,1.094653,1.071142,1.097085,1.071475,1.077462,1.0422,1.087801,1.078895,1.074353,1.120852,1.081973,1.100201,1.054279,1.100263,1.07601,1.095318,1.077437,1.080951,1.058804,1.11042,1.06941,1.067859,1.069566,1.113879,1.097304,1.088972,1.092304,1.072729,1.079018,1.075656,1.10258,1.077951,1.096322,1.032626,1.060284,1.094729,1.096839,1.0944989999999999,1.086104,1.111326,1.057075,1.058079,1.073269,1.100705,1.061459,1.060486,1.076679,1.072374,1.039415,1.057569,1.062827,1.085631,1.064922
2016-04-30,1.042899,1.029337,1.043136,1.068798,1.042464,1.024069,1.042607,1.089941,1.061996,1.034918,1.038995,1.034083,1.044726,1.040319,1.022443,1.010262,1.016616,0.983787,1.011376,1.031935,1.072222,1.031244,1.018007,1.038122,1.022113,1.024651,1.034531,1.009624,1.038036,0.9942,1.03219,0.983446,1.023661,1.029903,1.002456,0.999828,1.010856,1.003797,1.005962,1.014861,1.06545,1.004197,1.012051,1.06155,1.000915,1.005438,1.04571,1.026507,0.998767,1.029303,1.092396,0.999993,1.002328,1.010564,1.006808,1.024671,1.048728,0.991272,1.017226,1.000316,1.015405,1.027111,1.03984,1.005395,1.006834,1.004273,1.015952,1.011319,1.029074,1.015569,1.048242,1.01817,0.999558,1.022226,1.017555,1.02601,1.001515,1.042706,1.028458,1.003083,1.002903,1.033113,1.031764,1.042784,1.037415,0.990392,1.013692,1.003161,0.998024,0.983225,1.027957,1.072256,1.027739,0.976733,1.019096,1.03709,1.030477,0.997594,0.962063,0.994848
2016-05-31,1.020162,0.974415,0.986227,1.011184,0.985633,0.995113,0.957463,1.012696,1.003788,1.033319,1.027346,0.999537,0.989703,0.989695,1.019043,0.978647,0.982959,1.001052,1.007919,0.932333,1.033445,1.014366,1.02999,1.009525,1.027502,1.007111,1.03238,1.013525,1.008328,1.054138,1.057988,1.036755,1.011729,1.026924,1.026648,0.987789,1.004295,1.018915,0.983037,1.017156,1.004869,1.019352,1.032068,1.013906,1.003536,0.993514,1.03202,0.992741,1.02309,0.971844,1.088408,1.019049,1.017958,1.02095,1.01468,1.004802,0.98487,1.045058,1.018033,1.002722,1.004168,0.999133,1.051055,1.019339,1.024125,1.053902,1.014447,1.005911,1.02875,1.025874,0.978143,1.057919,1.078773,1.035108,1.038729,1.032857,1.024611,0.993331,1.043701,1.021829,0.979038,1.052241,1.089919,1.005392,1.020346,1.025799,1.014405,1.014671,0.991165,0.987263,1.047085,1.024328,0.999933,1.024036,1.02327,1.017348,1.004837,1.025243,1.036809,1.000316
2016-06-30,0.969666,0.999651,1.005281,1.018681,1.00509,1.018483,1.033678,1.028609,1.045763,1.000806,0.963994,1.017486,0.997895,0.998387,0.995435,0.980866,1.002961,1.004294,1.020849,1.007904,1.012481,0.99626,0.988852,1.013267,0.990303,1.003153,0.967637,0.997288,1.035283,1.0468,0.952728,1.002163,0.981671,1.003649,0.981672,1.010626,1.017928,1.016933,1.001858,0.968204,1.053969,0.985327,1.030386,1.004167,0.993644,1.01942,0.994805,0.957118,1.010899,1.002037,0.973604,0.987815,0.968963,1.002373,0.964343,0.984696,0.974707,0.978548,0.995305,1.009474,0.984535,0.983717,0.965774,0.997592,1.013849,0.983036,0.994679,0.99267,0.992216,0.987953,0.911425,0.98069,0.988974,0.996263,0.989045,0.985026,0.990327,1.016292,0.971278,0.97963,0.984385,1.041168,0.949515,1.019864,1.018217,1.014568,0.986668,1.00504,1.004051,1.043314,0.955432,0.943464,0.991472,0.9721,1.000293,1.006481,1.003881,1.011803,0.982134,1.018598
2016-07-31,1.037429,1.032613,1.048398,1.043727,1.052547,1.075497,1.049849,1.036092,1.09631,1.052798,1.066043,1.075791,1.066836,1.05783,1.058866,1.041187,1.039908,1.044094,1.047672,1.117846,1.114346,1.053967,1.046068,1.05882,1.03595,1.055992,1.050079,1.068036,1.08153,1.060511,1.058622,1.061974,1.057723,1.055811,1.065014,1.035886,1.018045,1.044109,1.077261,1.112874,1.08522,1.072598,1.038251,1.037623,1.080652,1.068576,1.068574,1.046775,1.061775,1.049434,1.1322619999999999,1.066363,1.035919,1.042208,1.03273,1.021566,1.074482,1.053665,1.04964,1.085697,1.106405,1.04176,1.005769,1.030289,1.032902,1.036414,1.034805,1.057487,1.042494,1.046966,1.062185,1.062974,1.046062,1.034376,1.046195,1.006165,1.042013,1.047139,1.037768,1.061883,1.070226,0.995286,1.047717,1.060076,1.051776,1.053914,1.046485,1.042718,1.033934,1.037913,1.022427,0.995489,1.016047,1.038351,1.043593,1.032799,1.016192,1.052886,1.054074,1.038423
2016-08-31,1.031731,1.02821,1.019496,1.032446,1.010224,1.027776,0.993245,1.092044,0.967533,1.105211,1.05357,1.048486,1.026908,1.0552,1.026929,1.024069,1.012518,1.075486,1.025438,1.006567,1.003361,1.045265,1.015543,1.00919,1.006199,1.006661,0.994024,1.012142,1.0122659999999999,0.976041,1.025618,1.035296,1.042414,1.0202309999999999,1.042503,1.015468,1.049201,1.062237,1.034434,1.068067,1.016429,1.050553,1.023959,1.033898,1.02712,0.991353,1.028027,1.01159,0.990338,1.008414,0.988187,0.99874,1.032527,0.982223,1.025681,1.025808,1.032557,1.014919,1.028946,0.997551,0.950469,1.045168,0.992575,0.970644,0.978712,1.000012,1.017574,1.012753,1.00589,0.994948,0.999752,1.017575,1.061016,1.023575,0.992287,1.011999,1.034374,1.027039,1.021987,1.012622,0.993937,1.004794,1.006965,0.96966,0.986835,1.001034,1.01853,1.003597,0.98972,0.988628,1.037484,1.020653,1.040643,0.998953,1.00642,1.016747,0.998368,0.989739,0.998516,0.990778
2016-09-30,1.078734,1.038058,1.030975,1.031085,1.032439,1.029529,1.02356,0.994254,1.010252,1.023013,1.098184,1.033834,1.016807,1.016354,1.01418,1.016375,1.030645,0.981634,0.990045,1.027087,1.100652,1.025013,1.002242,1.01613,1.006962,1.012542,0.998297,1.008053,0.973425,1.014654,1.060121,1.030278,1.001818,1.017455,1.013195,0.975428,0.974184,1.018849,0.99343,1.024708,1.020202,1.03397,1.016731,1.018913,0.990957,1.001908,0.997701,1.004194,0.984164,0.980356,1.01877,1.007517,1.031503,0.996323,1.010047,1.023717,1.016046,0.975667,0.997216,0.978246,1.062411,1.007,1.002613,1.000408,1.006359,0.989524,0.99494,1.009274,0.994753,0.969572,1.020545,0.996652,0.996813,0.978679,1.014038,1.000039,1.00318,0.995454,0.997287,0.995988,1.071838,1.039113,1.030934,1.004682,1.029389,1.010926,1.009991,1.004346,0.997563,0.988536,1.031314,1.000699,0.982243,1.001728,1.005812,0.978712,0.988485,1.000949,1.01499,1.008727
2016-10-31,0.869945,0.961268,0.965014,0.975759,0.984021,0.961568,0.94247,0.936191,0.925119,0.949363,0.877385,0.963956,0.962865,0.988243,0.978801,0.957827,1.016899,0.977946,0.956233,0.965601,0.87485,0.958245,0.975313,0.967651,0.970058,0.965117,0.997251,0.956966,0.935024,0.930953,0.8443769999999999,0.931962,0.950698,0.951355,0.957588,0.94665,0.968375,0.922122,0.952532,0.923973,0.879853,0.956327,0.953591,0.996489,0.957467,0.962447,0.95203,0.963122,0.979219,0.979927,0.887895,0.937283,0.954023,0.973333,0.981819,0.989991,0.967807,0.96063,0.976878,0.99133,0.868344,0.93198,0.989535,0.993042,0.975974,0.985111,0.98265,0.965731,0.970555,0.976017,0.929187,0.984311,0.991764,0.999157,1.014722,0.981924,0.955042,0.984196,0.99838,0.982949,0.923741,0.968567,0.985238,0.991612,0.961978,0.95305,0.980944,0.963585,0.969623,0.985535,0.963457,1.034478,1.000234,1.008371,0.986971,1.007684,0.986228,0.96434,0.964213,0.981836
2016-11-30,1.076587,1.081014,1.099778,1.149069,1.141462,1.113059,1.131956,1.099115,1.162183,1.070609,1.10537,1.10719,1.134776,1.16865,1.170891,1.152465,1.165664,1.103113,1.158582,1.138431,1.051921,1.155633,1.134746,1.128378,1.105007,1.135163,1.120022,1.148625,1.166666,1.126513,1.107123,1.108882,1.117254,1.134307,1.146454,1.134896,1.163178,1.117678,1.133882,1.136221,1.072593,1.05813,1.123799,1.153071,1.138807,1.108063,1.138542,1.116327,1.107664,1.089411,1.130295,1.083617,1.117981,1.088168,1.1297570000000001,1.052706,1.131646,1.058737,1.05101,1.060508,1.118032,1.0893329999999999,1.072846,1.074695,1.088132,1.105484,1.083051,1.069288,1.091788,1.096253,1.036691,1.090814,1.1312630000000001,1.082816,0.998739,1.064669,1.066593,1.04201,1.034944,1.046501,1.100769,1.092911,1.032534,1.034199,1.086501,1.028268,1.074298,1.033753,1.078017,1.066555,1.045674,1.020019,1.080674,1.028898,1.030274,1.051103,1.015529,1.042274,1.038728,1.021762
2016-12-31,0.993954,1.043395,1.055499,1.086787,1.06851,1.052557,1.079741,1.052214,1.034603,1.023314,1.000449,1.054763,1.073711,1.081226,1.075792,1.058843,1.06005,1.039523,1.099081,1.033869,0.946074,1.023883,1.043177,1.041401,1.096368,1.037644,1.020327,1.043088,1.05518,1.029349,0.938866,1.00877,1.028677,1.03884,1.024722,0.995709,1.051773,1.029089,1.021488,0.983678,0.950187,1.002656,1.009633,1.050754,1.033872,1.031145,1.010618,1.022985,1.028065,1.011848,0.978338,0.999686,0.994449,1.028845,1.029091,0.992924,1.013005,1.012349,1.037161,1.023398,0.918755,0.982036,1.021986,1.021269,1.022511,1.035736,1.025024,1.014164,1.016756,1.01901,0.942362,1.007782,1.038638,1.013157,1.007276,0.9967,1.002203,1.015903,1.014855,0.979195,0.933223,1.007953,1.002526,1.03614,1.041635,1.024389,1.014998,1.023417,1.002899,1.014516,0.998175,1.042353,1.028947,1.022236,1.01845,1.032515,1.010566,1.022127,1.000799,1.026014
2017-01-31,1.013152,0.985715,0.973692,0.992292,0.975693,0.97198,0.976842,1.004662,1.051938,0.995749,1.025106,1.024829,0.968892,0.975417,0.957471,0.96964,0.992359,0.972547,0.958833,0.963761,1.041538,0.981283,0.991116,1.004968,0.974212,0.990092,0.997042,0.961765,1.001938,1.000579,1.080508,1.008187,0.991179,1.012419,0.9846239999999999,1.00033,0.968143,1.004448,0.995686,1.013977,1.035027,1.036777,1.030473,0.990011,0.999192,1.027286,1.019782,0.984716,0.996797,1.00416,1.017673,1.018931,1.027618,0.991164,1.0213,1.022918,1.01818,1.012048,1.024778,1.003101,1.09431,1.011509,1.015515,1.0213160000000001,1.013104,1.011637,1.07199,1.02409,1.01414,1.036679,1.110404,1.046603,1.029448,1.024419,1.034557,1.004724,1.046706,1.008767,1.035959,1.004572,1.081363,1.008468,1.017904,1.058511,1.026698,1.030482,1.026017,1.056413,1.028396,1.02484,1.034488,1.009216,0.989655,1.015576,1.01386,0.997526,1.027044,1.028422,1.031704,1.016211
2017-02-28,1.03482,0.990849,1.011372,0.999949,1.023862,1.022313,0.974388,0.988866,1.044563,0.947351,1.026897,0.977832,0.968247,1.017873,1.013597,0.989567,1.011871,1.013187,1.009968,1.008053,1.084093,1.007645,1.028975,0.993668,1.016978,1.011878,1.020002,1.0174,1.026981,1.041967,1.020171,1.031101,1.022968,1.002328,1.00131,1.008664,1.014002,0.97842,0.99468,1.031967,1.009938,0.976529,1.011651,1.014917,1.015309,1.042485,1.029711,0.999415,1.006123,0.984136,1.095864,1.034001,1.015979,1.020796,0.995893,1.044219,0.99504,1.031093,1.013817,1.015127,1.053314,1.014418,1.041424,1.056093,1.014261,1.012,1.015868,1.011586,1.014346,1.037674,0.980544,1.048496,1.041045,1.048279,1.017924,1.034016,1.016238,1.033131,1.069034,1.023604,0.944868,1.008141,1.028411,1.026537,1.022673,1.062813,1.010208,1.044626,1.034245,1.023071,0.982123,1.012207,1.033572,1.040078,1.051822,1.056928,1.047323,1.025769,1.032264,1.06224
2017-03-31,1.040597,1.007047,1.024863,1.017277,1.024923,1.000767,0.982131,1.009054,1.003816,1.065618,1.024238,1.024029,1.000924,1.002831,0.995623,0.993928,0.979594,1.033934,1.003273,0.957441,1.034218,1.005459,0.982909,1.010872,1.002358,0.993201,0.987557,0.986484,0.999627,0.979332,1.016927,0.986723,1.032711,0.991986,0.985709,1.012406,0.989294,0.990866,1.031622,1.019222,1.004788,1.03074,0.989009,0.997134,0.986315,0.998601,1.005271,1.005274,1.032875,1.003857,0.959921,1.047979,0.989796,0.999595,0.991366,0.997206,0.989294,1.005193,1.037286,0.978558,0.965445,1.020932,0.977613,1.014902,0.998055,0.971004,1.0022,1.00257,1.018137,1.004542,1.014426,0.987992,0.988784,0.996909,1.010988,1.008482,0.992378,1.005542,1.004225,0.991028,0.980583,0.981165,1.00526,0.984875,1.026397,0.982764,1.007528,1.015258,1.008275,0.983406,1.011499,0.987547,0.991318,0.998039,0.991115,0.986395,1.008713,1.004967,1.008488,1.011472
2017-04-30,0.989252,1.005627,1.032449,1.017858,1.022261,0.998232,1.030347,0.97107,1.052235,0.899907,1.018664,1.032313,1.012633,1.012954,1.020465,1.007522,1.015487,1.034509,1.026919,1.079231,1.016706,1.014834,1.017308,1.024828,1.005736,1.026692,0.998745,1.030112,1.059383,0.986896,1.054398,0.990399,0.991944,1.00434,0.985779,1.032249,1.024474,1.009104,1.02165,1.034963,0.958213,0.993746,0.998495,1.004557,1.017343,1.012995,1.019413,1.031821,1.019772,1.017638,0.985056,1.01896,0.99007,1.014507,0.993495,1.008558,1.030295,1.001488,1.032491,0.993165,1.027017,1.002487,0.993213,1.032319,0.994218,1.005716,0.990469,0.998319,1.01356,1.004281,1.004002,1.009969,1.004004,1.012123,1.024964,0.992281,0.999624,1.0213969999999999,1.002957,1.0257290000000001,1.00846,0.985004,1.023062,1.033875,1.008105,1.017438,1.001315,1.010061,1.004275,1.012417,0.992602,0.998446,0.995068,1.030874,1.008618,0.993791,1.009176,1.016869,1.029846,1.007987
2017-05-31,0.955793,0.979303,1.000775,0.977545,1.013066,0.972328,0.99093,0.991062,0.982414,1.003284,0.979072,0.997066,0.953883,0.956986,0.957384,0.924206,1.013461,0.981718,0.966463,0.971165,1.000847,0.989954,0.978936,0.970063,0.97552,0.963764,0.96868,0.980216,0.992968,0.960975,0.969097,0.977895,1.01127,0.963148,0.962272,0.993773,0.906706,0.997835,0.997148,0.970074,0.968465,1.001585,0.989709,0.980842,0.970162,1.014338,1.007858,0.984541,0.959242,0.987031,0.987238,1.000634,0.988515,1.024765,0.967043,0.989579,0.969298,0.974598,1.011987,0.989593,0.947354,1.010529,1.01834,1.002167,1.020901,1.008948,1.017296,0.990923,0.981979,0.986307,0.998977,1.0476,0.985409,1.002309,0.999997,1.01209,1.021174,0.992928,1.028461,0.986334,0.976968,0.98705,1.015536,1.015408,1.09915,1.028663,1.010974,1.025349,1.022033,1.026929,0.993754,0.998465,0.997132,1.015241,0.987164,0.99647,1.014527,1.015396,1.021865,1.034106
2017-06-30,1.080669,1.02783,1.022585,1.041978,1.026543,1.034493,1.072722,1.011518,1.048759,1.003856,1.126877,1.062557,1.047702,1.04273,1.03875,1.060362,0.984063,1.032958,1.048018,1.018135,1.086693,1.022282,1.035836,1.024557,1.051509,1.048422,1.051513,1.025779,1.0331380000000001,1.035616,1.07765,1.053532,1.014492,1.036575,1.05316,1.023425,1.037485,1.015391,0.983262,1.015644,1.054609,0.962314,1.00588,1.035716,1.041832,1.012393,0.999108,1.059371,0.996247,1.026494,1.041683,1.035335,1.044099,1.0229,1.031598,1.024772,1.034096,1.000694,1.032508,1.018204,1.019448,1.000399,1.030061,1.017097,1.02404,1.0384660000000001,1.014757,1.020689,1.035875,1.012014,0.987442,1.000333,1.036936,1.036982,1.004004,1.0052,1.000058,1.027743,1.004461,1.024099,1.010837,0.974507,1.007138,0.991215,1.004776,1.013255,1.014379,1.004032,0.990516,0.988532,1.018392,0.987391,1.032377,0.998142,1.013244,1.03569,1.019959,0.999479,0.997397,0.987973
2017-07-31,0.984181,1.002299,0.991541,0.996296,0.977308,0.998999,1.011755,0.987665,0.96553,1.001805,0.971595,0.981348,0.993154,1.002373,1.005482,0.979832,1.0084,0.983226,0.963746,1.02296,0.988512,1.027223,1.012346,1.028365,0.996944,1.01495,1.009237,1.0079,0.939937,1.022867,1.040265,1.013935,1.01357,1.020765,1.009588,1.001693,0.99839,1.036713,0.975013,1.03378,1.016271,1.005796,0.998239,1.003992,1.01723,1.008668,1.021694,1.014905,0.989231,1.025186,1.0261149999999999,1.057067,1.009211,1.014189,0.997037,1.016855,1.006772,0.993564,1.015542,0.98029,1.008717,1.037433,1.023941,1.025732,1.001511,1.028943,1.006875,0.98858,1.020091,1.012236,0.981525,1.014785,1.026808,1.029338,1.021747,1.02474,1.007629,1.001481,1.014587,1.022174,1.077876,1.04334,1.038265,1.007694,1.032558,1.004304,1.026122,1.011846,1.010672,1.000466,1.178086,1.014749,1.032793,1.006536,1.02159,1.033058,1.019705,1.029004,1.022605,1.007402
2017-08-31,0.989295,0.975063,0.977821,0.9673080000000001,0.992661,0.965726,1.002966,0.994362,0.999177,0.868547,1.035886,0.9881,0.975203,0.990222,0.95464,0.961803,0.989839,0.97659,0.967313,0.943756,1.032605,0.994041,0.984557,0.952424,0.984382,0.945716,0.995615,0.964381,0.962583,0.98367,0.935032,0.988587,0.969891,0.968831,0.964601,0.999762,0.95985,0.951753,0.981085,1.012493,1.001779,1.001662,0.986946,0.992938,0.965748,0.97928,0.97429,1.018588,0.949073,1.003273,1.048125,0.980497,0.982008,0.991537,0.978514,0.988508,0.96789,0.943416,1.00318,0.999968,1.064086,0.964019,0.997635,0.975889,0.982614,0.988953,1.028523,0.976997,1.016342,0.992471,1.030282,0.940931,0.983393,1.008645,1.012344,1.025136,0.986086,0.990516,0.993896,1.001306,0.993432,0.954131,0.990412,0.96309,1.003345,1.006321,1.008334,0.998013,0.98354,0.966238,1.057436,0.994726,0.991211,0.986287,1.018217,1.007347,1.014422,0.998406,1.035852,1.014265
2017-09-30,1.120152,1.095782,1.083006,1.060772,1.08393,1.105542,0.982603,1.072782,1.054454,1.065116,1.077729,1.071471,1.1063749999999999,1.08613,1.088639,1.083411,1.057278,1.074488,1.10374,1.083082,1.072869,1.053814,1.079383,1.070239,1.111702,1.088265,1.094259,1.089852,1.055477,1.065606,1.080056,1.052843,1.069647,1.065131,1.090281,1.076477,1.090638,1.083485,1.071811,1.083953,1.068908,1.063692,1.052142,1.073912,1.087003,1.045232,1.063798,1.053632,1.100898,1.03047,1.020932,1.04172,1.044126,1.030561,1.048332,1.064015,1.045213,1.050537,1.048845,1.022085,1.017337,1.053619,1.054739,1.036244,1.040083,1.02737,1.060102,1.043634,1.029619,1.047663,1.041282,1.075393,1.022453,1.050472,1.011732,1.053557,1.02103,1.018191,1.031523,1.058689,1.031504,1.029017,1.041229,1.031251,1.029574,1.014057,1.023042,1.009954,1.033092,1.016648,0.947054,1.065857,1.040594,1.027146,1.030063,1.01611,1.020565,1.006346,0.993373,1.036084
2017-10-31,0.979711,0.992422,1.014746,1.008495,0.992571,1.007126,1.03638,1.028155,1.005787,0.947032,0.973572,1.03541,1.02084,1.002429,1.003504,1.013092,1.001797,0.978072,0.970609,1.012845,0.977432,0.982987,1.031687,0.991441,1.023998,1.016528,1.00803,1.04574,1.009851,1.033678,0.977544,1.002411,1.030931,1.006491,1.00943,0.993632,0.978909,1.011497,1.023855,0.98638,0.994226,1.022931,1.005702,1.014875,1.019873,0.991201,1.010383,0.985404,1.026155,1.007739,1.018365,1.025953,1.049058,1.026689,1.01772,1.058783,1.000858,1.013299,1.030519,0.987157,1.030299,1.014539,1.026406,1.018209,1.04266,1.011141,1.039529,1.013282,1.019895,1.025617,1.012522,1.007941,1.00792,1.031612,1.031812,1.051765,1.026054,1.013017,1.003733,1.013669,0.994131,1.01855,0.993218,1.008346,1.024317,1.036908,1.031869,1.020269,1.001906,0.998403,0.961786,1.000011,1.028785,0.999356,1.061336,1.029682,1.013734,1.023177,1.072778,0.997442
2017-11-30,1.031051,1.02556,1.021787,1.03118,1.047963,1.042935,0.995414,1.013102,0.987081,0.981839,1.014153,1.041777,1.014039,1.012234,1.032488,1.06344,1.005376,1.04553,1.116967,1.078796,1.020181,1.013535,1.00144,1.009639,1.034762,1.029925,1.035199,1.057151,1.060201,0.992911,1.014085,0.972697,1.018346,1.016238,1.038659,1.057814,1.035731,1.029443,1.036574,1.057446,0.976776,1.0082,1.0057450000000001,1.048119,1.041654,1.029203,1.049612,0.993726,1.110935,1.078691,1.113038,1.01975,1.039509,1.008193,1.042486,1.025631,1.034504,1.064769,1.040013,1.016438,1.057468,1.053324,1.014836,1.033249,1.02625,1.028763,1.013134,1.060104,1.027128,1.040704,1.006925,1.00836,1.0630060000000001,1.049232,1.075765,1.0688,1.040724,1.041191,1.052142,1.060756,1.004568,1.002002,1.0009,1.016161,1.017486,1.01515,1.042921,1.032996,1.029778,1.067988,0.986733,1.009519,1.027228,1.009954,1.037825,1.011291,1.011083,1.045956,1.036149,1.050595
2017-12-31,1.033456,1.000675,0.995835,0.989611,0.986506,0.985114,1.027076,0.950769,1.053343,0.948002,1.00707,0.96734,1.025644,0.973988,0.973716,0.985914,0.979157,1.002033,1.047988,1.004932,1.005574,1.020541,0.985957,0.971971,0.985591,0.988617,0.993296,1.016525,1.01134,1.048172,1.0072,1.014289,1.010043,0.987222,0.98611,0.999618,1.013934,1.050494,1.010223,1.001677,0.991198,0.986266,1.018783,0.982698,0.966811,1.00954,0.991003,1.011573,1.027706,1.026121,1.032951,1.022153,1.005591,0.972393,0.98171,1.002885,1.009631,1.013875,1.007871,1.022857,0.992021,1.00478,1.040265,0.980758,1.006105,1.025695,0.996688,1.025468,1.021694,0.998448,1.00323,1.045956,0.994846,0.987546,0.977658,1.015791,0.993593,1.030536,1.023086,1.017129,1.093238,1.024137,1.024599,1.038385,0.992312,1.002511,0.997836,1.005796,1.013006,1.042453,1.038603,1.022852,1.009617,1.011143,1.006301,1.01066,0.999357,1.021273,1.003282,1.021202
2018-01-31,1.036176,1.026348,1.001579,0.992213,1.015958,1.002343,0.970691,1.014416,1.015269,0.9666440000000001,1.069352,1.012448,1.032084,1.005123,1.009358,1.022045,0.992451,1.050115,0.973314,0.961174,1.046414,1.007302,1.046954,1.02002,1.039547,0.996912,1.016426,1.01392,1.015207,1.027116,1.073569,1.001351,1.012514,1.018518,1.01886,1.038676,1.013542,1.041773,1.017375,0.981698,1.056641,1.006123,1.034397,1.016096,1.026511,1.023534,1.040454,1.104165,0.992367,1.019267,1.132577,1.008651,1.023013,1.025432,1.026155,1.049559,1.048956,1.038671,1.025342,1.018093,1.056114,0.999756,1.035843,1.05147,1.023411,1.024489,1.061587,1.053051,1.047831,1.025111,1.032374,1.04443,1.056944,1.030982,1.05536,1.052193,1.065564,1.070613,1.039929,1.052643,1.068062,1.050052,1.048057,1.036977,1.043428,1.037461,1.050361,1.034561,1.060939,1.037096,1.113506,1.019979,1.075451,1.063059,1.110366,1.059218,1.045586,1.054012,1.067853,1.068396
2018-02-28,0.967498,0.950069,0.964587,0.974462,0.949675,0.941257,0.982314,0.91765,0.968423,0.957945,0.990482,0.987632,0.941478,0.962552,0.960403,0.972229,0.966855,0.974604,0.968006,0.960976,0.983587,0.977518,0.973175,0.974104,0.956028,0.951077,0.959251,0.964987,0.95439,0.98545,0.970916,0.961373,0.944761,0.973877,0.952989,0.968857,0.94862,0.962612,0.957999,0.940494,1.007132,0.945605,0.96902,0.941834,0.930944,0.963688,0.926946,0.966529,0.960972,0.987066,0.964716,0.976101,0.98053,1.012415,0.937883,0.953239,0.94936,0.948567,0.943602,0.9138189999999999,0.94994,0.972526,0.936852,0.995558,0.966932,0.985219,0.9371389999999999,0.945134,0.9581770000000001,1.00437,0.964267,0.946576,0.97106,0.948814,0.976671,0.965342,0.93815,0.945806,0.976085,0.943625,0.946259,0.956193,0.95881,0.965352,0.969513,0.956495,0.970368,0.964451,0.978481,0.963087,0.994966,0.916493,0.9492389999999999,0.956169,0.977871,0.962129,0.974211,0.952167,1.00866,0.953304
2018-03-31,0.986189,1.034088,1.053352,1.047318,1.032275,1.030581,1.037889,0.98824,1.010547,1.075231,0.974651,1.025349,0.989731,1.049342,1.021436,1.050411,1.003323,1.055846,1.022857,1.067085,0.970019,1.022436,1.022073,1.019844,1.026343,1.011728,1.010548,1.036702,1.043243,1.023351,1.016167,1.041371,1.012826,1.002245,1.028453,1.002406,0.979018,0.978545,1.000708,1.027481,1.015376,1.028608,1.025529,1.01462,1.01646,1.01014,0.986869,0.996557,1.008237,0.991645,1.030688,0.976211,1.006171,1.004644,1.011791,0.997062,0.995704,1.004545,1.02984,1.00586,1.004225,1.038024,1.007002,1.001467,1.025541,1.011359,1.011867,0.996132,0.992763,0.986971,0.98045,1.008102,0.990924,1.008151,0.995521,1.011946,0.986598,0.991878,0.99753,0.997133,0.99606,1.002168,1.011979,1.012516,1.010656,0.995371,0.995316,0.978065,0.976367,0.981528,0.98163,0.979454,0.970379,0.968498,0.958904,0.939821,0.971925,0.977976,0.962865,0.970035
2018-04-30,1.001775,1.041995,1.006585,1.002693,1.023893,1.009912,1.015163,1.057181,0.985742,1.03538,1.023142,1.00236,1.013435,1.014602,1.007821,1.021446,1.031353,0.997672,1.011558,1.01943,1.002654,1.05534,1.000195,1.014433,1.008252,1.005616,1.004092,0.992797,1.025524,1.016565,1.06939,1.030214,1.05468,1.016685,0.997248,1.00541,0.965882,1.009062,0.983042,1.011679,1.054223,1.043788,1.029576,1.00718,1.00825,1.019432,0.982376,1.021311,0.963881,0.987597,0.97027,1.003763,1.003501,0.989461,1.004816,0.92949,1.005465,1.020607,0.974192,0.985057,1.005012,1.013228,1.041509,0.976772,0.970253,0.997362,0.990161,0.994204,0.986105,0.997266,1.004223,1.032542,1.009204,1.014333,1.033188,0.988265,0.997413,0.969086,0.999968,0.985009,0.983139,1.048719,1.019851,0.99275,1.002378,1.005841,0.990598,0.995318,0.99247,0.983598,0.939747,1.089451,1.006184,1.003887,0.999927,1.021124,0.986256,1.018473,1.010786,0.985366
2018-05-31,1.125131,1.049044,1.028639,1.043908,1.044366,1.045331,1.05477,1.045724,1.080058,1.117067,1.089101,1.100766,1.098648,1.06675,1.104983,1.04921,1.106465,1.107828,1.03772,1.038673,1.090942,1.057766,1.069975,1.070995,1.074296,1.052427,1.054514,1.047733,1.057185,0.954489,1.126487,1.04387,1.042144,1.068533,1.075823,1.072579,1.046218,1.125975,1.01639,1.078334,1.116133,1.085661,1.054043,1.083003,1.081518,1.0804529999999999,1.03779,1.072462,1.020199,0.982521,1.087011,1.054935,1.022218,1.061425,1.029323,1.046677,1.06295,1.018829,1.026353,0.973179,1.078837,1.024134,1.050756,1.069111,1.031419,1.036692,1.046433,1.037566,1.037348,1.046154,1.052775,1.046789,1.010279,1.002719,1.004175,1.074517,1.05471,1.031476,1.004704,1.014177,1.042732,0.987893,0.99961,1.018016,0.989109,1.014846,0.998242,0.994681,0.986208,1.008542,1.005484,0.99463,1.022027,0.987611,1.064116,1.026739,1.014116,1.013255,1.067976,1.014575
2018-06-30,0.997115,1.007125,1.025079,1.014486,1.017526,1.016046,1.003655,1.032866,1.082163,1.010268,1.009812,1.015899,1.017211,1.006233,1.028506,1.03165,1.068104,1.04422,1.062411,1.0472,1.010754,1.007798,1.003646,1.003001,1.002174,0.999831,0.998986,1.041393,1.027987,1.027876,1.02989,1.034942,1.017484,0.994602,0.987539,1.021441,0.998411,0.98813,1.017491,0.996031,1.004122,0.98552,0.98988,0.999833,1.033723,1.0051619999999999,0.998627,0.993116,1.085546,1.009012,0.948044,0.990568,0.978287,0.985053,1.00731,0.982534,1.005766,1.019897,1.018534,1.01464,0.993587,0.995115,0.994157,0.99088,0.999445,0.984636,0.987074,1.022379,1.014914,0.992757,1.023457,1.026591,0.992275,0.976037,1.022491,0.991667,1.014494,1.006929,1.027982,1.003971,1.012173,1.024304,1.012918,0.969034,0.983475,0.983991,0.998219,1.016971,1.00441,1.028312,1.103636,1.020631,1.012451,0.993349,0.997595,1.006043,0.995616,1.014934,1.006335,1.00487
2018-07-31,0.977003,0.993804,0.99718,1.024536,1.014753,0.998077,0.994601,1.029392,0.999807,0.974628,0.99001,0.992913,1.003175,1.020438,1.0152079999999999,1.002048,0.971512,0.970075,1.027624,0.983416,1.015656,1.033298,1.02719,1.021256,1.017972,1.009487,1.027685,1.029411,1.042919,0.997412,1.008311,1.035158,1.019813,1.006977,1.060792,1.029252,1.036389,1.041612,1.0184,1.04709,0.979883,1.017798,1.030768,1.021346,1.020656,1.029063,1.021535,0.993129,1.028583,1.021161,0.995284,0.994006,1.010219,1.014334,1.045688,1.040625,1.004186,1.029762,1.024166,1.02853,0.987335,1.000398,1.013741,1.015642,1.035035,1.039663,1.033682,1.051042,1.016552,1.022819,0.998885,1.033719,1.039197,1.018932,1.028862,1.040386,1.031492,1.020084,1.029495,1.032046,1.019171,1.009455,1.064881,1.05318,1.027204,1.027418,1.024838,1.017035,1.05865,1.022249,0.86934,1.031172,1.013373,1.034888,1.066557,1.055391,1.005271,1.046536,1.040913,1.041521
2018-08-31,1.039747,1.018174,1.022159,1.032873,1.013173,1.052078,1.059948,0.969794,1.044756,0.986777,1.061361,1.0258,1.038302,1.014023,1.04284,1.038081,0.969093,1.043237,1.06176,1.057796,1.087709,1.09537,0.989847,1.048769,1.043056,1.038964,0.998399,0.99714,1.041916,1.041255,1.070311,1.070279,1.03624,1.015205,1.040063,1.01451,1.042087,1.031901,1.058075,0.9373819999999999,1.06025,1.005229,1.021983,1.047738,1.021358,1.043904,1.03209,1.015782,0.992753,1.040987,1.13165,1.065396,1.059232,1.051945,1.094078,1.047633,1.028928,1.041483,1.01453,1.025755,1.086161,1.030307,1.00448,1.030081,1.0354700000000001,1.030466,0.984373,1.043377,1.0383,1.070042,1.106727,1.015447,1.015166,1.065233,0.99635,1.061306,1.020193,1.019241,1.031614,1.022607,1.140776,1.012663,0.983086,1.018938,1.026313,1.00084,1.014223,1.020295,1.031545,1.042254,1.011807,1.039773,0.979146,1.016866,1.024013,1.017362,1.028035,1.041801,1.08436,1.030287
2018-09-30,0.986618,0.970512,0.981771,0.954729,0.977781,0.997616,0.972977,0.962328,0.964935,0.976919,0.960878,0.968499,0.982355,0.946955,0.96011,0.959222,0.966619,0.974455,0.983325,1.02649,0.957336,0.958565,0.966666,0.966446,0.969447,0.941089,0.960285,0.962849,0.978104,1.002917,1.018569,1.003878,0.991122,0.951306,0.968787,0.985418,0.992738,0.948642,0.997991,0.958402,0.964899,0.979419,0.989438,0.973224,0.965618,0.975218,0.971819,0.977726,0.961235,1.011266,1.023516,0.998424,0.955819,0.966388,0.995237,0.96975,0.959519,0.997694,0.964105,0.968403,0.979763,0.998801,0.975978,0.969471,0.996262,0.988406,0.95491,0.978294,1.008432,1.010523,0.951769,1.017816,1.016509,0.997948,1.009243,1.001551,0.994535,1.006238,0.993539,0.995618,0.993728,0.965579,1.002561,1.01543,0.989865,1.000089,0.988953,1.012195,1.006914,0.998912,0.87771,0.991177,1.014398,0.992157,0.990173,1.002736,1.014126,1.018004,1.003654,1.013973
2018-10-31,0.859899,0.90569,0.918307,0.926536,0.9263399999999999,0.910703,0.950849,0.910603,0.922791,0.929441,0.864211,0.848462,0.9215180000000001,0.927329,0.8986810000000001,0.8703609999999999,0.9198999999999999,0.9357219999999999,0.816568,0.869688,0.8340190000000001,0.89584,0.924201,0.917489,0.908927,0.8709169999999999,0.915169,0.897804,0.863305,0.854452,0.8189770000000001,0.915387,0.916688,0.8834420000000001,0.893886,0.917436,0.885971,0.842259,0.890157,0.928712,0.84394,0.950788,0.8799520000000001,0.895496,0.884593,0.8721490000000001,0.906574,0.918705,0.895615,0.8576280000000001,0.850894,0.950245,0.897631,0.912059,0.950771,0.909041,0.923901,0.911644,0.87254,0.899385,0.872096,0.902053,0.904874,0.905841,0.894772,0.866626,0.905487,0.91361,0.886752,0.9085300000000001,0.852968,0.896352,0.8946810000000001,0.908696,0.957002,0.913857,0.919453,0.940621,0.9293899999999999,0.9252940000000001,0.858322,0.911851,0.901696,0.86755,0.941952,0.920048,0.954398,0.873023,0.910284,0.926453,1.274011,0.933995,0.921211,0.92919,0.916389,0.950226,0.955798,0.955131,0.915371,0.917093
2018-11-30,0.979569,0.973725,1.001059,0.992923,0.975971,1.008092,0.97455,0.961629,0.974279,0.908903,0.989468,0.985982,1.017939,1.014447,0.994493,0.995714,1.056494,0.946926,0.947262,0.9165179999999999,1.01542,1.037195,1.002717,0.987789,1.025904,1.027348,1.00252,0.989892,0.99633,0.9865120000000001,1.045691,0.99889,1.016806,1.065456,1.042191,1.064196,1.007655,1.005172,1.006855,1.012916,0.990134,1.015357,0.982126,1.049423,1.035521,1.056675,1.042461,1.032987,0.981241,0.995516,1.013962,0.942312,1.003516,1.017977,1.018909,0.97981,1.0551,1.032607,1.010457,1.047072,1.027703,1.057816,1.022465,1.041627,1.042584,1.035958,1.025937,1.0329,1.05961,1.05984,0.988517,0.979442,1.001354,1.036583,1.001771,1.004777,1.037764,1.03314,1.018751,0.995207,1.032214,1.009446,1.0086,1.015432,1.04069,0.978788,1.020219,1.015981,1.023068,1.041938,1.039013,1.040778,0.997738,1.019884,1.022302,1.01122,1.035436,1.027357,0.97847,1.044864
2018-12-31,0.833049,0.909054,0.916164,0.910133,0.899241,0.9024179999999999,0.890213,0.854143,0.929459,0.897912,0.860438,0.855305,0.906787,0.890108,0.896184,0.897552,0.883317,0.875509,0.860136,0.855637,0.883057,0.889759,0.913029,0.880844,0.877434,0.875807,0.886238,0.846575,0.923271,0.850545,0.860496,0.897302,0.8989240000000001,0.861107,0.86541,0.903386,0.877458,0.894008,0.8556010000000001,0.849792,0.916003,0.926976,0.839777,0.880066,0.866366,0.8743,0.857246,0.857696,0.878304,0.885635,0.897343,0.917963,0.876294,0.866512,0.890447,0.863603,0.872089,0.913215,0.881786,0.8908929999999999,0.889767,0.844261,0.874853,0.893252,0.890272,0.8639,0.887663,0.895472,0.886101,0.88678,0.883637,0.8927,0.898956,0.899806,0.903517,0.891829,0.854238,0.913038,0.890018,0.9107879999999999,0.912238,0.948332,0.853002,0.881509,0.9033100000000001,0.894569,0.926797,0.900611,0.895226,0.917751,0.949555,0.932381,0.875791,0.921582,0.926158,0.897895,0.913094,0.917954,0.899762,0.930971
2019-01-31,1.156292,1.075817,1.058156,1.05553,1.042392,1.110342,1.096736,1.204356,1.054838,1.092307,1.093775,1.157063,1.088423,1.084725,1.092183,1.091682,1.053598,1.09836,1.089983,1.125184,1.105518,1.127897,1.074949,1.060321,1.106455,1.101921,1.126937,1.104298,1.121883,1.141842,1.113212,1.109505,1.080172,1.110932,1.12432,1.087382,1.083165,1.104614,1.122828,1.148591,1.176628,1.092851,1.133375,1.089986,1.148871,1.11744,1.113037,1.129549,1.119746,1.192671,1.214797,1.123932,1.09159,1.114145,1.067601,1.149882,1.129043,1.085066,1.122755,1.1259649999999999,1.222206,1.154492,1.128475,1.091731,1.115449,1.148329,1.130365,1.088054,1.099138,1.115208,1.188952,1.082654,1.114071,1.111082,1.077901,1.084856,1.103574,1.097938,1.103993,1.080405,1.183523,1.068149,1.202035,1.136624,1.079838,1.0955840000000001,1.073818,1.12649,1.120885,1.072502,0.922536,1.043669,1.118344,1.108028,1.076849,1.078799,1.097691,1.043203,1.077064,1.073062
2019-02-28,1.068563,1.027124,1.068514,1.046554,1.080689,1.015637,1.061968,1.047096,1.023284,1.054504,1.059299,1.052162,1.035126,1.055209,1.061879,1.07268,1.04616,1.056438,1.061832,1.085328,1.061538,1.058342,1.038252,1.04346,1.089601,1.051068,1.058443,1.021936,1.053465,1.058957,1.059079,1.028434,1.022386,1.065918,1.074924,1.035018,1.078098,1.066741,1.047666,1.041293,1.0734110000000001,1.033407,1.060831,1.044512,1.034463,1.043918,1.040109,1.040835,0.998125,1.06657,1.097929,1.017131,1.067481,1.036238,1.042093,1.088742,1.073394,1.03213,1.046457,1.120539,1.083813,1.032443,1.041415,1.03502,1.070654,1.066292,1.03803,1.05992,1.067149,1.077659,1.044803,1.039339,1.02182,1.072647,1.030512,1.021807,1.045659,1.025758,1.058295,1.061205,1.072839,1.012309,1.030883,1.025583,1.045273,1.061029,1.064228,1.040572,1.048437,1.049725,1.041887,0.979529,1.05498,1.043445,1.025235,1.02426,1.00148,1.053729,1.017427,1.046332
2019-03-31,1.001768,0.946085,0.975748,0.967653,0.950443,0.938608,0.916654,0.941713,0.961821,0.981743,1.006701,0.971709,0.949278,0.956323,0.964762,0.960518,0.976124,0.947101,0.872889,0.963244,1.002598,0.992053,0.968018,0.982512,0.961501,0.959114,0.968139,0.939924,0.973739,0.941628,0.984303,0.980672,0.973133,0.941039,0.948327,0.989359,0.944627,1.016058,1.00051,0.923286,1.021615,0.960171,0.968602,0.968754,0.96585,0.968415,0.982979,0.98675,0.981375,0.96691,1.0264,1.017138,0.963556,0.967154,0.983288,0.987065,0.988153,1.006763,0.989788,0.962121,0.9855119999999999,0.990539,0.97885,0.989302,0.981921,0.963079,1.008511,0.997996,0.989855,1.022463,0.980263,1.003871,0.99552,1.030203,1.007804,1.027049,1.022095,1.022582,1.016547,1.003988,0.977843,1.019251,0.997652,1.009377,0.988147,1.002729,1.020344,1.029699,0.996269,1.01268,0.874891,0.989966,1.007433,1.006232,1.024582,1.000998,1.014022,1.017989,1.052326,1.020384
2019-04-30,1.004897,1.004452,1.03494,1.015928,1.031024,1.0403,1.0317479999999999,0.990129,1.010304,0.990705,1.008502,1.050269,1.007503,1.048842,1.031768,1.04183,1.013104,0.983104,1.090397,1.051081,1.013296,1.027784,1.035058,1.040559,1.04013,1.036764,1.062589,1.039926,1.041572,1.02996,0.976211,1.031181,1.045319,1.022112,1.019292,1.039316,1.04027,1.073305,1.053843,1.064043,0.951803,1.051359,1.039003,1.073107,1.052946,1.058215,1.033092,1.084308,1.028978,1.058129,1.028273,1.068575,1.066769,1.056022,1.049868,1.047606,1.08691,1.030384,1.045953,1.042919,1.012625,1.042926,1.06891,1.050698,1.03127,1.059171,1.065881,1.039274,1.047525,1.050179,0.99034,1.035957,1.047522,1.043433,1.045618,1.041131,1.038959,1.02038,1.048531,1.023818,1.051454,1.041144,1.031782,1.037442,1.025809,1.051878,1.037477,1.045473,1.038043,1.03341,0.852891,1.072041,1.031532,1.068015,1.048334,1.042386,1.038058,1.048566,1.047622,1.022897
2019-05-31,0.944503,0.948005,0.9275059999999999,0.968017,0.924369,0.9163250000000001,0.913483,0.90696,0.929818,0.939254,0.912098,0.9022479999999999,0.944309,0.898848,0.949148,0.924484,0.891988,0.930226,0.8667469999999999,0.891987,0.957985,0.895935,0.936586,0.936956,0.900291,0.908568,0.904331,0.911134,0.907996,0.827159,0.908751,0.92873,0.915576,0.909333,0.905219,0.933613,0.86926,0.837759,0.8859779999999999,0.914615,0.962435,0.949598,0.881372,0.927606,0.889339,0.905956,0.908222,0.932696,0.8960710000000001,0.944966,0.973989,0.914265,0.915169,0.930566,0.943806,0.913253,0.929142,0.914612,0.900229,0.938262,0.916593,0.90271,0.935264,0.900853,0.9109510000000001,0.919045,0.899693,0.9248540000000001,0.916627,0.940881,0.993307,0.952346,0.948659,0.922588,0.935076,0.972003,0.90346,0.927345,0.954359,0.904453,0.9153020000000001,0.954792,0.885483,0.9176960000000001,0.974639,0.933069,0.928527,0.901632,0.949729,0.952249,0.775734,0.917202,0.913789,0.924916,0.915011,0.94138,0.952023,0.940865,0.919191,0.945096
2019-06-30,1.046051,1.027634,1.034805,1.043267,1.065084,1.094128,1.049404,1.022364,1.063224,1.036648,1.073551,1.063217,1.04726,1.067253,1.069462,1.031755,1.128869,1.044372,1.054608,1.084878,1.101234,1.072544,1.067176,1.069682,1.069838,1.054205,1.110333,1.081628,1.065946,1.165661,1.103135,1.050867,1.065469,1.090126,1.107901,1.054892,1.087291,1.132967,1.028825,1.1316950000000001,1.036897,1.072613,1.074751,1.084751,1.082608,1.120808,1.087623,1.043768,1.088465,1.090154,1.119828,1.008009,1.064037,1.026349,1.088317,1.114794,1.104373,1.07734,1.109513,1.08667,1.075416,1.082656,1.090067,1.086727,1.091832,1.088494,1.116068,1.081762,1.079496,1.077043,1.104919,1.088552,1.063645,1.081505,1.065015,1.044122,1.105797,1.084262,1.058255,1.063932,1.056776,1.042649,1.092343,1.100182,1.049903,1.08928,1.076732,1.085318,1.070465,1.054687,1.206848,1.063849,1.092932,1.083096,1.023666,1.0676,1.069437,1.073874,1.086075,1.063484
2019-07-31,0.949776,0.995297,0.993739,0.983003,0.978955,1.008944,0.94608,1.003438,0.971718,1.000559,0.969243,0.972216,1.024568,0.996129,0.987741,0.958671,0.972069,1.03897,0.993476,0.937188,0.964228,1.028491,1.028397,1.01769,0.994186,1.024205,0.981327,0.985357,0.909528,0.955857,0.995919,1.024302,0.996409,1.034739,0.983723,0.992686,1.040393,0.990594,0.960402,0.991764,1.001165,1.010381,1.013456,1.025025,1.032256,0.972167,1.005744,0.988072,0.9637249999999999,1.048571,1.013482,1.058054,1.00907,1.012681,1.019948,1.02584,1.001812,1.026564,1.01325,1.032179,1.031109,1.010699,1.033461,1.014309,1.015479,0.987065,1.016397,1.002155,1.031596,1.002972,1.038288,1.016929,0.995556,1.004473,1.010143,1.024652,1.016819,1.024047,1.002054,1.011837,1.031124,1.043223,0.999147,1.004046,1.000308,0.988556,1.016191,1.030721,0.992501,1.032151,0.966289,1.020059,1.006966,0.982247,1.042122,1.020153,1.012722,1.015009,1.006861,1.033856
2019-08-31,0.942158,0.928085,0.956506,0.942239,0.920002,1.007613,0.916831,0.906297,0.897259,0.884903,0.954656,0.885983,0.941266,0.932566,0.950496,0.898213,0.923297,0.916916,0.8849750000000001,0.846839,0.922741,0.979971,0.910497,0.900593,0.948622,0.98379,0.943436,0.96537,0.886495,0.891993,0.998398,0.956177,0.924716,0.929144,0.974705,0.943599,0.896282,0.959781,0.898884,0.972916,0.921941,0.961239,0.923578,0.950306,0.971236,0.940624,0.945446,0.9428570000000001,0.9326490000000001,0.885975,0.932465,0.957336,0.9172480000000001,0.921073,0.931949,0.9330080000000001,0.978726,0.923388,1.001836,0.950024,0.990698,0.986591,0.959689,0.9297,0.915194,0.960537,0.952331,0.931069,0.961071,0.949406,0.9486,0.942932,0.950301,0.998065,0.984392,0.951286,0.936105,0.940608,0.976032,1.001789,0.931264,0.957964,0.959779,1.029984,0.986229,0.957915,0.960625,0.974368,0.946751,0.985721,0.986507,0.960372,0.968197,0.991171,0.961445,0.969443,0.960792,0.983759,0.990632,1.020061
2019-09-30,1.004496,1.03563,1.039264,1.052808,1.067501,1.005416,1.073415,1.019262,1.032258,1.037864,0.968373,1.055486,1.059712,1.080439,1.056734,1.098817,1.055847,1.013345,1.100455,1.087207,0.949603,1.010476,1.05252,1.063152,1.0678,1.040071,1.029579,1.061675,1.067617,1.054873,0.975084,0.985367,1.025934,1.05264,1.029912,1.0633,1.084898,1.0633650000000001,1.051347,1.02166,0.932085,1.027639,1.04062,1.027527,1.02271,1.045001,1.017586,1.019011,1.026173,0.986409,0.966706,0.998149,1.032913,1.037623,1.052344,1.026203,1.036695,1.05466,1.010653,1.008553,0.92247,1.012404,1.037354,1.024695,1.050851,1.018358,1.037091,1.012007,1.053067,1.014294,0.914365,1.01952,1.05146,1.03884,1.036785,1.0358559999999999,1.022697,1.022557,1.0322230000000001,0.990531,0.962027,0.982358,1.035305,1.010709,1.015975,1.029196,0.996803,1.018446,1.042759,1.03288,1.025404,1.002293,1.040819,1.033027,1.018039,1.064247,1.014427,0.994563,1.002008,1.019929
2019-10-31,0.967239,0.985533,0.989044,1.013154,0.987857,1.032401,1.001524,0.955304,1.028541,0.920473,1.02402,1.016585,1.040523,1.002128,1.033451,1.01252,1.003856,0.93766,1.008703,0.954242,1.047152,1.015886,1.035963,1.013355,1.013049,1.022401,0.996293,1.009939,1.005655,0.955305,1.037686,1.02793,1.001397,1.046404,1.019222,1.020418,1.038082,1.067346,1.050305,1.069849,1.114683,1.041039,1.01335,0.98497,1.044545,1.011654,1.01722,0.989891,1.085448,1.029881,1.067709,0.994737,1.005116,1.013895,1.020079,1.015431,1.029262,1.031725,1.017626,0.995099,1.034094,0.958389,0.999489,1.006065,1.000802,1.013562,1.023593,1.001282,1.010409,1.000548,1.068538,1.027205,0.984436,0.978527,1.032024,0.982341,1.029382,1.006106,1.005274,1.047145,0.998166,0.922986,0.982545,1.007065,1.014964,1.011542,0.988154,1.017124,1.030029,1.018034,1.022306,1.034361,1.017906,1.001955,1.032938,1.039599,1.021431,1.04278,1.029977,1.028569
2019-11-30,1.035349,1.03962,1.029641,1.06689,1.013718,1.008497,1.00005,1.067963,1.059032,1.002673,1.118013,1.034065,1.026459,1.014479,1.034093,1.022654,1.035231,0.998546,1.030542,1.049329,1.130312,1.064802,1.019069,1.042744,1.03709,0.996235,1.033515,1.032218,1.083476,1.074179,1.052366,1.064324,1.031671,1.005971,1.039639,1.002026,1.003932,1.020965,1.042049,1.057929,1.127601,1.021436,1.03532,1.007037,0.990634,1.035466,1.043248,1.032729,1.028695,1.064755,1.095287,1.069518,1.042367,1.039663,1.040645,1.054015,1.031029,1.030781,1.009474,1.012979,1.047397,1.089847,1.049499,1.044666,1.033715,1.029955,1.021353,1.039825,1.046204,1.020173,1.175537,1.025182,1.014408,1.039274,1.033365,1.012267,1.090449,1.04441,1.034149,1.068931,1.058634,1.042596,1.047451,1.010572,1.023693,1.027532,1.062949,1.054955,1.031267,1.045473,1.036279,1.040943,1.037122,1.038582,1.038015,1.04149,1.04418,1.023834,1.03448,1.040673
2019-12-31,1.070267,1.040684,1.037277,1.036732,1.053619,1.026992,1.034749,1.031915,1.000755,0.961487,1.117465,1.038486,1.029163,1.041449,1.045462,1.045476,1.063539,0.992923,1.13219,1.022634,1.08946,1.076246,1.033322,1.036265,1.049783,1.020711,1.011515,1.011063,1.075346,1.05631,1.055006,1.011574,1.042346,1.024106,1.034221,1.056439,1.024008,1.030503,1.03244,1.043279,0.994869,1.014088,1.032282,1.037724,1.018145,1.059071,1.052327,0.995829,1.016725,1.075489,0.996029,1.028652,1.032856,1.021719,1.025316,1.040373,1.035814,1.017227,1.03109,1.01019,0.991066,1.005597,1.045567,1.048543,1.031354,1.021689,1.018378,1.023469,1.034351,1.030923,0.955736,1.03298,1.03477,1.007844,1.028449,1.022731,1.02313,1.040661,1.023075,1.016566,0.996659,1.029764,1.032289,1.039788,1.026116,1.026262,1.017359,1.030999,1.027249,1.034918,1.027867,1.00698,1.045621,1.018355,1.028063,1.014744,1.020987,1.027008,1.034704,1.040249
2020-01-31,0.987692,0.974984,0.947702,0.941152,0.920011,0.960375,0.895917,0.944717,0.897685,0.935586,0.958392,0.931049,0.9295370000000001,0.927368,0.942652,0.897268,0.937388,0.942914,0.879643,0.932728,0.939911,0.930262,0.975555,0.932694,0.95593,0.934985,0.918368,0.947442,0.965003,0.861013,0.978096,0.983384,0.942741,0.958554,0.925773,0.938019,0.968415,0.963064,0.907465,0.994523,1.001233,0.973512,0.940154,0.956683,0.986903,0.94535,0.941806,0.957269,0.948637,0.960328,0.981174,1.004659,0.96221,0.977411,0.958581,0.963607,0.981245,0.9344939999999999,1.00424,0.965586,1.012143,1.012651,0.998436,0.971378,0.988918,0.945914,0.96485,0.975477,0.955597,0.977092,1.037079,0.956513,1.00887,0.997648,0.999155,0.992623,0.980694,1.003458,0.985017,0.977554,1.085424,0.975111,0.990652,1.022434,1.007795,0.982222,0.967426,0.993644,0.964086,0.962576,0.990222,1.03859,1.038339,0.971508,1.005028,0.960895,0.974324,0.978431,1.033885,1.015232
2020-02-29,0.94016,0.91593,0.929382,0.936557,0.925995,0.887903,0.956089,0.941059,0.876487,0.962402,0.971385,0.921602,0.923921,0.907564,0.908506,0.93085,0.902095,0.903685,0.915355,0.927346,0.958262,0.915697,0.8936040000000001,0.896676,0.874761,0.893243,0.902468,0.910344,0.913644,0.883507,0.922267,0.935297,0.910779,0.9028780000000001,0.888206,0.899822,0.878716,0.905074,0.862754,0.861214,0.972803,0.933505,0.887488,0.904239,0.916979,0.93721,0.91801,0.9226449999999999,0.850474,0.940227,0.981523,0.921674,0.894769,0.904105,0.900721,0.877096,0.9145030000000001,0.89836,0.905118,0.846856,0.965866,0.920728,0.937887,0.896181,0.931092,0.88663,0.88044,0.925101,0.892441,0.879166,1.013536,0.897161,0.882907,0.9194370000000001,0.904766,0.92214,0.900263,0.906565,0.933835,0.907303,0.934127,0.959844,0.880659,0.895507,0.908628,0.902766,1.00219,0.908201,0.905154,0.921739,0.919636,0.919755,0.905267,0.888408,0.914655,0.913876,0.907694,0.938678,0.934823,0.9120079999999999
2020-03-31,0.809191,0.790177,0.767498,0.7599,0.759604,0.752825,0.7383850000000001,0.7372289999999999,0.675405,0.7334959999999999,0.8067150000000001,0.6817409999999999,0.797833,0.7496309999999999,0.767033,0.770919,0.7138690000000001,0.6687890000000001,0.6353260000000001,0.680034,0.775802,0.793481,0.779632,0.735947,0.820551,0.7076610000000001,0.808939,0.808424,0.681473,0.568553,0.807703,0.83789,0.7353540000000001,0.81304,0.810391,0.770251,0.768503,0.73412,0.700949,0.681081,0.834245,0.809206,0.767995,0.800107,0.8271040000000001,0.778705,0.897583,0.681074,0.798284,0.617512,0.886262,0.865567,0.777222,0.834093,0.758033,0.653863,0.747349,0.7483310000000001,0.775801,0.715553,0.843822,0.798301,0.76615,0.739337,0.796529,0.7337549999999999,0.7556970000000001,0.808754,0.815382,0.7414499999999999,0.884089,0.750955,0.7821819999999999,0.8020970000000001,0.8045910000000001,0.782465,0.785726,0.817189,0.8347180000000001,0.901095,0.800061,0.816847,0.763708,0.924277,0.832453,0.7397819999999999,0.901296,0.8402229999999999,0.803055,0.888203,0.883377,0.84373,0.821078,0.862891,0.85718,0.8142940000000001,0.925977,0.853205,0.947602,0.890823
2020-04-30,1.212043,1.13642,1.067697,1.049667,1.034519,1.123452,1.125678,1.036451,1.1898360000000001,1.197916,1.192773,1.170457,1.12841,1.104797,1.12565,1.196963,1.132174,1.263969,1.269758,1.259753,1.182331,1.154771,1.13148,1.1545969999999999,1.09343,1.125862,1.10443,1.1640190000000001,1.262097,1.235619,1.163737,1.07206,1.157276,1.1272739999999999,1.076235,1.172418,1.15906,1.175262,1.279557,1.261325,1.175209,1.169474,1.135534,1.108839,1.106404,1.144184,1.139984,1.14189,1.170451,1.289507,1.193294,1.112275,1.12356,1.112116,1.136195,1.1584430000000001,1.159956,1.204478,1.104901,1.206367,1.2529970000000001,1.124026,1.201918,1.238956,1.1651289999999999,1.135029,1.157996,1.1467640000000001,1.15868,1.171058,1.1753719999999999,1.140224,1.08864,1.118506,1.119511,1.160904,1.121928,1.176912,1.160096,1.122291,1.1629559999999999,1.161979,1.186553,1.139865,1.135917,1.137012,1.093479,1.1704080000000001,1.141744,1.1287829999999999,1.029568,1.12316,1.181105,1.107008,1.169408,1.058271,1.107474,1.154885,1.138679,1.131581
2020-05-31,1.104961,1.045691,0.991372,1.007494,1.015006,1.004364,1.010751,1.121032,0.999848,1.101687,1.109536,1.041874,1.053465,1.046778,1.056388,1.039967,1.021886,1.036792,1.039035,1.026107,1.095422,1.047653,1.02105,1.021745,1.028721,1.054435,1.01557,1.097458,1.08007,1.021598,1.089587,1.103081,1.052911,1.008963,1.006673,1.062091,1.056561,1.0996299999999999,1.06068,1.117417,1.11919,1.077869,1.006902,1.040413,1.0705149999999999,1.055413,1.070563,1.133011,1.121,1.189792,1.11888,1.058129,1.044263,1.030523,1.073345,1.035287,1.108966,1.090015,1.135125,1.075452,1.159793,1.065434,1.089019,1.068267,1.086103,1.023444,1.025048,1.07304,1.070795,1.112743,1.162053,1.031277,1.065621,1.06183,1.061683,1.087241,1.06276,1.098627,1.075022,1.07222,1.231384,1.031403,1.058432,1.035932,1.056489,1.094993,1.064678,1.0778240000000001,1.084033,1.0669089999999999,0.989896,1.056587,1.050592,1.058603,1.051375,1.016742,1.035753,1.079061,1.031305,1.059292
2020-06-30,1.108982,1.024902,1.055314,1.039828,1.031965,1.018368,1.075968,1.064279,1.005829,1.202464,1.040272,1.10334,1.049622,1.049051,1.052552,1.040854,1.064427,1.106736,1.039467,1.037836,1.06778,1.006365,1.037053,1.016005,1.024253,1.063315,1.016346,1.028252,1.061644,1.063502,1.067616,1.042813,1.034201,1.026183,1.002769,1.006154,1.04082,1.07961,0.951447,1.067295,1.038235,1.002995,1.029333,1.000436,1.029154,1.028583,1.040799,1.081961,1.004887,0.98226,1.067616,1.004328,1.000949,0.985065,0.968022,1.069066,1.058474,1.022359,1.026265,1.052324,1.059447,1.056943,0.994821,1.044275,1.019728,1.00288,0.996169,0.991577,1.014803,1.015491,1.044172,0.995542,0.987495,0.991566,0.995871,1.002903,1.025982,1.032573,1.005786,0.985535,1.097514,0.997046,1.007031,1.014309,0.993075,0.992162,1.013648,1.015958,1.051263,1.027315,0.960753,1.008853,1.060409,0.994288,0.993961,0.987974,0.981623,1.009328,1.046324,1.056771
2020-07-31,1.1104289999999999,0.980556,0.997612,0.963992,0.964255,0.99632,0.915764,0.91606,0.969713,0.988896,1.014991,1.051709,0.948442,0.947493,0.993764,1.032138,0.953674,0.970062,1.066916,1.042732,0.959257,1.048787,1.024661,1.007336,1.002902,1.013101,0.983005,1.035311,0.965747,1.033962,1.055858,1.033652,1.051998,0.997692,1.046879,1.036053,1.034736,1.043675,1.067039,1.070579,1.027419,1.085028,1.053304,0.982588,1.00549,1.051412,1.001617,1.006627,1.007737,1.054897,0.979158,1.060837,1.029497,1.048068,1.015528,1.032418,1.064065,1.010585,1.045776,1.045345,1.005685,1.076421,1.034509,1.032861,1.02957,1.006024,1.077235,1.05614,1.05071,0.998628,1.11725,1.05524,1.063844,1.019548,1.051342,1.0926960000000001,1.044876,1.081459,1.056174,1.037103,1.096058,1.11046,1.096295,1.087578,1.038494,1.079429,1.06247,1.030979,1.058034,1.053972,1.059945,1.058968,1.024934,1.113715,1.083123,1.034942,1.076509,1.061897,1.047414,1.085505
2020-08-31,0.972833,1.055121,1.051578,1.033786,1.091536,1.113148,1.048089,1.055093,1.099768,1.104099,1.032224,1.059711,1.064717,1.0707200000000001,1.096111,1.062659,1.126101,1.051773,1.089332,1.189433,1.061596,1.019584,1.030815,1.038069,1.011712,1.037276,1.102366,1.14415,1.073782,1.096613,1.085797,1.008476,1.047862,1.08024,1.080102,1.038109,1.058273,1.119181,1.042126,1.084291,1.08916,1.036962,1.034196,1.032925,1.039668,1.051501,1.019132,1.084325,1.090022,1.081091,1.154358,1.008057,1.022608,1.027144,1.047639,1.018695,1.058234,1.085719,1.071314,1.037928,1.022952,1.027037,1.032653,1.005844,1.022575,1.043098,1.06322,1.063156,1.066683,1.049661,1.057579,0.988028,1.041817,1.021398,1.025482,1.026062,1.046385,1.069835,1.059995,1.053494,0.953899,1.077005,1.009948,1.009226,1.022371,1.01147,1.020205,1.007102,1.065885,1.044872,1.080712,1.131916,1.030901,1.185775,1.025088,1.064475,1.031199,1.08302,1.092508,1.12208
2020-09-30,1.007862,0.99309,0.98233,0.983546,0.978553,0.974885,0.996039,0.982557,0.994517,0.899179,0.98272,0.968609,0.935989,0.919861,0.91255,0.969576,1.02474,1.028658,0.9583699999999999,0.95894,0.943425,0.943783,0.936657,0.955735,0.970476,0.953038,0.880252,1.004676,0.98278,0.908915,1.000058,0.969435,0.975976,0.9133560000000001,0.959627,0.95816,0.932699,0.956699,0.953552,0.939827,1.065908,0.964112,0.928999,0.926083,0.964311,0.940236,0.944632,0.975559,0.969344,0.965491,0.993664,0.971886,0.944638,0.951141,0.910313,0.956458,0.983144,1.003159,0.947577,0.965069,0.999844,0.946381,0.942733,0.958977,0.942042,0.965463,0.983589,1.007251,0.950136,0.980165,1.082371,0.952044,0.959945,0.963565,0.993423,0.986337,0.989081,0.97452,0.991416,0.972318,1.00849,1.019559,0.9858,0.984265,0.984069,0.988767,0.95892,0.96868,0.997678,0.973854,0.986605,0.964345,0.940301,0.92641,0.968637,0.940338,0.979509,0.967791,0.958905,0.952561
2020-10-31,0.93554,1.008938,1.020634,1.019179,1.033611,1.055443,1.031388,0.95967,1.048934,0.977818,0.981833,1.007005,1.05411,1.085706,1.033043,1.040968,1.035774,0.989501,0.963459,1.053027,1.015121,1.017834,1.058161,1.052908,1.082124,1.063247,1.085094,1.042172,0.988701,0.978533,0.960409,1.056617,1.051347,1.045882,1.049324,1.084828,1.033836,1.025823,1.030069,1.0412,1.001965,0.962579,1.079885,1.070141,1.047968,1.028897,1.0322,1.062607,1.019624,1.042756,1.015268,1.025222,1.059271,1.052995,1.067223,1.035648,1.01323,1.022967,1.013779,1.024238,1.04513,1.044164,1.01371,1.021707,1.047043,0.960375,1.046766,1.003878,1.03183,0.967832,1.024187,1.028652,0.991061,1.029427,1.019094,1.034445,1.007785,1.014411,0.963845,1.008672,1.02275,1.036615,1.006507,1.000057,1.020188,0.991054,1.009032,1.015405,1.030386,0.988048,0.978723,0.948725,0.985779,0.951439,0.997607,1.00609,0.990593,0.980726,0.954064,0.942455
2020-11-30,1.225775,1.241395,1.237878,1.20097,1.205554,1.244702,1.240952,1.295647,1.323878,1.188553,1.237612,1.213066,1.229039,1.199313,1.19838,1.191664,1.230057,1.197131,1.231995,1.197814,1.232462,1.183754,1.167614,1.208705,1.175042,1.1821709999999999,1.22113,1.1510340000000001,1.251218,1.344282,1.208578,1.21831,1.190505,1.18463,1.139415,1.135653,1.172153,1.1862460000000001,1.1365750000000001,1.179857,1.271167,1.164194,1.1703999999999999,1.145399,1.117017,1.198935,1.186608,1.2223410000000001,1.249626,1.275516,1.176285,1.106914,1.165155,1.156281,1.2025649999999999,1.1702080000000001,1.176472,1.245906,1.106238,1.143925,1.138133,1.119585,1.176143,1.1469260000000001,1.147055,1.1815579999999999,1.134693,1.148116,1.1742569999999999,1.178352,1.193055,1.148398,1.161629,1.104381,1.106446,1.11029,1.166294,1.116675,1.142347,1.175157,1.242878,1.150413,1.156928,1.073244,1.115472,1.086413,1.144742,1.124728,1.1315330000000001,1.1118,1.213475,1.138128,1.142929,1.209794,1.107536,1.106452,1.124114,1.102248,1.093911,1.096521
2020-12-31,1.134835,1.084155,1.070171,1.059107,1.062733,1.065885,1.083524,1.035745,1.163003,1.112796,1.067815,1.10117,1.063933,1.125047,1.06075,1.098154,1.08429,1.079486,1.120374,1.14731,1.078068,1.158948,1.0981,1.077576,1.082935,1.085852,1.12453,1.123999,1.102663,1.089721,1.128862,1.094569,1.10522,1.084673,1.100994,1.066668,1.100726,1.051309,1.077555,1.042896,1.174383,1.094551,1.086053,1.08324,1.076263,1.083016,1.06646,1.075412,1.101546,1.113109,1.135454,1.060734,1.097332,1.080476,1.050089,1.090457,1.079004,1.085381,1.054465,1.010852,1.060185,1.029924,1.073606,1.049045,1.073725,1.059941,1.092413,1.072861,1.065583,1.03721,1.076435,1.048199,1.042248,1.07392,1.059555,1.045992,1.075198,1.053364,1.037656,1.088702,1.031693,1.073849,1.09334,1.009624,1.048759,1.02562,1.047767,1.028799,1.025462,1.00796,1.017403,1.001486,1.088902,1.117197,1.040575,1.012764,1.048852,1.009635,1.033677,1.064227
2021-01-31,1.256491,1.081643,1.050928,1.026331,1.1045989999999999,1.130639,1.115273,1.101941,1.089964,1.055278,1.160974,1.060366,1.068493,1.050223,1.06957,1.08637,2.829193,1.030318,1.064544,1.156484,1.16226,1.048487,1.075378,1.058772,1.060557,1.070383,1.010443,1.108691,1.036057,1.051993,1.140973,1.047504,1.035395,1.030639,1.023027,1.05996,1.005825,1.028484,1.023515,1.036444,1.014121,1.019226,1.018448,1.00935,1.013872,0.999418,1.017094,1.040125,0.984117,1.006788,1.047404,1.095498,1.027497,1.011737,0.994559,1.014677,1.005535,1.01454,1.076943,1.007617,1.042831,1.013448,1.027863,0.99154,1.057127,1.015161,0.983846,1.011939,1.027333,0.982731,1.010975,0.976352,0.991225,1.005538,0.999839,1.005597,0.990068,1.021871,0.995408,0.97125,1.094208,0.994018,1.022401,1.005208,0.97834,1.00321,1.005565,0.998216,0.960165,0.976954,1.007196,0.971763,0.996508,1.039718,0.998012,1.029986,0.989019,0.955243,0.994807,0.975356
2021-02-28,1.109835,1.095704,1.115863,1.084906,1.113264,1.07813,1.097704,1.155052,1.185595,1.179136,1.062933,1.133163,1.153437,1.123653,1.117721,1.114218,0.589054,1.125372,1.134484,1.015723,1.068034,1.122852,1.091299,1.106875,1.077772,1.145409,1.153498,1.033892,1.120244,1.156001,0.97692,1.061169,1.13421,1.091503,1.101205,1.074981,1.140975,1.158634,1.121885,1.167281,1.007641,1.045381,1.121661,1.108206,1.106332,1.1323349999999999,1.167835,1.067258,1.182098,1.093556,0.945887,0.998512,1.085467,1.065559,1.150126,1.120139,1.104352,1.155924,0.988286,1.090443,1.000043,1.072814,1.089161,1.043916,1.104624,1.109809,1.081759,1.062204,1.063474,1.106712,1.084685,1.071081,1.0706660000000001,1.080668,1.023198,1.065476,1.085187,1.095709,1.03261,1.046552,1.027716,1.233638,1.076738,1.008708,1.065802,1.007817,1.054472,1.052407,1.041123,1.030961,0.969845,1.038982,1.084657,0.953429,1.028675,1.058245,1.055595,1.012628,1.017298,0.982122
2021-03-31,0.975069,1.030749,1.068438,1.105602,1.086629,1.03992,0.994817,1.034722,1.065704,1.024251,0.962994,1.018811,1.066258,1.08593,1.104056,1.095854,1.378078,1.048997,1.015263,1.054936,0.941311,0.996546,1.068103,1.019392,1.059781,1.088736,1.058749,1.006655,1.0499,1.056091,0.926132,1.004658,1.045818,1.078139,1.010513,1.032169,1.033687,1.048218,1.023845,1.054591,0.91903,0.997433,1.037669,1.062985,1.031126,1.079994,1.070987,1.062567,1.05701,1.08544,0.886119,1.029309,1.040368,1.027132,1.078737,1.073725,1.035429,1.041003,1.057373,1.05662,0.90907,1.015037,1.036181,1.071255,1.034889,1.07589,1.049031,1.048186,1.071412,1.048055,0.886116,1.004861,1.035533,1.076493,1.030503,1.068123,1.038407,1.013439,1.056475,1.033005,0.851639,0.958922,1.016228,1.089749,1.019434,1.066534,1.078618,1.031207,1.034825,1.054198,0.964956,1.014909,1.032766,1.017071,1.04398,1.03937,1.045629,1.078432,1.027741,1.039955
2021-04-30,0.953609,1.010708,1.020294,1.067296,1.016312,0.995959,1.051194,1.002014,0.997711,1.046406,0.969204,0.986732,1.023572,1.00151,1.036422,1.014753,0.952952,1.047539,1.068164,1.01023,0.986433,1.036531,1.013367,1.024843,1.012632,1.046721,1.004057,1.02069,1.029314,1.062446,0.992828,1.029221,0.988789,1.018179,1.023974,1.010782,1.013615,1.029158,1.052354,1.085597,1.017702,1.030351,1.032604,1.012895,1.010203,1.045593,0.997892,1.05118,1.035624,1.070514,0.970232,1.064781,1.034175,1.036727,1.050578,1.052673,1.060688,1.03702,1.058102,1.063206,1.045262,1.019149,1.080645,1.020744,1.045034,1.061447,1.033014,1.019756,1.035969,1.039687,1.032777,1.045842,1.058903,1.057205,1.053096,1.040916,1.04462,1.022492,1.057477,1.062692,1.136404,1.050081,1.079151,1.05238,1.063676,1.077203,1.035215,1.026637,1.04239,1.041895,1.028216,1.045003,1.034886,1.050314,1.048457,1.10072,1.033351,1.050427,1.058061,1.049282
2021-05-31,0.967866,1.032611,1.089259,1.09046,1.056634,1.094503,1.056414,1.036881,1.214384,1.196828,1.009678,1.004125,1.041229,1.029271,1.057878,1.092088,1.148617,1.067911,1.104733,1.060749,0.967043,0.979888,1.062549,1.023924,0.996931,1.065679,1.027695,1.038215,1.073699,1.040678,0.945656,1.027703,1.000138,1.03652,1.057153,1.031526,1.034456,1.001828,1.010342,1.072392,0.927635,1.030466,1.023577,1.017173,1.058198,1.047074,1.015144,1.059153,0.996333,1.028859,0.9334290000000001,0.986538,1.00658,0.979451,0.989294,1.001255,0.987363,1.034086,1.012371,1.006238,0.945866,0.978599,1.020406,1.009734,1.013154,0.998147,0.982224,1.008102,1.037125,0.977872,0.94637,1.039129,1.012743,1.031938,1.018011,1.035736,1.001127,1.029451,1.008795,1.008796,0.972527,1.050198,1.019513,1.001351,1.005684,1.023524,1.042019,0.998765,0.994075,0.993441,0.922878,1.001345,1.032532,0.967711,1.021519,1.012532,1.022613,1.017279,0.999177,0.987344
2021-06-30,1.07866,1.005769,0.995631,1.000236,0.985125,1.029024,1.042394,1.015223,1.107062,1.048446,1.03514,1.041906,1.033607,0.968173,1.032683,1.09846,0.984948,1.000946,1.007353,1.048423,1.087182,1.014297,1.004935,0.984003,0.999436,1.026849,0.97174,1.029721,1.0243389999999999,1.007884,1.150674,1.002798,1.019563,0.973338,0.994323,1.007432,0.975024,0.961325,0.985881,0.925507,1.113849,0.96493,0.985704,0.956291,0.973627,0.998041,0.964874,0.9928,0.967191,1.001881,1.070872,0.977689,0.99205,0.976528,0.981006,0.967937,0.98093,0.991452,0.96952,0.997744,1.091964,1.024936,0.988445,0.9574,0.98503,0.984128,1.002185,0.968965,1.02103,0.980811,1.130199,0.983643,0.991457,0.968403,0.992065,0.977299,0.992277,1.0183,0.98931,1.009144,1.133399,0.981734,0.963048,0.988162,1.01201,1.000889,1.015949,1.025436,1.011408,1.017837,1.10357,0.994584,1.002916,1.0404,1.031638,1.005013,0.983393,1.022475,1.053252,1.044416
2021-07-31,0.872225,0.964842,0.989482,1.007161,0.99323,0.993124,1.000361,0.994726,1.004727,0.948582,0.883124,1.011813,0.961268,0.993643,0.993439,0.974888,0.975774,0.954758,1.0054400000000001,0.970389,0.90252,0.980821,0.94201,0.982901,0.978751,1.003671,0.959184,0.935758,1.02676,1.003772,0.879395,0.944251,0.969393,0.967807,0.988564,1.008455,0.986015,0.979613,0.958217,0.917946,0.918293,0.950319,0.977049,0.985903,0.990584,1.026165,0.984799,1.006897,0.988198,1.015791,0.941444,0.938723,0.964543,0.988898,1.026849,1.009077,0.998752,0.977633,0.979526,0.984666,0.880236,0.958604,0.980669,0.986572,1.008237,0.98421,1.020541,1.010601,1.037041,1.007207,0.9152210000000001,1.010835,0.997837,1.005129,1.022148,0.994661,1.011756,1.038618,1.00719,0.971233,0.96333,0.950236,1.002003,1.01631,1.012609,1.037223,0.982763,1.046603,1.001595,1.034722,1.067,0.9616750000000001,0.988018,0.996067,1.020279,1.015573,1.034599,1.025703,1.022761,1.045069
2021-08-31,1.064921,1.019943,0.997394,1.027544,1.00726,1.015951,1.045167,1.037351,0.99376,1.054449,1.065666,1.000519,1.005059,1.040095,1.035862,1.063828,1.048405,1.024704,1.015035,0.983158,1.025137,1.05905,0.986854,1.034232,1.008976,1.024004,1.000108,1.007028,1.019471,1.002647,1.006987,1.075292,1.020012,1.017669,1.022049,1.009938,1.032962,1.032307,0.993461,0.986879,0.999169,1.050207,1.021575,1.016747,1.025987,1.001906,0.981938,1.013617,1.02371,1.038083,1.008307,1.009914,0.996107,1.034176,1.028646,1.000432,1.056878,0.994142,1.048137,0.996685,0.998494,1.06759,1.035003,1.036608,1.020662,1.015205,1.03159,0.988344,1.005647,1.03516,1.0336940000000001,1.033489,1.038607,1.033163,1.036105,1.038093,1.025669,1.018206,1.019362,1.031024,1.04478,1.054468,1.028073,1.00354,1.034884,1.024688,1.035743,1.037971,1.028337,1.038837,1.049737,0.989443,1.004455,1.042504,1.04074,1.038707,1.057845,1.038612,1.02775,1.017676
2021-09-30,0.948217,0.97247,0.970222,0.994311,0.985586,0.994469,0.986295,0.965106,1.012909,0.945916,0.975218,0.971865,0.978857,1.002418,0.989234,0.974987,0.974896,0.956373,0.959853,0.982538,0.961186,0.973719,1.013951,0.976809,0.969036,0.984282,1.00086,0.97032,0.981394,0.959626,0.982284,0.958271,0.964332,0.976201,0.969688,0.966863,0.968001,1.001788,0.967629,0.960785,0.978306,0.926731,0.962458,0.972946,0.955686,0.967958,0.990707,0.937565,0.982076,0.966121,0.949545,0.997093,1.018677,0.960668,0.98151,1.001542,0.950349,0.962435,0.943412,0.971325,0.962004,0.99444,0.957249,1.006211,0.968684,1.00808,0.998029,0.932092,0.949444,0.940774,0.992819,0.95746,0.959008,0.973016,0.976321,0.967667,0.937088,0.951254,0.946003,0.943012,0.978317,0.979853,0.978112,0.958085,0.96439,0.935698,0.992049,0.947403,0.953478,0.96061,0.986685,0.99822,0.975044,1.00919,0.973144,0.955897,0.943921,0.911547,0.945976,0.943195
2021-10-31,0.959466,1.067503,1.030573,1.021864,1.024706,1.049512,1.063548,1.065426,1.048524,1.005166,1.002389,1.041808,1.002283,1.042977,1.04575,1.064731,1.058604,1.029105,0.996883,1.083985,0.993447,1.032807,1.026833,1.063215,1.045228,1.037547,1.045032,1.043773,1.02373,1.020763,1.037017,0.991693,1.026117,1.026964,1.070511,1.037163,1.051277,1.0618,1.008885,0.955548,1.032943,1.1175869999999999,1.041401,1.0318,1.040737,1.058775,1.049163,1.043222,1.055955,1.051694,1.024759,1.044004,1.031115,1.039879,1.059571,1.034623,1.078795,1.049876,1.032519,0.969547,1.028207,1.054573,1.094161,1.074978,1.022747,1.058295,1.069605,1.064281,1.081589,1.0377,1.018237,1.08476,1.053987,1.079251,1.036344,1.0366360000000001,1.052688,1.045151,1.043004,1.012961,1.097718,1.096126,1.045448,1.0734569999999999,1.052139,1.064022,1.062362,1.069802,1.118337,1.062703,0.962463,1.057352,1.023878,1.073504,1.1632,1.03485,1.082481,1.040385,1.073931,1.058944
2021-11-30,0.891753,0.930483,0.94691,0.973277,0.993362,0.994941,0.99511,0.950747,0.945116,1.053475,0.933742,0.944855,0.96078,0.97644,0.969692,0.987221,1.009009,0.971465,0.947707,0.926516,0.883725,0.870419,0.958345,0.970001,0.974543,0.982881,0.986449,0.966474,0.996489,0.971663,0.940941,0.925167,0.956693,0.978987,1.010476,1.007747,1.019085,1.02611,0.999706,1.027259,0.89533,0.934822,0.966848,0.983674,0.960494,1.019033,1.016548,0.995985,0.943296,0.993044,0.887426,0.918193,0.921973,0.949787,1.001803,0.979739,0.962954,0.980933,0.974268,0.956853,0.859584,0.87221,0.9674,0.957126,0.97736,0.932773,0.975264,0.98161,0.953256,0.963731,0.98506,0.906224,0.948501,0.966152,0.953769,1.003927,0.973442,0.985221,0.991561,0.963951,0.915022,0.920326,0.970008,0.942615,0.995922,0.977415,0.97129,0.98315,1.020386,0.994234,0.918774,0.916858,0.928136,0.92607,0.983798,1.028866,0.995419,0.977396,0.998732,1.035344
2021-12-31,0.919412,1.017844,1.002356,1.02736,1.044552,1.043377,1.017489,1.040119,0.973525,1.061067,0.96132,1.042057,1.060509,1.041555,1.057288,1.021403,1.067885,1.037977,1.046931,1.005323,0.962933,1.030145,1.058041,1.08813,1.067302,1.045372,1.030232,1.053534,1.000197,1.025093,0.955974,1.020734,1.078767,1.067866,1.025275,1.053986,1.042029,1.024094,1.031349,1.056761,1.01759,0.947597,1.065097,1.026947,1.049162,1.038956,1.043339,1.084552,1.043159,1.043541,0.94143,1.029019,1.050476,1.04466,1.045949,1.068403,1.064921,1.035577,1.042673,1.031431,0.948555,1.023663,1.005061,1.058175,1.077302,1.073971,1.05202,1.04334,1.066512,1.013029,0.962784,0.965303,1.03126,1.030776,1.038971,1.051318,1.068103,1.078264,1.055735,1.067737,0.958241,0.983732,1.0652409999999999,1.053315,1.046456,1.074679,1.060904,1.046952,1.014154,1.059295,0.881843,0.958061,1.053823,1.040678,1.006903,1.094482,1.011483,1.041455,1.031198,1.075102
2022-01-31,0.846528,0.921627,0.977827,0.968438,0.992409,0.992181,0.976061,0.974941,0.932606,0.880591,0.823785,0.963257,0.971395,0.955524,0.978303,0.934248,0.908475,0.912539,0.9020900000000001,0.907922,0.8268,0.900159,0.961732,0.954038,0.949654,0.920356,0.912264,0.97079,0.917694,0.881742,0.879937,0.886587,0.925317,0.967947,0.900108,0.912224,0.894236,0.899508,0.927487,0.925795,0.918278,0.878,0.938066,0.971793,0.934654,0.905841,0.912656,0.90501,0.918309,0.932055,0.847691,0.916696,0.933241,0.929957,0.908064,0.927045,0.92216,0.922075,0.940712,0.894822,0.838279,0.888713,0.904574,0.998242,0.953233,0.927697,0.934331,0.931855,0.932783,0.916004,0.9045449999999999,0.90114,0.989218,0.952188,0.974639,0.915943,0.957389,0.932132,0.919036,0.937888,0.922496,0.935798,0.990152,0.998434,0.928215,0.934734,0.966953,0.909781,0.911219,0.92716,0.806968,0.981259,1.016541,1.022277,0.946187,0.98589,0.921976,0.934339,0.930641,0.968921
2022-02-28,0.959076,1.057421,0.974837,0.995701,0.999014,0.991973,0.98153,1.031109,0.969499,1.03055,1.020597,1.007098,1.048724,0.995645,1.003602,0.98866,1.004182,1.050476,1.04574,0.9330700000000001,0.996161,1.048632,1.045045,0.994964,1.014556,1.037451,1.002462,1.013956,1.046583,1.027113,1.011334,0.97209,1.002977,1.011467,1.03707,1.002899,1.008843,1.076363,1.019649,1.013959,1.019487,1.022657,1.018925,1.025644,1.0217,0.963595,1.004854,1.00011,1.036363,0.944342,0.982305,0.998959,1.054062,1.029724,1.014742,0.970219,0.977382,1.01322,0.998777,1.023951,0.985395,1.025539,0.99538,1.063191,1.054594,1.020563,1.035662,0.991296,1.04815,0.931906,1.040893,1.014466,1.011193,1.009693,1.028034,0.990424,0.982701,0.998148,0.996669,0.974003,1.000784,1.056132,1.014603,0.984834,1.02591,0.963724,0.981294,0.978017,0.987603,1.004603,0.981415,0.995488,0.999767,0.988655,0.981906,0.951144,0.969863,0.890502,0.980704,0.960274
2022-03-31,1.055194,1.064922,1.025594,0.997135,0.988669,0.991658,1.000049,1.031203,0.946561,0.957554,1.023461,1.002696,1.052736,0.985184,0.997324,0.981262,1.034231,1.047824,0.962495,0.928006,1.041515,1.067585,1.034202,1.017328,0.997317,1.011045,0.989322,0.958554,0.963972,0.979694,1.054367,1.045482,1.026492,0.960689,0.978899,1.006742,1.009642,0.987875,0.998728,0.9873730000000001,1.053983,1.002076,1.008088,1.005623,1.000613,1.005284,0.981708,1.003447,0.977973,1.000069,1.068386,1.123056,1.039041,1.004202,0.972999,1.011856,0.980295,0.978165,0.967418,1.022975,1.064458,1.036574,0.977794,1.013208,0.993849,1.023182,1.005788,0.997114,0.983191,0.993417,1.022915,0.970021,1.069776,1.004281,1.022916,1.045795,1.007966,1.018164,1.019383,1.000041,0.99427,1.012981,1.050101,1.050965,1.00469,1.030413,1.027041,1.024257,1.083938,1.014062,1.050667,1.016788,1.003217,0.970879,1.094497,1.026809,1.029009,1.057776,1.038928,1.040854
2022-04-30,0.827786,0.9380269999999999,0.944041,0.943239,0.943254,0.951881,0.944363,0.953435,0.936901,0.906938,0.8535200000000001,0.932671,0.960859,0.939466,0.963037,0.941259,0.925379,0.93646,0.914948,0.863711,0.8548290000000001,0.860293,0.938635,0.944068,0.926192,0.928246,0.944803,0.932193,0.92105,0.88232,0.818035,0.858661,0.895702,0.931878,0.904764,0.9329689999999999,0.900093,0.8934759999999999,0.90274,0.935795,0.8707590000000001,0.84108,0.929795,0.934868,0.9291389999999999,0.950938,0.921936,0.929398,0.930508,0.935327,0.852155,0.930015,0.937857,0.923189,0.909597,0.913997,0.966055,0.937225,0.9517100000000001,0.922841,0.831003,0.872148,0.883939,0.942531,0.914154,0.902868,0.953024,0.96021,0.958962,0.927651,0.891801,0.878307,0.91167,0.906561,0.904214,0.931949,0.961758,0.937311,0.927034,0.965266,0.869534,0.891629,0.955726,0.9285829999999999,0.936692,0.949356,0.896878,0.9197690000000001,0.926369,0.944786,0.835366,0.909967,0.910642,0.891374,0.871679,0.945342,0.844356,0.957647,0.894733,0.941314
2022-05-31,0.937828,0.9998,0.986546,1.013314,1.001352,0.999463,0.991198,1.001712,1.032464,1.106793,0.933276,1.063496,1.026308,1.01598,1.052704,1.030775,0.989132,1.020634,1.000139,0.975406,0.971113,0.989136,1.036529,1.039179,1.017865,1.032582,1.055303,1.024105,1.004702,1.025669,0.9869,0.991384,0.980303,1.042922,1.03151,1.014047,1.033813,0.969057,1.014074,1.025043,0.935285,1.019146,0.989613,1.032557,0.994889,1.027868,1.02312,1.019047,1.014046,1.041935,0.893018,1.061243,1.006388,1.011217,1.038181,1.007581,1.025967,0.988602,1.008367,1.035423,0.961673,0.970443,0.990732,1.046995,1.016457,1.016089,1.024794,0.998064,1.044088,1.011561,0.992543,0.951438,1.035742,1.052764,1.026687,1.031148,0.997462,1.014671,1.021499,1.004181,0.858715,1.010032,1.028949,1.043783,1.029485,1.014556,1.026421,1.011502,1.011107,0.984997,0.808994,1.037628,1.018506,1.045632,0.977265,1.05376,1.025793,0.970699,0.981681,0.983835
2022-06-30,0.948627,0.877267,0.921585,0.95547,0.932579,0.977165,0.929866,0.935234,0.990023,0.906615,0.9632229999999999,0.893731,0.891153,0.934095,0.955316,0.920273,0.9322900000000001,0.868467,0.925061,0.902556,0.979318,0.91957,0.92522,0.951554,0.917992,0.956596,0.897995,0.883507,0.9189039999999999,0.915388,0.935117,0.8845270000000001,0.9056,0.922776,0.9175329999999999,0.927172,0.952219,0.918683,0.910767,0.905531,0.944272,0.850042,0.8887160000000001,0.940598,0.955633,0.911888,0.9075880000000001,0.933924,0.935416,0.8810290000000001,0.931464,0.841026,0.919944,0.908713,0.9124220000000001,0.951601,0.919206,0.947608,0.905963,0.913823,0.916995,0.891884,0.944013,0.860975,0.900596,0.886583,0.891141,0.904989,0.903991,0.888918,0.861304,0.905403,0.91532,0.876372,0.910522,0.924381,0.882484,0.911658,0.933253,0.9251240000000001,0.856519,0.872566,0.872618,0.8994340000000001,0.9189039999999999,0.904757,0.889284,0.945733,0.920177,0.950114,0.905877,0.919037,0.87702,0.854739,0.901498,0.928533,0.909332,0.942628,0.93039,0.934385
2022-07-31,1.08894,1.058197,1.064319,1.049113,1.057827,1.02432,1.06148,1.06842,1.146973,1.033668,1.122145,1.13405,1.045136,1.103982,1.063455,1.08382,1.075751,1.0682,1.069949,1.268146,1.087626,1.120437,1.098216,1.076085,1.084636,1.125617,1.082767,1.096944,1.157488,1.198553,1.14433,1.1369340000000001,1.113132,1.107288,1.103621,1.065712,1.1345290000000001,1.1294710000000001,1.1298949999999999,1.105303,1.096796,1.1077,1.101062,1.06279,1.118234,1.111727,1.139748,1.115224,1.120169,1.154654,1.131584,1.087072,1.051283,1.082307,1.107343,1.072144,1.100516,1.1356519999999999,1.13411,1.111148,1.09806,1.122743,1.095293,1.072471,1.071754,1.098142,1.097816,1.135601,1.139344,1.139934,1.114836,1.105608,1.099542,1.08528,1.084805,1.07718,1.090191,1.117418,1.118883,1.109,1.115184,1.08276,1.140631,1.032518,1.079231,1.108598,1.067464,1.115281,1.126214,1.134925,1.073615,1.088849,1.069752,1.074724,1.077819,1.082727,1.166164,1.059736,1.071772,1.116991
2022-08-31,1.039551,0.964849,1.018971,1.002287,0.99171,0.968207,0.966005,0.964986,0.988057,1.094488,1.056533,0.981574,0.964529,0.978868,0.988774,1.015564,0.938071,0.961996,0.975454,0.896755,1.021203,0.997342,0.969345,0.954615,0.970087,0.967842,0.932004,0.933175,0.953499,1.060419,1.067987,0.96957,0.966198,0.983933,0.959314,0.923848,0.96476,0.950042,0.933555,0.950767,1.033134,0.994192,0.997025,0.957919,0.987256,0.95952,0.967734,0.924754,0.955537,0.989121,1.017671,0.93798,0.965306,0.974619,0.974435,0.959318,0.961086,0.993445,0.963509,0.907234,1.022204,1.043499,1.025017,0.968001,0.952975,0.952584,0.948566,0.964179,0.957153,0.965396,1.00553,0.990809,0.991189,0.950117,0.971479,0.968481,0.960088,0.931727,0.963972,0.998119,0.976114,0.976543,0.986916,0.969027,0.983464,0.969819,0.97071,0.958546,0.985189,0.957054,1.181587,0.907047,0.992566,0.977725,1.001246,0.976921,0.947259,0.950364,0.945997,0.958531
2022-09-30,0.8779790000000001,0.882537,0.896481,0.900087,0.954371,0.917108,0.9351579999999999,0.853709,0.895232,0.850252,0.917768,0.880336,0.86862,0.895558,0.958446,0.9106339999999999,0.908591,0.869375,0.8621920000000001,0.894408,0.936778,0.878902,0.887506,0.895362,0.94675,0.916094,0.868136,0.884597,0.874829,0.839051,0.884379,0.910362,0.913669,0.912215,0.933345,0.882833,0.874008,0.867573,0.90612,0.868675,0.894151,0.898738,0.9259999999999999,0.910358,0.928383,0.906652,0.889166,0.887169,0.900155,0.887292,0.9184950000000001,0.912479,0.913504,0.91335,0.92472,0.907604,0.912397,0.895872,0.863003,0.881884,0.970814,0.903761,0.951281,0.940571,0.903798,0.920991,0.912804,0.893152,0.880935,0.889494,0.8492379999999999,0.880456,0.8856390000000001,0.91261,0.895263,0.908039,0.906072,0.899313,0.906481,0.920023,0.95054,0.889253,0.93094,0.902338,0.912714,0.89678,0.931874,0.914056,0.918102,0.9170309999999999,0.914733,0.922972,0.895527,0.894694,0.918997,0.928735,0.9244209999999999,0.902807,0.902576,0.901831
2022-10-31,1.00242,1.077298,1.068648,1.097823,1.067447,1.098887,1.073975,1.101686,1.094347,1.091777,1.051902,1.128514,1.137535,1.139304,1.123747,1.117572,1.130561,1.177653,1.102372,1.06638,1.079954,1.073715,1.119052,1.147129,1.129731,1.117491,1.163833,1.140732,1.077317,1.182641,1.040466,1.083497,1.119732,1.135967,1.153797,1.093452,1.127555,1.135346,1.111955,1.154576,0.983534,1.095611,1.103754,1.120946,1.143014,1.127133,1.148616,1.122573,1.078684,1.156647,1.00946,1.050819,1.108989,1.096567,1.115235,1.13861,1.124647,1.112659,1.12671,1.113851,1.098756,1.030139,1.0635,1.107702,1.081501,1.121496,1.13371,1.120788,1.070602,1.09537,0.99846,1.039411,1.105811,1.084725,1.056875,1.088631,1.09079,1.081143,1.085092,1.099473,1.052759,1.02897,1.11167,1.091259,1.084863,1.074943,1.090963,1.091913,1.11164,1.14443,0.996105,1.173324,1.075798,1.1373980000000001,1.10348,1.136979,0.986503,1.064425,1.059295,1.115428
2022-11-30,0.971979,0.986049,1.068783,1.021039,1.052169,1.018449,1.051374,1.020853,1.038504,0.988892,0.901605,0.940013,1.021297,1.011987,1.0233,1.029705,1.068035,1.063493,1.074923,1.065873,0.9739,0.973154,0.994951,1.034864,1.019933,1.047404,1.037383,1.021181,1.009008,1.022157,0.9462969999999999,0.990723,1.018101,1.007967,0.994403,1.039872,1.042144,1.044511,1.0704150000000001,1.067379,0.957136,1.039281,1.030474,1.072785,1.067129,1.042401,1.048059,1.083263,1.053289,1.066372,0.967364,1.076987,1.011843,1.034601,1.063623,1.072335,1.092057,1.104537,1.08868,1.094795,1.043054,1.078921,0.978548,1.021031,1.039202,1.069422,1.068821,1.053016,1.034308,1.046245,0.983643,1.001462,1.01941,1.121022,1.0813679999999999,1.046692,1.057154,1.048052,1.063131,1.044094,0.950303,1.032291,1.04363,1.085415,1.057941,1.075825,1.061356,1.095574,1.035408,1.075625,0.993568,1.012517,1.026867,1.036448,1.067688,1.049077,0.977877,1.089527,1.095311,1.031884
2022-12-31,0.977378,0.979852,0.952704,0.962553,0.986982,0.962835,0.944339,0.965868,0.994651,0.922622,0.919957,0.942173,0.958548,0.95293,0.939706,0.945849,0.958122,0.955848,0.921895,0.921453,1.002063,0.94215,0.920722,0.91894,0.9366760000000001,0.933602,0.953502,0.957435,0.894736,0.943706,0.891886,0.897275,0.942393,0.930579,0.981434,0.922702,0.943576,0.9354169999999999,0.913969,0.8991439999999999,0.926865,0.880787,0.933555,0.949932,0.936966,0.934934,0.9237,0.9398880000000001,0.939335,0.929708,0.935903,0.951966,0.937594,0.949809,0.942891,0.94087,0.949433,0.926205,0.96003,0.954688,0.954091,0.909009,0.932411,0.934158,0.957078,0.956349,0.953397,0.957009,0.944873,0.930825,0.934434,0.939842,0.943933,0.950228,0.946144,0.958528,0.943012,0.955537,0.94564,0.938041,0.870241,0.942726,0.924399,0.96501,0.960181,0.939954,0.954115,0.9325289999999999,0.922511,0.951851,0.885763,0.879046,0.957166,0.970327,0.954788,0.965912,0.885151,0.941992,0.952302,0.9290309999999999
2023-01-31,1.168034,1.146129,1.088707,1.078697,1.058782,1.069213,1.07759,1.132738,1.144334,1.203607,1.13291,1.164005,1.110514,1.049396,1.021418,1.047122,1.061863,1.133842,1.088211,1.106062,1.142695,1.122747,1.08842,1.076386,1.059571,1.054708,1.140822,1.150971,1.139852,1.115977,1.136517,1.18465,1.128432,1.076342,1.072677,1.1215060000000001,1.133467,1.12288,1.130865,1.151508,1.140287,1.175023,1.108618,1.032616,1.101949,1.079473,1.107514,1.133456,1.09241,1.133826,1.108393,1.138171,1.0536,1.071521,1.09115,1.109214,1.110879,1.140453,1.113515,1.089351,1.126711,1.109505,1.1133,1.068206,1.100605,1.098339,1.093657,1.120377,1.1113,1.098479,1.196511,1.111607,1.067545,1.046482,1.090864,1.048318,1.087193,1.116608,1.061347,1.109042,1.130287,1.091488,1.108668,1.05518,1.033545,1.080838,1.09802,1.069845,1.077982,1.079594,1.161754,1.140745,1.043363,1.049731,1.022926,1.032203,1.126167,1.066177,1.045193,1.057955
2023-02-28,0.926168,0.979299,0.980201,0.98539,1.011922,0.991944,0.97859,1.024544,0.948381,0.989551,0.933227,0.974304,0.976798,0.982796,0.995955,1.039442,0.996946,0.980546,1.006499,0.990384,0.941559,1.003851,0.993736,0.966157,0.978809,1.006579,0.990971,0.931284,0.959999,0.990087,0.9389730000000001,0.988442,0.996079,0.967813,1.000074,0.993865,1.010331,1.003492,0.98468,1.024327,0.987155,0.975477,0.995022,0.981845,0.998273,1.013886,1.007497,0.989733,0.977711,1.001734,0.974779,0.960999,0.983919,0.975268,0.99121,0.988171,0.985605,0.976661,1.002544,0.998841,1.034414,0.9359770000000001,0.993406,0.999221,0.976,0.984489,1.01422,0.9806010000000001,0.978564,0.969563,1.000731,0.964703,0.97413,0.938857,0.933484,0.970883,0.96389,0.974992,0.972839,0.964853,0.987345,0.988692,0.98318,0.959441,0.967852,0.995524,0.974951,0.983323,0.970143,0.994211,1.081096,0.987811,0.967142,0.974299,0.960612,0.95744,0.978599,0.978149,0.983627,0.985772
2023-03-31,0.948253,0.958652,0.941638,0.9368920000000001,0.8960980000000001,0.901127,0.901249,0.928821,0.911651,0.81474,0.894335,0.941326,0.924543,0.870545,0.935596,0.899759,0.899632,0.95861,0.91116,0.892828,0.93135,0.943451,0.957581,0.916471,0.920029,0.9246300000000001,0.929156,0.896571,0.923997,0.929353,0.949097,1.0067,1.007227,0.951505,0.942234,0.983213,0.920844,0.954097,0.928872,0.94978,0.964764,0.935706,1.031163,0.966431,0.955509,0.907247,0.963509,0.981479,0.977884,0.954116,0.941231,1.017651,0.969715,0.973676,0.94414,0.968135,0.979204,0.9648410000000001,0.954776,0.960389,1.020062,0.98687,1.035076,0.945246,0.971413,0.961893,0.950854,0.996898,0.988321,0.957854,0.995082,0.99356,0.997765,0.974875,1.010524,0.947173,0.954963,0.993804,0.991627,0.977943,1.024422,1.062167,0.971906,1.004321,0.951312,0.970183,0.960108,1.019734,0.995002,1.017953,1.001796,1.089503,1.020982,1.030366,0.920548,0.991771,1.033798,1.086008,1.077243,1.071351
2023-04-30,1.015277,0.946278,0.947758,0.985818,0.96975,0.955624,0.966201,0.954896,0.97876,1.006275,1.010643,0.954266,0.946987,0.955186,0.918186,0.963168,0.926381,0.971973,1.003259,0.971406,1.028072,0.961529,0.973166,0.92384,0.934394,0.976478,1.014207,0.958229,1.00296,0.990091,0.970759,0.980149,0.994798,0.964808,0.958172,0.962893,0.975331,0.973279,0.938938,0.974568,0.957105,0.97332,0.992905,0.995062,0.987,0.963446,0.971252,0.991199,1.032923,0.99866,0.994065,0.963864,0.983151,1.003204,0.981186,0.955842,0.990642,0.993712,0.975852,0.996982,0.975493,0.975941,0.938331,0.985753,0.980748,0.967979,0.993463,1.022681,1.025313,1.024501,0.863265,0.974491,0.974224,0.977383,1.005266,0.993068,1.009899,0.969726,0.970662,0.991703,0.9227879999999999,0.96134,0.993806,1.006363,1.007823,0.989655,1.0089,1.005576,1.010865,0.984265,0.950788,1.000709,0.996557,1.032262,1.002721,1.035395,0.986887,1.028761,1.023766,1.020068
2023-05-31,1.01389,1.016631,0.971921,0.949504,1.003214,0.939311,0.937445,0.986324,1.01178,0.983155,1.062765,0.987615,0.989521,0.990499,1.003302,1.021679,1.011067,0.96779,0.999364,0.990437,1.052468,0.975268,1.038196,1.024105,0.976142,0.960847,1.013935,0.929437,0.98727,1.016362,1.071349,1.007952,1.001264,1.048232,0.959163,1.016423,0.970537,0.937151,0.972211,0.970671,0.980619,0.9351579999999999,1.054498,0.964414,0.951342,0.983458,0.989973,0.982813,0.963763,0.956079,1.067069,0.991109,0.96205,0.96214,0.9469069999999999,0.974423,0.965757,0.977585,0.950168,0.978814,1.058098,1.017301,0.993336,0.953848,0.952728,0.971959,0.974961,0.955389,0.965431,0.980947,1.158382,1.040487,0.987482,0.969744,0.972911,0.946862,0.965557,0.960648,0.964278,0.935987,1.137278,1.046427,0.997221,0.927251,0.980923,0.959893,0.914403,0.958027,0.970886,0.957637,1.173736,1.042823,0.929387,0.973215,0.977674,0.928493,1.052427,1.080975,1.015654,1.012888
2023-06-30,1.014529,1.077922,1.077984,1.099106,1.074736,1.072296,1.0774650000000001,1.046701,1.082015,1.137377,1.008297,1.097164,1.114316,1.07795,1.081298,1.080778,1.135475,1.089441,1.080122,1.092785,1.038655,1.081342,1.107871,1.098034,1.061481,1.105468,1.104802,1.128179,1.100617,1.135025,1.088411,1.077117,1.05365,1.080397,1.075501,1.111336,1.1125099999999999,1.1077110000000001,1.115523,1.043732,1.089403,1.055406,1.073628,1.056184,1.116811,1.095887,1.096416,1.074661,1.094679,1.121998,1.001976,1.086124,1.100306,1.061366,1.068807,1.093719,1.118702,1.140355,1.086794,1.109695,1.092365,1.086833,1.05525,1.085567,1.054005,1.104063,1.105722,1.118719,1.117971,1.143975,1.02303,1.062849,1.073876,1.053681,1.066642,1.085243,1.095231,1.094072,1.085885,1.122044,1.083076,1.047304,1.094385,1.070317,1.063884,1.065563,1.072052,1.105487,1.095562,1.07583,1.1375709999999999,0.985098,1.032336,1.068558,1.055319,1.048677,1.091782,1.056334,1.048501,1.080927
2023-07-31,1.061849,1.047318,1.068804,1.095497,1.096345,1.110331,1.074993,1.059265,1.097162,1.17215,1.036374,1.045271,1.059703,1.069725,1.121987,1.056061,1.10942,1.062575,1.074859,1.06581,1.047911,1.059068,1.058996,1.060341,1.083555,1.08125,1.105262,1.110574,1.019435,1.070902,1.058135,1.052766,1.102172,1.040933,1.098566,1.085463,1.081283,1.072362,1.096907,1.082722,1.105623,1.066039,1.04145,1.104848,1.055194,1.065632,1.030474,1.029796,1.077805,1.100052,1.034792,1.05638,1.042792,1.04316,1.032226,1.031632,1.076893,1.02099,1.046335,1.053112,1.087919,1.051709,1.096801,1.028149,1.030544,1.033081,1.082634,1.038566,1.031714,1.070274,1.084637,1.02971,1.018054,1.02409,1.054162,1.050512,1.040299,1.038425,1.043135,1.052172,1.042983,1.120663,1.03112,1.033426,1.029009,1.026358,1.013029,1.032892,1.0254240000000001,1.000364,1.075043,1.043553,1.023259,1.011166,1.071465,1.036454,1.067269,1.038176,1.006287,1.027202
2023-08-31,0.884058,0.939244,0.965588,0.983872,0.947317,0.956825,0.8806849999999999,0.925546,0.91464,0.882154,0.8462069999999999,0.948239,0.970142,0.946723,0.934924,0.943462,0.979401,0.920659,0.97169,0.92515,0.915443,0.941775,0.986745,0.964314,0.950371,0.95363,0.951227,0.904518,0.979577,0.912927,0.903911,0.939554,0.926261,0.935312,0.960141,0.984188,0.985732,0.959559,1.009489,1.013383,0.8958470000000001,0.923073,0.958869,0.945815,0.966886,0.957355,0.985872,0.941489,0.987017,0.942907,0.896884,0.918391,0.957986,0.937748,0.958409,0.943323,0.939514,1.000528,1.011637,0.957588,0.9017459999999999,0.922547,1.001298,0.979034,0.990843,0.948667,0.99053,1.010573,0.990718,0.972985,0.915137,0.992962,0.912595,1.004548,0.954003,0.992371,0.965013,0.960189,1.008391,0.981174,0.98671,0.899996,0.978369,0.940206,0.942025,0.990434,0.927013,0.947703,0.97782,0.970607,0.9540690000000001,1.010977,0.972479,0.966715,0.968395,0.986021,0.984057,1.004873,0.990015,0.993014
2023-09-30,0.910709,0.964995,0.955194,0.951927,0.968011,0.95631,0.944506,0.938815,0.964592,0.933581,0.885811,0.918463,0.952559,0.952331,0.94227,0.948392,0.960852,0.951239,1.006859,0.96894,0.893004,0.946981,0.918919,0.945465,0.958353,0.939566,0.969681,0.983452,0.977896,0.931636,0.895536,0.9340809999999999,0.928868,0.932291,0.933121,0.954023,0.945313,0.946838,1.020221,1.037753,0.921806,0.928754,0.954255,0.968074,0.93358,0.92431,0.927353,0.94432,0.952983,0.9580919999999999,0.926065,0.971537,0.9353629999999999,0.945561,0.935306,0.929753,0.949944,0.980058,0.9508220000000001,0.960122,0.921368,0.875272,0.947044,0.922233,0.953035,0.944962,0.956128,0.933329,0.955968,0.947955,0.949655,0.943763,0.946383,0.949334,0.934377,0.958453,0.9372860000000001,0.943464,0.971856,0.981215,1.010579,0.947744,0.943124,0.974966,0.944674,0.94423,0.933583,0.943884,0.941158,0.954756,0.960704,0.95624,0.969972,0.94041,0.963219,0.944739,0.992298,0.95149,0.959001,0.935041
2023-10-31,0.866071,0.94191,0.97776,0.972804,0.960952,0.973791,0.951586,0.968859,0.948309,0.982379,0.877982,0.907848,0.928952,0.934193,0.969804,0.94235,0.928412,0.978577,0.930253,0.921659,0.873619,0.906836,0.946978,0.923365,0.974523,0.991484,0.956725,0.978724,0.940496,0.924866,0.869808,0.937764,0.943462,0.932801,0.945384,0.943688,0.9276,0.942852,0.966435,0.937007,0.876558,0.940932,0.948277,0.952124,0.972191,0.943377,0.969669,0.945768,0.948576,0.938883,0.956342,0.931383,0.941959,0.952556,0.938598,0.963633,0.891173,0.931204,0.98059,0.921583,0.918642,0.804003,0.932976,0.940084,0.958263,0.933767,0.941917,0.950036,0.959347,0.937305,0.8720289999999999,0.933963,0.948197,0.947132,0.925625,0.945729,0.930059,0.952462,0.969101,0.943105,0.980893,0.961919,0.964005,0.969282,0.95709,0.965369,0.927914,0.95741,0.939352,0.97802,0.940013,0.969809,1.005209,0.954242,0.959863,1.008408,0.976843,0.950308,1.0193159999999999,0.987976
2023-11-30,1.057648,1.072802,1.077244,1.071215,1.04429,1.102274,1.1102940000000001,1.051073,1.006053,1.098924,1.131181,1.099177,1.074431,1.065127,1.069461,1.066059,1.071157,1.027382,1.096102,1.108171,1.1298219999999999,1.092075,1.092026,1.098568,1.076987,1.076182,1.093208,0.992298,1.076311,1.074327,1.176018,1.082187,1.0751789999999999,1.102612,1.074452,1.094762,1.113583,1.041785,1.036679,1.092207,1.193616,1.094441,1.028701,1.054727,1.114232,1.121654,1.093296,1.125734,1.091986,1.061077,1.1597279999999999,1.110963,1.099065,1.096005,1.100024,1.070784,1.116988,1.09233,1.068213,1.088851,1.104128,1.142148,1.069619,1.113935,1.114225,1.084366,1.076694,1.094522,1.070301,1.085116,1.193929,1.070393,1.104853,1.033418,1.099517,1.091222,1.116521,1.095655,1.050729,1.100195,1.125359,1.194562,1.0533,1.058006,1.076141,1.103898,1.124714,1.073975,1.087497,1.099916,1.223242,1.118934,1.1313469999999999,1.105016,1.101995,1.098702,1.064993,1.078442,1.090974,1.095596
2023-12-31,1.204971,1.094673,1.086158,1.124296,1.131835,1.132236,1.13754,1.105978,1.044414,1.106166,1.229154,1.115976,1.106474,1.125773,1.164479,1.15815,1.155761,1.118421,1.080344,1.211269,1.18839,1.097282,1.110932,1.1300379999999999,1.136102,1.103493,1.133693,1.108128,1.101842,1.095887,1.1298650000000001,1.105845,1.117201,1.127535,1.14806,1.170514,1.142336,1.109517,1.110271,1.102798,1.16932,1.111124,1.08133,1.131073,1.117684,1.1324480000000001,1.10627,1.106485,1.128562,1.081955,1.1772,1.091148,1.095963,1.115494,1.126711,1.100045,1.169552,1.0811,1.103599,1.092115,1.173102,1.07362,1.058007,1.090144,1.064025,1.073725,1.095508,1.088477,1.073452,1.066833,1.23324,1.099666,1.035542,1.08898,1.087899,1.073898,1.118905,1.072019,1.037678,1.082538,1.089471,1.049933,1.080666,1.040431,1.045053,1.07156,1.09888,1.071334,1.061739,1.057476,1.065582,1.013147,1.06526,1.067332,1.080142,1.052232,1.048763,1.024415,1.027508,1.041545
2024-01-31,1.013565,0.972081,0.982494,0.985669,0.939392,0.938431,0.949212,0.920284,0.897179,1.023973,0.99386,0.959459,0.924622,0.932889,0.932003,0.939995,0.942749,0.9595,0.922206,0.965651,0.962054,0.95161,0.944192,0.942454,0.974236,0.93003,0.971311,0.923233,0.996016,0.968913,0.974922,0.905233,0.929476,0.950384,0.939017,0.989394,0.986253,0.96666,0.995334,0.992786,0.919421,0.945279,0.950244,0.935442,0.980431,0.952491,0.999519,0.947284,0.96394,0.94883,0.943847,0.990718,0.963546,0.968837,0.959366,0.973888,0.969462,0.982005,0.97393,0.988771,0.922934,0.8673029999999999,0.982911,0.995662,1.009807,0.970643,0.994904,0.979516,0.989195,0.967719,0.901756,0.991643,0.994218,1.00493,0.994774,1.038006,0.959855,0.968855,0.994889,0.990021,0.994375,0.998446,0.973883,0.99489,0.957912,0.991903,0.968868,0.959018,1.000228,1.030009,1.036659,1.070719,1.031271,1.009011,1.008811,1.025621,1.022609,1.035666,1.03871,1.001586
2024-02-29,1.117727,1.033452,1.001658,0.994189,0.971838,0.961812,0.992062,1.020621,0.985794,1.013223,1.141457,1.156781,1.0390220000000001,1.003124,0.977539,0.971728,1.02994,1.007528,1.014382,1.078249,1.072635,1.039475,1.013566,1.038733,1.006403,1.019776,0.999301,1.012495,1.022091,1.042341,1.198124,1.030522,1.022246,1.048898,1.042896,1.053297,1.034764,1.039458,1.10008,1.044293,1.026244,1.044435,1.019828,1.017175,1.031116,1.049027,0.985106,1.032043,1.036344,1.03372,1.070907,1.030012,1.062212,1.021889,1.029644,1.038787,0.999142,1.066985,1.062439,1.042633,1.070693,0.986815,0.997803,1.045302,1.063418,1.063787,1.107124,1.082353,1.048823,1.153624,1.078119,1.015096,0.98171,1.056633,1.040651,1.092311,1.052047,1.056973,1.090125,1.052508,1.03076,1.1519059999999999,1.070609,1.04722,1.023898,1.036556,1.057847,1.080473,1.059314,1.058265,1.129402,1.074628,1.051451,1.009988,1.046798,1.087251,1.052784,1.083258,1.042318,1.028428
2024-03-31,1.020683,1.018808,1.05618,1.041938,1.017317,1.007037,1.002638,0.982905,1.002359,0.910885,0.987836,1.009649,1.0747200000000001,1.059183,1.027764,1.031083,1.051682,1.043257,1.020647,1.044116,1.014806,1.034423,1.060777,1.040186,1.055451,1.003504,1.041659,1.037983,1.0233970000000001,0.983397,0.984995,1.021346,1.029185,1.031715,1.048072,1.034303,1.052337,1.0375510000000001,1.03776,1.017119,0.981257,1.02489,1.055649,1.067559,1.030734,1.050597,1.020114,1.051168,1.026797,1.065184,0.963984,1.039157,1.028856,1.031975,1.079684,1.048887,1.079577,1.042859,1.011735,1.070749,1.017312,1.057812,1.018097,1.029979,1.034408,1.050714,1.050665,1.063976,1.075614,1.1202860000000001,1.11628,1.010146,1.035745,1.03034,1.036023,1.080582,1.058279,1.058437,1.029805,1.063708,0.9366490000000001,1.021633,1.052111,1.040692,1.051615,1.045686,1.033561,1.056376,1.037471,1.041156,0.952464,1.010466,1.039852,1.046172,1.042906,1.037003,1.048229,1.040525,1.033213,0.998521
2024-04-30,0.893634,0.948863,0.93727,0.93215,0.964908,0.930393,0.934035,0.948013,0.955553,0.942044,0.900825,0.922979,0.94373,0.927476,0.917764,0.934754,0.944778,0.93998,0.924387,0.936758,0.911498,0.937971,0.936065,0.939877,0.943899,0.937959,0.959164,0.912427,0.930837,0.927335,0.906315,0.912693,0.931701,0.934283,0.951556,0.960659,0.95505,0.922648,0.955012,0.941546,0.918919,0.913755,0.976119,0.954044,0.958357,0.928647,0.928575,0.893579,0.915802,0.946918,0.911897,0.918445,0.943257,0.928378,0.944852,0.955986,0.91263,0.952991,0.978028,0.9318569999999999,0.9050549999999999,0.877255,0.930837,0.96131,0.954129,0.945535,0.945192,0.963744,0.926497,0.897217,0.920506,0.951665,0.968081,0.911913,0.927926,0.956635,0.934028,0.942851,0.953732,0.914391,0.928146,0.966968,0.962445,0.95405,0.978019,0.952421,0.950745,0.960295,0.922139,0.928967,0.898331,0.929856,0.954292,0.970844,0.976631,0.961604,0.989151,0.971329,0.945631,0.974627
2024-05-31,0.984772,1.083745,1.050337,1.047843,1.055326,1.0711330000000001,1.069037,1.029716,1.036069,1.016674,1.067776,1.070259,1.018934,1.082276,1.039148,1.034686,1.052091,1.04644,1.054064,1.050448,1.05134,1.022602,1.106475,1.078899,1.038924,1.071837,1.015288,1.081808,0.970452,1.02264,0.983112,1.044917,1.077907,1.042768,1.052098,1.056886,0.998777,1.008537,1.078378,1.052198,1.031186,1.086112,1.053446,1.033465,1.054247,1.050385,1.065016,1.087286,1.047141,1.069188,1.045506,0.994437,1.072819,1.041842,1.034848,1.043615,1.043967,1.059861,1.040853,1.001218,1.044042,1.107219,1.022479,1.079072,1.036909,1.045024,1.037445,1.049349,1.011508,1.053634,1.018526,1.019082,1.006489,1.026579,1.02217,1.001661,1.0179,1.040183,1.030221,1.056027,0.910475,0.999337,1.046519,1.020287,1.025781,1.059516,1.01362,0.98701,1.01431,1.007058,0.984591,1.007505,1.018765,1.060385,1.031741,1.02267,1.052903,1.105679,1.039198,1.071024
2024-06-30,0.910229,0.928689,0.968633,0.991805,1.002197,1.029998,0.982222,0.951508,0.964476,0.953668,0.980091,0.986374,1.012807,0.990215,1.002755,0.984862,0.988918,0.975311,0.926413,0.953955,0.997174,0.945847,0.978251,0.968782,0.99928,1.014615,0.959573,0.945051,0.960557,0.942633,0.985985,0.989677,1.013286,0.998457,0.985816,0.99536,0.989331,0.950923,0.93615,0.9391,1.034244,0.983345,0.972191,1.002343,0.98667,0.983797,0.97656,0.945528,0.988963,0.9681,1.06387,1.010735,0.995526,0.981138,0.98913,0.97518,0.97659,0.977325,0.995036,0.997045,1.068227,0.920612,0.973129,0.985925,1.019488,0.967778,0.968812,0.985302,0.966209,0.96435,1.008043,1.01307,0.972621,0.966923,1.003928,0.977086,0.981134,0.978627,0.993375,0.963983,1.084571,1.037716,0.971724,0.967729,0.995144,0.990162,0.979766,0.984286,0.973293,0.992606,1.06016,1.006675,0.993774,0.996666,1.009087,1.044116,1.044664,1.066562,1.034707,1.073795
2024-07-31,1.097422,1.084929,1.141478,1.126619,1.160513,1.149135,1.122446,1.109226,1.100554,1.073711,1.14844,1.124523,1.152504,1.131144,1.163216,1.171395,1.1493389999999999,1.118173,1.18133,1.102485,1.095495,1.102426,1.101726,1.108445,1.133133,1.141729,1.077053,1.1314359999999999,1.078855,1.238837,1.099529,1.094493,1.093892,1.09144,1.1134789999999999,1.120356,1.114428,1.147796,1.08492,1.124135,1.07826,1.065493,1.072492,1.092017,1.080683,1.121186,1.118963,1.104877,1.083199,1.061848,1.055448,1.041305,1.064921,1.117898,1.090638,1.108278,1.084301,1.070188,1.079035,1.09283,1.033344,1.047224,1.080216,1.048747,1.063893,1.069199,1.068713,1.087876,1.063899,1.058432,1.013531,1.059347,1.046058,1.075332,1.072334,1.072393,1.058761,1.048158,1.061976,1.025731,0.959041,0.987304,1.029385,1.050148,1.085986,1.043825,1.090393,0.981685,1.063828,1.018472,0.6053390000000001,0.955743,1.053785,1.057392,1.081304,1.059065,0.971992,0.982417,0.975256,1.029027
2024-08-31,0.950715,0.995806,0.997049,0.96544,0.990209,0.980168,1.019115,0.966803,0.923182,0.896946,0.966352,0.979843,1.005492,0.979369,0.973439,0.951021,1.001677,0.912111,0.95356,0.990371,0.965487,0.973825,0.974625,0.973051,0.982173,0.933096,0.962567,0.910732,0.9317489999999999,1.052365,1.012567,0.993531,0.988899,0.980492,0.974864,0.995111,0.98812,0.995496,1.010156,1.00068,1.018619,0.982404,0.997468,1.002519,0.991844,0.979449,0.95227,0.991404,1.009297,0.968372,1.011973,1.036593,0.973577,0.998662,1.013612,0.995976,0.955852,0.991895,0.968451,0.935876,1.014007,1.025274,0.998648,1.005022,1.004545,1.030273,1.003829,0.997981,0.974275,1.05972,0.979289,1.044901,1.036479,1.006444,1.014655,1.021559,1.028367,1.02208,1.000077,1.021768,0.900623,1.00381,1.060045,1.030745,1.017146,1.007529,1.041358,0.995967,0.998901,1.011099,1.195379,0.962362,1.020509,1.030844,0.994019,1.041375,1.010737,1.02948,1.01898,1.045615
2024-09-30,1.001586,0.993956,0.99717,1.010249,1.001804,1.033497,1.001926,1.01085,1.099379,0.986601,0.97495,0.999667,0.993433,0.988351,0.992491,1.010683,1.013117,1.021886,0.977884,1.0158,1.007235,0.98575,1.008934,1.010856,0.970047,0.994004,1.026885,0.990591,0.959137,1.080776,0.998869,1.016499,1.009205,0.991367,1.013314,1.00309,1.010046,0.972756,1.044233,0.9725,1.017783,1.01869,1.016891,1.029007,1.032063,0.991299,1.009944,1.042326,1.035734,1.024473,1.089134,0.998252,1.00872,1.013101,0.994011,0.978828,1.012947,1.014609,1.023993,1.035882,1.059649,1.070745,1.00039,1.022493,1.000939,1.01018,1.007628,1.034424,1.021061,0.965497,1.013689,1.017935,1.019967,1.018566,1.008905,1.034582,1.001691,1.043311,1.024737,1.034021,0.968098,1.034682,1.012284,1.028869,1.013656,1.027832,1.014767,1.010011,1.010439,1.053678,1.011505,1.073395,1.020395,1.013202,1.081779,0.990539,1.012696,1.032721,1.011617,1.021578
2024-10-31,1.01476,0.993955,0.98026,0.992847,1.004822,0.999837,1.00586,1.001857,0.971912,1.013798,1.02373,0.976262,1.018681,1.019527,0.989945,0.990454,0.964454,1.007076,0.97365,1.117176,1.047814,0.989187,0.986047,0.996147,0.994321,0.985882,0.969816,0.950744,0.934542,0.990751,0.978472,0.969137,0.975785,0.979101,1.025665,0.971016,0.980331,0.9516,0.966434,0.990453,0.977225,0.996414,0.971064,1.007155,0.961975,1.007561,0.997055,0.97462,0.981002,1.004913,0.978368,0.990787,1.020171,0.995311,0.961361,0.97425,0.957303,0.998541,0.981066,0.976891,1.031432,1.034331,1.037547,0.972707,0.970428,1.005363,1.005856,0.986532,0.997423,0.924138,0.974703,1.003631,1.006375,0.973086,0.985667,0.972299,0.993561,0.991624,1.001855,0.9578409999999999,1.043597,1.072354,0.99566,0.99302,0.97929,1.009793,0.972587,0.950538,0.996017,1.020191,1.058473,0.982041,0.975514,0.993759,0.982037,1.004789,1.040714,1.011029,0.959525,0.97123
2024-11-30,1.112937,1.0999970000000001,1.11744,1.089734,1.084551,1.107284,1.151001,1.131759,1.047799,1.103072,1.042576,1.11789,1.102189,1.099815,1.131585,1.118385,1.2015500000000001,1.131566,1.114135,1.046247,1.147184,1.073957,1.06842,1.122784,1.147342,1.12738,1.110399,1.118678,1.114559,1.150469,1.128566,1.1130659999999999,1.047206,1.117173,1.142854,1.188001,1.117602,1.139321,1.089891,1.108555,1.1572040000000001,1.071183,1.095285,1.1424159999999999,1.116442,1.1570719999999999,1.114452,1.1454710000000001,1.141182,1.083726,1.113921,1.133258,1.126099,1.129582,1.069075,1.091736,1.108513,1.090666,1.089782,1.061485,1.137149,1.080652,1.079849,1.07946,1.062388,1.086754,1.06697,1.084204,1.095484,1.078617,1.217119,1.115774,1.056989,1.047957,1.060342,1.0902,1.065725,1.091288,1.087039,1.09273,1.171246,1.242113,1.059936,1.04936,1.04823,1.063215,1.0674649999999999,1.070067,1.073774,1.136698,1.165392,1.109332,1.073023,1.061463,1.173932,1.071551,1.078026,1.043386,1.04392,1.027986
2024-12-31,0.971728,0.977017,0.9360040000000001,0.96132,0.941357,0.947932,1.010834,0.966466,0.968737,0.9077770000000001,0.92367,0.953729,0.913178,0.937,0.89783,0.932795,0.91145,0.946253,0.898514,0.911823,0.944402,0.931305,0.926997,0.910152,0.923377,0.933373,0.922983,0.9203129999999999,0.924991,0.853972,0.897546,0.914061,0.947533,0.929426,0.909826,0.920957,0.93404,0.909122,0.987079,0.941178,0.8981399999999999,0.9124,0.943105,0.930245,0.904985,0.904407,0.952213,0.893711,0.926863,0.910398,0.886328,0.895271,0.923853,0.911035,0.920111,0.906444,0.937002,0.935147,0.917722,0.95143,0.915424,0.956834,0.915122,0.947762,0.920297,0.918984,0.9206989999999999,0.915004,0.924016,0.943157,0.8797,0.959939,0.930747,0.967965,0.950135,0.923085,0.93384,0.909682,0.884142,0.986381,0.945218,0.907024,0.932913,0.917671,0.917644,0.940587,0.918212,0.931227,0.907153,0.93909,0.988987,0.967553,0.952027,0.961137,1.034298,0.918723,0.979909,1.003337,0.96639,1.024053
2025-01-31,0.976577,1.023155,1.019834,1.023138,0.999753,1.027098,1.000288,0.984667,0.967272,1.007644,0.998897,0.99574,1.009464,1.025073,1.002438,1.022268,1.059163,1.016923,1.019745,0.997966,1.003907,1.004932,0.988413,1.030688,1.013334,0.993619,1.025056,1.000025,1.061802,0.992629,1.05018,1.046463,1.03138,1.010653,1.045724,1.034645,1.02337,1.028459,1.032124,1.039461,1.039018,1.035931,1.038484,1.041704,1.038254,1.039878,1.012435,1.028988,0.945729,1.021981,1.079021,1.038626,1.055157,1.030411,1.036241,1.053721,1.046606,1.044427,1.028256,1.045511,1.107216,1.089226,1.067753,1.05725,1.045357,1.068616,1.025397,1.039231,1.054679,1.063518,1.115098,1.084863,1.059995,1.003168,1.018221,1.04675,1.040621,1.022891,1.043282,1.022639,1.175496,1.089183,1.039847,1.036772,1.041348,1.020403,1.034422,1.026331,1.026556,1.05717,1.163403,1.039134,1.052783,1.06075,1.040908,1.062823,1.001686,1.083796,1.016,0.996072
2025-02-28,0.903617,0.927225,0.946838,0.986677,0.98569,0.969985,0.969496,0.929942,0.933426,0.9416,0.920091,0.9631730000000001,0.99191,0.983188,1.029011,0.949264,0.973279,0.955306,0.940129,1.013115,0.929293,0.916447,0.958914,0.957668,0.967694,0.946468,0.973691,0.909981,0.901351,0.909375,0.892516,0.928239,0.948748,0.967627,0.934084,0.901903,0.954263,0.914343,0.914945,0.907102,0.930879,0.959124,0.956737,0.947717,0.959487,0.969221,0.959748,0.925451,1.003989,0.880652,0.944323,0.972864,0.965988,0.96402,0.965611,0.96791,0.928957,0.975319,0.974078,0.946593,0.947919,0.912288,0.928914,0.927999,0.927984,0.963802,0.953319,0.956312,0.98515,0.99774,0.956183,0.948037,0.975555,0.992298,0.956683,0.974051,0.968001,0.943914,0.976643,0.957699,0.952924,0.905416,0.925379,0.98171,0.994163,0.988758,0.977062,0.971089,0.99197,0.960838,0.978873,0.959815,0.98129,0.986662,0.8662920000000001,1.052028,0.990091,0.942836,0.994865,1.014815
2025-03-31,0.863118,0.924315,0.936382,0.905228,0.9458260000000001,0.933864,0.880268,0.969567,0.957213,0.8987350000000001,0.880115,0.93232,0.9301010000000001,0.933782,0.929304,0.91894,0.914885,0.878654,0.9039889999999999,0.901966,0.889155,0.882211,0.940772,0.954085,0.938117,0.905296,0.940509,0.965275,0.90832,0.912624,0.871924,0.929258,0.933055,0.973131,0.932879,0.937399,0.94165,0.964728,0.96888,0.937685,0.881823,0.959086,0.933433,0.939215,1.07224,0.9321969999999999,0.960935,0.929279,0.974051,0.953831,0.880076,0.942119,0.919734,0.949244,0.951259,0.968263,0.908533,0.939479,0.930613,0.913443,0.833006,0.917324,0.957147,0.94128,0.96899,0.946215,0.941807,0.956202,0.95979,0.951676,0.859385,0.922648,0.980938,0.975712,0.961682,0.9637830000000001,0.961935,0.961592,0.948881,0.941482,0.84279,0.924716,0.970111,0.996478,0.967743,0.96717,0.976671,0.916525,0.977725,0.940795,0.90484,0.942427,0.938994,0.915698,0.924411,1.00148,0.921198,0.921818,0.961543,0.925262
2025-04-30,1.039064,0.990079,0.966308,0.983816,1.004044,0.993427,0.991505,0.962952,0.962973,0.917023,1.01392,0.95841,0.981101,0.992822,0.953488,0.975635,1.03161,0.988411,0.92418,0.9560690000000001,0.996051,0.970735,0.9610339999999999,0.984209,0.97423,0.96275,0.97202,0.895435,0.946366,0.999554,1.024687,0.967305,0.94656,0.956658,0.954825,0.997755,0.974095,0.899467,0.981183,0.984751,0.992013,0.971055,0.959268,0.981004,0.903101,0.968544,0.941471,0.98654,0.906191,0.930934,1.053334,0.998174,0.970293,0.993967,0.948098,0.950386,0.971054,0.991678,0.942687,0.977111,1.035805,1.030913,0.963327,0.996159,1.006475,0.988758,0.97524,0.978427,0.991818,0.997655,1.050697,0.971982,0.978235,0.926642,0.950072,0.955181,0.960842,0.98738,0.961983,0.969561,1.087332,1.06992,0.98714,0.987353,0.958759,1.001659,0.988489,0.967562,0.951306,1.002721,1.216376,1.04046,0.987839,1.009328,1.011155,0.98896,0.988967,0.992946,0.996598,0.997337
2025-05-31,1.100046,1.087852,1.023575,1.077795,1.033732,1.043359,1.138306,1.078764,1.215875,1.086181,1.025779,0.999288,1.024224,1.037342,1.023877,1.0710790000000001,1.14751,1.038224,1.056824,1.160006,1.086218,1.062985,1.072189,1.054774,1.088649,1.037367,1.049877,1.103782,1.142705,1.085325,1.013087,1.000919,1.07228,1.037681,1.038164,1.088744,1.088867,1.012824,1.0799509999999999,1.097536,0.986608,1.02624,1.031984,1.0731519999999999,1.02062,1.079149,1.071934,1.096651,1.033912,1.053458,1.025982,1.060514,1.063455,1.053284,1.040677,1.031185,1.078364,1.103275,1.050368,0.994603,1.059504,1.096657,1.078117,1.064919,1.042927,1.073224,1.045125,1.076503,1.046157,0.980698,1.035689,1.087501,0.995866,1.051996,1.041485,1.070994,1.066652,1.085804,1.047689,1.034067,1.199005,1.058978,1.075286,1.050943,1.044097,1.045321,1.035347,1.045277,1.052396,1.090521,1.099098,1.0770089999999999,1.056607,1.073783,1.133169,0.976227,1.125927,1.060493,1.08794,1.012006
2025-06-30,1.08779,1.037658,1.054263,1.062218,1.059328,1.037566,1.031814,0.999644,0.967044,1.06619,1.080843,1.044902,1.037275,1.024144,1.06724,1.066029,1.178819,1.057401,1.039395,1.132277,1.093939,1.064666,1.043426,1.050487,1.03049,1.027622,1.027084,1.069256,1.051608,1.047439,1.144741,1.107572,1.053818,1.012295,1.000539,1.045908,1.049471,1.048998,1.015416,1.039179,1.044659,1.067639,1.02962,1.055473,0.989539,1.022251,1.024387,1.066486,1.055715,1.005428,1.023446,1.05453,1.081883,1.066777,1.015087,1.031542,1.051299,1.016916,1.03343,1.037693,1.059053,1.006428,1.059354,1.044677,1.054184,1.047164,1.039551,1.021806,1.018029,0.985853,1.046794,1.107878,1.025027,1.057194,1.018747,1.03935,1.04328,1.049777,1.01669,1.031369,1.1297030000000001,1.1207,1.028081,1.017944,1.033376,1.0137369999999999,1.034113,1.051502,1.03129,1.010486,1.080489,1.116903,1.068223,1.056986,0.990859,1.009327,1.104724,1.048334,1.047933,1.049091
2025-07-31,1.051125,0.997181,0.988821,1.016015,0.9639,0.991837,0.99977,0.975213,0.93291,1.031278,1.085828,1.004967,0.977365,0.997479,1.00021,1.004808,0.984196,0.96864,1.002832,0.926642,1.020547,1.022467,1.0213969999999999,1.050421,0.987017,1.030561,1.071532,1.005268,1.025362,1.05634,1.027258,1.001589,1.008544,1.013475,1.017394,0.99277,1.034313,1.013744,1.001148,0.983764,1.029557,0.995226,1.023696,0.997555,1.004696,1.015357,1.003488,1.04602,1.007471,0.999557,1.06923,0.972774,0.993934,1.005181,1.002331,0.9956,1.011314,1.038463,1.044782,1.041367,1.025453,1.045108,0.993887,1.006313,0.972377,1.017187,1.029892,1.018444,1.077693,0.983254,1.076079,1.002229,0.97988,1.01635,0.969775,1.01371,1.025695,1.02238,1.006431,1.035273,1.014463,1.005435,0.991006,1.037873,1.013447,1.04007,1.022389,1.026732,1.049053,1.007158,1.076458,1.066479,0.998133,0.989803,0.982092,1.017789,0.996627,1.035927,1.019124,1.041222
2025-08-31,1.078916,1.075805,1.132244,1.101659,1.061443,1.131633,1.037824,1.1400489999999999,1.068788,1.179095,1.122012,1.115729,1.060522,1.089911,1.075796,1.093855,1.118708,1.091285,1.047385,1.049692,1.052059,1.093493,1.07196,1.090237,1.125653,1.07612,1.105983,1.11024,1.055716,1.141612,1.096293,1.132514,1.111951,1.070631,1.078504,1.097189,1.077042,1.08329,1.017205,1.035715,1.080799,1.011792,1.063576,1.052048,1.057274,1.086923,1.056154,1.026717,1.017374,1.101436,1.068324,1.043142,1.074589,1.071751,1.066205,1.055718,1.048641,1.04329,1.032971,1.065202,1.066138,1.040014,1.050461,0.991349,1.058821,1.041678,1.017512,1.037255,1.045097,1.013435,1.076776,0.988366,1.0007,1.044281,1.058608,1.018835,0.999006,1.042898,1.036595,1.033801,1.010746,1.011978,1.01966,0.976664,1.026773,1.023172,1.03822,1.03428,1.024216,1.003996,0.937853,0.985781,1.012029,1.044402,1.037753,1.017031,1.012883,1.029675,0.985114,1.029328
2025-09-30,1.107208,1.010405,0.970112,0.998254,0.96913,0.998687,0.967529,1.017998,1.049978,0.914446,1.052052,1.043344,0.98964,0.998377,0.990905,1.005038,0.99435,1.023189,0.963182,0.995072,1.074841,0.975178,1.013723,0.96719,0.974325,0.991741,0.986518,0.968465,0.983288,0.984845,1.061154,1.027195,0.988081,1.0027,0.952709,0.976336,0.989012,1.017544,1.004804,0.97445,1.054234,1.023371,1.011014,0.995703,1.007552,0.979939,1.012458,0.994382,0.937061,0.996825,1.100393,1.037223,1.011023,0.985201,0.981799,1.037638,0.925978,0.979449,0.975385,1.002985,1.066874,1.131869,0.967133,1.019164,1.010646,0.969408,1.005051,0.982781,1.00892,0.970028,1.017606,1.015216,1.001981,1.006154,0.994433,1.035669,1.001394,0.985715,0.979313,0.98958,0.998601,1.022217,1.004464,1.03082,1.019551,1.038763,0.983158,1.02214,0.980124,0.99174,1.009795,1.094869,0.999899,1.125572,1.003945,1.008193,1.024597,1.051885,1.011873,1.068645
2025-10-31,1.061452,1.001024,0.965402,0.987673,0.972376,0.972177,0.922173,0.966478,0.963603,0.909748,1.076814,0.956006,0.986586,0.982318,0.968278,0.975436,0.937223,0.985914,0.907956,1.03174,1.093643,1.06228,0.996457,0.980712,0.959889,0.994963,1.000569,0.931344,0.935246,0.977393,1.113496,1.013377,1.017582,0.954602,0.972394,0.979413,0.981492,0.990887,0.977786,0.908392,1.086062,1.033129,1.007276,0.968397,0.958104,0.950177,0.970956,0.975045,0.939107,0.983341,1.102013,1.020323,0.961255,0.971331,0.982462,0.975374,0.926113,0.976142,0.95226,0.996606,1.034307,1.046324,0.969794,0.951451,0.981716,0.990857,0.983298,0.945489,1.018228,0.978281,1.084022,1.033433,0.979771,0.986879,0.978268,1.022522,1.040806,0.998393,0.976695,0.983842,1.04966,0.99512,0.968702,1.011422,0.981697,1.001494,1.002866,0.984717,0.963329,0.9897,0.997082,1.148645,1.02483,1.038349,0.976144,1.014471,0.966713,1.072871,0.978561,1.043356
2025-11-30,1.002678,0.94894,1.055456,1.010936,1.047828,1.065586,1.014896,0.981793,1.029636,1.194902,1.083911,1.013552,0.982505,1.007543,1.06223,1.011054,1.060933,0.975748,0.988114,0.944947,1.076007,1.025399,0.998554,1.03802,1.043948,1.017635,1.043823,0.975242,1.013733,0.987516,0.993494,1.049463,0.993428,1.04073,1.014055,1.039403,1.026881,1.011919,1.031849,1.039421,0.963699,1.05221,1.0788470000000001,1.042359,1.051502,0.984262,1.04834,1.014406,1.038173,0.969411,0.988111,1.012465,1.060403,1.062071,1.044132,1.034511,1.025694,1.018655,1.007043,1.021293,1.134906,0.994124,1.052641,1.017864,1.020373,1.016408,1.018615,1.029015,1.026062,1.057147,0.961997,1.005796,1.017134,1.006181,1.030823,1.033146,1.037528,0.991266,1.021004,1.003231,0.933083,0.997389,1.030143,1.018014,1.008095,0.994722,1.050612,1.070687,1.036044,0.990833,0.8070820000000001,0.905822,0.964995,0.987088,1.037847,0.991637,1.004058,1.047256,0.990581,0.971692
2025-12-31,0.994051,1.004777,1.019616,1.040122,1.042361,1.040439,1.062042,1.051481,1.03559,0.930129,0.994812,0.994135,1.034793,0.9991,1.013303,1.031838,1.033643,0.990695,0.996221,1.025131,1.015906,1.01911,1.00009,0.994932,1.038473,1.033056,1.008673,1.048136,0.981074,1.058458,0.980515,0.989613,1.011691,1.00994,1.040933,1.030562,1.003289,1.045279,0.999811,0.994783,0.987451,0.98737,0.982888,0.984246,0.964719,1.003401,1.008307,1.025536,1.032291,1.019551,0.986187,0.965346,1.012486,1.005662,0.990724,1.012273,0.998726,0.972562,0.977118,0.984024,1.032877,0.937524,1.030451,0.981264,0.976549,0.991203,1.020103,1.032213,0.971779,0.963526,1.075296,1.053684,0.989048,1.0109,0.98631,0.996588,0.988561,1.001388,1.01685,1.010118,0.933501,0.969662,0.993424,1.008694,0.98658,1.000967,0.96797,1.02655,1.03804,0.9814890000000001,0.89293,1.007009,1.072716,1.036029,0.977773,1.031182,1.020064,0.976657,0.989722,1.010258
2026-01-31,1.048332,1.074877,1.041667,1.059098,1.025318,1.036401,1.046997,0.988657,1.087603,1.020782,1.013719,1.070163,1.068603,1.084839,1.032,1.067748,1.051651,1.053789,1.125629,0.99942,1.001227,1.094067,1.135056,1.061657,1.083516,1.084651,1.032687,1.040769,1.066573,1.082536,1.02215,1.122725,1.081212,1.063692,1.04518,1.099942,1.046003,1.077926,1.059431,1.023422,1.002914,1.025562,1.067674,1.074817,1.00055,1.05277,1.080468,1.042414,1.063638,1.015877,1.084494,1.040897,1.085896,1.04423,1.059404,1.112914,1.012549,1.093515,1.016483,1.045996,1.022526,1.109071,1.062385,1.051039,1.016598,1.049288,1.026321,1.036029,1.077131,1.027196,0.990171,1.020204,1.010586,1.02526,1.068572,1.042808,1.041512,1.04527,1.061945,1.003619,0.875777,0.963032,1.058326,1.00892,1.01018,1.047023,1.047553,1.047953,1.054894,1.008611,0.887865,0.994233,0.926304,1.025885,0.967456,1.048638,1.054353,1.032794,0.992773,0.994472
2026-02-28,1.033581,0.974208,1.007339,0.996105,1.03521,1.006654,1.051204,1.031277,1.083969,1.038437,1.014145,1.052176,0.964748,1.005134,1.008253,0.981739,0.967342,1.02129,1.033269,0.872905,1.055378,1.001567,1.009197,0.990958,1.003264,0.998075,0.981,1.013785,0.976332,1.026191,0.953807,1.088427,1.004689,0.990393,0.986098,1.037756,0.965526,1.076386,1.020521,1.058805,0.977826,0.990962,0.998885,1.007696,1.038639,1.005391,1.031289,1.001775,1.027784,0.990521,1.094029,1.058052,1.002242,1.027958,1.044109,1.053659,1.038518,1.041048,1.006595,1.044239,0.989657,0.951984,1.071669,0.997064,0.954165,1.058582,1.030791,1.057626,0.96653,1.077813,0.938905,1.043878,1.020168,1.020611,1.070876,1.052664,1.089442,1.068465,1.034613,1.019778,0.8432109999999999,0.990876,1.059216,1.03507,1.047008,1.06173,1.049847,1.008265,1.029359,1.082372,0.934168,0.929102,0.93464,0.964668,1.000884,0.993425,1.01986,0.962099,0.988108,0.993773
2026-03-31,0.976097,0.95048,0.949941,1.003255,0.983887,0.940186,0.916496,0.936052,1.00998,0.927705,1.004941,0.954236,0.972113,0.981969,0.980274,0.999061,0.9715,0.992666,0.991992,0.95601,0.985778,0.937757,0.951702,0.998692,0.97235,0.966648,1.001043,0.968121,0.939817,0.848361,0.984138,0.976251,0.953975,0.9859020000000001,0.971953,1.005368,0.955529,0.997605,0.946117,0.971696,0.949988,0.899155,0.975298,0.956472,0.975836,0.933866,0.974987,0.947455,0.993833,0.87325,0.935988,0.942109,0.978168,0.947393,0.932221,0.920899,0.915816,0.880952,0.927729,0.98887,0.996724,0.960397,0.917886,0.976995,0.918636,0.930531,0.929585,1.000435,0.942278,0.961374,0.965216,1.00276,0.938924,0.927539,0.960244,0.98523,0.917343,0.9163,0.940898,0.923645,0.974601,0.976511,0.984641,0.946984,0.982009,0.935778,0.9637560000000001,0.911542,0.966434,0.952615,0.977968,1.000629,0.954932,0.9261699999999999,0.9516249999999999,1.039229,0.9238109999999999,0.952419,0.936261,0.95039
